population,county_name,state_fips,county_fips
58805,"Autauga County, Alabama",01,001
231767,"Baldwin County, Alabama",01,003
25223,"Barbour County, Alabama",01,005
22293,"Bibb County, Alabama",01,007
59134,"Blount County, Alabama",01,009
10357,"Bullock County, Alabama",01,011
19051,"Butler County, Alabama",01,013
116441,"Calhoun County, Alabama",01,015
13080,"Lewis County, Kentucky",21,135
24275,"Lincoln County, Kentucky",21,137
8888,"Livingston County, Kentucky",21,139
27432,"Logan County, Kentucky",21,141
8680,"Lyon County, Kentucky",21,143
67875,"McCracken County, Kentucky",21,145
16888,"McCreary County, Kentucky",21,147
92701,"Madison County, Kentucky",21,151
19581,"Marion County, Kentucky",21,155
31659,"Marshall County, Kentucky",21,157
17120,"Mason County, Kentucky",21,161
30003,"Meade County, Kentucky",21,163
22641,"Mercer County, Kentucky",21,167
10286,"Metcalfe County, Kentucky",21,169
28114,"Montgomery County, Kentucky",21,173
13726,"Morgan County, Kentucky",21,175
46738,"Nelson County, Kentucky",21,179
7537,"Nicholas County, Kentucky",21,181
67607,"Oldham County, Kentucky",21,185
11278,"Owen County, Kentucky",21,187
14644,"Pendleton County, Kentucky",21,191
58669,"Pike County, Kentucky",21,195
13129,"Powell County, Kentucky",21,197
2193,"Robertson County, Kentucky",21,201
16037,"Rockcastle County, Kentucky",21,203
17991,"Russell County, Kentucky",21,207
57155,"Scott County, Kentucky",21,209
19594,"Simpson County, Kentucky",21,213
19490,"Spencer County, Kentucky",21,215
12243,"Todd County, Kentucky",21,219
8474,"Trimble County, Kentucky",21,223
13668,"Union County, Kentucky",21,225
12027,"Washington County, Kentucky",21,229
19555,"Wayne County, Kentucky",21,231
36712,"Whitley County, Kentucky",21,235
6562,"Wolfe County, Kentucky",21,237
111139,"Androscoggin County, Maine",23,001
67105,"Aroostook County, Maine",23,003
29456,"Franklin County, Maine",23,007
55478,"Hancock County, Maine",23,009
40607,"Knox County, Maine",23,013
35237,"Lincoln County, Maine",23,015
152199,"Penobscot County, Maine",23,019
16800,"Piscataquis County, Maine",23,021
50477,"Somerset County, Maine",23,025
31095,"Washington County, Maine",23,029
211972,"York County, Maine",23,031
363887,"Anoka County, Minnesota",27,003
35183,"Becker County, Minnesota",27,005
46228,"Beltrami County, Minnesota",27,007
41379,"Benton County, Minnesota",27,009
5166,"Big Stone County, Minnesota",27,011
69112,"Blue Earth County, Minnesota",27,013
25912,"Brown County, Minnesota",27,015
36207,"Carlton County, Minnesota",27,017
106922,"Carver County, Minnesota",27,019
30066,"Cass County, Minnesota",27,021
12598,"Chippewa County, Minnesota",27,023
56621,"Chisago County, Minnesota",27,025
12758,"Meigs County, Tennessee",47,121
220069,"Montgomery County, Tennessee",47,125
6461,"Moore County, Tennessee",47,127
30787,"Obion County, Tennessee",47,131
22511,"Overton County, Tennessee",47,133
5001,"Pickett County, Tennessee",47,137
17544,"Polk County, Tennessee",47,139
32870,"Rhea County, Tennessee",47,143
53404,"Roane County, Tennessee",47,145
341486,"Rutherford County, Tennessee",47,149
21850,"Scott County, Tennessee",47,151
15826,"Sequatchie County, Tennessee",47,153
929744,"Shelby County, Tennessee",47,157
19904,"Smith County, Tennessee",47,159
158163,"Sullivan County, Tennessee",47,163
196281,"Sumner County, Tennessee",47,165
11615,"Trousdale County, Tennessee",47,169
17928,"Unicoi County, Tennessee",47,171
6168,"Van Buren County, Tennessee",47,175
40953,"Warren County, Tennessee",47,177
16232,"Wayne County, Tennessee",47,181
32902,"Weakley County, Tennessee",47,183
247726,"Williamson County, Tennessee",47,187
147737,"Wilson County, Tennessee",47,189
57666,"Box Elder County, Utah",49,003
133154,"Cache County, Utah",49,005
935,"Daggett County, Utah",49,009
362679,"Davis County, Utah",49,011
9825,"Emery County, Utah",49,015
5083,"Garfield County, Utah",49,017
9669,"Grand County, Utah",49,019
57289,"Iron County, Utah",49,021
11786,"Juab County, Utah",49,023
7667,"Kane County, Utah",49,025
12975,"Millard County, Utah",49,027
12295,"Morgan County, Utah",49,029
1438,"Piute County, Utah",49,031
2510,"Rich County, Utah",49,033
1185238,"Salt Lake County, Utah",49,035
14518,"San Juan County, Utah",49,037
28437,"Sanpete County, Utah",49,039
21522,"Sevier County, Utah",49,041
42357,"Summit County, Utah",49,043
72698,"Tooele County, Utah",49,045
35620,"Uintah County, Utah",49,047
659399,"Utah County, Utah",49,049
34788,"Wasatch County, Utah",49,051
180279,"Washington County, Utah",49,053
2486,"Wayne County, Utah",49,055
262223,"Weber County, Utah",49,057
37347,"Bennington County, Vermont",50,003
30233,"Caledonia County, Vermont",50,005
5920,"Essex County, Vermont",50,009
49946,"Franklin County, Vermont",50,011
25945,"Lamoille County, Vermont",50,015
29277,"Orange County, Vermont",50,017
60572,"Rutland County, Vermont",50,021
59807,"Washington County, Vermont",50,023
57753,"Windsor County, Vermont",50,027
33413,"Accomack County, Virginia",51,001
11253,"Watonwan County, Minnesota",27,165
107824,"Cass County, Missouri",29,037
88842,"Christian County, Missouri",29,043
21184,"Clinton County, Missouri",29,049
23056,"Crawford County, Missouri",29,055
8430,"Daviess County, Missouri",29,061
11578,"Douglas County, Missouri",29,067
14794,"Gasconade County, Missouri",29,073
9808,"Grundy County, Missouri",29,079
8279,"Hickory County, Missouri",29,085
39750,"Howell County, Missouri",29,091
122761,"Jasper County, Missouri",29,097
54013,"Johnson County, Missouri",29,101
32984,"Lafayette County, Missouri",29,107
59574,"Lincoln County, Missouri",29,113
23303,"McDonald County, Missouri",29,119
8432,"Maries County, Missouri",29,125
24722,"Miller County, Missouri",29,131
8666,"Monroe County, Missouri",29,137
16434,"New Madrid County, Missouri",29,143
8635,"Oregon County, Missouri",29,149
15661,"Pemiscot County, Missouri",29,155
7031,"Shannon County, Missouri",29,203
31076,"Stone County, Missouri",29,209
24487,"Texas County, Missouri",29,215
23514,"Washington County, Missouri",29,221
1973,"Worth County, Missouri",29,227
301578,"St. Louis city, Missouri",29,510
175216,"Bay County, Florida",12,005
1944375,"Broward County, Florida",12,011
153843,"Citrus County, Florida",12,017
69698,"Columbia County, Florida",12,023
995567,"Duval County, Florida",12,031
12451,"Franklin County, Florida",12,037
12126,"Glades County, Florida",12,043
25327,"Hardee County, Florida",12,049
101235,"Highlands County, Florida",12,055
159788,"Indian River County, Florida",12,061
8226,"Lafayette County, Florida",12,067
292198,"Leon County, Florida",12,073
7974,"Liberty County, Florida",12,077
375908,"Marion County, Florida",12,083
82874,"Monroe County, Florida",12,087
39644,"Okeechobee County, Florida",12,093
434,"Arthur County, Nebraska",31,005
5379,"Boone County, Nebraska",31,011
2903,"Brown County, Nebraska",31,017
8369,"Butler County, Nebraska",31,023
14065,"Wadena County, Minnesota",27,159
3893,"Chase County, Nebraska",31,029
6104,"Clay County, Nebraska",31,035
9013,"Cuming County, Nebraska",31,039
8199,"Dawes County, Nebraska",31,045
5606,"Dixon County, Nebraska",31,051
1654,"Dundy County, Nebraska",31,057
2519,"Frontier County, Nebraska",31,063
1874,"Garden County, Nebraska",31,069
611,"Grant County, Nebraska",31,075
9429,"Hamilton County, Nebraska",31,081
24971,"Cherokee County, Alabama",01,019
45014,"Chilton County, Alabama",01,021
12665,"Choctaw County, Alabama",01,023
23087,"Clarke County, Alabama",01,025
14236,"Clay County, Alabama",01,027
15056,"Cleburne County, Alabama",01,029
53465,"Coffee County, Alabama",01,031
57227,"Colbert County, Alabama",01,033
11597,"Conecuh County, Alabama",01,035
10387,"Coosa County, Alabama",01,037
13194,"Crenshaw County, Alabama",01,041
87866,"Cullman County, Alabama",01,043
38462,"Dallas County, Alabama",01,047
71608,"DeKalb County, Alabama",01,049
36757,"Escambia County, Alabama",01,053
103436,"Etowah County, Alabama",01,055
32113,"Franklin County, Alabama",01,059
7730,"Greene County, Alabama",01,063
14785,"Hale County, Alabama",01,065
107202,"Houston County, Alabama",01,069
52579,"Jackson County, Alabama",01,071
13972,"Lamar County, Alabama",01,075
93564,"Lauderdale County, Alabama",01,077
174241,"Lee County, Alabama",01,081
10311,"Lowndes County, Alabama",01,085
19532,"Macon County, Alabama",01,087
19323,"Marengo County, Alabama",01,091
29341,"Marion County, Alabama",01,093
414809,"Mobile County, Alabama",01,097
19772,"Monroe County, Alabama",01,099
123421,"Morgan County, Alabama",01,103
19123,"Pickens County, Alabama",01,107
33009,"Pike County, Alabama",01,109
59183,"Russell County, Alabama",01,113
91103,"St. Clair County, Alabama",01,115
12345,"Sumter County, Alabama",01,119
41311,"Tallapoosa County, Alabama",01,123
227036,"Tuscaloosa County, Alabama",01,125
15388,"Washington County, Alabama",01,129
10600,"Wilcox County, Alabama",01,131
1682353,"Alameda County, California",06,001
1204,"Alpine County, California",06,003
211632,"Butte County, California",06,007
21839,"Colusa County, California",06,011
1165927,"Contra Costa County, California",06,013
191185,"El Dorado County, California",06,017
1008654,"Fresno County, California",06,019
34772,"Chambers County, Alabama",01,017
136463,"Humboldt County, California",06,023
179702,"Imperial County, California",06,025
909235,"Kern County, California",06,029
152486,"Kings County, California",06,031
32730,"Lassen County, California",06,035
156255,"Madera County, California",06,039
262321,"Marin County, California",06,041
17131,"Mariposa County, California",06,043
91601,"Mendocino County, California",06,045
281202,"Merced County, California",06,047
8700,"Modoc County, California",06,049
65318,"Clay County, Minnesota",27,027
8524,"Clearwater County, Minnesota",27,029
5600,"Cook County, Minnesota",27,031
11517,"Cottonwood County, Minnesota",27,033
66123,"Crow Wing County, Minnesota",27,035
439882,"Dakota County, Minnesota",27,037
20867,"Dodge County, Minnesota",27,039
39006,"Douglas County, Minnesota",27,041
13921,"Faribault County, Minnesota",27,043
21228,"Fillmore County, Minnesota",27,045
47582,"Goodhue County, Minnesota",27,049
6074,"Grant County, Minnesota",27,051
18843,"Houston County, Minnesota",27,055
21344,"Hubbard County, Minnesota",27,057
45014,"Itasca County, Minnesota",27,061
16032,"Kanabec County, Minnesota",27,065
43732,"Kandiyohi County, Minnesota",27,067
12062,"Koochiching County, Minnesota",27,071
6719,"Lac qui Parle County, Minnesota",27,073
3763,"Lake of the Woods County, Minnesota",27,077
28674,"Le Sueur County, Minnesota",27,079
25269,"Lyon County, Minnesota",27,083
36771,"McLeod County, Minnesota",27,085
9040,"Marshall County, Minnesota",27,089
20025,"Martin County, Minnesota",27,091
26459,"Mille Lacs County, Minnesota",27,095
34010,"Morrison County, Minnesota",27,097
8179,"Murray County, Minnesota",27,101
34454,"Nicollet County, Minnesota",27,103
6441,"Norman County, Minnesota",27,107
162847,"Olmsted County, Minnesota",27,109
13992,"Pennington County, Minnesota",27,113
28876,"Pine County, Minnesota",27,115
31192,"Polk County, Minnesota",27,119
11308,"Pope County, Minnesota",27,121
3935,"Red Lake County, Minnesota",27,125
15425,"Redwood County, Minnesota",27,127
67097,"Rice County, Minnesota",27,131
9704,"Rock County, Minnesota",27,133
200231,"St. Louis County, Minnesota",27,137
150928,"Scott County, Minnesota",27,139
14836,"Sibley County, Minnesota",27,143
158292,"Stearns County, Minnesota",27,145
9671,"Stevens County, Minnesota",27,149
9838,"Swift County, Minnesota",27,151
3360,"Traverse County, Minnesota",27,155
21387,"Wabasha County, Minnesota",27,157
18968,"Waseca County, Minnesota",27,161
267568,"Washington County, Minnesota",27,163
6506,"Wilkin County, Minnesota",27,167
49671,"Winona County, Minnesota",27,169
141337,"Wright County, Minnesota",27,171
9528,"Yellow Medicine County, Minnesota",27,173
25314,"Adair County, Missouri",29,001
18135,"Andrew County, Missouri",29,003
5305,"Atchison County, Missouri",29,005
24962,"Audrain County, Missouri",29,007
34534,"Barry County, Missouri",29,009
11637,"Barton County, Missouri",29,011
15223,"Alleghany County, Virginia",51,005
13265,"Amelia County, Virginia",51,007
16119,"Appomattox County, Virginia",51,011
238643,"Arlington County, Virginia",51,013
4209,"Bath County, Virginia",51,017
79462,"Bedford County, Virginia",51,019
33596,"Botetourt County, Virginia",51,023
15849,"Brunswick County, Virginia",51,025
16824,"Buckingham County, Virginia",51,029
55696,"Campbell County, Virginia",51,031
29155,"Carroll County, Virginia",51,035
6773,"Charles City County, Virginia",51,036
11529,"Charlotte County, Virginia",51,037
14783,"Clarke County, Virginia",51,043
4892,"Craig County, Virginia",51,045
9675,"Cumberland County, Virginia",51,049
14124,"Dickenson County, Virginia",51,051
10599,"Essex County, Virginia",51,057
1150309,"Fairfax County, Virginia",51,059
15476,"Floyd County, Virginia",51,063
27249,"Fluvanna County, Virginia",51,065
91419,"Frederick County, Virginia",51,069
16787,"Giles County, Virginia",51,071
24727,"Goochland County, Virginia",51,075
15333,"Grayson County, Virginia",51,077
11391,"Greensville County, Virginia",51,081
34022,"Halifax County, Virginia",51,083
334389,"Henrico County, Virginia",51,087
50948,"Henry County, Virginia",51,089
38606,"Isle of Wight County, Virginia",51,093
78254,"James City County, Virginia",51,095
6608,"King and Queen County, Virginia",51,097
26723,"King George County, Virginia",51,099
17810,"King William County, Virginia",51,101
10919,"Lancaster County, Virginia",51,103
22173,"Lee County, Virginia",51,105
420959,"Loudoun County, Virginia",51,107
37596,"Louisa County, Virginia",51,109
11936,"Lunenburg County, Virginia",51,111
13837,"Madison County, Virginia",51,113
8533,"Mathews County, Virginia",51,115
30319,"Mecklenburg County, Virginia",51,117
10625,"Middlesex County, Virginia",51,119
99721,"Montgomery County, Virginia",51,121
14775,"Nelson County, Virginia",51,125
22945,"New Kent County, Virginia",51,127
12282,"Northampton County, Virginia",51,131
11839,"Northumberland County, Virginia",51,133
15642,"Nottoway County, Virginia",51,135
36254,"Orange County, Virginia",51,137
23709,"Page County, Virginia",51,139
17608,"Patrick County, Virginia",51,141
30333,"Powhatan County, Virginia",51,145
21849,"Prince Edward County, Virginia",51,147
43010,"Prince George County, Virginia",51,149
33800,"Pulaski County, Virginia",51,155
7348,"Rappahannock County, Virginia",51,157
96929,"Roanoke County, Virginia",51,161
2616,"Hitchcock County, Nebraska",31,087
6475,"Howard County, Nebraska",31,093
6688,"Kearney County, Nebraska",31,099
3434,"Kimball County, Nebraska",31,105
34676,"Lincoln County, Nebraska",31,111
399,"McPherson County, Nebraska",31,117
4555,"Morrill County, Nebraska",31,123
7074,"Nemaha County, Nebraska",31,127
4059,"Valley County, Nebraska",31,175
9697,"Wayne County, Nebraska",31,179
14125,"York County, Nebraska",31,185
49488,"Douglas County, Nevada",32,005
1855,"Eureka County, Nevada",32,011
4499,"Lincoln County, Nevada",32,017
51591,"Nye County, Nevada",32,023
486492,"Washoe County, Nevada",32,031
63705,"Belknap County, New Hampshire",33,001
31268,"Coos County, New Hampshire",33,007
153808,"Merrimack County, New Hampshire",33,013
43063,"Sullivan County, New Hampshire",33,019
126500,"Ascension Parish, Louisiana",22,005
36549,"Beauregard Parish, Louisiana",22,011
237848,"Caddo Parish, Louisiana",22,017
5617,"Cameron Parish, Louisiana",22,023
18687,"Concordia Parish, Louisiana",22,029
7459,"East Carroll Parish, Louisiana",22,035
19774,"Franklin Parish, Louisiana",22,041
30241,"Iberville Parish, Louisiana",22,047
32250,"Jefferson Davis Parish, Louisiana",22,053
49406,"St. Mary Parish, Louisiana",22,101
4147,"Tensas Parish, Louisiana",22,107
21107,"Union Parish, Louisiana",22,111
45463,"Washington Parish, Louisiana",22,117
9751,"West Carroll Parish, Louisiana",22,123
46456,"Allegany County, New York",36,003
77042,"Cattaraugus County, New York",36,009
84148,"Chemung County, New York",36,015
61570,"Columbia County, New York",36,021
295911,"Dutchess County, New York",36,027
37381,"Essex County, New York",36,031
58388,"Genesee County, New York",36,037
60139,"Herkimer County, New York",36,043
26582,"Lewis County, New York",36,049
759443,"Monroe County, New York",36,055
1694251,"New York County, New York",36,061
476516,"Onondaga County, New York",36,067
40343,"Orleans County, New York",36,073
97668,"Putnam County, New York",36,079
495747,"Richmond County, New York",36,085
22055,"Anson County, North Carolina",37,007
44652,"Beaufort County, North Carolina",37,013
136693,"Brunswick County, North Carolina",37,019
225804,"Cabarrus County, North Carolina",37,025
67686,"Carteret County, North Carolina",37,031
76285,"Chatham County, North Carolina",37,037
99519,"Cleveland County, North Carolina",37,045
334728,"Cumberland County, North Carolina",37,051
168930,"Davidson County, North Carolina",37,057
439035,"Monterey County, California",06,053
138019,"Napa County, California",06,055
102241,"Nevada County, California",06,057
3186989,"Orange County, California",06,059
404739,"Placer County, California",06,061
19790,"Plumas County, California",06,063
2418185,"Riverside County, California",06,065
1585055,"Sacramento County, California",06,067
64209,"San Benito County, California",06,069
2181654,"San Bernardino County, California",06,071
3298634,"San Diego County, California",06,073
873965,"San Francisco County, California",06,075
779233,"San Joaquin County, California",06,077
282424,"San Luis Obispo County, California",06,079
764442,"San Mateo County, California",06,081
1936259,"Santa Clara County, California",06,085
270861,"Santa Cruz County, California",06,087
3236,"Sierra County, California",06,091
453491,"Solano County, California",06,095
488863,"Sonoma County, California",06,097
99633,"Sutter County, California",06,101
65829,"Tehama County, California",06,103
473117,"Tulare County, California",06,107
55620,"Tuolumne County, California",06,109
216403,"Yolo County, California",06,113
81575,"Yuba County, California",06,115
19062,"Ashley County, Arkansas",05,003
41627,"Baxter County, Arkansas",05,005
37373,"Boone County, Arkansas",05,009
4739,"Calhoun County, Arkansas",05,013
28260,"Carroll County, Arkansas",05,015
21446,"Clark County, Arkansas",05,019
14552,"Clay County, Arkansas",05,021
7550,"Cleveland County, Arkansas",05,025
22801,"Columbia County, Arkansas",05,027
111231,"Craighead County, Arkansas",05,031
48163,"Crittenden County, Arkansas",05,035
16833,"Cross County, Arkansas",05,037
11395,"Desha County, Arkansas",05,041
17350,"Drew County, Arkansas",05,043
17097,"Franklin County, Arkansas",05,047
12075,"Fulton County, Arkansas",05,049
17958,"Grant County, Arkansas",05,053
20065,"Hempstead County, Arkansas",05,057
33040,"Hot Spring County, Arkansas",05,059
37938,"Independence County, Arkansas",05,063
13577,"Izard County, Arkansas",05,065
13195,"Mono County, California",06,051
67260,"Jefferson County, Arkansas",05,069
25749,"Johnson County, Arkansas",05,071
16216,"Lawrence County, Arkansas",05,075
12941,"Lincoln County, Arkansas",05,079
12026,"Little River County, Arkansas",05,081
74015,"Lonoke County, Arkansas",05,085
16521,"Madison County, Arkansas",05,087
42600,"Miller County, Arkansas",05,091
6799,"Monroe County, Arkansas",05,095
8484,"Montgomery County, Arkansas",05,097
16042,"Bates County, Missouri",29,013
19394,"Benton County, Missouri",29,015
10567,"Bollinger County, Missouri",29,017
183610,"Boone County, Missouri",29,019
84793,"Buchanan County, Missouri",29,021
42130,"Butler County, Missouri",29,023
8815,"Caldwell County, Missouri",29,025
44283,"Callaway County, Missouri",29,027
42745,"Camden County, Missouri",29,029
81710,"Cape Girardeau County, Missouri",29,031
8495,"Carroll County, Missouri",29,033
5202,"Carter County, Missouri",29,035
14188,"Cedar County, Missouri",29,039
7408,"Chariton County, Missouri",29,041
6634,"Clark County, Missouri",29,045
253335,"Clay County, Missouri",29,047
77279,"Cole County, Missouri",29,051
17103,"Cooper County, Missouri",29,053
7569,"Dade County, Missouri",29,057
17071,"Dallas County, Missouri",29,059
11029,"DeKalb County, Missouri",29,063
14421,"Dent County, Missouri",29,065
28283,"Dunklin County, Missouri",29,069
104682,"Franklin County, Missouri",29,071
6162,"Gentry County, Missouri",29,075
298915,"Greene County, Missouri",29,077
8157,"Harrison County, Missouri",29,081
21946,"Henry County, Missouri",29,083
4223,"Holt County, Missouri",29,087
10151,"Howard County, Missouri",29,089
9537,"Iron County, Missouri",29,093
717204,"Jackson County, Missouri",29,095
226739,"Jefferson County, Missouri",29,099
3744,"Knox County, Missouri",29,103
36039,"Laclede County, Missouri",29,105
38001,"Lawrence County, Missouri",29,109
10032,"Lewis County, Missouri",29,111
11874,"Linn County, Missouri",29,115
14557,"Livingston County, Missouri",29,117
15209,"Macon County, Missouri",29,121
12626,"Madison County, Missouri",29,123
28525,"Marion County, Missouri",29,127
3538,"Mercer County, Missouri",29,129
12577,"Mississippi County, Missouri",29,133
15473,"Moniteau County, Missouri",29,135
11322,"Montgomery County, Missouri",29,139
21006,"Morgan County, Missouri",29,141
58648,"Newton County, Missouri",29,145
21241,"Nodaway County, Missouri",29,147
13274,"Osage County, Missouri",29,151
8553,"Ozark County, Missouri",29,153
18956,"Perry County, Missouri",29,157
42980,"Pettis County, Missouri",29,159
44638,"Phelps County, Missouri",29,161
17587,"Pike County, Missouri",29,163
106718,"Platte County, Missouri",29,165
31519,"Polk County, Missouri",29,167
53955,"Pulaski County, Missouri",29,169
4681,"Putnam County, Missouri",29,171
22650,"Rockbridge County, Virginia",51,163
25781,"Russell County, Virginia",51,167
21576,"Scott County, Virginia",51,169
29800,"Smyth County, Virginia",51,173
17996,"Southampton County, Virginia",51,175
156927,"Stafford County, Virginia",51,179
6561,"Surry County, Virginia",51,181
40429,"Tazewell County, Virginia",51,185
40727,"Warren County, Virginia",51,187
18477,"Westmoreland County, Virginia",51,193
36130,"Wise County, Virginia",51,195
70045,"York County, Virginia",51,199
159467,"Alexandria city, Virginia",51,510
6641,"Buena Vista city, Virginia",51,530
46553,"Charlottesville city, Virginia",51,540
18170,"Colonial Heights city, Virginia",51,570
5737,"Covington city, Virginia",51,580
42590,"Danville city, Virginia",51,590
24146,"Fairfax city, Virginia",51,600
14658,"Falls Church city, Virginia",51,610
27982,"Fredericksburg city, Virginia",51,630
6720,"Galax city, Virginia",51,640
51814,"Harrisonburg city, Virginia",51,660
23033,"Hopewell city, Virginia",51,670
79009,"Lynchburg city, Virginia",51,680
42772,"Manassas city, Virginia",51,683
13485,"Martinsville city, Virginia",51,690
186247,"Newport News city, Virginia",51,700
3687,"Norton city, Virginia",51,720
33458,"Petersburg city, Virginia",51,730
97915,"Portsmouth city, Virginia",51,740
16070,"Radford city, Virginia",51,750
100011,"Roanoke city, Virginia",51,770
25346,"Salem city, Virginia",51,775
25750,"Staunton city, Virginia",51,790
94324,"Suffolk city, Virginia",51,800
459470,"Virginia Beach city, Virginia",51,810
22196,"Waynesboro city, Virginia",51,820
15425,"Williamsburg city, Virginia",51,830
28120,"Winchester city, Virginia",51,840
20613,"Adams County, Washington",53,001
22285,"Asotin County, Washington",53,003
206873,"Benton County, Washington",53,005
79074,"Chelan County, Washington",53,007
77155,"Clallam County, Washington",53,009
503311,"Clark County, Washington",53,011
3952,"Columbia County, Washington",53,013
110730,"Cowlitz County, Washington",53,015
42938,"Douglas County, Washington",53,017
7178,"Ferry County, Washington",53,019
96749,"Franklin County, Washington",53,021
2286,"Garfield County, Washington",53,023
99123,"Grant County, Washington",53,025
75636,"Grays Harbor County, Washington",53,027
86857,"Island County, Washington",53,029
2269675,"King County, Washington",53,033
275611,"Kitsap County, Washington",53,035
44337,"Kittitas County, Washington",53,037
82149,"Lewis County, Washington",53,041
324833,"Durham County, North Carolina",37,063
68573,"Franklin County, North Carolina",37,069
8030,"Graham County, North Carolina",37,075
541299,"Guilford County, North Carolina",37,081
62089,"Haywood County, North Carolina",37,087
4589,"Hyde County, North Carolina",37,095
215999,"Johnston County, North Carolina",37,101
55122,"Lenoir County, North Carolina",37,107
37014,"Macon County, North Carolina",37,113
1115482,"Mecklenburg County, North Carolina",37,119
62504,"Stanly County, North Carolina",37,167
14117,"Swain County, North Carolina",37,173
238267,"Union County, North Carolina",37,179
18642,"Warren County, North Carolina",37,185
117333,"Wayne County, North Carolina",37,191
37214,"Yadkin County, North Carolina",37,197
955732,"Bergen County, New Jersey",34,003
95263,"Cape May County, New Jersey",34,009
302294,"Gloucester County, New Jersey",34,015
387340,"Mercer County, New Jersey",34,021
509285,"Morris County, New Jersey",34,027
64837,"Salem County, New Jersey",34,033
575345,"Union County, New Jersey",34,039
385410,"Allen County, Indiana",18,003
12112,"Blackford County, Indiana",18,009
20306,"Carroll County, Indiana",18,015
26466,"Clay County, Indiana",18,021
33381,"Daviess County, Indiana",18,027
43265,"DeKalb County, Indiana",18,033
207047,"Elkhart County, Indiana",18,039
80240,"Kosciusko County, Indiana",18,085
112417,"LaPorte County, Indiana",18,091
977203,"Marion County, Indiana",18,097
35962,"Miami County, Indiana",18,103
71780,"Morgan County, Indiana",18,109
5940,"Ohio County, Indiana",18,115
16156,"Parke County, Indiana",18,121
173215,"Porter County, Indiana",18,127
36726,"Putnam County, Indiana",18,133
16752,"Rush County, Indiana",18,139
24384,"Scott County, Indiana",18,143
23371,"Starke County, Indiana",18,149
9737,"Switzerland County, Indiana",18,155
7087,"Union County, Indiana",18,161
106153,"Vigo County, Indiana",18,167
63898,"Warrick County, Indiana",18,173
28180,"Wells County, Indiana",18,179
228996,"Barnstable County, Massachusetts",25,001
20600,"Dukes County, Massachusetts",25,007
465825,"Hampden County, Massachusetts",25,013
14255,"Nantucket County, Massachusetts",25,019
51881,"Darke County, Ohio",39,037
75622,"Erie County, Ohio",39,043
1323807,"Franklin County, Ohio",39,049
95397,"Geauga County, Ohio",39,055
830639,"Hamilton County, Ohio",39,061
14483,"Harrison County, Ohio",39,067
43317,"Highland County, Ohio",39,071
58565,"Huron County, Ohio",39,077
8310,"Nevada County, Arkansas",05,099
7225,"Newton County, Arkansas",05,101
22650,"Ouachita County, Arkansas",05,103
10019,"Perry County, Arkansas",05,105
16568,"Phillips County, Arkansas",05,107
10171,"Pike County, Arkansas",05,109
22965,"Poinsett County, Arkansas",05,111
19221,"Polk County, Arkansas",05,113
63381,"Pope County, Arkansas",05,115
8282,"Prairie County, Arkansas",05,117
399125,"Pulaski County, Arkansas",05,119
18571,"Randolph County, Arkansas",05,121
23090,"St. Francis County, Arkansas",05,123
123416,"Saline County, Arkansas",05,125
9836,"Scott County, Arkansas",05,127
7828,"Searcy County, Arkansas",05,129
127799,"Sebastian County, Arkansas",05,131
15839,"Sevier County, Arkansas",05,133
17271,"Sharp County, Arkansas",05,135
12359,"Stone County, Arkansas",05,137
39054,"Union County, Arkansas",05,139
245871,"Washington County, Arkansas",05,143
76822,"White County, Arkansas",05,145
20263,"Yell County, Arkansas",05,149
899498,"Hartford County, Connecticut",09,003
185186,"Litchfield County, Connecticut",09,005
864835,"New Haven County, Connecticut",09,009
268555,"New London County, Connecticut",09,011
116418,"Windham County, Connecticut",09,015
689545,"District of Columbia, District of Columbia",11,001
5232,"Aleutians West Census Area, Alaska",02,016
291247,"Anchorage Municipality, Alaska",02,020
844,"Bristol Bay Borough, Alaska",02,060
7102,"Chugach Census Area, Alaska",02,063
1619,"Denali Borough, Alaska",02,068
4857,"Dillingham Census Area, Alaska",02,070
2080,"Haines Borough, Alaska",02,100
2365,"Hoonah-Angoon Census Area, Alaska",02,105
58799,"Kenai Peninsula Borough, Alaska",02,122
13948,"Ketchikan Gateway Borough, Alaska",02,130
8368,"Kusilvak Census Area, Alaska",02,158
107081,"Matanuska-Susitna Borough, Alaska",02,170
10046,"Nome Census Area, Alaska",02,180
7793,"Northwest Arctic Borough, Alaska",02,188
3398,"Petersburg Borough, Alaska",02,195
8458,"Sitka City and Borough, Alaska",02,220
1240,"Skagway Municipality, Alaska",02,230
2127,"Wrangell City and Borough, Alaska",02,275
662,"Yakutat City and Borough, Alaska",02,282
5343,"Yukon-Koyukuk Census Area, Alaska",02,290
16376,"Alamosa County, Colorado",08,003
13359,"Archuleta County, Colorado",08,007
3506,"Baca County, Colorado",08,009
330758,"Boulder County, Colorado",08,013
74112,"Broomfield County, Colorado",08,014
1748,"Cheyenne County, Colorado",08,017
7461,"Conejos County, Colorado",08,021
3499,"Costilla County, Colorado",08,023
10355,"Ralls County, Missouri",29,173
24716,"Randolph County, Missouri",29,175
23158,"Ray County, Missouri",29,177
6096,"Reynolds County, Missouri",29,179
10679,"Ripley County, Missouri",29,181
405262,"St. Charles County, Missouri",29,183
9284,"St. Clair County, Missouri",29,185
18479,"Ste. Genevieve County, Missouri",29,186
66922,"St. Francois County, Missouri",29,187
1004125,"St. Louis County, Missouri",29,189
23333,"Saline County, Missouri",29,195
4032,"Schuyler County, Missouri",29,197
4716,"Scotland County, Missouri",29,199
38059,"Scott County, Missouri",29,201
6103,"Shelby County, Missouri",29,205
28672,"Stoddard County, Missouri",29,207
5999,"Sullivan County, Missouri",29,211
56066,"Taney County, Missouri",29,213
19707,"Vernon County, Missouri",29,217
35532,"Warren County, Missouri",29,219
10974,"Wayne County, Missouri",29,223
39085,"Webster County, Missouri",29,225
18188,"Wright County, Missouri",29,229
278468,"Alachua County, Florida",12,001
28259,"Baker County, Florida",12,003
28303,"Bradford County, Florida",12,007
606612,"Brevard County, Florida",12,009
13648,"Calhoun County, Florida",12,013
186847,"Charlotte County, Florida",12,015
218245,"Clay County, Florida",12,019
375752,"Collier County, Florida",12,021
33976,"DeSoto County, Florida",12,027
16759,"Dixie County, Florida",12,029
321905,"Escambia County, Florida",12,033
115378,"Flagler County, Florida",12,035
43826,"Gadsden County, Florida",12,039
17864,"Gilchrist County, Florida",12,041
14192,"Gulf County, Florida",12,045
14004,"Hamilton County, Florida",12,047
39619,"Hendry County, Florida",12,051
194515,"Hernando County, Florida",12,053
1459762,"Hillsborough County, Florida",12,057
19653,"Holmes County, Florida",12,059
47319,"Jackson County, Florida",12,063
14510,"Jefferson County, Florida",12,065
383956,"Lake County, Florida",12,069
760822,"Lee County, Florida",12,071
42915,"Levy County, Florida",12,075
17968,"Madison County, Florida",12,079
399710,"Manatee County, Florida",12,081
158431,"Martin County, Florida",12,085
2701767,"Miami-Dade County, Florida",12,086
90352,"Nassau County, Florida",12,089
211668,"Okaloosa County, Florida",12,091
1429908,"Orange County, Florida",12,095
388656,"Osceola County, Florida",12,097
1492191,"Palm Beach County, Florida",12,099
561891,"Pasco County, Florida",12,101
959107,"Pinellas County, Florida",12,103
10876,"Lincoln County, Washington",53,043
42104,"Okanogan County, Washington",53,047
23365,"Pacific County, Washington",53,049
921130,"Pierce County, Washington",53,053
17788,"San Juan County, Washington",53,055
12036,"Skamania County, Washington",53,059
827957,"Snohomish County, Washington",53,061
46445,"Stevens County, Washington",53,065
294793,"Thurston County, Washington",53,067
62584,"Walla Walla County, Washington",53,071
226847,"Whatcom County, Washington",53,073
256728,"Yakima County, Washington",53,077
15465,"Barbour County, West Virginia",54,001
21809,"Boone County, West Virginia",54,005
12447,"Braxton County, West Virginia",54,007
94350,"Cabell County, West Virginia",54,011
6229,"Calhoun County, West Virginia",54,013
8051,"Clay County, West Virginia",54,015
40488,"Fayette County, West Virginia",54,019
7408,"Gilmer County, West Virginia",54,021
32977,"Greenbrier County, West Virginia",54,025
23093,"Hampshire County, West Virginia",54,027
14299,"Hardy County, West Virginia",54,031
65921,"Harrison County, West Virginia",54,033
57701,"Jefferson County, West Virginia",54,037
180745,"Kanawha County, West Virginia",54,039
20463,"Lincoln County, West Virginia",54,043
32567,"Logan County, West Virginia",54,045
56205,"Marion County, West Virginia",54,049
30591,"Marshall County, West Virginia",54,051
59664,"Mercer County, West Virginia",54,055
26938,"Mineral County, West Virginia",54,057
105822,"Monongalia County, West Virginia",54,061
12376,"Monroe County, West Virginia",54,063
24604,"Nicholas County, West Virginia",54,067
42425,"Ohio County, West Virginia",54,069
6143,"Pendleton County, West Virginia",54,071
7653,"Pleasants County, West Virginia",54,073
7869,"Pocahontas County, West Virginia",54,075
34216,"Preston County, West Virginia",54,077
57440,"Putnam County, West Virginia",54,079
74591,"Raleigh County, West Virginia",54,081
27932,"Randolph County, West Virginia",54,083
8444,"Ritchie County, West Virginia",54,085
14028,"Roane County, West Virginia",54,087
11959,"Summers County, West Virginia",54,089
16705,"Taylor County, West Virginia",54,091
6762,"Tucker County, West Virginia",54,093
8313,"Tyler County, West Virginia",54,095
23816,"Upshur County, West Virginia",54,097
38982,"Wayne County, West Virginia",54,099
8378,"Webster County, West Virginia",54,101
14442,"Wetzel County, West Virginia",54,103
5194,"Wirt County, West Virginia",54,105
84296,"Wood County, West Virginia",54,107
21382,"Wyoming County, West Virginia",54,109
16027,"Ashland County, Wisconsin",55,003
4704,"Custer County, Colorado",08,027
31196,"Delta County, Colorado",08,029
2326,"Dolores County, Colorado",08,033
357978,"Douglas County, Colorado",08,035
55731,"Eagle County, Colorado",08,037
26062,"Elbert County, Colorado",08,039
730395,"El Paso County, Colorado",08,041
48939,"Fremont County, Colorado",08,043
61685,"Garfield County, Colorado",08,045
5808,"Gilpin County, Colorado",08,047
15717,"Grand County, Colorado",08,049
16918,"Gunnison County, Colorado",08,051
788,"Hinsdale County, Colorado",08,053
6820,"Huerfano County, Colorado",08,055
1379,"Jackson County, Colorado",08,057
582910,"Jefferson County, Colorado",08,059
1446,"Kiowa County, Colorado",08,061
7087,"Kit Carson County, Colorado",08,063
7436,"Lake County, Colorado",08,065
55638,"La Plata County, Colorado",08,067
359066,"Larimer County, Colorado",08,069
14555,"Las Animas County, Colorado",08,071
5675,"Lincoln County, Colorado",08,073
21528,"Logan County, Colorado",08,075
155703,"Mesa County, Colorado",08,077
13292,"Moffat County, Colorado",08,081
25849,"Montezuma County, Colorado",08,083
29111,"Morgan County, Colorado",08,087
4874,"Ouray County, Colorado",08,091
17390,"Park County, Colorado",08,093
17358,"Pitkin County, Colorado",08,097
11999,"Prowers County, Colorado",08,099
6529,"Rio Blanco County, Colorado",08,103
11539,"Rio Grande County, Colorado",08,105
6368,"Saguache County, Colorado",08,109
8072,"San Miguel County, Colorado",08,113
2404,"Sedgwick County, Colorado",08,115
24710,"Teller County, Colorado",08,119
4817,"Washington County, Colorado",08,121
9988,"Yuma County, Colorado",08,125
570719,"New Castle County, Delaware",10,003
237378,"Sussex County, Delaware",10,005
13124,"Big Horn County, Montana",30,003
7044,"Blaine County, Montana",30,005
10473,"Carbon County, Montana",30,009
1415,"Carter County, Montana",30,011
5895,"Chouteau County, Montana",30,015
1661,"Daniels County, Montana",30,019
8940,"Dawson County, Montana",30,021
3049,"Fallon County, Montana",30,025
11446,"Fergus County, Montana",30,027
118960,"Gallatin County, Montana",30,031
1173,"Garfield County, Montana",30,033
823,"Golden Valley County, Montana",30,037
16309,"Hill County, Montana",30,041
12085,"Jefferson County, Montana",30,043
31134,"Lake County, Montana",30,047
70973,"Lewis and Clark County, Montana",30,049
19677,"Lincoln County, Montana",30,053
73321,"Putnam County, Florida",12,107
273425,"St. Johns County, Florida",12,109
329226,"St. Lucie County, Florida",12,111
188000,"Santa Rosa County, Florida",12,113
434006,"Sarasota County, Florida",12,115
470856,"Seminole County, Florida",12,117
129752,"Sumter County, Florida",12,119
43474,"Suwannee County, Florida",12,121
21796,"Taylor County, Florida",12,123
16147,"Union County, Florida",12,125
553543,"Volusia County, Florida",12,127
33764,"Wakulla County, Florida",12,129
75305,"Walton County, Florida",12,131
25318,"Washington County, Florida",12,133
31205,"Adams County, Nebraska",31,001
6295,"Antelope County, Nebraska",31,003
674,"Banner County, Nebraska",31,007
431,"Blaine County, Nebraska",31,009
10842,"Box Butte County, Nebraska",31,013
1810,"Boyd County, Nebraska",31,015
50084,"Buffalo County, Nebraska",31,019
6722,"Burt County, Nebraska",31,021
26598,"Cass County, Nebraska",31,025
8380,"Cedar County, Nebraska",31,027
5455,"Cherry County, Nebraska",31,031
9468,"Cheyenne County, Nebraska",31,033
10582,"Colfax County, Nebraska",31,037
10545,"Custer County, Nebraska",31,041
21582,"Dakota County, Nebraska",31,043
24111,"Dawson County, Nebraska",31,047
1838,"Deuel County, Nebraska",31,049
37167,"Dodge County, Nebraska",31,053
584526,"Douglas County, Nebraska",31,055
5551,"Fillmore County, Nebraska",31,059
2889,"Franklin County, Nebraska",31,061
4636,"Furnas County, Nebraska",31,065
21704,"Gage County, Nebraska",31,067
1813,"Garfield County, Nebraska",31,071
1893,"Gosper County, Nebraska",31,073
2188,"Greeley County, Nebraska",31,077
62895,"Hall County, Nebraska",31,079
3073,"Harlan County, Nebraska",31,083
856,"Hayes County, Nebraska",31,085
10127,"Holt County, Nebraska",31,089
711,"Hooker County, Nebraska",31,091
7240,"Jefferson County, Nebraska",31,095
5290,"Johnson County, Nebraska",31,097
8335,"Keith County, Nebraska",31,101
769,"Keya Paha County, Nebraska",31,103
725046,"Polk County, Florida",12,105
8391,"Knox County, Nebraska",31,107
322608,"Lancaster County, Nebraska",31,109
716,"Logan County, Nebraska",31,113
607,"Loup County, Nebraska",31,115
35585,"Madison County, Nebraska",31,119
7668,"Merrick County, Nebraska",31,121
3380,"Nance County, Nebraska",31,125
4095,"Nuckolls County, Nebraska",31,129
15912,"Otoe County, Nebraska",31,131
46711,"Barron County, Wisconsin",55,005
268740,"Brown County, Wisconsin",55,009
13317,"Buffalo County, Wisconsin",55,011
52442,"Calumet County, Wisconsin",55,015
66297,"Chippewa County, Wisconsin",55,017
58490,"Columbia County, Wisconsin",55,021
16113,"Crawford County, Wisconsin",55,023
89396,"Dodge County, Wisconsin",55,027
30066,"Door County, Wisconsin",55,029
45440,"Dunn County, Wisconsin",55,033
105710,"Eau Claire County, Wisconsin",55,035
104154,"Fond du Lac County, Wisconsin",55,039
9179,"Forest County, Wisconsin",55,041
37093,"Green County, Wisconsin",55,045
19018,"Green Lake County, Wisconsin",55,047
6137,"Iron County, Wisconsin",55,051
21145,"Jackson County, Wisconsin",55,053
26718,"Juneau County, Wisconsin",55,057
169151,"Kenosha County, Wisconsin",55,059
120784,"La Crosse County, Wisconsin",55,063
16611,"Lafayette County, Wisconsin",55,065
28415,"Lincoln County, Wisconsin",55,069
81359,"Manitowoc County, Wisconsin",55,071
41872,"Marinette County, Wisconsin",55,075
15592,"Marquette County, Wisconsin",55,077
939489,"Milwaukee County, Wisconsin",55,079
46274,"Monroe County, Wisconsin",55,081
38965,"Oconto County, Wisconsin",55,083
190705,"Outagamie County, Wisconsin",55,087
91503,"Ozaukee County, Wisconsin",55,089
42212,"Pierce County, Wisconsin",55,093
44977,"Polk County, Wisconsin",55,095
14054,"Price County, Wisconsin",55,099
197727,"Racine County, Wisconsin",55,101
163687,"Rock County, Wisconsin",55,105
14188,"Rusk County, Wisconsin",55,107
65763,"Sauk County, Wisconsin",55,111
18074,"Sawyer County, Wisconsin",55,113
40881,"Shawano County, Wisconsin",55,115
118034,"Sheboygan County, Wisconsin",55,117
19913,"Taylor County, Wisconsin",55,119
30760,"Trempealeau County, Wisconsin",55,121
30714,"Vernon County, Wisconsin",55,123
23047,"Vilas County, Wisconsin",55,125
106478,"Walworth County, Wisconsin",55,127
16623,"Washburn County, Wisconsin",55,129
136761,"Washington County, Wisconsin",55,131
406978,"Waukesha County, Wisconsin",55,133
51812,"Waupaca County, Wisconsin",55,135
24520,"Waushara County, Wisconsin",55,137
171730,"Winnebago County, Wisconsin",55,139
74207,"Wood County, Wisconsin",55,141
37066,"Albany County, Wyoming",56,001
11521,"Big Horn County, Wyoming",56,003
47026,"Campbell County, Wyoming",56,005
14537,"Carbon County, Wyoming",56,007
13751,"Converse County, Wyoming",56,009
7181,"Crook County, Wyoming",56,011
39234,"Fremont County, Wyoming",56,013
1729,"McCone County, Montana",30,055
1927,"Meagher County, Montana",30,059
4535,"Mineral County, Montana",30,061
4730,"Musselshell County, Montana",30,065
496,"Petroleum County, Montana",30,069
4217,"Phillips County, Montana",30,071
1694,"Powder River County, Montana",30,075
6946,"Powell County, Montana",30,077
1088,"Prairie County, Montana",30,079
44174,"Ravalli County, Montana",30,081
11491,"Richland County, Montana",30,083
10794,"Roosevelt County, Montana",30,085
8329,"Rosebud County, Montana",30,087
12400,"Sanders County, Montana",30,089
3539,"Sheridan County, Montana",30,091
35133,"Silver Bow County, Montana",30,093
8963,"Stillwater County, Montana",30,095
3678,"Sweet Grass County, Montana",30,097
6226,"Teton County, Montana",30,099
4971,"Toole County, Montana",30,101
762,"Treasure County, Montana",30,103
7578,"Valley County, Montana",30,105
2069,"Wheatland County, Montana",30,107
937,"Wibaux County, Montana",30,109
164731,"Yellowstone County, Montana",30,111
18444,"Appling County, Georgia",13,001
8286,"Atkinson County, Georgia",13,003
11140,"Bacon County, Georgia",13,005
2876,"Baker County, Georgia",13,007
18035,"Banks County, Georgia",13,011
83505,"Barrow County, Georgia",13,013
17194,"Ben Hill County, Georgia",13,017
157346,"Bibb County, Georgia",13,021
12583,"Bleckley County, Georgia",13,023
16301,"Brooks County, Georgia",13,027
44738,"Bryan County, Georgia",13,029
24596,"Burke County, Georgia",13,033
25434,"Butts County, Georgia",13,035
54768,"Camden County, Georgia",13,039
119148,"Carroll County, Georgia",13,045
67872,"Catoosa County, Georgia",13,047
295291,"Chatham County, Georgia",13,051
9565,"Chattahoochee County, Georgia",13,053
266620,"Cherokee County, Georgia",13,057
128671,"Clarke County, Georgia",13,059
297595,"Clayton County, Georgia",13,063
766149,"Cobb County, Georgia",13,067
43092,"Coffee County, Georgia",13,069
156010,"Columbia County, Georgia",13,073
17229,"Cook County, Georgia",13,075
12130,"Crawford County, Georgia",13,079
20128,"Crisp County, Georgia",13,081
26798,"Dawson County, Georgia",13,085
764382,"DeKalb County, Georgia",13,089
19925,"Dodge County, Georgia",13,091
85790,"Dougherty County, Georgia",13,095
144237,"Douglas County, Georgia",13,097
3697,"Echols County, Georgia",13,101
19637,"Elbert County, Georgia",13,105
2544,"Pawnee County, Nebraska",31,133
2858,"Perkins County, Nebraska",31,135
8968,"Phelps County, Nebraska",31,137
7317,"Pierce County, Nebraska",31,139
34296,"Platte County, Nebraska",31,141
5214,"Polk County, Nebraska",31,143
10702,"Red Willow County, Nebraska",31,145
7871,"Richardson County, Nebraska",31,147
1262,"Rock County, Nebraska",31,149
14292,"Saline County, Nebraska",31,151
190604,"Sarpy County, Nebraska",31,153
22278,"Saunders County, Nebraska",31,155
36084,"Scotts Bluff County, Nebraska",31,157
17609,"Seward County, Nebraska",31,159
5127,"Sheridan County, Nebraska",31,161
2959,"Sherman County, Nebraska",31,163
1135,"Sioux County, Nebraska",31,165
5842,"Stanton County, Nebraska",31,167
5034,"Thayer County, Nebraska",31,169
669,"Thomas County, Nebraska",31,171
6773,"Thurston County, Nebraska",31,173
20865,"Washington County, Nebraska",31,177
3395,"Webster County, Nebraska",31,181
774,"Wheeler County, Nebraska",31,183
25516,"Churchill County, Nevada",32,001
2265461,"Clark County, Nevada",32,003
53702,"Elko County, Nevada",32,007
729,"Esmeralda County, Nevada",32,009
17285,"Humboldt County, Nevada",32,013
5734,"Lander County, Nevada",32,015
59235,"Lyon County, Nevada",32,019
4554,"Mineral County, Nevada",32,021
6650,"Pershing County, Nevada",32,027
4104,"Storey County, Nevada",32,029
9080,"White Pine County, Nevada",32,033
58639,"Carson City, Nevada",32,510
50107,"Carroll County, New Hampshire",33,003
76458,"Cheshire County, New Hampshire",33,005
91118,"Grafton County, New Hampshire",33,009
422937,"Hillsborough County, New Hampshire",33,011
314176,"Rockingham County, New Hampshire",33,015
130889,"Strafford County, New Hampshire",33,017
57576,"Acadia Parish, Louisiana",22,001
22750,"Allen Parish, Louisiana",22,003
21039,"Assumption Parish, Louisiana",22,007
39693,"Avoyelles Parish, Louisiana",22,009
12981,"Bienville Parish, Louisiana",22,013
128746,"Bossier Parish, Louisiana",22,015
216785,"Calcasieu Parish, Louisiana",22,019
9645,"Caldwell Parish, Louisiana",22,021
8906,"Catahoula Parish, Louisiana",22,025
14170,"Claiborne Parish, Louisiana",22,027
26812,"De Soto Parish, Louisiana",22,031
456781,"East Baton Rouge Parish, Louisiana",22,033
19539,"East Feliciana Parish, Louisiana",22,037
32350,"Evangeline Parish, Louisiana",22,039
22169,"Grant Parish, Louisiana",22,043
69929,"Iberia Parish, Louisiana",22,045
15031,"Jackson Parish, Louisiana",22,049
12498,"Goshen County, Wyoming",56,015
8447,"Johnson County, Wyoming",56,019
100512,"Laramie County, Wyoming",56,021
19581,"Lincoln County, Wyoming",56,023
2467,"Niobrara County, Wyoming",56,027
29624,"Park County, Wyoming",56,029
30921,"Sheridan County, Wyoming",56,033
8728,"Sublette County, Wyoming",56,035
23331,"Teton County, Wyoming",56,039
20450,"Uinta County, Wyoming",56,041
6838,"Weston County, Wyoming",56,045
18020,"Adjuntas Municipio, Puerto Rico",72,001
55101,"Aguadilla Municipio, Puerto Rico",72,005
24223,"Aguas Buenas Municipio, Puerto Rico",72,007
25596,"Añasco Municipio, Puerto Rico",72,011
87754,"Arecibo Municipio, Puerto Rico",72,013
22657,"Barceloneta Municipio, Puerto Rico",72,017
28983,"Barranquitas Municipio, Puerto Rico",72,019
47158,"Cabo Rojo Municipio, Puerto Rico",72,023
127244,"Caguas Municipio, Puerto Rico",72,025
32827,"Camuy Municipio, Puerto Rico",72,027
154815,"Carolina Municipio, Puerto Rico",72,031
23155,"Cataño Municipio, Puerto Rico",72,033
11307,"Ceiba Municipio, Puerto Rico",72,037
16984,"Ciales Municipio, Puerto Rico",72,039
34668,"Coamo Municipio, Puerto Rico",72,043
18883,"Comerío Municipio, Puerto Rico",72,045
1792,"Culebra Municipio, Puerto Rico",72,049
35879,"Dorado Municipio, Puerto Rico",72,051
11692,"Florida Municipio, Puerto Rico",72,054
13787,"Guánica Municipio, Puerto Rico",72,055
36614,"Guayama Municipio, Puerto Rico",72,057
89780,"Guaynabo Municipio, Puerto Rico",72,061
40622,"Gurabo Municipio, Puerto Rico",72,063
15654,"Hormigueros Municipio, Puerto Rico",72,067
50896,"Humacao Municipio, Puerto Rico",72,069
14779,"Jayuya Municipio, Puerto Rico",72,073
46538,"Juana Díaz Municipio, Puerto Rico",72,075
23334,"Lajas Municipio, Puerto Rico",72,079
28105,"Lares Municipio, Puerto Rico",72,081
8874,"Las Marías Municipio, Puerto Rico",72,083
35180,"Las Piedras Municipio, Puerto Rico",72,085
23693,"Loíza Municipio, Puerto Rico",72,087
17781,"Luquillo Municipio, Puerto Rico",72,089
39492,"Manatí Municipio, Puerto Rico",72,091
4755,"Maricao Municipio, Puerto Rico",72,093
10589,"Maunabo Municipio, Puerto Rico",72,095
73077,"Mayagüez Municipio, Puerto Rico",72,097
37460,"Moca Municipio, Puerto Rico",72,099
28727,"Morovis Municipio, Puerto Rico",72,101
23386,"Naguabo Municipio, Puerto Rico",72,103
29241,"Naranjito Municipio, Puerto Rico",72,105
21434,"Orocovis Municipio, Puerto Rico",72,107
15985,"Patillas Municipio, Puerto Rico",72,109
20399,"Peñuelas Municipio, Puerto Rico",72,111
137491,"Ponce Municipio, Puerto Rico",72,113
23638,"Quebradillas Municipio, Puerto Rico",72,115
22768,"Emanuel County, Georgia",13,107
25319,"Fannin County, Georgia",13,111
119194,"Fayette County, Georgia",13,113
251283,"Forsyth County, Georgia",13,117
1066710,"Fulton County, Georgia",13,121
31353,"Gilmer County, Georgia",13,123
84499,"Glynn County, Georgia",13,127
57544,"Gordon County, Georgia",13,129
18915,"Greene County, Georgia",13,133
957062,"Gwinnett County, Georgia",13,135
203136,"Hall County, Georgia",13,139
29919,"Haralson County, Georgia",13,143
34668,"Harris County, Georgia",13,145
25828,"Hart County, Georgia",13,147
11412,"Heard County, Georgia",13,149
240712,"Henry County, Georgia",13,151
163633,"Houston County, Georgia",13,153
9666,"Irwin County, Georgia",13,155
75907,"Jackson County, Georgia",13,157
14588,"Jasper County, Georgia",13,159
14779,"Jeff Davis County, Georgia",13,161
15709,"Jefferson County, Georgia",13,163
8674,"Jenkins County, Georgia",13,165
9189,"Johnson County, Georgia",13,167
28347,"Jones County, Georgia",13,169
18500,"Lamar County, Georgia",13,171
9877,"Lanier County, Georgia",13,173
49570,"Laurens County, Georgia",13,175
33163,"Lee County, Georgia",13,177
65256,"Liberty County, Georgia",13,179
7690,"Lincoln County, Georgia",13,181
16168,"Long County, Georgia",13,183
33488,"Lumpkin County, Georgia",13,187
10975,"McIntosh County, Georgia",13,191
12082,"Macon County, Georgia",13,193
7498,"Marion County, Georgia",13,197
20613,"Meriwether County, Georgia",13,199
21755,"Mitchell County, Georgia",13,205
8610,"Montgomery County, Georgia",13,209
20097,"Morgan County, Georgia",13,211
206922,"Muscogee County, Georgia",13,215
112483,"Newton County, Georgia",13,217
14825,"Oglethorpe County, Georgia",13,221
168661,"Paulding County, Georgia",13,223
33216,"Pickens County, Georgia",13,227
18889,"Pike County, Georgia",13,231
42853,"Polk County, Georgia",13,233
22047,"Putnam County, Georgia",13,237
2235,"Quitman County, Georgia",13,239
6425,"Randolph County, Georgia",13,243
93570,"Rockdale County, Georgia",13,247
4547,"Schley County, Georgia",13,249
9147,"Seminole County, Georgia",13,253
67306,"Spalding County, Georgia",13,255
5314,"Stewart County, Georgia",13,259
29616,"Sumter County, Georgia",13,261
1559,"Taliaferro County, Georgia",13,265
7816,"Taylor County, Georgia",13,269
12477,"Telfair County, Georgia",13,271
45798,"Thomas County, Georgia",13,275
440781,"Jefferson Parish, Louisiana",22,051
241753,"Lafayette Parish, Louisiana",22,055
97557,"Lafourche Parish, Louisiana",22,057
14791,"LaSalle Parish, Louisiana",22,059
48396,"Lincoln Parish, Louisiana",22,061
142282,"Livingston Parish, Louisiana",22,063
10017,"Madison Parish, Louisiana",22,065
25629,"Morehouse Parish, Louisiana",22,067
37515,"Natchitoches Parish, Louisiana",22,069
383997,"Orleans Parish, Louisiana",22,071
160368,"Ouachita Parish, Louisiana",22,073
23515,"Plaquemines Parish, Louisiana",22,075
20758,"Pointe Coupee Parish, Louisiana",22,077
130023,"Rapides Parish, Louisiana",22,079
7620,"Red River Parish, Louisiana",22,081
20043,"Richland Parish, Louisiana",22,083
22155,"Sabine Parish, Louisiana",22,085
43764,"St. Bernard Parish, Louisiana",22,087
52549,"St. Charles Parish, Louisiana",22,089
10920,"St. Helena Parish, Louisiana",22,091
20192,"St. James Parish, Louisiana",22,093
42477,"St. John the Baptist Parish, Louisiana",22,095
82540,"St. Landry Parish, Louisiana",22,097
51767,"St. Martin Parish, Louisiana",22,099
264570,"St. Tammany Parish, Louisiana",22,103
133157,"Tangipahoa Parish, Louisiana",22,105
109580,"Terrebonne Parish, Louisiana",22,109
57359,"Vermilion Parish, Louisiana",22,113
48750,"Vernon Parish, Louisiana",22,115
36967,"Webster Parish, Louisiana",22,119
27199,"West Baton Rouge Parish, Louisiana",22,121
15310,"West Feliciana Parish, Louisiana",22,125
13755,"Winn Parish, Louisiana",22,127
314848,"Albany County, New York",36,001
1472654,"Bronx County, New York",36,005
198683,"Broome County, New York",36,007
76248,"Cayuga County, New York",36,011
127657,"Chautauqua County, New York",36,013
47220,"Chenango County, New York",36,017
79843,"Clinton County, New York",36,019
46809,"Cortland County, New York",36,023
44308,"Delaware County, New York",36,025
954236,"Erie County, New York",36,029
47555,"Franklin County, New York",36,033
53324,"Fulton County, New York",36,035
47931,"Greene County, New York",36,039
5107,"Hamilton County, New York",36,041
116721,"Jefferson County, New York",36,045
2736074,"Kings County, New York",36,047
61834,"Livingston County, New York",36,051
68016,"Madison County, New York",36,053
49532,"Montgomery County, New York",36,057
1395774,"Nassau County, New York",36,059
212666,"Niagara County, New York",36,063
232125,"Oneida County, New York",36,065
112458,"Ontario County, New York",36,069
401310,"Orange County, New York",36,071
117525,"Oswego County, New York",36,075
47060,"Río Grande Municipio, Puerto Rico",72,119
22729,"Sabana Grande Municipio, Puerto Rico",72,121
31879,"San Germán Municipio, Puerto Rico",72,125
342259,"San Juan Municipio, Puerto Rico",72,127
37693,"San Lorenzo Municipio, Puerto Rico",72,129
20281,"Santa Isabel Municipio, Puerto Rico",72,133
66852,"Toa Alta Municipio, Puerto Rico",72,135
67740,"Trujillo Alto Municipio, Puerto Rico",72,139
28287,"Utuado Municipio, Puerto Rico",72,141
54414,"Vega Baja Municipio, Puerto Rico",72,145
8249,"Vieques Municipio, Puerto Rico",72,147
22093,"Villalba Municipio, Puerto Rico",72,149
34172,"Yauco Municipio, Puerto Rico",72,153
57922,"Anderson County, Texas",48,001
86395,"Angelina County, Texas",48,005
23830,"Aransas County, Texas",48,007
1848,"Armstrong County, Texas",48,011
48981,"Atascosa County, Texas",48,013
6904,"Bailey County, Texas",48,017
20851,"Bandera County, Texas",48,019
3465,"Baylor County, Texas",48,023
31047,"Bee County, Texas",48,025
2009324,"Bexar County, Texas",48,029
11374,"Blanco County, Texas",48,031
18235,"Bosque County, Texas",48,035
372031,"Brazoria County, Texas",48,039
233849,"Brazos County, Texas",48,041
1435,"Briscoe County, Texas",48,045
7076,"Brooks County, Texas",48,047
17642,"Burleson County, Texas",48,051
49130,"Burnet County, Texas",48,053
20106,"Calhoun County, Texas",48,057
13708,"Callahan County, Texas",48,059
12464,"Camp County, Texas",48,063
5807,"Carson County, Texas",48,065
7371,"Castro County, Texas",48,069
46571,"Chambers County, Texas",48,071
6664,"Childress County, Texas",48,075
10218,"Clay County, Texas",48,077
3285,"Coke County, Texas",48,081
7684,"Coleman County, Texas",48,083
2652,"Collingsworth County, Texas",48,087
20557,"Colorado County, Texas",48,089
161501,"Comal County, Texas",48,091
13594,"Comanche County, Texas",48,093
3303,"Concho County, Texas",48,095
41668,"Cooke County, Texas",48,097
83093,"Coryell County, Texas",48,099
15187,"Rincón Municipio, Puerto Rico",72,117
1380,"Cottle County, Texas",48,101
4675,"Crane County, Texas",48,103
3098,"Crockett County, Texas",48,105
5133,"Crosby County, Texas",48,107
2188,"Culberson County, Texas",48,109
7115,"Dallam County, Texas",48,111
2613539,"Dallas County, Texas",48,113
12456,"Dawson County, Texas",48,115
18583,"Deaf Smith County, Texas",48,117
5230,"Delta County, Texas",48,119
62721,"Knox County, Ohio",39,083
178519,"Licking County, Ohio",39,089
431279,"Lucas County, Ohio",39,095
228614,"Mahoning County, Ohio",39,099
22210,"Meigs County, Ohio",39,105
13385,"Monroe County, Ohio",39,111
34950,"Morrow County, Ohio",39,117
40364,"Ottawa County, Ohio",39,123
58539,"Pickaway County, Ohio",39,129
12493,"Towns County, Georgia",13,281
6406,"Treutlen County, Georgia",13,283
9006,"Turner County, Georgia",13,287
24632,"Union County, Georgia",13,291
27700,"Upson County, Georgia",13,293
96673,"Walton County, Georgia",13,297
36251,"Ware County, Georgia",13,299
19988,"Washington County, Georgia",13,303
2348,"Webster County, Georgia",13,307
7471,"Wheeler County, Georgia",13,309
102864,"Whitfield County, Georgia",13,313
8766,"Wilcox County, Georgia",13,315
8877,"Wilkinson County, Georgia",13,319
200629,"Hawaii County, Hawaii",15,001
1016508,"Honolulu County, Hawaii",15,003
82,"Kalawao County, Hawaii",15,005
73298,"Kauai County, Hawaii",15,007
164754,"Maui County, Hawaii",15,009
494967,"Ada County, Idaho",16,001
4379,"Adams County, Idaho",16,003
87018,"Bannock County, Idaho",16,005
6372,"Bear Lake County, Idaho",16,007
9530,"Benewah County, Idaho",16,009
47992,"Bingham County, Idaho",16,011
24272,"Blaine County, Idaho",16,013
7610,"Boise County, Idaho",16,015
47110,"Bonner County, Idaho",16,017
123964,"Bonneville County, Idaho",16,019
12056,"Boundary County, Idaho",16,021
2574,"Butte County, Idaho",16,023
1077,"Camas County, Idaho",16,025
231105,"Canyon County, Idaho",16,027
7027,"Caribou County, Idaho",16,029
24655,"Cassia County, Idaho",16,031
790,"Clark County, Idaho",16,033
4275,"Custer County, Idaho",16,037
14194,"Franklin County, Idaho",16,041
13388,"Fremont County, Idaho",16,043
15598,"Gooding County, Idaho",16,047
16541,"Idaho County, Idaho",16,049
24237,"Jerome County, Idaho",16,053
39517,"Latah County, Idaho",16,057
7974,"Lemhi County, Idaho",16,059
5127,"Lincoln County, Idaho",16,063
52913,"Madison County, Idaho",16,065
42090,"Nez Perce County, Idaho",16,069
11913,"Owyhee County, Idaho",16,073
41344,"Tift County, Georgia",13,277
25386,"Payette County, Idaho",16,075
13169,"Shoshone County, Idaho",16,079
11630,"Teton County, Idaho",16,081
11746,"Valley County, Idaho",16,085
10500,"Washington County, Idaho",16,087
5240,"Alexander County, Illinois",17,003
53448,"Boone County, Illinois",17,007
6244,"Brown County, Illinois",17,009
4437,"Calhoun County, Illinois",17,013
15702,"Carroll County, Illinois",17,015
205865,"Champaign County, Illinois",17,019
15455,"Clark County, Illinois",17,023
58524,"Otsego County, New York",36,077
2405464,"Queens County, New York",36,081
161130,"Rensselaer County, New York",36,083
338329,"Rockland County, New York",36,087
108505,"St. Lawrence County, New York",36,089
235509,"Saratoga County, New York",36,091
158061,"Schenectady County, New York",36,093
29714,"Schoharie County, New York",36,095
17898,"Schuyler County, New York",36,097
33814,"Seneca County, New York",36,099
93584,"Steuben County, New York",36,101
1525920,"Suffolk County, New York",36,103
78624,"Sullivan County, New York",36,105
48455,"Tioga County, New York",36,107
105740,"Tompkins County, New York",36,109
181851,"Ulster County, New York",36,111
65737,"Warren County, New York",36,113
61302,"Washington County, New York",36,115
91283,"Wayne County, New York",36,117
1004457,"Westchester County, New York",36,119
40531,"Wyoming County, New York",36,121
24774,"Yates County, New York",36,123
171415,"Alamance County, North Carolina",37,001
36444,"Alexander County, North Carolina",37,003
10888,"Alleghany County, North Carolina",37,005
26577,"Ashe County, North Carolina",37,009
17806,"Avery County, North Carolina",37,011
17934,"Bertie County, North Carolina",37,015
29606,"Bladen County, North Carolina",37,017
269452,"Buncombe County, North Carolina",37,021
87570,"Burke County, North Carolina",37,023
80652,"Caldwell County, North Carolina",37,027
10355,"Camden County, North Carolina",37,029
22736,"Caswell County, North Carolina",37,033
160610,"Catawba County, North Carolina",37,035
28774,"Cherokee County, North Carolina",37,039
13708,"Chowan County, North Carolina",37,041
11089,"Clay County, North Carolina",37,043
50623,"Columbus County, North Carolina",37,047
100720,"Craven County, North Carolina",37,049
28100,"Currituck County, North Carolina",37,053
36915,"Dare County, North Carolina",37,055
42712,"Davie County, North Carolina",37,059
48715,"Duplin County, North Carolina",37,061
48900,"Edgecombe County, North Carolina",37,065
382590,"Forsyth County, North Carolina",37,067
227943,"Gaston County, North Carolina",37,071
10478,"Gates County, North Carolina",37,073
60992,"Granville County, North Carolina",37,077
20451,"Greene County, North Carolina",37,079
48622,"Halifax County, North Carolina",37,083
133568,"Harnett County, North Carolina",37,085
116281,"Henderson County, North Carolina",37,089
21552,"Hertford County, North Carolina",37,091
52082,"Hoke County, North Carolina",37,093
186693,"Iredell County, North Carolina",37,097
43109,"Jackson County, North Carolina",37,099
906422,"Denton County, Texas",48,121
19824,"DeWitt County, Texas",48,123
1770,"Dickens County, Texas",48,125
8615,"Dimmit County, Texas",48,127
3258,"Donley County, Texas",48,129
9831,"Duval County, Texas",48,131
165171,"Ector County, Texas",48,135
1422,"Edwards County, Texas",48,137
865657,"El Paso County, Texas",48,141
42545,"Erath County, Texas",48,143
35662,"Fannin County, Texas",48,147
24435,"Fayette County, Texas",48,149
5402,"Floyd County, Texas",48,153
1095,"Foard County, Texas",48,155
10359,"Franklin County, Texas",48,159
19435,"Freestone County, Texas",48,161
21598,"Gaines County, Texas",48,165
5816,"Garza County, Texas",48,169
26725,"Gillespie County, Texas",48,171
7012,"Goliad County, Texas",48,175
19653,"Gonzales County, Texas",48,177
135543,"Grayson County, Texas",48,181
124239,"Gregg County, Texas",48,183
172706,"Guadalupe County, Texas",48,187
32522,"Hale County, Texas",48,189
8222,"Hamilton County, Texas",48,193
5285,"Hansford County, Texas",48,195
56231,"Hardin County, Texas",48,199
4731145,"Harris County, Texas",48,201
5382,"Hartley County, Texas",48,205
5416,"Haskell County, Texas",48,207
3382,"Hemphill County, Texas",48,211
82150,"Henderson County, Texas",48,213
35874,"Hill County, Texas",48,217
21537,"Hockley County, Texas",48,219
36787,"Hopkins County, Texas",48,223
22066,"Houston County, Texas",48,225
3202,"Hudspeth County, Texas",48,229
99956,"Hunt County, Texas",48,231
1513,"Irion County, Texas",48,235
8472,"Jack County, Texas",48,237
32980,"Jasper County, Texas",48,241
1996,"Jeff Davis County, Texas",48,243
4838,"Jim Hogg County, Texas",48,247
38891,"Jim Wells County, Texas",48,249
19663,"Jones County, Texas",48,253
14710,"Karnes County, Texas",48,255
145310,"Kaufman County, Texas",48,257
44279,"Kendall County, Texas",48,259
350,"Kenedy County, Texas",48,261
753,"Kent County, Texas",48,263
52598,"Kerr County, Texas",48,265
4286,"Kimble County, Texas",48,267
265,"King County, Texas",48,269
3129,"Kinney County, Texas",48,271
31040,"Kleberg County, Texas",48,273
3353,"Knox County, Texas",48,275
50088,"Lamar County, Texas",48,277
13045,"Lamb County, Texas",48,279
21627,"Lampasas County, Texas",48,281
6664,"La Salle County, Texas",48,283
161791,"Portage County, Ohio",39,133
124936,"Richland County, Ohio",39,139
74008,"Scioto County, Ohio",39,145
374853,"Stark County, Ohio",39,151
93263,"Tuscarawas County, Ohio",39,157
12800,"Vinton County, Ohio",39,163
5527,"Cotton County, Oklahoma",40,033
28513,"Custer County, Oklahoma",40,039
3749,"Ellis County, Oklahoma",40,045
54795,"Grady County, Oklahoma",40,051
2488,"Harmon County, Oklahoma",40,057
13367,"Hughes County, Oklahoma",40,063
10272,"Johnston County, Oklahoma",40,069
8509,"Kiowa County, Oklahoma",40,075
33458,"Lincoln County, Oklahoma",40,081
41662,"McClain County, Oklahoma",40,087
7782,"Major County, Oklahoma",40,093
13904,"Murray County, Oklahoma",40,099
9320,"Nowata County, Oklahoma",40,105
796292,"Oklahoma County, Oklahoma",40,109
30285,"Ottawa County, Oklahoma",40,115
43773,"Pittsburg County, Oklahoma",40,121
10812,"Pushmataha County, Oklahoma",40,127
23556,"Seminole County, Oklahoma",40,133
21384,"Texas County, Oklahoma",40,139
80981,"Wagoner County, Oklahoma",40,145
8624,"Woods County, Oklahoma",40,151
95184,"Benton County, Oregon",41,003
12186,"Morrow County, Oregon",41,049
87433,"Polk County, Oregon",41,053
80075,"Umatilla County, Oregon",41,059
26670,"Wasco County, Oregon",41,065
107722,"Yamhill County, Oregon",41,071
85643,"Newport County, Rhode Island",44,005
103852,"Adams County, Pennsylvania",42,001
168215,"Beaver County, Pennsylvania",42,007
122822,"Blair County, Pennsylvania",42,013
193763,"Butler County, Pennsylvania",42,019
64749,"Carbon County, Pennsylvania",42,025
37241,"Clarion County, Pennsylvania",42,031
64727,"Columbia County, Pennsylvania",42,037
286401,"Dauphin County, Pennsylvania",42,043
270876,"Erie County, Pennsylvania",42,049
155932,"Franklin County, Pennsylvania",42,055
44092,"Huntingdon County, Pennsylvania",42,061
23509,"Juniata County, Pennsylvania",42,067
86070,"Lawrence County, Pennsylvania",42,073
325594,"Luzerne County, Pennsylvania",42,079
46143,"Mifflin County, Pennsylvania",42,087
354663,"Westmoreland County, Pennsylvania",42,129
168808,"Aiken County, South Carolina",45,003
13311,"Bamberg County, South Carolina",45,009
229861,"Berkeley County, South Carolina",45,015
56216,"Cherokee County, South Carolina",45,021
31144,"Clarendon County, South Carolina",45,027
161540,"Dorchester County, South Carolina",45,035
137059,"Florence County, South Carolina",45,041
69351,"Greenwood County, South Carolina",45,047
13288,"Clay County, Illinois",17,025
46863,"Coles County, Illinois",17,029
5275541,"Cook County, Illinois",17,031
10450,"Cumberland County, Illinois",17,035
100420,"DeKalb County, Illinois",17,037
19740,"Douglas County, Illinois",17,041
16866,"Edgar County, Illinois",17,045
6245,"Edwards County, Illinois",17,047
21488,"Fayette County, Illinois",17,051
13534,"Ford County, Illinois",17,053
33609,"Fulton County, Illinois",17,057
4946,"Gallatin County, Illinois",17,059
52533,"Grundy County, Illinois",17,063
17620,"Hancock County, Illinois",17,067
3649,"Hardin County, Illinois",17,069
49284,"Henry County, Illinois",17,073
27077,"Iroquois County, Illinois",17,075
9287,"Jasper County, Illinois",17,079
37113,"Jefferson County, Illinois",17,081
21512,"Jersey County, Illinois",17,083
22035,"Jo Daviess County, Illinois",17,085
13308,"Johnson County, Illinois",17,087
516522,"Kane County, Illinois",17,089
107502,"Kankakee County, Illinois",17,091
131869,"Kendall County, Illinois",17,093
49967,"Knox County, Illinois",17,095
714342,"Lake County, Illinois",17,097
109658,"LaSalle County, Illinois",17,099
15280,"Lawrence County, Illinois",17,101
34145,"Lee County, Illinois",17,103
35815,"Livingston County, Illinois",17,105
27987,"Logan County, Illinois",17,107
27238,"McDonough County, Illinois",17,109
310229,"McHenry County, Illinois",17,111
170954,"McLean County, Illinois",17,113
103998,"Macon County, Illinois",17,115
44967,"Macoupin County, Illinois",17,117
265859,"Madison County, Illinois",17,119
11742,"Marshall County, Illinois",17,123
13086,"Mason County, Illinois",17,125
12297,"Menard County, Illinois",17,129
15699,"Mercer County, Illinois",17,131
28288,"Montgomery County, Illinois",17,135
32915,"Morgan County, Illinois",17,137
51788,"Ogle County, Illinois",17,141
20945,"Perry County, Illinois",17,145
16673,"Piatt County, Illinois",17,147
3763,"Pope County, Illinois",17,151
5193,"Pulaski County, Illinois",17,153
30163,"Randolph County, Illinois",17,157
15813,"Richland County, Illinois",17,159
257400,"St. Clair County, Illinois",17,163
196343,"Sangamon County, Illinois",17,167
6902,"Schuyler County, Illinois",17,169
20990,"Shelby County, Illinois",17,173
5400,"Stark County, Illinois",17,175
131343,"Tazewell County, Illinois",17,179
17244,"Union County, Illinois",17,181
11361,"Wabash County, Illinois",17,185
9172,"Jones County, North Carolina",37,103
63285,"Lee County, North Carolina",37,105
86810,"Lincoln County, North Carolina",37,109
44578,"McDowell County, North Carolina",37,111
21193,"Madison County, North Carolina",37,115
22031,"Martin County, North Carolina",37,117
14903,"Mitchell County, North Carolina",37,121
25751,"Montgomery County, North Carolina",37,123
99727,"Moore County, North Carolina",37,125
94970,"Nash County, North Carolina",37,127
225702,"New Hanover County, North Carolina",37,129
17471,"Northampton County, North Carolina",37,131
204576,"Onslow County, North Carolina",37,133
148696,"Orange County, North Carolina",37,135
12276,"Pamlico County, North Carolina",37,137
40568,"Pasquotank County, North Carolina",37,139
60203,"Pender County, North Carolina",37,141
13005,"Perquimans County, North Carolina",37,143
39097,"Person County, North Carolina",37,145
170243,"Pitt County, North Carolina",37,147
19328,"Polk County, North Carolina",37,149
144171,"Randolph County, North Carolina",37,151
42946,"Richmond County, North Carolina",37,153
116530,"Robeson County, North Carolina",37,155
91096,"Rockingham County, North Carolina",37,157
146875,"Rowan County, North Carolina",37,159
64444,"Rutherford County, North Carolina",37,161
59036,"Sampson County, North Carolina",37,163
34174,"Scotland County, North Carolina",37,165
44520,"Stokes County, North Carolina",37,169
71359,"Surry County, North Carolina",37,171
32986,"Transylvania County, North Carolina",37,175
3245,"Tyrrell County, North Carolina",37,177
42578,"Vance County, North Carolina",37,181
1129410,"Wake County, North Carolina",37,183
11003,"Washington County, North Carolina",37,187
54086,"Watauga County, North Carolina",37,189
65969,"Wilkes County, North Carolina",37,193
78784,"Wilson County, North Carolina",37,195
18470,"Yancey County, North Carolina",37,199
274534,"Atlantic County, New Jersey",34,001
461860,"Burlington County, New Jersey",34,005
523485,"Camden County, New Jersey",34,007
154152,"Cumberland County, New Jersey",34,011
863728,"Essex County, New Jersey",34,013
724854,"Hudson County, New Jersey",34,017
128947,"Hunterdon County, New Jersey",34,019
863162,"Middlesex County, New Jersey",34,023
643615,"Monmouth County, New Jersey",34,025
637229,"Ocean County, New Jersey",34,029
524118,"Passaic County, New Jersey",34,031
345361,"Somerset County, New Jersey",34,035
144221,"Sussex County, New Jersey",34,037
109632,"Warren County, New Jersey",34,041
35809,"Adams County, Indiana",18,001
82208,"Bartholomew County, Indiana",18,005
8719,"Benton County, Indiana",18,007
17478,"Lee County, Texas",48,287
15719,"Leon County, Texas",48,289
91628,"Liberty County, Texas",48,291
22146,"Limestone County, Texas",48,293
3059,"Lipscomb County, Texas",48,295
11335,"Live Oak County, Texas",48,297
21243,"Llano County, Texas",48,299
310639,"Lubbock County, Texas",48,303
7630,"McCulloch County, Texas",48,307
260579,"McLennan County, Texas",48,309
13455,"Madison County, Texas",48,313
9725,"Marion County, Texas",48,315
3953,"Mason County, Texas",48,319
36255,"Matagorda County, Texas",48,321
50748,"Medina County, Texas",48,325
1962,"Menard County, Texas",48,327
24754,"Milam County, Texas",48,331
4456,"Mills County, Texas",48,333
19965,"Montague County, Texas",48,337
620443,"Montgomery County, Texas",48,339
11973,"Morris County, Texas",48,343
1063,"Motley County, Texas",48,345
52624,"Navarro County, Texas",48,349
12217,"Newton County, Texas",48,351
353178,"Nueces County, Texas",48,355
10015,"Ochiltree County, Texas",48,357
84808,"Orange County, Texas",48,361
28409,"Palo Pinto County, Texas",48,363
148222,"Parker County, Texas",48,367
9869,"Parmer County, Texas",48,369
50123,"Polk County, Texas",48,373
118525,"Potter County, Texas",48,375
12164,"Rains County, Texas",48,379
140753,"Randall County, Texas",48,381
2758,"Real County, Texas",48,385
11587,"Red River County, Texas",48,387
6741,"Refugio County, Texas",48,391
827,"Roberts County, Texas",48,393
107819,"Rockwall County, Texas",48,397
9900,"Runnels County, Texas",48,399
9894,"Sabine County, Texas",48,403
7918,"San Augustine County, Texas",48,405
68755,"San Patricio County, Texas",48,409
5730,"San Saba County, Texas",48,411
16932,"Scurry County, Texas",48,415
3105,"Shackelford County, Texas",48,417
2782,"Sherman County, Texas",48,421
233479,"Smith County, Texas",48,423
20337,"Lavaca County, Texas",48,285
9205,"Somervell County, Texas",48,425
65920,"Starr County, Texas",48,427
9101,"Stephens County, Texas",48,429
1372,"Sterling County, Texas",48,431
1245,"Stonewall County, Texas",48,433
3372,"Sutton County, Texas",48,435
6971,"Swisher County, Texas",48,437
2110640,"Tarrant County, Texas",48,439
143208,"Taylor County, Texas",48,441
760,"Terrell County, Texas",48,443
11831,"Terry County, Texas",48,445
1440,"Throckmorton County, Texas",48,447
28791,"Jasper County, South Carolina",45,053
16531,"Lee County, South Carolina",45,061
29183,"Marion County, South Carolina",45,067
78607,"Oconee County, South Carolina",45,073
416147,"Richland County, South Carolina",45,079
105556,"Sumter County, South Carolina",45,085
2747,"Aurora County, South Dakota",46,003
7003,"Bon Homme County, South Dakota",46,009
5247,"Brule County, South Dakota",46,015
3461,"Hanson County, South Dakota",46,061
7427,"Hutchinson County, South Dakota",46,067
1663,"Jerauld County, South Dakota",46,073
25768,"Lawrence County, South Dakota",46,081
5682,"McCook County, South Dakota",46,087
29852,"Meade County, South Dakota",46,093
197214,"Minnehaha County, South Dakota",46,099
109222,"Pennington County, South Dakota",46,103
2330,"Sanborn County, South Dakota",46,111
1446,"Sully County, South Dakota",46,119
8673,"Turner County, South Dakota",46,125
23310,"Yankton County, South Dakota",46,135
50237,"Bedford County, Tennessee",47,003
135280,"Blount County, Tennessee",47,009
14506,"Cannon County, Tennessee",47,015
41072,"Cheatham County, Tennessee",47,021
7581,"Clay County, Tennessee",47,027
13911,"Crockett County, Tennessee",47,033
11435,"Decatur County, Tennessee",47,039
11617,"Jackson County, Tennessee",47,087
478971,"Knox County, Tennessee",47,093
44159,"Lawrence County, Tennessee",47,099
54886,"Loudon County, Tennessee",47,105
25216,"Macon County, Tennessee",47,111
34318,"Marshall County, Tennessee",47,117
46250,"Monroe County, Tennessee",47,123
21035,"Morgan County, Tennessee",47,129
8366,"Perry County, Tennessee",47,135
79854,"Putnam County, Tennessee",47,141
72803,"Robertson County, Tennessee",47,147
98380,"Sevier County, Tennessee",47,155
13657,"Stewart County, Tennessee",47,161
60970,"Tipton County, Tennessee",47,167
19802,"Union County, Tennessee",47,173
133001,"Washington County, Tennessee",47,179
27351,"White County, Tennessee",47,185
7072,"Beaver County, Utah",49,001
20412,"Carbon County, Utah",49,007
19596,"Duchesne County, Utah",49,013
37363,"Addison County, Vermont",50,001
168323,"Chittenden County, Vermont",50,007
7293,"Grand Isle County, Vermont",50,013
27393,"Orleans County, Vermont",50,019
45905,"Windham County, Vermont",50,025
112395,"Albemarle County, Virginia",51,003
31307,"Amherst County, Virginia",51,009
77487,"Augusta County, Virginia",51,015
6270,"Bland County, Virginia",51,021
20355,"Buchanan County, Virginia",51,027
16835,"Warren County, Illinois",17,187
16179,"Wayne County, Illinois",17,191
55691,"Whiteside County, Illinois",17,195
696355,"Will County, Illinois",17,197
285350,"Winnebago County, Illinois",17,201
38467,"Woodford County, Illinois",17,203
3704,"Adams County, Iowa",19,003
14061,"Allamakee County, Iowa",19,005
5674,"Audubon County, Iowa",19,009
131144,"Black Hawk County, Iowa",19,013
26715,"Boone County, Iowa",19,015
20565,"Buchanan County, Iowa",19,019
14334,"Butler County, Iowa",19,023
9927,"Calhoun County, Iowa",19,025
13127,"Cass County, Iowa",19,029
18505,"Cedar County, Iowa",19,031
11658,"Cherokee County, Iowa",19,035
12012,"Chickasaw County, Iowa",19,037
16384,"Clay County, Iowa",19,041
46460,"Clinton County, Iowa",19,045
16525,"Crawford County, Iowa",19,047
9110,"Davis County, Iowa",19,051
7645,"Decatur County, Iowa",19,053
38910,"Des Moines County, Iowa",19,057
17703,"Dickinson County, Iowa",19,059
99266,"Dubuque County, Iowa",19,061
9388,"Emmet County, Iowa",19,063
19509,"Fayette County, Iowa",19,065
15627,"Floyd County, Iowa",19,067
10019,"Franklin County, Iowa",19,069
6605,"Fremont County, Iowa",19,071
8771,"Greene County, Iowa",19,073
12329,"Grundy County, Iowa",19,075
10623,"Guthrie County, Iowa",19,077
15039,"Hamilton County, Iowa",19,079
10795,"Hancock County, Iowa",19,081
16878,"Hardin County, Iowa",19,083
14582,"Harrison County, Iowa",19,085
20482,"Henry County, Iowa",19,087
9469,"Howard County, Iowa",19,089
9597,"Humboldt County, Iowa",19,091
7005,"Ida County, Iowa",19,093
16662,"Iowa County, Iowa",19,095
19485,"Jackson County, Iowa",19,097
15663,"Jefferson County, Iowa",19,101
152854,"Johnson County, Iowa",19,103
10033,"Keokuk County, Iowa",19,107
33555,"Lee County, Iowa",19,111
230299,"Linn County, Iowa",19,113
8634,"Lucas County, Iowa",19,117
11934,"Lyon County, Iowa",19,119
22190,"Mahaska County, Iowa",19,123
40105,"Marshall County, Iowa",19,127
14484,"Mills County, Iowa",19,129
8751,"Monona County, Iowa",19,133
7577,"Monroe County, Iowa",19,135
43235,"Muscatine County, Iowa",19,139
6192,"Osceola County, Iowa",19,143
15211,"Page County, Iowa",19,145
25698,"Plymouth County, Iowa",19,149
7078,"Pocahontas County, Iowa",19,151
70812,"Boone County, Indiana",18,011
15475,"Brown County, Indiana",18,013
37870,"Cass County, Indiana",18,017
121093,"Clark County, Indiana",18,019
33190,"Clinton County, Indiana",18,023
10526,"Crawford County, Indiana",18,025
50679,"Dearborn County, Indiana",18,029
26472,"Decatur County, Indiana",18,031
111903,"Delaware County, Indiana",18,035
43637,"Dubois County, Indiana",18,037
23398,"Fayette County, Indiana",18,041
80484,"Floyd County, Indiana",18,043
16479,"Fountain County, Indiana",18,045
22785,"Franklin County, Indiana",18,047
20480,"Fulton County, Indiana",18,049
33011,"Gibson County, Indiana",18,051
66674,"Grant County, Indiana",18,053
30803,"Greene County, Indiana",18,055
347467,"Hamilton County, Indiana",18,057
79840,"Hancock County, Indiana",18,059
39654,"Harrison County, Indiana",18,061
174788,"Hendricks County, Indiana",18,063
48914,"Henry County, Indiana",18,065
83658,"Howard County, Indiana",18,067
36662,"Huntington County, Indiana",18,069
46428,"Jackson County, Indiana",18,071
32918,"Jasper County, Indiana",18,073
20478,"Jay County, Indiana",18,075
33147,"Jefferson County, Indiana",18,077
27613,"Jennings County, Indiana",18,079
161765,"Johnson County, Indiana",18,081
36282,"Knox County, Indiana",18,083
40446,"LaGrange County, Indiana",18,087
498700,"Lake County, Indiana",18,089
45011,"Lawrence County, Indiana",18,093
130129,"Madison County, Indiana",18,095
46095,"Marshall County, Indiana",18,099
9812,"Martin County, Indiana",18,101
139718,"Monroe County, Indiana",18,105
37936,"Montgomery County, Indiana",18,107
13830,"Newton County, Indiana",18,111
47457,"Noble County, Indiana",18,113
19867,"Orange County, Indiana",18,117
21321,"Owen County, Indiana",18,119
19170,"Perry County, Indiana",18,123
12250,"Pike County, Indiana",18,125
25222,"Posey County, Indiana",18,129
12514,"Pulaski County, Indiana",18,131
24502,"Randolph County, Indiana",18,135
28995,"Ripley County, Indiana",18,137
272912,"St. Joseph County, Indiana",18,141
45055,"Shelby County, Indiana",18,145
19810,"Spencer County, Indiana",18,147
34435,"Steuben County, Indiana",18,151
20817,"Sullivan County, Indiana",18,153
186251,"Tippecanoe County, Indiana",18,157
15359,"Tipton County, Indiana",18,159
180136,"Vanderburgh County, Indiana",18,163
15439,"Vermillion County, Indiana",18,165
30976,"Wabash County, Indiana",18,169
31247,"Titus County, Texas",48,449
120003,"Tom Green County, Texas",48,451
1290188,"Travis County, Texas",48,453
13602,"Trinity County, Texas",48,455
19798,"Tyler County, Texas",48,457
40892,"Upshur County, Texas",48,459
3308,"Upton County, Texas",48,461
24564,"Uvalde County, Texas",48,463
59541,"Van Zandt County, Texas",48,467
91319,"Victoria County, Texas",48,469
56794,"Waller County, Texas",48,473
11644,"Ward County, Texas",48,475
267114,"Webb County, Texas",48,479
41570,"Wharton County, Texas",48,481
129350,"Wichita County, Texas",48,485
12887,"Wilbarger County, Texas",48,487
609017,"Williamson County, Texas",48,491
49753,"Wilson County, Texas",48,493
68632,"Wise County, Texas",48,497
44843,"Wood County, Texas",48,499
17867,"Young County, Texas",48,503
13889,"Zapata County, Texas",48,505
37570,"Covington County, Alabama",01,039
49326,"Dale County, Alabama",01,045
87977,"Elmore County, Alabama",01,051
16321,"Fayette County, Alabama",01,057
26659,"Geneva County, Alabama",01,061
17146,"Henry County, Alabama",01,067
674721,"Jefferson County, Alabama",01,073
33073,"Lawrence County, Alabama",01,079
103570,"Limestone County, Alabama",01,083
388153,"Madison County, Alabama",01,089
97612,"Marshall County, Alabama",01,095
228954,"Montgomery County, Alabama",01,101
8511,"Perry County, Alabama",01,105
21967,"Randolph County, Alabama",01,111
223024,"Shelby County, Alabama",01,117
82149,"Talladega County, Alabama",01,121
65342,"Walker County, Alabama",01,127
23540,"Winston County, Alabama",01,133
40474,"Amador County, California",06,005
45292,"Calaveras County, California",06,009
27743,"Del Norte County, California",06,015
28917,"Glenn County, California",06,021
19016,"Inyo County, California",06,027
68163,"Lake County, California",06,033
10014009,"Los Angeles County, California",06,037
448229,"Santa Barbara County, California",06,083
182155,"Shasta County, California",06,089
30887,"Caroline County, Virginia",51,033
364548,"Chesterfield County, Virginia",51,041
52552,"Culpeper County, Virginia",51,047
27947,"Dinwiddie County, Virginia",51,053
72972,"Fauquier County, Virginia",51,061
54477,"Franklin County, Virginia",51,067
38711,"Gloucester County, Virginia",51,073
20552,"Greene County, Virginia",51,079
109979,"Hanover County, Virginia",51,085
2232,"Highland County, Virginia",51,091
60501,"Pittsylvania County, Virginia",51,143
482204,"Prince William County, Virginia",51,153
8923,"Richmond County, Virginia",51,159
83757,"Rockingham County, Virginia",51,165
44186,"Shenandoah County, Virginia",51,171
140032,"Spotsylvania County, Virginia",51,177
10829,"Sussex County, Virginia",51,183
53935,"Washington County, Virginia",51,191
28290,"Wythe County, Virginia",51,197
17219,"Bristol city, Virginia",51,520
249422,"Chesapeake city, Virginia",51,550
5766,"Emporia city, Virginia",51,595
8180,"Franklin city, Virginia",51,620
137148,"Hampton city, Virginia",51,650
7320,"Lexington city, Virginia",51,678
17219,"Manassas Park city, Virginia",51,685
238005,"Norfolk city, Virginia",51,710
12460,"Poquoson city, Virginia",51,735
226610,"Richmond city, Virginia",51,760
32977,"Jefferson County, Washington",53,031
22735,"Klickitat County, Washington",53,039
65726,"Mason County, Washington",53,045
13401,"Pend Oreille County, Washington",53,051
129523,"Skagit County, Washington",53,057
539339,"Spokane County, Washington",53,063
4422,"Wahkiakum County, Washington",53,069
47973,"Whitman County, Washington",53,075
122076,"Berkeley County, West Virginia",54,003
22559,"Brooke County, West Virginia",54,009
7808,"Doddridge County, West Virginia",54,017
10976,"Grant County, West Virginia",54,023
29095,"Hancock County, West Virginia",54,029
27791,"Jackson County, West Virginia",54,035
17033,"Lewis County, West Virginia",54,041
19111,"McDowell County, West Virginia",54,047
25453,"Mason County, West Virginia",54,053
23568,"Mingo County, West Virginia",54,059
17063,"Morgan County, West Virginia",54,065
20654,"Adams County, Wisconsin",55,001
16220,"Bayfield County, Wisconsin",55,007
16526,"Burnett County, Wisconsin",55,013
34659,"Clark County, Wisconsin",55,019
561504,"Dane County, Wisconsin",55,025
44295,"Douglas County, Wisconsin",55,031
4558,"Florence County, Wisconsin",55,037
51938,"Grant County, Wisconsin",55,043
23709,"Iowa County, Wisconsin",55,049
84900,"Jefferson County, Wisconsin",55,055
93667,"Pottawattamie County, Iowa",19,155
4663,"Ringgold County, Iowa",19,159
9814,"Sac County, Iowa",19,161
11746,"Shelby County, Iowa",19,165
35872,"Sioux County, Iowa",19,167
17135,"Tama County, Iowa",19,171
12138,"Union County, Iowa",19,175
7203,"Van Buren County, Iowa",19,177
52403,"Warren County, Iowa",19,181
22565,"Washington County, Iowa",19,183
36999,"Webster County, Iowa",19,187
20070,"Winneshiek County, Iowa",19,191
105941,"Woodbury County, Iowa",19,193
12943,"Wright County, Iowa",19,197
68106,"Allegany County, Maryland",24,001
854535,"Baltimore County, Maryland",24,005
33293,"Caroline County, Maryland",24,011
172891,"Carroll County, Maryland",24,013
166617,"Charles County, Maryland",24,017
32531,"Dorchester County, Maryland",24,019
28806,"Garrett County, Maryland",24,023
260924,"Harford County, Maryland",24,025
19198,"Kent County, Maryland",24,029
967201,"Prince George's County, Maryland",24,033
49874,"Queen Anne's County, Maryland",24,035
24620,"Somerset County, Maryland",24,039
37526,"Talbot County, Maryland",24,041
154705,"Washington County, Maryland",24,043
103588,"Wicomico County, Maryland",24,045
52460,"Worcester County, Maryland",24,047
585708,"Baltimore city, Maryland",24,510
10167,"Alcona County, Michigan",26,001
8842,"Alger County, Michigan",26,003
120502,"Allegan County, Michigan",26,005
28907,"Alpena County, Michigan",26,007
23431,"Antrim County, Michigan",26,009
15002,"Arenac County, Michigan",26,011
8158,"Baraga County, Michigan",26,013
62423,"Barry County, Michigan",26,015
103856,"Bay County, Michigan",26,017
17970,"Benzie County, Michigan",26,019
154316,"Berrien County, Michigan",26,021
44862,"Branch County, Michigan",26,023
134310,"Calhoun County, Michigan",26,025
51589,"Cass County, Michigan",26,027
26054,"Charlevoix County, Michigan",26,029
36785,"Chippewa County, Michigan",26,033
30856,"Clare County, Michigan",26,035
12988,"Crawford County, Michigan",26,039
36903,"Delta County, Michigan",26,041
109175,"Eaton County, Michigan",26,045
406211,"Genesee County, Michigan",26,049
25386,"Gladwin County, Michigan",26,051
95238,"Grand Traverse County, Michigan",26,055
41761,"Gratiot County, Michigan",26,057
37361,"Houghton County, Michigan",26,061
31407,"Huron County, Michigan",26,063
66804,"Ionia County, Michigan",26,067
11631,"Iron County, Michigan",26,071
8440,"Warren County, Indiana",18,171
28182,"Washington County, Indiana",18,175
66553,"Wayne County, Indiana",18,177
24688,"White County, Indiana",18,181
34191,"Whitley County, Indiana",18,183
129026,"Berkshire County, Massachusetts",25,003
579200,"Bristol County, Massachusetts",25,005
809829,"Essex County, Massachusetts",25,009
71029,"Franklin County, Massachusetts",25,011
162308,"Hampshire County, Massachusetts",25,015
1632002,"Middlesex County, Massachusetts",25,017
725981,"Norfolk County, Massachusetts",25,021
530819,"Plymouth County, Massachusetts",25,023
797936,"Suffolk County, Massachusetts",25,025
862111,"Worcester County, Massachusetts",25,027
27477,"Adams County, Ohio",39,001
102206,"Allen County, Ohio",39,003
52447,"Ashland County, Ohio",39,005
97574,"Ashtabula County, Ohio",39,007
62431,"Athens County, Ohio",39,009
46422,"Auglaize County, Ohio",39,011
66497,"Belmont County, Ohio",39,013
43676,"Brown County, Ohio",39,015
390357,"Butler County, Ohio",39,017
26721,"Carroll County, Ohio",39,019
38714,"Champaign County, Ohio",39,021
136001,"Clark County, Ohio",39,023
208601,"Clermont County, Ohio",39,025
42018,"Clinton County, Ohio",39,027
101877,"Columbiana County, Ohio",39,029
36612,"Coshocton County, Ohio",39,031
42025,"Crawford County, Ohio",39,033
1264817,"Cuyahoga County, Ohio",39,035
38286,"Defiance County, Ohio",39,039
214124,"Delaware County, Ohio",39,041
158921,"Fairfield County, Ohio",39,045
28951,"Fayette County, Ohio",39,047
42713,"Fulton County, Ohio",39,051
29220,"Gallia County, Ohio",39,053
167966,"Greene County, Ohio",39,057
38438,"Guernsey County, Ohio",39,059
74920,"Hancock County, Ohio",39,063
30696,"Hardin County, Ohio",39,065
27662,"Henry County, Ohio",39,069
28050,"Hocking County, Ohio",39,073
44223,"Holmes County, Ohio",39,075
32653,"Jackson County, Ohio",39,079
65249,"Jefferson County, Ohio",39,081
232603,"Lake County, Ohio",39,085
58240,"Lawrence County, Ohio",39,087
46150,"Logan County, Ohio",39,091
312964,"Lorain County, Ohio",39,093
43824,"Madison County, Ohio",39,097
65359,"Marion County, Ohio",39,101
182470,"Medina County, Ohio",39,103
42528,"Mercer County, Ohio",39,107
108774,"Miami County, Ohio",39,109
537309,"Montgomery County, Ohio",39,113
13802,"Morgan County, Ohio",39,115
86410,"Muskingum County, Ohio",39,119
44076,"Siskiyou County, California",06,093
552878,"Stanislaus County, California",06,099
16112,"Trinity County, California",06,105
843843,"Ventura County, California",06,111
17149,"Arkansas County, Arkansas",05,001
284333,"Benton County, Arkansas",05,007
10545,"Bradley County, Arkansas",05,011
10208,"Chicot County, Arkansas",05,017
24711,"Cleburne County, Arkansas",05,023
20715,"Conway County, Arkansas",05,029
60133,"Crawford County, Arkansas",05,033
6482,"Dallas County, Arkansas",05,039
123498,"Faulkner County, Arkansas",05,045
100180,"Garland County, Arkansas",05,051
45736,"Greene County, Arkansas",05,055
12785,"Howard County, Arkansas",05,061
16755,"Jackson County, Arkansas",05,067
6308,"Lafayette County, Arkansas",05,073
8600,"Lee County, Arkansas",05,077
21131,"Logan County, Arkansas",05,083
16826,"Marion County, Arkansas",05,089
40685,"Mississippi County, Arkansas",05,093
15796,"Van Buren County, Arkansas",05,141
6269,"Woodruff County, Arkansas",05,147
957419,"Fairfield County, Connecticut",09,001
164245,"Middlesex County, Connecticut",09,007
149788,"Tolland County, Connecticut",09,013
3420,"Aleutians East Borough, Alaska",02,013
18666,"Bethel Census Area, Alaska",02,050
2617,"Copper River Census Area, Alaska",02,066
95655,"Fairbanks North Star Borough, Alaska",02,090
32255,"Juneau City and Borough, Alaska",02,110
13101,"Kodiak Island Borough, Alaska",02,150
1476,"Lake and Peninsula Borough, Alaska",02,164
11031,"North Slope Borough, Alaska",02,185
5753,"Prince of Wales-Hyder Census Area, Alaska",02,198
6808,"Southeast Fairbanks Census Area, Alaska",02,240
519572,"Adams County, Colorado",08,001
655070,"Arapahoe County, Colorado",08,005
5650,"Bent County, Colorado",08,011
19476,"Chaffee County, Colorado",08,015
9397,"Clear Creek County, Colorado",08,019
5922,"Crowley County, Colorado",08,025
715522,"Denver County, Colorado",08,031
865,"Mineral County, Colorado",08,079
42679,"Montrose County, Colorado",08,085
18690,"Otero County, Colorado",08,089
4530,"Phillips County, Colorado",08,095
168162,"Pueblo County, Colorado",08,101
24829,"Routt County, Colorado",08,107
705,"San Juan County, Colorado",08,111
31055,"Summit County, Colorado",08,117
328981,"Weld County, Colorado",08,123
181851,"Kent County, Delaware",10,001
9371,"Beaverhead County, Montana",30,001
6774,"Broadwater County, Montana",30,007
84414,"Cascade County, Montana",30,013
11867,"Custer County, Montana",30,017
20563,"Kewaunee County, Wisconsin",55,061
19491,"Langlade County, Wisconsin",55,067
138013,"Marathon County, Wisconsin",55,073
4255,"Menominee County, Wisconsin",55,078
37845,"Oneida County, Wisconsin",55,085
7318,"Pepin County, Wisconsin",55,091
70377,"Portage County, Wisconsin",55,097
17304,"Richland County, Wisconsin",55,103
93536,"St. Croix County, Wisconsin",55,109
4621,"Hot Springs County, Wyoming",56,017
79955,"Natrona County, Wyoming",56,025
8605,"Platte County, Wyoming",56,031
42272,"Sweetwater County, Wyoming",56,037
7685,"Washakie County, Wyoming",56,043
38136,"Aguada Municipio, Puerto Rico",72,003
24637,"Aibonito Municipio, Puerto Rico",72,009
15843,"Arroyo Municipio, Puerto Rico",72,015
185187,"Bayamón Municipio, Puerto Rico",72,021
42337,"Canóvanas Municipio, Puerto Rico",72,029
41652,"Cayey Municipio, Puerto Rico",72,035
39970,"Cidra Municipio, Puerto Rico",72,041
34571,"Corozal Municipio, Puerto Rico",72,047
32124,"Fajardo Municipio, Puerto Rico",72,053
17784,"Guayanilla Municipio, Puerto Rico",72,059
38486,"Hatillo Municipio, Puerto Rico",72,065
42943,"Isabela Municipio, Puerto Rico",72,071
37012,"Juncos Municipio, Puerto Rico",72,077
25789,"Salinas Municipio, Puerto Rico",72,123
39345,"San Sebastián Municipio, Puerto Rico",72,131
75293,"Toa Baja Municipio, Puerto Rico",72,137
35395,"Vega Alta Municipio, Puerto Rico",72,143
30426,"Yabucoa Municipio, Puerto Rico",72,151
18610,"Andrews County, Texas",48,003
8560,"Archer County, Texas",48,009
30167,"Austin County, Texas",48,015
97216,"Bastrop County, Texas",48,021
370647,"Bell County, Texas",48,027
631,"Borden County, Texas",48,033
92893,"Bowie County, Texas",48,037
9546,"Brewster County, Texas",48,043
38095,"Brown County, Texas",48,049
45883,"Caldwell County, Texas",48,055
421017,"Cameron County, Texas",48,061
28454,"Cass County, Texas",48,067
50412,"Cherokee County, Texas",48,073
2547,"Cochran County, Texas",48,079
1064465,"Collin County, Texas",48,085
17725,"Eastland County, Texas",48,133
192455,"Ellis County, Texas",48,139
16968,"Falls County, Texas",48,145
3672,"Fisher County, Texas",48,151
822779,"Fort Bend County, Texas",48,157
18385,"Frio County, Texas",48,163
350682,"Galveston County, Texas",48,167
1116,"Glasscock County, Texas",48,173
21227,"Gray County, Texas",48,179
29268,"Grimes County, Texas",48,185
2825,"Hall County, Texas",48,191
3549,"Hardeman County, Texas",48,197
64394,"Isabella County, Michigan",26,073
261670,"Kalamazoo County, Michigan",26,077
17939,"Kalkaska County, Michigan",26,079
2046,"Keweenaw County, Michigan",26,083
12096,"Lake County, Michigan",26,085
22301,"Leelanau County, Michigan",26,089
193866,"Livingston County, Michigan",26,093
5339,"Luce County, Michigan",26,095
881217,"Macomb County, Michigan",26,099
25032,"Manistee County, Michigan",26,101
29052,"Mason County, Michigan",26,105
39714,"Mecosta County, Michigan",26,107
83494,"Midland County, Michigan",26,111
154809,"Monroe County, Michigan",26,115
66614,"Montcalm County, Michigan",26,117
175824,"Muskegon County, Michigan",26,121
49978,"Newaygo County, Michigan",26,123
26659,"Oceana County, Michigan",26,127
20770,"Ogemaw County, Michigan",26,129
22891,"Osceola County, Michigan",26,133
8219,"Oscoda County, Michigan",26,135
296200,"Ottawa County, Michigan",26,139
23459,"Roscommon County, Michigan",26,143
190124,"Saginaw County, Michigan",26,145
60939,"St. Joseph County, Michigan",26,149
40611,"Sanilac County, Michigan",26,151
68094,"Shiawassee County, Michigan",26,155
53323,"Tuscola County, Michigan",26,157
372258,"Washtenaw County, Michigan",26,161
1793561,"Wayne County, Michigan",26,163
33673,"Wexford County, Michigan",26,165
29538,"Adams County, Mississippi",28,001
34740,"Alcorn County, Mississippi",28,003
12720,"Amite County, Mississippi",28,005
17889,"Attala County, Mississippi",28,007
7646,"Benton County, Mississippi",28,009
30985,"Bolivar County, Mississippi",28,011
13266,"Calhoun County, Mississippi",28,013
9998,"Carroll County, Mississippi",28,015
17106,"Chickasaw County, Mississippi",28,017
8246,"Choctaw County, Mississippi",28,019
9135,"Claiborne County, Mississippi",28,021
15615,"Clarke County, Mississippi",28,023
18636,"Clay County, Mississippi",28,025
21390,"Coahoma County, Mississippi",28,027
28368,"Copiah County, Mississippi",28,029
18340,"Covington County, Mississippi",28,031
185314,"DeSoto County, Mississippi",28,033
78158,"Forrest County, Mississippi",28,035
7675,"Franklin County, Mississippi",28,037
13530,"Greene County, Mississippi",28,041
21629,"Grenada County, Mississippi",28,043
208621,"Harrison County, Mississippi",28,047
227742,"Hinds County, Mississippi",28,049
7785,"Humphreys County, Mississippi",28,053
1338,"Issaquena County, Mississippi",28,055
143252,"Jackson County, Mississippi",28,059
16367,"Jasper County, Mississippi",28,061
14115,"Noble County, Ohio",39,121
18806,"Paulding County, Ohio",39,125
35408,"Perry County, Ohio",39,127
27088,"Pike County, Ohio",39,131
40999,"Preble County, Ohio",39,135
34451,"Putnam County, Ohio",39,137
77093,"Ross County, Ohio",39,141
58896,"Sandusky County, Ohio",39,143
55069,"Seneca County, Ohio",39,147
48230,"Shelby County, Ohio",39,149
540428,"Summit County, Ohio",39,153
201977,"Trumbull County, Ohio",39,155
62784,"Union County, Ohio",39,159
28931,"Van Wert County, Ohio",39,161
242337,"Warren County, Ohio",39,165
59771,"Washington County, Ohio",39,167
116894,"Wayne County, Ohio",39,169
37102,"Williams County, Ohio",39,171
132248,"Wood County, Ohio",39,173
21900,"Wyandot County, Ohio",39,175
19495,"Adair County, Oklahoma",40,001
5699,"Alfalfa County, Oklahoma",40,003
14143,"Atoka County, Oklahoma",40,005
5049,"Beaver County, Oklahoma",40,007
22410,"Beckham County, Oklahoma",40,009
8735,"Blaine County, Oklahoma",40,011
46067,"Bryan County, Oklahoma",40,013
26945,"Caddo County, Oklahoma",40,015
154405,"Canadian County, Oklahoma",40,017
48003,"Carter County, Oklahoma",40,019
47078,"Cherokee County, Oklahoma",40,021
14204,"Choctaw County, Oklahoma",40,023
2296,"Cimarron County, Oklahoma",40,025
295528,"Cleveland County, Oklahoma",40,027
5266,"Coal County, Oklahoma",40,029
121125,"Comanche County, Oklahoma",40,031
14107,"Craig County, Oklahoma",40,035
71754,"Creek County, Oklahoma",40,037
40397,"Delaware County, Oklahoma",40,041
4484,"Dewey County, Oklahoma",40,043
62846,"Garfield County, Oklahoma",40,047
25656,"Garvin County, Oklahoma",40,049
4169,"Grant County, Oklahoma",40,053
5491,"Greer County, Oklahoma",40,055
3272,"Harper County, Oklahoma",40,059
11561,"Haskell County, Oklahoma",40,061
24785,"Jackson County, Oklahoma",40,065
5337,"Jefferson County, Oklahoma",40,067
43700,"Kay County, Oklahoma",40,071
15184,"Kingfisher County, Oklahoma",40,073
9444,"Latimer County, Oklahoma",40,077
48129,"Le Flore County, Oklahoma",40,079
49555,"Logan County, Oklahoma",40,083
10146,"Love County, Oklahoma",40,085
30814,"McCurtain County, Oklahoma",40,089
18941,"McIntosh County, Oklahoma",40,091
15312,"Marshall County, Oklahoma",40,095
39046,"Mayes County, Oklahoma",40,097
66339,"Muskogee County, Oklahoma",40,101
10924,"Noble County, Oklahoma",40,103
9421,"Deer Lodge County, Montana",30,023
104357,"Flathead County, Montana",30,029
13778,"Glacier County, Montana",30,035
3309,"Granite County, Montana",30,039
2023,"Judith Basin County, Montana",30,045
1959,"Liberty County, Montana",30,051
8623,"Madison County, Montana",30,057
117922,"Missoula County, Montana",30,063
17191,"Park County, Montana",30,067
5898,"Pondera County, Montana",30,073
43799,"Baldwin County, Georgia",13,009
108901,"Bartow County, Georgia",13,015
18160,"Berrien County, Georgia",13,019
18021,"Brantley County, Georgia",13,025
81099,"Bulloch County, Georgia",13,031
5573,"Calhoun County, Georgia",13,037
10981,"Candler County, Georgia",13,043
12518,"Charlton County, Georgia",13,049
24965,"Chattooga County, Georgia",13,055
2848,"Clay County, Georgia",13,061
6749,"Clinch County, Georgia",13,065
45898,"Colquitt County, Georgia",13,071
146158,"Coweta County, Georgia",13,077
16251,"Dade County, Georgia",13,083
29367,"Decatur County, Georgia",13,087
11208,"Dooly County, Georgia",13,093
10854,"Early County, Georgia",13,099
64769,"Effingham County, Georgia",13,103
10774,"Evans County, Georgia",13,109
98584,"Floyd County, Georgia",13,115
23424,"Franklin County, Georgia",13,119
2884,"Glascock County, Georgia",13,125
26236,"Grady County, Georgia",13,131
46031,"Habersham County, Georgia",13,137
8735,"Hancock County, Georgia",13,141
118251,"Lowndes County, Georgia",13,185
21632,"McDuffie County, Georgia",13,189
30120,"Madison County, Georgia",13,195
6000,"Miller County, Georgia",13,201
27957,"Monroe County, Georgia",13,207
39973,"Murray County, Georgia",13,213
41799,"Oconee County, Georgia",13,219
27981,"Peach County, Georgia",13,225
19716,"Pierce County, Georgia",13,229
9855,"Pulaski County, Georgia",13,235
16883,"Rabun County, Georgia",13,241
206607,"Richmond County, Georgia",13,245
14067,"Screven County, Georgia",13,251
26784,"Stephens County, Georgia",13,257
5733,"Talbot County, Georgia",13,263
22842,"Tattnall County, Georgia",13,267
9185,"Terrell County, Georgia",13,273
27030,"Toombs County, Georgia",13,279
69426,"Troup County, Georgia",13,285
8022,"Twiggs County, Georgia",13,289
67654,"Walker County, Georgia",13,295
5215,"Warren County, Georgia",13,301
30144,"Wayne County, Georgia",13,305
28003,"White County, Georgia",13,311
9565,"Wilkes County, Georgia",13,317
68839,"Harrison County, Texas",48,203
241067,"Hays County, Texas",48,209
870781,"Hidalgo County, Texas",48,215
61598,"Hood County, Texas",48,221
34860,"Howard County, Texas",48,227
20617,"Hutchinson County, Texas",48,233
14988,"Jackson County, Texas",48,239
256526,"Jefferson County, Texas",48,245
179927,"Johnson County, Texas",48,251
64,"Loving County, Texas",48,301
5596,"Lynn County, Texas",48,305
600,"McMullen County, Texas",48,311
5237,"Martin County, Texas",48,317
57887,"Maverick County, Texas",48,323
169983,"Midland County, Texas",48,329
8990,"Mitchell County, Texas",48,335
21358,"Moore County, Texas",48,341
64653,"Nacogdoches County, Texas",48,347
14738,"Nolan County, Texas",48,353
1758,"Oldham County, Texas",48,359
22491,"Panola County, Texas",48,365
15193,"Pecos County, Texas",48,371
6131,"Presidio County, Texas",48,377
3385,"Reagan County, Texas",48,383
14748,"Reeves County, Texas",48,389
16757,"Robertson County, Texas",48,395
52214,"Rusk County, Texas",48,401
27402,"San Jacinto County, Texas",48,407
2451,"Schleicher County, Texas",48,413
24022,"Shelby County, Texas",48,419
47586,"Val Verde County, Texas",48,465
76400,"Walker County, Texas",48,471
35805,"Washington County, Texas",48,477
4990,"Wheeler County, Texas",48,483
20164,"Willacy County, Texas",48,489
7791,"Winkler County, Texas",48,495
7694,"Yoakum County, Texas",48,501
9670,"Zavala County, Texas",48,507
11321,"Jefferson Davis County, Mississippi",28,065
67246,"Jones County, Mississippi",28,067
55813,"Lafayette County, Mississippi",28,071
72984,"Lauderdale County, Mississippi",28,075
12016,"Lawrence County, Mississippi",28,077
83343,"Lee County, Mississippi",28,081
28339,"Leflore County, Mississippi",28,083
58879,"Lowndes County, Mississippi",28,087
109145,"Madison County, Mississippi",28,089
33752,"Marshall County, Mississippi",28,093
34180,"Monroe County, Mississippi",28,095
29087,"Neshoba County, Mississippi",28,099
10285,"Noxubee County, Mississippi",28,103
51788,"Oktibbeha County, Mississippi",28,105
56145,"Pearl River County, Mississippi",28,109
11511,"Perry County, Mississippi",28,111
31184,"Pontotoc County, Mississippi",28,115
25008,"Prentiss County, Mississippi",28,117
157031,"Rankin County, Mississippi",28,121
27990,"Scott County, Mississippi",28,123
25949,"Simpson County, Mississippi",28,127
18333,"Stone County, Mississippi",28,131
25971,"Sunflower County, Mississippi",28,133
28064,"Tate County, Mississippi",28,137
21815,"Tippah County, Mississippi",28,139
9782,"Tunica County, Mississippi",28,143
27777,"Union County, Mississippi",28,145
44722,"Warren County, Mississippi",28,149
44922,"Washington County, Mississippi",28,151
9926,"Webster County, Mississippi",28,155
8587,"Wilkinson County, Mississippi",28,157
12481,"Yalobusha County, Mississippi",28,161
26743,"Yazoo County, Mississippi",28,163
3579,"Catron County, New Mexico",35,003
65157,"Chaves County, New Mexico",35,005
27172,"Cibola County, New Mexico",35,006
12387,"Colfax County, New Mexico",35,007
48430,"Curry County, New Mexico",35,009
1698,"De Baca County, New Mexico",35,011
219561,"Doña Ana County, New Mexico",35,013
62314,"Eddy County, New Mexico",35,015
28185,"Grant County, New Mexico",35,017
4452,"Guadalupe County, New Mexico",35,019
657,"Harding County, New Mexico",35,021
4178,"Hidalgo County, New Mexico",35,023
74455,"Lea County, New Mexico",35,025
20269,"Lincoln County, New Mexico",35,027
19419,"Los Alamos County, New Mexico",35,028
25427,"Luna County, New Mexico",35,029
72902,"McKinley County, New Mexico",35,031
4189,"Mora County, New Mexico",35,033
67839,"Otero County, New Mexico",35,035
8746,"Quay County, New Mexico",35,037
40363,"Rio Arriba County, New Mexico",35,039
148834,"Sandoval County, New Mexico",35,043
121661,"San Juan County, New Mexico",35,045
154823,"Santa Fe County, New Mexico",35,049
16595,"Socorro County, New Mexico",35,053
11310,"Okfuskee County, Oklahoma",40,107
36706,"Okmulgee County, Oklahoma",40,111
45818,"Osage County, Oklahoma",40,113
15553,"Pawnee County, Oklahoma",40,117
81646,"Payne County, Oklahoma",40,119
38065,"Pontotoc County, Oklahoma",40,123
72454,"Pottawatomie County, Oklahoma",40,125
3442,"Roger Mills County, Oklahoma",40,129
95240,"Rogers County, Oklahoma",40,131
39281,"Sequoyah County, Oklahoma",40,135
42848,"Stephens County, Oklahoma",40,137
6968,"Tillman County, Oklahoma",40,141
669279,"Tulsa County, Oklahoma",40,143
52455,"Washington County, Oklahoma",40,147
10924,"Washita County, Oklahoma",40,149
20470,"Woodward County, Oklahoma",40,153
16668,"Baker County, Oregon",41,001
421401,"Clackamas County, Oregon",41,005
41072,"Clatsop County, Oregon",41,007
52589,"Columbia County, Oregon",41,009
64929,"Coos County, Oregon",41,011
24738,"Crook County, Oregon",41,013
23446,"Curry County, Oregon",41,015
198253,"Deschutes County, Oregon",41,017
111201,"Douglas County, Oregon",41,019
1995,"Gilliam County, Oregon",41,021
7233,"Grant County, Oregon",41,023
7495,"Harney County, Oregon",41,025
23977,"Hood River County, Oregon",41,027
223259,"Jackson County, Oregon",41,029
24502,"Jefferson County, Oregon",41,031
88090,"Josephine County, Oregon",41,033
69413,"Klamath County, Oregon",41,035
8160,"Lake County, Oregon",41,037
382971,"Lane County, Oregon",41,039
50395,"Lincoln County, Oregon",41,041
128610,"Linn County, Oregon",41,043
31571,"Malheur County, Oregon",41,045
345920,"Marion County, Oregon",41,047
815428,"Multnomah County, Oregon",41,051
1870,"Sherman County, Oregon",41,055
27390,"Tillamook County, Oregon",41,057
26196,"Union County, Oregon",41,061
7391,"Wallowa County, Oregon",41,063
600372,"Washington County, Oregon",41,067
1451,"Wheeler County, Oregon",41,069
50793,"Bristol County, Rhode Island",44,001
170363,"Kent County, Rhode Island",44,003
660741,"Providence County, Rhode Island",44,007
129839,"Washington County, Rhode Island",44,009
1250578,"Allegheny County, Pennsylvania",42,003
65558,"Armstrong County, Pennsylvania",42,005
47577,"Bedford County, Pennsylvania",42,009
428849,"Berks County, Pennsylvania",42,011
59967,"Bradford County, Pennsylvania",42,015
646538,"Bucks County, Pennsylvania",42,017
133472,"Cambria County, Pennsylvania",42,021
4547,"Cameron County, Pennsylvania",42,023
158172,"Centre County, Pennsylvania",42,027
20784,"Worth County, Georgia",13,321
8734,"Clearwater County, Idaho",16,035
28666,"Elmore County, Idaho",16,039
19123,"Gem County, Idaho",16,045
30891,"Jefferson County, Idaho",16,051
171362,"Kootenai County, Idaho",16,055
3533,"Lewis County, Idaho",16,061
21613,"Minidoka County, Idaho",16,067
4564,"Oneida County, Idaho",16,071
7878,"Power County, Idaho",16,077
90046,"Twin Falls County, Idaho",16,083
65737,"Adams County, Illinois",17,001
16725,"Bond County, Illinois",17,005
33244,"Bureau County, Illinois",17,011
13042,"Cass County, Illinois",17,017
34032,"Christian County, Illinois",17,021
36899,"Clinton County, Illinois",17,027
18679,"Crawford County, Illinois",17,033
15516,"De Witt County, Illinois",17,039
932877,"DuPage County, Illinois",17,043
34668,"Effingham County, Illinois",17,049
37804,"Franklin County, Illinois",17,055
11985,"Greene County, Illinois",17,061
7993,"Hamilton County, Illinois",17,065
6387,"Henderson County, Illinois",17,071
52974,"Jackson County, Illinois",17,077
37729,"Marion County, Illinois",17,121
14169,"Massac County, Illinois",17,127
34962,"Monroe County, Illinois",17,133
14526,"Moultrie County, Illinois",17,139
181830,"Peoria County, Illinois",17,143
14739,"Pike County, Illinois",17,149
5637,"Putnam County, Illinois",17,155
144672,"Rock Island County, Illinois",17,161
23768,"Saline County, Illinois",17,165
4949,"Scott County, Illinois",17,171
44630,"Stephenson County, Illinois",17,177
74188,"Vermilion County, Illinois",17,183
13761,"Washington County, Illinois",17,189
13877,"White County, Illinois",17,193
67153,"Williamson County, Illinois",17,199
7496,"Adair County, Iowa",19,001
12317,"Appanoose County, Iowa",19,007
25575,"Benton County, Iowa",19,011
24988,"Bremer County, Iowa",19,017
20823,"Buena Vista County, Iowa",19,021
20760,"Carroll County, Iowa",19,027
43127,"Cerro Gordo County, Iowa",19,033
9748,"Clarke County, Iowa",19,039
17043,"Clayton County, Iowa",19,043
99678,"Dallas County, Iowa",19,049
17488,"Delaware County, Iowa",19,055
37813,"Jasper County, Iowa",19,099
20646,"Jones County, Iowa",19,105
14828,"Kossuth County, Iowa",19,109
10837,"Louisa County, Iowa",19,115
16548,"Madison County, Iowa",19,121
33414,"Marion County, Iowa",19,125
10565,"Mitchell County, Iowa",19,131
10330,"Montgomery County, Iowa",19,137
34489,"Taos County, New Mexico",35,055
4079,"Union County, New Mexico",35,059
76205,"Valencia County, New Mexico",35,061
10853,"Barnes County, North Dakota",38,003
5964,"Benson County, North Dakota",38,005
6379,"Bottineau County, North Dakota",38,009
2993,"Bowman County, North Dakota",38,011
98458,"Burleigh County, North Dakota",38,015
184525,"Cass County, North Dakota",38,017
4999,"Dickey County, North Dakota",38,021
4095,"Dunn County, North Dakota",38,025
2347,"Eddy County, North Dakota",38,027
3397,"Foster County, North Dakota",38,031
1736,"Golden Valley County, North Dakota",38,033
2301,"Grant County, North Dakota",38,037
2306,"Griggs County, North Dakota",38,039
2394,"Kidder County, North Dakota",38,043
4093,"LaMoure County, North Dakota",38,045
5345,"McHenry County, North Dakota",38,049
2530,"McIntosh County, North Dakota",38,051
9771,"McLean County, North Dakota",38,055
8350,"Mercer County, North Dakota",38,057
9809,"Mountrail County, North Dakota",38,061
1877,"Oliver County, North Dakota",38,065
6844,"Pembina County, North Dakota",38,067
11605,"Ramsey County, North Dakota",38,071
5703,"Ransom County, North Dakota",38,073
16529,"Richland County, North Dakota",38,077
12187,"Rolette County, North Dakota",38,079
1265,"Sheridan County, North Dakota",38,083
3898,"Sioux County, North Dakota",38,085
33646,"Stark County, North Dakota",38,089
1798,"Steele County, North Dakota",38,091
2162,"Towner County, North Dakota",38,095
7997,"Traill County, North Dakota",38,097
69919,"Ward County, North Dakota",38,101
40950,"Williams County, North Dakota",38,105
66021,"Apache County, Arizona",04,001
125447,"Cochise County, Arizona",04,003
145101,"Coconino County, Arizona",04,005
53272,"Gila County, Arizona",04,007
38533,"Graham County, Arizona",04,009
9563,"Greenlee County, Arizona",04,011
16557,"La Paz County, Arizona",04,012
4420568,"Maricopa County, Arizona",04,013
213267,"Mohave County, Arizona",04,015
106717,"Navajo County, Arizona",04,017
1043433,"Pima County, Arizona",04,019
425264,"Pinal County, Arizona",04,021
47669,"Santa Cruz County, Arizona",04,023
236209,"Yavapai County, Arizona",04,025
203881,"Yuma County, Arizona",04,027
12526,"Allen County, Kansas",20,001
7836,"Anderson County, Kansas",20,003
16348,"Atchison County, Kansas",20,005
4228,"Barber County, Kansas",20,007
25493,"Barton County, Kansas",20,009
14360,"Bourbon County, Kansas",20,011
534413,"Chester County, Pennsylvania",42,029
80562,"Clearfield County, Pennsylvania",42,033
37450,"Clinton County, Pennsylvania",42,035
83938,"Crawford County, Pennsylvania",42,039
259469,"Cumberland County, Pennsylvania",42,041
576830,"Delaware County, Pennsylvania",42,045
30990,"Elk County, Pennsylvania",42,047
128804,"Fayette County, Pennsylvania",42,051
6973,"Forest County, Pennsylvania",42,053
14556,"Fulton County, Pennsylvania",42,057
35954,"Greene County, Pennsylvania",42,059
83246,"Indiana County, Pennsylvania",42,063
44492,"Jefferson County, Pennsylvania",42,065
215896,"Lackawanna County, Pennsylvania",42,069
552984,"Lancaster County, Pennsylvania",42,071
143257,"Lebanon County, Pennsylvania",42,075
374557,"Lehigh County, Pennsylvania",42,077
114188,"Lycoming County, Pennsylvania",42,081
40432,"McKean County, Pennsylvania",42,083
110652,"Mercer County, Pennsylvania",42,085
168327,"Monroe County, Pennsylvania",42,089
856553,"Montgomery County, Pennsylvania",42,091
18136,"Montour County, Pennsylvania",42,093
312951,"Northampton County, Pennsylvania",42,095
91647,"Northumberland County, Pennsylvania",42,097
45842,"Perry County, Pennsylvania",42,099
1603797,"Philadelphia County, Pennsylvania",42,101
58535,"Pike County, Pennsylvania",42,103
16396,"Potter County, Pennsylvania",42,105
143049,"Schuylkill County, Pennsylvania",42,107
39736,"Snyder County, Pennsylvania",42,109
74129,"Somerset County, Pennsylvania",42,111
5840,"Sullivan County, Pennsylvania",42,113
38434,"Susquehanna County, Pennsylvania",42,115
41045,"Tioga County, Pennsylvania",42,117
42681,"Union County, Pennsylvania",42,119
50454,"Venango County, Pennsylvania",42,121
38587,"Warren County, Pennsylvania",42,123
209349,"Washington County, Pennsylvania",42,125
51155,"Wayne County, Pennsylvania",42,127
26069,"Wyoming County, Pennsylvania",42,131
456438,"York County, Pennsylvania",42,133
24295,"Abbeville County, South Carolina",45,001
8039,"Allendale County, South Carolina",45,005
203718,"Anderson County, South Carolina",45,007
20589,"Barnwell County, South Carolina",45,011
187117,"Beaufort County, South Carolina",45,013
14119,"Calhoun County, South Carolina",45,017
408235,"Charleston County, South Carolina",45,019
32294,"Chester County, South Carolina",45,023
43273,"Chesterfield County, South Carolina",45,025
38604,"Colleton County, South Carolina",45,029
62905,"Darlington County, South Carolina",45,031
28292,"Dillon County, South Carolina",45,033
25657,"Edgefield County, South Carolina",45,037
20948,"Fairfield County, South Carolina",45,039
63404,"Georgetown County, South Carolina",45,043
14182,"O'Brien County, Iowa",19,141
8996,"Palo Alto County, Iowa",19,147
492401,"Polk County, Iowa",19,153
18662,"Poweshiek County, Iowa",19,157
174669,"Scott County, Iowa",19,163
98537,"Story County, Iowa",19,169
5896,"Taylor County, Iowa",19,173
35437,"Wapello County, Iowa",19,179
6497,"Wayne County, Iowa",19,185
10679,"Winnebago County, Iowa",19,189
7443,"Worth County, Iowa",19,195
588261,"Anne Arundel County, Maryland",24,003
92783,"Calvert County, Maryland",24,009
103725,"Cecil County, Maryland",24,015
271717,"Frederick County, Maryland",24,021
332317,"Howard County, Maryland",24,027
1062061,"Montgomery County, Maryland",24,031
113777,"St. Mary's County, Maryland",24,037
25579,"Cheboygan County, Michigan",26,031
79128,"Clinton County, Michigan",26,037
25947,"Dickinson County, Michigan",26,043
34112,"Emmet County, Michigan",26,047
14380,"Gogebic County, Michigan",26,053
45746,"Hillsdale County, Michigan",26,059
284900,"Ingham County, Michigan",26,065
25237,"Iosco County, Michigan",26,069
160366,"Jackson County, Michigan",26,075
657974,"Kent County, Michigan",26,081
88619,"Lapeer County, Michigan",26,087
99423,"Lenawee County, Michigan",26,091
10834,"Mackinac County, Michigan",26,097
66017,"Marquette County, Michigan",26,103
23502,"Menominee County, Michigan",26,109
15052,"Missaukee County, Michigan",26,113
9153,"Montmorency County, Michigan",26,119
1274395,"Oakland County, Michigan",26,125
5816,"Ontonagon County, Michigan",26,131
25091,"Otsego County, Michigan",26,137
12982,"Presque Isle County, Michigan",26,141
160383,"St. Clair County, Michigan",26,147
8047,"Schoolcraft County, Michigan",26,153
75587,"Van Buren County, Michigan",26,159
24350,"George County, Mississippi",28,039
46053,"Hancock County, Mississippi",28,045
17000,"Holmes County, Mississippi",28,051
23863,"Itawamba County, Mississippi",28,057
7260,"Jefferson County, Mississippi",28,063
8988,"Kemper County, Mississippi",28,069
64222,"Lamar County, Mississippi",28,073
21275,"Leake County, Mississippi",28,079
34907,"Lincoln County, Mississippi",28,085
24441,"Marion County, Mississippi",28,091
9822,"Montgomery County, Mississippi",28,097
21291,"Newton County, Mississippi",28,101
33208,"Panola County, Mississippi",28,107
40324,"Pike County, Mississippi",28,113
6176,"Quitman County, Mississippi",28,119
3800,"Sharkey County, Mississippi",28,125
14209,"Smith County, Mississippi",28,129
67380,"Butler County, Kansas",20,015
3379,"Chautauqua County, Kansas",20,019
19362,"Cherokee County, Kansas",20,021
1991,"Clark County, Kansas",20,025
8117,"Clay County, Kansas",20,027
8360,"Coffey County, Kansas",20,031
1689,"Comanche County, Kansas",20,033
38972,"Crawford County, Kansas",20,037
18402,"Dickinson County, Kansas",20,041
7510,"Doniphan County, Kansas",20,043
2907,"Edwards County, Kansas",20,047
2483,"Elk County, Kansas",20,049
6376,"Ellsworth County, Kansas",20,053
38470,"Finney County, Kansas",20,055
25996,"Franklin County, Kansas",20,059
36739,"Geary County, Kansas",20,061
2415,"Graham County, Kansas",20,065
5653,"Gray County, Kansas",20,069
1284,"Greeley County, Kansas",20,071
2518,"Hamilton County, Kansas",20,075
5485,"Harper County, Kansas",20,077
3780,"Haskell County, Kansas",20,081
1723,"Hodgeman County, Kansas",20,083
18368,"Jefferson County, Kansas",20,087
609863,"Johnson County, Kansas",20,091
3983,"Kearny County, Kansas",20,093
2460,"Kiowa County, Kansas",20,097
20184,"Labette County, Kansas",20,099
81881,"Leavenworth County, Kansas",20,103
2939,"Lincoln County, Kansas",20,105
2762,"Logan County, Kansas",20,109
30223,"McPherson County, Kansas",20,113
11823,"Marion County, Kansas",20,115
4055,"Meade County, Kansas",20,119
34191,"Miami County, Kansas",20,121
31486,"Montgomery County, Kansas",20,125
5386,"Morris County, Kansas",20,127
10273,"Nemaha County, Kansas",20,131
15904,"Neosho County, Kansas",20,133
5459,"Norton County, Kansas",20,137
3500,"Osborne County, Kansas",20,141
5735,"Ottawa County, Kansas",20,143
6253,"Pawnee County, Kansas",20,145
4981,"Phillips County, Kansas",20,147
25348,"Pottawatomie County, Kansas",20,149
9157,"Pratt County, Kansas",20,151
2561,"Rawlins County, Kansas",20,153
61898,"Reno County, Kansas",20,155
4674,"Republic County, Kansas",20,157
9427,"Rice County, Kansas",20,159
71959,"Riley County, Kansas",20,161
4919,"Rooks County, Kansas",20,163
2956,"Rush County, Kansas",20,165
6691,"Russell County, Kansas",20,167
54303,"Saline County, Kansas",20,169
5151,"Scott County, Kansas",20,171
523824,"Sedgwick County, Kansas",20,173
21964,"Seward County, Kansas",20,175
178909,"Shawnee County, Kansas",20,177
2447,"Sheridan County, Kansas",20,179
18561,"Hampton County, South Carolina",45,049
351029,"Horry County, South Carolina",45,051
65403,"Kershaw County, South Carolina",45,055
96016,"Lancaster County, South Carolina",45,057
67539,"Laurens County, South Carolina",45,059
293991,"Lexington County, South Carolina",45,063
9526,"McCormick County, South Carolina",45,065
26667,"Marlboro County, South Carolina",45,069
37719,"Newberry County, South Carolina",45,071
84223,"Orangeburg County, South Carolina",45,075
131404,"Pickens County, South Carolina",45,077
18862,"Saluda County, South Carolina",45,081
327997,"Spartanburg County, South Carolina",45,083
27244,"Union County, South Carolina",45,087
31026,"Williamsburg County, South Carolina",45,089
282090,"York County, South Carolina",45,091
19149,"Beadle County, South Dakota",46,005
3381,"Bennett County, South Dakota",46,007
34375,"Brookings County, South Dakota",46,011
38301,"Brown County, South Dakota",46,013
1948,"Buffalo County, South Dakota",46,017
10243,"Butte County, South Dakota",46,019
1377,"Campbell County, South Dakota",46,021
9373,"Charles Mix County, South Dakota",46,023
3837,"Clark County, South Dakota",46,025
14967,"Clay County, South Dakota",46,027
28325,"Codington County, South Dakota",46,029
3902,"Corson County, South Dakota",46,031
8318,"Custer County, South Dakota",46,033
19956,"Davison County, South Dakota",46,035
5449,"Day County, South Dakota",46,037
4295,"Deuel County, South Dakota",46,039
5239,"Dewey County, South Dakota",46,041
2835,"Douglas County, South Dakota",46,043
3986,"Edmunds County, South Dakota",46,045
6973,"Fall River County, South Dakota",46,047
2125,"Faulk County, South Dakota",46,049
7556,"Grant County, South Dakota",46,051
3994,"Gregory County, South Dakota",46,053
1872,"Haakon County, South Dakota",46,055
6164,"Hamlin County, South Dakota",46,057
3145,"Hand County, South Dakota",46,059
1311,"Harding County, South Dakota",46,063
17765,"Hughes County, South Dakota",46,065
1262,"Hyde County, South Dakota",46,069
2806,"Jackson County, South Dakota",46,071
917,"Jones County, South Dakota",46,075
5187,"Kingsbury County, South Dakota",46,077
525534,"Greenville County, South Carolina",45,045
11059,"Lake County, South Dakota",46,079
65161,"Lincoln County, South Dakota",46,083
3718,"Lyman County, South Dakota",46,085
2411,"McPherson County, South Dakota",46,089
4306,"Marshall County, South Dakota",46,091
1918,"Mellette County, South Dakota",46,095
2298,"Miner County, South Dakota",46,097
6336,"Moody County, South Dakota",46,101
12715,"Tallahatchie County, Mississippi",28,135
18850,"Tishomingo County, Mississippi",28,141
13884,"Walthall County, Mississippi",28,147
19779,"Wayne County, Mississippi",28,153
17714,"Winston County, Mississippi",28,159
676444,"Bernalillo County, New Mexico",35,001
19191,"Roosevelt County, New Mexico",35,041
27201,"San Miguel County, New Mexico",35,047
11576,"Sierra County, New Mexico",35,051
15045,"Torrance County, New Mexico",35,057
2200,"Adams County, North Dakota",38,001
945,"Billings County, North Dakota",38,007
2201,"Burke County, North Dakota",38,013
3704,"Cavalier County, North Dakota",38,019
2195,"Divide County, North Dakota",38,023
3301,"Emmons County, North Dakota",38,029
73170,"Grand Forks County, North Dakota",38,035
2489,"Hettinger County, North Dakota",38,041
1876,"Logan County, North Dakota",38,047
14704,"McKenzie County, North Dakota",38,053
33291,"Morton County, North Dakota",38,059
3015,"Nelson County, North Dakota",38,063
3990,"Pierce County, North Dakota",38,069
2282,"Renville County, North Dakota",38,075
3862,"Sargent County, North Dakota",38,081
706,"Slope County, North Dakota",38,087
21593,"Stutsman County, North Dakota",38,093
10563,"Walsh County, North Dakota",38,099
3982,"Wells County, North Dakota",38,103
9508,"Brown County, Kansas",20,013
2572,"Chase County, Kansas",20,017
2616,"Cheyenne County, Kansas",20,023
9032,"Cloud County, Kansas",20,029
34549,"Cowley County, Kansas",20,035
2764,"Decatur County, Kansas",20,039
118785,"Douglas County, Kansas",20,045
28934,"Ellis County, Kansas",20,051
34287,"Ford County, Kansas",20,057
2718,"Gove County, Kansas",20,063
7352,"Grant County, Kansas",20,067
6016,"Greenwood County, Kansas",20,073
34024,"Harvey County, Kansas",20,079
13232,"Jackson County, Kansas",20,085
2932,"Jewell County, Kansas",20,089
7470,"Kingman County, Kansas",20,095
1574,"Lane County, Kansas",20,101
9591,"Linn County, Kansas",20,107
32179,"Lyon County, Kansas",20,111
10038,"Marshall County, Kansas",20,117
5796,"Mitchell County, Kansas",20,123
2701,"Morton County, Kansas",20,129
2687,"Ness County, Kansas",20,135
15766,"Osage County, Kansas",20,139
4072,"Stafford County, Kansas",20,185
22382,"Sumner County, Kansas",20,191
6877,"Wabaunsee County, Kansas",20,197
2152,"Wichita County, Kansas",20,203
3115,"Woodson County, Kansas",20,207
20588,"Allen County, Kentucky",21,003
5927,"Sherman County, Kansas",20,181
3570,"Smith County, Kansas",20,183
2084,"Stanton County, Kansas",20,187
5250,"Stevens County, Kansas",20,189
7930,"Thomas County, Kansas",20,193
2808,"Trego County, Kansas",20,195
1512,"Wallace County, Kansas",20,199
5530,"Washington County, Kansas",20,201
8624,"Wilson County, Kansas",20,205
169245,"Wyandotte County, Kansas",20,209
18903,"Adair County, Kentucky",21,001
23852,"Anderson County, Kentucky",21,005
7728,"Ballard County, Kentucky",21,007
12750,"Bath County, Kentucky",21,011
24097,"Bell County, Kentucky",21,013
20252,"Bourbon County, Kentucky",21,017
48261,"Boyd County, Kentucky",21,019
8400,"Bracken County, Kentucky",21,023
20432,"Breckinridge County, Kentucky",21,027
82217,"Bullitt County, Kentucky",21,029
12649,"Caldwell County, Kentucky",21,033
37103,"Calloway County, Kentucky",21,035
4826,"Carlisle County, Kentucky",21,039
10810,"Carroll County, Kentucky",21,041
15941,"Casey County, Kentucky",21,045
72748,"Christian County, Kentucky",21,047
20345,"Clay County, Kentucky",21,051
9253,"Clinton County, Kentucky",21,053
5888,"Cumberland County, Kentucky",21,057
103312,"Daviess County, Kentucky",21,059
7354,"Elliott County, Kentucky",21,063
322570,"Fayette County, Kentucky",21,067
15082,"Fleming County, Kentucky",21,069
51541,"Franklin County, Kentucky",21,073
6515,"Fulton County, Kentucky",21,075
16953,"Garrard County, Kentucky",21,079
24941,"Grant County, Kentucky",21,081
26420,"Grayson County, Kentucky",21,085
11107,"Green County, Kentucky",21,087
9095,"Hancock County, Kentucky",21,091
110702,"Hardin County, Kentucky",21,093
18692,"Harrison County, Kentucky",21,097
44793,"Henderson County, Kentucky",21,101
15678,"Henry County, Kentucky",21,103
4521,"Hickman County, Kentucky",21,105
45423,"Hopkins County, Kentucky",21,107
12955,"Jackson County, Kentucky",21,109
782969,"Jefferson County, Kentucky",21,111
52991,"Jessamine County, Kentucky",21,113
22680,"Johnson County, Kentucky",21,115
169064,"Kenton County, Kentucky",21,117
14251,"Knott County, Kentucky",21,119
30193,"Knox County, Kentucky",21,121
14867,"Larue County, Kentucky",21,123
62613,"Laurel County, Kentucky",21,125
16293,"Lawrence County, Kentucky",21,127
7395,"Lee County, Kentucky",21,129
10513,"Leslie County, Kentucky",21,131
21548,"Letcher County, Kentucky",21,133
13672,"Oglala Lakota County, South Dakota",46,102
2835,"Perkins County, South Dakota",46,105
2472,"Potter County, South Dakota",46,107
10280,"Roberts County, South Dakota",46,109
6361,"Spink County, South Dakota",46,115
2980,"Stanley County, South Dakota",46,117
9319,"Todd County, South Dakota",46,121
5624,"Tripp County, South Dakota",46,123
16811,"Union County, South Dakota",46,127
5315,"Walworth County, South Dakota",46,129
2413,"Ziebach County, South Dakota",46,137
77123,"Anderson County, Tennessee",47,001
15864,"Benton County, Tennessee",47,005
14913,"Bledsoe County, Tennessee",47,007
108620,"Bradley County, Tennessee",47,011
39272,"Campbell County, Tennessee",47,013
28440,"Carroll County, Tennessee",47,017
56356,"Carter County, Tennessee",47,019
17341,"Chester County, Tennessee",47,023
32043,"Claiborne County, Tennessee",47,025
35999,"Cocke County, Tennessee",47,029
57889,"Coffee County, Tennessee",47,031
61145,"Cumberland County, Tennessee",47,035
715884,"Davidson County, Tennessee",47,037
20080,"DeKalb County, Tennessee",47,041
54315,"Dickson County, Tennessee",47,043
36801,"Dyer County, Tennessee",47,045
41990,"Fayette County, Tennessee",47,047
18489,"Fentress County, Tennessee",47,049
42774,"Franklin County, Tennessee",47,051
50429,"Gibson County, Tennessee",47,053
30346,"Giles County, Tennessee",47,055
23527,"Grainger County, Tennessee",47,057
70152,"Greene County, Tennessee",47,059
13529,"Grundy County, Tennessee",47,061
64499,"Hamblen County, Tennessee",47,063
366207,"Hamilton County, Tennessee",47,065
6662,"Hancock County, Tennessee",47,067
25462,"Hardeman County, Tennessee",47,069
26831,"Hardin County, Tennessee",47,071
56721,"Hawkins County, Tennessee",47,073
17864,"Haywood County, Tennessee",47,075
27842,"Henderson County, Tennessee",47,077
32199,"Henry County, Tennessee",47,079
24925,"Hickman County, Tennessee",47,081
8283,"Houston County, Tennessee",47,083
18990,"Humphreys County, Tennessee",47,085
54683,"Jefferson County, Tennessee",47,089
17948,"Johnson County, Tennessee",47,091
7005,"Lake County, Tennessee",47,095
25143,"Lauderdale County, Tennessee",47,097
12582,"Lewis County, Tennessee",47,101
35319,"Lincoln County, Tennessee",47,103
53276,"McMinn County, Tennessee",47,107
25866,"McNairy County, Tennessee",47,109
98823,"Madison County, Tennessee",47,113
28837,"Marion County, Tennessee",47,115
100974,"Maury County, Tennessee",47,119
135968,"Boone County, Kentucky",21,015
30614,"Boyle County, Kentucky",21,021
13718,"Breathitt County, Kentucky",21,025
12371,"Butler County, Kentucky",21,031
93076,"Campbell County, Kentucky",21,037
26627,"Carter County, Kentucky",21,043
36972,"Clark County, Kentucky",21,049
8990,"Crittenden County, Kentucky",21,055
12126,"Edmonson County, Kentucky",21,061
14163,"Estill County, Kentucky",21,065
35942,"Floyd County, Kentucky",21,071
8690,"Gallatin County, Kentucky",21,077
36649,"Graves County, Kentucky",21,083
35962,"Greenup County, Kentucky",21,089
26831,"Harlan County, Kentucky",21,095
19288,"Hart County, Kentucky",21,099
9152,"McLean County, Kentucky",21,149
11637,"Magoffin County, Kentucky",21,153
11287,"Martin County, Kentucky",21,159
6113,"Menifee County, Kentucky",21,165
11338,"Monroe County, Kentucky",21,171
30928,"Muhlenberg County, Kentucky",21,177
23772,"Ohio County, Kentucky",21,183
4051,"Owsley County, Kentucky",21,189
28473,"Perry County, Kentucky",21,193
65034,"Pulaski County, Kentucky",21,199
24662,"Rowan County, Kentucky",21,205
48065,"Shelby County, Kentucky",21,211
26023,"Taylor County, Kentucky",21,217
14061,"Trigg County, Kentucky",21,221
134554,"Warren County, Kentucky",21,227
13017,"Webster County, Kentucky",21,233
26871,"Woodford County, Kentucky",21,239
303069,"Cumberland County, Maine",23,005
123642,"Kennebec County, Maine",23,011
57777,"Oxford County, Maine",23,017
36699,"Sagadahoc County, Maine",23,023
39607,"Waldo County, Maine",23,027
15697,"Aitkin County, Minnesota",27,001
30895,"Freeborn County, Minnesota",27,047
1281565,"Hennepin County, Minnesota",27,053
41135,"Isanti County, Minnesota",27,059
9989,"Jackson County, Minnesota",27,063
4207,"Kittson County, Minnesota",27,069
10905,"Lake County, Minnesota",27,075
5640,"Lincoln County, Minnesota",27,081
5411,"Mahnomen County, Minnesota",27,087
23400,"Meeker County, Minnesota",27,093
40029,"Mower County, Minnesota",27,099
44485,"Barren County, Kentucky",21,009
22290,"Nobles County, Minnesota",27,105
60081,"Otter Tail County, Minnesota",27,111
9424,"Pipestone County, Minnesota",27,117
552352,"Ramsey County, Minnesota",27,123
14723,"Renville County, Minnesota",27,129
15331,"Roseau County, Minnesota",27,135
97183,"Sherburne County, Minnesota",27,141
37406,"Steele County, Minnesota",27,147
25262,"Todd County, Minnesota",27,153
