geo_id,county_name,population,median_household_income,housing_units,total_energy_consumption_mwh,data_centers_count,sfha_area,pct_sfha,lake_count,total_lake_area,avg_vol,avg_depth,avg_discharge,dist_to_lakes_km,wetland_count,distance_to_rivers_km,rivers_count,total_rivers_mile,military_count,total_military_area_m,pct_military,plant_count,pga_max,distance_to_lines_km,transmission_lines_count,max_voltage,average_voltage,protected_count,total_protected_area_m,pct_protected,county_area_km2,population_density
40075,Kiowa County,8181.0,42679.0,4700.0,157935.0,0.0,211267397.78018424,0.0791460264443072,10,44.84,41.07,3.41,1.2507,4.537778223447069,0.0,6.959536319713249,27.0,688.07,0.0,0.0,0.0,0.0,0.18,16.455467348134288,10.0,138.0,110.4,2.0,41088328.28578537,0.0153927106180514,2669.3367598036907,3.0648062556938864
46079,Lake County,10993.0,74884.0,5714.0,170505.0,0.0,189035648.99767524,0.1268982680578997,48,45.55,3.0104166666666665,2.5416666666666665,0.1583333333333333,2.052128168639298,10.0,3.5555198844923472,11.0,47.64,0.0,0.0,0.0,0.0,0.051,2.1658566042729137,18.0,69.0,69.0,156.0,113674636.76070346,0.0763089639627787,1489.6629551431242,7.379521630746206
37033,Caswell County,22563.0,56999.0,10493.0,295896.0,0.0,66185725.09959627,0.0596087029826407,4,17.85,43.294999999999995,6.875,1.98475,2.5389933623437937,23.0,0.5607898256233985,19.0,178.23,0.0,0.0,0.0,0.0,0.082,10.562934186744592,3.0,230.0,230.0,16.0,14098895.814829828,0.0126978569984579,1110.336635271767,20.32086421653327
48377,Presidio County,5433.0,29012.0,3396.0,106309.0,0.0,0.0,0.0,0,0.0,0.0,0.0,0.0,117.19110629301636,0.0,10.48350238883699,11.0,726.4,0.0,0.0,0.0,0.0,0.15,6.887894645664207,4.0,69.0,69.0,16.0,348633193.3621411,0.0349092879449868,9986.8319832691,0.5440163616552159
39057,Greene County,174322.0,81243.0,71471.0,2239244.0,0.0,100261845.20140149,0.092998590332666,8,3.1399999999999997,1.0775,2.7125,13.999125,7.608317538517551,0.0,3.4548577076720948,13.0,276.85,1.0,21047558.48003452,0.0195228131364991,0.0,0.097,1.588567889582583,44.0,345.0,112.9090909090909,58.0,11307538.657171816,0.0104883882112555,1078.10069854558,161.6936156661158
35028,Los Alamos County,19407.0,135801.0,8631.0,282099.0,0.0,1440458.9819049968,0.0050929323006585,0,0.0,0.0,0.0,0.0,21.524779930252222,1.0,7.539524674128912,2.0,54.44,0.0,0.0,0.0,0.0,0.24,5.330295914454842,1.0,115.0,115.0,14.0,27159595.89619592,0.0960263256018854,282.8348968468962,68.61600253841863
20041,Dickinson County,18637.0,62971.0,8785.0,264300.0,0.0,351553704.37935936,0.1593243892266693,6,68.99,237.09333333333333,6.0,7.185666666666666,10.428689518793188,0.0,2.875433523657891,17.0,463.55,0.0,0.0,0.0,0.0,0.053,5.4611623168062255,11.0,345.0,156.8181818181818,7.0,7963168.39022964,0.0036089135811861,2206.527868038462,8.446301662424839
48427,Starr County,66319.0,35979.0,22828.0,1104219.0,0.0,356781504.3408493,0.1120753881564273,1,120.78,3920.0,32.5,216.536,25.64973556272115,0.0,22.38457758373167,6.0,275.03000000000003,0.0,0.0,0.0,0.0,0.021,11.258913024847873,10.0,345.0,142.0,39.0,58403139.476351395,0.0183461150770252,3183.4063632081775,20.832715787237717
40129,Roger Mills County,3259.0,57574.0,1844.0,64468.0,0.0,228970071.03858984,0.0771147203695618,10,1.88,0.5439999999999999,2.8600000000000003,0.0417,3.590301377548385,3.0,2.874695964055962,36.0,374.12,0.0,0.0,0.0,0.0,0.093,20.381004216847217,5.0,230.0,174.8,2.0,72843.10850187576,2.4532795563596173e-05,2969.213529418011,1.097597046393221
55103,Richland County,17036.0,61985.0,8507.0,204452.0,0.0,116096103.76900378,0.0760650608896337,2,0.38,0.435,2.35,1.017,16.680914553385325,0.0,2.893113795219322,11.0,257.89,0.0,0.0,0.0,0.0,0.035,4.702686189253915,16.0,161.0,74.75,96.0,48119569.19043951,0.0315274831938931,1526.2737242457868,11.161824861014622
35025,Lea County,74749.0,65855.0,27854.0,1066233.0,0.0,21115864.01626483,0.0018551631322064,5,8.6,5.734,2.8,0.0,30.740825302972596,0.0,21.872294083045343,1.0,2.19,0.0,0.0,0.0,0.0,0.04,3.9406283586566184,106.0,345.0,107.31886792452828,10.0,11213310.24936894,0.0009851607184341,11382.21412968179,6.567175696077837
47117,Marshall County,38071.0,65325.0,14357.0,503717.0,0.0,69068542.7081249,0.0708944809694455,0,0.0,0.0,0.0,0.0,29.707256096046713,3.0,0.6488542344970646,14.0,469.21,0.0,0.0,0.0,0.0,0.19,2.9686890162910644,14.0,161.0,161.0,3.0,896823.9909230964,0.0009205329787559,974.244281975806,39.077468253434866
51011,Appomattox County,17172.0,60041.0,7338.0,257275.0,0.0,40141784.75942739,0.0462014905483636,2,0.51,1.265,4.6,0.48,15.24974079384446,0.0,0.9049088841599596,15.0,412.44,0.0,0.0,0.0,0.0,0.11,7.86123722357063,4.0,115.0,115.0,6.0,1601275.8805615972,0.0018430011483204,868.8414991064072,19.7642493109056
5087,Madison County,18410.0,51514.0,7666.0,277933.0,0.0,3871.15336114027,1.785487536173493e-06,0,0.0,0.0,0.0,0.0,29.96753764176078,0.0,0.5212582467801655,7.0,231.12,0.0,0.0,0.0,0.0,0.14,12.236091208498946,4.0,69.0,69.0,7.0,64055622.22209194,0.0295442997034079,2168.121189709675,8.491222763458723
22089,St. Charles Parish,50586.0,79191.0,20531.0,1151325.0,0.0,9094423.86551535,0.0088468573455436,31,2125.71,220.91806451612905,1.2129032258064516,12.882548387096776,4.782178375065627,161.0,3.418816331436816,24.0,388.97,0.0,0.0,0.0,1.0,0.054,5.241101977864234,30.0,230.0,230.0,4.0,9185837.482171392,0.0089357825196894,1027.9835550978355,49.20895840127094
47063,Hamblen County,68843.0,49656.0,27565.0,968068.0,0.0,57592401.756206274,0.1264853811465529,2,135.86,1900.8,28.0,230.4315,4.6370067592167565,3.0,5.478684936039632,7.0,156.66,0.0,0.0,0.0,0.0,0.29,3.374092494980824,4.0,500.0,245.75,3.0,438610.9733995184,0.0009632847049067,455.32849339903424,151.194140050595
48009,Archer County,9129.0,69954.0,3910.0,144747.0,0.0,272429480.86339045,0.113641261595346,7,78.0,183.6442857142857,8.514285714285714,1.6588571428571428,5.203528897632365,3.0,9.771315462193508,15.0,90.56,0.0,0.0,0.0,0.0,0.073,8.07449617787953,20.0,345.0,133.4,0.0,0.0,0.0,2397.2761041095946,3.80807199652571
48023,Baylor County,3472.0,52716.0,2203.0,58648.0,0.0,2216.3160337100435,9.496778065673164e-07,7,50.39,233.76714285714283,18.0,1.7902857142857145,10.92084959282501,2.0,5.95043233872553,11.0,336.35,0.0,0.0,0.0,0.0,0.063,2.369973849591017,8.0,138.0,86.25,0.0,0.0,0.0,2333.7557415615393,1.4877306729953024
48405,San Augustine County,7722.0,45888.0,4791.0,133794.0,0.0,534363.9227951196,0.0003483365008721,2,380.87,3909.38,12.65,44.3445,13.992588021524409,1.0,1.472411328300267,52.0,309.95,0.0,0.0,0.0,0.0,0.059,15.864794245464864,0.0,0.0,0.0,3.0,105338257.8636877,0.0686669862745921,1534.0451587965522,5.0337501185805085
13249,Schley County,4593.0,53274.0,1950.0,63358.0,0.0,15894987.83519334,0.0365687131679517,1,0.1,0.28,2.8,0.445,7.003460958734912,4.0,4.865378685240777,4.0,120.27,0.0,0.0,0.0,0.0,0.076,11.772581629419497,1.0,230.0,230.0,3.0,304758.2444283082,0.0007011403180436,434.6608468881937,10.566859271733398
48313,Madison County,14226.0,65768.0,5084.0,228125.0,0.0,796931.0632305727,0.0006513020222455,2,0.33,0.3399999999999999,2.05,11.1115,1.9604462848614557,0.0,3.0443128423333423,16.0,308.14,0.0,0.0,0.0,0.0,0.044,12.72332998869838,1.0,345.0,345.0,0.0,0.0,0.0,1223.5967892176025,11.626378988045932
28159,Winston County,17473.0,45516.0,8228.0,301982.0,0.0,220044435.8333644,0.1392584774218929,11,2.78,0.820909090909091,3.1545454545454548,0.3294545454545454,2.790252350887131,0.0,2.9492306640837995,18.0,165.43,0.0,0.0,0.0,0.0,0.14,7.933854827356151,5.0,161.0,161.0,25.0,133062933.42759344,0.0842109076069378,1580.1151799559848,11.058054641615886
21103,Henry County,16447.0,58294.0,6634.0,260161.0,0.0,46878962.69360473,0.0621734342182273,2,1.54,16.36,15.4,123.1595,13.937170345971865,0.0,0.947959566551366,16.0,529.27,0.0,0.0,0.0,0.0,0.12,6.165970872264357,8.0,345.0,112.125,10.0,11799335.292183448,0.015648921053699,754.0031195565623,21.812907100003333
21167,Mercer County,23733.0,60728.0,10355.0,372559.0,0.0,41228113.91947043,0.0628415681257539,2,7.57,142.63,21.2,8.465,13.434754528653706,0.0,0.7691551525095565,7.0,423.81,0.0,0.0,0.0,0.0,0.12,3.107253010767594,41.0,345.0,100.97560975609755,7.0,3888304.887968711,0.0059267124610227,656.0643718655738,36.17480390302743
31183,Wheeler County,789.0,59167.0,574.0,13482.0,0.0,56961419.457122356,0.0382092005648306,2,0.47,0.665,2.6500000000000004,3.2664999999999997,19.669741267660623,0.0,5.598279818217082,8.0,100.04,0.0,0.0,0.0,0.0,0.061,17.986213117515852,5.0,345.0,124.2,5.0,6531956.119090684,0.0043815765806343,1490.7775771763424,0.5292540027966023
21135,Lewis County,12901.0,36662.0,6058.0,217252.0,0.0,89424332.93216385,0.0697283207765133,0,0.0,0.0,0.0,0.0,18.069761569005664,0.0,3.169402205237015,16.0,264.53999999999996,0.0,0.0,0.0,0.0,0.13,6.958018774099611,5.0,765.0,208.2,6.0,5803478.99871478,0.0045252430925919,1282.4678984020388,10.059511053707238
27051,Grant County,6085.0,67600.0,3166.0,69358.0,0.0,4683.270888416366,3.1420791149183372e-06,106,83.21,3.168018867924528,2.597169811320754,0.2565188679245282,1.3371910327742107,0.0,3.086340216939663,15.0,140.31,0.0,0.0,0.0,0.0,0.045,3.3032986243498703,4.0,115.0,115.0,284.0,131817080.14512,0.0884381249849754,1490.5006202643335,4.082520944486996
1025,Clarke County,22014.0,47549.0,11733.0,407344.0,0.0,620728184.4723413,0.1913375531794388,9,2.15,0.7611111111111112,2.988888888888889,3.1324444444444444,20.78074905949991,3.0,1.0848510672537297,28.0,755.4499999999999,0.0,0.0,0.0,0.0,0.088,6.036054370380906,15.0,115.0,115.0,3.0,109085057.2375149,0.0336251332908425,3244.1524110544797,6.78574777343601
19099,Jasper County,38153.0,67784.0,16183.0,660948.0,0.0,231111102.2512293,0.1217438354542831,3,2.28,3.3166666666666664,3.4333333333333336,5.636666666666666,12.84189348904578,0.0,4.0042048072984056,15.0,391.73,0.0,0.0,0.0,0.0,0.042,5.047703397726496,9.0,345.0,140.55555555555554,87.0,53787877.86784906,0.0283341755124026,1898.339263279595,20.09809349572552
28153,Wayne County,19807.0,34875.0,9086.0,335452.0,0.0,316710114.0167679,0.1503132100384403,2,1.7000000000000002,4.41,3.95,0.2835,1.456434177359894,1.0,1.9007293346712903,11.0,353.5,0.0,0.0,0.0,0.0,0.089,2.781472982322044,16.0,230.0,112.125,1.0,10517.18884442802,4.991543830844469e-06,2107.001200598231,9.400564173563968
48101,Cottle County,1224.0,47625.0,1069.0,26208.0,0.0,0.0,0.0,0,0.0,0.0,0.0,0.0,43.02803547930549,5.0,10.95956198398749,10.0,189.36,0.0,0.0,0.0,0.0,0.061,7.62680458770217,8.0,345.0,192.625,1.0,114689597.9598366,0.0491139652773415,2335.1728436544527,0.524158202390059
51081,Greensville County,11181.0,51823.0,4013.0,183905.0,0.0,148731475.935534,0.1933695333098545,3,0.77,0.63,2.566666666666667,8.882,2.275757308158713,291.0,2.14182982325506,12.0,280.39,0.0,0.0,0.0,0.0,0.074,3.167054287270634,12.0,230.0,134.16666666666666,7.0,1559166.99738008,0.0020282620491736,768.7206877510396,14.544944839081936
48503,Young County,18154.0,65565.0,8554.0,300616.0,0.0,389754181.93284726,0.1616625661082908,8,59.1,107.5275,8.775,3.13475,3.415468548372357,9.0,3.8164820595071864,11.0,473.13,0.0,0.0,0.0,0.0,0.055,8.425220066088675,15.0,345.0,170.2,0.0,0.0,0.0,2410.91172803528,7.529931431705385
1123,Tallapoosa County,40953.0,53282.0,22777.0,720329.0,0.0,247110982.91177553,0.1245149361090837,6,137.06,338.40333333333336,6.75,68.32600000000001,3.737508310731804,0.0,6.215883176082526,15.0,354.74,0.0,0.0,0.0,0.0,0.1,0.9371183363370174,40.0,230.0,120.75,3.0,1604471.2507087197,0.0008084652204316,1984.5890833151873,20.63550603210486
33015,Rockingham County,324077.0,110225.0,135585.0,2533365.0,2.0,237178208.56570116,0.115152839454298,44,38.9,5.291818181818182,4.4818181818181815,0.5139772727272727,5.541487072985791,2930.0,1.385574972108134,72.0,324.51,2.0,927680.5360144486,0.0004503999270192,1.0,0.22,1.1016904014920874,44.0,345.0,162.04545454545453,738.0,87856356.27744001,0.0426553052589385,2059.681808490382,157.3432355736191
8105,Rio Grande County,11087.0,57591.0,6561.0,112294.0,0.0,89704829.10976307,0.0379632188434108,6,1.33,0.7516666666666666,2.6333333333333333,4.661833333333333,22.13259055428105,31.0,1.2004123236153366,18.0,391.87,0.0,0.0,0.0,0.0,0.15,94.24980399084932,0.0,0.0,0.0,34.0,121826055.60891452,0.0515569703071805,2362.9405467983374,4.692035106436475
19149,Plymouth County,25697.0,79963.0,10819.0,447980.0,0.0,224686318.3453806,0.1004457526178957,1,0.73,1.74,2.4,54.5,27.873567912567108,0.0,0.4175161722879121,23.0,494.37,0.0,0.0,0.0,0.0,0.039,2.9809247847924003,39.0,345.0,102.02564102564102,91.0,38183387.63807535,0.0170698381687219,2236.8921872991705,11.48781338050388
36123,Yates County,24547.0,63974.0,13113.0,180344.0,1.0,130103121.13319606,0.1336657587336488,4,262.06,2738.865,25.725,9.73475,1.2570880769302537,0.0,1.897682550075546,26.0,193.68,0.0,0.0,0.0,0.0,0.079,9.543350613810402,11.0,115.0,115.0,18.0,4652323.583004895,0.0047801170664664,973.2656163678334,25.221275248177236
41017,Deschutes County,213072.0,82042.0,94911.0,2902267.0,1.0,47271500.51080445,0.0059759418020936,33,96.84,25.73212121212121,6.693939393939394,2.079030303030303,19.90431756879765,258.0,14.814038125654266,34.0,295.49,2.0,80190591.85409446,0.0101374888636333,0.0,0.2,24.69132607535021,1.0,69.0,69.0,187.0,688217881.4046239,0.0870027386901802,7910.301351034356,26.936015525140338
19155,Pottawattamie County,92996.0,68718.0,39914.0,1634095.0,19.0,379438009.8523624,0.1527423752986876,6,7.379999999999999,3.19,2.183333333333333,193.7413333333333,27.169774365773407,0.0,0.3943254754242475,27.0,756.2,0.0,0.0,0.0,0.0,0.04,4.568935294855704,47.0,345.0,137.51063829787233,46.0,7938315.638845348,0.0031955589883415,2484.171210047139,37.4354229788515
29043,Christian County,96725.0,75787.0,35348.0,1194630.0,0.0,80740337.447321,0.0552946643745254,0,0.0,0.0,0.0,0.0,16.58787430119858,0.0,4.796422706978519,14.0,219.44,0.0,0.0,0.0,0.0,0.15,7.944074751451857,19.0,161.0,117.42105263157896,7.0,13552229.549902096,0.0092811846961195,1460.1831548043954,66.24169007959634
28073,Lamar County,67403.0,67972.0,27319.0,1113149.0,0.0,138446030.0018257,0.1069096783281081,12,9.95,4.319166666666667,3.6833333333333336,0.7755000000000001,4.730362821244754,22.0,6.052748355394549,10.0,247.63,0.0,0.0,0.0,0.0,0.072,8.545147136606593,40.0,161.0,104.65,3.0,729927.8756608042,0.0005636590271036,1294.981257395094,52.049401962452954
18137,Ripley County,29434.0,70285.0,12301.0,428996.0,0.0,47173715.02929117,0.0406503758951231,3,1.42,2.106666666666667,4.2,2.0596666666666663,2.3367553866014847,0.0,1.2548000784542863,15.0,363.5,0.0,0.0,0.0,0.0,0.12,6.069987839611048,21.0,345.0,101.85714285714286,10.0,1739698.0227450377,0.0014991267599907,1160.4742635344387,25.36376800839453
38057,Mercer County,8441.0,82155.0,4667.0,325643.0,0.0,326047647.1511864,0.1131475874869121,3,1127.35,10073.823333333334,10.766666666666666,267.9153333333333,11.845425645272696,39.0,3.8365841291595086,27.0,457.74,0.0,0.0,0.0,0.0,0.026,6.515532995797737,20.0,345.0,189.75,31.0,31317705.915876005,0.0108681135495832,2881.6137936907176,2.9292613807171306
13147,Hart County,28639.0,61765.0,12878.0,353776.0,0.0,86062535.57889159,0.1293216578116348,5,287.45,1126.842,9.06,54.0836,1.0879054960922387,5.0,2.597308816290816,21.0,150.8,0.0,0.0,0.0,0.0,0.17,1.0820259901358684,10.0,230.0,172.5,1.0,4005005.18267435,0.0060181112058086,665.4920531891661,43.03432304376348
22049,Jackson Parish,15834.0,40406.0,7237.0,334210.0,0.0,242971801.7061618,0.1616225075039509,5,23.04,34.065999999999995,4.34,3.4392000000000005,3.6850682603963705,0.0,3.1647356403258504,21.0,335.13,0.0,0.0,0.0,0.0,0.083,4.448473615555444,6.0,115.0,115.0,2.0,1382047.2165423003,0.0009193245267883,1503.3289945722577,10.532624633176352
51133,Northumberland County,12557.0,64655.0,8989.0,191926.0,0.0,100069737.30111876,0.1352856135950375,3,0.77,0.6666666666666666,2.733333333333334,0.0923333333333333,8.559652425340989,0.0,0.6777027167950788,6.0,20.79,0.0,0.0,0.0,0.0,0.067,12.612462666509158,0.0,0.0,0.0,22.0,8820403.81959658,0.0119244216590624,739.6923785308499,16.975975911689474
55047,Green Lake County,19305.0,66395.0,10703.0,223739.0,0.0,186552733.0772047,0.1894864834342083,9,61.34,11.485555555555557,2.9333333333333336,5.322333333333333,0.0,0.0,6.092861176905379,18.0,192.35,0.0,0.0,0.0,0.0,0.034,4.1977306471388856,13.0,138.0,95.53846153846152,91.0,85096083.65721111,0.08643431424573,984.5173690542156,19.608592602632804
30073,Pondera County,6072.0,59861.0,2751.0,82441.0,0.0,0.0,0.0,18,29.11,12.79277777777778,5.205555555555556,0.1871666666666666,3.9576696125587825,41.0,6.746106623890959,40.0,581.47,0.0,0.0,0.0,0.0,0.13,186.58530320292553,0.0,0.0,0.0,47.0,196657383.28139904,0.0462550225766543,4251.589823688797,1.42817163738805
55127,Walworth County,106127.0,75172.0,53231.0,1241578.0,1.0,135003065.18467477,0.090401164750816,31,52.27,6.03258064516129,3.687096774193548,0.2133225806451612,1.2273581156257267,0.0,5.334230812154931,14.0,134.1,0.0,0.0,0.0,0.0,0.055,3.3322812658964107,31.0,138.0,109.06451612903226,145.0,44728028.533967435,0.0299509193533524,1493.3774822161183,71.06508653291823
18067,Howard County,83904.0,62014.0,39613.0,1238314.0,0.0,44021674.21612391,0.057827899175288,3,2.36,1.07,2.0,4.7876666666666665,5.601648375709504,0.0,0.1412484221227994,14.0,210.58,0.0,0.0,0.0,0.0,0.089,3.583015784107827,14.0,230.0,164.28571428571428,1.0,324904.2890858076,0.0004268018607977,761.2532159033703,110.21825359441286
18125,Pike County,12003.0,64182.0,5590.0,181063.0,0.0,121484913.8091328,0.1375150051332928,15,5.5,0.8806666666666667,2.7733333333333334,3.3344666666666667,2.08791567117413,0.0,1.2682706041911176,8.0,514.29,0.0,0.0,0.0,0.0,0.29,3.8446227470311727,19.0,345.0,127.10526315789474,86.0,85335134.59594184,0.0965952158508172,883.4302386956095,13.586811356743354
26045,Eaton County,109581.0,77158.0,47562.0,1072601.0,2.0,113479138.04516923,0.0756161947844494,11,3.2,0.7781818181818182,2.618181818181818,0.733909090909091,4.021886193978542,0.0,2.063529958310489,16.0,292.4,0.0,0.0,0.0,0.0,0.064,2.192309261505177,11.0,345.0,169.36363636363637,27.0,10483073.539108248,0.0069853379601579,1500.7253190755152,73.01869209983387
19179,Wapello County,35210.0,56209.0,15754.0,619856.0,0.0,124246034.35536715,0.110021397694719,4,0.73,0.355,1.825,109.0355,2.2469347820560657,16.0,1.5642964201813718,7.0,251.98,0.0,0.0,0.0,0.0,0.055,2.534749948991707,12.0,161.0,115.0,20.0,13448414.565754129,0.0119087371706892,1129.2897284570531,31.178889803688705
26027,Cass County,51677.0,65183.0,25458.0,508116.0,0.0,47763339.166706145,0.0362801335322038,68,37.19,2.449705882352941,3.841176470588235,0.2463088235294117,1.0526378226870974,0.0,4.53673758699897,25.0,177.58,0.0,0.0,0.0,0.0,0.075,0.5095007191121422,25.0,345.0,154.56,38.0,23300921.794755727,0.017698941675469,1316.514977110249,39.25287664666834
48035,Bosque County,18918.0,63868.0,9317.0,307017.0,0.0,274025461.5048064,0.1055274400240534,3,70.98,864.1066666666667,14.666666666666666,17.656000000000002,6.339947809015751,0.0,0.7805995999076121,29.0,547.9,0.0,0.0,0.0,0.0,0.039,8.467118896178981,11.0,138.0,69.0,2.0,726289.1013398502,0.0002796945552445,2596.722344861844,7.285338009831203
44005,Newport County,83051.0,96319.0,43415.0,563789.0,0.0,83340563.30524203,0.1025983341319305,0,0.0,0.0,0.0,0.0,14.263070011009104,318.0,13.7501877057737,2.0,3.46,3.0,3046588.7776717395,0.0037505738019711,0.0,0.11,2.6030544317017137,17.0,115.0,115.0,400.0,41864708.57806917,0.0515385215454532,812.2993699217432,102.241861898774
39045,Fairfield County,169752.0,82969.0,62743.0,2165363.0,1.0,84605527.08258131,0.0642328340433893,7,13.27,4.805714285714286,3.371428571428571,0.9367142857142856,8.852547441630547,0.0,1.7372810535190466,14.0,355.31,0.0,0.0,0.0,0.0,0.08,1.2511534351012186,53.0,345.0,91.13207547169812,13.0,10789080.162363896,0.0081911100913686,1317.1694730037734,128.87635454599828
17015,Carroll County,15419.0,61539.0,8197.0,165939.0,0.0,154178616.04754528,0.1274752047080699,2,2.3,14.01,8.05,0.4705,11.385662743010322,0.0,2.435732091710814,22.0,295.66,0.0,0.0,0.0,0.0,0.063,13.39128264905676,2.0,161.0,161.0,95.0,55995004.23972879,0.0462967875031209,1209.4792589216706,12.748461692304703
27125,Red Lake County,3940.0,73889.0,1872.0,44988.0,0.0,48741736.97857343,0.0435132972980807,1,0.13,0.19,1.4,0.013,15.120875608285177,78.0,1.148811589346245,7.0,367.24,0.0,0.0,0.0,0.0,0.022,5.20028105950663,3.0,115.0,115.0,37.0,15062899.184433868,0.0134471291416977,1120.1572488603356,3.517363302347607
41031,Jefferson County,25740.0,69345.0,10301.0,340489.0,0.0,870.2411943846358,1.875203120503324e-07,13,21.34,57.04769230769231,11.315384615384614,33.26892307692308,6.2187321623026195,27.0,6.846402641086031,41.0,670.83,0.0,0.0,0.0,0.0,0.2,13.309590576801313,1.0,500.0,500.0,40.0,235214669.87269872,0.0506842569369906,4640.78362962117,5.546477072472602
30055,McCone County,1720.0,79022.0,1093.0,24909.0,0.0,132390286.71217395,0.0190589489377205,9,816.3900000000001,2618.51,5.544444444444444,34.305,18.303732552445236,2.0,19.7767626770154,47.0,655.02,0.0,0.0,0.0,0.0,0.038,101.30909263119466,0.0,0.0,0.0,22.0,51757288.291653655,0.0074509961310017,6946.358229378767,0.2476117619050327
19019,Buchanan County,20883.0,73493.0,8911.0,361254.0,0.0,141012070.3204546,0.0950017833748227,1,0.45,1.05,2.3,23.879,4.8928235193836525,0.0,2.792707381261101,15.0,485.88,0.0,0.0,0.0,0.0,0.04,13.542909622137511,2.0,345.0,253.0,44.0,15312112.296644848,0.0103159819017951,1484.309728575648,14.069166022403856
17043,DuPage County,934298.0,107035.0,365347.0,9804533.0,16.0,73640536.45222181,0.0845235747802617,16,3.79,0.58125,2.3312500000000003,1.377125,2.6421889392178683,0.0,3.456248666944108,7.0,240.55,0.0,0.0,0.0,0.0,0.083,3.601252288143999,98.0,345.0,205.59183673469389,288.0,70053528.79700871,0.0804064499318171,871.2426534987247,1072.374035233535
46047,Fall River County,7467.0,54886.0,4094.0,104768.0,0.0,139935827.2742382,0.0308887711209534,9,17.54,11.72111111111111,3.533333333333333,3.930888888888889,7.19419120322918,0.0,4.155497463414796,44.0,214.72,0.0,0.0,0.0,0.0,0.12,16.515322117455614,2.0,69.0,69.0,48.0,125369953.97708616,0.0276735694089519,4530.3138212641015,1.6482301877083805
13219,Oconee County,44893.0,116221.0,15073.0,562110.0,0.0,31316380.511785913,0.0648764491399417,2,0.42,0.75,3.55,0.0809999999999999,7.05541502057533,16.0,0.3735038907228626,5.0,213.09,0.0,0.0,0.0,0.0,0.13,5.398462061147487,9.0,230.0,140.55555555555554,11.0,1638437.501167521,0.0033942622202544,482.7079921493797,93.00239633510633
48493,Wilson County,56139.0,89708.0,19017.0,829474.0,0.0,286291040.9699278,0.1367344372106086,1,0.16,0.38,2.3,0.02,14.226956009995536,5.0,6.93411381216487,5.0,390.78,0.0,0.0,0.0,0.0,0.028,7.581152609801604,6.0,345.0,172.5,0.0,0.0,0.0,2093.7742294292625,26.812346436847115
31059,Fillmore County,5458.0,72335.0,2742.0,102002.0,0.0,126247771.872791,0.0845488770566498,5,2.12,1.104,2.3,0.2455999999999999,14.76451748456122,0.0,1.8487061227047263,6.0,232.94,0.0,0.0,0.0,0.0,0.044,4.916071432136877,4.0,115.0,115.0,24.0,7022387.729941938,0.0047029344601079,1493.1927692185586,3.655254775213228
18153,Sullivan County,20831.0,54556.0,8787.0,308401.0,0.0,1017758.3743363518,0.0008653270314319,30,16.35,2.631,2.82,39.881600000000006,1.291094548162881,0.0,1.0619242220428675,16.0,188.27,0.0,0.0,0.0,0.0,0.23,1.482495217046769,18.0,345.0,134.16666666666666,40.0,67256459.66810898,0.0571833492951811,1176.1546061412078,17.711106933758888
13027,Brooks County,16101.0,42263.0,7324.0,222810.0,0.0,210936549.09363264,0.1636058472175829,9,2.41,0.7766666666666667,2.677777777777778,0.1498888888888888,6.444931028615964,206.0,0.0166591314143925,7.0,212.95,0.0,0.0,0.0,0.0,0.057,8.479637867385676,5.0,230.0,184.0,15.0,6397521.202068619,0.0049620223752323,1289.2971289290388,12.488199685494047
20185,Stafford County,4005.0,60000.0,2113.0,58433.0,0.0,7299.50485613939,3.5454708535701495e-06,10,9.81,1.203,1.33,1.9991,19.72322168061529,0.0,3.272661256684375,5.0,145.76,0.0,0.0,0.0,0.0,0.053,6.59964683247801,9.0,115.0,94.55555555555556,8.0,86060864.04824778,0.0418009565346399,2058.8252323108973,1.9452841052975869
13271,Telfair County,11195.0,41801.0,4836.0,176285.0,0.0,202779751.28979424,0.176333651466913,1,0.72,2.67,3.7,8.907,17.849015572831927,574.0,3.451608795958031,7.0,451.39,0.0,0.0,0.0,0.0,0.095,17.659080493734116,0.0,0.0,0.0,6.0,34907228.285904236,0.0303547025138914,1149.9776112096415,9.734972134130656
26115,Monroe County,156004.0,72573.0,65946.0,1531364.0,1.0,170475208.65971994,0.0968046259109884,13,25771.59,38385.10461538461,3.161538461538462,755.9666153846155,5.571510416600638,0.0,2.2313088329038844,22.0,240.78,0.0,0.0,0.0,1.0,0.066,8.324288961041887,37.0,345.0,208.0540540540541,38.0,44783235.42078917,0.0254302334402571,1761.0233710987266,88.58712641767325
18181,White County,25164.0,65345.0,12908.0,364394.0,0.0,20005921.10787388,0.0151838493814475,3,8.6,23.55333333333333,5.933333333333334,40.344,8.850892529872239,0.0,4.006749139477901,31.0,259.39,0.0,0.0,0.0,0.0,0.084,2.0949885281474425,7.0,345.0,285.85714285714283,3.0,770984.3635653906,0.000585199317771,1317.4731072859645,19.10020011857291
18113,Noble County,47937.0,70286.0,20127.0,700739.0,0.0,87632144.79395933,0.0810548647440737,37,13.41,1.2072972972972973,3.075675675675676,0.6064054054054054,3.407527547515959,0.0,1.2328472536115531,22.0,186.0,0.0,0.0,0.0,0.0,0.079,2.353375458891204,24.0,345.0,140.875,53.0,20384374.79656879,0.0188544140499261,1081.1460246174363,44.339061429710675
46017,Buffalo County,1802.0,42917.0,588.0,29634.0,0.0,0.0,0.0,4,230.29,587.8075,5.025,248.25175,13.441114753214077,2.0,5.385513066015125,27.0,130.17,0.0,0.0,0.0,0.0,0.092,15.834634950851775,6.0,230.0,149.5,49.0,125335903.64291397,0.0992133850588334,1263.2963139861624,1.4264270227418223
46095,Mellette County,2137.0,41397.0,766.0,28763.0,0.0,0.0,0.0,0,0.0,0.0,0.0,0.0,21.69603914232098,0.0,0.2281063274385579,17.0,525.91,0.0,0.0,0.0,0.0,0.069,36.026763021997546,0.0,0.0,0.0,1.0,642984.1297123943,0.0001893841912729,3395.1309525388797,0.6294308024855274
48135,Ector County,173801.0,70566.0,66082.0,2702570.0,0.0,152904399.38445324,0.0654641262549722,1,0.15,0.4,2.7,0.001,19.185373976317248,0.0,20.702977603962253,1.0,3.92,0.0,0.0,0.0,0.0,0.054,2.510947262901291,55.0,345.0,155.56363636363636,0.0,0.0,0.0,2335.6974909680907,74.41074911116321
48293,Limestone County,22849.0,53102.0,10420.0,373830.0,0.0,293330369.181295,0.1213671942623464,10,51.77,71.174,3.83,1.7662,5.5412971539218745,0.0,6.501332228314746,16.0,66.4,0.0,0.0,0.0,0.0,0.044,14.125853429910205,9.0,345.0,161.0,0.0,0.0,0.0,2416.8834968277615,9.453910389139592
54003,Berkeley County,139522.0,73619.0,51292.0,2433977.0,0.0,42528751.78994551,0.0510682442585821,2,1.04,2.795,5.5,0.2005,9.933275657032922,0.0,3.2058448341363146,12.0,211.79,1.0,1259051.3289384025,0.0015118605200992,0.0,0.069,6.710451849088842,13.0,138.0,138.0,8.0,70814604.08385581,0.0850290338994615,832.8285155819511,167.52788526039717
45021,Cherokee County,58275.0,47011.0,24775.0,905617.0,0.0,78415796.50770092,0.076163372551801,11,3.38,1.1254545454545457,3.472727272727273,27.87409090909091,3.6493217465756698,27.0,0.986811834914488,10.0,201.19,0.0,0.0,0.0,0.0,0.16,0.6831700620040544,32.0,230.0,144.53125,2.0,6798212.02385918,0.0066036516243529,1029.4625474773209,56.607207462575325
37199,Yancey County,19084.0,53103.0,11266.0,238392.0,0.0,19164129.83353593,0.0236263231464108,0,0.0,0.0,0.0,0.0,24.901234019694048,1.0,0.7901890660488221,13.0,183.54,0.0,0.0,0.0,0.0,0.2,1.1186879077351797,8.0,115.0,115.0,46.0,26839916.196084894,0.0330893465437499,811.1346702056429,23.527535810005173
48387,Red River County,11816.0,44583.0,6195.0,196306.0,0.0,1065284.7073625375,0.0003892257871984,10,9.41,1.886,1.98,4.9677,0.5293190946006097,5.0,6.919556032884852,40.0,409.3,0.0,0.0,0.0,0.0,0.083,4.005341814894789,4.0,345.0,155.25,16.0,16279840.19204957,0.0059482066816702,2736.9325013901707,4.317242019669209
27149,Stevens County,9747.0,69737.0,4202.0,110939.0,0.0,81277333.94663529,0.0545407406119189,55,32.28,1.340181818181818,2.18,0.2254363636363636,1.6630175562347358,0.0,1.221460459831628,9.0,165.03,0.0,0.0,0.0,0.0,0.046,1.6896019778854796,6.0,115.0,115.0,280.0,104348252.98135912,0.070022724907315,1490.205545692191,6.540708446681146
13301,Warren County,5269.0,45091.0,2558.0,71528.0,0.0,26277866.554160267,0.0353902023566433,5,1.27,0.71,2.7,0.254,1.7813486660402518,0.0,2.712754105929746,9.0,457.83,0.0,0.0,0.0,0.0,0.17,6.945497110043571,2.0,500.0,307.5,5.0,27397121.31007082,0.0368975793812836,742.5181209574941,7.096123113070296
48197,Hardeman County,3292.0,60455.0,1819.0,59925.0,0.0,3680.908792846394,2.0394130444478977e-06,1,1.72,2.2,1.3,0.109,6.7027346594750306,0.0,5.358079176777452,18.0,224.45,0.0,0.0,0.0,0.0,0.078,2.513080676799578,5.0,345.0,165.6,0.0,0.0,0.0,1804.886363195189,1.823937543731105
13165,Jenkins County,8843.0,31463.0,4451.0,119164.0,0.0,146473401.87901926,0.1604481331750711,2,0.33,0.36,2.2,0.3359999999999999,14.578745253377589,12.0,0.11704108387693,6.0,341.89,0.0,0.0,0.0,0.0,0.17,2.9189374876078844,4.0,115.0,115.0,29.0,23083075.731657665,0.0252853853434926,912.9018766406992,9.686692761045158
21085,Grayson County,27406.0,47024.0,13346.0,436907.0,0.0,99436531.07428364,0.0751280982314976,9,34.88,129.98111111111112,11.244444444444444,4.601,7.777861711970675,0.0,3.2844482266771697,28.0,372.43,0.0,0.0,0.0,0.0,0.17,3.700641651909363,13.0,138.0,79.61538461538461,57.0,18736833.566343542,0.0141563936061676,1323.559805385764,20.706280055106586
48363,Palo Pinto County,30791.0,65242.0,15138.0,475485.0,0.0,301643739.7236823,0.1181778840335535,6,57.56,150.04,10.483333333333334,4.625166666666666,9.25364809524082,0.0,4.211613572821628,25.0,269.52,1.0,679840.7027950081,0.0002663477644515,0.0,0.048,23.893069682778684,4.0,345.0,224.25,1.0,22088776.224586517,0.0086539334081264,2552.455072492723,12.06328774669854
13149,Heard County,12149.0,62965.0,4790.0,156819.0,0.0,76194109.37277448,0.0977059050591492,4,94.08,201.8025,8.075000000000001,41.12825,4.460417466728379,5.0,1.851691735990575,10.0,204.43,0.0,0.0,0.0,0.0,0.1,9.421039047186408,18.0,500.0,217.5,11.0,28075850.66176419,0.0360024733568815,779.8311628053134,15.57901322678102
1079,Lawrence County,33843.0,54786.0,15270.0,577341.0,0.0,241659450.0553967,0.1300960248125095,7,214.68,340.11285714285714,6.171428571428571,523.3644285714286,4.614682569396361,0.0,1.0395669865570532,31.0,287.77,0.0,0.0,0.0,0.0,0.2,7.230354395459774,17.0,161.0,161.0,21.0,103524693.39187849,0.0557319445903313,1857.5467651964696,18.21919137331677
20025,Clark County,1900.0,58287.0,1044.0,28377.0,0.0,293.0962187439609,1.1580693537844769e-07,2,1.38,4.949999999999999,5.8,0.2085,16.835900258489037,0.0,12.858939849820311,19.0,147.97,0.0,0.0,0.0,0.0,0.058,6.73049484349248,6.0,34.5,34.5,2.0,11488893.291260188,0.0045394428040472,2530.9038547675723,0.7507199439523902
20081,Haskell County,3599.0,66458.0,1551.0,54121.0,0.0,97.56718074693754,6.51889377135374e-08,0,0.0,0.0,0.0,0.0,43.32296601562024,0.0,29.51090393094984,0.0,0.0,0.0,0.0,0.0,0.0,0.049,5.390589967875006,6.0,138.0,118.83333333333331,1.0,581893.9114167124,0.0003887889929464,1496.683090245791,2.404650672848157
22013,Bienville Parish,12269.0,34268.0,6907.0,288430.0,0.0,30829467.479474258,0.0144783906638077,3,34.21,154.5533333333333,10.1,17.649,3.9931990955906422,3.0,3.0745150488043285,22.0,398.74,0.0,0.0,0.0,0.0,0.078,10.653008169060636,2.0,500.0,307.5,14.0,12180724.825678691,0.0057204131973059,2129.343529137959,5.76186971811306
27167,Wilkin County,6288.0,67114.0,2992.0,74522.0,0.0,313489443.02561253,0.1611223896430746,1,0.32,0.29,0.9,0.014,8.23314474946237,0.0,3.13606745120788,16.0,523.78,0.0,0.0,0.0,0.0,0.04,12.33256692611902,5.0,41.6,41.6,130.0,80371901.08593945,0.0413082898044048,1945.660337586031,3.2318076688562627
23011,Kennebec County,129067.0,62118.0,62778.0,1016474.0,0.0,374727960.0500793,0.1521101189636164,73,211.45,21.353287671232877,5.864383561643836,1.8567671232876717,1.8925636882219812,102.0,3.3354293191586333,69.0,410.85,0.0,0.0,0.0,0.0,0.19,7.218642966571853,16.0,345.0,143.75,133.0,28990844.39302536,0.0117680057524649,2463.5307802218695,52.39106449823859
51173,Smyth County,28882.0,45061.0,15125.0,480576.0,0.0,25181061.624452256,0.0214761777189808,1,0.34,2.64,7.9,0.586,3.2064404790641436,1.0,0.4449182961615143,12.0,237.96,0.0,0.0,0.0,0.0,0.16,6.701902258601141,10.0,765.0,200.7,31.0,88083737.60931435,0.07512399728841,1172.511325124912,24.63259789573725
35041,Roosevelt County,18615.0,52644.0,8511.0,282893.0,0.0,260453514.88007537,0.0409909765006016,1,10.08,28.23,2.8,0.026,33.67357157565336,0.0,24.502385640898744,3.0,6.239999999999999,1.0,229831809.82775372,0.0361716382291022,0.0,0.037,5.278719891280377,24.0,345.0,112.95833333333331,37.0,218819823.0700296,0.0344385378306736,6353.923158582298,2.9296860436306287
42111,Somerset County,72004.0,57357.0,37796.0,803262.0,0.0,130826482.38429528,0.0466993810776196,14,18.92,35.520714285714284,10.05714285714286,2.7200714285714285,6.117399033452858,0.0,1.5168996614091637,29.0,435.54,0.0,0.0,0.0,0.0,0.051,7.818897109657977,12.0,115.0,115.0,69.0,22789324.539069377,0.0081348006287089,2801.4607338552723,25.7023056328584
51191,Washington County,53898.0,59116.0,25509.0,866144.0,0.0,36559736.28858656,0.02493046905649,2,22.56,471.695,23.6,17.502,9.200088605372336,2.0,6.525250521671013,26.0,298.98,0.0,0.0,0.0,0.0,0.17,1.826258807585992,10.0,500.0,174.2,21.0,54367624.4837849,0.0370738554898763,1466.468047776442,36.75361361041844
37081,Guilford County,562234.0,62880.0,233332.0,7091898.0,0.0,106206203.97538276,0.062350215537854,11,29.21,24.110909090909093,7.290909090909091,1.2844545454545455,3.248530642268243,65.0,1.0062111155802105,23.0,378.63,0.0,0.0,0.0,0.0,0.09,1.7081577085089703,95.0,230.0,116.42105263157896,134.0,4464884.628273021,0.0026212059946422,1703.370371271535,330.07149207385976
40039,Custer County,28175.0,58669.0,12907.0,529613.0,0.0,256088079.0250004,0.0986756253440115,1,24.52,204.2,8.3,3.327,18.26354429533471,14.0,3.3113847927017215,23.0,848.12,0.0,0.0,0.0,0.0,0.12,1.35859731001561,31.0,345.0,131.32258064516128,1.0,53790.84149693584,2.072663804851526e-05,2595.251645299474,10.85636533591285
39101,Marion County,65115.0,55106.0,27405.0,859270.0,0.0,133741249.10667296,0.1277663940467272,5,2.54,0.654,1.48,9.655,2.0283129691546637,0.0,1.9559118225552303,11.0,261.62,0.0,0.0,0.0,0.0,0.083,2.1421358637509593,12.0,138.0,138.0,23.0,7778749.8584814435,0.0074312362584332,1046.7639014509602,62.20600453430001
17149,Pike County,14231.0,55514.0,7308.0,158880.0,0.0,303270449.33263826,0.1379478742248497,7,2.88,1.0157142857142858,2.1,0.5178571428571429,10.76394901054088,15.0,2.8471849130950573,22.0,396.83,0.0,0.0,0.0,0.0,0.13,11.691442577631427,13.0,138.0,79.61538461538461,50.0,26721740.60582281,0.0121548516639152,2198.4423458784822,6.473219562332162
17203,Woodford County,38111.0,80093.0,15711.0,410653.0,0.0,97187911.9145421,0.06911260351856,4,62.35,131.32999999999998,5.9,105.449,10.754442387558075,0.0,8.281630388166038,12.0,244.77,0.0,0.0,0.0,0.0,0.095,9.225641613075538,6.0,345.0,207.0,43.0,11459964.992337214,0.0081494498775569,1406.2255936927977,27.10162592043228
18167,Vigo County,106512.0,52789.0,46946.0,1570688.0,0.0,199784994.73144636,0.1879336042413781,19,6.99,0.8794736842105264,2.4,79.64136842105263,3.5732294419575013,0.0,3.55712963864109,18.0,443.36,1.0,392580.7757822217,0.0003692926000163,0.0,0.18,2.844848888838208,50.0,345.0,135.24,66.0,24760107.354914226,0.0232913198654757,1063.0615825089294,100.1936310675636
18039,Elkhart County,208774.0,63978.0,79808.0,3065484.0,0.0,69181802.28544004,0.0570789027510645,16,8.7,1.679375,2.74375,9.304375,4.478416487768476,0.0,0.2655373159250205,25.0,214.45,0.0,0.0,0.0,0.0,0.075,3.839320618722882,23.0,345.0,183.0,29.0,4064375.669828474,0.0033533399815858,1212.0380552366137,172.25036713821927
51077,Grayson County,15230.0,43348.0,8948.0,247314.0,0.0,31790208.776793245,0.0275475610995876,0,0.0,0.0,0.0,0.0,23.732776282901565,0.0,2.3059223541083003,22.0,209.93,0.0,0.0,0.0,0.0,0.15,22.192070719412033,1.0,69.0,69.0,15.0,54901373.7726556,0.0475743634496656,1154.01173639963,13.19743943637494
48303,Lubbock County,328906.0,61911.0,133802.0,5334968.0,0.0,289985317.2487131,0.1243073757233537,5,1.6800000000000002,1.348,3.26,0.0024,3.756550066993381,0.0,1.8683700359974411,5.0,33.1,0.0,0.0,0.0,0.0,0.039,1.4650679604319463,62.0,230.0,109.06451612903226,16.0,2312629.062650259,0.0009913496927883,2332.8085734768365,140.99142284520838
27093,Meeker County,23603.0,75926.0,10618.0,266970.0,0.0,130115855.92106175,0.0779350159415124,105,98.77,3.769619047619047,2.954285714285714,0.2279714285714285,1.266971590964158,1.0,0.9949896332039412,37.0,235.76,0.0,0.0,0.0,0.0,0.029,1.7614228463919746,24.0,115.0,74.75,318.0,83622733.14895782,0.0500872017337972,1669.5429222298187,14.137402330738617
18135,Randolph County,24438.0,59674.0,11399.0,365698.0,0.0,73271686.37774523,0.0624079024970801,0,0.0,0.0,0.0,0.0,21.949916559631955,0.0,2.7757266188667944,13.0,654.3199999999999,0.0,0.0,0.0,0.0,0.097,3.5864639014145423,7.0,345.0,138.0,10.0,3093760.626387413,0.0026350575654218,1174.0770550840632,20.814647466430777
27113,Pennington County,13686.0,71504.0,6673.0,161354.0,0.0,57451329.06064043,0.0358820095599046,6,4.58,1.135,1.6166666666666665,2.2975,14.646480091628064,5.0,0.6294387230944304,4.0,240.32,0.0,0.0,0.0,0.0,0.021,6.662068413611342,7.0,115.0,115.0,36.0,31869725.795555323,0.0199046706533539,1601.1179662591042,8.54777742078327
41021,Gilliam County,1971.0,58409.0,1081.0,27456.0,0.0,603034.2695154145,0.0001904040866414,1,0.74,4.48,6.1,4.787,43.50302566866358,4.0,2.090846724461118,22.0,563.27,0.0,0.0,0.0,0.0,0.2,25.759773638008664,3.0,500.0,500.0,15.0,104192103.8553125,0.0328979684450895,3167.128816152338,0.6223302285489343
5009,Boone County,38628.0,52275.0,17354.0,630891.0,0.0,105975916.32703732,0.0679692973288549,2,271.23,5470.5,39.900000000000006,187.0485,18.79500129339277,0.0,3.934342048558523,21.0,254.38,0.0,0.0,0.0,0.0,0.19,4.119698194040502,8.0,161.0,161.0,7.0,161297.9124806389,0.0001034509175787,1559.1733380018188,24.7746668433314
48253,Jones County,20861.0,59361.0,7052.0,331309.0,0.0,215384267.1705972,0.0887386934801262,4,7.95,39.735,7.074999999999999,0.213,12.01819726541308,0.0,10.664706597184596,13.0,356.85,0.0,0.0,0.0,0.0,0.038,14.036392750644502,15.0,345.0,239.2,0.0,0.0,0.0,2427.1741979031317,8.594768359857358
48185,Grimes County,34252.0,63484.0,12038.0,485145.0,0.0,339108362.9919947,0.1633361332737365,16,11.15,6.67375,2.96875,0.379,3.8366899284830702,0.0,1.6469849326906691,21.0,574.61,0.0,0.0,0.0,0.0,0.041,3.663241981791856,18.0,345.0,218.5,0.0,0.0,0.0,2076.138029661,16.497939689295514
26049,Genesee County,401093.0,58594.0,183775.0,3955956.0,1.0,107443401.70017467,0.0638623122353516,35,27.73,4.162857142857144,3.4971428571428573,0.8292857142857143,3.3151820039832365,0.0,0.6865511679456502,32.0,388.28,0.0,0.0,0.0,0.0,0.043,4.130312347007148,34.0,345.0,150.1764705882353,30.0,10073629.744822748,0.0059875737172062,1682.4226674445142,238.4020423412584
28041,Greene County,13707.0,50000.0,5124.0,231030.0,0.0,302122602.87432003,0.1623080645539916,2,1.22,3.045,4.35,0.42,4.051524181245989,1.0,0.061851311552579,14.0,367.97,1.0,3038.8187184624157,1.6325318927867584e-06,0.0,0.075,3.9634180929175606,15.0,161.0,90.46666666666668,23.0,33909840.39955044,0.0182172419813135,1861.4146111872296,7.363754382081235
29059,Dallas County,18025.0,46547.0,7597.0,217413.0,0.0,97491672.13696451,0.069341376565004,0,0.0,0.0,0.0,0.0,26.429223876471635,0.0,0.1683948665276914,12.0,273.77,0.0,0.0,0.0,0.0,0.14,7.975109617772604,3.0,345.0,161.0,16.0,37940542.14277328,0.0269853759006862,1405.9667829866478,12.820359782405458
51143,Pittsylvania County,59490.0,52619.0,29526.0,975798.0,0.0,153407042.53355974,0.0605488088988731,5,80.93,306.0,9.28,16.7798,4.457015642095668,120.0,4.635874389201946,46.0,631.03,0.0,0.0,0.0,0.0,0.09,3.464909506990382,29.0,230.0,111.82758620689656,0.0,0.0,0.0,2533.6095700033707,23.480334422608315
20145,Pawnee County,5991.0,54141.0,3065.0,90453.0,0.0,32837.90562660988,1.6800975411355034e-05,1,0.26,0.16,0.6,23.9,10.89206600809486,0.0,0.1440719403950931,5.0,466.86,0.0,0.0,0.0,0.0,0.055,2.6608422401165615,6.0,230.0,93.91666666666669,0.0,0.0,0.0,1954.5237608549355,3.0651968116158663
20209,Wyandotte County,170597.0,57771.0,68482.0,2358748.0,0.0,52655060.23143251,0.1301600143966779,3,2.06,7.18,7.366666666666666,0.1003333333333333,4.472170078570429,4.0,4.556379715302808,3.0,149.17000000000002,0.0,0.0,0.0,0.0,0.064,2.707582399755099,29.0,161.0,156.24137931034485,0.0,0.0,0.0,404.5409834617875,421.70511017238977
26157,Tuscola County,52680.0,59815.0,23977.0,524413.0,0.0,90572377.84752885,0.038264380123548,21,59404.27,169048.26761904763,5.20952380952381,437.2916666666667,3.6404954582450206,0.0,1.4959214499069653,19.0,276.34,0.0,0.0,0.0,0.0,0.036,3.136451432608943,21.0,345.0,199.28571428571428,67.0,134392631.91787273,0.0567772523286991,2367.0154226526656,22.25587526631432
20065,Graham County,2371.0,47071.0,1432.0,34781.0,0.0,0.0,0.0,1,0.23,0.76,3.3,0.048,19.49221700345005,0.0,0.4699278001315219,5.0,313.6,0.0,0.0,0.0,0.0,0.066,2.241016443200867,8.0,115.0,64.6875,4.0,1286760.3756292649,0.0005527859523422,2327.7732912296437,1.0185699822801566
47055,Giles County,31433.0,56877.0,13990.0,448575.0,0.0,146815825.0107898,0.0927483823027568,1,0.14,0.7,5.2,0.026,22.14360467884091,0.0,1.1602054768702543,18.0,293.28999999999996,0.0,0.0,0.0,0.0,0.2,2.211527851543143,5.0,161.0,161.0,2.0,660224.1374281761,0.000417085288314,1582.9475551556434,19.857259261447453
39095,Lucas County,423347.0,57265.0,200495.0,5671259.0,0.0,152775917.3818633,0.0989987119649067,14,25774.370000000003,35643.46357142857,2.692857142857143,699.9638571428571,0.615421344261593,0.0,0.7166220912651583,14.0,197.59,1.0,547829.4248367378,0.0003549931714679,0.0,0.072,0.7704266751019959,36.0,345.0,166.75,108.0,44663165.33426695,0.0289417181893798,1543.2105669060147,274.32873327764275
21213,Simpson County,20788.0,55907.0,8302.0,320398.0,0.0,43400024.55740982,0.0708638667463809,1,0.29,1.03,3.5,4.265,3.376001804013263,0.0,2.739025833014606,7.0,90.09,0.0,0.0,0.0,0.0,0.19,0.5205573943991669,14.0,161.0,121.57142857142856,5.0,1556900.9796775389,0.002542118924605,612.4422286496405,33.94279334041837
50013,Grand Isle County,7511.0,86639.0,5264.0,61489.0,0.0,189789.46380917824,0.0003790201375405,0,0.0,0.0,0.0,0.0,11.305813647992792,90.0,3.046176402640405,10.0,66.69,0.0,0.0,0.0,0.0,0.25,11.393717703838709,2.0,115.0,115.0,38.0,5102332.9316295935,0.0101896432536874,500.73715090890823,14.999885641331945
39029,Columbiana County,99377.0,55473.0,46164.0,1336068.0,0.0,51216459.03916435,0.0369802061908073,7,3.94,2.947142857142857,4.2,0.6888571428571428,6.543868155842519,0.0,0.0322038485375687,23.0,389.92,0.0,0.0,0.0,0.0,0.055,7.302645120088217,14.0,345.0,197.1428571428571,16.0,21118263.21829516,0.0152485533424212,1384.9355243126286,71.75568700161895
51125,Nelson County,14920.0,64028.0,9919.0,237321.0,0.0,69715106.76558173,0.0567616170710008,2,0.26,0.5,3.9,0.096,10.522300253738372,0.0,0.4330839284435771,12.0,395.98,0.0,0.0,0.0,0.0,0.11,10.136268328538511,3.0,138.0,138.0,24.0,65537447.57725492,0.0533601922994902,1228.2086093209402,12.147773502621076
18033,DeKalb County,44535.0,68110.0,18157.0,638004.0,0.0,56865692.584935926,0.0603417887364888,5,0.75,0.388,2.58,0.5164,9.228029418771062,0.0,1.4731674535642083,27.0,147.4,0.0,0.0,0.0,0.0,0.083,5.652733152113273,13.0,345.0,143.30769230769232,35.0,5025127.576814038,0.0053323044674275,942.3932199502252,47.25734338618462
29197,Schuyler County,4140.0,53728.0,1900.0,52525.0,0.0,244563.00168637215,0.000306419080852,4,0.43,0.32,2.925,0.0155,5.471445024084464,2.0,1.452820305361565,16.0,158.26,0.0,0.0,0.0,0.0,0.065,2.3225239208289814,7.0,161.0,82.14285714285714,7.0,6156707.371461843,0.0077138921293481,798.1324172317799,5.18710919468609
1059,Franklin County,32449.0,47359.0,13940.0,558933.0,0.0,143781836.31276447,0.0858662824854665,10,24.49,24.26,5.96,4.6925,6.566750653429552,0.0,4.744068110624874,18.0,226.83999999999995,0.0,0.0,0.0,0.0,0.21,7.424702035011682,12.0,500.0,189.25,5.0,2935459.6032870347,0.0017530517761104,1674.485399284644,19.37849085687013
21041,Carroll County,11141.0,50625.0,4675.0,179200.0,0.0,59951705.25854919,0.1686322816051481,3,1.6,10.956666666666663,11.5,82.03033333333333,1.5692530424899087,0.0,1.771417851037027,13.0,226.31,0.0,0.0,0.0,0.0,0.12,2.553607978603076,15.0,345.0,147.2,0.0,0.0,0.0,355.51737062532266,31.337427986722552
48267,Kimble County,4438.0,62386.0,2694.0,72155.0,0.0,123330.5519917344,3.805876176748387e-05,0,0.0,0.0,0.0,0.0,71.9975177787749,0.0,0.8504599108348804,21.0,292.82,0.0,0.0,0.0,0.0,0.023,4.874444138075729,2.0,345.0,345.0,1.0,18046183.693109103,0.0055688991486417,3240.5298087523147,1.369529139344267
46027,Clay County,15031.0,55963.0,6152.0,222417.0,0.0,186119296.24220064,0.1721556841406279,1,0.16,0.29,1.9,0.005,15.301351105815566,0.0,4.2280252871086255,10.0,166.54,0.0,0.0,0.0,0.0,0.05,1.3236814733560691,27.0,230.0,83.48148148148148,35.0,10621666.21249745,0.0098247750477887,1081.110372586903,13.903298295097768
10005,Sussex County,277140.0,75406.0,144210.0,2895897.0,0.0,417700541.12620187,0.1347977913152469,26,18.57,1.5173076923076925,1.842307692307692,1.4409615384615384,9.739892305288825,0.0,0.608399199494904,55.0,315.78000000000003,1.0,404095.0748931435,0.000130407117573,0.0,0.063,5.301334480687105,51.0,230.0,114.54901960784314,177.0,116258547.15808833,0.0375182549092911,3098.719475070725,89.43694394720083
13159,Jasper County,17632.0,57374.0,6334.0,198464.0,0.0,66475152.75589155,0.0687246154700631,8,12.47,18.56125,5.05,7.899125,2.1157896406570744,99.0,4.146887867890078,16.0,420.35,0.0,0.0,0.0,0.0,0.12,2.260149614666207,8.0,230.0,129.375,5.0,36874800.90932365,0.0381226128555799,967.2684568871614,18.22865190574171
29175,Randolph County,24513.0,51480.0,10801.0,319204.0,0.0,136605692.30593517,0.1081190426313167,7,18.56,47.30142857142857,5.700000000000001,0.9252857142857144,3.808813742296704,1.0,2.454812202897131,17.0,259.7,0.0,0.0,0.0,0.0,0.094,2.0957715008337345,20.0,161.0,138.0,15.0,40578675.17918801,0.0321167254454612,1263.4748597921805,19.401256629698167
20015,Butler County,69484.0,77724.0,27019.0,971130.0,0.0,408220551.46984285,0.1089608485076119,26,35.83,12.244230769230768,2.646153846153846,0.8881153846153846,3.007468139441192,0.0,1.663536876505153,35.0,486.43,0.0,0.0,0.0,0.0,0.055,4.755395802009345,48.0,345.0,97.75,9.0,44470207.51397256,0.0118698373307425,3746.488370046656,18.54643419035482
48209,Hays County,304390.0,79990.0,94988.0,4522932.0,0.0,156320946.99412692,0.0889155866200806,4,0.75,0.4875,2.625,0.1715,20.808873268504684,1.0,3.0819029983892836,8.0,323.91,0.0,0.0,0.0,0.0,0.028,9.975581566417246,33.0,345.0,140.0909090909091,48.0,72262338.53376785,0.0411029272452426,1758.082535158896,173.13749150718294
48297,Live Oak County,11929.0,55949.0,5957.0,191148.0,0.0,244693385.1791753,0.0875693510400315,2,114.22,995.45,17.7,22.913,17.8654457090995,0.0,1.814501789768109,14.0,240.83,0.0,0.0,0.0,0.0,0.03,23.47199446006442,1.0,230.0,230.0,2.0,57466675.79998577,0.0205658175129979,2794.281130019063,4.269076533440506
31091,Hooker County,686.0,43333.0,414.0,13097.0,0.0,0.0,0.0,4,1.41,1.2275,3.05,0.0065,20.329712971526405,0.0,6.078865149327573,6.0,197.17,0.0,0.0,0.0,0.0,0.057,50.543082800327454,0.0,0.0,0.0,0.0,0.0,0.0,1868.6793889656408,0.3671041720964866
51147,Prince Edward County,22391.0,57304.0,9153.0,351081.0,0.0,70506869.58378108,0.0769359357872352,6,6.18,6.260000000000001,4.766666666666667,0.5606666666666666,2.153513858326762,0.0,0.9180694045497536,17.0,208.22,0.0,0.0,0.0,0.0,0.12,4.518670007058849,7.0,230.0,147.85714285714286,4.0,1935763.518277652,0.0021122732950796,916.4361083326052,24.432690720511808
42017,Bucks County,647828.0,107826.0,255599.0,7126215.0,0.0,152496053.4021034,0.0946708317497266,16,16.7,8.04,3.85625,22.1105625,5.667991775273087,11.0,4.621040869347472,32.0,311.26,0.0,0.0,0.0,0.0,0.12,8.204395321357465,48.0,500.0,158.83333333333334,675.0,51601976.94586355,0.0320390236313136,1610.5976742509004,402.228322042815
42081,Lycoming County,112587.0,63437.0,52671.0,1249513.0,0.0,166715592.43330657,0.051746024301325,8,3.43,2.37375,5.0625,39.62075,7.179814950013006,0.0,1.6200594342551655,28.0,607.67,0.0,0.0,0.0,0.0,0.055,13.237900297054413,14.0,230.0,161.0,49.0,104767457.50295748,0.0325182505295949,3221.8048571711715,34.94531946880679
16057,Latah County,41842.0,62258.0,17301.0,543144.0,0.0,3217.260958396995,1.1536142900724988e-06,2,0.33,0.8600000000000001,5.2,0.296,4.622437077183147,5.0,7.694727901611708,20.0,194.54,0.0,0.0,0.0,0.0,0.15,34.692845453605386,0.0,0.0,0.0,7.0,675867.0666941381,0.0002423458701081,2788.853246776968,15.003299312488428
51640,Galax city,6670.0,44612.0,3169.0,107167.0,0.0,548080.0951152119,0.0255665747350664,0,0.0,0.0,0.0,0.0,18.4335049082672,0.0,0.2844486569254225,1.0,21.39,0.0,0.0,0.0,0.0,0.15,0.1241624915687464,2.0,69.0,69.0,0.0,0.0,0.0,21.437368939511444,311.1389284207565
35037,Quay County,8454.0,38998.0,5491.0,127665.0,0.0,20090.01011584958,2.6922859723703164e-06,2,23.01,248.93,12.1,3.4735,15.716618592529894,0.0,4.349387640330325,16.0,243.71,0.0,0.0,0.0,0.0,0.063,6.877269023026259,10.0,115.0,88.55,0.0,0.0,0.0,7462.063956935528,1.132930520133445
48269,King County,192.0,59375.0,144.0,3847.0,0.0,0.0,0.0,0,0.0,0.0,0.0,0.0,39.44947635826564,0.0,0.7000558435214905,12.0,409.7,0.0,0.0,0.0,0.0,0.049,24.46114526563678,1.0,69.0,69.0,0.0,0.0,0.0,2365.5469819967366,0.0811651603038273
5073,Lafayette County,5888.0,40262.0,3948.0,107375.0,0.0,70488.22773629858,4.983768005388547e-05,19,29.2,9.97263157894737,2.5736842105263156,0.976315789473684,6.352625871521459,3.0,2.071167160786157,24.0,218.44,0.0,0.0,0.0,0.0,0.091,1.850214272418707,8.0,115.0,86.25,11.0,82504679.97052619,0.058333738488957,1414.3561189061234,4.163025083494414
48451,Tom Green County,120602.0,67215.0,51487.0,1997364.0,0.0,447893015.1756858,0.1122526759630456,3,93.47,750.9,23.2,2.9406666666666665,2.2922936809174823,0.0,1.2675652949820533,23.0,172.09,1.0,4369791.417946035,0.0010951739889767,0.0,0.03,1.0673371448388866,46.0,345.0,124.0,9.0,32695073.406222228,0.008194165473237,3990.043099935856,30.225738664812617
21031,Butler County,12520.0,47589.0,5465.0,205811.0,0.0,214030829.3793267,0.1915238764812037,5,1.34,1.042,4.1,2.2166,4.745047388438192,0.0,1.929993478574096,16.0,580.9200000000001,0.0,0.0,0.0,0.0,0.21,1.501040989643188,6.0,161.0,99.66666666666669,5.0,1716034.240565982,0.0015355803221469,1117.515128200383,11.20342775149888
56005,Campbell County,48145.0,93315.0,19900.0,1390672.0,1.0,160145873.7105589,0.0128648754754571,8,2.3,0.76375,2.725,0.102125,11.600152556129853,7.0,1.5352143281582422,33.0,266.37,0.0,0.0,0.0,0.0,0.14,77.49854750010708,2.0,115.0,115.0,2.0,39259615.051958576,0.003153812503568,12448.30344465382,3.867595308393359
13211,Morgan County,22095.0,81524.0,8474.0,269965.0,0.0,78414480.02116337,0.08537572542362,6,72.08,122.76333333333332,4.633333333333334,14.018500000000005,7.0677523900572945,95.0,4.491925764990074,14.0,251.47,0.0,0.0,0.0,0.0,0.13,4.040785768477998,10.0,230.0,149.5,10.0,27156872.20351015,0.0295677235073097,918.4634115235972,24.056483603791698
78030,St. Thomas Island,,,,,0.0,40570656.03844948,0.0507748407123787,1,0.33,1.11,3.3,0.252,9.447578219126097,0.0,51.842931634718134,0.0,0.0,0.0,0.0,0.0,0.0,0.0,227.26550288683532,0.0,0.0,0.0,20.0,2299731.0847584624,0.0028781511297045,799.0306905789765,
19061,Dubuque County,99381.0,73495.0,42707.0,1730626.0,0.0,102107870.65849122,0.063952237719637,0,0.0,0.0,0.0,0.0,19.800697057437493,0.0,1.4949903203835897,12.0,316.17,0.0,0.0,0.0,0.0,0.045,0.7016004190660393,50.0,345.0,96.6,32.0,24765902.440448277,0.0155113901865309,1596.6268750013978,62.24434873045275
51075,Goochland County,29187.0,105600.0,10623.0,389787.0,0.0,88479738.92675918,0.1175902359137341,6,1.49,1.0450000000000002,4.033333333333333,0.1285,7.6836412818484225,0.0,3.4100153453941746,12.0,343.46,0.0,0.0,0.0,0.0,0.24,7.761063455260941,2.0,230.0,230.0,6.0,256544.41580896633,0.0003409743201615,752.3863254201545,38.79257106872739
20181,Sherman County,5763.0,61404.0,2951.0,84889.0,0.0,0.0,0.0,2,2.51,2.845,2.9499999999999997,0.001,14.813756908306088,50.0,17.828522880203884,2.0,1.04,0.0,0.0,0.0,0.0,0.041,6.039284664671464,9.0,115.0,115.0,3.0,6627001.728765173,0.0024223783985277,2735.741753969108,2.10655848332133
39139,Richland County,124893.0,56557.0,54581.0,1665834.0,0.0,85209091.67706136,0.0657887824926529,6,11.95,27.755,9.616666666666667,2.9610000000000003,9.9546057077975,0.0,1.761330198066992,18.0,222.79,1.0,267592.63563856785,0.000206604639906,0.0,0.07,1.7501181175974294,19.0,138.0,138.0,9.0,7038832.1354952045,0.0054345867002012,1295.1918009210342,96.42818917722174
17001,Adams County,64267.0,63767.0,30226.0,701382.0,0.0,283842119.0367771,0.1257841719359214,6,2.3200000000000003,1.3966666666666667,3.0833333333333335,0.2103333333333333,5.817600337889924,92.0,2.47244733873142,24.0,268.01,0.0,0.0,0.0,0.0,0.1,4.9345921153791625,15.0,345.0,154.86666666666667,86.0,44370895.80985805,0.0196628900828311,2256.580575029548,28.479816192319426
39021,Champaign County,38820.0,70486.0,16870.0,514137.0,0.0,92356063.68862076,0.0829625883335763,3,2.25,4.3,4.0,2.3363333333333336,4.218015177091804,0.0,1.7926574496658805,14.0,215.24,0.0,0.0,0.0,0.0,0.12,8.349639131114921,6.0,138.0,138.0,28.0,7451241.834598317,0.0066933808589101,1113.225437437837,34.87164297049018
33019,Sullivan County,43961.0,70788.0,21870.0,341868.0,0.0,76277112.49767663,0.0533397627618433,33,35.46,7.37,7.515151515151516,8.527151515151514,7.432888361485688,683.0,0.2932590071274509,67.0,378.57,0.0,0.0,0.0,0.0,0.16,8.983684974859969,4.0,115.0,115.0,67.0,24800720.661802,0.0173428766933702,1430.0234672880192,30.741453553465263
17075,Iroquois County,26150.0,62866.0,12815.0,291314.0,0.0,148398092.0308217,0.0512021082247671,2,0.9,1.155,1.95,0.2225,16.833961778672037,0.0,4.59745528687678,43.0,433.64,0.0,0.0,0.0,0.0,0.092,6.218045373516586,5.0,138.0,138.0,155.0,25180024.278725177,0.0086879171420963,2898.280895971955,9.022589920922917
19157,Poweshiek County,18368.0,61192.0,8942.0,326703.0,0.0,118220816.16887632,0.0778841906452289,3,1.37,2.1333333333333333,4.466666666666666,0.1009999999999999,10.411130516470118,0.0,1.8105660155122096,16.0,271.77,0.0,0.0,0.0,0.0,0.045,19.344226360506223,1.0,161.0,161.0,19.0,7274603.065210145,0.0047925276210937,1517.9052976537566,12.100886681396808
39169,Wayne County,116758.0,70320.0,46649.0,1549390.0,0.0,126034327.26622066,0.0873704004145096,12,4.4,1.1283333333333332,3.091666666666667,2.83225,10.624025692982524,0.0,2.641583650557243,12.0,195.52,0.0,0.0,0.0,0.0,0.064,0.838593514751694,18.0,345.0,149.5,25.0,26218003.62684903,0.0181824833459955,1441.9374475942057,80.97299934529364
13113,Fayette County,125156.0,105910.0,45307.0,1672786.0,2.0,70651056.20160408,0.1366458884226433,10,6.28,6.425999999999999,7.68,0.4367999999999999,2.728912356678373,30.0,0.0729695023211483,4.0,240.01,0.0,0.0,0.0,0.0,0.1,3.277653085286879,21.0,500.0,149.76190476190476,25.0,6681666.942153038,0.0129312329321066,516.7076470769665,242.21820735189797
13141,Hancock County,8682.0,31767.0,4940.0,118602.0,0.0,51575023.626638286,0.0416755370271461,4,108.13,333.2075,8.0,39.93675,9.22649822377315,24.0,0.3649883869787848,14.0,364.01,0.0,0.0,0.0,0.0,0.16,5.406826389363346,6.0,500.0,198.33333333333337,7.0,13086865.137343075,0.010574927466312,1237.5371064277458,7.015547214629643
48259,Kendall County,53289.0,104196.0,18342.0,736538.0,0.0,150786502.166332,0.0878072358913477,1,0.67,2.59,3.9,0.315,14.282068802113727,1.0,1.1914073380543166,9.0,378.07,0.0,0.0,0.0,0.0,0.025,9.107371213094488,12.0,345.0,149.5,7.0,15686206.412678856,0.0091345207094927,1717.244605551941,31.031688687630112
51137,Orange County,40083.0,87309.0,15700.0,577478.0,0.0,60593856.98524832,0.0681582863588666,4,49.05,101.415,6.75,4.546,1.874411958567916,0.0,4.592268280111324,16.0,274.02,0.0,0.0,0.0,0.0,0.13,6.216333549497767,13.0,115.0,115.0,27.0,2304306.671259328,0.002592180984861,888.9451333518255,45.09052189628896
13277,Tift County,42254.0,52561.0,17392.0,564056.0,0.0,77346837.74737838,0.1111048716955473,7,1.63,0.5714285714285714,2.2714285714285714,0.699,3.872393236163715,28.0,3.676404132842849,5.0,224.9,0.0,0.0,0.0,0.0,0.069,0.162342838671886,21.0,230.0,131.42857142857142,1.0,5036.1955163200455,7.234243480023767e-06,696.1606324457701,60.69576191281043
31025,Cass County,27657.0,87673.0,11693.0,486919.0,0.0,163760506.86524835,0.1117321930638362,5,1.58,3.5380000000000003,5.92,131.11100000000002,15.06052881333117,8.0,3.2521784140312717,28.0,453.9,0.0,0.0,0.0,0.0,0.044,4.239323854628216,14.0,345.0,134.71428571428572,26.0,15993332.434344891,0.0109120943840187,1465.6519519999636,18.87010075090507
56009,Converse County,13824.0,79235.0,6623.0,407524.0,0.0,101251471.78003073,0.00916596929183,7,2.51,5.397142857142858,6.3428571428571425,0.2688571428571428,10.238060058393746,0.0,13.276737340946063,51.0,678.62,0.0,0.0,0.0,0.0,0.18,66.99981219288284,0.0,0.0,0.0,15.0,15369765.640405873,0.0013913753290585,11046.455488617568,1.251442149406609
26053,Gogebic County,14285.0,47913.0,10405.0,146219.0,0.0,112423.887644797,2.9394505169512873e-05,111,81983.63,108151.61477477476,5.421621621621621,26.420567567567566,10.022137252645935,0.0,0.7290611793901848,65.0,484.88,0.0,0.0,0.0,0.0,0.021,28.1804608298635,2.0,115.0,92.0,38.0,249263836.8043628,0.0651728675553032,3824.6565810971374,3.734975859166477
27005,Becker County,35497.0,68683.0,19673.0,401522.0,0.0,2881.8743098707628,7.699535671251588e-07,314,296.4,3.862324840764331,3.1945859872611466,0.146484076433121,0.0,40.0,1.836257158502172,62.0,436.7,0.0,0.0,0.0,0.0,0.028,13.860280177930113,24.0,230.0,95.83333333333331,339.0,338131763.74864763,0.0903390400444207,3742.919601341596,9.483773038372668
1095,Marshall County,103537.0,58272.0,41328.0,1734746.0,0.0,233645470.2893558,0.1447591074635682,3,182.56,471.57,7.533333333333334,511.09,0.0,0.0,0.2860596134268045,39.0,576.9300000000001,0.0,0.0,0.0,0.0,0.18,5.607462990943602,16.0,500.0,182.1875,9.0,4238342.010921297,0.0026259383518369,1614.0295174699393,64.14814529680889
20179,Sheridan County,2427.0,66719.0,1160.0,34994.0,0.0,0.0,0.0,1,0.14,0.47,3.2,0.013,18.03048343790914,0.0,0.65231870299665,6.0,273.29,0.0,0.0,0.0,0.0,0.049,2.1431807528741422,4.0,115.0,54.625,9.0,2214559.2043809225,0.0009540719865412,2321.165735522082,1.0455953070727686
28037,Franklin County,7491.0,43942.0,4287.0,130380.0,0.0,182517550.44443017,0.1243384006691553,0,0.0,0.0,0.0,0.0,24.15962156759364,0.0,1.287768126598676,19.0,275.84000000000003,0.0,0.0,0.0,0.0,0.073,8.781582274472788,7.0,115.0,115.0,5.0,10712109.239185331,0.0072975257850565,1467.909748413768,5.103174774944317
19015,Boone County,26799.0,75759.0,11950.0,468641.0,0.0,102582831.50136064,0.0690469669184351,2,0.62,1.12,3.0,0.264,0.290910214717165,0.0,0.3581147961237074,9.0,279.44,1.0,33257632.425197,0.0223852140971327,0.0,0.036,2.1617022532802124,6.0,345.0,191.66666666666663,29.0,32617133.08969387,0.0219541036185982,1485.6964172321186,18.038005402158173
48373,Polk County,53434.0,57315.0,25087.0,829441.0,0.0,511058061.5491467,0.1778208652210585,11,284.66,278.1363636363636,4.181818181818182,70.83063636363636,14.53677652857118,1.0,1.957805498484438,42.0,599.03,0.0,0.0,0.0,0.0,0.049,8.590511740476517,10.0,138.0,117.3,6.0,76681865.20350808,0.0266811868223333,2874.0050326142737,18.5921734282403
31051,Dixon County,5602.0,60568.0,2518.0,103305.0,0.0,8418154.6898861,0.006733274382574,0,0.0,0.0,0.0,0.0,24.186194433183985,0.0,1.957841238232008,14.0,228.33,0.0,0.0,0.0,0.0,0.05,5.2547370103266715,8.0,69.0,69.0,15.0,12818342.249353396,0.0102527713621995,1250.2319418350348,4.48076857785095
45037,Edgefield County,29808.0,60033.0,11130.0,417940.0,0.0,50867055.041870184,0.0387386229367043,6,0.77,0.405,3.1666666666666665,0.2278333333333333,4.38511001203029,16.0,3.0679726926522,22.0,519.8,0.0,0.0,0.0,0.0,0.21,7.899638417303026,17.0,115.0,115.0,2.0,625225.2510920172,0.0004761503330501,1313.083721031907,22.700761210088665
54057,Mineral County,26792.0,64728.0,12528.0,508355.0,0.0,39127796.86806044,0.045888228480783,3,3.31,54.36333333333334,21.433333333333337,3.8553333333333337,13.878382140035695,0.0,0.8655592809108682,16.0,201.17,1.0,6118665.195477784,0.0071758373576277,0.0,0.058,6.847342443394671,12.0,138.0,138.0,1.0,7797.0483314522735,9.144208566505117e-06,852.676125521958,31.42107442447684
55003,Ashland County,16203.0,57000.0,9415.0,188534.0,0.0,105626.87319614115,1.7790711806580553e-05,26,81862.33,461695.05846153846,8.888461538461538,112.07134615384616,0.0,0.0,9.4716122060453,37.0,569.86,0.0,0.0,0.0,0.0,0.02,21.805961229746902,4.0,115.0,115.0,53.0,346144762.9755549,0.058301088871768,5937.192077782473,2.729067846841799
17053,Ford County,13216.0,58930.0,6266.0,144678.0,0.0,119302778.35408317,0.0947350662389614,2,0.26,0.2199999999999999,1.7000000000000002,0.0499999999999999,12.516325169177444,0.0,0.6800862630592215,14.0,258.86,0.0,0.0,0.0,0.0,0.098,15.829384579850093,6.0,138.0,138.0,9.0,885804.326257276,0.0007033929431903,1259.3306982006598,10.494463462919716
22035,East Carroll Parish,6760.0,30856.0,3319.0,164798.0,0.0,4154210.176868986,0.0036233711510838,21,23.42,3.8119047619047617,2.7666666666666666,0.4961904761904762,5.71199157045448,1.0,3.380343741265044,9.0,228.59000000000003,0.0,0.0,0.0,0.0,0.12,19.47370103373805,1.0,115.0,115.0,59.0,63907207.83349359,0.0557409286847217,1146.504181782863,5.896184337930553
22037,East Feliciana Parish,18911.0,64709.0,8124.0,430294.0,0.0,196724973.61095285,0.1666915578540089,15,3.37,0.5579999999999999,2.6599999999999997,9.418,1.7635432487385128,0.0,0.6951071499843982,37.0,567.2,0.0,0.0,0.0,0.0,0.062,1.499970765604698,14.0,500.0,172.07142857142858,14.0,1519806.316588425,0.001287782013124,1180.1735861347438,16.023913958230953
2198,Prince of Wales-Hyder Census Area,5777.0,61779.0,3252.0,48464.0,0.0,0.0,0.0,378,191.45,6.513915343915344,7.795502645502645,0.9056772486772486,9.86892693253136,0.0,2.40800879107196,303.0,1018.67,0.0,0.0,0.0,0.0,0.18,87.3129476870433,0.0,0.0,0.0,2381.0,1351001627.7380743,0.04781322992158,28255.811831869425,0.2044535132940043
48153,Floyd County,4881.0,49321.0,2622.0,92029.0,0.0,0.0,0.0,12,3.64,0.4608333333333334,1.5583333333333331,0.00475,14.35793054448006,4.0,19.36581026850497,2.0,32.36,0.0,0.0,0.0,0.0,0.05,11.85656565797609,25.0,345.0,107.64,0.0,0.0,0.0,2570.6210954179664,1.8987629132508856
21151,Madison County,101696.0,59797.0,39382.0,1578229.0,0.0,65953926.69254066,0.057449659239252,4,1.49,1.635,4.125,0.2925,2.368571992548189,0.0,2.120209395610228,11.0,418.47,1.0,58993620.983328246,0.0513868330930645,0.0,0.12,0.2018858510159345,54.0,345.0,93.70370370370372,8.0,8898547.061214298,0.007751145716833,1148.0299024555063,88.5830584921906
51025,Brunswick County,15727.0,52678.0,7940.0,257355.0,0.0,112857880.44240773,0.0765028863825875,4,71.03,160.76999999999998,5.725,72.8925,3.17738723524478,57.0,0.976911031476025,12.0,331.17,1.0,26326155.302518506,0.0178456910594444,0.0,0.082,2.131026662842697,11.0,500.0,185.0,2.0,123339.13815963596,8.36241899483483e-05,1474.921768878335,10.662938422802078
51149,Prince George County,43936.0,80318.0,13344.0,676432.0,0.0,76932398.81431451,0.1053901040268823,3,0.36,0.2966666666666667,2.5,0.4976666666666666,3.320807725201087,2.0,1.0923083593544554,9.0,168.73,1.0,22866130.947670978,0.0313244349117964,0.0,0.095,7.095846757540392,12.0,500.0,147.08333333333334,8.0,28170529.20044433,0.0385909584087314,729.9774445112134,60.1881610594409
23023,Sagadahoc County,37979.0,77591.0,18999.0,295777.0,0.0,162069783.40167984,0.1691092820719259,7,9.4,4.991428571428571,4.571428571428571,44.97899999999999,3.501534689680848,58.0,3.6061416054548494,11.0,188.29,0.0,0.0,0.0,0.0,0.16,7.444916549999362,5.0,345.0,207.0,344.0,45778533.11192101,0.0477669230276926,958.373079324812,39.628617309197345
30097,Sweet Grass County,3762.0,64872.0,1870.0,50922.0,0.0,50540896.82391307,0.0104785483288097,8,3.41,1.64875,4.725,0.020125,16.01808576298278,35.0,0.7364135479772285,40.0,1113.68,0.0,0.0,0.0,0.0,0.11,52.32355640253286,0.0,0.0,0.0,8.0,392119194.94376254,0.0812973293526543,4823.2727700416235,0.7799683284276571
48181,Grayson County,153613.0,66608.0,58923.0,2404575.0,0.0,388364780.3887561,0.1531335366270523,15,269.9,429.35933333333327,4.08,13.793866666666668,5.105332178125076,11.0,2.0864567835861165,43.0,362.35,0.0,0.0,0.0,0.0,0.094,4.08422868205848,19.0,230.0,134.3684210526316,0.0,0.0,0.0,2536.1182960959077,60.57012412885919
42059,Greene County,33885.0,66283.0,16185.0,400449.0,0.0,50771214.14949365,0.0339163277321848,2,0.5800000000000001,14.135,38.45,0.5095,18.90476792476819,0.0,2.879157681347358,28.0,245.33,0.0,0.0,0.0,0.0,0.054,2.0710062887421095,9.0,500.0,339.1111111111111,9.0,2840912.368815729,0.0018977941846232,1496.9549342252174,22.635951975092652
20051,Ellis County,29075.0,59665.0,13214.0,411179.0,1.0,254375770.69477177,0.1090824167113953,1,0.15,0.26,1.8,0.004,18.007570111822616,0.0,4.317617837441887,7.0,379.25000000000006,0.0,0.0,0.0,0.0,0.088,1.9226716026916637,13.0,345.0,159.23076923076923,1.0,30573.980122373185,1.3110854189484902e-05,2331.9594345648275,12.468055648414722
1105,Perry County,7425.0,32332.0,3985.0,151834.0,0.0,297165144.4923624,0.1585017220123291,26,9.52,0.9738461538461538,2.480769230769231,0.2915384615384615,6.498589773825493,170.0,3.6250214860192256,17.0,473.39,0.0,0.0,0.0,0.0,0.14,1.4301750640391857,8.0,230.0,129.375,1.0,508358.08731576893,0.0002711476555438,1874.838586733128,3.9603409341696594
20151,Pratt County,9117.0,61685.0,4390.0,131865.0,0.0,18228.676016995578,9.566282835805869e-06,1,0.1,0.24,2.3,0.732,1.946410132213219,0.0,1.5443267082382504,6.0,204.88,0.0,0.0,0.0,0.0,0.055,1.3372655197351049,11.0,115.0,115.0,3.0,29833368.364604782,0.015656344960967,1905.5129686387609,4.784538415664996
21017,Bourbon County,20243.0,54580.0,9134.0,336265.0,0.0,50129108.0321695,0.0663724867402503,0,0.0,0.0,0.0,0.0,21.654163981620535,0.0,0.6674596765954748,10.0,269.29,0.0,0.0,0.0,0.0,0.13,2.8814995269390495,18.0,138.0,80.5,28.0,54030228.62545147,0.0715376908504758,755.2693969166847,26.80235699028733
47149,Rutherford County,386352.0,78291.0,131808.0,5356981.0,0.0,171832873.6431877,0.1063125198096863,1,52.84,804.2,15.2,39.143,16.344822770869296,17.0,0.0466162707900251,26.0,316.42,1.0,3454114.264194448,0.002137050864316,0.0,0.18,0.3898907836234903,32.0,161.0,161.0,48.0,42977240.29495999,0.0265898987391154,1616.299509698311,239.0349051532622
20101,Lane County,1508.0,52222.0,887.0,21404.0,0.0,0.0,0.0,0,0.0,0.0,0.0,0.0,30.762673739593957,2.0,10.967230396534276,2.0,34.4,0.0,0.0,0.0,0.0,0.048,3.4963758645888894,2.0,115.0,115.0,4.0,2495704.8129759114,0.0013427646587524,1858.6315902108124,0.811349601471563
40059,Harper County,3172.0,59934.0,1720.0,62262.0,0.0,1303.1997771390236,4.835299114733718e-07,0,0.0,0.0,0.0,0.0,27.794247779681257,3.0,3.780553961431963,20.0,501.34,0.0,0.0,0.0,0.0,0.069,3.470947228063584,13.0,138.0,74.3076923076923,2.0,37508862.965090685,0.0139170198668951,2695.17923548519,1.176916161358364
17147,Piatt County,16791.0,81151.0,7377.0,177416.0,0.0,67954930.08635943,0.0597014321425089,0,0.0,0.0,0.0,0.0,22.47013340357102,0.0,0.8681780707632998,10.0,181.3,0.0,0.0,0.0,0.0,0.13,1.7612648404632405,21.0,345.0,85.42857142857143,33.0,17417119.30955215,0.0153017149036928,1138.2462305155575,14.751641208945342
48107,Crosby County,4852.0,50268.0,2671.0,88451.0,0.0,31310.8708918337,1.3407200783965657e-05,8,6.63,12.9475,4.925,0.015875,4.917442154314151,0.0,13.54243904144825,4.0,17.220000000000002,0.0,0.0,0.0,0.0,0.041,4.783019390411491,9.0,115.0,74.11111111111111,0.0,0.0,0.0,2335.3771899410904,2.077608713872208
8009,Baca County,3347.0,42115.0,1985.0,34434.0,0.0,80644.8495044524,1.2175483882501157e-05,1,0.77,64.4,83.2,0.0,34.34492644288569,2.0,10.497945133600634,12.0,116.92,0.0,0.0,0.0,0.0,0.056,62.80516140955836,0.0,0.0,0.0,16.0,92667740.41908471,0.0139906588806774,6623.543695077019,0.5053186261136428
16021,Boundary County,13997.0,58810.0,5456.0,164688.0,0.0,38931.06573969489,1.1761147158721743e-05,9,3.98,1.8577777777777775,4.944444444444445,0.659,6.092482779001476,46.0,4.17551037371329,33.0,339.57,0.0,0.0,0.0,0.0,0.15,122.550934722288,0.0,0.0,0.0,38.0,55253059.49131673,0.0166920517406845,3310.141877684498,4.228519657831448
39159,Union County,73446.0,104496.0,23441.0,889258.0,8.0,74907278.02069587,0.0661989901077914,0,0.0,0.0,0.0,0.0,19.999758812294772,0.0,2.3865263692286303,12.0,272.05,0.0,0.0,0.0,0.0,0.092,9.925075683201774,7.0,765.0,257.14285714285717,63.0,4248408.691009257,0.0037545132107493,1131.5471414099334,64.90759183791903
39035,Cuyahoga County,1232925.0,60074.0,615881.0,16430386.0,5.0,74383608.69288787,0.0230582414135453,3,25768.22,166333.68,8.233333333333333,3265.7576666666664,0.0,0.0,12.387950133036814,13.0,212.98,1.0,124919.15298480564,3.872380000534524e-05,0.0,0.077,12.470398407007858,194.0,345.0,145.46907216494844,108.0,16424519.896148443,0.0050914516184689,3225.9012020401515,382.1955239113533
48285,Lavaca County,20651.0,58530.0,10468.0,340818.0,0.0,413218454.36977834,0.1644050318145825,1,0.13,0.19,1.5,0.02,27.18015666224622,0.0,1.4081302705992889,10.0,294.97,0.0,0.0,0.0,0.0,0.034,17.85517106333286,2.0,138.0,103.5,0.0,0.0,0.0,2513.4173194638583,8.216303691424034
40105,Nowata County,9522.0,50960.0,4390.0,175846.0,0.0,242241866.60889,0.1610260559911238,1,114.71,1923.3,16.8,93.714,15.013093332720262,0.0,3.1210444440063543,16.0,162.34,0.0,0.0,0.0,0.0,0.071,5.629599364735153,13.0,345.0,127.3846153846154,11.0,62576827.47641762,0.041596854689175,1504.364403126429,6.329583430856917
13125,Glascock County,3141.0,60469.0,1411.0,39794.0,0.0,25029464.381173197,0.0669000916799467,0,0.0,0.0,0.0,0.0,14.0862388547953,0.0,1.625614513326379,5.0,313.98,0.0,0.0,0.0,0.0,0.16,6.553722204115051,1.0,500.0,500.0,0.0,0.0,0.0,374.131982509313,8.39543302054326
41059,Umatilla County,81119.0,70322.0,31264.0,1127119.0,31.0,77945819.72941417,0.0093129723133724,4,6.449999999999999,35.287499999999994,14.7,0.84575,3.2289580497459047,29.0,3.477598821126049,59.0,853.17,1.0,38792888.610379376,0.004634977203888,0.0,0.17,50.31361040836412,4.0,500.0,211.25,42.0,209389935.3616529,0.025017924972979,8369.59642287711,9.692104123237373
46102,Oglala Lakota County,13338.0,32279.0,3473.0,207690.0,0.0,238792.9013806678,4.398040628611341e-05,7,3.5500000000000003,4.192857142857143,4.271428571428571,0.2287142857142857,16.31439933567517,10.0,4.7755925563230415,27.0,621.45,0.0,0.0,0.0,0.0,0.098,32.0164177250609,1.0,115.0,115.0,12.0,8097590.212822677,0.0014913982176156,5429.529227793093,2.4565665715039193
18035,Delaware County,113106.0,53377.0,51613.0,1659961.0,0.0,79790557.19366196,0.0778140764581961,4,5.04,11.48,3.7,3.08125,3.3425615645323195,0.0,2.6826763233543587,11.0,563.25,0.0,0.0,0.0,0.0,0.093,1.7819935984801634,24.0,345.0,155.25,4.0,371900.0078361287,0.0003626877247432,1025.4000410392025,110.3042670891368
13315,Wilcox County,8797.0,46759.0,3453.0,121192.0,0.0,123702013.04047908,0.1249928102173373,2,0.31,0.275,1.85,0.0445,12.409158976534842,679.0,3.0684948485543093,9.0,411.19,0.0,0.0,0.0,0.0,0.083,4.636591652981233,2.0,115.0,115.0,1.0,1865651.4772575884,0.0018851190477574,989.673028595694,8.88879432481108
22081,Red River Parish,7165.0,43821.0,3603.0,171059.0,0.0,1784202.9563456003,0.0017127587734624,18,18.71,5.552222222222222,2.3333333333333335,107.10538888888888,7.821323036087578,1.0,1.139069584827792,14.0,410.66,0.0,0.0,0.0,0.0,0.071,8.22870572763319,3.0,230.0,230.0,17.0,13027221.460398082,0.012505577221907,1041.7129276989529,6.878094539756572
23017,Oxford County,60346.0,54780.0,36355.0,468053.0,0.0,389084866.13034254,0.0690456866021851,107,262.13,17.998317757009346,5.870093457943925,5.3251121495327105,2.308734652002669,428.0,1.5230627760667586,150.0,848.93,1.0,843407.7164345379,0.0001496682856004,0.0,0.16,17.544460602364452,18.0,115.0,115.0,409.0,254333030.40469512,0.0451330808075628,5635.179913578564,10.70879739874674
25021,Norfolk County,739749.0,120621.0,291316.0,5179974.0,0.0,169071114.2740927,0.1469087826417116,33,16.71,2.038484848484849,3.821212121212121,0.6682727272727274,4.051088411824908,4787.0,0.0078841749197313,30.0,198.05,0.0,0.0,0.0,0.0,0.13,1.4221709257353032,70.0,345.0,161.0,142.0,23514336.191645995,0.0204319477158304,1150.8612159097893,642.7786337514267
18063,Hendricks County,193510.0,95261.0,67177.0,2704602.0,0.0,60739009.55706784,0.057369673893639,3,0.56,0.54,2.766666666666667,5.485,16.34539428789523,0.0,0.7625865317222404,10.0,218.75,0.0,0.0,0.0,0.0,0.13,1.4239674979095844,44.0,345.0,89.38636363636364,2.0,1803357.291915175,0.0017033208384272,1058.730246957033,182.7755469877053
38041,Hettinger County,2492.0,66797.0,1423.0,96938.0,0.0,73147717.37305477,0.0249098739746681,5,2.09,1.124,2.6399999999999997,0.142,3.8463245313509447,0.0,3.2170067827912487,8.0,370.58,0.0,0.0,0.0,0.0,0.028,34.554055363284185,0.0,0.0,0.0,28.0,26184906.631659817,0.0089170619078452,2936.4948793976864,0.84863080044299
55011,Buffalo County,13318.0,64238.0,6523.0,156864.0,0.0,253045520.3680321,0.1376863451253139,13,13.93,4.441538461538462,2.8615384615384616,1.902076923076923,15.587771339039197,286.0,0.0566581149298625,39.0,376.47,0.0,0.0,0.0,0.0,0.026,3.987343269183568,29.0,345.0,88.03448275862068,129.0,110950523.8020834,0.0603700555134503,1837.840347477632,7.246548928082063
51069,Frederick County,99955.0,92443.0,35963.0,1524675.0,1.0,39212855.93328806,0.0364474355417372,6,1.65,1.4333333333333331,4.783333333333333,0.1835,7.448624865271967,0.0,2.3334636669086697,19.0,164.97,0.0,0.0,0.0,0.0,0.07,6.36470548895751,16.0,500.0,183.25,16.0,1042692.844840464,0.0009691586941826,1075.8742103838815,92.90584255601328
54041,Lewis County,16394.0,50552.0,8203.0,318904.0,0.0,41158504.019928776,0.0407840975605795,7,9.68,32.30428571428571,11.771428571428572,2.0488571428571425,1.0680889546980754,0.0,1.2091264018623538,12.0,251.77,0.0,0.0,0.0,0.0,0.074,4.8277861032109435,2.0,138.0,138.0,4.0,85269200.00700751,0.0844935318911132,1009.1802070351822,16.24486874169191
27119,Polk County,30545.0,69540.0,14672.0,359161.0,0.0,589143.2754359836,0.0001138604793106,118,53.29,1.202033898305085,2.3559322033898304,2.11364406779661,9.020131559748291,164.0,5.610206497565223,24.0,924.59,0.0,0.0,0.0,0.0,0.022,11.843298969339726,21.0,230.0,99.66666666666669,309.0,348875756.6973649,0.0674252974928439,5174.256097785754,5.903264048540481
27127,Redwood County,15265.0,65617.0,7110.0,177096.0,0.0,98614317.01059504,0.0431815507151345,7,3.51,1.2028571428571428,2.4571428571428577,0.0454285714285714,3.0119273661555925,54.0,2.5281242404648956,37.0,570.11,0.0,0.0,0.0,0.0,0.032,4.13588373734535,30.0,115.0,73.6,651.0,86478753.68242525,0.0378675901468144,2283.714209093924,6.684286474732086
60040,Swains Island,,,,,0.0,0.0,0.0,1,0.93,1.59,1.7,0.0,0.0451519521750914,0.0,3532.6115738765325,0.0,0.0,0.0,0.0,0.0,0.0,0.0,3496.2240183106,0.0,0.0,0.0,0.0,0.0,0.0,151.6030533283005,
23031,York County,222434.0,79743.0,112660.0,1754839.0,0.0,272955634.25763637,0.083002094078197,60,49.06,6.0008333333333335,5.8100000000000005,6.6682,0.4286388018812151,2080.0,0.5392802590625649,74.0,481.61,2.0,2820452.064074415,0.0008576610928074,0.0,0.18,3.157064202521769,23.0,345.0,165.0,1093.0,131979949.00843336,0.0401333065564833,3288.539129530342,67.63915259593315
13231,Pike County,20932.0,83866.0,7132.0,257080.0,0.0,33898404.89208783,0.0596533561002033,5,0.8,0.48,2.96,0.1254,5.2780799856260705,61.0,1.5424024096594022,4.0,214.23,0.0,0.0,0.0,0.0,0.093,9.96205255095367,5.0,115.0,115.0,2.0,247361.54890495655,0.0004352991419301,568.2564587840897,36.83548101642108
13259,Stewart County,4631.0,43094.0,2115.0,73297.0,0.0,106642267.00365902,0.088812928359896,5,127.3,231.186,4.4399999999999995,58.5526,5.9154506547983114,3.0,5.9115536048328385,14.0,164.43,0.0,0.0,0.0,0.0,0.068,9.819114290191797,4.0,115.0,115.0,9.0,30967670.30558996,0.0257902383510739,1200.7516132281248,3.8567510124345583
34025,Monmouth County,651035.0,118527.0,268751.0,5095022.0,1.0,152634979.46361914,0.0891030394825987,12,10.04,4.474166666666667,3.608333333333333,0.5623333333333334,1.4111647077294724,815.0,1.1616622949767326,25.0,300.37,3.0,35719521.16659415,0.0208518251582375,0.0,0.15,4.620870600359294,16.0,500.0,246.875,260.0,62755155.1305889,0.0366342963125976,1713.0165295138747,380.0517909682709
40041,Delaware County,41910.0,53290.0,24232.0,754408.0,0.0,276615287.9395394,0.1348512459871869,7,161.12,504.1985714285714,12.757142857142856,74.197,5.932105974914569,6.0,5.9208149259962894,33.0,236.4,0.0,0.0,0.0,0.0,0.091,3.569123437555341,23.0,161.0,92.0,4.0,43083185.787318416,0.0210032543461058,2051.2623937873873,20.4313207939325
19107,Keokuk County,9797.0,60016.0,4668.0,176260.0,0.0,227959366.81889135,0.1517704604125915,0,0.0,0.0,0.0,0.0,27.10788050650118,0.0,3.46547571580019,11.0,465.12,0.0,0.0,0.0,0.0,0.052,25.889900927130203,0.0,0.0,0.0,30.0,9387814.600519674,0.0062502057453111,1502.000891340637,6.522632613923096
13285,Troup County,72844.0,53599.0,28939.0,962177.0,0.0,151295384.5069929,0.1309875913390583,5,90.68,149.834,4.5600000000000005,32.0364,3.1990759285203407,16.0,4.560446650430464,27.0,177.9,0.0,0.0,0.0,0.0,0.092,1.586184259035281,27.0,500.0,142.03703703703704,4.0,19445131.207168207,0.0168350865983039,1155.0360073067409,63.066432162452024
47043,Dickson County,58662.0,68492.0,22742.0,802168.0,0.0,39824362.21115008,0.0312958313664584,1,0.13,0.6,4.8,0.146,9.408168440105412,0.0,5.607175454669837,18.0,218.24,0.0,0.0,0.0,0.0,0.27,3.1730319963810008,13.0,500.0,163.6153846153846,27.0,3435914.266776703,0.002700100830555,1272.513317982413,46.099321060945286
54081,Raleigh County,71775.0,47975.0,34708.0,1369937.0,0.0,43067760.85266142,0.0273055274179116,4,2.44,3.5375,5.625,0.44275,4.030204701677199,0.0,1.6965877316801574,20.0,376.3,0.0,0.0,0.0,0.0,0.14,2.025078583496434,35.0,345.0,118.28571428571428,46.0,60854703.504125945,0.0385586097008779,1578.2390489753589,45.47790149191818
35005,Chaves County,63364.0,49673.0,26727.0,956772.0,0.0,733450009.1354169,0.0466144582080025,5,2.19,0.776,1.6800000000000002,0.0132,7.787223016362531,0.0,5.120505326165737,33.0,243.85,0.0,0.0,0.0,0.0,0.038,0.3772520798472196,19.0,230.0,111.36842105263158,9.0,102306566.3966772,0.0065020998081706,15734.388799771605,4.027102724251976
35049,Santa Fe County,156907.0,70522.0,76714.0,2290814.0,1.0,409979900.9803748,0.0828157762935945,3,0.67,1.4933333333333334,6.366666666666667,0.022,23.897540482501334,21.0,10.947641784631069,23.0,211.02,1.0,1341793.1111482035,0.0002710416726756,0.0,0.18,3.911258652982064,28.0,345.0,109.25,19.0,323310451.1151785,0.065308582013748,4950.504836364675,31.69515134040798
4023,Santa Cruz County,50020.0,51885.0,18811.0,588926.0,0.0,237322284.3899302,0.0740482545494588,3,0.99,1.4400000000000002,4.2,0.1906666666666666,2.8976619795670655,0.0,2.740296159100163,6.0,30.57,0.0,0.0,0.0,0.0,0.12,13.84857903309161,3.0,115.0,115.0,29.0,243848368.73492268,0.0760844946607974,3204.9679743823835,15.607020226041152
31181,Webster County,3336.0,62571.0,1783.0,63135.0,0.0,175379594.5791285,0.1177553841530922,2,0.34,0.475,2.85,0.02,2.225144912996443,0.0,3.4849801384577668,21.0,129.22,0.0,0.0,0.0,0.0,0.047,3.95619294396164,14.0,115.0,75.57142857142857,4.0,1917916.1257310824,0.0012877493000303,1489.3552073263995,2.2398954820110277
17067,Hancock County,16803.0,61026.0,8956.0,188978.0,0.0,260999877.16682985,0.1237340325167309,2,0.31,0.4,2.55,0.147,25.09184177478848,29.0,1.8397345352449996,22.0,310.91,0.0,0.0,0.0,0.0,0.085,15.963565018875526,12.0,138.0,80.5,129.0,42498202.33529412,0.0201474192806493,2109.362084706878,7.96591544041856
46067,Hutchinson County,7413.0,69139.0,3220.0,111268.0,0.0,112675470.25142428,0.0534174328924911,10,2.8,0.462,2.16,0.0980999999999999,10.621676649265972,4.0,6.553970937423482,15.0,415.0499999999999,0.0,0.0,0.0,0.0,0.066,5.074263436175969,8.0,115.0,74.75,82.0,44939450.337974764,0.0213049926959969,2109.338922534273,3.514371218776746
41013,Crook County,27564.0,74969.0,11236.0,341445.0,11.0,95825492.28748158,0.012386321407679,21,16.34,12.41904761904762,4.9714285714285715,2.294238095238095,8.986891156836064,52.0,1.314926607539516,62.0,488.04,1.0,36211243.08580921,0.004680634398275,0.0,0.16,44.68861875513214,7.0,500.0,335.0,33.0,548487993.7803332,0.0708970902944557,7736.396395145499,3.5628991318614567
50011,Franklin County,51177.0,73633.0,22714.0,422019.0,0.0,2275324.445550631,0.0012748106794888,9,10.6,7.734444444444445,5.5888888888888895,10.68211111111111,5.24001714914826,184.0,1.5759216651109416,20.0,217.44,0.0,0.0,0.0,0.0,0.18,8.939646259152953,11.0,115.0,85.72727272727273,143.0,71999924.7902607,0.0403398602240158,1784.8332738494978,28.673266433240748
26103,Marquette County,68064.0,63115.0,33584.0,656018.0,0.0,183676333.4291664,0.0207058533687901,143,81956.93,83949.79048951049,5.397202797202797,21.093818181818182,4.10811143870769,0.0,1.796095397111746,95.0,722.87,0.0,0.0,0.0,0.0,0.021,14.150937594543365,35.0,345.0,114.34285714285714,82.0,214222286.50315663,0.0241493020349944,8870.744429496532,7.672862242956429
37057,Davidson County,180182.0,58473.0,74958.0,2241275.0,0.0,124779750.10250312,0.0848935956860399,5,72.75,130.21200000000002,7.8,99.8682,6.747291528281576,49.0,1.7337021063019489,40.0,382.59,0.0,0.0,0.0,0.0,0.1,2.9521414530062136,62.0,230.0,104.19354838709675,91.0,17354548.040763665,0.0118031442920904,1470.3326174190072,122.5450608014722
29103,Knox County,3728.0,49167.0,1952.0,48522.0,0.0,177261955.11945656,0.1350378201617287,5,1.38,0.702,2.42,0.3023999999999999,7.444409622860455,0.0,0.7931764967811689,14.0,365.94,0.0,0.0,0.0,0.0,0.078,3.918174688364094,5.0,161.0,105.8,40.0,17062678.49271722,0.0129983159463987,1312.683778658604,2.8399832927085775
42117,Tioga County,40502.0,59707.0,21545.0,453930.0,0.0,119285927.76112852,0.0405039311346511,9,10.97,45.126666666666665,21.133333333333336,2.884333333333333,3.680803332219723,0.0,0.2452917325045271,38.0,429.49,0.0,0.0,0.0,0.0,0.058,5.027608052446759,6.0,230.0,134.16666666666666,29.0,73797477.1511736,0.0250581773436664,2945.0456886413026,13.752588000998248
31043,Dakota County,21687.0,66112.0,7767.0,390401.0,0.0,92272928.89481252,0.1332237946799101,1,0.17,0.35,2.0,0.107,9.455395833651448,0.0,0.4634616010763552,19.0,299.83,0.0,0.0,0.0,0.0,0.045,4.931118881803393,18.0,230.0,85.61111111111111,8.0,4780810.542238121,0.0069025415114843,692.6159783731721,31.311723490611328
26089,Leelanau County,22982.0,82345.0,15474.0,218974.0,0.0,271901377.92284906,0.0414588865625537,20,57796.2,243040.249,9.665,94.4329,0.8742902691566788,0.0,25.735670418038033,13.0,44.49,0.0,0.0,0.0,0.0,0.025,47.71650695647729,2.0,138.0,103.5,149.0,250684539.35691255,0.0382237926103242,6558.337680212436,3.504241641802069
51181,Surry County,6603.0,68655.0,3419.0,105274.0,0.0,96518881.75348131,0.1200942599622661,7,2.05,1.012857142857143,3.1999999999999997,0.2517142857142857,7.621407255422136,11.0,2.0720446806018176,9.0,168.06,0.0,0.0,0.0,1.0,0.074,8.796175995055535,4.0,500.0,297.5,10.0,11457969.716847876,0.0142566549551356,803.6927142380304,8.215826625055586
29135,Moniteau County,15428.0,66792.0,6178.0,201722.0,0.0,118895865.27253896,0.1095944064961324,3,0.67,0.7333333333333334,3.3666666666666667,1.4163333333333334,2.0104871216287923,0.0,4.2403942296801205,9.0,490.54,0.0,0.0,0.0,0.0,0.12,0.2325466767876733,7.0,161.0,161.0,40.0,24527221.414227217,0.0226084083647559,1084.8716556474835,14.221037041282193
51193,Westmoreland County,19715.0,56647.0,11176.0,293928.0,0.0,69010795.29612619,0.1053502427958976,3,0.66,0.8066666666666668,3.6,0.044,5.216454252845089,0.0,5.094696770428196,9.0,46.88,0.0,0.0,0.0,0.0,0.085,7.110166602816434,1.0,230.0,230.0,19.0,11493996.098424196,0.0175464617451245,655.0606193649273,30.096451255325704
37197,Yadkin County,38325.0,57486.0,17065.0,483069.0,0.0,56947417.4042806,0.0651070010991297,0,0.0,0.0,0.0,0.0,15.778494541739889,4.0,0.0560044098644895,13.0,334.94,0.0,0.0,0.0,0.0,0.12,1.6864905992148955,20.0,230.0,126.0,26.0,2342063.324325833,0.0026776406443262,874.6742507395535,43.81631215003242
40043,Dewey County,4207.0,61310.0,2195.0,84326.0,0.0,15682.827811984223,6.004851129844662e-06,3,27.61,158.04333333333332,7.300000000000001,3.2486666666666664,30.70071441992087,10.0,1.6252725579430487,21.0,416.15,0.0,0.0,0.0,0.0,0.1,6.9986354646173465,16.0,345.0,163.875,6.0,32347509.61541914,0.0123856476568415,2611.693026609793,1.6108324972100785
37191,Wayne County,122278.0,54323.0,52882.0,1523125.0,0.0,237386771.99403232,0.1643391084065979,9,4.930000000000001,1.0388888888888888,2.066666666666667,18.165444444444443,2.27938241771925,174.0,1.4320058382748178,13.0,407.83,1.0,13078305.180844389,0.0090539038668228,0.0,0.074,1.5585670294110487,46.0,230.0,130.0,34.0,3105882.475042749,0.0021501533235265,1444.4934884683946,84.65112579334097
42123,Warren County,37038.0,57925.0,21694.0,428542.0,0.0,144654084.53534323,0.0621460200365351,4,42.379999999999995,401.8825,12.875,63.886,6.32501115449433,0.0,0.2011743490788595,26.0,438.61,0.0,0.0,0.0,0.0,0.055,7.512749876300774,10.0,230.0,172.5,76.0,86776675.04236397,0.0372808345039781,2327.648406934223,15.912197000913572
5061,Howard County,12306.0,44824.0,6168.0,217244.0,0.0,219714103.34046516,0.1424362138928291,10,104.35,276.198,14.02,16.6622,4.342810669558342,3.0,2.8093867810506277,36.0,271.5,0.0,0.0,0.0,0.0,0.1,3.7768358101687474,14.0,69.0,69.0,5.0,124903792.51085244,0.0809726050154053,1542.543833029576,7.977731158427347
37059,Davie County,45855.0,69105.0,18845.0,552481.0,0.0,77620801.93223792,0.1124142488356492,5,1.11,0.766,3.3200000000000003,0.3022,3.759382402129853,16.0,1.9512696012897617,6.0,317.79,0.0,0.0,0.0,0.0,0.11,3.540352350759174,7.0,100.0,100.0,37.0,6973415.406736163,0.0100992418946088,690.4889970462756,66.40945792931565
37111,McDowell County,45198.0,53532.0,21328.0,578246.0,0.0,56025733.55585378,0.0485721208486661,3,25.35,120.43333333333334,8.666666666666666,8.377666666666666,5.386371755160138,16.0,0.5852676196923273,20.0,205.68,0.0,0.0,0.0,0.0,0.18,2.222350044690868,27.0,100.0,100.0,134.0,41211973.29794741,0.0357291698009505,1153.4545450549806,39.18489913085009
5099,Nevada County,7942.0,43421.0,4323.0,140516.0,0.0,36645.0484186746,2.2795484222468303e-05,3,4.14,10.386666666666663,4.266666666666667,0.5966666666666667,7.683184017241788,8.0,1.7985292094617806,20.0,257.85,0.0,0.0,0.0,0.0,0.11,12.113569802368088,5.0,115.0,115.0,36.0,31952367.95285181,0.0198763470365222,1607.5573592139583,4.940414694678995
8125,Yuma County,9896.0,60118.0,4313.0,97303.0,0.0,4399.112939296806,7.170636766582697e-07,1,6.76,48.4,7.2,1.406,45.500402597977846,10.0,0.903379697843838,16.0,96.2,0.0,0.0,0.0,0.0,0.041,46.79059748123864,0.0,0.0,0.0,61.0,191258036.26227427,0.0311754193531172,6134.898590967948,1.6130665981291528
48421,Sherman County,2781.0,66169.0,1115.0,39597.0,0.0,0.0,0.0,1,0.7,1.43,2.0,0.0,26.570804806688916,0.0,23.837755883324853,1.0,9.47,0.0,0.0,0.0,0.0,0.078,10.671250678561172,7.0,115.0,82.14285714285714,0.0,0.0,0.0,2390.621256069493,1.1632959394715423
48463,Uvalde County,24963.0,55000.0,10108.0,418618.0,0.0,473901548.2468647,0.1173941277685606,2,0.87,1.225,2.7,0.061,34.52600823142132,0.0,11.849309525282903,15.0,360.31,0.0,0.0,0.0,0.0,0.023,12.447686082845744,7.0,138.0,118.28571428571428,61.0,331153839.80725944,0.0820328953967478,4036.8420278919934,6.183794121127766
39011,Auglaize County,45909.0,75231.0,19961.0,615215.0,0.0,109387312.70250808,0.1050861568335441,3,52.85,63.73,2.6,1.863,16.057357054949524,0.0,0.1897912296761575,9.0,149.31,0.0,0.0,0.0,0.0,0.17,7.488050447782351,4.0,345.0,189.75,0.0,0.0,0.0,1040.9298046342765,44.10383850631485
19063,Emmet County,9107.0,64461.0,4513.0,165439.0,0.0,66344196.72192651,0.0636379991620584,16,23.42,4.514375,2.75625,0.2334999999999999,1.8644115617044088,130.0,1.758864537900096,12.0,152.99,0.0,0.0,0.0,0.0,0.03,9.098028583369867,8.0,69.0,69.0,87.0,35600472.00193396,0.0341483192345703,1042.5248679851018,8.735523036108663
21153,Magoffin County,11110.0,31927.0,5462.0,195946.0,0.0,35306203.68135804,0.0440934041995873,0,0.0,0.0,0.0,0.0,21.255413441086105,0.0,0.0905275306827233,4.0,105.83,0.0,0.0,0.0,0.0,0.12,3.5744826909204055,4.0,69.0,69.0,0.0,0.0,0.0,800.7139462751774,13.875117389527622
48017,Bailey County,6963.0,69830.0,2456.0,117061.0,0.0,15604.418414203594,7.279461661381024e-06,5,4.82,3.092,3.4,0.0054,5.342710260432519,0.0,21.10116078134324,0.0,0.0,0.0,0.0,0.0,0.0,0.041,9.864202432613087,13.0,230.0,77.84615384615384,5.0,30016165.35404852,0.0140025420439626,2143.6225836572644,3.248239710238697
29027,Callaway County,45765.0,70599.0,18573.0,570270.0,0.0,255812814.4746335,0.116558944541423,12,2.35,0.7016666666666667,3.2416666666666667,0.1590833333333333,7.748979679685038,0.0,0.1180678319833139,16.0,565.88,0.0,0.0,0.0,1.0,0.14,2.4887626275444665,27.0,345.0,150.77777777777777,23.0,60457185.77788512,0.0275468051852178,2194.7077118884004,20.852435042761233
56001,Albany County,38558.0,55887.0,18634.0,1109701.0,0.0,523756190.05557215,0.0469331639216027,57,66.48,10.782105263157897,4.0,0.2767543859649123,2.4546278701989306,28.0,1.531168760297832,96.0,1296.23,0.0,0.0,0.0,0.0,0.16,135.7366617230981,0.0,0.0,0.0,79.0,431416757.64190066,0.0386587381689127,11159.618189215036,3.455136129770418
42093,Montour County,17868.0,72626.0,8096.0,201042.0,0.0,29617931.73378925,0.0864174600785881,2,1.01,1.85,3.4000000000000004,0.52,5.209957005393783,0.0,2.2114665958013497,7.0,204.02000000000004,0.0,0.0,0.0,0.0,0.061,3.4593531558421677,5.0,230.0,133.4,5.0,2030048.1140693396,0.0059231550478274,342.7308752982867,52.134200002987946
36081,Queens County,2358182.0,82431.0,896825.0,16560358.0,0.0,48457315.24361669,0.10309221536533,4,1.15,0.71,2.55,0.2055,2.586970651478181,142.0,17.89241774652947,0.0,0.0,0.0,0.0,0.0,0.0,0.17,7.100611619190704,12.0,345.0,149.5,8.0,31873083.1424163,0.0678095089493815,470.03854822497993,5016.9970290846795
12121,Suwannee County,48149.0,49729.0,18948.0,505182.0,0.0,241705592.59062663,0.134809968597001,0,0.0,0.0,0.0,0.0,32.44310809894054,2142.0,13.954973420495913,6.0,304.89,0.0,0.0,0.0,0.0,0.053,2.6207507907287155,21.0,230.0,112.8095238095238,12.0,8791477.679980483,0.0049033984578367,1792.93560488229,26.854840669618515
1111,Randolph County,23163.0,49879.0,12412.0,383580.0,0.0,124261851.02278574,0.0821347964742206,5,25.64,105.702,7.74,12.679,4.141938617430024,9.0,0.9075275434207154,21.0,353.35,0.0,0.0,0.0,0.0,0.11,5.417008221418572,14.0,230.0,123.21428571428572,0.0,0.0,0.0,1512.9014298073707,15.31031668266003
37009,Ashe County,27514.0,49176.0,17026.0,345413.0,0.0,36089155.46652909,0.0324518875125701,0,0.0,0.0,0.0,0.0,38.91491132540461,5.0,3.476517696415712,15.0,226.5,0.0,0.0,0.0,0.0,0.17,26.78938111986253,0.0,0.0,0.0,154.0,60051503.56192006,0.0539991754686399,1112.0818612646187,24.740984417021323
39089,Licking County,185564.0,78505.0,72722.0,2410760.0,33.0,122288120.33015016,0.068691935258407,3,11.4,8.783333333333333,2.6333333333333333,2.483,5.11699507181242,0.0,3.713286262055233,18.0,288.69,0.0,0.0,0.0,0.0,0.072,0.7872330332646085,56.0,345.0,136.76785714285714,22.0,8963319.2540565,0.0050348940648928,1780.2398895650258,104.23539045928226
51683,Manassas city,44332.0,110559.0,14345.0,683265.0,1.0,2059858.8077536193,0.0803391888564213,0,0.0,0.0,0.0,0.0,5.651120434376905,0.0,3.595172422906205,1.0,14.44,0.0,0.0,0.0,0.0,0.086,1.0177304836357426,15.0,230.0,138.0,1.0,447.8577971031911,1.7467474958409073e-05,25.639527073579355,1729.0490527683169
17071,Henderson County,5984.0,64946.0,3387.0,69044.0,0.0,197142273.3415517,0.1925904484890443,7,2.41,0.7414285714285713,2.2857142857142856,0.0647142857142857,5.902589164426809,21.0,4.545296511118993,21.0,389.91,0.0,0.0,0.0,0.0,0.075,8.866991065647209,4.0,69.0,69.0,39.0,40324977.189979546,0.0393939117505581,1023.6347546625212,5.845835121114899
8005,Arapahoe County,673820.0,92292.0,262688.0,6417149.0,9.0,118340196.6077336,0.0567222807238812,8,9.42,28.18875,10.5625,2.3628750000000003,26.837221834506416,165.0,8.154247546410708,13.0,259.85,1.0,13363079.678866642,0.0064051301130822,0.0,0.072,88.22333514993146,0.0,0.0,0.0,187.0,70857027.32928078,0.0339628656032922,2086.3088573542555,322.97231429794255
21155,Marion County,20115.0,49627.0,8381.0,324244.0,0.0,61253565.445114374,0.0681840404544911,2,0.5700000000000001,1.525,4.4,0.033,3.703670204501003,0.0,0.8264947729207994,7.0,309.18,0.0,0.0,0.0,0.0,0.12,1.8883447343158055,15.0,161.0,102.73333333333332,2.0,2219654.543483557,0.0024707951951546,898.356346101219,22.390892085637493
28105,Oktibbeha County,51896.0,42953.0,25185.0,868735.0,0.0,221369509.78098547,0.1852757115722898,4,4.27,3.8325,3.525,0.64525,9.899599987233149,0.0,3.075138732576802,15.0,218.36,0.0,0.0,0.0,0.0,0.16,4.318570061588389,16.0,500.0,153.4375,14.0,95938580.60317372,0.0801893570708833,1196.4004215468208,43.37678177420223
24023,Garrett County,28370.0,64447.0,18501.0,279890.0,0.0,62913331.09239116,0.0369296169730471,10,28.95,75.837,19.15,4.0699,2.532912056003789,0.0,4.056413587424639,41.0,268.33,0.0,0.0,0.0,0.0,0.054,10.215441778338256,15.0,500.0,181.66666666666663,62.0,47624663.15742922,0.0279552924370103,1703.600964459178,16.652960753051868
26059,Hillsdale County,45738.0,59425.0,21440.0,449473.0,0.0,18310426.296423033,0.0116467697009972,42,16.62,1.3766666666666667,3.269047619047619,0.233095238095238,0.0,0.0,0.0949812609501408,36.0,337.49,0.0,0.0,0.0,0.0,0.079,15.097278608729257,3.0,138.0,138.0,39.0,21298069.33734555,0.0135471291103265,1572.146331809203,29.092711711743384
21141,Logan County,28669.0,58869.0,12462.0,452957.0,0.0,140361005.99565414,0.097290280363718,6,3.3200000000000003,5.53,6.2,0.4341666666666666,5.651429705787616,0.0,2.270518382621441,22.0,276.0,0.0,0.0,0.0,0.0,0.22,1.6763094168639916,16.0,161.0,109.25,37.0,24960602.774078544,0.0173012727080244,1442.703273644236,19.871723121264395
33013,Merrimack County,158078.0,88806.0,65744.0,1237401.0,0.0,222773539.52669457,0.0900686225709826,66,60.23,9.623636363636365,6.906060606060606,1.6027424242424242,0.9353289702028328,1015.0,0.959306841303192,50.0,451.55,0.0,0.0,0.0,0.0,0.24,8.748325254162198,15.0,450.0,145.0,222.0,49546138.64541954,0.0200317861120542,2473.375981965224,63.91183594917863
42133,York County,473197.0,79183.0,187450.0,5093525.0,0.0,121018432.4608541,0.0513058357514122,8,7.81,11.14125,6.925000000000001,0.6645,2.2819305715456615,0.0,1.862750952755434,32.0,288.43,1.0,3393955.4750671946,0.0014388694235295,1.0,0.095,2.3810314622406135,75.0,500.0,157.92,131.0,21152207.143792365,0.0089673621113242,2358.7992635070136,200.6092707085471
37161,Rutherford County,65745.0,50512.0,32640.0,838819.0,4.0,73375780.0551408,0.0499437244366105,1,2.78,55.4,19.9,5.906,21.287208505807765,14.0,0.6005860045891075,19.0,303.96,0.0,0.0,0.0,0.0,0.17,1.082093670328376,37.0,230.0,108.37837837837836,132.0,82115588.50979358,0.0558925345856799,1469.1691675551865,44.74978202095329
1043,Cullman County,94009.0,58119.0,39182.0,1581935.0,0.0,123847514.37832032,0.0633330459123337,5,64.96,418.21400000000006,12.82,11.1404,8.292936299088442,0.0,1.9954508610947213,23.0,402.53,0.0,0.0,0.0,0.0,0.17,1.911749955273252,28.0,500.0,197.32142857142856,0.0,0.0,0.0,1955.4959436145127,48.07424955647569
13097,Douglas County,154293.0,76930.0,54382.0,2019406.0,6.0,51534884.114571,0.0989666634412049,6,2.22,1.6849999999999998,4.3,20.178333333333335,6.37266876385563,41.0,7.003350761888457,6.0,194.82,0.0,0.0,0.0,0.0,0.12,3.394766972651498,14.0,230.0,164.28571428571428,25.0,16793503.944063835,0.0322360463793533,520.9542059357403,296.1738253420149
31097,Johnson County,5218.0,64352.0,2088.0,97178.0,0.0,131264718.55083184,0.1345291018930801,1,0.16,0.48,3.1,0.07,16.001054133024333,0.0,0.7775574811872332,11.0,237.3,0.0,0.0,0.0,0.0,0.047,9.551843308684008,4.0,345.0,138.0,11.0,10311602.9022967,0.0105680390956451,975.7347421761376,5.347764893932677
46075,Jones County,913.0,61250.0,510.0,13751.0,0.0,1542.639647027086,6.13479233644796e-07,3,0.63,0.59,2.8000000000000003,0.0206666666666666,4.99221523773238,3.0,5.1692543241122815,16.0,411.2999999999999,0.0,0.0,0.0,0.0,0.063,4.224550562714919,4.0,69.0,69.0,3.0,16793842.240655467,0.0066785713876834,2514.586019343368,0.3630816337070112
39073,Hocking County,27512.0,59007.0,13020.0,374590.0,0.0,59415985.58577083,0.0541501111075954,4,2.18,3.5974999999999997,5.425,7.793,4.185803704344092,0.0,3.7551750510156863,19.0,290.2,0.0,0.0,0.0,0.0,0.087,7.301170644457068,8.0,138.0,94.875,36.0,86594353.626873,0.0789197355552834,1097.2458665451695,25.073687528780887
1085,Lowndes County,9359.0,33125.0,4823.0,180309.0,0.0,357322389.30648416,0.1902752999087471,7,2.23,0.96,2.914285714285714,209.861,5.6586583898444465,1.0,4.37705585129486,26.0,288.59,0.0,0.0,0.0,0.0,0.086,3.658511160074433,15.0,500.0,148.33333333333334,35.0,30314767.369014315,0.0161427092883777,1877.9231433499256,4.983697034216738
13043,Candler County,11275.0,45519.0,4640.0,149211.0,0.0,60301469.41179278,0.0935575131532411,4,0.94,0.6174999999999999,2.55,3.66975,1.990612521155964,4.0,3.1361745537306818,5.0,289.9,0.0,0.0,0.0,0.0,0.15,1.9430587065320843,4.0,230.0,143.75,8.0,12426125.972148327,0.0192790898036681,644.5390367850297,17.49312199341698
19113,Linn County,232028.0,75457.0,101214.0,4016846.0,0.0,196027015.34839568,0.1044428167235544,2,1.86,3.75,3.5500000000000003,0.1455,11.010890747246403,0.0,1.9657591156432537,14.0,515.66,0.0,0.0,0.0,0.0,0.046,3.231476130648321,58.0,345.0,110.24137931034484,68.0,27073634.67118407,0.014424780679601,1876.8836263466085,123.624073833308
20005,Atchison County,16172.0,55281.0,6817.0,233134.0,0.0,161316270.21262157,0.1435724783139728,3,0.64,0.75,3.466666666666667,0.0826666666666666,3.248033058877866,0.0,1.464946128513912,19.0,305.68,0.0,0.0,0.0,0.0,0.059,9.545357200924478,8.0,115.0,80.5,1.0,824277.8122045856,0.000733612351547,1123.5876965080226,14.393180034153684
17041,Douglas County,19880.0,67177.0,8484.0,209825.0,0.0,80232268.06505539,0.074250709053492,3,0.7,0.3233333333333333,1.2666666666666666,1.5326666666666668,12.418031173766012,0.0,1.45913742474981,10.0,233.32,0.0,0.0,0.0,0.0,0.15,6.153686092501177,6.0,138.0,103.5,12.0,2075300.58402064,0.0019205806291332,1080.5589479246023,18.397885685165928
66010,Guam,,,,,0.0,97055549.46529022,0.0656715425171733,1,0.65,3.5,5.4,1.253,11.051291331886054,0.0,5986.088619031523,0.0,0.0,3.0,141941079.9287191,0.0960428302845887,0.0,0.0,6113.203235269475,0.0,0.0,0.0,13.0,110822365.27374774,0.074986703109969,1477.8935554910988,
55137,Waushara County,25223.0,61033.0,14776.0,288975.0,0.0,164502098.36378762,0.0996470977826129,43,661.3399999999999,96.74139534883722,3.6069767441860465,3.407627906976745,2.1755944428794805,0.0,4.870932656063763,16.0,237.43,0.0,0.0,0.0,0.0,0.03,2.4260810997741444,28.0,138.0,71.46428571428571,133.0,83908935.43930049,0.0508278130049404,1650.8468588082758,15.278824844000455
29131,Miller County,25817.0,53490.0,12501.0,316164.0,0.0,135674133.11446676,0.0873079426205782,4,176.44,826.145,8.075,93.02,13.564787023466872,0.0,2.9002212682077424,11.0,197.16,0.0,0.0,0.0,0.0,0.14,12.336259674754244,15.0,161.0,145.66666666666666,17.0,56147170.10227188,0.0361313817956525,1553.9724004972238,16.61355117487244
37193,Wilkes County,66233.0,49119.0,31743.0,854299.0,0.0,79655222.46567762,0.0406638540648623,1,5.16,377.4,73.2,16.925,9.682524648626831,6.0,1.6310823524887232,26.0,477.87,0.0,0.0,0.0,0.0,0.14,3.93959335310423,31.0,230.0,116.7741935483871,58.0,51431818.72405566,0.0262558549979145,1958.8704587278096,33.81183258183141
2110,Juneau City and Borough,31609.0,95711.0,14073.0,265458.0,0.0,200155784.76569855,0.023719962875116,77,103.01,61.981948051948045,14.487012987012989,8.604961038961038,5.841481805821331,0.0,8.698671285235655,120.0,489.17,0.0,0.0,0.0,0.0,0.2,18.497216002865713,7.0,138.0,108.42857142857144,77.0,277570916.13106024,0.0329256104824217,8430.24357222624,3.7494764806247183
13087,Decatur County,29432.0,47383.0,13018.0,397806.0,0.0,199900690.923634,0.1238543890354329,6,85.2,84.44833333333334,3.6,111.802,3.021166485048262,84.0,2.93872174975589,16.0,262.65,0.0,0.0,0.0,0.0,0.051,4.656968517173293,14.0,230.0,128.14285714285714,50.0,58917927.81522334,0.0365043458282789,1613.9976344838724,18.235466627193556
18177,Wayne County,66169.0,54854.0,30782.0,981965.0,0.0,80998196.49943009,0.0773443495382153,4,0.94,0.685,2.575,0.398,11.438992534170906,0.0,0.938165557594761,13.0,238.29,0.0,0.0,0.0,0.0,0.1,3.817871705439099,42.0,138.0,75.57142857142857,6.0,915258.0259177114,0.0008739705293899,1047.2412914845113,63.184101446384425
21009,Barren County,45641.0,48141.0,19929.0,734126.0,0.0,107183654.82556245,0.0827677312198011,1,32.0,1005.5,31.4,40.916,7.486334068739532,0.0,1.4034459908132462,20.0,253.55999999999997,0.0,0.0,0.0,0.0,0.15,1.1083559792090472,37.0,161.0,78.94594594594595,18.0,29031605.876871064,0.0224183451184835,1294.993262144725,35.24419881877292
31093,Howard County,6538.0,70766.0,2893.0,118511.0,0.0,196730381.44523144,0.1319649173987528,1,0.23,0.45,2.0,0.005,5.562520625218263,0.0,5.343898566320853,12.0,539.31,0.0,0.0,0.0,0.0,0.052,13.492261642419573,1.0,115.0,115.0,17.0,7880946.783649238,0.005286466101503,1490.7778906231065,4.385629838706077
38025,Dunn County,4058.0,91758.0,2178.0,157068.0,0.0,1226105.9812164058,0.0002273725207923,4,1137.1799999999998,7575.8,10.625,205.1265,2.3037558949855024,60.0,1.0484794252024017,46.0,557.4300000000001,0.0,0.0,0.0,0.0,0.029,1.2147580711633257,22.0,345.0,135.9090909090909,15.0,52316607.43923932,0.0097017379636257,5392.498502370127,0.7525268663897478
6005,Amador County,41876.0,74853.0,18813.0,252062.0,0.0,67865680.54609562,0.0432429555325827,8,44.16,132.1575,29.8125,7.7765,15.011589474400846,0.0,0.887004071501304,23.0,314.63,0.0,0.0,0.0,0.0,0.22,4.898029633036016,22.0,230.0,93.5909090909091,7.0,88371285.91619495,0.0563088081705096,1569.4043043602824,26.682735534530995
47049,Fentress County,20322.0,47884.0,9206.0,273108.0,0.0,17504087.177971296,0.0135456776034657,1,0.21,1.11,5.2,0.806,8.916721532554826,1.0,1.3710611808916553,20.0,267.31,0.0,0.0,0.0,0.0,0.17,2.7704592432141135,1.0,161.0,161.0,6.0,34392051.91367435,0.0266145639362774,1292.2267671196278,15.726341937102664
26023,Branch County,45993.0,60600.0,20776.0,439671.0,0.0,46093915.33372287,0.0342444538672423,37,29.4,2.82027027027027,2.9405405405405403,0.983972972972973,2.5308519651562165,0.0,0.8716049113155585,36.0,282.76,0.0,0.0,0.0,0.0,0.084,3.01387797548368,11.0,138.0,138.0,29.0,2661993.087726736,0.0019776688231485,1346.0257129850245,34.16948098116437
31139,Pierce County,7378.0,65603.0,3141.0,133276.0,0.0,11844.630189139423,7.959088895089275e-06,1,2.5,8.6,3.4,2.51,9.287585684972075,0.0,1.768000612226293,13.0,120.32,0.0,0.0,0.0,0.0,0.066,11.328988094957143,16.0,345.0,86.25,2.0,1502120.304030558,0.0010093611062555,1488.1892067379108,4.957702936290251
13023,Bleckley County,12866.0,56021.0,5215.0,172200.0,0.0,31519738.068845604,0.0555367367344589,3,0.8,0.77,2.6,0.257,4.746181504146337,355.0,4.545241599123002,6.0,353.59000000000003,0.0,0.0,0.0,0.0,0.11,1.8624183489052928,5.0,115.0,115.0,12.0,34781264.77076791,0.0612834394146292,567.5475316495558,22.66946693011852
13033,Burke County,24408.0,50321.0,11106.0,332158.0,0.0,186960209.668147,0.086451799863841,8,1.93,0.595,2.375,0.258125,1.6503107688632328,51.0,7.136224592827912,11.0,648.41,0.0,0.0,0.0,1.0,0.18,3.4661853036492203,21.0,500.0,182.6190476190476,27.0,88695234.82503991,0.0410133402373753,2162.5947633548817,11.286441830708643
17091,Kankakee County,105525.0,65489.0,45312.0,1129335.0,0.0,124705911.64190193,0.0706725108724512,5,1.5,0.504,1.7,1.037,13.834987276035228,0.0,1.9517303827561447,26.0,327.49,0.0,0.0,0.0,0.0,0.087,0.9418567483420716,10.0,345.0,158.7,283.0,34023404.1409724,0.0192815188225965,1764.5603779459268,59.80243085976949
31141,Platte County,35649.0,69943.0,14085.0,625900.0,0.0,286142004.74382263,0.1613814786645662,6,4.83,1.0783333333333334,1.3666666666666665,33.92433333333333,13.576701842515709,0.0,2.1972999384765037,17.0,531.19,0.0,0.0,0.0,0.0,0.062,10.046485247423664,13.0,345.0,150.3846153846154,25.0,12858532.023366775,0.0072520946821613,1773.0783431435425,20.105710578358792
37185,Warren County,18898.0,42282.0,11438.0,245301.0,0.0,101919250.5004352,0.0885689766155237,3,250.06,1594.36,12.1,182.40733333333333,12.596058954535222,54.0,0.2025542698695367,17.0,221.8,0.0,0.0,0.0,0.0,0.07,3.562731697330453,15.0,500.0,140.66666666666666,31.0,30264387.61940242,0.0263000937132533,1150.7330715004732,16.422574850793474
13197,Marion County,7676.0,48836.0,3550.0,103674.0,0.0,21524386.29810137,0.02263342757424,2,0.38,0.72,3.75,1.5435,7.369667212040192,0.0,5.563037286080094,7.0,244.72,1.0,2469070.623323329,0.0025962891742749,0.0,0.076,15.31699768422776,1.0,230.0,230.0,52.0,82369416.87686504,0.0866134920421509,950.9998377248126,8.071505057628809
51061,Fauquier County,76503.0,122785.0,28218.0,1197655.0,3.0,113502626.54710652,0.0672424204057597,6,1.28,0.6883333333333334,3.1166666666666667,0.2179999999999999,1.3891072192622649,0.0,1.4790575587839596,20.0,338.63,1.0,13832990.754009282,0.0081950859468792,0.0,0.088,13.302055992168272,13.0,500.0,206.53846153846155,79.0,51202698.87194089,0.0303340416710765,1687.9616447801789,45.32271230011443
51750,Radford city,17243.0,51039.0,6450.0,259938.0,0.0,3024781.590667543,0.1166967462198343,0,0.0,0.0,0.0,0.0,5.770268101692044,0.0,2.2585458300852745,1.0,61.89,0.0,0.0,0.0,0.0,0.18,2.249156771683758,0.0,0.0,0.0,0.0,0.0,0.0,25.92001696177137,665.2387622057179
18139,Rush County,16767.0,62386.0,7357.0,247532.0,0.0,59249627.29194878,0.0560064280807548,2,0.33,0.495,3.05,6.6865000000000006,15.936939849969924,0.0,2.1007369816290917,12.0,358.67,1.0,1568419.377094532,0.001482567419553,0.0,0.11,3.381737820021332,22.0,345.0,84.68181818181819,0.0,0.0,0.0,1057.9076246531336,15.849209901949198
55131,Washington County,139238.0,91915.0,58391.0,1622228.0,0.0,168404712.0936183,0.1492471138341038,12,9.0,3.9291666666666663,3.875,0.1283333333333333,0.0,0.0,0.0102506181637926,20.0,320.34000000000003,0.0,0.0,0.0,0.0,0.04,2.6256305780031246,9.0,345.0,161.0,81.0,35078955.26276404,0.0310883986807492,1128.3615995469709,123.39838581524138
29105,Laclede County,36943.0,49202.0,15935.0,460563.0,0.0,147131418.42349952,0.0739635168565261,1,0.11,0.3,2.7,0.031,10.593815922354167,0.0,8.242543338953041,6.0,428.02,1.0,75061.19642164517,3.773354546765285e-05,0.0,0.16,3.0039287981763407,24.0,345.0,111.16666666666669,26.0,18676889.698975287,0.0093896430635483,1989.0947475395587,18.57277037491412
42085,Mercer County,107860.0,57353.0,50916.0,1206605.0,0.0,131260257.0045901,0.0742493429612527,6,21.11,87.71166666666666,10.933333333333332,5.0585,6.194632250139826,0.0,1.8415365799457872,23.0,312.82,0.0,0.0,0.0,0.0,0.058,16.622239742149784,14.0,138.0,123.21428571428572,34.0,5926058.657054103,0.0033521644073935,1767.8305526971294,61.01263485657097
55065,Lafayette County,17478.0,69293.0,7177.0,196310.0,0.0,123079726.7868444,0.0748876752527798,2,1.74,8.235,7.0,0.497,16.578301286560823,0.0,1.7725633262265217,19.0,279.24,0.0,0.0,0.0,0.0,0.047,4.35793147178887,22.0,138.0,75.27272727272727,14.0,20926461.19801507,0.0127326739447585,1643.5244700999813,10.63446289846646
54077,Preston County,34004.0,60136.0,15175.0,644086.0,0.0,42516700.60053121,0.0252012264356672,4,1.17,1.5525,4.6,0.10975,14.086867082584934,0.0,1.4426418990009309,26.0,284.66,2.0,34439518.01372389,0.0204135805351803,0.0,0.055,3.2979859815529107,20.0,138.0,138.0,38.0,40533101.12054323,0.0240254734034052,1687.0885513872242,20.155432844375532
69100,Rota Municipality,,,,,0.0,4917306.484955912,0.0078779053322696,0,0.0,0.0,0.0,0.0,100.83652110628606,0.0,5896.390531092169,0.0,0.0,0.0,0.0,0.0,0.0,0.0,6035.981028621727,0.0,0.0,0.0,0.0,0.0,0.0,624.189588165462,
55135,Waupaca County,51461.0,69198.0,25536.0,609938.0,0.0,226659523.8192335,0.1143710169455194,39,22.28,1.683846153846154,2.907692307692308,2.724358974358974,3.6608970283814255,0.0,3.06636891510924,29.0,467.62,0.0,0.0,0.0,0.0,0.028,1.998036919090182,19.0,138.0,105.3157894736842,127.0,37169517.08287089,0.0187555122099599,1981.7916283369848,25.966907551821365
48137,Edwards County,1370.0,40809.0,1004.0,22949.0,0.0,30796.763206445143,5.609140719081156e-06,0,0.0,0.0,0.0,0.0,81.02824027012471,0.0,21.922954948830235,13.0,149.72,0.0,0.0,0.0,0.0,0.025,49.93784736874812,0.0,0.0,0.0,4.0,27867133.322401747,0.0050755552197132,5490.460080931973,0.2495237156459665
29153,Ozark County,9172.0,39125.0,5059.0,111157.0,0.0,139574829.0294078,0.0713512507816184,2,232.58,4558.35,37.2,145.2165,16.60541820929969,0.0,0.1467700421797866,28.0,222.55,0.0,0.0,0.0,0.0,0.23,4.929641508631187,8.0,161.0,92.0,17.0,119761125.02504872,0.061222400378155,1956.1651337633616,4.6887657088307675
19059,Dickinson County,18077.0,72446.0,13841.0,307551.0,0.0,112990304.74755888,0.1079949946899331,25,57.65,9.0596,2.824,0.282,0.0,331.0,2.5413887500914067,14.0,179.19,0.0,0.0,0.0,0.0,0.031,2.2373338267006355,39.0,345.0,87.87179487179488,155.0,49615687.24442806,0.0474221629109236,1046.2552570118862,17.27781043760589
21095,Harlan County,24725.0,35128.0,13016.0,446358.0,0.0,32560352.63288203,0.0268537266217487,3,1.86,7.89,10.466666666666669,1.075,12.271305052765488,1.0,0.6017788160156535,11.0,344.02000000000004,0.0,0.0,0.0,0.0,0.22,2.559508899821473,30.0,161.0,81.26666666666667,55.0,67320690.46656668,0.0555218623753746,1212.5077867781508,20.391621620590765
20061,Geary County,36338.0,57992.0,15893.0,519634.0,0.0,188443929.69925433,0.1798298785103346,4,66.55,353.565,7.3,31.58775,13.242099825535687,0.0,1.118832926709408,15.0,406.67,1.0,81882627.3597974,0.0781396511615923,0.0,0.058,6.521058923266557,9.0,345.0,140.55555555555554,8.0,12538817.341027306,0.0119656494656238,1047.9011086736289,34.67693630555892
42011,Berks County,440072.0,74617.0,170678.0,4755373.0,0.0,123921431.96701127,0.0552653859631756,6,7.750000000000001,31.795,12.716666666666669,3.233166666666667,3.445740941625394,0.0,0.91072676146264,39.0,515.3,0.0,0.0,0.0,0.0,0.1,0.4474778578407629,23.0,500.0,185.7391304347826,262.0,36218693.891113505,0.0161525285763862,2242.292512892539,196.2598534623436
27083,Lyon County,25684.0,68919.0,11188.0,292315.0,0.0,88091321.12010849,0.0471300901734629,35,19.32,1.211142857142857,2.2542857142857144,0.2352857142857142,7.485291694744537,92.0,1.5592490267288948,17.0,381.92,0.0,0.0,0.0,0.0,0.036,5.469202644927566,39.0,345.0,86.6923076923077,335.0,70833970.56770161,0.0378971669883445,1869.1099149835345,13.74129996000062
51037,Charlotte County,11401.0,51548.0,5985.0,186151.0,0.0,115997275.8222996,0.0937867445593379,6,181.65,691.9366666666666,6.733333333333333,44.4075,9.540855781822234,24.0,0.7786939030088856,14.0,296.69,0.0,0.0,0.0,0.0,0.094,7.093690211271035,12.0,115.0,115.0,3.0,429358.515300906,0.000347147268015,1236.819513965636,9.217998156776146
47179,Washington County,141199.0,58507.0,60904.0,2022830.0,0.0,27383023.32382292,0.0320553723318574,1,10.43,238.6,22.9,95.625,14.771068469849322,11.0,1.104423622229863,16.0,225.32,1.0,434227.3932912855,0.0005083193555378,0.0,0.21,1.0816947332622395,64.0,500.0,93.703125,16.0,72774568.75158864,0.0851920505560724,854.2413086264327,165.29170220887502
45071,Newberry County,39561.0,56706.0,18313.0,609749.0,0.0,191415266.8905013,0.1141655000980833,3,229.42,1023.0,9.0,121.681,15.827065500455046,36.0,2.9456820803200454,29.0,487.95,0.0,0.0,0.0,0.0,0.21,1.3326108226039284,71.0,230.0,102.98591549295774,0.0,0.0,0.0,1676.46359144049,23.59788796010027
51093,Isle of Wight County,41321.0,91680.0,16551.0,614371.0,0.0,108242334.0133212,0.1151856385695319,6,9.44,4.58,2.6833333333333336,5.298166666666666,8.594447414902467,289.0,0.0342101285354019,19.0,175.39,0.0,0.0,0.0,0.0,0.062,5.725668147879791,9.0,500.0,234.44444444444449,35.0,15666811.091345226,0.0166717731685528,939.7207443355064,43.97157373515133
41069,Wheeler County,1472.0,50774.0,930.0,20754.0,0.0,0.0,0.0,2,0.45,1.255,5.2,0.023,20.55514568918168,2.0,5.726529925132327,32.0,507.69,0.0,0.0,0.0,0.0,0.17,20.603452479513237,3.0,115.0,115.0,14.0,308848362.8914464,0.0694709974791246,4445.716545012224,0.3311052301909528
51111,Lunenburg County,12058.0,54438.0,5886.0,192198.0,0.0,58807329.84903965,0.0525139826240667,0,0.0,0.0,0.0,0.0,22.861527396626297,15.0,0.48385022378457,12.0,285.84000000000003,1.0,52097.50430468672,4.65222182819144e-05,0.0,0.097,0.5369192284476088,10.0,500.0,165.0,0.0,0.0,0.0,1119.8413624429368,10.767596558226286
38097,Traill County,7920.0,81157.0,3674.0,310262.0,0.0,222524570.43770617,0.0996216161009941,5,1.74,0.634,1.78,1.8814,7.895660285343724,94.0,1.6254940431053264,12.0,624.76,0.0,0.0,0.0,0.0,0.024,11.11139972116256,17.0,69.0,69.0,27.0,14325877.83542428,0.0064135259276004,2233.6976566623425,3.5456902488022033
13139,Hall County,226568.0,74153.0,77473.0,2915580.0,0.0,150653716.62383497,0.1357072309797332,3,134.28,1050.7733333333333,10.833333333333334,22.225000000000005,2.5400523589573365,6.0,2.9655668688858556,31.0,376.54,0.0,0.0,0.0,0.0,0.14,1.085688901157564,54.0,230.0,127.77777777777776,23.0,23474702.83527046,0.0211377342352248,1110.5590870828155,204.01255785060684
13283,Treutlen County,6466.0,38641.0,2858.0,87868.0,0.0,40125584.533256866,0.0765266159615034,2,1.03,1.875,3.65,1.557,3.2551878708061652,24.0,0.3238918185612133,8.0,357.66999999999996,0.0,0.0,0.0,0.0,0.13,3.2065628453440227,4.0,115.0,115.0,2.0,22371.631117875935,4.266667342579072e-05,524.3350212616562,12.33181026978037
13037,Calhoun County,5413.0,48663.0,2044.0,77697.0,0.0,130459821.05045325,0.1776261259747941,9,1.39,0.2866666666666667,1.9,0.1518888888888888,1.4773109631967822,45.0,2.1350763359293032,7.0,216.65,0.0,0.0,0.0,0.0,0.059,4.319971737303769,1.0,115.0,115.0,23.0,58066630.96854113,0.0790599790747206,734.4630196987641,7.370010272566359
55125,Vilas County,23761.0,63726.0,24661.0,268781.0,0.0,86129964.0616137,0.0326760562621314,334,388.77,7.369670658682634,4.323652694610778,0.8105808383233533,0.5612061026257049,0.0,1.0038522385273692,119.0,305.69,0.0,0.0,0.0,0.0,0.022,20.76257509274105,8.0,138.0,120.75,237.0,239361846.3062705,0.0908092931667337,2635.8739062838026,9.014467628119412
13055,Chattooga County,25300.0,43556.0,10864.0,341302.0,0.0,56817982.75414033,0.0699657116956501,2,0.51,1.305,5.15,0.0865,3.751023742206876,19.0,0.9576270010927632,13.0,158.5,0.0,0.0,0.0,0.0,0.28,1.1047479904120352,12.0,230.0,124.58333333333331,18.0,12889880.136760984,0.0158726092290628,812.083253026822,31.15444125426925
37103,Jones County,9575.0,53053.0,4669.0,121111.0,0.0,191583518.92749828,0.1561564743211762,5,5.51,2.07,2.02,0.939,18.472017935823967,46.0,3.817936769678445,10.0,160.43,1.0,3845254.065775165,0.00313420131931,0.0,0.069,10.338831626224025,8.0,230.0,215.625,14.0,46308695.856397,0.0377454319444002,1226.8688811035602,7.804419973051524
29199,Scotland County,4796.0,58656.0,2219.0,61070.0,0.0,146042114.0706663,0.1283586285662175,4,1.08,0.8899999999999999,2.825,0.07325,4.522323016856753,0.0,1.979177981473115,25.0,265.31,0.0,0.0,0.0,0.0,0.07,2.8407129972341387,7.0,69.0,69.0,11.0,18302771.465763576,0.0160865833579949,1137.76624025432,4.2152771196023275
20131,Nemaha County,10054.0,72788.0,4507.0,145115.0,0.0,174234504.98350227,0.0935068873725445,4,1.98,1.5775,3.075,0.09725,13.734930131979834,2.0,2.122269510321328,26.0,414.44,0.0,0.0,0.0,0.0,0.054,2.2054307925416725,6.0,161.0,126.5,1.0,2866195.6871579806,0.0015382087338677,1863.333385158331,5.395706468891336
20137,Norton County,5288.0,52710.0,2463.0,77659.0,0.0,4704.675156402614,2.0611539538386672e-06,1,5.69,238.1,41.9,1.714,2.5408992109496165,1.0,2.608722441715421,9.0,211.67,0.0,0.0,0.0,0.0,0.05,3.967675973233336,2.0,115.0,115.0,1.0,25382475.37199842,0.0111202554335783,2282.5442745995206,2.316713002610999
40093,Major County,7536.0,67621.0,3703.0,143751.0,0.0,8687.87998497397,3.501638831661828e-06,2,0.5900000000000001,0.48,1.85,0.0815,7.60621165768789,3.0,8.225891319444685,11.0,535.5500000000001,0.0,0.0,0.0,0.0,0.1,7.543901214296178,17.0,138.0,97.41176470588236,2.0,1550992.4163347362,0.0006251254979893,2481.0896713115317,3.037375104631501
53051,Pend Oreille County,14457.0,59353.0,7993.0,155050.0,0.0,62921.596841660925,1.704257363246745e-05,27,22.14,17.83888888888889,13.837037037037035,31.047333333333334,9.506715103500673,149.0,0.5842008251730291,51.0,337.96,1.0,304393.23032031313,8.244616000469614e-05,0.0,0.15,76.47175326555326,0.0,0.0,0.0,34.0,196329314.3112712,0.0531766033384386,3692.024348786399,3.9157379893098874
19197,Wright County,12801.0,58240.0,6281.0,227612.0,0.0,146583487.6959585,0.0972062067330197,5,5.21,2.07,2.4,0.7302000000000001,5.208758121415162,0.0,2.1830355672929187,12.0,431.87,0.0,0.0,0.0,0.0,0.032,20.105635628586608,2.0,161.0,161.0,73.0,23237223.618966214,0.0154096644785371,1507.9642812036204,8.488927860932192
48419,Shelby County,24286.0,49231.0,11500.0,407463.0,0.0,429890.469644622,0.0001988716056892,6,603.43,1050.935,4.833333333333333,32.7655,6.188081830736447,2.0,3.2570103133831023,56.0,386.35,0.0,0.0,0.0,0.0,0.064,10.151910363052888,3.0,138.0,138.0,2.0,11032602.794095768,0.0051037917505067,2161.6483064773197,11.23494507743358
29055,Crawford County,22929.0,52367.0,11435.0,297702.0,0.0,147504739.78355676,0.0765736405526942,2,1.41,6.555,8.25,0.25,13.94051616461706,0.0,4.06704759861822,22.0,353.53999999999996,0.0,0.0,0.0,0.0,0.26,4.296970544435284,13.0,161.0,122.07692307692308,31.0,55562305.21204477,0.0288438726794322,1926.3122476499127,11.903054672456772
56033,Sheridan County,33241.0,68898.0,14999.0,916408.0,0.0,63226797.374017134,0.0096625903169668,8,2.54,2.81375,5.9125,0.0485,29.013277227939614,20.0,6.460720026318667,57.0,560.55,0.0,0.0,0.0,0.0,0.15,111.12491316823848,0.0,0.0,0.0,249.0,282376667.45932466,0.0431540132817532,6543.462495960297,5.0800321726489335
42041,Cumberland County,277270.0,82849.0,109154.0,2967119.0,0.0,71944519.44049537,0.0504711378682324,1,0.17,0.57,3.4,0.177,6.9869780171737235,0.0,0.5436780451418538,9.0,215.18,2.0,4866152.882561908,0.0034137454101255,0.0,0.07,8.991111769706029,10.0,500.0,183.4,108.0,18972380.603220444,0.0133096675682947,1425.458637931338,194.51283441123297
42055,Franklin County,160652.0,71808.0,66443.0,1733370.0,0.0,103712147.38184284,0.0518108151086431,3,0.43,0.7533333333333333,5.1000000000000005,1.0956666666666666,16.85484499187134,0.0,1.3333904237687793,24.0,375.07,1.0,72569779.60870695,0.0362532213313322,0.0,0.065,3.015422376317681,29.0,138.0,103.10344827586206,28.0,4614956.777693609,0.0023054112002898,2001.7933360926736,80.2540387678474
42079,Luzerne County,332126.0,60836.0,150885.0,3605552.0,0.0,159590538.88107258,0.0680092301270292,42,17.88,2.9185714285714286,5.347619047619047,0.5211666666666667,1.7834523499424215,0.0,4.143301775697122,46.0,567.85,0.0,0.0,0.0,1.0,0.07,1.332482101487763,86.0,500.0,119.6046511627907,308.0,81361007.55418272,0.034671851544237,2346.6011744534726,141.53491595236787
1113,Russell County,58898.0,47420.0,27382.0,1024118.0,0.0,250917614.9161806,0.1496927939316756,15,4.12,1.0606666666666666,3.3866666666666663,29.50406666666667,7.142652112268797,0.0,0.5754901972786931,25.0,318.24,1.0,49714923.86774594,0.0296590012476781,0.0,0.073,15.985072757769125,23.0,115.0,115.0,2.0,2944462.207807503,0.0017566115262323,1676.2170598543894,35.13745409864543
39019,Carroll County,26475.0,59872.0,13407.0,357123.0,0.0,53108289.27447809,0.0513927259642327,4,11.03,31.0325,9.425,0.88675,8.897552941746058,0.0,2.4167945134353968,23.0,213.54,0.0,0.0,0.0,0.0,0.057,5.808907612967209,12.0,345.0,172.5,17.0,13616658.205288598,0.0131788059534105,1033.223969866906,25.623679639769065
48191,Hall County,2737.0,43873.0,1754.0,48299.0,0.0,0.0,0.0,0,0.0,0.0,0.0,0.0,27.336473699006532,1.0,2.523714525149957,12.0,71.83,0.0,0.0,0.0,0.0,0.069,9.126536928721237,4.0,115.0,80.5,0.0,0.0,0.0,2341.600145450029,1.168858827293069
35057,Torrance County,16100.0,50727.0,7230.0,222954.0,0.0,165390.81805932446,1.908418977512389e-05,33,19.2,1.945151515151515,3.3151515151515154,0.2591212121212121,4.0686118253444015,9.0,29.335282388397104,2.0,4.49,0.0,0.0,0.0,0.0,0.13,17.027249177468068,7.0,230.0,124.85714285714286,11.0,130101472.49715976,0.0150122069748835,8666.378815242027,1.8577540104390615
48221,Hood County,70501.0,80013.0,28396.0,1115055.0,1.0,99848311.27281263,0.088247267940234,3,34.69,181.04333333333332,12.733333333333334,13.106,3.8039844149118496,2.0,3.912483734048043,20.0,310.05,0.0,0.0,0.0,0.0,0.044,1.0256228120515989,11.0,345.0,188.1818181818182,1.0,2637843.4970761174,0.0023313611921209,1131.4606702689307,62.30972216050869
29045,Clark County,6475.0,53362.0,3237.0,85305.0,0.0,247765556.33843732,0.1869053155569773,4,0.5800000000000001,0.4975,3.375,0.0645,9.731687488115051,2.0,0.9519116038054374,24.0,264.17,0.0,0.0,0.0,0.0,0.076,1.0892341721528194,8.0,161.0,92.0,84.0,45428961.96855272,0.0342699549011932,1325.6207106059237,4.884504253890515
21015,Boone County,145316.0,91697.0,51773.0,2306204.0,0.0,56728460.78892131,0.0853902099158418,3,0.78,1.13,3.8666666666666663,1086.9416666666666,3.124512769528429,0.0,0.8115976003091744,18.0,108.85,0.0,0.0,0.0,0.0,0.11,2.2098968973812667,48.0,345.0,126.5,24.0,8055873.847876915,0.0121260606683252,664.3438514966238,218.7361253854225
21229,Washington County,12368.0,65456.0,5206.0,198251.0,0.0,45278169.900408454,0.058041365778367,2,0.5900000000000001,1.185,3.65,0.123,7.954168783578182,0.0,1.219067316850358,10.0,323.46,0.0,0.0,0.0,0.0,0.12,3.8270160785296823,9.0,138.0,76.66666666666667,2.0,808391.9628774679,0.0010362647985302,780.1017307777478,15.854342468474362
22009,Avoyelles Parish,37941.0,38696.0,18261.0,876054.0,0.0,198285.39569520933,8.844203038211987e-05,35,23.44,1.842,2.342857142857143,93.73248571428572,1.669833772905526,875.0,0.5396949688545221,50.0,732.66,0.0,0.0,0.0,0.0,0.062,4.420815591138866,4.0,138.0,138.0,103.0,188039557.26766345,0.0838720386567626,2241.981478919266,16.92297655299509
29227,Worth County,1914.0,43536.0,1120.0,25711.0,0.0,88930072.86018012,0.1286866674603285,0,0.0,0.0,0.0,0.0,12.033642246494136,0.0,2.7261015992005206,10.0,398.12,0.0,0.0,0.0,0.0,0.05,7.245617552691497,1.0,69.0,69.0,7.0,14048634.314151004,0.0203291403471503,691.0589466278271,2.769662427987917
31163,Sherman County,2924.0,60194.0,1800.0,54771.0,0.0,150667431.39785552,0.1017644028356421,1,8.56,114.3,13.4,0.306,9.795632340523614,0.0,2.139403541360457,14.0,204.64,0.0,0.0,0.0,0.0,0.05,10.910131573694038,4.0,115.0,92.0,2.0,670936.598055423,0.000453166697064,1480.5514226934124,1.9749398468583228
46063,Harding County,1331.0,71484.0,711.0,17699.0,0.0,709.2349948369808,1.0224993268913778e-07,4,1.48,1.1475,3.1,0.1415,9.290046291631006,0.0,0.3776652326264756,30.0,503.0,0.0,0.0,0.0,0.0,0.039,58.09344578972162,0.0,0.0,0.0,4.0,4945503.458374674,0.0007129899108389,6936.288134225093,0.191889375735787
26057,Gratiot County,41190.0,57934.0,16060.0,410945.0,0.0,19745353.49274647,0.0133372369450206,12,7.34,1.5925,2.1999999999999997,2.290666666666666,1.4250647889566883,0.0,2.9118420099793454,17.0,200.94,0.0,0.0,0.0,0.0,0.041,10.088236503830258,12.0,345.0,189.75,48.0,78672148.92903064,0.0531400509808993,1480.4680740202552,27.822281832898515
19175,Union County,11829.0,56495.0,5791.0,213844.0,0.0,87001983.72755617,0.0788910627213756,6,4.96,13.0,11.050000000000002,0.27,3.1311604707047627,1.0,1.4909882013036784,13.0,211.66,0.0,0.0,0.0,0.0,0.044,10.045885983795488,7.0,69.0,69.0,21.0,21734818.477391675,0.0197085497855668,1102.8116585883286,10.726219575101243
27043,Faribault County,13888.0,64000.0,6915.0,159863.0,0.0,317.78322027997206,1.6996264529540404e-07,18,22.2,3.122777777777778,2.3722222222222222,0.5272777777777777,10.428119802105469,62.0,3.813920172953376,23.0,357.9,0.0,0.0,0.0,0.0,0.028,10.878789299264591,25.0,161.0,76.36,234.0,37950590.51776299,0.0202974302357537,1869.7239047982216,7.427834646794429
48161,Freestone County,20811.0,55902.0,9080.0,327227.0,0.0,1448135.51915798,0.0006268309515492,17,168.51,132.26823529411763,3.835294117647059,2.004294117647059,9.457233967139764,7.0,3.2200611893000897,17.0,370.52,0.0,0.0,0.0,0.0,0.049,4.742467599085478,17.0,345.0,166.41176470588235,4.0,54933124.86939187,0.023778011419587,2310.24890601831,9.008120270411702
42087,Mifflin County,46127.0,58012.0,21391.0,509907.0,0.0,51212675.04392747,0.0476801055197639,1,0.14,0.96,6.9,0.392,13.436148669730764,0.0,3.079399695493358,12.0,250.53,0.0,0.0,0.0,0.0,0.055,0.7768965409611329,3.0,230.0,230.0,42.0,11966516.187071787,0.0111410847805577,1074.0889619612783,42.94523231648564
1041,Crenshaw County,13175.0,48557.0,6553.0,232060.0,0.0,181135753.4746651,0.1144732403437625,3,0.51,0.4866666666666666,2.8000000000000003,0.221,9.287565401432042,1.0,1.5246012888418423,10.0,230.43,0.0,0.0,0.0,0.0,0.068,1.6197491050962898,7.0,115.0,115.0,3.0,1340444.7745931991,0.0008471273832253,1582.3414531703252,8.32626862780029
51520,Bristol city,16418.0,45250.0,8671.0,272626.0,0.0,1677490.9640192892,0.0498383273988099,1,0.14,0.55,4.1,0.232,5.93947879918093,1.0,0.0803000946840182,4.0,18.99,0.0,0.0,0.0,0.0,0.18,3.3174235325151864,0.0,0.0,0.0,0.0,0.0,0.0,33.65865291978771,487.779473501982
48399,Runnels County,9693.0,55424.0,5008.0,166100.0,0.0,46528.489656351296,1.699444732391329e-05,4,49.84,178.115,13.125,2.60775,8.989369842736842,0.0,4.97839778096065,12.0,151.03,0.0,0.0,0.0,0.0,0.032,8.732685589577864,11.0,345.0,163.0909090909091,0.0,0.0,0.0,2737.864243315138,3.5403508496327953
48443,Terrell County,702.0,52813.0,659.0,16447.0,0.0,0.0,0.0,0,0.0,0.0,0.0,0.0,88.49399493729985,0.0,31.379088900197516,3.0,1037.65,0.0,0.0,0.0,0.0,0.049,39.0120309252913,0.0,0.0,0.0,13.0,83865222.80967362,0.0137318692137961,6107.342088971854,0.1149436186434709
20153,Rawlins County,2431.0,61827.0,1372.0,36019.0,0.0,1461.0561703017202,5.274206618443489e-07,1,0.23,0.54,2.3,1.646,3.7882853930398657,0.0,0.2348186508301815,6.0,86.95,0.0,0.0,0.0,0.0,0.039,3.098693458416897,10.0,115.0,106.95,3.0,307011.36181744165,0.0001108267696838,2770.1913778878807,0.877556698574921
20193,Thomas County,7725.0,72417.0,3576.0,112454.0,0.0,0.0,0.0,1,0.3,0.65,2.2,0.011,21.77796599412256,0.0,33.10978177785544,0.0,0.0,0.0,0.0,0.0,0.0,0.041,2.4348297325268353,11.0,115.0,115.0,4.0,2042814.1971041495,0.0007338449858778,2783.713504099942,2.775070059696292
13161,Jeff Davis County,15219.0,41780.0,6372.0,202234.0,0.0,88824181.83036786,0.1022522727782295,4,0.7999999999999999,0.37,2.0,0.05025,11.882770025739552,142.0,2.3923067319531626,8.0,423.14,0.0,0.0,0.0,0.0,0.1,4.099390222649894,11.0,500.0,170.9090909090909,20.0,60886260.62290305,0.0700908063701515,868.6768461666835,17.51974864664431
19035,Cherokee County,11369.0,63638.0,5553.0,203549.0,0.0,124423860.10763016,0.0832486938346046,0,0.0,0.0,0.0,0.0,32.90573394963498,0.0,4.221044096760928,7.0,324.64000000000004,0.0,0.0,0.0,0.0,0.034,1.4953048949022627,26.0,161.0,79.61538461538461,26.0,6161373.979023446,0.0041224113729997,1494.6043520494245,7.606695366844512
29053,Cooper County,17136.0,62239.0,7305.0,223199.0,0.0,218227930.1159951,0.1480343226441442,1,0.16,0.5,3.1,0.014,11.858166853201327,0.0,4.039353819387779,9.0,480.09,0.0,0.0,0.0,0.0,0.11,4.9178885288744265,10.0,161.0,142.6,73.0,51739735.360242784,0.0350975089253404,1474.1711575685815,11.624159048304266
17197,Will County,712253.0,103678.0,251029.0,7418145.0,0.0,281005502.0431549,0.127760175984668,26,18.73,2.2746153846153847,2.1884615384615382,8.7335,11.406948053009026,0.0,1.6198902607243155,34.0,541.31,1.0,14459778.829396674,0.0065741911617779,1.0,0.087,5.384000922484173,128.0,345.0,202.6875,458.0,119926333.57256296,0.0545249697905027,2199.4754702909013,323.8285716847744
48117,Deaf Smith County,18626.0,51942.0,6983.0,313737.0,0.0,157121.022145434,4.048804081744458e-05,11,2.2,0.3918181818181818,1.8636363636363635,0.0042727272727272,13.377348420581251,0.0,26.357877777053066,1.0,17.42,0.0,0.0,0.0,0.0,0.077,9.508179683760469,24.0,345.0,106.375,0.0,0.0,0.0,3880.6773302238225,4.799677585903728
46011,Brookings County,37635.0,64438.0,14882.0,515134.0,0.0,390309083.9393163,0.1872187553876079,44,75.1,7.076818181818182,2.815909090909091,0.18275,12.913238886972088,75.0,6.59205385458703,11.0,198.49,0.0,0.0,0.0,0.0,0.044,1.5493648607085224,49.0,345.0,113.12244897959184,221.0,167749414.3968027,0.0804640165260725,2084.775551099251,18.052303030969444
19083,Hardin County,16455.0,64656.0,8031.0,298098.0,0.0,170166716.33524224,0.1152670931776616,4,0.69,0.6725,3.775,9.552,13.351879150193833,0.0,1.0375249565010944,10.0,326.8,0.0,0.0,0.0,0.0,0.035,6.973760268092087,2.0,161.0,161.0,48.0,12388206.248864597,0.0083914913253587,1476.2818393707869,11.146245629502133
39027,Clinton County,42301.0,64210.0,17938.0,558907.0,0.0,57449617.71384607,0.0537948573996952,5,13.62,66.124,9.22,2.0906,0.1687927816436054,0.0,0.9950474768636068,18.0,259.8,0.0,0.0,0.0,0.0,0.099,2.3512516122161453,12.0,138.0,80.5,8.0,2194216.898438171,0.0020546278608155,1067.9388420086866,39.60994612803485
39093,Lorain County,323219.0,67272.0,134591.0,4204072.0,0.0,119820022.56008828,0.0501344731019492,6,25769.32,83167.31833333333,5.3,1632.8383333333334,2.7269834532321644,0.0,0.0520212225837581,14.0,251.26,0.0,0.0,0.0,0.0,0.069,1.3053330677477395,56.0,345.0,166.33928571428572,79.0,8200015.880898243,0.0034310081640177,2389.9727103231394,135.23961951695205
47101,Lewis County,13487.0,44613.0,5681.0,185464.0,0.0,28459545.77861379,0.0388983051605901,3,0.56,0.85,4.7,0.557,9.037270600856068,0.0,5.482317633218326,8.0,238.9,0.0,0.0,0.0,0.0,0.26,4.432745015650574,3.0,161.0,161.0,7.0,19254743.481008396,0.0263172468409554,731.6397341018163,18.433935954226243
51103,Lancaster County,10995.0,62674.0,7452.0,175099.0,0.0,69198973.59419991,0.1154517277056897,2,0.27,0.375,2.65,0.1665,11.8276550904274,0.0,3.1074587578180934,8.0,27.54,0.0,0.0,0.0,0.0,0.067,2.9006122663611076,3.0,115.0,115.0,4.0,1076512.0025979416,0.001796055116723,599.3758167968031,18.34408344794375
29013,Bates County,16512.0,54122.0,7225.0,206559.0,0.0,370547883.5531281,0.1680440345414159,12,2.6,0.525,2.3333333333333335,0.0501666666666666,7.955533863600603,0.0,2.5297460137646284,13.0,251.6,0.0,0.0,0.0,0.0,0.079,8.348888592523334,6.0,161.0,161.0,37.0,35107002.0414964,0.0159210793839925,2205.0641916146633,7.488217378338111
33001,Belknap County,65147.0,80719.0,38478.0,502788.0,0.0,1586.494340737309,1.303267094336266e-06,41,262.51,17.41780487804878,5.55609756097561,5.836170731707317,0.7945701612086066,397.0,3.8439124999598606,43.0,246.01,0.0,0.0,0.0,0.0,0.22,2.580281496444763,6.0,115.0,115.0,150.0,25399042.365035724,0.020864704835231,1217.320952566182,53.516699817469174
51159,Richmond County,9294.0,62708.0,3944.0,142793.0,0.0,58254693.329712614,0.1039549421636758,2,0.35,0.7,4.0,0.368,3.158315352410206,0.0,1.515373034624016,7.0,53.02,0.0,0.0,0.0,0.0,0.083,3.947058976211593,3.0,230.0,230.0,25.0,33480349.63491058,0.0597453631798891,560.3840675317897,16.58505396296401
29159,Pettis County,44254.0,57581.0,18562.0,550640.0,0.0,161267128.70681342,0.0907292511047647,3,0.71,0.8766666666666666,3.266666666666667,0.139,8.952867072316742,0.0,0.5338523091949006,13.0,232.77,0.0,0.0,0.0,0.0,0.097,0.2932418387031993,19.0,161.0,161.0,42.0,16681977.585991437,0.0093853183741149,1777.454628710409,24.89740063413459
20019,Chautauqua County,3321.0,51210.0,1983.0,48300.0,0.0,110200.10750754822,6.599053629052686e-05,15,3.84,1.8306666666666669,3.913333333333333,0.2483333333333333,2.6655028048194485,0.0,1.0936864514247926,20.0,181.97,0.0,0.0,0.0,0.0,0.062,3.588237358794538,7.0,69.0,69.0,3.0,24912.84022578224,1.4918421807410449e-05,1669.9380502438464,1.9886965265059164
48459,Upshur County,44410.0,60456.0,17383.0,685114.0,0.0,259264545.0274599,0.1689252110212859,5,71.91,495.524,10.34,5.993399999999999,15.081103793514956,29.0,3.982659018980261,18.0,406.92,0.0,0.0,0.0,0.0,0.067,8.89142847130701,16.0,345.0,122.1875,3.0,7192015.494363328,0.004685996504027,1534.7889159077945,28.93557513981162
51047,Culpeper County,57666.0,92359.0,19285.0,834448.0,1.0,99380232.29884069,0.100278262542634,5,1.48,1.114,3.2,0.3258,4.21876380001815,0.0,2.033664241381277,13.0,348.35,0.0,0.0,0.0,0.0,0.1,3.2221652090237187,8.0,115.0,115.0,141.0,7086106.9602564685,0.007149870881784,991.0818079680272,58.18490414855878
40061,Haskell County,11787.0,46239.0,5677.0,217137.0,0.0,316074024.1215418,0.1951123388519583,4,491.42,1343.13,6.775,304.083,1.723508870836418,47.0,2.921605341887125,25.0,217.57,0.0,0.0,0.0,0.0,0.11,2.9661133188498,11.0,161.0,127.54545454545456,20.0,3794312.515370402,0.0023422272401748,1619.9591782935022,7.276109273578526
54069,Ohio County,40496.0,55521.0,21189.0,797786.0,0.0,18407853.480935216,0.0650692077519391,0,0.0,0.0,0.0,0.0,11.323680995602054,0.0,2.6312688574912335,7.0,245.62,0.0,0.0,0.0,0.0,0.055,3.9339147261288825,19.0,138.0,108.94736842105264,3.0,475058.1988404147,0.0016823765217224,282.3732931995687,143.4129961128415
54065,Morgan County,18027.0,61021.0,9164.0,322250.0,1.0,34135619.074486576,0.0573941733294174,0,0.0,0.0,0.0,0.0,9.59674267612237,0.0,1.4999725485989668,16.0,261.19,0.0,0.0,0.0,0.0,0.064,16.532884902551736,1.0,138.0,138.0,22.0,57274857.13522355,0.0963092855724291,594.6971446709614,30.312908278673707
51165,Rockingham County,89316.0,73232.0,35692.0,1369819.0,0.0,108759306.99639316,0.0491767323284501,3,0.71,1.7333333333333334,6.566666666666666,0.3606666666666667,14.81240877479566,0.0,0.1970927028490071,19.0,478.16,0.0,0.0,0.0,0.0,0.08,12.122473266593063,14.0,230.0,156.07142857142858,27.0,168246450.58902547,0.0760745070406042,2211.6009309035107,40.38522445525989
18183,Whitley County,35046.0,73636.0,14868.0,504488.0,0.0,45312714.045922935,0.0517663929219733,12,4.95,1.4991666666666663,3.4250000000000003,0.0984999999999999,11.319421521781104,0.0,1.094699585224497,12.0,112.94,0.0,0.0,0.0,0.0,0.077,6.74780957996348,5.0,345.0,220.8,21.0,3225831.7655605897,0.0036852719637793,875.3307211151855,40.03743859846576
4001,Apache County,64445.0,37483.0,29032.0,811888.0,0.0,470332509.7367801,0.0161861959951644,38,23.86,3.908947368421052,4.765789473684211,0.0505526315789473,38.81366272099571,31.0,9.51141530439806,88.0,688.83,0.0,0.0,0.0,0.0,0.068,47.5474416036092,11.0,500.0,222.63636363636363,71.0,601706876.1779147,0.0207073555287264,29057.639704074845,2.21783326713087
29121,Macon County,15190.0,54113.0,7442.0,195295.0,0.0,399675285.3134297,0.1899569372904549,9,26.54,50.01888888888889,6.288888888888889,0.6347777777777778,3.458391744971344,13.0,0.0375634644967663,20.0,366.2,1.0,12451559.671510955,0.0059179544660478,0.0,0.08,5.002877093532663,25.0,161.0,72.68,61.0,56772140.91421434,0.0269825591117777,2104.031003102053,7.219475367808176
48279,Lamb County,12579.0,54519.0,5899.0,220867.0,0.0,13368.429972432124,5.071730641953284e-06,3,6.2700000000000005,8.033333333333333,3.6666666666666665,0.0273333333333333,19.969429852632047,0.0,24.623206002219483,2.0,1.56,0.0,0.0,0.0,0.0,0.044,5.468401047440211,28.0,230.0,107.60714285714286,0.0,0.0,0.0,2635.8714479632977,4.7722357665506125
20097,Kiowa County,2432.0,70347.0,1158.0,34966.0,0.0,2626.091417788147,1.402658298568838e-06,0,0.0,0.0,0.0,0.0,34.300889595402644,0.0,9.25506488730203,10.0,235.66,0.0,0.0,0.0,0.0,0.054,3.97265948392574,6.0,115.0,101.58333333333331,1.0,27799.541453445585,1.4848400643748625e-05,1872.2246335095824,1.2989894249180398
29061,Daviess County,8558.0,59706.0,4125.0,108116.0,0.0,226432531.11210096,0.1536364566567525,1,1.77,30.9,17.4,0.287,6.477385432563398,1.0,0.6007213972471426,11.0,333.23,0.0,0.0,0.0,0.0,0.059,1.2941257987550705,8.0,69.0,69.0,22.0,7635519.189783413,0.0051807666826468,1473.8203160854332,5.806677996358897
26101,Manistee County,25656.0,59467.0,15562.0,245427.0,0.0,83645768.48993775,0.025216895433282,14,57752.59,347158.24000000005,10.828571428571427,141.7545714285714,0.0,0.0,10.133927136682589,18.0,203.47,0.0,0.0,0.0,0.0,0.03,8.69253811698775,27.0,345.0,96.25925925925924,56.0,81208627.26984693,0.0244821644790129,3317.0525971860693,7.734577384080242
19119,Lyon County,12354.0,73735.0,4853.0,209635.0,0.0,161389216.54376504,0.1060138023013771,0,0.0,0.0,0.0,0.0,28.80335607649918,1.0,4.378494747068384,13.0,426.39,0.0,0.0,0.0,0.0,0.038,2.129704325036095,20.0,230.0,101.2,46.0,10541866.276770104,0.006924770742524,1522.3415573939467,8.115130234734222
48233,Hutchinson County,19633.0,62211.0,10190.0,349453.0,0.0,0.0,0.0,2,35.2,1501.515,43.85,5.2585,22.736372820108905,0.0,1.9353644372115493,25.0,178.52,0.0,0.0,0.0,0.0,0.1,2.716933491800207,28.0,230.0,107.60714285714286,1.0,387466.94928737305,0.0001671617855448,2317.9158324038663,8.470109106437652
40139,Texas County,20322.0,55682.0,8448.0,397674.0,0.0,129592213.80694768,0.0244232848927406,1,2.95,762.9,258.9,1.12,29.043572118703494,0.0,2.5988248200649156,14.0,126.74,0.0,0.0,0.0,0.0,0.063,1.9407560630289231,36.0,345.0,98.38888888888889,2.0,38147651.45312103,0.0071894053831343,5306.092704497092,3.82993685405768
40153,Woodward County,19827.0,61207.0,9372.0,381784.0,0.0,297558910.96576184,0.092166445454847,2,16.25,82.56,11.55,4.744,28.577265753666005,9.0,0.1371508930473215,23.0,583.1400000000001,0.0,0.0,0.0,0.0,0.083,3.376124988034994,40.0,345.0,113.85,3.0,65128493.83051945,0.020173019704584,3228.4950287199467,6.141251519244596
19003,Adams County,3617.0,64750.0,1893.0,64839.0,0.0,81306619.22641046,0.0737773366886597,2,2.27,16.044999999999998,9.6,1.8385,2.16425568296658,0.0,2.097995603459177,11.0,176.91,0.0,0.0,0.0,0.0,0.043,3.385473333107248,2.0,345.0,253.0,5.0,5274481.175097002,0.0047860454316704,1102.054138515792,3.282052916993034
55109,St. Croix County,98276.0,97950.0,37640.0,1131264.0,0.0,113304583.2154536,0.0595049542978987,19,11.79,3.238947368421053,4.078947368421052,0.8025789473684211,5.421912591857542,11.0,7.437293790945688,21.0,316.66,0.0,0.0,0.0,0.0,0.024,6.739015894758863,51.0,161.0,83.43137254901961,127.0,41681971.39139543,0.0218904102898857,1904.1201530450312,51.61228919448123
42121,Venango County,49346.0,59278.0,26276.0,561322.0,0.0,81031495.46988137,0.0458196627823469,2,1.5,4.92,6.75,0.2965,7.3037189157942,0.0,0.7584738424404951,14.0,460.91,0.0,0.0,0.0,0.0,0.053,3.049930551709624,13.0,345.0,150.3846153846154,101.0,131210970.28003427,0.0741938967893089,1768.487381821163,27.90294152349801
39153,Summit County,538376.0,68360.0,246641.0,7123346.0,1.0,66727734.08950472,0.0613400377105589,23,12.22,2.269565217391305,3.404347826086956,0.8587826086956521,6.784020464667802,0.0,0.2033972465589696,25.0,325.6,0.0,0.0,0.0,0.0,0.067,0.462654726979668,46.0,345.0,147.0,142.0,77535163.41476324,0.0712549608471757,1088.137057306886,494.7685554726609
48479,Webb County,281224.0,59984.0,85296.0,4498656.0,0.0,1309214450.2648144,0.1497487163870226,19,7.87,4.35,3.126315789473684,9.346631578947369,20.172822641241353,8.0,22.119936822502066,12.0,281.05,0.0,0.0,0.0,0.0,0.025,18.88557249000978,19.0,345.0,159.78947368421052,1.0,420723.620055176,4.812261431335621e-05,8742.7423895881,32.166565989055684
37123,Montgomery County,26403.0,55523.0,14926.0,336231.0,0.0,80357071.04435824,0.0618625042721238,5,51.05,99.296,8.86,138.3448,7.281976809758075,4.0,3.12541101042431,22.0,402.13,0.0,0.0,0.0,0.0,0.11,1.9923032690037457,22.0,115.0,115.0,120.0,16342928.244824694,0.012581524627825,1298.96246506413,20.32622243530068
23003,Aroostook County,66609.0,50843.0,38440.0,544551.0,0.0,63189323.47472547,0.0035734012836903,182,367.27,16.103571428571428,4.80054945054945,3.192142857142857,8.939665640223394,496.0,0.6161149314437234,360.0,2451.08,1.0,58015.69674555948,3.2808290044075725e-06,0.0,0.17,15.833977740660837,52.0,69.0,69.0,580.0,327192606.8878667,0.0185029751415956,17683.24306680394,3.766786428731643
28065,Jefferson Davis County,10941.0,36473.0,5659.0,192432.0,0.0,117896192.41836464,0.1112582173343246,4,1.18,1.04,3.4,0.15225,1.2592730671498669,7.0,4.2576722176606,7.0,153.15,0.0,0.0,0.0,0.0,0.079,5.979246207024481,10.0,161.0,96.6,0.0,0.0,0.0,1059.6627848538435,10.324982774127584
18175,Washington County,28383.0,60695.0,12149.0,415246.0,0.0,111235850.04520728,0.0831373902979782,7,1.87,1.6385714285714286,5.185714285714285,0.1171428571428571,3.188443894140533,0.0,0.3797931419969572,18.0,433.6,0.0,0.0,0.0,0.0,0.16,1.771918559697832,12.0,230.0,88.16666666666667,53.0,60409008.12396747,0.0451495384255609,1337.9762059708576,21.21338172781991
31107,Knox County,8335.0,61250.0,4532.0,154700.0,0.0,268888836.93135816,0.091091131779743,2,85.38000000000001,333.43,4.65,475.196,15.27699783405042,0.0,1.1281900730059753,64.0,431.95,0.0,0.0,0.0,0.0,0.069,9.820921423371326,17.0,230.0,83.88235294117646,78.0,53664057.72899379,0.0181797050789259,2951.8662429349024,2.82363742596714
35061,Valencia County,82013.0,56246.0,30129.0,1149057.0,6.0,265120067.44691333,0.0958629755431016,0,0.0,0.0,0.0,0.0,40.15241945176746,1.0,5.3340905271191215,3.0,107.04,0.0,0.0,0.0,0.0,0.19,7.431110663626363,6.0,115.0,115.0,4.0,29184224.153708544,0.0105525269975597,2765.61473478889,29.654528148245625
30079,Prairie County,1112.0,44107.0,650.0,16933.0,0.0,0.0,0.0,5,0.68,0.368,2.72,0.159,10.845949980059252,0.0,6.2408545729424665,20.0,670.13,0.0,0.0,0.0,0.0,0.037,57.13040459233427,0.0,0.0,0.0,5.0,170278062.00218415,0.0377316312133632,4512.873059722865,0.2464062217757766
49031,Piute County,1509.0,33359.0,893.0,18656.0,0.0,3521.2194665280012,1.774771950960829e-06,3,15.65,86.38,12.033333333333331,1.9236666666666669,5.645535499682905,2.0,1.943371472620024,23.0,186.8,0.0,0.0,0.0,0.0,0.28,41.2370446383316,0.0,0.0,0.0,11.0,33496009.550161276,0.0168827245174124,1984.040521161988,0.760569143575872
21161,Mason County,16936.0,48460.0,8181.0,283573.0,0.0,40719332.92647833,0.063803308234174,1,0.24,0.54,2.3,2768.943,11.525107936282344,0.0,2.2364668442960105,10.0,199.11,0.0,0.0,0.0,0.0,0.13,1.0252878730897197,16.0,138.0,112.125,4.0,6734203.791602972,0.0105518545945528,638.2009656462986,26.537095541447687
27009,Benton County,41744.0,70346.0,17318.0,471419.0,0.0,61196183.69801267,0.0572040967943961,5,6.2299999999999995,4.26,2.96,1.0186,7.256613804336968,0.0,1.0449430986449486,17.0,342.33000000000004,0.0,0.0,0.0,0.0,0.025,0.6022987019378362,22.0,230.0,97.22727272727272,60.0,13093538.268507509,0.0122393908111936,1069.786762306229,39.02086048439125
48129,Donley County,3213.0,51711.0,1954.0,54868.0,0.0,1062.5366713156775,4.3968644798844803e-07,1,3.74,124.0,33.1,0.104,8.212485257951352,0.0,4.231241240650009,14.0,122.79,0.0,0.0,0.0,0.0,0.091,16.39595794940871,3.0,69.0,59.333333333333336,1.0,2128816.9882946694,0.0008809220474637,2416.5781687762956,1.3295659298399587
1077,Lauderdale County,97135.0,56081.0,44705.0,1672892.0,0.0,279704768.7229982,0.1500759162471324,4,368.55,934.3275,9.4,1407.339,5.807539529454418,8.0,4.2129650925864155,43.0,247.59,0.0,0.0,0.0,0.0,0.23,3.681942264725352,45.0,161.0,161.0,20.0,70214960.96383603,0.0376739182853907,1863.755196152884,52.11789627763538
18045,Fountain County,17013.0,60559.0,7795.0,243324.0,0.0,66638806.70939932,0.0646673754786449,2,0.34,0.355,2.0,0.418,14.132891391855422,0.0,0.8366971312450575,8.0,302.14,0.0,0.0,0.0,0.0,0.12,0.1425730270176376,12.0,345.0,118.83333333333331,44.0,11296549.984706936,0.0109621671138106,1030.503354621829,16.50940768285357
17173,Shelby County,20576.0,65585.0,10053.0,225284.0,0.0,39957.33251209577,2.0086374152346543e-05,5,46.59,259.42,9.0,10.3328,2.816814549113766,0.0,0.2565394882493551,27.0,398.98,0.0,0.0,0.0,0.0,0.19,14.14068946269265,6.0,345.0,207.0,18.0,3859178.4826912847,0.0019399919380673,1989.2755258229363,10.34346410685769
17051,Fayette County,20790.0,51962.0,8839.0,229053.0,0.0,723.183597812648,3.849795175385548e-07,10,98.04,54.057,2.95,10.5143,8.213327125573242,0.0,0.6154786262931148,39.0,360.7,0.0,0.0,0.0,0.0,0.27,1.325656839541456,6.0,345.0,207.0,72.0,34707074.84506669,0.018475966202495,1878.498502577896,11.067349785730212
39127,Perry County,35918.0,62899.0,15003.0,471082.0,0.0,44704640.311204135,0.0418451716984041,8,12.87,4.11375,4.0375,0.24225,1.0674665152939122,0.0,1.4615346634380122,14.0,222.45,0.0,0.0,0.0,0.0,0.077,1.1749237049157475,22.0,345.0,109.77272727272728,14.0,28223930.05730427,0.026418626590664,1068.3344934849215,33.62055631362702
51590,Danville city,41647.0,41484.0,22291.0,682624.0,0.0,11550111.582391685,0.1020454515036099,0,0.0,0.0,0.0,0.0,13.660837342212083,1.0,0.8601238968232965,6.0,80.3,0.0,0.0,0.0,0.0,0.085,1.8870505109465872,14.0,138.0,88.71428571428571,0.0,0.0,0.0,113.18589717480208,367.952201109306
13011,Banks County,21273.0,69096.0,7308.0,247580.0,0.0,37353775.40639235,0.0615166493746343,4,1.83,2.1975,5.05,1.0665,8.879397158331937,8.0,0.9355745785566704,7.0,146.07,0.0,0.0,0.0,0.0,0.14,5.722085271355705,6.0,230.0,153.33333333333334,5.0,15294306.297516225,0.025191989334427,607.109906823245,35.0397840010762
40109,Oklahoma County,822125.0,62505.0,353429.0,14880479.0,1.0,256509562.43244427,0.1378522875440078,14,34.49,28.181428571428572,4.942857142857143,9.734142857142857,2.782218917580835,21.0,2.5659450378195294,23.0,510.48,4.0,26261199.493147623,0.0141131831088494,0.0,0.17,3.6693750937531058,159.0,345.0,128.45283018867926,110.0,24209119.76134025,0.0130103658170806,1860.7562694015437,441.8230444895461
40069,Johnston County,10448.0,48476.0,4721.0,193682.0,0.0,213005162.09074596,0.1249196260829635,11,26.860000000000003,13.92090909090909,3.936363636363636,20.239545454545453,13.61224636864026,0.0,0.4789938173003434,26.0,634.62,0.0,0.0,0.0,0.0,0.15,10.104920547203438,9.0,138.0,138.0,12.0,65258454.36350116,0.0382716627044358,1705.1376854849184,6.127364428655349
37099,Jackson County,45039.0,51482.0,26967.0,558195.0,0.0,30930311.07268086,0.0241306362099303,5,7.35,26.722,14.38,3.136,5.14336072355938,6.0,0.4246119496442259,21.0,192.22,0.0,0.0,0.0,0.0,0.23,2.3389569260053036,28.0,161.0,161.0,75.0,42973690.36667732,0.0335282596503508,1281.715508494265,35.13962318589011
29167,Polk County,33604.0,54487.0,13410.0,404663.0,0.0,134124743.33053124,0.08061136248129,2,127.02,1433.3000000000002,23.799999999999997,28.4995,14.401880314276458,0.0,4.751752380422685,12.0,246.51,0.0,0.0,0.0,0.0,0.12,3.2960592184253055,10.0,161.0,151.8,13.0,24937953.79485256,0.014988154929359,1663.8441430841915,20.196603233347208
19191,Winneshiek County,19733.0,67770.0,8958.0,352520.0,0.0,112036633.40106986,0.0626802018146069,2,0.37,0.62,3.55,0.0315,13.7195058177401,2.0,1.6382160365587262,11.0,281.04,0.0,0.0,0.0,0.0,0.032,20.520048290996197,2.0,69.0,69.0,73.0,36586820.46010822,0.0204689236063073,1787.432556973053,11.03985709727536
45039,Fairfield County,20340.0,44521.0,10943.0,341371.0,0.0,153742632.3403549,0.0836207326258364,8,86.19,109.2175,5.8375,70.57012499999999,6.601189379317746,8.0,0.6312819230907271,30.0,359.65,0.0,0.0,0.0,1.0,0.21,4.123527797597122,37.0,230.0,123.51351351351352,2.0,1009228.4058584766,0.0005489159616375,1838.5845491679856,11.06285811506708
31033,Cheyenne County,9528.0,54038.0,4892.0,175629.0,0.0,58601.10925331382,1.891616430362339e-05,0,0.0,0.0,0.0,0.0,41.810317921855194,4.0,8.839253869592385,4.0,90.8,0.0,0.0,0.0,0.0,0.047,6.008684683969728,5.0,230.0,184.0,0.0,0.0,0.0,3097.9382665908,3.0755938886042795
27091,Martin County,19440.0,61674.0,9737.0,230277.0,0.0,44582.551818168926,2.359367557441417e-05,54,54.2,3.2533333333333334,2.9870370370370374,0.3636851851851851,4.422996345362439,216.0,2.408482474343954,22.0,223.81,0.0,0.0,0.0,0.0,0.029,2.305787910649238,46.0,345.0,99.0,227.0,37546916.567003645,0.0198703245544429,1889.5975485517924,10.287904964154416
48263,Kent County,674.0,68553.0,475.0,10617.0,0.0,0.0,0.0,1,4.89,437.3,89.4,0.368,27.733938835660748,0.0,2.632027681371612,6.0,334.43,0.0,0.0,0.0,0.0,0.039,4.326151931991993,7.0,345.0,141.28571428571428,1.0,4223530.607553792,0.0018060486889516,2338.5474784765456,0.2882130921879249
31069,Garden County,1804.0,47139.0,1139.0,31659.0,0.0,389336286.2028678,0.0868486417975341,101,45.8,1.2217821782178218,2.563366336633663,0.0594950495049505,8.978209210639584,201.0,1.619443336892023,13.0,114.41,0.0,0.0,0.0,0.0,0.05,19.04080640907697,5.0,115.0,115.0,16.0,199777963.7462828,0.0445641606421143,4482.928902232849,0.4024154831234255
17117,Macoupin County,43748.0,64706.0,21091.0,480719.0,0.0,48711.04941610085,2.1674968384042052e-05,19,8.18,2.4105263157894736,2.9263157894736844,0.1243157894736842,5.392184426824832,0.0,0.6370370437801774,18.0,366.34,0.0,0.0,0.0,0.0,0.2,12.126743049480826,4.0,138.0,138.0,69.0,14396794.73520716,0.0064061455143689,2247.3411980597766,19.466558988803957
39141,Ross County,76429.0,58048.0,32051.0,1018305.0,0.0,171532217.25713342,0.0955650847573368,6,6.77,31.03333333333333,9.0,71.86466666666666,6.0544652438394175,0.0,0.9420935091435436,25.0,518.46,1.0,1844463.665112951,0.001027598950838,0.0,0.094,1.3619338877379057,28.0,345.0,98.57142857142856,24.0,71121803.41174689,0.0396238168620378,1794.925603946196,42.580594890377974
48301,Loving County,52.0,,55.0,1394.0,0.0,558.1329579955191,3.185305102322331e-07,1,16.11,640.1,39.7,12.72,31.67421200336403,0.0,15.443345453381363,3.0,409.66,0.0,0.0,0.0,0.0,0.064,35.30716171940742,0.0,0.0,0.0,0.0,0.0,0.0,1752.211923399732,0.0296767755689659
40077,Latimer County,9645.0,42735.0,4700.0,177162.0,0.0,53478.737330111755,2.8318297913426556e-05,7,55.15,57.35428571428571,4.928571428571429,1.3982857142857144,7.165547803994383,6.0,1.9656355855478749,22.0,191.54,0.0,0.0,0.0,0.0,0.11,3.610795104984382,13.0,161.0,122.07692307692308,10.0,85756265.69989061,0.0454100377932194,1888.4869924661512,5.107263136297655
39167,Washington County,58389.0,59053.0,27997.0,796794.0,0.0,96833166.45978568,0.0584050692640023,5,25.17,45.132,6.159999999999999,508.745,8.088092709979327,0.0,1.6590423292056695,23.0,665.82,0.0,0.0,0.0,0.0,0.077,5.448663766063885,17.0,345.0,162.35294117647058,15.0,4967755.831526995,0.0029969746611305,1657.5902011974038,35.225232363114344
29091,Howell County,40798.0,46401.0,18081.0,510021.0,0.0,119433090.45023656,0.0496748573709592,3,0.56,0.5833333333333334,3.1666666666666665,0.1083333333333333,12.348517996694708,0.0,1.974924663485749,16.0,238.2,0.0,0.0,0.0,0.0,0.29,0.9577220020335268,29.0,161.0,75.34482758620689,14.0,34115541.667411365,0.0141894064627118,2404.296596694392,16.96878831675433
20047,Edwards County,2640.0,52750.0,1549.0,41427.0,0.0,214966542.76755983,0.1334445189881788,0,0.0,0.0,0.0,0.0,34.20161195289622,0.0,6.7698748340359405,5.0,442.68,0.0,0.0,0.0,0.0,0.052,11.100783062316792,3.0,115.0,99.66666666666669,2.0,247704.25720600868,0.0001537670701152,1610.9057486774907,1.6388295852611907
21111,Jefferson County,795222.0,66296.0,356155.0,12823187.0,2.0,137648557.36869606,0.1336677433624246,1,0.35,0.86,2.5,0.052,13.176739956359318,0.0,5.11308259991115,19.0,321.11,1.0,329626.16953599534,0.0003200933382618,0.0,0.14,0.7099585971667426,140.0,345.0,103.82857142857142,114.0,50198877.17721573,0.0487471191843519,1029.7814110280738,772.2240773467611
17107,Logan County,27182.0,62547.0,11985.0,300641.0,0.0,242537774.9861927,0.1513014139296429,7,1.74,0.5442857142857143,1.8857142857142857,4.592428571428571,0.4521534396848303,0.0,1.1349284208464112,8.0,273.04,0.0,0.0,0.0,0.0,0.12,1.912657633460632,17.0,345.0,162.35294117647058,107.0,11723031.20065822,0.0073131337842192,1603.0106308125837,16.95684325326099
47003,Bedford County,55273.0,59955.0,19813.0,739094.0,0.0,65222582.58978413,0.0530394006787851,3,10.95,52.22333333333333,7.3,3.0826666666666664,18.57508535797579,1.0,3.569794690681988,16.0,402.78,0.0,0.0,0.0,0.0,0.18,1.6646654692903886,10.0,500.0,194.9,4.0,570660.8620175675,0.0004640648822911,1229.7005953137038,44.948339628883026
47027,Clay County,7821.0,39572.0,3981.0,112422.0,0.0,76429452.0393623,0.1137855200717345,2,126.34,1579.8450000000005,26.1,193.341,8.168869769334334,1.0,2.347333410915033,29.0,139.22,0.0,0.0,0.0,0.0,0.14,6.140953078333828,4.0,69.0,69.0,3.0,1050399.714446148,0.0015637987006619,671.6975234738,11.64363381831802
17029,Coles County,46607.0,53732.0,22786.0,506164.0,0.0,62943729.31787823,0.0476460894891198,5,6.42,8.484,4.4,4.4298,8.150201007080712,0.0,5.383896289066227,16.0,264.55,0.0,0.0,0.0,0.0,0.17,4.913544802170227,21.0,138.0,95.28571428571428,33.0,10808861.573514804,0.0081819108909303,1321.068112034376,35.27978578502485
41001,Baker County,16658.0,51657.0,8671.0,232393.0,0.0,868020.6120382972,0.0001085320157943,10,60.54,197.279,11.55,162.8802,13.559444733033525,19.0,3.619552295630179,87.0,836.55,0.0,0.0,0.0,0.0,0.17,40.48088781197115,3.0,115.0,115.0,34.0,329170166.0568529,0.0411574347046396,7997.830001288926,2.0828149632232003
36097,Schuyler County,16924.0,61316.0,9671.0,130271.0,0.0,84603.79656242875,9.541941270048176e-05,6,181.96,1508.0383333333332,17.55,4.959666666666666,0.0,0.0,0.421725220225869,21.0,173.4,0.0,0.0,0.0,0.0,0.071,5.216688205429835,2.0,115.0,115.0,10.0,2149951.004253641,0.0024247973553919,886.6518265837282,19.08753751199974
26159,Van Buren County,76071.0,65531.0,37076.0,744893.0,0.0,42912597.48969926,0.0152019397610033,59,57752.53999999999,82374.43000000001,4.610169491525424,31.925271186440675,2.2858772468844797,0.0,5.252067288346183,21.0,177.82999999999998,0.0,0.0,0.0,1.0,0.066,3.731203751569237,15.0,345.0,207.0,57.0,16560108.627826562,0.0058664771773911,2822.8369645155803,26.94842137758896
17131,Mercer County,15229.0,67028.0,7311.0,167994.0,0.0,196735064.3863138,0.1335593228310819,5,3.8,2.192,2.6599999999999997,0.3542,19.51740864795896,0.0,2.592814100059455,21.0,268.42,0.0,0.0,0.0,0.0,0.068,20.74903433126131,2.0,345.0,253.0,31.0,26553130.856059067,0.0180263654545559,1473.0163394833437,10.338649743248284
28099,Neshoba County,28732.0,47400.0,12081.0,493313.0,0.0,245773988.1407192,0.1660105499525268,4,1.46,1.1825,2.975,1.8895,1.2541882607168633,0.0,1.6107664769798278,23.0,260.77,0.0,0.0,0.0,0.0,0.12,0.3994327521685643,14.0,161.0,161.0,6.0,34284376.35637564,0.0231577320962933,1480.4721038232974,19.407322789669617
1035,Conecuh County,10899.0,39888.0,6451.0,205504.0,0.0,204989654.3424495,0.0928126175513589,3,0.42,0.4533333333333333,3.1,0.2246666666666666,8.466651173729785,4.0,0.6438387941061016,13.0,462.23,1.0,1547288.0190365326,0.000700561458154,0.0,0.069,5.385359852929562,12.0,230.0,134.16666666666666,5.0,476175.04892091313,0.0002155965033687,2208.639943044555,4.9347110806010335
18029,Dearborn County,51609.0,80352.0,20884.0,748168.0,0.0,54158115.909051515,0.0680215713451553,5,1.96,1.104,2.84,70.226,10.862210409950608,0.0,1.9996516299863367,22.0,300.33,0.0,0.0,0.0,0.0,0.11,2.5510957221283665,14.0,345.0,187.28571428571428,3.0,296891.87877757853,0.0003728905958984,796.1903090159768,64.81992987805178
28081,Lee County,83731.0,64479.0,37310.0,1403793.0,0.0,231676020.06520304,0.1973863150696899,17,5.9,1.086470588235294,2.911764705882353,2.6137058823529413,1.9370807627606288,0.0,0.4731995905466158,19.0,194.1,0.0,0.0,0.0,0.0,0.23,1.855858502049322,26.0,161.0,146.84615384615384,2.0,397642.0142419073,0.0003387881572119,1173.718755443642,71.33821421159055
48125,Dickens County,1692.0,46638.0,1082.0,26359.0,0.0,0.0,0.0,4,1.82,0.8049999999999999,2.15,0.033,11.793724203431964,0.0,12.136693678956766,5.0,161.37,0.0,0.0,0.0,0.0,0.044,11.890047945158004,6.0,230.0,172.5,1.0,669979.6196136625,0.0002857649832656,2344.5126549699617,0.721685164041769
51115,Mathews County,8529.0,79054.0,5478.0,137115.0,0.0,98897937.10168748,0.1515491655576686,2,1.35,1.31,2.0,0.1685,0.4295180926650166,0.0,10.95368434182286,2.0,88.33,0.0,0.0,0.0,0.0,0.059,22.697324227553164,0.0,0.0,0.0,27.0,1172766.96992726,0.0017971239936312,652.5798854633357,13.069664251058486
48283,La Salle County,6517.0,62798.0,2333.0,116860.0,0.0,7546.4199596732515,1.9499542321695556e-06,2,0.56,0.605,1.9,0.0075,26.49131659889668,0.0,3.6863692951968714,7.0,250.06,0.0,0.0,0.0,0.0,0.028,18.122048806035057,6.0,345.0,172.5,1.0,25046324.905124582,0.0064718353250272,3870.0497845283166,1.6839576653648385
36067,Onondaga County,466584.0,71479.0,211312.0,3403983.0,1.0,217733495.38591307,0.1043514242756684,23,277.42,115.5604347826087,4.6,11.242304347826089,6.45680095242829,73.0,3.269798911270793,44.0,373.95,2.0,2475985.7753273966,0.0011866462791302,0.0,0.078,1.8123477597133464,143.0,345.0,123.04195804195804,101.0,18732918.692226116,0.0089779789871529,2086.5407146788884,223.61605345995164
19087,Henry County,19349.0,62365.0,8412.0,359324.0,0.0,99594425.39733644,0.0880918304353797,1,0.6,3.06,5.1,0.344,16.98326335610588,0.0,0.9791096355286526,7.0,274.83,0.0,0.0,0.0,0.0,0.064,9.702293909647784,2.0,161.0,161.0,11.0,2246659.311190761,0.0019871828197,1130.5750477099518,17.114299523231626
31083,Harlan County,3000.0,64583.0,1923.0,58989.0,0.0,186929188.8004494,0.1257249112707771,1,50.01,1018.5,20.4,22.093,8.881016571386573,0.0,0.8702978814420115,25.0,272.40000000000003,0.0,0.0,0.0,0.0,0.046,5.327401129182394,12.0,115.0,72.83333333333333,7.0,1684245.3135113476,0.0011327904062917,1486.81106774629,2.0177412349690154
30075,Powder River County,1781.0,60313.0,1015.0,24274.0,0.0,6501.0854198770885,7.609077054479518e-07,1,0.17,0.36,2.1,0.26,43.70494993129401,1.0,8.930959957016109,27.0,444.7999999999999,0.0,0.0,0.0,0.0,0.065,113.63178051180564,0.0,0.0,0.0,0.0,0.0,0.0,8543.855415486762,0.2084539020606229
55091,Pepin County,7513.0,70833.0,3581.0,86338.0,0.0,100215703.48640612,0.155581581172235,3,0.94,1.35,4.033333333333333,0.0956666666666666,2.1846251697047556,24.0,1.259701967445708,21.0,198.23,0.0,0.0,0.0,0.0,0.025,4.048257795848541,7.0,69.0,69.0,84.0,31211576.89120219,0.048454945828632,644.1360393134411,11.663685217811764
1021,Chilton County,47708.0,62471.0,19546.0,782671.0,0.0,139212876.70668897,0.0766999982169959,4,52.36,134.9775,6.825,223.66975,12.359838925371625,0.0,3.4956269920429284,36.0,409.1,0.0,0.0,0.0,0.0,0.14,4.990254307487249,40.0,115.0,115.0,1.0,395189.26158900495,0.0002177314080156,1815.0310292424597,26.2849500814936
48219,Hockley County,21600.0,53283.0,9184.0,364052.0,0.0,259.8106927644506,1.1040880072814865e-07,1,3.06,13.4,4.4,0.065,24.665869205799485,0.0,18.64118376194528,2.0,0.71,0.0,0.0,0.0,0.0,0.037,0.9269236012889656,50.0,230.0,97.06,0.0,0.0,0.0,2353.17013331333,9.179106811791202
13009,Baldwin County,44029.0,54699.0,20092.0,601452.0,0.0,76431697.36229594,0.1100003714222251,6,50.25,114.94833333333332,6.383333333333333,19.571166666666667,3.926412734844192,42.0,3.4311031072369347,9.0,213.19,0.0,0.0,0.0,0.0,0.15,1.5795843199893296,18.0,230.0,140.55555555555554,9.0,8308219.578787761,0.0119571757151925,694.8312692462544,63.36646312386343
37171,Surry County,72287.0,52743.0,33549.0,927269.0,0.0,54368947.27878745,0.0391161909957768,2,0.35,0.8600000000000001,4.95,0.4195,16.307378405670978,2.0,0.2750382080636842,17.0,330.04,0.0,0.0,0.0,0.0,0.12,3.206478877598168,20.0,100.0,100.0,81.0,45487519.27596761,0.03272637380303,1389.934599835076,52.007482948174165
1031,Coffee County,56953.0,62199.0,24155.0,925501.0,0.0,192368372.12185267,0.109146836690793,4,0.97,1.0175,4.1,0.12775,11.949119243083777,14.0,3.4631485957465515,11.0,282.07,6.0,64104674.040425435,0.0363719997805814,0.0,0.059,14.579128730677102,18.0,115.0,115.0,1.0,12115.463591626689,6.874126507817488e-06,1762.4731779155609,32.3142506301044
39149,Shelby County,48065.0,73502.0,20102.0,642133.0,0.0,81352528.08155784,0.076478890111723,1,2.46,4.15,1.7,2.945,10.258812315025986,0.0,3.502991050145007,11.0,259.28,0.0,0.0,0.0,0.0,0.24,4.583271235031516,9.0,138.0,138.0,3.0,1624559.0603579609,0.0015272355609227,1063.725270629781,45.18553928077971
16027,Canyon County,275123.0,68473.0,82374.0,3455412.0,0.0,133814033.45470232,0.0855824126589694,3,28.21,69.87,4.233333333333333,13.503333333333336,3.367526586858011,6.0,4.677567424859221,12.0,231.2,0.0,0.0,0.0,0.0,0.14,22.41578709281614,0.0,0.0,0.0,73.0,18848810.84453978,0.012054989166115,1563.569289429248,175.95830377330353
55041,Forest County,9574.0,55552.0,8661.0,108205.0,0.0,207679797.10377648,0.0766218061020587,99,84.75,4.946060606060605,4.248484848484849,0.1727373737373737,9.104821948436534,0.0,0.5402245784524596,60.0,487.54,0.0,0.0,0.0,0.0,0.023,30.05472220864399,0.0,0.0,0.0,66.0,204688139.47527373,0.0755174968871977,2710.4730415127606,3.5322247642266125
39151,Stark County,373771.0,63130.0,167068.0,642133.0,0.0,84078417.01766947,0.0559517897934829,11,16.919999999999998,17.74818181818182,4.472727272727273,2.1835454545454547,3.878821193508987,0.0,1.2877727099808849,24.0,321.17,0.0,0.0,0.0,0.0,0.061,2.963575756172316,55.0,345.0,168.1090909090909,42.0,18425426.13055643,0.0122559042275475,1503.391817401901,248.61848765808463
48187,Guadalupe County,201111.0,88111.0,65166.0,3070335.0,0.0,258329503.3668573,0.1395400137639425,6,2.33,1.025,2.533333333333333,8.1525,8.145001909147567,4.0,1.20467356812233,8.0,316.25,1.0,3838356.55899113,0.0020733378111749,0.0,0.028,0.2190702945743161,41.0,345.0,176.70731707317074,4.0,834641.1496063181,0.0004508421720666,1851.2934266562072,108.6326981472868
54037,Jefferson County,63102.0,93744.0,23918.0,1081596.0,0.0,37757534.05419432,0.0688748282273728,2,0.38,0.875,4.6,0.1895,5.61222736570252,0.0,2.0563987173620935,16.0,193.63,0.0,0.0,0.0,0.0,0.074,4.689730561955751,5.0,138.0,138.0,14.0,769239.6658719957,0.0014031505279864,548.2231952518028,115.1027547658154
54055,Mercer County,57503.0,46409.0,29375.0,1125768.0,0.0,31633301.43261595,0.0290334018163443,5,0.91,1.076,5.819999999999999,0.216,8.64504203502418,0.0,1.7517922389881413,11.0,157.32,0.0,0.0,0.0,0.0,0.17,7.4278967987366284,9.0,138.0,138.0,18.0,9219453.565718856,0.008461718751387,1089.548570047619,52.77690373866198
28049,Hinds County,211888.0,48596.0,106047.0,3684325.0,0.0,449690192.2882782,0.1979141360853042,22,94.59,192.2590909090909,4.990909090909091,13.513090909090907,3.880172920210342,7.0,2.5564711139306713,29.0,344.68,0.0,0.0,0.0,0.0,0.1,2.6894647673092336,52.0,500.0,162.98076923076923,5.0,479870.29779608,0.0002111967684641,2272.1479181984982,93.25449206141391
48281,Lampasas County,23657.0,73269.0,9721.0,360239.0,0.0,4565.404940704735,2.470202904319463e-06,1,0.1,0.18,1.8,0.102,11.95496924344546,0.0,11.592200936929524,7.0,277.84000000000003,0.0,0.0,0.0,0.0,0.03,11.932748390351252,2.0,345.0,241.5,0.0,0.0,0.0,1848.190197389387,12.800089532676928
51107,Loudoun County,449749.0,170463.0,142270.0,6930903.0,207.0,92590761.09770656,0.0685730695352056,3,1.31,1.7866666666666668,3.3666666666666667,0.242,10.86021523536043,0.0,5.523795415935915,27.0,254.21,0.0,0.0,0.0,0.0,0.079,8.742603734071144,47.0,500.0,249.91489361702128,21.0,6922569.683623065,0.0051268814150523,1350.2496202269333,333.085818549915
29185,St. Clair County,9976.0,43483.0,5309.0,118483.0,0.0,151184.69904919574,8.314475372243218e-05,12,191.33,535.7625,5.425,59.13225,0.8890649809064594,0.0,1.591112091920017,14.0,280.83,0.0,0.0,0.0,0.0,0.097,8.750429446541208,5.0,161.0,161.0,37.0,126861274.6700882,0.0697679692413723,1818.33119194273,5.486349265857066
36025,Delaware County,44305.0,58338.0,30092.0,324544.0,0.0,154704218.79365945,0.0407065921876952,13,41.89,110.44846153846154,12.015384615384615,5.298692307692307,10.70677730784188,26.0,0.224376704655686,63.0,662.78,0.0,0.0,0.0,0.0,0.082,7.681755718215944,17.0,345.0,128.52941176470588,100.0,175971052.19469023,0.0463024338598224,3800.4708937640607,11.6577659028246
29129,Mercer County,3404.0,55592.0,1929.0,45687.0,0.0,110920685.12912892,0.0941018641520283,4,1.37,1.1775,2.975,0.05475,2.895594799768141,0.0,3.4568400079240313,10.0,152.2,0.0,0.0,0.0,0.0,0.055,6.088254329481404,7.0,69.0,69.0,16.0,14393734.774820317,0.0122112234777818,1178.7299447110695,2.887854012086194
1051,Elmore County,91577.0,73258.0,36787.0,1562707.0,0.0,308479841.786533,0.181274595222714,15,155.82,175.072,12.493333333333334,104.79473333333334,10.133173307891637,0.0,2.112468082730211,38.0,326.34999999999997,0.0,0.0,0.0,0.0,0.096,2.948087201843417,65.0,230.0,116.76923076923076,2.0,23663424.410628125,0.013905536442113,1701.72682723431,53.814160142749394
39083,Knox County,64002.0,71246.0,25865.0,829454.0,0.0,69270304.70812756,0.0504974861016344,6,4.82,6.2749999999999995,4.633333333333334,2.1956666666666664,5.731803562299009,0.0,2.0895421592354793,21.0,309.89,0.0,0.0,0.0,0.0,0.069,1.1066863631296786,15.0,345.0,133.4,15.0,9428962.851968978,0.0068736368719085,1371.7574884561536,46.65693501847119
19017,Bremer County,25296.0,84727.0,10493.0,436054.0,0.0,176981139.93876255,0.155512336667737,5,2.4000000000000004,1.234,2.18,10.2726,8.514396747377182,0.0,1.2522316281816774,12.0,299.98,0.0,0.0,0.0,0.0,0.035,10.122001421631726,8.0,161.0,80.5,115.0,39408029.546170175,0.0346276151908588,1138.052081524038,22.22745374370259
48175,Goliad County,7208.0,58125.0,3532.0,119027.0,0.0,354505546.5929992,0.1592747362232824,7,10.63,30.46857142857143,5.371428571428572,6.009142857142857,16.08115444659879,0.0,0.6551387179148186,7.0,286.2,1.0,4599295.759766207,0.0020664038291921,0.0,0.03,13.441607724109558,3.0,345.0,253.0,2.0,42794584.14092523,0.0192270506522041,2225.7487596528085,3.2384607511246535
37089,Henderson County,122375.0,65508.0,56744.0,1533774.0,0.0,58759110.35965151,0.0604838435018546,4,1.4300000000000002,2.24,5.325,0.77625,4.290200900206106,6.0,1.220480946006436,16.0,317.33,0.0,0.0,0.0,0.0,0.2,1.8018571707920024,16.0,230.0,129.375,143.0,44327400.090577826,0.0456285241685525,971.4844145918833,125.96702341479072
48393,Roberts County,867.0,62667.0,397.0,12163.0,0.0,12733.18343102526,5.319577757084634e-06,0,0.0,0.0,0.0,0.0,29.018563306259793,2.0,5.426654664345502,13.0,105.62,0.0,0.0,0.0,0.0,0.097,16.685514654746143,3.0,69.0,69.0,0.0,0.0,0.0,2393.645510610148,0.3622090222453194
31049,Deuel County,1862.0,58875.0,1058.0,34447.0,0.0,111512540.74491028,0.0976947611838105,0,0.0,0.0,0.0,0.0,31.401572536504492,0.0,9.792689012807742,8.0,113.0,0.0,0.0,0.0,0.0,0.042,15.1706780551833,2.0,345.0,287.5,5.0,865242.2739123134,0.00075802808013,1141.4382878321728,1.6312752251690477
36051,Livingston County,61438.0,70443.0,27150.0,452554.0,0.0,23132719.48027092,0.0139517516430791,3,20.43,91.78333333333332,9.166666666666666,1.4933333333333334,4.19188438001208,0.0,4.0083587134691685,24.0,398.79,0.0,0.0,0.0,0.0,0.1,9.473124173021594,14.0,230.0,113.35714285714286,55.0,10509001.41999864,0.0063381575931224,1658.0530328564107,37.05430331993525
19141,O'Brien County,14220.0,65076.0,6546.0,247974.0,0.0,122171489.93303058,0.0822924519257099,0,0.0,0.0,0.0,0.0,37.651576606165456,0.0,3.7992471502027834,8.0,285.6,0.0,0.0,0.0,0.0,0.034,1.9563250560446663,27.0,345.0,99.66666666666669,19.0,8772012.749154791,0.0059086652301869,1484.6014129111918,9.578328483546064
28115,Pontotoc County,32096.0,54414.0,13915.0,526869.0,0.0,128241087.3999488,0.0988264489659025,16,5.0,1.189375,3.45,0.387125,1.203690680154901,0.0,5.013861579179137,13.0,201.27,0.0,0.0,0.0,0.0,0.24,3.94379801430683,9.0,161.0,161.0,0.0,0.0,0.0,1297.6393338203934,24.73414543123152
27105,Nobles County,22338.0,62973.0,8424.0,254980.0,0.0,114210848.12297007,0.0610297339155899,18,17.830000000000002,2.891666666666667,2.5666666666666664,0.1762777777777777,9.012607353739034,135.0,2.888715589022486,20.0,224.66,0.0,0.0,0.0,0.0,0.034,2.772418983897386,28.0,345.0,95.28571428571428,88.0,26381424.47264902,0.0140971837179755,1871.3967981427195,11.936538537508184
27001,Aitkin County,16252.0,56406.0,14197.0,180676.0,0.0,303367.67247743026,5.871886707101649e-05,157,693.3499999999999,29.84089171974522,3.2687898089171976,0.5026624203821657,0.4261377679271111,1.0,5.52803815442852,92.0,797.85,0.0,0.0,0.0,0.0,0.021,4.642705303721814,18.0,230.0,100.94444444444444,68.0,308192162.9884077,0.0596497773644318,5166.69427122083,3.1455315810973734
37145,Person County,40636.0,60688.0,18372.0,506457.0,0.0,64182572.12457665,0.0612803170851385,9,31.0,31.581111111111102,5.866666666666666,1.5843333333333334,5.102846692108801,24.0,0.3689915408769621,28.0,269.47,0.0,0.0,0.0,0.0,0.076,4.011764584404765,32.0,500.0,209.6875,10.0,256329.11271446905,0.0002447382319916,1047.3603189352748,38.798491087871014
20195,Trego County,2740.0,77500.0,1657.0,40203.0,0.0,1.4880662191695924,6.386524535235273e-10,1,21.19,184.7,8.7,3.796,12.979301948367212,0.0,6.041873362815125,9.0,339.63000000000005,0.0,0.0,0.0,0.0,0.075,13.11309546236359,4.0,115.0,103.5,4.0,46548667.74005727,0.0199778884137593,2330.0093971892425,1.1759609224346224
48133,Eastland County,18143.0,52902.0,9414.0,298785.0,0.0,24954452.256641887,0.010338897946414,4,6.580000000000001,36.515,14.85,0.31925,9.85582335130614,0.0,7.24062347858657,12.0,192.08,0.0,0.0,0.0,0.0,0.038,6.286717290984242,8.0,138.0,94.875,0.0,0.0,0.0,2413.6472187765135,7.516840016577382
48123,DeWitt County,20309.0,61100.0,9180.0,333208.0,0.0,399420104.0119313,0.1693780055011823,0,0.0,0.0,0.0,0.0,33.63290012315035,0.0,2.2161315792104004,7.0,292.57,0.0,0.0,0.0,0.0,0.032,3.3753093023046965,7.0,345.0,138.0,0.0,0.0,0.0,2358.158031381136,8.612230278776245
45081,Saluda County,19680.0,51041.0,9350.0,306277.0,0.0,88672785.48409282,0.0740917533674398,2,181.06,1357.015,8.8,49.057,5.795858673836309,57.0,1.456101382716146,21.0,197.74,0.0,0.0,0.0,0.0,0.21,2.078014836174678,21.0,230.0,110.61904761904762,4.0,546587.2696853591,0.0004571607690138,1195.6128056753143,16.460178334142388
29125,Maries County,8397.0,56491.0,4290.0,108501.0,0.0,49310.8515639053,3.592760238316011e-05,2,0.28,0.55,4.0,0.035,8.018053064347177,0.0,2.8918720783112835,9.0,332.63,0.0,0.0,0.0,0.0,0.18,6.998534484151557,8.0,345.0,195.5,11.0,10448469.701805633,0.0076126948339652,1372.506048080129,6.118005827184356
29109,Lawrence County,39401.0,52225.0,16267.0,489109.0,0.0,118959486.12023813,0.0748813044819065,0,0.0,0.0,0.0,0.0,31.29561542907833,0.0,3.4629793797116957,14.0,224.19,0.0,0.0,0.0,0.0,0.11,4.362847230445302,13.0,161.0,97.3076923076923,15.0,22146515.869136617,0.0139405444301163,1588.6406718300404,24.80170670351268
51540,Charlottesville city,44388.0,67177.0,21425.0,747444.0,0.0,1899455.4408374024,0.0714582156266893,0,0.0,0.0,0.0,0.0,5.947854645161542,0.0,2.264280919874179,1.0,41.68,0.0,0.0,0.0,0.0,0.14,2.004475259218412,1.0,230.0,230.0,3.0,291166.9557008028,0.0109538084740023,26.581344414762647,1669.892963553339
17011,Bureau County,32510.0,64165.0,15640.0,354939.0,0.0,225971232.79089212,0.0998808262920642,6,3.5599999999999996,2.1033333333333335,3.5,71.75233333333334,14.430999127972497,0.0,1.4131495235125706,30.0,373.2,0.0,0.0,0.0,0.0,0.086,10.043809636058318,5.0,138.0,138.0,33.0,18650514.33727515,0.0082436544968491,2262.408540338956,14.369641654167962
37115,Madison County,22553.0,56664.0,11092.0,276208.0,0.0,23629330.44562198,0.0202074325876801,0,0.0,0.0,0.0,0.0,27.73944602035515,0.0,3.236503701592846,11.0,246.54,0.0,0.0,0.0,0.0,0.22,5.247026118965337,12.0,115.0,115.0,45.0,11222979.542364758,0.009597715985104,1169.3385759469518,19.28697168117982
16053,Jerome County,26362.0,67347.0,8624.0,331427.0,0.0,12370.54210556341,7.927102929833933e-06,4,1.79,2.3825,7.425,223.2495,11.776010015369204,1.0,13.38604283039422,3.0,168.89,0.0,0.0,0.0,0.0,0.083,81.60492411519756,0.0,0.0,0.0,50.0,18466748.28505053,0.0118335744070257,1560.5384856571009,16.892886809452616
48309,McLennan County,272020.0,59781.0,106122.0,4482797.0,0.0,509175266.7693887,0.185423147393992,17,34.64,65.37294117647059,5.411764705882353,1.285941176470588,0.8653430442476099,4.0,1.899546450048961,20.0,447.69,0.0,0.0,0.0,0.0,0.039,3.383291080079885,28.0,345.0,179.89285714285714,3.0,1434554.8624478125,0.0005224128017689,2746.0178188404902,99.05980876513787
19089,Howard County,9415.0,63947.0,4307.0,165842.0,0.0,115661796.6577714,0.0942919940123439,3,0.5900000000000001,0.5666666666666668,2.8666666666666667,1.8156666666666668,12.458853637281832,1.0,3.1344582354071804,23.0,330.12,0.0,0.0,0.0,0.0,0.031,17.0412150279928,0.0,0.0,0.0,36.0,10483153.15407493,0.008546273947979,1226.634345901568,7.675473975971249
1013,Butler County,18100.0,44429.0,9835.0,334673.0,0.0,246843455.6868358,0.1225209615825266,1,0.14,0.45,3.2,0.031,13.987794784876712,0.0,4.220836015559323,8.0,280.51,0.0,0.0,0.0,0.0,0.073,3.3065756584663895,13.0,230.0,123.84615384615384,0.0,0.0,0.0,2014.7038718804783,8.983950570912377
46009,Bon Homme County,7244.0,57554.0,2817.0,105384.0,0.0,4638258.008462734,0.0030790637488234,9,86.83000000000001,74.51444444444445,2.844444444444445,105.8172222222222,11.42152200917902,0.0,12.602130372766991,31.0,114.61,0.0,0.0,0.0,0.0,0.07,1.7544606376377905,12.0,115.0,72.83333333333333,58.0,27984398.546350744,0.0185771785353243,1506.3858321186303,4.808860947538123
47059,Greene County,73831.0,51975.0,32300.0,1060718.0,0.0,86801716.70656282,0.0536970031823832,0,0.0,0.0,0.0,0.0,30.282387285849513,29.0,4.058604519950397,15.0,278.59,0.0,0.0,0.0,0.0,0.24,1.6969815424382846,69.0,161.0,83.33333333333333,42.0,154706576.62804928,0.0957040926461758,1616.509517518855,45.67309947752214
51183,Sussex County,10755.0,59195.0,4665.0,175805.0,0.0,209003000.0433934,0.163735861749291,4,0.96,0.5650000000000001,2.25,0.2794999999999999,7.889111657890154,785.0,2.1066542804357473,15.0,397.4,0.0,0.0,0.0,0.0,0.079,17.94111221022568,10.0,500.0,203.5,120.0,69022287.84130555,0.0540749137407566,1276.4197493168233,8.425911621750123
18141,St. Joseph County,272861.0,61877.0,118075.0,4033685.0,2.0,102838818.82919912,0.0860588065891851,8,6.11,2.9175,3.5,10.00625,8.337450444199279,0.0,7.139259491464098,14.0,156.1,0.0,0.0,0.0,0.0,0.071,2.1007970161419363,47.0,345.0,160.0212765957447,41.0,11150035.864977293,0.0093307059619212,1194.983092434873,228.3387955255702
19165,Shelby County,11689.0,70295.0,5422.0,206075.0,0.0,89013512.5832967,0.058118379728814,1,0.43,1.66,3.9,0.133,11.347116133196025,0.0,0.0548180579064333,10.0,392.48,0.0,0.0,0.0,0.0,0.037,4.774684360163829,41.0,161.0,71.2439024390244,6.0,2605171.260845364,0.0017009589659967,1531.5897166976995,7.631939463006423
24013,Carroll County,176677.0,111672.0,65804.0,1694564.0,0.0,68027348.27091075,0.0580225745754416,4,7.800000000000001,56.67,12.975,3.13325,15.0847887379029,0.0,0.357957314415809,23.0,257.67,0.0,0.0,0.0,0.0,0.084,8.421426601606504,12.0,138.0,120.75,16.0,8830647.869913397,0.007531925492086,1172.428999621923,150.69313370530207
19011,Benton County,26004.0,79444.0,11074.0,449927.0,0.0,176185836.35118213,0.0946953513392671,8,2.86,1.24875,2.925,17.6705,11.871092954180618,0.0,1.171214193775747,14.0,430.67,0.0,0.0,0.0,0.0,0.043,4.993380016270879,9.0,161.0,94.55555555555556,64.0,16062979.201706417,0.0086334377746536,1860.554233548147,13.97648051914584
21159,Martin County,10697.0,45265.0,4831.0,188916.0,0.0,17534210.743237406,0.0293539625500643,2,0.31,0.7250000000000001,4.35,0.002,7.222874742251001,0.0,4.110650241512706,10.0,162.17999999999998,0.0,0.0,0.0,0.0,0.11,4.16409547442178,6.0,138.0,80.5,0.0,0.0,0.0,597.266997315566,17.909913067485697
27025,Chisago County,59142.0,97446.0,22443.0,646290.0,0.0,134222820.43197152,0.1171465456978449,51,56.66,4.584901960784314,3.2607843137254906,7.974431372549019,5.80103825819115,0.0,0.0321131692790974,22.0,194.99,0.0,0.0,0.0,0.0,0.023,5.683116679014742,20.0,230.0,90.85,108.0,57853966.145286165,0.0504935916785873,1145.7684870894225,51.61775757180885
21189,Owsley County,3932.0,32844.0,1948.0,67880.0,0.0,20037339.69045877,0.0390158772654276,0,0.0,0.0,0.0,0.0,20.026025710635732,0.0,1.8226483878584607,5.0,104.68,0.0,0.0,0.0,0.0,0.14,3.2735606002110234,6.0,161.0,99.66666666666669,3.0,33464.4133729885,6.516051856633247e-05,513.5688620851304,7.656227412300208
42015,Bradford County,59600.0,60650.0,29443.0,665422.0,0.0,191777556.76244545,0.0637766089502063,20,3.55,0.8550000000000001,4.7299999999999995,0.05525,3.4031122791270287,0.0,0.2371275247675642,44.0,536.39,0.0,0.0,0.0,0.0,0.059,4.203135623945964,17.0,345.0,169.11764705882354,61.0,5618295.558205558,0.0018683929696017,3007.020284069603,19.82028532223245
54029,Hancock County,27729.0,57515.0,14240.0,549294.0,0.0,19172824.668909773,0.0841516964324611,1,2.39,90.0,37.6,0.099,10.286507714092313,0.0,1.6669543391865578,15.0,225.68,0.0,0.0,0.0,0.0,0.053,4.840886444678571,2.0,345.0,345.0,1.0,5506831.057628266,0.0241701044821961,227.8364606029968,121.70571789349188
29051,Cole County,77908.0,70667.0,33304.0,987494.0,0.0,160330156.83119372,0.1551765910808491,5,1.11,0.9399999999999998,3.72,0.0568,3.2706549439418224,0.0,0.3569142464782833,12.0,549.5,1.0,1906673.0404671133,0.0018453859746233,0.0,0.14,1.701651190810028,11.0,161.0,102.45454545454544,43.0,19106904.676084604,0.018492742684028,1033.2109737614517,75.40376745745583
26021,Berrien County,152444.0,60379.0,76948.0,1504705.0,0.0,151060402.54480448,0.0368801048099119,19,57735.71,255791.71315789473,7.836842105263158,104.15910526315788,0.0,0.0,13.710939003181291,20.0,189.41,0.0,0.0,0.0,1.0,0.068,10.876835369491902,31.0,345.0,160.25806451612902,62.0,10289490.119282538,0.0025120909758408,4095.986259350466,37.21789829055098
42061,Huntingdon County,43001.0,61300.0,20957.0,491148.0,0.0,143280280.93302715,0.0622136961995241,3,31.37,359.4433333333334,15.9,22.24966666666667,1.5037621600613826,0.0,0.4442071325552427,31.0,514.51,0.0,0.0,0.0,0.0,0.054,12.0770640133042,8.0,500.0,273.75,32.0,21126967.47402501,0.0091735354473558,2303.034374834703,18.67145383059527
31045,Dawes County,7858.0,53760.0,4024.0,153765.0,0.0,234862094.6242491,0.0647268238866067,4,7.51,13.515,4.875,0.698,7.6730244626633235,1.0,1.5794745320995478,30.0,592.86,0.0,0.0,0.0,0.0,0.098,8.869141129728279,4.0,115.0,115.0,21.0,74776383.38240756,0.0206079989442909,3628.5125782735463,2.165625674567415
51141,Patrick County,17424.0,49180.0,10007.0,283293.0,0.0,48751337.33966636,0.0387532417426576,3,8.85,132.08666666666667,20.1,3.78,8.950151389494655,2.0,1.3215447383655934,20.0,225.06,0.0,0.0,0.0,0.0,0.12,3.8569190547833303,4.0,138.0,138.0,7.0,33587124.92865157,0.0266990966763757,1257.9873145435138,13.850696106838448
48325,Medina County,56881.0,73060.0,19596.0,847685.0,1.0,564503181.196513,0.1633198917913548,11,21.35,37.16909090909091,4.109090909090909,0.5897272727272728,15.089198848921477,0.0,5.214013763240777,11.0,121.77,0.0,0.0,0.0,0.0,0.024,5.896407367980962,15.0,345.0,133.4,40.0,177714808.54592162,0.051415768008855,3456.4262176403636,16.456593145168185
26105,Mason County,29040.0,60744.0,17451.0,286406.0,0.0,80016965.71649686,0.0248687399654721,28,57761.88999999999,173581.45,7.632142857142857,67.99464285714286,0.0,0.0,5.0535076927484175,11.0,209.59,0.0,0.0,0.0,0.0,0.032,14.888727488988463,6.0,345.0,172.5,19.0,68348889.07235976,0.0212423794632566,3217.5721740864524,9.025438569453431
46135,Yankton County,23635.0,68847.0,10405.0,348472.0,0.0,249579909.34435615,0.1810452059735732,9,87.56,74.98777777777778,3.3666666666666667,211.33822222222224,3.9958221524994295,1.0,1.926621771315454,20.0,253.23,0.0,0.0,0.0,0.0,0.058,8.197022333741092,15.0,230.0,98.13333333333334,41.0,22483132.901583884,0.0163092591739028,1378.5502248661303,17.144823288752626
42039,Crawford County,81792.0,58734.0,42234.0,913294.0,0.0,294121706.8499583,0.1094455988536496,20,74.75,32.6585,4.675,1.23725,1.185423673814037,0.0,1.1738720841369972,29.0,401.47,1.0,429166.0227653618,0.0001596969257123,0.0,0.059,1.9760449748474247,7.0,345.0,147.85714285714286,245.0,58616158.28375954,0.0218116527833799,2687.3781123282733,30.435612921301043
46123,Tripp County,5708.0,56758.0,2794.0,84292.0,0.0,0.0,0.0,7,1.94,0.74,2.685714285714286,0.1368571428571428,5.293691075452808,2.0,22.41186504130601,26.0,499.94,0.0,0.0,0.0,0.0,0.077,3.3033104345197413,3.0,115.0,115.0,14.0,14731298.484276071,0.003516536836956,4189.1494863530725,1.36256775237906
19077,Guthrie County,10782.0,75795.0,5783.0,185888.0,0.0,107023316.29604216,0.0696760802598037,4,4.529999999999999,20.2225,8.025,1.7225,7.629434275868207,0.0,0.684155157785722,11.0,387.37,0.0,0.0,0.0,0.0,0.037,14.18789780469194,3.0,161.0,161.0,38.0,44129868.410119034,0.0287301530578109,1536.0122976484186,7.0194750501066085
19183,Washington County,22667.0,71122.0,9606.0,395050.0,0.0,197455749.11394045,0.1335425871630885,3,1.17,1.64,3.366666666666667,4.457666666666667,15.093251891531777,0.0,1.50335062649143,11.0,332.64,0.0,0.0,0.0,0.0,0.056,13.876387038010364,2.0,345.0,345.0,52.0,24426495.24339352,0.016520042588381,1478.5975951764997,15.330066864672704
40051,Grady County,59128.0,74349.0,23142.0,1014932.0,0.0,403924886.50056154,0.141145563347302,6,1.99,1.0533333333333337,2.766666666666667,0.1055,13.129972047361065,0.0,0.641741528449337,36.0,826.5600000000001,0.0,0.0,0.0,0.0,0.24,1.556407009729544,34.0,345.0,131.91176470588235,5.0,7636183.010093333,0.0026683509454454,2861.7611274586516,20.661403019513312
54039,Kanawha County,172381.0,55226.0,90524.0,3299092.0,1.0,104746965.87162276,0.0443929361146891,0,0.0,0.0,0.0,0.0,30.126865248674857,0.0,2.146483356292918,15.0,510.58,1.0,499775.07668957737,0.0002118102693149,0.0,0.11,2.5254685453111985,51.0,345.0,140.7058823529412,4.0,43804495.79566576,0.0185652906898623,2359.4834321439107,73.05878805996467
1009,Blount County,60156.0,57440.0,24677.0,1027416.0,0.0,97272073.0826922,0.0577241410004093,10,8.290000000000001,12.162,6.62,0.6078,7.255742790186233,1.0,2.274975079723607,17.0,446.91,0.0,0.0,0.0,0.0,0.17,5.38795519274909,26.0,500.0,140.42307692307693,0.0,0.0,0.0,1685.119456034909,35.698359415745664
45065,McCormick County,10215.0,55569.0,5461.0,154427.0,0.0,155483075.64368472,0.1525093861127155,5,194.27,1126.816,14.2,99.5882,4.366950963173523,26.0,0.3743314848494432,27.0,343.06,1.0,3505897.035439491,0.0034388450475123,0.0,0.29,3.726953094406548,9.0,115.0,115.0,6.0,9981001.615649313,0.0097901101369533,1019.4983995098746,10.019633189135831
45087,Union County,26799.0,42305.0,13508.0,439982.0,0.0,102245475.2591744,0.0766045798850995,4,1.25,1.35,4.05,30.3405,10.51223824722912,50.0,5.531593686661129,9.0,339.5,0.0,0.0,0.0,0.0,0.18,2.3224850116465654,27.0,500.0,121.48148148148148,2.0,1290966.8375908528,0.0009670376482807,1334.970608317118,20.074599270603553
27103,Nicollet County,34273.0,79113.0,13461.0,393490.0,0.0,71006594.31256784,0.0587273077274316,24,38.19,3.87,2.0833333333333335,15.083583333333332,1.1412598103014475,118.0,5.829894509995833,23.0,291.06,0.0,0.0,0.0,0.0,0.028,14.707295176310694,27.0,115.0,74.11111111111111,167.0,35650480.866443716,0.0294839725417137,1209.1478112729037,28.3447562659191
28161,Yalobusha County,12375.0,47006.0,6437.0,212974.0,0.0,255132343.16341025,0.1990026053569177,10,168.29000000000002,486.12,8.53,13.869400000000002,5.610875550158057,0.0,7.211585266511476,16.0,90.05,0.0,0.0,0.0,0.0,0.24,11.914378580084144,8.0,230.0,178.25,1.0,151485.5447837616,0.0001181583554327,1282.055291215017,9.65246981530109
4003,Cochise County,126332.0,58421.0,59056.0,1559241.0,1.0,979414897.5315115,0.0608289858995786,4,2.31,0.9425,2.4,0.376,33.468661712358,0.0,31.91151587523219,8.0,69.11,1.0,327669404.7605151,0.0203507192428216,0.0,0.13,27.16703347237043,11.0,345.0,178.36363636363637,87.0,1119226014.8810022,0.0695123013231963,16101.121579577346,7.846161484814787
28023,Clarke County,15102.0,46329.0,7631.0,265296.0,0.0,281184801.7140216,0.1565401588861087,4,1.4,1.0325,2.725,26.52575,1.8116613784154831,0.0,1.7035411057103973,20.0,415.14,0.0,0.0,0.0,0.0,0.1,8.110341065562798,9.0,230.0,153.33333333333334,0.0,0.0,0.0,1796.247069856358,8.40752937245302
19125,Marion County,34192.0,74193.0,14179.0,585446.0,0.0,276309636.20141053,0.186997958708572,7,61.849999999999994,312.1042857142857,8.557142857142855,33.50328571428572,2.4819037319662645,0.0,2.923295785352096,20.0,483.15,0.0,0.0,0.0,0.0,0.046,3.2459262105332245,18.0,69.0,69.0,14.0,82280201.66495132,0.0556847381980557,1477.6077670025627,23.14010575983978
51600,Fairfax city,26772.0,128708.0,9323.0,384654.0,0.0,1144245.1228679116,0.0704234220159864,0,0.0,0.0,0.0,0.0,5.1577414052184425,0.0,0.1059532524509131,1.0,21.77,0.0,0.0,0.0,0.0,0.083,3.218609700358042,0.0,0.0,0.0,1.0,162.25989637603473,9.986406697648554e-06,16.248076138761938,1647.7027662451585
40057,Harmon County,2327.0,55729.0,1359.0,47095.0,0.0,201070041.82445744,0.1441060179483235,0,0.0,0.0,0.0,0.0,27.99323924674715,0.0,8.38281163889715,17.0,204.91,0.0,0.0,0.0,0.0,0.094,10.428748493277787,3.0,69.0,69.0,0.0,0.0,0.0,1395.2924706903027,1.667750703799575
29039,Cedar County,14888.0,43589.0,6953.0,181977.0,0.0,185223120.20509297,0.143416074916475,2,96.55,1032.555,12.1,18.4235,7.399071552235006,0.0,1.8830471916557656,13.0,271.35,0.0,0.0,0.0,0.0,0.1,0.8905850157962172,6.0,161.0,161.0,18.0,22859855.7191116,0.017700116361077,1291.508781794273,11.527602607019311
13059,Clarke County,129921.0,48692.0,55905.0,1780325.0,0.0,24732826.395596888,0.0788266378618276,1,0.85,4.32,5.1,1.849,8.192236948128022,14.0,0.1205828535096976,4.0,148.61,0.0,0.0,0.0,0.0,0.13,0.9151899994262278,34.0,230.0,142.05882352941177,33.0,9723989.504201634,0.0309915799975782,313.7623026951671,414.0746000523319
48275,Knox County,3192.0,48750.0,1815.0,56851.0,0.0,0.0,0.0,5,8.48,29.326000000000004,5.84,0.0338,6.78341355656776,0.0,3.355492482865938,10.0,460.02,0.0,0.0,0.0,0.0,0.055,0.7671073731596828,6.0,345.0,172.5,3.0,1728442.3949159875,0.000780093380479,2215.6865295466123,1.4406370023169148
39037,Darke County,51520.0,60237.0,22619.0,689083.0,0.0,77893808.3054057,0.0501465794281293,1,0.12,0.28,2.3,0.505,19.80239626765329,0.0,2.6979036988465146,18.0,278.7,0.0,0.0,0.0,0.0,0.11,3.873046719917043,12.0,138.0,74.75,29.0,4995229.150088762,0.003215835260673,1553.322463739407,33.16761406770156
46041,Dewey County,5419.0,55077.0,1934.0,80209.0,0.0,125091862.51964204,0.0197517059495996,11,1102.26,2650.9481818181816,4.927272727272728,88.78427272727274,8.730549007412343,0.0,9.524166772102632,52.0,468.98,0.0,0.0,0.0,0.0,0.039,50.86022090357738,1.0,115.0,115.0,18.0,42015270.679390185,0.0066341107657729,6333.21814524976,0.8556471411085894
13077,Coweta County,160240.0,90031.0,57067.0,2095705.0,0.0,109787350.90440647,0.0950663219446146,16,5.97,1.7168750000000002,3.89375,0.4560625,3.071113746258846,58.0,3.162986597364616,14.0,319.91,0.0,0.0,0.0,0.0,0.1,1.4842901095927368,47.0,500.0,150.10638297872342,9.0,13018299.87516789,0.0112707852585755,1155.0481689164146,138.73014503830257
13105,Elbert County,20072.0,48190.0,9316.0,266662.0,0.0,107662168.5983646,0.1110817626348998,3,154.28,754.0033333333332,11.766666666666666,137.4623333333333,2.817257843511847,8.0,1.6695899384001287,22.0,214.0,0.0,0.0,0.0,0.0,0.18,1.0333390030204272,9.0,230.0,127.77777777777776,11.0,22425057.393978875,0.0231373279403121,969.2155227185008,20.709532121092245
1005,Barbour County,24607.0,39712.0,11673.0,440722.0,0.0,272364685.03556377,0.1162618335830066,7,127.67000000000002,165.39857142857142,4.614285714285714,41.23442857142857,6.384823259981806,0.0,1.546891456763568,34.0,457.11,1.0,420502.2410096047,0.0001794959635062,0.0,0.064,15.312840621319545,14.0,500.0,142.5,16.0,108740200.37894727,0.0464169394008962,2342.6835500672328,10.503766076000236
37017,Bladen County,30007.0,40476.0,15348.0,390956.0,0.0,380077906.650502,0.1653125705969469,13,19.12,2.4476923076923076,1.776923076923077,7.649461538461539,5.33349301106715,623.0,1.2233238051778537,15.0,462.93,0.0,0.0,0.0,0.0,0.12,5.129463719998993,41.0,230.0,151.46341463414635,65.0,143996175.54194084,0.0626248942819054,2299.3440099673844,13.050243839078972
48111,Dallam County,7508.0,71969.0,3040.0,119867.0,0.0,0.0,0.0,3,0.93,0.6,1.9666666666666668,0.0013333333333333,18.67191817791359,0.0,23.61601796584911,3.0,5.109999999999999,0.0,0.0,0.0,0.0,0.08,16.724394683868436,7.0,138.0,98.57142857142856,0.0,0.0,0.0,3898.276074013131,1.9259795503069104
17167,Sangamon County,194170.0,71653.0,92938.0,2071140.0,0.0,225821884.555526,0.0994173890678407,12,26.549999999999997,19.953333333333333,4.2250000000000005,10.796,3.912456421422125,0.0,4.9206878964419385,20.0,317.34,2.0,1230066.7780717164,0.0005415331100246,0.0,0.14,1.670826767457185,72.0,345.0,105.41666666666669,111.0,28827659.73086333,0.0126912883975772,2271.4525765852586,85.48274439077282
40035,Craig County,14518.0,48018.0,6378.0,262767.0,0.0,254928906.43636912,0.1290588182171486,2,101.75,1355.085,14.1,118.4845,11.779933438125028,0.0,1.6659719182581918,10.0,204.82,0.0,0.0,0.0,0.0,0.078,4.533137153155791,18.0,345.0,100.94444444444444,11.0,8209079.501615468,0.0041558806364538,1975.2924156695972,7.349797875409042
19161,Sac County,9525.0,68778.0,5143.0,172384.0,0.0,122522538.9145431,0.0817978607799469,2,4.07,4.1850000000000005,2.15,0.087,10.135850704791082,0.0,3.9609182437487154,10.0,133.26999999999998,0.0,0.0,0.0,0.0,0.034,3.826447575655758,23.0,161.0,73.0,42.0,19910989.79973117,0.0132928715667804,1497.8697190974033,6.359031014886689
17113,McLean County,171419.0,75356.0,74822.0,1822082.0,0.0,125209220.43168628,0.0407528741721825,9,6.06,6.137777777777777,4.711111111111112,1.7576666666666667,11.471536708096007,0.0,1.246004098672374,14.0,445.6,0.0,0.0,0.0,0.0,0.1,4.827507525908404,27.0,345.0,184.0,61.0,15516553.23685085,0.0050503001388432,3072.4021959623624,55.793151113247
23001,Androscoggin County,116487.0,64500.0,49923.0,915127.0,0.0,158207677.4769736,0.1228762055859161,27,76.72,29.99074074074074,6.377777777777777,10.359444444444444,0.0,178.0,0.4879659287893019,27.0,313.06,1.0,713559.6838581417,0.0005542051296741,0.0,0.18,1.9789217444023428,21.0,345.0,125.95238095238096,62.0,22136586.79169747,0.0171929696015099,1287.537133186892,90.47273045374092
16055,Kootenai County,191864.0,71949.0,75686.0,2526587.0,0.0,249088945.70548275,0.0734714582807815,35,536.67,77.86057142857142,8.537142857142857,48.30514285714286,0.3357027151150952,1737.0,0.6784986384718275,64.0,291.71999999999997,1.0,105698.69186890782,3.117696374676456e-05,0.0,0.16,48.00437571622494,0.0,0.0,0.0,60.0,60973585.88065385,0.017984813651895,3390.281771100205,56.59234628682112
20147,Phillips County,4728.0,57611.0,2816.0,71469.0,0.0,5773.650859761644,2.4919841485655467e-06,2,12.97,55.44,5.2,1.9695,16.618517225331107,0.0,3.2968313335562396,17.0,256.90000000000003,0.0,0.0,0.0,0.0,0.054,3.768043766134689,6.0,115.0,47.916666666666664,1.0,2230131.9336566445,0.0009625544673325,2316.8890793647756,2.0406673940973823
31089,Holt County,10067.0,66325.0,4903.0,186635.0,0.0,512518.0103845821,8.185509906620745e-05,14,7.45,1.11,1.9928571428571429,0.0592857142857142,19.003201763575845,0.0,0.9420649984475288,39.0,1020.34,0.0,0.0,0.0,0.0,0.074,9.947946496540734,30.0,345.0,99.66666666666669,14.0,23017126.305007167,0.003676103309087,6261.283856770423,1.6078172193254578
29101,Johnson County,56670.0,62503.0,22605.0,691383.0,0.0,249409663.83251405,0.1155767779341775,3,1.42,1.2266666666666668,2.733333333333333,0.1676666666666666,11.515837228050415,0.0,1.2119204799371592,18.0,189.75,1.0,21260148.333488103,0.0098519816956142,0.0,0.084,4.231603128280188,20.0,161.0,161.0,26.0,42070311.40026535,0.0194954396104294,2157.95653962885,26.26095519502295
55063,La Crosse County,121339.0,68731.0,52777.0,1417294.0,0.0,188564938.75104588,0.1516617607703667,8,5.57,2.72125,2.9,9.076,3.1846551150829865,39.0,0.4269525296700818,27.0,276.92,0.0,0.0,0.0,0.0,0.029,4.887037622816091,35.0,161.0,84.77142857142857,98.0,74998564.36328644,0.060320939803276,1243.325528545782,97.59230162507842
17009,Brown County,6401.0,64760.0,2342.0,67393.0,0.0,46945159.22130102,0.0589783302609819,3,0.93,0.6233333333333334,2.933333333333333,244.94600000000003,14.605851042213075,0.0,8.111043935346633,4.0,258.48,0.0,0.0,0.0,0.0,0.11,6.480449629254447,3.0,138.0,92.0,66.0,18659163.541577335,0.0234419549960644,795.9730126907024,8.041729930468493
27111,Otter Tail County,61041.0,67990.0,36513.0,685301.0,0.0,1023.864002956163,1.7772388315206405e-07,467,556.85,6.590128479657387,3.3404710920770877,0.4881713062098501,0.4518494857650604,0.0,2.7356105274659632,79.0,470.55,0.0,0.0,0.0,0.0,0.035,9.806474215670196,29.0,345.0,140.3793103448276,830.0,517170400.7741055,0.0897712309559716,5760.981500050417,10.595590352002658
39077,Huron County,58250.0,64144.0,25519.0,778729.0,0.0,63036428.402935155,0.0491116684477243,8,3.53,1.0975,2.425,0.686,8.103833820668791,0.0,2.177308317979021,16.0,250.92,0.0,0.0,0.0,0.0,0.071,19.524745255178225,1.0,69.0,69.0,9.0,8190201.250935376,0.0063809841158029,1283.5326185269523,45.382563060104125
13005,Bacon County,11070.0,43938.0,4807.0,153022.0,0.0,59773443.07976896,0.0807447472700243,2,0.34,0.365,2.1500000000000004,0.2535,2.3848662724340626,2.0,0.1706183068630757,3.0,129.3,0.0,0.0,0.0,0.0,0.096,2.1180166403629803,3.0,115.0,115.0,0.0,0.0,0.0,740.2765517350155,14.953870920340249
10001,Kent County,194786.0,69278.0,73600.0,2115115.0,0.0,344099616.2928004,0.1664191622473443,19,11.55,0.9168421052631578,1.6894736842105265,1.0052105263157896,3.184724077773306,0.0,1.517650958538693,37.0,229.32,1.0,12815228.836568903,0.0061979134704266,0.0,0.084,4.059934077162163,48.0,230.0,95.35416666666669,98.0,103163217.9590224,0.0498935061086261,2067.6682399192373,94.205635236535
39173,Wood County,134176.0,70537.0,56919.0,1749220.0,0.0,73581248.8706518,0.0457833569881522,0,0.0,0.0,0.0,0.0,23.79454212801812,0.0,1.4992494715001867,33.0,377.27,0.0,0.0,0.0,0.0,0.08,9.80391341033164,39.0,345.0,164.53846153846155,26.0,4608181.503716423,0.0028672809784406,1607.1607695115144,83.48635839386614
13157,Jackson County,99265.0,82056.0,28209.0,1150594.0,0.0,75123805.5277558,0.0845414470450319,8,2.09,1.12625,3.8,0.32975,0.4674385765433353,35.0,0.5525450967350777,7.0,209.13,0.0,0.0,0.0,0.0,0.13,2.821557392185151,29.0,230.0,162.58620689655172,12.0,5225780.565973778,0.0058830278174906,888.2807846730154,111.74957481101022
20003,Anderson County,8018.0,67651.0,3568.0,111003.0,0.0,230253468.96839923,0.1522977695297443,6,1.6800000000000002,0.8850000000000001,2.716666666666667,0.3268333333333333,3.105360773211587,0.0,2.8607536123727475,11.0,162.73000000000002,0.0,0.0,0.0,0.0,0.064,15.933691277487934,1.0,345.0,345.0,4.0,5485495.786205897,0.0036283004844484,1511.863697540428,5.3033881381265155
17095,Knox County,47767.0,50263.0,23809.0,534389.0,0.0,90750460.31433976,0.0486789143426358,8,4.22,3.83125,3.85,0.5283749999999999,6.711262962163259,0.0,0.1817462997787715,17.0,457.55,0.0,0.0,0.0,0.0,0.081,9.901882532622585,7.0,161.0,131.42857142857142,87.0,33938514.4776191,0.0182047567127543,1864.266302105628,25.622412391431812
30107,Wheatland County,2100.0,48272.0,1175.0,28731.0,0.0,47124374.099256776,0.012745894802137,6,11.45,28.736666666666665,7.266666666666666,0.0456666666666666,19.660927034756845,22.0,3.914285894962669,27.0,548.78,0.0,0.0,0.0,0.0,0.07,21.35162989656487,2.0,500.0,500.0,1.0,6493427.159972883,0.0017563000271051,3697.219757307491,0.5679943681598548
45031,Darlington County,62888.0,44317.0,29556.0,1022098.0,0.0,217209720.62586915,0.1481057152888508,5,9.48,14.558000000000002,3.84,2.63,6.368989222230983,385.0,6.896057940169278,9.0,473.9,0.0,0.0,0.0,1.0,0.2,0.737183192364829,64.0,230.0,118.953125,7.0,27043640.239548285,0.0184398647609659,1466.5856062456023,42.88055176062354
1053,Escambia County,36665.0,41153.0,16715.0,643470.0,0.0,329058929.7519157,0.1332967010755557,7,2.4,1.0757142857142858,3.257142857142857,16.96042857142857,7.702323318853784,4.0,4.962041311789181,31.0,469.33,1.0,2609604.0666154204,0.001057110388876,0.0,0.063,3.768118017184671,20.0,115.0,115.0,0.0,0.0,0.0,2468.6202066275996,14.852426428967917
13143,Haralson County,33066.0,65940.0,12385.0,406922.0,0.0,40303960.97079901,0.0549533683698545,6,1.22,0.905,4.1000000000000005,0.2948333333333333,6.413949107298755,19.0,5.09799480143218,7.0,82.87,0.0,0.0,0.0,0.0,0.14,3.5204907273082817,15.0,230.0,130.33333333333334,0.0,0.0,0.0,733.421115060776,45.08460326678751
20001,Allen County,12302.0,55059.0,6067.0,178700.0,0.0,244102548.1964335,0.1865106361673763,3,0.99,0.9366666666666664,2.6,0.7933333333333333,7.967923627906791,0.0,0.2791773966982126,12.0,385.03,0.0,0.0,0.0,0.0,0.065,8.791585977157736,23.0,161.0,88.0,2.0,699071.6445071562,0.000534137386549,1308.786207652918,9.399548931724697
55049,Iowa County,23951.0,79226.0,10965.0,279408.0,0.0,143233314.36767632,0.0720036661595984,4,1.69,2.5275,5.7250000000000005,0.3575,1.9821556279375152,0.0,2.7634087660636517,33.0,385.3,0.0,0.0,0.0,0.0,0.042,3.573456811407143,18.0,138.0,72.83333333333333,97.0,72330801.33396322,0.0363608339414561,1989.2503414641608,12.04021409511042
27097,Morrison County,34620.0,66264.0,16130.0,388683.0,0.0,142488318.07968193,0.0476987233110327,53,50.879999999999995,5.082264150943397,3.490566037735849,0.9942075471698112,1.080964957948253,0.0,4.977018384064461,36.0,660.26,1.0,213271425.7909156,0.0713937455789291,0.0,0.026,7.554430157530644,16.0,230.0,66.84375,246.0,92576602.73775087,0.0309905108447877,2987.256428311546,11.589229391856351
42003,Allegheny County,1225035.0,72537.0,602734.0,13624326.0,2.0,97914730.96216775,0.0507957686022234,1,0.23,1.31,5.7,1.02,13.96590692514933,0.0,0.6890011803385712,20.0,590.28,2.0,1272372.891170948,0.0006600759489461,0.0,0.05,5.280033289689517,87.0,345.0,149.89655172413794,213.0,21712220.330741085,0.0112637691664081,1927.61588150201,635.5182128119038
29205,Shelby County,5870.0,50387.0,2966.0,78095.0,0.0,174734155.36104316,0.1343081044128833,5,2.7300000000000004,5.732,5.96,0.1533999999999999,2.284874392532194,0.0,1.645659320992373,11.0,334.05,0.0,0.0,0.0,0.0,0.09,6.297702841407069,8.0,69.0,69.0,31.0,21296871.124191653,0.0163696810705464,1300.9948717028228,4.51193169756079
39097,Madison County,46985.0,77062.0,16255.0,584177.0,0.0,55828252.5247971,0.0461068349362639,2,1.31,2.1,3.0999999999999996,1.3065,2.4901160347074995,0.0,1.0612396555461974,17.0,328.01,0.0,0.0,0.0,0.0,0.089,2.537277305646121,9.0,345.0,130.33333333333334,28.0,7594290.508731269,0.0062718907798569,1210.8454651540474,38.80346530762489
20201,Washington County,5533.0,59432.0,2736.0,78712.0,0.0,207244374.16822872,0.0890395599104078,1,0.27,1.0,3.7,0.087,15.625250529545768,1.0,3.450011745127241,18.0,266.71999999999997,0.0,0.0,0.0,0.0,0.048,7.337646896298932,3.0,115.0,115.0,4.0,2199087.790046041,0.0009448063902674,2327.553891145365,2.377173744955597
17019,Champaign County,209972.0,61090.0,93444.0,2198985.0,1.0,180348028.16763335,0.0697399177486722,3,0.88,0.6333333333333334,1.9666666666666668,6.991333333333333,17.124511351484564,0.0,1.08177277859294,19.0,487.67,0.0,0.0,0.0,0.0,0.12,0.9768136531425134,49.0,345.0,99.9795918367347,57.0,8787558.49527432,0.0033981164696555,2586.0086238200884,81.1953982155815
16087,Washington County,11583.0,50046.0,4551.0,143479.0,0.0,129263497.04117943,0.0338732053286651,12,65.81,169.05749999999998,10.966666666666669,134.16508333333334,9.923439836300927,38.0,0.3594819963838765,44.0,560.84,0.0,0.0,0.0,0.0,0.18,41.84196354070146,0.0,0.0,0.0,45.0,112227902.14096709,0.0294090664348071,3816.098766336191,3.035298798390576
17045,Edgar County,16323.0,56687.0,8265.0,180972.0,0.0,51448156.30184434,0.0318374044947571,2,0.62,0.675,2.15,0.6525000000000001,5.294804053851548,0.0,2.407777975489339,18.0,202.61,0.0,0.0,0.0,0.0,0.15,13.432499887548868,1.0,138.0,138.0,4.0,246731.27514679116,0.0001526834773683,1615.965783590075,10.101080212067588
8121,Washington County,4732.0,59087.0,2293.0,47301.0,0.0,15262257.124664648,0.0023347441792465,1,8.24,63.4,7.7,0.025,48.15201190487934,11.0,30.86890710052259,5.0,211.2,0.0,0.0,0.0,0.0,0.048,110.27352906423788,0.0,0.0,0.0,19.0,27857969.343024876,0.0042615735823325,6537.014744628035,0.7238778226542393
39065,Hardin County,30072.0,55876.0,12920.0,408593.0,0.0,82965517.06329057,0.0680791058250208,2,0.27,0.305,2.2,0.048,4.454294372180028,0.0,0.6727041446692205,12.0,241.55,0.0,0.0,0.0,0.0,0.11,8.417632118319057,3.0,345.0,207.0,22.0,13611289.140278297,0.0111690305393875,1218.663436569382,24.67621420123563
48423,Smith County,252549.0,69053.0,97561.0,4064246.0,0.0,339320363.85695255,0.1379481186201834,18,95.07,102.05444444444444,6.944444444444445,2.5837222222222223,7.367634080455158,32.0,2.425238093261775,31.0,466.81,0.0,0.0,0.0,0.0,0.061,4.035998702444221,28.0,345.0,144.57142857142858,17.0,37223733.36664451,0.0151330264805576,2459.7679396430094,102.6718805175796
40143,Tulsa County,698782.0,65229.0,292863.0,12559091.0,3.0,289849630.08743006,0.1907102951859218,6,82.83,345.1816666666666,6.3,46.96133333333333,10.442092346885271,6.0,4.122288010657832,15.0,459.28,1.0,406659.2319605328,0.000267566676362,0.0,0.081,1.044019535547868,190.0,345.0,134.85263157894738,6.0,2135074.081691702,0.0014047993857526,1519.8426930887215,459.7725825031869
40091,McIntosh County,19758.0,43467.0,11893.0,354231.0,0.0,357689697.1860119,0.1939510203805087,11,361.08,430.96818181818185,4.0636363636363635,38.904,1.4496497323460478,81.0,2.4062154602177386,29.0,534.06,0.0,0.0,0.0,0.0,0.11,8.959799723501005,9.0,138.0,84.33333333333333,128.0,58342283.21499614,0.0316350888770291,1844.2269418550493,10.713432035715766
48171,Gillespie County,28527.0,70162.0,14107.0,449059.0,0.0,34310.112732343485,1.2477619798988428e-05,0,0.0,0.0,0.0,0.0,35.794648848899904,0.0,1.6830786608202872,14.0,237.98,0.0,0.0,0.0,0.0,0.025,9.12961446952395,5.0,345.0,220.8,1.0,1095704.6072733826,0.000398476851449,2749.732144512154,10.374465039052428
26125,Oakland County,1288337.0,92620.0,555313.0,12492601.0,1.0,162316037.85568628,0.0690785047630291,186,92.53,1.74,3.1408602150537637,0.2285322580645161,0.4783397260138698,0.0,0.321695813954694,67.0,403.98,0.0,0.0,0.0,0.0,0.048,7.370893904704393,76.0,345.0,138.94736842105263,48.0,13213086.34888648,0.0056232289818297,2349.7329366422236,548.2908205904616
1071,Jackson County,54281.0,46748.0,24706.0,916864.0,3.0,426080169.6763246,0.1459988898539317,18,194.95,80.20333333333333,4.405555555555555,410.596,1.6303739784244242,5.0,0.7975543307043483,47.0,351.2,0.0,0.0,0.0,0.0,0.22,1.4951553214429625,51.0,500.0,222.1764705882353,124.0,288661446.07061726,0.0989115504650475,2918.3795493391085,18.59970544691227
19123,Mahaska County,21880.0,65200.0,9700.0,388157.0,0.0,233279850.37025893,0.1570811454881037,3,1.28,1.7333333333333334,3.9333333333333336,70.95400000000001,9.31691643848555,0.0,2.2962534462419937,13.0,549.34,0.0,0.0,0.0,0.0,0.049,4.365165041150463,13.0,345.0,118.53846153846152,35.0,21801811.80692655,0.014680451687792,1485.091349406938,14.733100430985369
20045,Douglas County,120920.0,66153.0,52818.0,1707220.0,0.0,203753560.74566197,0.1657472030640648,12,31.33,38.84,4.375000000000001,0.6988333333333333,4.3246868517104,0.0,1.5657071737287314,12.0,223.9,0.0,0.0,0.0,0.0,0.064,5.507276378117861,19.0,345.0,127.10526315789474,14.0,43215802.84235918,0.0351547154034949,1229.3031630704877,98.36467002815849
21197,Powell County,12812.0,38415.0,5599.0,216373.0,0.0,46293123.878372185,0.0992324090938885,1,0.16,0.71,4.4,0.072,7.02209145532457,0.0,1.3133124050368192,7.0,119.52,0.0,0.0,0.0,0.0,0.13,0.8995575022876711,13.0,138.0,74.3076923076923,9.0,10531212.042411998,0.0225743577899987,466.512143573699,27.46337941356499
29097,Jasper County,127428.0,54963.0,53018.0,1591852.0,0.0,244695186.65873984,0.1473279930652075,5,0.99,0.368,1.92,1.5886,12.54483163776391,0.0,1.8747541608303215,13.0,234.27,0.0,0.0,0.0,0.0,0.093,4.14613323866327,21.0,345.0,152.23809523809524,7.0,977402.5241489336,0.0005884821608215,1660.88726085509,76.7228474823722
41061,Union County,25900.0,61946.0,11694.0,368915.0,0.0,0.0,0.0,11,6.05,4.431818181818182,6.881818181818182,1.6652727272727277,2.8145181288248433,9.0,3.623045557614672,34.0,685.93,0.0,0.0,0.0,0.0,0.16,31.723772013326354,1.0,115.0,115.0,35.0,501565883.45516306,0.0949829506022885,5280.5885716828925,4.9047562877533215
13151,Henry County,264922.0,79663.0,87142.0,3404571.0,0.0,98704626.09548856,0.1167127364101815,17,12.23,5.018823529411765,4.688235294117647,0.7395882352941177,2.2744534897585345,84.0,2.167952586531692,10.0,174.02,0.0,0.0,0.0,0.0,0.11,1.4394941473414948,21.0,500.0,149.76190476190476,39.0,10593432.106212068,0.0125261449032326,845.7056970080428,313.25554615186724
47175,Van Buren County,6874.0,44730.0,2896.0,90363.0,0.0,16570937.324544316,0.0233053447442913,2,5.27,34.214999999999996,10.35,21.378,8.01949231098387,0.0,1.50336790565531,12.0,183.06,0.0,0.0,0.0,0.0,0.2,7.922257877228429,2.0,161.0,161.0,5.0,22191278.87188985,0.0312097858013185,711.0359235772872,9.667584677601482
40125,Pottawatomie County,75102.0,58270.0,30051.0,1363397.0,0.0,349714184.7256439,0.1701588849133313,11,10.62,11.366363636363635,6.2727272727272725,0.8087272727272729,8.765652405343856,19.0,3.3301798949845796,14.0,504.29,0.0,0.0,0.0,0.0,0.15,5.156477883518817,47.0,345.0,120.38297872340424,8.0,12615530.823458271,0.0061382830644787,2055.2214179339926,36.542048143647776
13003,Atkinson County,8454.0,38007.0,3494.0,113351.0,0.0,104001949.79812172,0.116549884745971,1,1.87,1.48,0.8,0.415,10.444828684032178,7.0,0.9530472946677536,9.0,460.16,0.0,0.0,0.0,0.0,0.076,11.324965909574129,3.0,115.0,115.0,3.0,13760752.430994617,0.0154210003891954,892.3385048765043,9.47398319561476
48145,Falls County,17869.0,45172.0,7455.0,286840.0,0.0,266401.7502103063,0.0001329140250668,5,1.6,0.89,2.48,0.135,11.65777995586364,0.0,0.5431911983721439,15.0,263.75,0.0,0.0,0.0,0.0,0.039,15.308964917242132,4.0,345.0,207.0,5.0,302786.3767883236,0.0001510671606126,2004.3163289783936,8.915259403742866
20033,Comanche County,1673.0,49754.0,1035.0,25744.0,0.0,530.396395872741,2.593263410161273e-07,1,0.89,2.93,3.3,0.134,8.729788806549555,0.0,2.3178805503593676,18.0,231.72,0.0,0.0,0.0,0.0,0.061,10.823052898850266,7.0,115.0,57.5,1.0,642588.6072580564,0.0003141804009144,2045.2854646175572,0.8179787266580072
21113,Jessamine County,57147.0,69905.0,20733.0,879021.0,0.0,24910161.0881785,0.0551245523014757,0,0.0,0.0,0.0,0.0,14.464991465797812,0.0,2.1069168556909825,6.0,290.3,0.0,0.0,0.0,0.0,0.12,1.0289585648757442,31.0,345.0,91.25806451612904,29.0,14217650.596794482,0.0314627280471114,451.8886784230925,126.46256197305
21171,Monroe County,11191.0,47252.0,5239.0,186843.0,0.0,41876801.97638987,0.04869267221371,1,0.34,1.53,4.5,0.388,3.5237618500225127,0.0,2.8897804986437245,21.0,244.98,0.0,0.0,0.0,0.0,0.14,5.1922150908938525,6.0,161.0,115.0,1.0,73463.33461162193,8.542023036970703e-05,860.0226701996215,13.012447680480836
48031,Blanco County,13581.0,79717.0,6061.0,190056.0,0.0,26451.190032539696,1.4315219605642249e-05,1,0.11,0.3,2.8,7.122,16.440681425865765,0.0,2.1748742734834043,15.0,291.15999999999997,0.0,0.0,0.0,0.0,0.027,3.655844119393692,5.0,138.0,110.4,30.0,36050794.79838001,0.0195104660097357,1847.7669769850995,7.349952764151774
21121,Knox County,29532.0,34254.0,13817.0,503494.0,0.0,69549197.9428516,0.0692536699441211,0,0.0,0.0,0.0,0.0,18.398070077051905,0.0,1.5611606471058943,11.0,233.6,0.0,0.0,0.0,0.0,0.22,5.582067894770628,13.0,161.0,90.23076923076924,12.0,3076770.561054603,0.0030636967676341,1004.2673261787994,29.40651281802444
26067,Ionia County,66557.0,71720.0,24674.0,657474.0,0.0,66885725.678063475,0.0445221796150666,11,8.93,3.193636363636364,3.4545454545454546,5.960363636363636,3.971727761421077,0.0,2.732507307255697,23.0,462.53,0.0,0.0,0.0,0.0,0.052,5.169759160807818,20.0,138.0,96.6,50.0,29172016.932310704,0.0194182206207274,1502.3012407826689,44.30336485998316
51003,Albemarle County,118356.0,97708.0,47496.0,1837194.0,0.0,116191630.97576384,0.0617962575738376,8,2.34,8.49625,11.95,1.41375,0.7352411666475411,0.0,6.825283389445032,18.0,423.16,1.0,301897.6660742509,0.0001605635946151,0.0,0.13,4.056739692203745,26.0,500.0,209.42307692307693,50.0,91899302.67856216,0.0488764374119603,1880.2373402132248,62.94737237086147
47147,Robertson County,80175.0,74440.0,28703.0,1121104.0,0.0,48049028.180920005,0.0389325256174298,1,0.12,0.41,3.5,0.256,2.2924420119105298,0.0,0.7617240539033883,18.0,230.63,0.0,0.0,0.0,0.0,0.22,1.25379078258438,34.0,161.0,106.88235294117646,5.0,1382983.413313605,0.0011205853534536,1234.1616004985283,64.9631295995711
51043,Clarke County,15609.0,107475.0,6398.0,236214.0,0.0,18532850.7637675,0.0401652137339811,0,0.0,0.0,0.0,0.0,15.155840791738749,0.0,2.4008855132022915,7.0,78.44999999999999,0.0,0.0,0.0,0.0,0.076,5.419799568828607,2.0,138.0,138.0,12.0,1291757.0005298655,0.0027995528955579,461.4154647977902,33.82851506037072
53023,Garfield County,2416.0,57958.0,1202.0,26553.0,0.0,0.0,0.0,0,0.0,0.0,0.0,0.0,53.43697228012435,2.0,4.480104486266236,17.0,298.62,0.0,0.0,0.0,0.0,0.15,22.961812991292568,5.0,500.0,500.0,13.0,143597989.40334642,0.0771886886303901,1860.3501620677853,1.2986802427101187
21109,Jackson County,13325.0,38516.0,6007.0,216025.0,0.0,22278616.943543784,0.024823984351639,2,0.69,1.92,5.0,0.1505,9.150314028059023,0.0,1.3977386106116616,11.0,213.04,0.0,0.0,0.0,0.0,0.14,0.9946062202859224,8.0,161.0,92.0,24.0,61429649.65086161,0.0684480847946701,897.4633817021734,14.847402436327984
45073,Oconee County,83775.0,56710.0,41023.0,1291943.0,0.0,152850718.7041986,0.0876182743351684,17,283.55,417.60294117647067,11.75294117647059,15.95264705882353,2.456401601472262,11.0,3.5011016299625553,66.0,274.05,0.0,0.0,0.0,1.0,0.24,3.133456333314935,37.0,500.0,128.78378378378378,46.0,64259186.93431763,0.0368351494657117,1744.5072944290343,48.02215517672513
24037,St. Mary's County,116692.0,113668.0,45665.0,1110444.0,0.0,146731112.02857542,0.0741289870956062,9,4.19,1.1577777777777778,2.3111111111111113,0.0903333333333333,2.761850444766544,0.0,3.1756909060124263,11.0,188.6,2.0,30823586.59972624,0.0155721661323361,0.0,0.073,2.6293909443187284,32.0,230.0,89.125,14.0,692959.2327986504,0.0003500850318363,1979.402630165879,58.95313981179307
21127,Lawrence County,15765.0,42488.0,7534.0,269828.0,0.0,59784169.90716198,0.0549501771965534,1,6.98,102.7,14.7,5.635,1.3805153895203617,0.0,1.6886339129655823,16.0,325.4,0.0,0.0,0.0,0.0,0.11,11.22607177647141,11.0,345.0,188.1818181818182,4.0,53391202.581647806,0.049074128605525,1087.9704662883546,14.490283043971582
21175,Morgan County,14415.0,46018.0,5633.0,228344.0,0.0,51428235.469261274,0.0517384439796873,2,28.0,379.24,16.95,12.887,17.106419443460716,0.0,0.2989614649232855,15.0,199.88,0.0,0.0,0.0,0.0,0.12,2.3845327015639244,12.0,69.0,69.0,2.0,20859316.61322842,0.0209851373316732,994.0042937791496,14.501949428402328
21177,Muhlenberg County,30634.0,50935.0,13518.0,514172.0,0.0,238053929.85261223,0.1917253931187905,16,5.84,2.33125,3.45625,1.0716875,3.9657004090902217,0.0,0.3936089904458966,22.0,497.16,1.0,45495589.18952912,0.0366415279425715,0.0,0.26,2.8038800932233094,44.0,161.0,92.0,13.0,83844142.16499768,0.0675269302516642,1241.64006645232,24.67220640481512
17049,Effingham County,34519.0,73181.0,15313.0,368119.0,0.0,86522369.35232008,0.069597613649825,2,1.96,12.79,8.2,0.332,7.678886201939969,0.0,1.470495790452108,15.0,246.48,0.0,0.0,0.0,0.0,0.24,5.492285127189904,6.0,138.0,138.0,16.0,4212971.542715501,0.0033888655013286,1243.1805101334714,27.766683694465208
18157,Tippecanoe County,190456.0,55728.0,78105.0,2796215.0,2.0,122758697.43568084,0.0941840216842783,1,0.33,1.25,3.8,6.215,10.82110933126026,0.0,2.2390354207195333,13.0,458.27,0.0,0.0,0.0,0.0,0.098,2.8667910788923017,34.0,345.0,167.76470588235293,24.0,5868787.861256581,0.004502695463641,1303.3943575901692,146.12308154542873
42109,Snyder County,39655.0,65914.0,16003.0,440540.0,0.0,40947444.92599744,0.0476850553867896,4,1.63,2.5250000000000004,5.775,0.58125,8.854776832926797,0.0,0.6314257095737476,11.0,320.57,0.0,0.0,0.0,0.0,0.06,6.9241127579528,6.0,69.0,69.0,12.0,4923203.091054512,0.0057332810997518,858.7060368045884,46.17994785219391
48277,Lamar County,51503.0,58246.0,22688.0,838849.0,0.0,471180838.0978858,0.194966640161931,7,26.85,85.99428571428572,6.628571428571428,0.9812857142857142,4.103568553533078,1.0,4.331903551255872,19.0,302.71,1.0,26730103.367366903,0.0110604634639959,0.0,0.086,2.4290361918663534,19.0,345.0,127.10526315789474,41.0,37073011.65253568,0.0153401835094945,2416.7254341898843,21.31106797295922
31057,Dundy County,1568.0,58977.0,999.0,34851.0,0.0,141268021.63389844,0.0592318057549858,1,0.13,0.46,3.6,0.234,10.95903639675658,6.0,10.473840861545137,11.0,97.66,0.0,0.0,0.0,0.0,0.037,7.077165660726374,16.0,69.0,69.0,4.0,1197939.3647718662,0.0005022800698815,2385.0027835153664,0.6574415807133155
48289,Leon County,16894.0,57363.0,8987.0,266731.0,0.0,466067798.9477896,0.1665247074613704,16,48.13,43.48,3.58125,1.1126875,11.830026975536432,1.0,1.0953706501677771,23.0,446.83,0.0,0.0,0.0,0.0,0.046,11.726831585514915,5.0,138.0,96.6,7.0,11647746.438047135,0.0041617068821609,2798.7906808081184,6.036178452302854
38035,Grand Forks County,74501.0,64698.0,33567.0,2805570.0,0.0,258933088.9831553,0.0694549204948367,11,5.84,0.7909090909090909,1.8909090909090909,0.1136363636363636,9.16111465794033,363.0,3.2477813520938925,16.0,654.23,1.0,21260992.086361814,0.0057029424891141,0.0,0.022,3.670315361935608,48.0,230.0,91.43333333333334,101.0,95503157.0851624,0.0256172905842379,3728.0740822733255,19.98377670504079
18091,LaPorte County,111294.0,66854.0,49763.0,1654686.0,0.0,230442922.3235331,0.1450846130591337,16,57735.03999999999,303752.005,8.6125,117.4494375,6.759551657192803,0.0,0.2465052544655174,21.0,150.35,0.0,0.0,0.0,0.0,0.07,5.039307218755705,27.0,765.0,217.66666666666663,115.0,53970926.5037262,0.0339795681693472,1588.3346790855687,70.0696153433317
18057,Hamilton County,387036.0,114866.0,136401.0,5407026.0,0.0,103612955.8900784,0.0993999709066523,8,11.4,17.107499999999998,4.725,11.017374999999998,0.0290281205378897,0.0,0.4172750476719236,18.0,557.4499999999999,0.0,0.0,0.0,0.0,0.11,1.662116216317475,83.0,345.0,84.51807228915662,28.0,3468397.5737567185,0.0033273697907418,1042.3841628325515,371.2988107458165
51595,Emporia city,5447.0,41442.0,2810.0,92410.0,0.0,3154697.838365566,0.1824289650528712,1,0.26,0.74,2.9,25.038,1.960988013288836,1.0,0.6739351979940644,2.0,128.12,0.0,0.0,0.0,0.0,0.074,0.5417950978914181,2.0,115.0,115.0,0.0,0.0,0.0,18.046698382051005,301.8280621023461
40081,Lincoln County,35278.0,57656.0,14539.0,623914.0,0.0,263940634.0223222,0.1055191708728421,13,10.34,3.752307692307693,3.5384615384615383,1.4631538461538462,4.100895564044393,1.0,0.6943266120957353,22.0,427.67,0.0,0.0,0.0,0.0,0.11,2.2455166718147166,38.0,138.0,101.6842105263158,17.0,18234929.3975569,0.0072900269259726,2501.3528184086776,14.103568173338829
20071,Greeley County,1182.0,69948.0,633.0,17888.0,0.0,0.0,0.0,0,0.0,0.0,0.0,0.0,41.46371092460786,0.0,38.807085020654306,0.0,0.0,0.0,0.0,0.0,0.0,0.045,6.216928838944631,5.0,115.0,115.0,2.0,581979.9313439874,0.0002886721984721,2016.0581255284824,0.5862926197577536
13145,Harris County,37280.0,85936.0,14306.0,470403.0,0.0,107704467.81240503,0.0879254782709953,13,31.37,22.173076923076923,4.446153846153846,44.95176923076922,5.611200362402086,7.0,4.447644034185747,28.0,246.22,0.0,0.0,0.0,0.0,0.084,4.012232178643525,15.0,230.0,191.66666666666663,12.0,69752692.19821365,0.0569432164401918,1224.9517424340736,30.433851970300285
13251,Screven County,14408.0,49941.0,6528.0,192296.0,0.0,290414387.8158634,0.1709634742885886,7,1.42,0.5814285714285715,2.7142857142857144,0.1221428571428571,9.494875078745782,33.0,5.744384892916319,7.0,608.01,0.0,0.0,0.0,0.0,0.21,3.7898163999463774,9.0,500.0,157.77777777777777,52.0,69672187.82607044,0.0410151831030647,1698.6925951542137,8.481817158149198
48433,Stonewall County,1186.0,66591.0,706.0,22814.0,0.0,0.0,0.0,1,0.43,0.61,1.4,0.016,7.54563862922199,0.0,3.6690443718038224,9.0,498.91,0.0,0.0,0.0,0.0,0.041,20.85474768916712,1.0,69.0,69.0,0.0,0.0,0.0,2383.416288246645,0.4976050578526835
39069,Henry County,27598.0,71616.0,12045.0,367119.0,0.0,3662.034491123002,3.368474954291724e-06,0,0.0,0.0,0.0,0.0,20.910721722840492,0.0,0.4437058175299523,13.0,229.07,0.0,0.0,0.0,0.0,0.084,18.811340331475257,3.0,138.0,138.0,14.0,6876131.803977066,0.0063249207019354,1087.1490929321767,25.385662536464757
33009,Grafton County,93225.0,79949.0,51191.0,722724.0,0.0,252493502.68082225,0.0557169966057283,62,103.56,13.31016129032258,6.506451612903225,8.336177419354838,5.357760261001135,200.0,2.1921986183863704,105.0,735.0600000000001,0.0,0.0,0.0,0.0,0.16,13.188810500357995,23.0,230.0,167.0,320.0,395420357.7502495,0.0872562442070309,4531.714163768525,20.57168581931811
29145,Newton County,62263.0,60313.0,24636.0,752260.0,0.0,116564003.59950954,0.0718279856045019,0,0.0,0.0,0.0,0.0,33.042070116714015,0.0,1.1422741607062548,13.0,201.52,1.0,17368165.73319495,0.0107024494675625,0.0,0.097,4.293105228609761,23.0,161.0,101.0,23.0,20167991.75984949,0.0124277322298442,1622.821556407341,38.36712653598219
48311,McMullen County,544.0,60313.0,369.0,12247.0,0.0,3014.194652104441,1.0060555303841595e-06,5,56.4,267.78000000000003,6.5200000000000005,2.7367999999999997,9.140212323946493,0.0,4.136036462852976,12.0,280.03000000000003,2.0,42962024.782123245,0.0143395459209575,0.0,0.029,39.54197330575718,0.0,0.0,0.0,1.0,69240821.75006668,0.0231106878254737,2996.0519683774105,0.1815722843734974
17035,Cumberland County,10208.0,71274.0,4734.0,112088.0,0.0,70231411.57766438,0.07816274035952,2,3.72,14.14,5.4,0.9095,10.471193331370936,0.0,1.0039687884300008,11.0,214.71,0.0,0.0,0.0,0.0,0.21,14.596234069644431,2.0,345.0,241.5,1.0,78501.85839405384,8.736718035598628e-05,898.5280064457835,11.360803365917056
13297,Walton County,112696.0,79425.0,35783.0,1412814.0,0.0,85132285.49440154,0.0996054267373153,5,5.3,6.294,4.66,0.4396,4.312906523327401,30.0,1.7943013349163,9.0,253.41,0.0,0.0,0.0,0.0,0.12,3.873354777349348,35.0,230.0,141.28571428571428,13.0,1402177.9260970303,0.0016405589254665,854.6952531426049,131.85518415555867
51009,Amherst County,31962.0,64454.0,14244.0,503370.0,0.0,64505381.48785545,0.0520014554830543,3,1.1800000000000002,2.266666666666667,5.633333333333333,0.5843333333333334,7.376651391139977,0.0,1.254372046967288,11.0,416.42,0.0,0.0,0.0,0.0,0.098,6.676729115874385,11.0,138.0,129.63636363636363,2.0,277710.7619619319,0.0002238784345155,1240.4533851725705,25.76638540556966
17033,Crawford County,18648.0,64163.0,8481.0,200424.0,0.0,173404268.74023655,0.1501626736764404,2,0.3299999999999999,0.255,1.65,0.621,3.235860895628459,0.0,3.972208008342888,15.0,275.75,0.0,0.0,0.0,0.0,0.27,2.6666950685585147,4.0,138.0,138.0,41.0,24650811.583842486,0.0213468318994628,1154.7761138486671,16.148584800433284
27115,Pine County,30472.0,65059.0,17017.0,332703.0,0.0,215595736.40413627,0.0580242272720895,65,42.19,2.562,2.983076923076923,0.8802769230769232,7.958023729165814,0.0,2.2805119136309044,59.0,720.67,0.0,0.0,0.0,0.0,0.02,0.9366306689986524,17.0,500.0,103.82352941176472,186.0,47316635.93933303,0.0127345340055694,3715.615814339107,8.201063167619235
48021,Bastrop County,118908.0,80151.0,36875.0,1783939.0,0.0,336602835.4968436,0.1451180847157464,3,3.68,7.59,4.366666666666667,0.3986666666666666,5.001547957339992,2.0,0.722593079758309,12.0,402.11,1.0,47439499.5485004,0.0204523806348519,0.0,0.032,2.653564701535215,28.0,345.0,192.21428571428572,10.0,11851618.743244976,0.0051095357240895,2319.509909162408,51.26427765205735
53039,Klickitat County,24331.0,66581.0,10602.0,262007.0,0.0,140608015.24079764,0.0285067436045146,6,2.02,0.8849999999999999,2.983333333333333,2.442833333333333,8.569212451646846,10.0,2.4499320205649173,38.0,619.25,0.0,0.0,0.0,0.0,0.22,10.388933316442737,3.0,500.0,500.0,111.0,207102745.3164124,0.0419878258747587,4932.447465466705,4.932845239680179
55009,Brown County,275803.0,74066.0,113199.0,3181541.0,0.0,180119217.33156443,0.1129456869977132,3,57727.119999999995,1620000.2033333334,29.46666666666667,625.9209999999999,6.506790171147422,0.0,0.9492205127687816,9.0,158.54999999999998,0.0,0.0,0.0,0.0,0.028,1.5125744322620855,45.0,345.0,127.26666666666668,69.0,15225602.106362237,0.0095473771165021,1594.741877331495,172.94522951984254
20205,Wilson County,8299.0,55439.0,4498.0,123996.0,0.0,285117522.29748774,0.1914266893013874,2,0.58,0.725,2.25,13.417,15.90624110872788,0.0,3.353704786198514,8.0,196.41,0.0,0.0,0.0,0.0,0.062,6.863066038604233,13.0,138.0,74.3076923076923,5.0,4996820.346465528,0.003354843884199,1489.4345367306173,5.571913229712476
13155,Irwin County,9020.0,46383.0,4168.0,131802.0,0.0,94205404.88923544,0.1002663649658504,2,0.35,0.27,1.65,0.015,3.9655587476873526,90.0,5.391707231608637,13.0,344.92,0.0,0.0,0.0,0.0,0.076,4.505415100727529,6.0,115.0,115.0,3.0,28900752.0801518,0.0307601603035749,939.551413091725,9.600326149602004
26011,Arenac County,15068.0,53487.0,9554.0,147705.0,0.0,170065251.0884338,0.0964667335111277,4,59400.43,887501.0925,17.099999999999998,2290.58425,4.264311418624246,0.0,0.8970222884230903,12.0,102.9,0.0,0.0,0.0,0.0,0.031,8.497527361108604,4.0,138.0,138.0,28.0,22898410.10387028,0.0129887487960131,1762.9419479495102,8.547076673469421
19111,Lee County,32306.0,58094.0,15869.0,591461.0,0.0,162376060.94704062,0.1163389471204372,2,0.42,0.3349999999999999,1.6,0.7375,9.308184001573643,16.0,1.467105086659693,15.0,258.51,1.0,169322.03197682492,0.0001213155856201,0.0,0.073,10.468093374337675,13.0,345.0,146.84615384615384,22.0,10539200.0362936,0.0075511096003828,1395.715410588036,23.14655248120317
20141,Osborne County,3285.0,58750.0,2050.0,49980.0,0.0,12.612321705609858,5.4447678496702285e-09,1,5.97,10.24,1.7,16.566,27.07018583501091,3.0,2.487785090642159,13.0,272.07,0.0,0.0,0.0,0.0,0.064,17.179816470969644,2.0,115.0,115.0,1.0,11707322.258762987,0.0050540775388401,2316.4112874789303,1.4181419412677938
26047,Emmet County,33775.0,69690.0,21791.0,334066.0,0.0,117638914.44542156,0.0514974266078948,12,117174.45,700867.8558333333,16.099999999999998,920.942,3.7150013455369297,0.0,4.2049437218798325,26.0,74.1,0.0,0.0,0.0,0.0,0.024,8.3340265550236,15.0,138.0,101.2,159.0,75780652.09550421,0.0331736195359012,2284.364900655258,14.785291084761376
19071,Fremont County,6522.0,69375.0,3144.0,117542.0,0.0,210108960.32266384,0.1570218747462471,6,2.05,0.5983333333333333,1.4,3.7883333333333336,4.274553382070411,3.0,0.887749060421994,23.0,321.40999999999997,0.0,0.0,0.0,0.0,0.046,2.9844731205688717,4.0,69.0,69.0,109.0,77362452.27282885,0.057815703065421,1338.0872007262417,4.874121803467076
23015,Lincoln County,36595.0,69638.0,23698.0,283915.0,0.0,258740335.3655141,0.142793584268528,38,46.19,9.20236842105263,4.907894736842105,0.8685526315789475,3.002389829423973,224.0,2.3790121550999412,30.0,196.73,0.0,0.0,0.0,0.0,0.16,13.246310767049176,8.0,345.0,172.5,410.0,36435133.736342974,0.0201078170984273,1811.9885195888385,20.196044072234983
21023,Bracken County,8511.0,59911.0,3844.0,139175.0,0.0,40257826.81716695,0.0743889425949713,0,0.0,0.0,0.0,0.0,16.088996647435575,0.0,3.1290112544693858,14.0,387.27,0.0,0.0,0.0,0.0,0.13,7.961330805846246,1.0,138.0,138.0,0.0,0.0,0.0,541.1802535809717,15.726737891271895
54087,Roane County,13317.0,41299.0,7174.0,265578.0,0.0,28692291.646617617,0.0229020352127099,0,0.0,0.0,0.0,0.0,21.142514867575866,0.0,2.348046276503769,13.0,228.08,0.0,0.0,0.0,0.0,0.096,13.396435704493369,1.0,138.0,138.0,10.0,21836355.36456714,0.0174296631874477,1252.8271561950176,10.629558861451637
27159,Wadena County,14388.0,54747.0,6971.0,160735.0,0.0,226.80917785216036,1.6118420454146702e-07,20,10.64,1.9475,2.93,1.28595,8.106896518715882,0.0,0.7245337088495064,30.0,411.89,0.0,0.0,0.0,0.0,0.028,20.392992804793767,7.0,115.0,115.0,46.0,24830301.739391264,0.0176459016381244,1407.1427036488026,10.224975734650853
37007,Anson County,21758.0,42000.0,9963.0,290740.0,0.0,140589036.08629936,0.1010645655518045,7,10.61,17.905714285714286,4.4714285714285715,74.033,5.743277875752484,31.0,5.937946526496658,19.0,312.87,0.0,0.0,0.0,0.0,0.14,4.015414004568858,17.0,230.0,223.23529411764707,25.0,33418125.718715273,0.024023127630268,1391.0813876129023,15.641069022810203
38007,Billings County,1071.0,74000.0,493.0,32506.0,0.0,841.8526683977656,2.818805694986405e-07,0,0.0,0.0,0.0,0.0,43.12736221126344,0.0,9.338637836704086,10.0,250.36,0.0,0.0,0.0,0.0,0.031,26.458246205015197,1.0,345.0,345.0,11.0,189911698.5505579,0.0635888199342163,2986.5579947390656,0.3586067981558057
31003,Antelope County,6352.0,61924.0,3142.0,115741.0,0.0,1765522.7991575736,0.0007939421450528,1,0.12,0.47,3.9,0.462,22.18139849453851,0.0,3.162091131176377,20.0,362.47,0.0,0.0,0.0,0.0,0.067,1.5120364615093238,38.0,230.0,88.97368421052632,8.0,10718601.692100411,0.0048200734780238,2223.742385042393,2.856445981659385
29073,Gasconade County,14784.0,62638.0,7615.0,189919.0,0.0,164310271.88057306,0.1206190816430571,5,1.33,1.488,5.1,0.0584,2.554176047558556,0.0,2.421081532670268,18.0,695.75,0.0,0.0,0.0,0.0,0.19,1.8121124626190104,14.0,345.0,124.85714285714286,15.0,6669537.560259104,0.0048960633218777,1362.2245305645338,10.85283642181455
37035,Catawba County,170172.0,62070.0,71047.0,2122786.0,0.0,89435769.8178609,0.0830033443352788,4,129.29999999999998,175.38750000000002,7.050000000000001,53.88425,14.488723145383563,6.0,2.333567128726675,24.0,283.71,0.0,0.0,0.0,0.0,0.13,2.819225724736584,60.0,230.0,123.83333333333331,44.0,5856751.275129483,0.0054355201869675,1077.4960028980995,157.9328364488545
21025,Breathitt County,12558.0,38209.0,6563.0,226354.0,0.0,51267247.858668566,0.0399670595996724,0,0.0,0.0,0.0,0.0,24.003415747344853,0.0,1.7420230368297531,8.0,395.9,0.0,0.0,0.0,0.0,0.14,12.449053557212512,3.0,138.0,92.0,0.0,0.0,0.0,1282.737543671809,9.78999956924391
48075,Childress County,6643.0,56063.0,2734.0,113970.0,0.0,0.1426899700047652,7.719166003988124e-11,2,1.67,10.83,11.3,0.0475,14.650846719867632,0.0,4.116313492776052,10.0,59.69,0.0,0.0,0.0,0.0,0.078,10.791626719460156,11.0,345.0,119.1818181818182,1.0,71618.9041422697,3.874401333740776e-05,1848.5153698086572,3.593694760940845
17179,Tazewell County,130049.0,74606.0,58634.0,1383120.0,0.0,186761234.81184775,0.1095978722878994,11,71.22,50.56727272727273,3.772727272727273,83.261,9.973129244210684,0.0,6.3040253049191115,13.0,376.35,0.0,0.0,0.0,0.0,0.1,2.6949785121813385,39.0,345.0,132.69230769230768,78.0,23277177.919268254,0.0136598431435131,1704.0589467033642,76.31719562964062
48243,Jeff Davis County,1711.0,38125.0,1810.0,33952.0,0.0,0.0,0.0,1,0.32,0.88,2.8,0.231,41.3051316393266,0.0,41.53130218874907,3.0,641.58,0.0,0.0,0.0,0.0,0.16,31.051870384374848,1.0,69.0,69.0,66.0,447610854.1677958,0.0763140557011913,5865.378927316117,0.2917117583028724
51678,Lexington city,7769.0,93651.0,2525.0,116888.0,0.0,604570.5484543976,0.09243089875528,0,0.0,0.0,0.0,0.0,17.820581836814668,0.0,1.4712475553267736,1.0,51.7,0.0,0.0,0.0,0.0,0.092,3.2002483786647966,0.0,0.0,0.0,0.0,0.0,0.0,6.5407840516087346,1187.778091846524
27163,Washington County,286895.0,110828.0,104880.0,3165729.0,0.0,150035628.34365258,0.1368477049037746,72,51.37,3.2670833333333333,3.3930555555555557,0.1345416666666666,2.3740675387597863,198.0,6.773882998381853,13.0,350.71,0.0,0.0,0.0,0.0,0.024,4.555705109921649,23.0,345.0,178.0,344.0,31940909.59758824,0.0291333479643606,1096.369344047317,261.67732758826406
42051,Fayette County,123021.0,55579.0,62005.0,1389275.0,0.0,64407119.80797042,0.031134238014153,7,11.11,54.401428571428575,10.028571428571428,4.081142857142857,8.573467117818605,0.0,6.227489246852594,33.0,437.4,0.0,0.0,0.0,0.0,0.051,2.6320230427644193,27.0,500.0,164.8148148148148,137.0,65712611.07003668,0.0317653091721206,2068.6910589779704,59.46803872240744
54023,Grant County,11041.0,52877.0,5671.0,207947.0,0.0,32866507.906910814,0.0264214236612898,4,6.13,19.635,8.25,0.7384999999999999,8.312302105222674,0.0,2.3432392193037215,21.0,379.32,0.0,0.0,0.0,0.0,0.061,11.671326066349136,2.0,500.0,500.0,16.0,12441490.50745022,0.0100017285866303,1243.9340259724029,8.87587265037555
51171,Shenandoah County,45839.0,62149.0,21195.0,706380.0,0.0,81690562.51537395,0.0616236595896033,1,0.15,0.85,5.7,0.281,19.827386175509552,0.0,2.833077022985796,6.0,231.63,0.0,0.0,0.0,0.0,0.074,9.146809582540158,6.0,138.0,122.66666666666669,4.0,4432498.628849289,0.0033436761631331,1325.6363393445083,34.578864986958756
48235,Irion County,1463.0,54708.0,827.0,26124.0,0.0,20991.228305571785,7.706985809367216e-06,0,0.0,0.0,0.0,0.0,35.4444963913194,0.0,16.527847831432393,3.0,47.56,0.0,0.0,0.0,0.0,0.032,4.129416976924552,4.0,138.0,103.5,0.0,0.0,0.0,2723.662508896623,0.5371443764494422
54101,Webster County,7760.0,43409.0,4436.0,158174.0,0.0,45832113.07341392,0.0318140202056182,1,0.27,1.71,6.4,0.037,16.039540492112824,0.0,0.433034311868985,15.0,330.54,0.0,0.0,0.0,0.0,0.09,5.680851960002301,2.0,138.0,138.0,2.0,90717840.05481334,0.0629711135485052,1440.626264055748,5.386546249791064
27033,Cottonwood County,11405.0,63586.0,5157.0,131764.0,0.0,77037892.44171765,0.0458621036741624,36,21.95,1.8577777777777775,2.927777777777778,0.2940277777777778,2.4880150291644196,288.0,3.229787868975071,20.0,472.46,0.0,0.0,0.0,0.0,0.031,6.779885316406727,20.0,69.0,69.0,318.0,72979284.95858528,0.0434459392302423,1679.7722929139632,6.789610739569543
16033,Clark County,783.0,53500.0,449.0,11547.0,0.0,0.0,0.0,1,1.17,6.45,5.5,0.206,37.21004129322297,0.0,2.749301861348893,37.0,294.54,0.0,0.0,0.0,0.0,0.28,98.75689331091444,0.0,0.0,0.0,199.0,43947677.47740463,0.0096186615521918,4569.0013354706225,0.1713722414395723
19109,Kossuth County,14322.0,62553.0,7227.0,259970.0,0.0,123980439.94097844,0.0491305947447936,11,4.33,1.288181818181818,2.936363636363636,3.1987272727272726,3.4714289129260982,81.0,2.17439469847237,26.0,396.76,0.0,0.0,0.0,0.0,0.03,3.0263172094169626,4.0,345.0,207.0,106.0,48148527.07706952,0.0190801530226985,2523.487469926989,5.675478943596408
31103,Keya Paha County,792.0,63977.0,493.0,17352.0,0.0,11902.210377193913,5.937892064133769e-06,3,0.51,0.64,3.733333333333333,0.1053333333333333,16.604738497244085,0.0,1.94308687663213,30.0,443.04,0.0,0.0,0.0,0.0,0.078,7.002750303512786,2.0,69.0,69.0,13.0,44700221.97580504,0.0223004874660708,2004.4504427902948,0.3951207688115734
19187,Webster County,36838.0,65335.0,16981.0,650916.0,0.0,133649293.44571026,0.071818344234188,4,0.8300000000000001,0.4975,2.425,0.12525,7.922955338120072,0.0,3.5181278365152417,13.0,543.61,0.0,0.0,0.0,0.0,0.033,8.653335617424718,13.0,345.0,168.07692307692307,34.0,14577444.324846152,0.0078333965734367,1860.935315630327,19.795422060396767
47159,Smith County,20981.0,57677.0,8577.0,294425.0,0.0,90105980.38402838,0.1069295793682755,4,37.3,264.51000000000005,11.05,172.117,4.201965423688494,0.0,0.1829528005432467,18.0,191.59,0.0,0.0,0.0,0.0,0.16,2.9091631894210757,6.0,161.0,161.0,23.0,17237655.428430095,0.0204550048923542,842.7108924756739,24.89703193269885
51089,Henry County,49242.0,43694.0,25475.0,819306.0,0.0,51092558.22332902,0.0513207073812064,4,9.16,99.4425,15.675,2.7045,3.370790980794273,4.0,1.9612128431878544,19.0,220.82,0.0,0.0,0.0,0.0,0.1,4.050755616956822,8.0,765.0,216.375,11.0,18510738.95537153,0.0185933969715524,995.5544424556986,49.46188565894651
51510,Alexandria city,160662.0,113179.0,80253.0,2494714.0,0.0,3889502.624731154,0.0978458177314966,0,0.0,0.0,0.0,0.0,5.829974055621812,0.0,1.671348445695028,2.0,14.14,1.0,75303.00594707475,0.0018943512591254,0.0,0.081,2.757670464615736,5.0,230.0,230.0,23.0,20602.828977846,0.0005182926554596,39.751342722725184,4041.674796261718
19101,Jefferson County,15291.0,52210.0,7685.0,277912.0,0.0,91033877.33861683,0.0804523997806691,4,0.7,0.4775,2.55,18.11575,0.0,0.0,3.439794734101828,9.0,243.27,0.0,0.0,0.0,0.0,0.06,24.78355635124072,0.0,0.0,0.0,18.0,5547610.35158895,0.0049027743978467,1131.524704466389,13.513624527721662
40003,Alfalfa County,5649.0,75028.0,2505.0,106501.0,0.0,10042.999928240222,4.3991530466672e-06,2,84.44,611.6750000000001,7.95,22.999,3.6416891366844713,1.0,1.0350958161718795,26.0,331.01,1.0,4906617.457450902,0.002149254335458,0.0,0.08,4.589243090744114,26.0,138.0,100.84615384615384,16.0,94600819.90491123,0.0414381646993424,2282.939425317063,2.4744414754742983
48119,Delta County,5549.0,68491.0,2435.0,88216.0,0.0,1762518.0537577777,0.0024484846890083,9,46.69,110.48777777777778,4.355555555555556,7.162888888888888,2.138373466249225,1.0,5.380753770937182,5.0,30.99,0.0,0.0,0.0,0.0,0.078,6.154515082118972,5.0,69.0,69.0,20.0,67445504.90055694,0.0936950891024162,719.8403411179191,7.708653826461502
47169,Trousdale County,12623.0,62018.0,3776.0,170282.0,0.0,35772967.40198363,0.1184126363608652,1,0.28,1.09,3.8,0.301,4.513855379744085,0.0,0.5395093847557773,7.0,51.6,0.0,0.0,0.0,0.0,0.16,4.8762001272671744,1.0,161.0,161.0,34.0,9612427.405614724,0.0318182402409024,302.10430661272244,41.783581775223894
21193,Perry County,26555.0,45330.0,13226.0,471229.0,0.0,31551014.46616596,0.0355562754721752,3,2.53,69.58333333333333,34.53333333333334,4.859333333333334,8.994778870713244,0.0,2.0100498204261976,9.0,373.18,0.0,0.0,0.0,0.0,0.16,2.2583189561879955,14.0,161.0,83.78571428571429,9.0,1729076.070522355,0.0019485745899475,887.3543150169472,29.926039182547772
48507,Zavala County,9037.0,49243.0,3956.0,166318.0,0.0,1076293.3419380374,0.0003192349034904,2,0.4,0.3349999999999999,1.7,0.003,18.909331203432888,0.0,1.1826887997542876,5.0,110.96,0.0,0.0,0.0,0.0,0.025,19.81662178064652,2.0,138.0,138.0,0.0,0.0,0.0,3371.4776521302656,2.680427080479083
31007,Banner County,686.0,62375.0,359.0,11097.0,0.0,21126.33327132261,1.0931425548711469e-05,0,0.0,0.0,0.0,0.0,28.381421731672138,0.0,10.183396513333731,3.0,56.239999999999995,0.0,0.0,0.0,0.0,0.059,16.214085890246196,2.0,345.0,287.5,7.0,17422467.83040037,0.0090149297332806,1932.623808046047,0.3549578542621654
19121,Madison County,17270.0,88110.0,6953.0,287873.0,0.0,116035722.15873715,0.0796957985032853,2,0.41,0.905,3.9,0.14,3.8785184689179952,0.0,1.887982789363672,10.0,293.48,0.0,0.0,0.0,0.0,0.042,9.545180768193452,8.0,345.0,230.0,19.0,16381454.046385756,0.011251130624761,1455.9829223148529,11.861402860785343
12011,Broward County,2013317.0,70331.0,859621.0,22604295.0,2.0,580215762.9449649,0.1712149120733897,53,18.47,0.5958490566037736,1.671698113207547,1.4424150943396226,3.5766978084750667,0.0,1.5555840606201303,20.0,559.5,2.0,1319639.2727477883,0.0003894101754583,0.0,0.025,8.885558254264971,109.0,500.0,190.27522935779817,103.0,10659725.71415622,0.0031455608713767,3388.815588073664,594.1063913555853
13279,Toombs County,27545.0,47310.0,12062.0,369513.0,0.0,128915177.62102322,0.1341657523825052,1,0.16,0.39,2.4,0.02,13.943611421468816,7.0,1.7060144436612783,8.0,253.66000000000005,0.0,0.0,0.0,0.0,0.13,5.117089720909924,8.0,230.0,143.75,4.0,429770.21073058306,0.0004472742832792,960.8650145939432,28.666877846146143
26151,Sanilac County,40083.0,55740.0,21779.0,401802.0,0.0,71302738.12310222,0.0173151951274174,6,59403.39,591667.9283333333,12.016666666666666,1528.759,7.799669051235683,19.0,5.065440607097223,14.0,224.98,0.0,0.0,0.0,0.0,0.036,21.397840899056423,4.0,345.0,345.0,41.0,52540024.05537965,0.012758847590782,4117.928651592204,9.733777195120137
26163,Wayne County,1769038.0,57223.0,792169.0,17291241.0,4.0,161879537.1222487,0.0929548562036404,11,25774.38,45366.94818181818,4.5636363636363635,895.8923636363637,9.834025873597662,0.0,1.1874104415430111,22.0,205.65,0.0,0.0,0.0,0.0,0.055,3.262940376894423,128.0,345.0,145.9375,53.0,14947441.29334768,0.0085831555762526,1741.4855364737316,1015.8212416636306
18043,Floyd County,82153.0,75686.0,34358.0,1195937.0,0.0,32892482.59222998,0.0849391371443851,1,0.3,1.24,4.1,0.01,8.792367413957788,0.0,0.9239678993970384,7.0,135.75,0.0,0.0,0.0,0.0,0.15,0.8044381456400199,38.0,345.0,127.10526315789474,15.0,10527282.955028256,0.0271848840307847,387.2476683404955,212.1458867707507
20129,Morton County,2470.0,57943.0,1321.0,39050.0,0.0,0.0,0.0,1,0.16,0.31,1.9,0.001,21.048584330329696,0.0,27.298791314506552,0.0,0.0,0.0,0.0,0.0,0.0,0.054,20.202179910755476,1.0,115.0,115.0,0.0,0.0,0.0,1890.501561615063,1.3065315840786025
21081,Grant County,26181.0,65461.0,10099.0,413148.0,0.0,31354444.55782791,0.0464234368388806,4,2.0,2.4975,4.75,0.182,5.684389793577632,0.0,0.8134142386011415,18.0,236.29,0.0,0.0,0.0,0.0,0.12,2.482497236847538,9.0,69.0,69.0,3.0,4477767.815759459,0.0066297896327976,675.4011912546777,38.763627217423384
21217,Taylor County,26763.0,63211.0,11201.0,430226.0,0.0,58881269.622764856,0.0821259466912313,2,30.99,446.42,16.2,13.049499999999998,0.5315706967229283,0.0,0.1574920651139097,10.0,391.24,0.0,0.0,0.0,0.0,0.12,0.9351844869968358,12.0,161.0,99.66666666666669,42.0,40815729.20228509,0.0569286365954076,716.9630548569578,37.32828326187536
13115,Floyd County,101378.0,57868.0,40568.0,1363164.0,0.0,162032284.06329843,0.1206657943930902,17,7.8,3.652941176470588,5.029411764705882,50.70923529411765,2.788712905813399,29.0,2.2328531067024113,14.0,277.61,0.0,0.0,0.0,0.0,0.23,1.5353335411420534,62.0,230.0,129.83870967741936,23.0,84607094.40663022,0.0630070872412006,1342.8186908996718,75.49641711650439
24011,Caroline County,34116.0,65326.0,13473.0,321252.0,0.0,64096073.53117566,0.0759317588900955,1,0.15,0.35,2.3,0.482,4.915152414470647,0.0,0.7781210089551521,15.0,113.31,0.0,0.0,0.0,0.0,0.073,3.063741552083738,7.0,230.0,131.42857142857142,22.0,11273710.640523518,0.0133554620586324,844.1273383901071,40.4157032339042
30043,Jefferson County,13329.0,73875.0,5359.0,166386.0,0.0,668172.2380300731,0.0001554662769444,4,10.260000000000002,29.2975,7.575,0.087,13.80745476713904,2.0,4.936366892589957,64.0,490.08,0.0,0.0,0.0,0.0,0.24,99.5853034190237,0.0,0.0,0.0,7.0,51114943.30227492,0.0118931160178667,4297.859637918779,3.1013111462277796
51059,Fairfax County,1167873.0,145165.0,426970.0,18259513.0,25.0,106853422.41765738,0.1014989238431589,10,6.4,5.109,4.29,2.3168999999999995,3.086754947935708,0.0,2.948961451356053,20.0,202.5,1.0,33679390.4294367,0.0319916929840566,0.0,0.083,3.783723317072794,80.0,500.0,223.8125,366.0,56350047.37225875,0.0535234709646639,1052.8100356096202,1109.2912876003825
54045,Logan County,30375.0,42194.0,14864.0,616267.0,0.0,22708774.043251533,0.0192822536103679,1,0.18,1.43,7.8,0.004,11.773648028733968,0.0,0.8548488297414135,10.0,209.6,0.0,0.0,0.0,0.0,0.11,3.3599433424582545,17.0,138.0,127.17647058823528,5.0,81625819.3426229,0.0693093227631226,1177.7033173674895,25.79172492092235
54073,Pleasants County,7338.0,59666.0,3224.0,143287.0,0.0,27638799.139182616,0.0793134396426615,3,24.799999999999997,74.58999999999999,6.566666666666666,424.31633333333326,4.674599407386789,0.0,2.4292348774610906,4.0,292.26,0.0,0.0,0.0,0.0,0.074,2.437347470829468,19.0,500.0,157.05263157894737,8.0,5617749.001245316,0.0161209245621137,348.47560880272,21.05742787913231
51071,Giles County,16564.0,61987.0,8309.0,268905.0,0.0,31232400.025163926,0.033352276424173,1,0.16,1.02,6.5,0.008,15.379914974791332,0.0,0.2961278030077292,16.0,301.53000000000003,0.0,0.0,0.0,0.0,0.2,7.127424262045266,7.0,138.0,138.0,31.0,57958961.16755285,0.0618928834338906,936.439828812624,17.688269433181446
35015,Eddy County,62509.0,77458.0,26261.0,899113.0,0.0,717425147.8723589,0.0659811592990321,21,24.0,58.48142857142858,9.604761904761906,1.3782380952380953,5.286937094174371,0.0,3.6631084695570153,28.0,184.85,0.0,0.0,0.0,0.0,0.05,8.64892820868138,64.0,345.0,110.328125,39.0,453979413.3173718,0.0417522135618027,10873.181912747665,5.74891512913205
31117,McPherson County,369.0,58250.0,240.0,8713.0,0.0,1.3355462543447345,5.993992768459855e-10,7,5.02,2.0114285714285716,2.957142857142857,0.0015714285714285,18.297403554820264,9.0,14.199854131862391,1.0,16.51,0.0,0.0,0.0,0.0,0.049,43.33900104989255,0.0,0.0,0.0,1.0,40153232.10982433,0.0180209545055901,2228.1412506406823,0.1656088903223246
31145,Red Willow County,10307.0,58344.0,5175.0,196705.0,0.0,160856314.4943626,0.0864992196963246,0,0.0,0.0,0.0,0.0,25.9240777292467,0.0,4.459121074602718,10.0,218.92,0.0,0.0,0.0,0.0,0.041,2.645985495691574,28.0,115.0,75.57142857142857,2.0,202207.9326196087,0.0001087357275594,1859.6273474984869,5.542508295473637
30051,Liberty County,1957.0,48047.0,877.0,27959.0,0.0,0.0,0.0,4,65.75,439.7,8.85,7.57325,21.400463307797143,25.0,22.365386166475265,20.0,205.51,0.0,0.0,0.0,0.0,0.07,264.12931837863687,0.0,0.0,0.0,11.0,24654186.357835196,0.0065778467294711,3748.0633665991863,0.522136316434716
48131,Duval County,9402.0,50697.0,4469.0,168015.0,0.0,508545936.4298807,0.1093514724213894,0,0.0,0.0,0.0,0.0,36.59134135678881,0.0,15.553345303022624,1.0,1.07,0.0,0.0,0.0,0.0,0.028,32.69549188078521,2.0,138.0,138.0,2.0,2923447.5114708277,0.000628622248307,4650.5632267134215,2.021690608568383
29173,Ralls County,10444.0,62615.0,5050.0,132377.0,0.0,155359429.22777888,0.123977713021697,5,59.53,459.84399999999994,10.54,8.834399999999999,5.02196485602557,10.0,5.257813980200339,15.0,205.93,0.0,0.0,0.0,0.0,0.11,4.983674362309865,16.0,345.0,103.5,6.0,4725638.963375774,0.0037710860931542,1253.1241256873784,8.334369904714055
48251,Johnson County,218048.0,77058.0,66715.0,3284466.0,0.0,194422638.4607073,0.1022371859746034,3,6.390000000000001,29.136666666666667,8.133333333333333,0.5546666666666668,9.115832598703996,23.0,4.622815974473919,16.0,173.22,0.0,0.0,0.0,0.0,0.046,3.01929219041255,27.0,345.0,186.55555555555551,1.0,588543.3049425373,0.0003094856455516,1901.6820760572896,114.66059587208892
13061,Clay County,2815.0,43264.0,1882.0,39520.0,0.0,74871293.35862215,0.1330711900990662,1,126.37,1152.6,9.1,287.226,6.198743389942742,2.0,0.9362700981630466,16.0,163.27,0.0,0.0,0.0,0.0,0.059,7.711432059129825,0.0,0.0,0.0,14.0,5671693.256474939,0.0100804852922853,562.6408939672324,5.0031912542850865
41023,Grant County,7075.0,56045.0,4128.0,101520.0,0.0,12114931.76676243,0.0010329198328658,5,1.2,1.284,4.88,0.0288,9.644424959756565,47.0,1.7910113027180543,92.0,1153.32,0.0,0.0,0.0,0.0,0.16,88.97274928739182,0.0,0.0,0.0,61.0,1104551173.1724727,0.0941741014435798,11728.820941649385,0.603214938244685
48159,Franklin County,10994.0,67915.0,5143.0,174937.0,0.0,214733.47751485129,0.0002812690590499,6,51.86,43.968333333333334,4.766666666666667,1.953833333333333,2.7620203275846116,4.0,6.192396566196926,9.0,119.3,0.0,0.0,0.0,0.0,0.072,0.8500305303655256,13.0,138.0,74.3076923076923,0.0,0.0,0.0,763.4450736961645,14.400512071907594
40005,Atoka County,14609.0,49181.0,6012.0,261061.0,0.0,377901.72776735,0.000147405856071,5,32.53,70.06,6.459999999999999,1.8732,8.273549018757054,3.0,0.0636296625623351,28.0,455.35,0.0,0.0,0.0,0.0,0.13,4.742391331016074,4.0,138.0,138.0,24.0,102974813.7689866,0.0401667668006526,2563.6819184389287,5.69844484018348
17129,Menard County,11863.0,84846.0,5605.0,131412.0,0.0,119017390.62642136,0.1456922035001838,2,0.74,0.875,2.0,0.067,5.678385795772121,0.0,2.849743514025999,5.0,145.46,0.0,0.0,0.0,0.0,0.12,4.509619536323627,7.0,138.0,78.85714285714286,81.0,12592726.073089862,0.0154150750504267,816.9098127576904,14.521798875145562
13015,Bartow County,120800.0,74812.0,42731.0,1546481.0,0.0,118324771.73792347,0.0973111163986615,6,38.02,138.96333333333334,7.283333333333334,11.070833333333333,5.642195018788025,59.0,3.0422962411529615,20.0,288.67,0.0,0.0,0.0,0.0,0.2,2.3998608115763855,49.0,500.0,141.6326530612245,4.0,56471337.55672616,0.0464424209304072,1215.9430198814814,99.34676051824734
40111,Okmulgee County,37241.0,50819.0,16749.0,686881.0,0.0,319725697.6740486,0.1757380731747969,7,8.4,11.2,5.585714285714286,0.3441428571428571,3.007847513652547,90.0,3.9436047752399066,27.0,417.69,0.0,0.0,0.0,0.0,0.096,4.072461293567855,19.0,345.0,140.42105263157896,30.0,73816835.73592673,0.0405736184938043,1819.3308478808408,20.469613893140092
18049,Fulton County,20091.0,62644.0,9540.0,302266.0,0.0,31224873.122526392,0.0324727109531437,6,4.94,2.6199999999999997,2.733333333333333,0.5128333333333334,5.896611160008212,0.0,4.931186418796478,10.0,108.85,0.0,0.0,0.0,0.0,0.075,15.8572509308982,1.0,765.0,765.0,11.0,3691101.593753689,0.0038386088770423,961.5727238659588,20.893895491570373
20091,Johnson County,636906.0,103644.0,252108.0,8811827.0,6.0,95652034.45225549,0.076952639531739,9,2.71,1.3099999999999998,3.911111111111111,0.1292222222222222,4.102083325228016,0.0,1.5563622941483153,12.0,145.51,0.0,0.0,0.0,0.0,0.066,1.9203139250943695,75.0,345.0,155.48,7.0,2919820.971333184,0.0023490136107796,1242.9987454879238,512.3947247026307
24009,Calvert County,94484.0,128078.0,35749.0,914178.0,0.0,60747906.50178841,0.0679704981351951,2,0.35,0.6699999999999999,3.9,0.0579999999999999,19.859511620536452,0.0,3.2648884489345917,8.0,212.78999999999996,2.0,1860248.076725306,0.0020814213313891,1.0,0.073,4.353045751627358,17.0,500.0,132.23529411764707,81.0,15874505.82534007,0.0177618971703436,893.7393158567002,105.71762741513916
27169,Winona County,50523.0,66162.0,21702.0,572411.0,0.0,159189.01655284443,9.579069343206222e-05,11,3.11,0.8736363636363635,3.1181818181818177,1.4755454545454547,9.783177890720882,4.0,1.7962955303139825,26.0,277.32,0.0,0.0,0.0,0.0,0.028,6.8055828922981885,25.0,69.0,69.0,162.0,111717697.81746528,0.0672251761147043,1661.8431408322972,30.40178628092221
29003,Andrew County,18241.0,68774.0,7532.0,231231.0,0.0,178919068.7328464,0.158309148531156,0,0.0,0.0,0.0,0.0,22.901733309385637,0.0,1.2727138950716528,12.0,354.11999999999995,0.0,0.0,0.0,0.0,0.054,1.062942481448918,8.0,161.0,103.5,28.0,26550580.629046187,0.0234921843169753,1130.1878220775282,16.139795212506467
29139,Montgomery County,11590.0,58660.0,5798.0,146054.0,0.0,146162333.16276634,0.1044116759824301,2,0.87,2.235,5.3,0.0949999999999999,8.719427857238545,0.0,1.9530443958355412,9.0,464.42,0.0,0.0,0.0,0.0,0.15,4.599192380118242,12.0,345.0,122.66666666666669,19.0,17893557.819550145,0.0127823363336918,1399.865983215139,8.2793639812439
37083,Halifax County,46534.0,41629.0,24847.0,640114.0,0.0,338070799.52121055,0.1787417276874695,6,87.46000000000001,128.16666666666666,4.466666666666666,191.06633333333332,6.755899813223916,415.0,1.747893759047385,13.0,363.59,0.0,0.0,0.0,0.0,0.064,3.187962555991975,12.0,232.0,191.83333333333337,147.0,80860038.27579808,0.0427515862439468,1891.3927032882243,24.603034535926728
35043,Sandoval County,159565.0,76424.0,58915.0,2258983.0,0.0,191762110.3610857,0.019933252674658,2,8.62,608.55,141.3,31.461499999999997,39.17178781986463,7.0,9.825693669016154,33.0,450.45,1.0,483046.34210253553,5.021161256813694e-05,0.0,0.16,16.42576926177061,24.0,345.0,151.41666666666666,50.0,848777029.2684493,0.0882285189503683,9620.211688534791,16.586433351582784
21051,Clay County,19465.0,37888.0,8630.0,339631.0,0.0,49096291.317496054,0.040235428988378,0,0.0,0.0,0.0,0.0,26.132414472606385,0.0,2.6878501880892016,11.0,207.98,0.0,0.0,0.0,0.0,0.18,5.360242776841629,14.0,161.0,82.14285714285714,2.0,14384799.102985792,0.0117886412046365,1220.2253723124818,15.95197120275524
42035,Clinton County,37870.0,59011.0,18623.0,417860.0,0.0,117538820.69030195,0.0505040975847319,2,1.08,3.98,6.95,5.8175,20.439095117612524,0.0,0.1799810018912288,26.0,463.79,0.0,0.0,0.0,0.0,0.052,15.24505723342538,9.0,230.0,140.55555555555554,81.0,162567345.69556737,0.0698519607639486,2327.3125609878352,16.271987112863755
13235,Pulaski County,10172.0,42545.0,4078.0,137094.0,0.0,120876434.96312933,0.1857835073026924,0,0.0,0.0,0.0,0.0,19.34261560464749,519.0,0.101036054827419,8.0,322.41,0.0,0.0,0.0,0.0,0.093,6.845559206533564,3.0,230.0,153.33333333333334,7.0,28276130.656316645,0.0434595769463424,650.6306007356636,15.634063304890038
37167,Stanly County,68830.0,60634.0,27802.0,807080.0,0.0,65265733.49374046,0.0622504982772786,5,51.04,99.232,8.620000000000001,137.265,4.730418453419338,12.0,1.4485800024905535,17.0,254.91,0.0,0.0,0.0,0.0,0.12,2.9236580861699477,36.0,100.0,100.0,36.0,6327286.481003109,0.0060349698854347,1048.4371258047004,65.65009794666642
47143,Rhea County,34844.0,55568.0,15175.0,486099.0,0.0,94602670.99280074,0.1085539370821041,5,233.25,472.558,5.84,679.3817999999999,7.380497877168483,0.0,3.8898179823255177,24.0,187.56,0.0,0.0,0.0,1.0,0.3,2.2711103027305146,12.0,161.0,161.0,28.0,38622536.49300894,0.0443182877651777,871.4807913530449,39.9825221000016
37079,Greene County,20700.0,50320.0,7889.0,266533.0,0.0,80313893.6103667,0.1160490529183128,2,0.28,0.27,1.9,0.244,13.98078914954496,56.0,2.251832403962333,8.0,177.92000000000002,0.0,0.0,0.0,0.0,0.067,8.872507264194402,8.0,115.0,115.0,10.0,584763.8141754011,0.0008449507770744,692.0684968183225,29.910334157912168
17123,Marshall County,11473.0,64940.0,5828.0,125428.0,0.0,87206222.4709403,0.0844850605273034,4,60.580000000000005,125.4375,4.925,207.137,6.346064854166977,0.0,5.3238830820838805,20.0,149.7,0.0,0.0,0.0,0.0,0.091,7.643971647979012,2.0,138.0,138.0,51.0,31023215.959323592,0.0300551750071326,1032.2087943910203,11.114999273735895
48095,Concho County,3607.0,55750.0,1424.0,53440.0,0.0,48778.73626296176,1.895310387885846e-05,1,47.05,666.5,14.2,9.565,22.607420928123087,0.0,13.865369011532923,11.0,304.93,0.0,0.0,0.0,0.0,0.028,18.38085093560135,2.0,345.0,207.0,0.0,0.0,0.0,2573.6542454860273,1.4015091601081902
48081,Coke County,3412.0,40230.0,2156.0,55238.0,0.0,27289.425069966343,1.135410576960106e-05,2,16.51,548.5,52.45,2.4170000000000003,0.2405669747206843,0.0,0.9268984006251932,10.0,210.65,0.0,0.0,0.0,0.0,0.034,5.195029611191693,10.0,138.0,105.8,0.0,0.0,0.0,2403.485190619745,1.4196051689089906
47133,Overton County,23787.0,46580.0,10353.0,332216.0,0.0,20861530.827840928,0.0185235879156746,3,89.94,701.8666666666668,10.4,14.731333333333332,3.39555388698564,0.0,4.759277061660995,16.0,188.09,0.0,0.0,0.0,0.0,0.15,5.7205503263927,6.0,161.0,145.66666666666666,2.0,7736427.087659982,0.0068694089850887,1126.2143663964723,21.12120099844831
26063,Huron County,30530.0,54475.0,20402.0,310408.0,0.0,176378596.19711342,0.0318709349845844,7,59400.880000000005,507143.3657142857,10.3,1309.0962857142858,11.938587050944118,55.0,0.8872105149154095,24.0,192.34,0.0,0.0,0.0,0.0,0.033,8.204169619442585,19.0,345.0,155.52631578947367,41.0,55831748.09061088,0.0100885824688329,5534.151925019623,5.516653755379465
26069,Iosco County,25266.0,46224.0,19943.0,248606.0,0.0,83517505.07763112,0.0170604883112804,28,59440.94,126793.44285714286,5.935714285714285,332.0734642857143,0.0,0.0,20.163795797480145,34.0,189.33,0.0,0.0,0.0,0.0,0.03,34.94398212815571,3.0,138.0,138.0,7.0,2806880.754816106,0.000573373884483,4895.376002948832,5.161197012196918
13069,Coffee County,44407.0,48398.0,17370.0,590102.0,0.0,184136417.0810567,0.1179714174262968,3,1.4600000000000002,1.1,2.1666666666666665,0.2813333333333334,9.86182512191296,52.0,0.9800177472438352,11.0,581.66,0.0,0.0,0.0,0.0,0.085,2.603787390754473,15.0,230.0,161.0,11.0,27951694.09572399,0.0179079240500658,1560.8561895604653,28.45041093280025
38037,Grant County,2206.0,57069.0,1675.0,91087.0,0.0,227003729.56490776,0.0526085669344087,2,10.57,265.47499999999997,27.2,5.9105,16.186368235959907,0.0,3.1592544345741005,18.0,810.84,0.0,0.0,0.0,0.0,0.027,12.772868172675397,6.0,69.0,69.0,3.0,3663649.4884486464,0.0008490580736566,4314.957483026124,0.5112448983976801
22103,St. Tammany Parish,279108.0,76914.0,110680.0,6002835.0,0.0,26570941.660478223,0.0093637256212911,55,1676.59,115.99309090909092,2.021818181818182,7.425745454545456,6.063760777261761,1232.0,4.860253213135416,32.0,542.73,2.0,6214408.830867183,0.0021899870894421,0.0,0.059,4.131220633832789,15.0,500.0,248.0,171.0,257755143.8965141,0.0908341302892396,2837.6464119351745,98.35897764642854
45045,Greenville County,583125.0,71328.0,228097.0,8829136.0,0.0,132605743.28212082,0.0643551108403251,13,11.18,16.707692307692305,8.23076923076923,7.207615384615384,10.70172132173464,89.0,3.8481616823417815,28.0,483.65,0.0,0.0,0.0,0.0,0.2,2.4989855784506254,136.0,500.0,108.67647058823528,32.0,166950813.96187282,0.0810231782350199,2060.5315367610783,282.9973672310817
46085,Lyman County,3694.0,60284.0,1560.0,56235.0,0.0,198.80595304490447,4.497058741032411e-08,7,230.21,335.4985714285714,3.671428571428572,140.92585714285715,3.3024838969343184,4.0,14.5283977313978,43.0,468.98,0.0,0.0,0.0,0.0,0.077,2.22795891565484,14.0,69.0,69.0,8.0,24346845.333053134,0.0055073397909497,4420.799561534702,0.8355954502306389
55121,Trempealeau County,31171.0,68474.0,13286.0,359396.0,0.0,177951036.68357408,0.0926005852385379,7,1.86,0.7057142857142857,2.542857142857143,11.946142857142858,17.495122267294846,33.0,2.040706476239967,28.0,369.24,0.0,0.0,0.0,0.0,0.027,1.5217561165882731,40.0,161.0,80.5,96.0,50469114.06225805,0.0262626708207708,1921.7053134726352,16.220489052856994
48431,Sterling County,1349.0,63558.0,521.0,23369.0,0.0,29865.86181058553,1.2486300232899269e-05,0,0.0,0.0,0.0,0.0,25.54144869586782,0.0,26.22499148580388,0.0,0.0,0.0,0.0,0.0,0.0,0.035,11.28062092149622,8.0,138.0,138.0,0.0,0.0,0.0,2391.890412173022,0.5639890494708908
48495,Winkler County,7540.0,89155.0,3210.0,128166.0,0.0,21829.492888971323,1.0018600484609534e-05,2,1.06,0.955,1.8,0.0395,22.255355262339293,0.0,50.201782431836286,0.0,0.0,0.0,0.0,0.0,0.0,0.065,8.600104105586185,12.0,138.0,120.75,0.0,0.0,0.0,2178.8964418407563,3.460467351826103
46071,Jackson County,2666.0,26078.0,1017.0,43054.0,0.0,1.1970978732623303,2.470005196798163e-10,4,0.88,0.495,2.05,0.02525,15.06209651266014,3.0,2.678157299460989,14.0,495.46,0.0,0.0,0.0,0.0,0.073,10.161222005384,8.0,115.0,74.75,1.0,55559059.69324994,0.0114636546632202,4846.539897220108,0.5500831637699242
49041,Sevier County,22827.0,66972.0,8596.0,221423.0,0.0,49559912.25207263,0.0099753249129328,14,18.96,23.939285714285713,5.964285714285714,0.9391428571428572,5.067862544422343,28.0,3.189988611182823,65.0,489.32,0.0,0.0,0.0,0.0,0.28,67.81358479892624,0.0,0.0,0.0,11.0,43662588.49011646,0.0087883227983395,4968.250426391504,4.594575160451303
51036,Charles City County,6623.0,65573.0,3252.0,109349.0,0.0,92276863.15490665,0.1744409420907244,8,1.77,0.5125,2.4,1.448,7.291861638221087,0.0,3.1760443462092725,8.0,91.23,0.0,0.0,0.0,0.0,0.095,11.7204843015366,0.0,0.0,0.0,12.0,26017838.059526555,0.0491843353479488,528.986269214911,12.520173746342133
20197,Wabaunsee County,7018.0,70000.0,3128.0,97924.0,0.0,183366612.55644187,0.0885330260494965,3,0.85,1.0833333333333333,3.6,0.0886666666666666,5.551010216665055,0.0,3.3804903589139976,22.0,367.19,0.0,0.0,0.0,0.0,0.065,1.4293708752319705,5.0,345.0,184.0,7.0,8376427.764784586,0.0040443049412008,2071.1662168326334,3.388429157912974
27055,Houston County,18400.0,71580.0,8725.0,215774.0,0.0,189362161.2475863,0.1285309405060537,2,0.67,1.09,4.9,0.2125,9.150507589051744,6.0,5.90575568725824,24.0,247.75,0.0,0.0,0.0,0.0,0.03,3.866036557453318,24.0,161.0,72.83333333333333,166.0,73582431.99557261,0.049944609454789,1473.2807563983636,12.489133466306392
21181,Nicholas County,7949.0,57539.0,3318.0,124634.0,0.0,27633190.735051587,0.0542064747159102,1,0.36,1.44,4.0,0.042,2.108140399926664,0.0,2.3242615178159283,9.0,349.07,0.0,0.0,0.0,0.0,0.13,4.731390291395657,7.0,69.0,69.0,9.0,27110525.11661861,0.0531811909945294,509.7765696786943,15.593105828716595
25023,Plymouth County,546829.0,105387.0,215021.0,3805880.0,0.0,467828081.92933345,0.1652153204782362,76,33.11,1.7082894736842107,3.5973684210526313,0.3980657894736842,2.2188970333518334,7975.0,7.7173793985912305,40.0,193.21,0.0,0.0,0.0,0.0,0.11,2.5247666471063983,75.0,345.0,161.0,488.0,139323337.78885242,0.0492025827264458,2831.626513661972,193.11480428710175
36005,Bronx County,1406332.0,47036.0,547816.0,10031654.0,0.0,18924425.594761845,0.1273609243801621,0,0.0,0.0,0.0,0.0,6.669261651790848,39.0,1.75336439319138,2.0,33.25,0.0,0.0,0.0,0.0,0.18,1.1508367883488302,5.0,138.0,138.0,0.0,0.0,0.0,148.58894662442893,9464.58018546038
39103,Medina County,185025.0,89968.0,75138.0,2439379.0,0.0,57930187.16340205,0.0528672345274353,4,2.36,2.0575,4.025,1.0315,4.962092755257657,0.0,1.320478981546131,16.0,261.8,0.0,0.0,0.0,0.0,0.067,17.01928640363573,4.0,345.0,241.5,61.0,8409262.230623603,0.0076743138649817,1095.767306181663,168.8542804263275
42005,Armstrong County,63698.0,61011.0,32172.0,715291.0,0.0,78307763.87793356,0.0455362301631709,3,5.11,59.866666666666674,59.76666666666666,11.933333333333332,11.002670789909866,0.0,0.2360315441881298,24.0,588.07,0.0,0.0,0.0,0.0,0.049,5.198179374941763,12.0,500.0,245.75,25.0,4468565.970619517,0.0025984862606296,1719.680430227352,37.04060294015135
55071,Manitowoc County,81710.0,66412.0,37821.0,956362.0,0.0,207793972.03800297,0.0536985084000472,14,57733.03,347143.9092857143,8.528571428571428,135.37057142857142,0.0,0.0,5.605962948925431,13.0,253.17,0.0,0.0,0.0,1.0,0.031,7.853269272966969,22.0,345.0,131.72727272727272,53.0,31915813.786288813,0.0082477445225597,3869.6414151760687,21.115651615559887
55029,Door County,30616.0,68257.0,23873.0,350076.0,0.0,490500335.7154952,0.0799004260524237,11,57739.579999999994,441823.3472727273,10.863636363636363,170.89245454545454,0.0,0.0,9.015983346409923,12.0,46.64,0.0,0.0,0.0,0.0,0.025,14.238217218825728,13.0,138.0,74.3076923076923,117.0,46310464.38407369,0.0075437783943115,6138.895121706503,4.987216655932916
39053,Gallia County,29072.0,55533.0,13462.0,390395.0,0.0,95850035.08130056,0.0785402876553995,7,2.87,5.588571428571428,7.242857142857143,2.3434285714285714,11.245339219864,0.0,3.7558438280464577,15.0,353.03,0.0,0.0,0.0,0.0,0.1,6.851715023573555,18.0,765.0,195.83333333333337,13.0,32357483.138583787,0.0265139812557554,1220.3932267455982,23.821830015826787
48441,Taylor County,150077.0,61806.0,60980.0,2438712.0,0.0,327670485.22694117,0.1376195015234012,3,1.07,18.856666666666666,37.8,0.086,6.741623814161932,2.0,7.229958136154025,9.0,36.58,1.0,25038.24345196486,1.0515901609186678e-05,0.0,0.034,2.6469067832213393,62.0,345.0,114.62903225806453,0.0,0.0,0.0,2380.988752627448,63.0313771261575
26139,Ottawa County,308459.0,83932.0,114701.0,2960922.0,0.0,133987317.60629044,0.0317105225880794,22,57743.469999999994,220913.1290909091,6.822727272727274,115.39486363636364,0.0,0.0,17.631512723581658,22.0,272.18,0.0,0.0,0.0,0.0,0.047,18.54829401322356,52.0,345.0,167.19230769230768,41.0,11691949.34392792,0.002767111323616,4225.326695078141,73.0024024791521
17031,Cook County,5194625.0,78304.0,2261319.0,54396966.0,29.0,209274538.53410605,0.0494307086760696,46,57748.95,105653.5154347826,4.339130434782609,43.18113043478261,2.175690988817605,0.0,0.1644826396045944,30.0,355.27,1.0,122410.16188957264,2.8913316898165674e-05,0.0,0.075,6.4571515993004125,245.0,345.0,174.33061224489796,769.0,109449277.45607547,0.0258520334238394,4233.681570098387,1226.9758398195454
45047,Greenwood County,70379.0,47553.0,31404.0,1116101.0,0.0,80226477.57297523,0.0667847628441209,1,36.75,315.8,8.6,59.015,13.196738713424056,33.0,0.9461701408680956,17.0,305.31,0.0,0.0,0.0,0.0,0.2,3.071910177951579,44.0,230.0,105.9090909090909,1.0,59294.18223934534,4.9359612806658485e-05,1201.2691929250063,58.58720128219726
20059,Franklin County,26299.0,68217.0,11180.0,369340.0,0.0,264225472.1138061,0.1767659640173272,4,0.42,0.2925,2.7,0.11175,10.986716271734412,0.0,4.311397618588443,9.0,230.62,0.0,0.0,0.0,0.0,0.064,2.930315455174017,2.0,161.0,161.0,2.0,1233480.197030384,0.0008251941601958,1494.7757225252592,17.59394376272765
27027,Clay County,67734.0,75006.0,26987.0,756449.0,0.0,311877855.5063846,0.1143961592257107,53,13.46,0.6628301886792454,2.3867924528301887,0.0295849056603773,8.989142583991665,16.0,1.370866011386786,11.0,617.22,0.0,0.0,0.0,0.0,0.03,9.52188406520466,22.0,230.0,86.77272727272727,340.0,238978978.01591465,0.0876569996332558,2726.2965766084767,24.844692459784163
49003,Box Elder County,65320.0,72769.0,19788.0,586696.0,0.0,1062478034.194143,0.0609615084321145,21,7592.760000000001,1167.6966666666667,2.5714285714285716,17.525,0.0,105.0,15.201178590604489,44.0,301.26,0.0,0.0,0.0,0.0,0.23,65.48305585710825,5.0,115.0,96.6,53.0,572313746.7634393,0.0328374876232217,17428.6703456179,3.747847581294315
54051,Marshall County,29159.0,58129.0,14787.0,579181.0,0.0,40697117.75907223,0.0503454410916768,2,0.45,10.04,31.4,0.0235,10.472229222700337,0.0,1.486610733742154,19.0,345.51,0.0,0.0,0.0,0.0,0.058,5.154183733668741,38.0,765.0,134.52631578947367,9.0,13987125.076586124,0.0173006269985923,808.47503837429,36.06666701625562
54035,Jackson County,27450.0,55173.0,12925.0,526513.0,0.0,80371041.86026189,0.0657962458872512,5,2.02,2.724,6.220000000000001,1.7426,5.074792891868887,0.0,3.5031458427063025,18.0,378.74,1.0,1458874.6977740703,0.0011943167104928,0.0,0.095,17.038346666737535,5.0,345.0,179.4,8.0,11161001.87096187,0.0091370225699781,1221.514096685488,22.47211069809516
24005,Baltimore County,847650.0,88157.0,349471.0,8179311.0,1.0,157709717.56289825,0.0893186044314049,9,20.39,50.093333333333334,11.18888888888889,7.204222222222223,2.5779645752552605,0.0,3.4699246761240174,24.0,254.83,4.0,27179210.555422895,0.0153928952119865,0.0,0.09,5.316142170649773,132.0,500.0,133.59848484848484,32.0,17000792.240497336,0.0096283669808988,1765.6984070325068,480.0649967310044
29163,Pike County,17955.0,53363.0,7623.0,231603.0,0.0,285567719.71513486,0.1610278879499201,5,1.52,1.096,3.02,0.074,17.374518606201004,5.0,8.158982806787463,26.0,346.07,0.0,0.0,0.0,0.0,0.14,3.336398973291699,15.0,161.0,136.46666666666667,35.0,57409978.46229701,0.0323727330986263,1773.4053620802636,10.124588762344883
39087,Lawrence County,55710.0,51846.0,26579.0,778556.0,0.0,75591701.96026519,0.0638275155019796,3,0.7,1.3533333333333335,4.966666666666666,822.1576666666668,7.745391704066696,0.0,2.6784702878703635,15.0,203.61,0.0,0.0,0.0,0.0,0.11,6.455823412018013,25.0,765.0,202.2,9.0,21195964.543027855,0.0178972786743268,1184.312147602246,47.039963334658225
48143,Erath County,43911.0,59654.0,18311.0,710431.0,0.0,214154149.0320919,0.0758715982256764,4,0.64,0.4775,3.05,0.09975,24.715611696830997,0.0,15.07198732779428,12.0,188.67,0.0,0.0,0.0,0.0,0.04,1.5860724248203408,9.0,138.0,112.44444444444444,0.0,0.0,0.0,2822.586501935819,15.55700771965162
13137,Habersham County,50416.0,61292.0,18491.0,627374.0,0.0,25318000.686416935,0.035029907292535,4,3.25,17.57,14.075,17.685000000000002,13.707321611251484,0.0,1.1090943935132052,13.0,170.55,0.0,0.0,0.0,0.0,0.16,5.6155485353970755,19.0,115.0,115.0,12.0,43573766.87680135,0.0602885312334617,722.7538303772305,69.75542415830037
13319,Wilkinson County,8650.0,40757.0,4307.0,122426.0,0.0,175888434.37887552,0.1502620308421819,8,3.12,1.5187499999999998,3.6875,0.967375,1.9234734320320253,100.0,2.2434701022664756,9.0,276.64,0.0,0.0,0.0,0.0,0.14,4.101538477986286,10.0,115.0,115.0,6.0,15274621.42700725,0.0130491560975726,1170.5447703126588,7.389721623111894
54061,Monongalia County,107991.0,60893.0,49565.0,2008778.0,0.0,33231539.5723953,0.0350682590501494,4,6.05,23.095,8.8,19.1035,6.3130010257164315,0.0,5.017209275669213,14.0,184.8,0.0,0.0,0.0,0.0,0.055,2.1495621841878148,20.0,500.0,174.2,4.0,9295798.719072126,0.0098095809509006,947.6244465079508,113.95970249390768
39033,Crawford County,41896.0,52486.0,19868.0,557485.0,0.0,39594915.69487717,0.037963284806083,2,0.87,0.8999999999999999,1.85,0.0885,1.246888051264211,0.0,2.583832280950044,13.0,246.31,0.0,0.0,0.0,0.0,0.077,4.748180774054734,6.0,345.0,172.5,7.0,917433.510856896,0.0008796278272619,1042.9791809936496,40.16954581977902
39059,Guernsey County,38379.0,53901.0,19051.0,512329.0,0.0,126534309.98089316,0.0924778815092869,4,32.76,95.41,10.425,3.12875,1.9738435690643503,0.0,2.249385766058896,26.0,253.52,0.0,0.0,0.0,0.0,0.064,2.254884790332347,12.0,138.0,97.75,14.0,6911191.453778844,0.0050510596243176,1368.2656645955851,28.04937739290826
26015,Barry County,63991.0,75182.0,27466.0,610286.0,0.0,82675188.3904171,0.0553184162487677,79,54.76,3.227215189873418,3.641772151898734,0.479632911392405,3.5482741347419156,0.0,4.458255825168121,34.0,210.92,0.0,0.0,0.0,0.0,0.068,6.711676833422666,5.0,345.0,138.0,49.0,95362223.16049142,0.0638073799917946,1494.532813802333,42.81672467076621
29209,Stone County,32503.0,58392.0,20102.0,397954.0,0.0,196099383.94581792,0.1482815828190655,1,118.07,4270.3,36.2,147.921,3.3594699044461858,0.0,3.422015399556274,22.0,253.09,0.0,0.0,0.0,0.0,0.14,7.133439928146188,24.0,161.0,88.16666666666667,15.0,15550194.15997143,0.0117583612125029,1322.479712856291,24.577314634037023
51760,Richmond city,237257.0,59606.0,111524.0,3679634.0,0.0,17684141.76216209,0.1091248440672289,1,0.18,0.87,4.9,231.388,2.8522764706848465,0.0,0.1124686126606057,1.0,33.55,0.0,0.0,0.0,0.0,0.16,3.668559080858864,20.0,230.0,126.5,75.0,1674342.7226047106,0.0103319907166927,162.0542225129536,1464.0593519927268
37169,Stokes County,46126.0,57539.0,21285.0,579039.0,0.0,56341707.38691182,0.0476939059218,3,13.38,42.73333333333333,6.3,0.956,18.53755882754853,28.0,2.638796392801498,18.0,233.87,0.0,0.0,0.0,0.0,0.11,7.175862481989084,26.0,100.0,100.0,58.0,21588618.190195687,0.0182749776501683,1181.3211815335303,39.04611270926472
19039,Clarke County,9574.0,63120.0,4321.0,170753.0,0.0,66954837.67448449,0.0598827781720776,1,0.83,3.64,4.4,0.166,1.554215132197452,0.0,1.6320263430884472,7.0,188.89,0.0,0.0,0.0,0.0,0.046,0.9774716730709976,9.0,69.0,69.0,8.0,3096361.700575798,0.002769310587497,1118.098386853141,8.562752717089394
19065,Fayette County,19047.0,56043.0,9323.0,343435.0,0.0,135809274.64477715,0.0716988794877233,2,0.6799999999999999,1.615,4.1,0.5475,6.5689982667203335,0.0,2.750370400240474,14.0,393.52,0.0,0.0,0.0,0.0,0.036,10.79769661873071,2.0,161.0,161.0,30.0,9144187.65837452,0.0048275643224351,1894.161744438852,10.055635457700946
48381,Randall County,152351.0,78038.0,60525.0,2455126.0,0.0,187200991.4521047,0.0783558677375475,33,17.22,3.682424242424242,2.409090909090909,0.0071818181818181,9.08771719419132,6.0,0.5320859907027199,6.0,62.33,0.0,0.0,0.0,0.0,0.092,3.3478159698411893,35.0,230.0,116.8,1.0,31225808.290081345,0.0130700443989108,2389.1126408632094,63.76886438680184
48401,Rusk County,54854.0,61661.0,21188.0,882696.0,0.0,324767359.63936424,0.1336007086332027,6,34.95,74.99499999999999,7.983333333333333,2.279333333333333,13.632405396567552,18.0,2.380525730156695,40.0,593.1899999999999,0.0,0.0,0.0,0.0,0.063,5.019199778931641,31.0,345.0,134.29032258064515,1.0,848848.4249496434,0.000349193808212,2430.8805167419023,22.565485889664604
19181,Warren County,57331.0,89741.0,21083.0,909571.0,5.0,203545129.11701488,0.1371548476424092,5,1.3,1.032,3.76,37.071,4.812105016199473,0.0,0.5566423911060316,19.0,417.42,0.0,0.0,0.0,0.0,0.044,17.866822961081215,5.0,345.0,161.0,89.0,49211685.024506584,0.0331603167579865,1484.0535264987857,38.63135592909284
39161,Van Wert County,29013.0,64841.0,12560.0,382938.0,0.0,35083158.52388999,0.0330045086175124,3,0.6599999999999999,0.3,1.3,0.5793333333333334,0.9182456825777808,0.0,0.3654779515385589,15.0,237.6,0.0,0.0,0.0,0.0,0.097,15.082455227425204,3.0,345.0,207.0,4.0,314382.1626312933,0.0002957552635601,1062.980786366703,27.294002273707335
13199,Meriwether County,21516.0,52392.0,9522.0,283193.0,0.0,109430851.60847412,0.0836515607193676,7,1.45,0.7085714285714285,3.2857142857142856,0.5634285714285714,4.594156986601012,32.0,3.1598840796571808,19.0,400.89,0.0,0.0,0.0,0.0,0.09,11.269906716964876,9.0,230.0,127.77777777777776,6.0,29606507.51471968,0.0226319224989447,1308.1746597576998,16.447345038762023
50023,Washington County,59652.0,77278.0,30697.0,505630.0,0.0,57523211.472793534,0.0319396810441724,24,13.21,7.6825,7.5375,0.8235416666666667,5.3091128822716875,73.0,1.380351758187048,19.0,221.78,0.0,0.0,0.0,0.0,0.14,2.491862998073266,22.0,115.0,56.45454545454545,177.0,81282702.29617657,0.045132104402345,1800.9951756637654,33.121687834624524
46093,Meade County,30711.0,70256.0,12429.0,443767.0,0.0,23924095.768485203,0.0026522151284101,7,1.97,0.8528571428571429,2.8000000000000003,0.164,28.653692055502045,10.0,4.962987801318801,29.0,695.6,2.0,16047855.730860632,0.0017790584923171,0.0,0.051,45.8371128991545,8.0,115.0,92.0,10.0,22376172.24403133,0.0024806129892093,9020.420493389343,3.404608468364273
29229,Wright County,19671.0,43573.0,8374.0,234066.0,0.0,110091655.05275355,0.0622228075538841,1,0.12,0.51,4.2,0.173,4.071249007887657,0.0,0.4401253899285529,9.0,231.07,0.0,0.0,0.0,0.0,0.19,10.958648818227118,10.0,161.0,96.6,9.0,10464282.572864532,0.0059143178549016,1769.3135251755111,11.1178712648165
30101,Toole County,5211.0,54040.0,2329.0,69179.0,0.0,0.0,0.0,35,83.81,51.435428571428574,3.177142857142857,1.0260285714285715,6.398391260194527,40.0,25.476288945990685,11.0,148.69,0.0,0.0,0.0,0.0,0.12,245.83613724133164,0.0,0.0,0.0,77.0,194207286.6188733,0.038552303742487,5037.501465958979,1.0344413863129254
36107,Tioga County,47453.0,70427.0,21909.0,353063.0,0.0,82629483.27167301,0.0609971642312436,4,0.81,0.8325,4.275,0.2005,9.688929132701528,0.0,0.7782365950103297,19.0,213.4,0.0,0.0,0.0,0.0,0.063,4.579547737055732,11.0,345.0,156.8181818181818,7.0,1143801.139034309,0.0008443551038092,1354.644667716355,35.02985035920582
48287,Lee County,18729.0,66448.0,7886.0,292199.0,0.0,192531018.9938917,0.1172305968349959,4,44.71,318.11,9.4,7.53,19.067788083214047,16.0,1.86514017986612,19.0,251.69,0.0,0.0,0.0,0.0,0.035,1.1684683460688812,5.0,345.0,207.0,1.0,888996.970213188,0.0005413031381088,1642.3273903769657,11.403938161014963
13121,Fulton County,1098791.0,86267.0,493587.0,14731072.0,16.0,106024478.46777776,0.0765451319143003,11,3.31,1.6318181818181818,4.090909090909091,17.536272727272728,4.632407912476666,40.0,3.119109194288763,16.0,353.41,2.0,322395.57934532315,0.0002327557985307,0.0,0.12,0.6605723889887044,158.0,500.0,164.27215189873417,55.0,8333581.594484039,0.0060208359601953,1384.1236747818314,793.8531939157778
48073,Cherokee County,53337.0,56971.0,20909.0,849466.0,0.0,436891631.73452014,0.15881107840073,6,41.3,243.45333333333335,14.133333333333336,4.7683333333333335,12.53898007885243,5.0,4.70447928357978,36.0,553.9399999999999,0.0,0.0,0.0,0.0,0.057,2.4818858949135527,12.0,345.0,109.25,14.0,26269174.509089004,0.0095489031643893,2751.0148607490487,19.38811773102431
29007,Audrain County,24528.0,51745.0,10563.0,323605.0,0.0,119591517.54885373,0.0662644294853932,7,1.3,0.5171428571428571,2.5,0.0931428571428571,2.748136472174712,1.0,2.5929384007512613,16.0,283.42,0.0,0.0,0.0,0.0,0.12,7.7886685011279555,21.0,345.0,108.42857142857144,9.0,8918960.62229991,0.0049419050235378,1804.7616414762424,13.590714383721505
20075,Hamilton County,2500.0,58750.0,967.0,36602.0,0.0,35481.43940386285,1.3731994412943216e-05,0,0.0,0.0,0.0,0.0,50.15602310786768,4.0,1.4312305724545809,6.0,118.93,0.0,0.0,0.0,0.0,0.046,5.351921141594856,4.0,115.0,115.0,9.0,122476864.87550966,0.0474008848694624,2583.8518671708384,0.967547726618457
19151,Pocahontas County,6819.0,61434.0,3663.0,124364.0,0.0,75073040.48653716,0.050091646889147,4,2.16,0.9075,2.0500000000000003,0.5885,16.14829637628639,0.0,0.7462179402953855,11.0,434.2,0.0,0.0,0.0,0.0,0.032,12.510977887066556,8.0,161.0,92.0,70.0,19006841.196566395,0.0126821022770116,1498.713760653028,4.549901508229822
16045,Gem County,21773.0,65204.0,7640.0,257258.0,0.0,40761954.05099545,0.0278754561103503,5,4.17,9.378,5.68,16.9884,9.337122517323191,0.0,5.520030245859415,13.0,198.87,0.0,0.0,0.0,0.0,0.2,74.9641588342958,0.0,0.0,0.0,13.0,8291776.371883649,0.0056704116176626,1462.2882659974412,14.889677026265696
18111,Newton County,14188.0,63673.0,6037.0,205437.0,0.0,61943202.96365928,0.0592820699123061,3,3.76,2.873333333333333,2.4333333333333336,21.781666666666663,8.066575325703802,0.0,2.8332249295080327,24.0,173.51,0.0,0.0,0.0,0.0,0.083,20.11276238662557,2.0,138.0,138.0,77.0,93294791.4026705,0.0892867672600984,1044.8893410027556,13.578471368445689
13119,Franklin County,25948.0,52597.0,10655.0,318793.0,0.0,15526076.833852004,0.0225137670180515,3,189.55,1414.18,9.566666666666666,41.14833333333333,9.534314698419168,42.0,3.442606476960645,12.0,214.25,0.0,0.0,0.0,0.0,0.15,7.234095515037569,8.0,115.0,115.0,1.0,2039679.562793209,0.0029576609055601,689.6258996285782,37.626197064198415
13265,Taliaferro County,1662.0,45881.0,1013.0,21576.0,0.0,35634856.15142414,0.0704320211345423,0,0.0,0.0,0.0,0.0,12.926644919326824,3.0,5.3182554923582535,8.0,313.21,0.0,0.0,0.0,0.0,0.17,6.294183977974905,3.0,115.0,115.0,1.0,936554.0052801496,0.0018510918414608,505.946806259512,3.2849303117204007
30059,Meagher County,2137.0,55753.0,1421.0,26662.0,0.0,259.3339906372795,4.1811967767710625e-08,7,5.95,12.397142857142857,11.385714285714286,0.3622857142857142,5.289012521670566,9.0,3.492574716385418,55.0,669.42,0.0,0.0,0.0,0.0,0.17,80.72156230963515,0.0,0.0,0.0,1.0,4861037.247162381,0.0007837365715019,6202.386648675041,0.3445447891347611
29087,Holt County,4200.0,55153.0,2440.0,55104.0,0.0,405391.24346054014,0.000332776516835,5,7.46,2.298,1.7,0.4608,1.2279449137437906,16.0,4.345492275982566,24.0,291.82,0.0,0.0,0.0,0.0,0.052,4.575850856559161,4.0,69.0,69.0,45.0,88403657.46041256,0.0725685672186712,1218.208665936937,3.4476852097992063
48295,Lipscomb County,2955.0,71625.0,1507.0,52718.0,0.0,0.0,0.0,0,0.0,0.0,0.0,0.0,33.438674631490045,0.0,4.200139693871372,9.0,94.32,0.0,0.0,0.0,0.0,0.076,2.810143891994656,6.0,69.0,69.0,1.0,3600497.7210723525,0.0014910612205342,2414.7215898904005,1.2237435621446204
49001,Beaver County,7301.0,80268.0,2904.0,71797.0,0.0,0.0,0.0,2,3.04,24.195,9.8,1.102,37.83753728297301,8.0,30.777118561741695,22.0,102.24,0.0,0.0,0.0,0.0,0.19,22.278309579969047,8.0,138.0,94.875,14.0,93185842.8639243,0.0139187023942886,6695.009363959199,1.0905137846860962
18075,Jay County,20118.0,52231.0,8919.0,304785.0,0.0,59113543.2799824,0.0594244118312726,0,0.0,0.0,0.0,0.0,18.648628967648097,0.0,1.940606772430096,9.0,154.01999999999998,0.0,0.0,0.0,0.0,0.095,12.375891753631448,3.0,138.0,138.0,12.0,3664671.2746126554,0.0036839431873907,994.7686726429388,20.2237973041006
26117,Montcalm County,69406.0,61250.0,27949.0,663615.0,0.0,29.620003184024572,1.5867250896313717e-08,60,24.36,1.211833333333333,2.775,0.2216,1.4383148369153167,0.0,1.7762133404466924,24.0,317.51,0.0,0.0,0.0,0.0,0.042,3.8451991730542296,11.0,138.0,125.45454545454544,68.0,98235029.81959514,0.0526238925522825,1866.7381878297456,37.18036115213931
36083,Rensselaer County,160510.0,83734.0,74186.0,1162067.0,0.0,33395285.932643294,0.0193777190344428,20,17.32,6.3705,5.5200000000000005,16.241899999999998,2.0217599840396714,179.0,0.1699194332400187,28.0,398.61999999999995,0.0,0.0,0.0,0.0,0.1,9.266100889253083,46.0,345.0,145.0,83.0,41909495.280216455,0.024318116683158,1723.3857303284387,93.13643322868316
35031,McKinley County,68119.0,44029.0,25180.0,1027647.0,0.0,320917564.9142021,0.0227103741700764,19,8.629999999999999,1.656842105263158,3.305263157894737,0.025,4.348132909090911,6.0,12.70916419559199,19.0,63.79,0.0,0.0,0.0,0.0,0.085,8.88387554450728,25.0,345.0,127.88,14.0,161691813.05933166,0.0114424449136958,14130.879744572469,4.820577432637472
13017,Ben Hill County,17099.0,38255.0,8122.0,236285.0,0.0,43556865.23773349,0.0662344441972148,1,0.29,0.94,3.3,0.336,3.5134593434945387,149.0,5.301454077226288,7.0,443.64,0.0,0.0,0.0,0.0,0.083,3.8952801366910785,11.0,115.0,115.0,0.0,0.0,0.0,657.6165281623224,26.00147543095112
20159,Rice County,9266.0,58523.0,4395.0,134683.0,0.0,376282575.35543895,0.1995750600023413,0,0.0,0.0,0.0,0.0,23.960843689933306,0.0,3.0917194727714774,10.0,499.96,0.0,0.0,0.0,0.0,0.053,3.5854026868085054,4.0,230.0,143.75,5.0,4263400.75940459,0.0022612486437006,1885.4188243656856,4.9145579116180595
1015,Calhoun County,115834.0,54339.0,53167.0,2020284.0,0.0,178110706.00951284,0.112317236817569,5,28.24,32.018,4.82,65.28439999999999,3.228186238361862,6.0,2.762517893740086,16.0,231.83,3.0,154983375.73438394,0.0977330611120892,0.0,0.16,1.0925711459507372,49.0,230.0,126.73469387755102,7.0,67582686.29532579,0.0426178797298106,1585.7824632240677,73.04532789730624
21037,Campbell County,95441.0,71979.0,41465.0,1546942.0,0.0,53695285.38229749,0.1300566337856894,1,0.62,3.22,5.2,0.225,6.455714362557262,0.0,2.731917024654129,14.0,259.61,0.0,0.0,0.0,0.0,0.11,1.6168835148883058,21.0,345.0,124.85714285714286,11.0,1204436.3886519785,0.0029172941572391,412.8607962495625,231.1699266847043
21057,Cumberland County,5992.0,40515.0,3408.0,99863.0,0.0,50834991.383643985,0.0631296763783299,1,89.62,2104.3,23.5,43.141,12.831419214809875,0.0,1.7503404812415622,15.0,172.77,0.0,0.0,0.0,0.0,0.14,6.180238045222404,5.0,161.0,124.2,6.0,13250099.161965558,0.0164546988070269,805.2471404889651,7.441193763645675
48195,Hansford County,4944.0,62350.0,2283.0,89577.0,0.0,0.0268784620239563,1.1275254856563666e-11,4,1.69,0.4325,1.35,0.001,3.40319059559042,0.0,8.767607068420038,6.0,65.94,0.0,0.0,0.0,0.0,0.078,4.32736411941909,15.0,115.0,102.73333333333332,0.0,0.0,0.0,2383.8451871719367,2.0739601827353944
13239,Quitman County,2254.0,38889.0,1715.0,30829.0,0.0,48548213.905286565,0.1167413386412132,2,126.67,576.9449999999999,6.699999999999999,143.7765,8.474792683709612,0.0,4.179177673569737,14.0,94.35,0.0,0.0,0.0,0.0,0.063,12.28890129049979,0.0,0.0,0.0,3.0,1123697.1949939474,0.0027020955915472,415.8613775578857,5.420075346348448
17039,De Witt County,15118.0,61823.0,7333.0,166652.0,0.0,75883776.04614419,0.0723273891348404,2,18.85,154.28,8.8,3.626,2.7514600781426033,0.0,3.100089280093428,11.0,222.49,0.0,0.0,0.0,1.0,0.12,5.299281856281199,10.0,345.0,241.5,11.0,2165694.737628145,0.0020641967621568,1049.170688246446,14.409476140882086
27049,Goodhue County,48195.0,78338.0,20905.0,545035.0,0.0,151525232.90677994,0.0750472342057586,14,12.79,3.9528571428571433,3.307142857142857,53.90164285714286,20.53716153525417,24.0,2.8816392511926177,39.0,391.07,0.0,0.0,0.0,1.0,0.025,5.259844316089104,35.0,345.0,97.91428571428573,107.0,31133074.721862342,0.0154201135632736,2018.9912735800085,23.870831256512677
36059,Nassau County,1398939.0,137709.0,476982.0,10059133.0,0.0,205543042.73622748,0.1750417857314316,5,1.26,0.726,2.42,0.4574,6.909646899267594,191.0,24.006846997934097,0.0,0.0,0.0,0.0,0.0,0.0,0.15,3.683093674104544,41.0,500.0,92.97560975609755,34.0,15424674.236966686,0.013135752428719,1174.251290184422,1191.3455081495288
38091,Steele County,1797.0,85750.0,1114.0,72451.0,0.0,135636967.31951413,0.0732034269681047,16,6.22,0.79875,2.05,0.0195,13.150191549979311,1678.0,8.87632251789506,6.0,224.66,0.0,0.0,0.0,0.0,0.024,2.460323000024547,12.0,230.0,93.55,166.0,141967257.60200238,0.0766198929911759,1852.8772628063073,0.9698429766893046
29071,Franklin County,108090.0,70111.0,45420.0,1358402.0,0.0,328214193.97074294,0.1361789471292072,10,1.8,0.596,3.38,1.7592,6.7025031353878095,0.0,2.632629546873289,20.0,663.6899999999999,0.0,0.0,0.0,0.0,0.24,8.31148306491842,16.0,345.0,159.5625,37.0,72125178.5464259,0.029920755921535,2410.5399855394276,44.84057540983364
54107,Wood County,82385.0,54350.0,40287.0,1566512.0,0.0,102176581.37600245,0.1047083666476669,0,0.0,0.0,0.0,0.0,18.75195853247196,0.0,0.2437301604465967,15.0,381.64,1.0,416347.4881963958,0.0004266639660459,0.0,0.083,4.6388009988389936,21.0,138.0,138.0,20.0,3266241.136853676,0.0033471737839693,975.8206019946454,84.42637902048729
55097,Portage County,71943.0,71301.0,31265.0,833193.0,0.0,149606764.52053618,0.0702020528110399,31,30.0,6.2064516129032254,3.0903225806451613,5.617741935483871,4.485216643186108,0.0,4.552622506627742,31.0,327.49,0.0,0.0,0.0,0.0,0.028,3.886126893112268,22.0,345.0,138.0,128.0,152831727.06610736,0.0717153466227426,2131.088173777863,33.758809647215976
45063,Lexington County,317588.0,71280.0,128830.0,4911204.0,0.0,254927602.99521303,0.1300079301217387,14,182.92,194.29928571428567,4.0285714285714285,7.698,3.4847697363506955,32.0,1.7847323754228832,16.0,317.11,0.0,0.0,0.0,0.0,0.23,2.386370043420746,104.0,230.0,119.64423076923076,12.0,4292578.841945954,0.002187602021523,1962.230241018554,161.85052771133857
24003,Anne Arundel County,603380.0,116009.0,233163.0,5734926.0,1.0,164602295.42368895,0.1081203768428167,4,0.74,0.4275,2.3,0.03275,12.480669987827168,0.0,3.4650184229292225,15.0,305.35,5.0,27795279.062810004,0.0182575585534013,0.0,0.078,2.467301024481011,71.0,500.0,153.94366197183098,71.0,46030692.590286806,0.030235640493887,1522.3984621590205,396.3351349845062
55039,Fond du Lac County,104669.0,70368.0,45711.0,1223387.0,0.0,388005850.0549272,0.1956147098847306,13,663.03,318.22923076923075,3.292307692307692,10.835769230769232,5.474752276832805,0.0,0.6957166486807128,27.0,316.55,0.0,0.0,0.0,0.0,0.035,1.4552516169362024,55.0,345.0,104.12727272727273,166.0,93737354.94708969,0.0472580645130512,1983.5208215351815,52.76929733411598
1073,Jefferson County,665742.0,63595.0,308428.0,11610144.0,1.0,191681802.88074815,0.0658353264105451,19,7.02,4.019473684210527,8.284210526315789,0.8277368421052632,6.164455109290706,10.0,2.381205128412586,19.0,664.84,2.0,660524.5007189304,0.0002268647594787,0.0,0.18,2.4196716801020615,262.0,500.0,127.50763358778626,8.0,4496248.066120054,0.001544288321324,2911.534073031873,228.65677793931556
1127,Walker County,65140.0,52987.0,30127.0,1137514.0,0.0,150741606.40684402,0.0722828478395873,5,63.96,413.408,10.22,10.8074,5.962888960849646,6.0,0.2071360338371582,16.0,474.77,0.0,0.0,0.0,0.0,0.19,1.3429160364776365,93.0,230.0,150.61290322580646,16.0,30127080.706348523,0.0144463844206876,2085.44088465524,31.235601296254817
29063,DeKalb County,9795.0,67910.0,4255.0,149326.0,0.0,98034781.71016271,0.0888903530773895,8,2.42,1.10625,3.3,0.1355,1.9840524044545849,0.0,3.8662389024127033,6.0,138.72,0.0,0.0,0.0,0.0,0.057,1.617975524613865,13.0,345.0,118.53846153846152,3.0,17747034.1028054,0.0160916370695739,1102.873127580131,8.881347958392729
13083,Dade County,16154.0,59531.0,7385.0,223618.0,0.0,26803214.717619043,0.0593853955675568,0,0.0,0.0,0.0,0.0,17.103889642397455,2.0,0.4185220253992231,7.0,44.08,0.0,0.0,0.0,0.0,0.29,5.697017021639145,6.0,500.0,229.0,35.0,25288704.04185507,0.0560298348066898,451.3435409742739,35.79091874258318
69110,Saipan Municipality,,,,,0.0,18528476.092113327,0.0284329058344143,1,0.17,0.45,2.6,0.16,8.6922540646361,0.0,5769.432074986431,0.0,0.0,0.0,0.0,0.0,0.0,0.0,5933.357209493908,0.0,0.0,0.0,0.0,0.0,0.0,651.6560846794277,
17125,Mason County,12411.0,58479.0,6646.0,140802.0,0.0,266356940.50478673,0.1824783263654807,18,37.5,6.675000000000001,2.2555555555555555,103.09716666666668,15.032516240205204,0.0,3.2321611298117463,14.0,392.97,0.0,0.0,0.0,0.0,0.11,1.5295890704453932,7.0,138.0,128.14285714285714,83.0,91708096.90334104,0.0628282484763173,1459.66343368477,8.50264500267004
51197,Wythe County,27983.0,53921.0,14040.0,454703.0,0.0,56992054.30558859,0.0473480565358364,1,0.35,1.82,5.2,0.284,18.053374281012015,7.0,1.577560737865364,7.0,265.51,0.0,0.0,0.0,0.0,0.16,3.099396613160251,11.0,138.0,131.72727272727272,11.0,42251908.37559882,0.0351021870055664,1203.683074473362,23.24781380866652
13303,Washington County,19453.0,43810.0,8651.0,274873.0,0.0,137745356.98830724,0.0777136547532704,20,5.51,1.1175000000000002,3.46,0.266,4.822703470729103,144.0,3.956339075483546,9.0,625.02,0.0,0.0,0.0,0.0,0.15,0.2916403776234755,25.0,230.0,133.4,3.0,3378532.185459966,0.0019061120430791,1772.4730283967317,10.975061221437016
5143,Washington County,271213.0,61985.0,100954.0,4314121.0,0.0,157986780.9341605,0.064059656858422,8,25.21,68.39375,7.1625,4.85125,11.757580347318466,0.0,3.3753624532306463,35.0,418.08,0.0,0.0,0.0,0.0,0.11,1.4407673417181226,49.0,161.0,91.53061224489797,3.0,109686.57845971476,4.447514234504588e-05,2466.244573401177,109.97003416655164
47153,Sequatchie County,17861.0,53038.0,6915.0,233624.0,0.0,27293456.326349605,0.0396103149063656,1,0.24,1.43,5.9,0.356,8.821730176308987,0.0,3.1815059795643914,6.0,192.79,0.0,0.0,0.0,0.0,0.25,5.18910292805308,1.0,161.0,161.0,11.0,19515590.488538753,0.0283224915009539,689.0492133392096,25.921225442582823
48471,Walker County,83842.0,47193.0,28801.0,1325002.0,0.0,361096189.5308592,0.1739491488688185,17,38.97,17.67705882352941,3.4529411764705884,42.2705294117647,7.669108670695434,2.0,1.8703831897854253,37.0,347.83000000000004,0.0,0.0,0.0,0.0,0.044,0.8022770103476606,8.0,345.0,163.875,15.0,1768520.6285228375,0.0008519410219042,2075.8721355733537,40.388807462287616
39157,Tuscarawas County,92373.0,61953.0,40785.0,1222096.0,0.0,134750296.34249938,0.0910261293231661,8,7.680000000000001,8.452499999999999,4.0625,38.03625,5.949287097896096,0.0,4.332831785943054,25.0,384.47,0.0,0.0,0.0,0.0,0.06,7.699144451099651,19.0,138.0,127.10526315789474,11.0,3853404.8755795457,0.002603035309058,1480.350597692776,62.39940737280035
9110,Capitol Planning Region,994115.0,88190.0,413960.0,,1.0,195493875.26879907,0.072148377629343,53,24.84,3.093962264150943,4.681132075471698,14.59890566037736,4.151899405791675,1223.0,0.4025145671677547,93.0,547.55,2.0,832972.4330707041,0.0003074142838152,0.0,0.11,0.7869803974895926,70.0,345.0,141.28571428571428,1114.0,100505484.27565834,0.0370922496868079,2709.608749112974,366.8850716271996
9120,Greater Bridgeport Planning Region,337697.0,83147.0,125378.0,,1.0,60095658.00868785,0.0974262898199165,10,7.26,11.241,7.9,0.6667,3.6989061167746224,126.0,1.623919013295943,18.0,101.84,0.0,0.0,0.0,0.0,0.13,1.912092503342152,23.0,345.0,125.0,73.0,14947594.030663112,0.0242328427110541,616.8320493346212,547.4699318303498
9130,Lower Connecticut River Valley Planning Region,177311.0,99742.0,82618.0,,0.0,164357078.22895524,0.1226963247986246,35,13.18,2.1519999999999997,5.817142857142857,33.132485714285714,1.8251170826348333,555.0,1.931051268862299,35.0,230.93,1.0,2732894.71330144,0.0020401685220795,0.0,0.13,4.946611413425564,21.0,345.0,191.66666666666663,711.0,84719227.86158262,0.0632448448003006,1339.5436122752687,132.36672428964826
9140,Naugatuck Valley Planning Region,463349.0,82939.0,191666.0,,0.0,48513344.41923793,0.044432070465942,30,10.01,1.6960000000000002,4.846666666666667,0.4178666666666666,0.8998253361286435,302.0,2.855638616827022,37.0,299.6,0.0,0.0,0.0,0.0,0.12,0.2967770487617677,47.0,345.0,119.8936170212766,337.0,37547857.79616851,0.0343890754887423,1091.8542375022614,424.3689167337598
9150,Northeastern Connecticut Planning Region,98096.0,83119.0,41503.0,,0.0,69026146.91229445,0.0473245627744026,47,16.47,1.925744680851064,4.774468085106383,1.5523617021276594,0.8422159346899808,301.0,1.3455714821076243,52.0,277.83,0.0,0.0,0.0,0.0,0.11,3.989743916951447,10.0,345.0,161.0,192.0,46745831.55678627,0.0320491022378169,1458.5691421218007,67.25495361659605
9160,Northwest Hills Planning Region,114690.0,87971.0,55596.0,,0.0,17237997.19700286,0.0082360599011029,62,48.06,10.525967741935483,10.26290322580645,1.0488548387096774,2.7340144339082606,466.0,2.681335491182195,79.0,470.62,0.0,0.0,0.0,0.0,0.1,3.0007156850052943,14.0,115.0,115.0,534.0,156879374.65988114,0.074954643058592,2092.990750916512,54.79718434005393
9170,South Central Connecticut Planning Region,578741.0,83617.0,246338.0,,1.0,147341675.51878914,0.0918186452044695,24,11.6,5.2441666666666675,7.6,0.767375,0.4861637482409717,621.0,1.7706417654898703,31.0,195.5,0.0,0.0,0.0,0.0,0.12,1.849717032020565,46.0,345.0,125.0,728.0,37837769.268296234,0.023579294164798,1604.7032198607917,360.6529810853162
9180,Southeastern Connecticut Planning Region,284015.0,80330.0,125334.0,,0.0,172565093.6015924,0.0977359367204143,54,23.94,2.149074074074074,4.474074074074074,3.000351851851852,4.06618327963333,924.0,1.7360121889752214,64.0,345.62,3.0,7620086.190331282,0.0043157990191328,1.0,0.12,1.6282628181785912,58.0,345.0,146.72413793103448,326.0,59050828.74918651,0.0334447016338746,1765.6258200664097,160.85797838486383
9190,Western Connecticut Planning Region,640482.0,118930.0,248939.0,,2.0,143598350.0163798,0.0855573007602343,29,32.06,12.671724137931031,5.655172413793103,0.5794482758620689,4.986451437164477,293.0,0.0958387400595477,54.0,269.23,0.0,0.0,0.0,0.0,0.14,0.9861806265424722,68.0,345.0,118.38235294117646,998.0,72778679.98211464,0.0433622490256237,1678.3880360796782,381.6054370215938
48389,Reeves County,12138.0,57487.0,5064.0,245009.0,0.0,0.0,0.0,3,18.6,215.25666666666663,14.6,5.181,23.87160221504863,0.0,16.4912969394522,13.0,448.33,0.0,0.0,0.0,0.0,0.096,19.818250218990578,6.0,138.0,88.16666666666667,1.0,1012710.5088252672,0.0001479936603784,6842.931692041939,1.7738011346972846
51155,Pulaski County,33586.0,59740.0,17031.0,543664.0,0.0,50286734.74643886,0.0589351760674776,2,15.15,145.155,13.6,56.3095,3.1542856963213466,0.0,1.8498152665976588,14.0,382.39,1.0,6981504.621831635,0.0081822016517525,0.0,0.18,10.28397161928971,4.0,138.0,138.0,2.0,1922135.3920366643,0.0022527091532917,853.2550192855531,39.36220618792516
37179,Union County,267674.0,95533.0,84798.0,3234528.0,1.0,103213233.1182757,0.0623016080191776,6,2.88,1.5133333333333334,3.0500000000000003,0.634,3.0321757701486156,32.0,1.8583007854190352,19.0,288.87,0.0,0.0,0.0,0.0,0.14,1.7846070195758856,37.0,230.0,114.05405405405403,52.0,2392630.0085943053,0.0014442401662614,1656.6704516935818,161.57347390747637
38053,McKenzie County,15192.0,83813.0,7639.0,533195.0,0.0,9249034.67780283,0.0012483794284021,9,1136.08,3360.7622222222217,5.266666666666667,89.37944444444445,27.270563446685763,5.0,2.4597484743700164,63.0,531.4,0.0,0.0,0.0,0.0,0.036,6.881281150268674,66.0,345.0,128.24242424242425,39.0,170280051.95434707,0.0229833838244797,7408.832974932995,2.0505253730783957
18085,Kosciusko County,80892.0,70945.0,38312.0,1197597.0,0.0,140346015.98870856,0.0977427518365649,41,38.59,3.160731707317073,3.0634146341463415,1.078439024390244,0.0747132123778022,0.0,0.2128130779298532,35.0,171.17000000000002,0.0,0.0,0.0,0.0,0.074,4.62956143099039,10.0,765.0,262.8,92.0,30902065.83363653,0.021521472702562,1435.8713393232504,56.33652388251284
34015,Gloucester County,312638.0,99668.0,117041.0,2425312.0,1.0,114386457.16655326,0.1311566225571991,13,5.33,1.09,2.5076923076923077,1.5666923076923078,6.90993413455491,73.0,4.7318021742742875,10.0,84.67,0.0,0.0,0.0,0.0,0.13,7.339227767044407,16.0,500.0,233.5625,190.0,44398629.85779752,0.0509020433435494,872.236691131258,358.4325254587953
33011,Hillsborough County,433415.0,95112.0,175630.0,3383335.0,0.0,171196510.84277967,0.0740625602871035,61,35.31,3.914754098360655,5.098360655737705,0.9292950819672132,1.884013241038276,786.0,3.012342285996922,73.0,460.13,1.0,11682132.495669974,0.0050538917994483,0.0,0.25,11.333243517736776,35.0,345.0,164.28571428571428,394.0,79145757.59115355,0.0342398230553973,2311.5118750205665,187.50282215017552
30045,Judith Basin County,2162.0,58750.0,1291.0,27655.0,0.0,0.0,0.0,1,0.57,1.82,3.2,0.01,26.64004883318609,0.0,0.0565325181613283,39.0,573.78,0.0,0.0,0.0,0.0,0.064,87.90946615307506,0.0,0.0,0.0,1.0,326382649.02926904,0.0673713270630865,4844.5334722833395,0.4462762023153077
37121,Mitchell County,15062.0,55534.0,8665.0,194160.0,0.0,9134892.667320278,0.0158959346288841,0,0.0,0.0,0.0,0.0,24.2462234612144,1.0,0.1987980284440776,7.0,114.27,0.0,0.0,0.0,0.0,0.19,6.233776511824375,1.0,115.0,115.0,122.0,36547102.7007964,0.0635968452574492,574.6684847785845,26.20989387612456
41065,Wasco County,26310.0,61316.0,12038.0,373805.0,2.0,485389.7308890309,7.825316019943386e-05,5,3.4,4.286,5.08,0.3122,7.418129844585086,8.0,3.7542123909241263,37.0,1017.01,0.0,0.0,0.0,0.0,0.22,9.498692170110612,8.0,500.0,500.0,87.0,398041241.3274533,0.0641708267526442,6202.837979036209,4.24160684011418
46105,Perkins County,2853.0,64410.0,1725.0,44690.0,0.0,13337.735474922822,1.7819291307344678e-06,12,19.83,48.78583333333333,5.091666666666667,1.6446666666666667,5.560492994118127,0.0,2.0960306174668624,41.0,1028.09,0.0,0.0,0.0,0.0,0.035,15.245760367888346,4.0,230.0,230.0,22.0,50892047.03683193,0.0067992067550105,7484.997716730369,0.3811624409213929
19173,Taylor County,5835.0,65926.0,2908.0,104037.0,0.0,91594975.4838256,0.0661453876651522,3,0.5499999999999999,0.6366666666666667,3.4,0.0943333333333333,2.0653981636401615,0.0,3.6212123210201974,15.0,202.78,0.0,0.0,0.0,0.0,0.046,11.599197353604644,2.0,161.0,161.0,6.0,1345717.8647836633,0.000971811274405,1384.7522664392984,4.213750099145103
1129,Washington County,14822.0,51184.0,7779.0,271737.0,0.0,556260620.5236313,0.1972993914335654,12,3.63,0.9283333333333332,3.1666666666666665,87.10541666666667,12.250188716730458,8.0,1.647869069269718,22.0,539.22,0.0,0.0,0.0,0.0,0.08,9.99767634701114,25.0,230.0,128.8,1.0,61315303.33005016,0.0217478490949,2819.3732199672554,5.257196846103314
39039,Defiance County,38292.0,69302.0,16563.0,509498.0,0.0,66557594.32083753,0.0620454110660776,3,2.17,4.21,3.4333333333333336,20.659666666666663,4.4962059576600275,0.0,1.0659085076882566,14.0,272.82,0.0,0.0,0.0,0.0,0.086,7.6637031241657985,14.0,138.0,138.0,21.0,3370794.159062214,0.003142275668949,1072.7238836399104,35.696044978573234
51051,Dickenson County,13236.0,40143.0,7367.0,228675.0,0.0,19303072.904543515,0.0223430143626452,1,2.78,179.7,64.6,7.853,8.503951576127516,0.0,1.8203102047228557,16.0,139.31,0.0,0.0,0.0,0.0,0.15,1.9134022334046272,10.0,138.0,92.0,4.0,14334181.82623778,0.0165915982395225,863.9421964842802,15.320469417818089
51007,Amelia County,13632.0,63438.0,5726.0,212057.0,0.0,90267246.52584076,0.0972112829427657,4,10.73,26.3425,5.65,22.5035,4.682889996862784,0.0,2.2063225121983203,15.0,189.17,0.0,0.0,0.0,0.0,0.17,18.631063348865784,0.0,0.0,0.0,0.0,0.0,0.0,928.5675883494328,14.68067609836721
13243,Randolph County,6156.0,24638.0,3493.0,89143.0,0.0,45769886.52589101,0.0410140461613869,4,0.93,0.7125,2.975,0.3047499999999999,15.611278913522913,3.0,1.646696197478509,10.0,179.04,0.0,0.0,0.0,0.0,0.062,5.449543212512669,3.0,115.0,115.0,3.0,2215088.6214720164,0.0019849240159515,1115.9563810356626,5.51634463910402
35029,Luna County,25407.0,38241.0,11514.0,372060.0,0.0,827799235.6691372,0.1077834471126487,0,0.0,0.0,0.0,0.0,80.61848083267247,0.0,72.09423021943115,0.0,0.0,0.0,0.0,0.0,0.0,0.12,4.721288829372934,9.0,345.0,150.77777777777777,87.0,309082093.3892722,0.0402439770790084,7680.207470113395,3.3081137584978384
56045,Weston County,6840.0,71800.0,3412.0,204952.0,0.0,54.553004450925584,8.776180930836281e-09,8,2.42,0.9675,3.15,0.1495,14.899921830024589,0.0,9.375246841595953,20.0,184.37,0.0,0.0,0.0,0.0,0.094,19.203909689145647,1.0,69.0,69.0,27.0,18679559.983725112,0.0030050626871795,6216.030056017538,1.1003807797516063
17187,Warren County,16222.0,62700.0,7602.0,179790.0,0.0,82618287.87169653,0.0587428040796991,4,1.18,0.91,2.525,0.4685,7.311834190021179,0.0,1.2811589453145098,10.0,238.43,0.0,0.0,0.0,0.0,0.078,5.6523251192480215,3.0,69.0,69.0,10.0,1212081.698754801,0.0008618077240812,1406.4409785221137,11.534078036496105
1089,Madison County,433516.0,78058.0,171313.0,7041456.0,5.0,377906497.5792504,0.1795346230518132,9,3.49,1.33,3.3111111111111113,0.9725555555555556,7.884155391218507,52.0,3.4930658522450733,30.0,332.81,1.0,154509275.16212618,0.0734037775268045,0.0,0.18,4.547723775723267,36.0,500.0,170.41666666666666,258.0,52034104.620097205,0.0247201977609025,2104.9226678272894,205.9534094178753
47189,Wilson County,175033.0,89462.0,58967.0,2355328.0,0.0,126278953.34697284,0.083551879949423,7,112.13,211.26428571428573,5.928571428571429,221.36357142857145,14.520986552305176,2.0,4.733259653193839,28.0,257.44,0.0,0.0,0.0,0.0,0.17,0.966510122965866,32.0,500.0,171.59375,85.0,15816912.517962202,0.0104818001026433,1508.9881855286856,115.99361855750767
48063,Camp County,13380.0,53968.0,5792.0,209964.0,0.0,946872.115307493,0.0017988657287316,4,40.07,15.6375,2.625,2.27,3.4842223459811685,1.0,3.0003170079649863,13.0,96.48,0.0,0.0,0.0,0.0,0.07,4.681230573589584,6.0,345.0,145.66666666666666,0.0,0.0,0.0,526.3717575936732,25.419296926505204
40067,Jefferson County,5431.0,48346.0,2764.0,101810.0,0.0,4948374.567849289,0.0024678894890439,3,37.79,385.0933333333334,11.966666666666669,24.49633333333333,20.466063935513542,0.0,2.946311673773954,21.0,358.14,0.0,0.0,0.0,0.0,0.13,13.40085866722351,8.0,138.0,86.25,9.0,8296802.992794589,0.004137842158274,2005.103789714219,2.708587968293682
54085,Ritchie County,8034.0,48973.0,4242.0,163080.0,0.0,32836308.503279235,0.0279440466598605,0,0.0,0.0,0.0,0.0,26.43827865993795,0.0,2.33216173367163,8.0,162.7,0.0,0.0,0.0,0.0,0.077,11.052746313358186,2.0,138.0,138.0,23.0,37160865.00823659,0.031624290093609,1175.0734925033607,6.837019174761975
19145,Page County,14856.0,58264.0,6997.0,267459.0,0.0,115433187.95130058,0.0832336800382607,1,0.1,0.35,3.4,0.071,20.02063571565383,0.0,2.371593409165986,13.0,380.0,0.0,0.0,0.0,0.0,0.046,11.224064929573547,9.0,161.0,79.22222222222223,3.0,258096.1674546732,0.000186101538061,1386.8567135111452,10.711993427488723
20087,Jefferson County,18296.0,74562.0,7967.0,261724.0,0.0,256587407.21916977,0.1779647635116955,7,42.51,137.16142857142856,6.671428571428572,11.896714285714284,4.532679702125389,9.0,2.909258628160915,23.0,323.40999999999997,0.0,0.0,0.0,0.0,0.063,1.976924065782683,5.0,345.0,124.2,4.0,2839065.8468046924,0.0019691289120796,1441.787700839887,12.689801688100127
1049,DeKalb County,74085.0,47920.0,30716.0,1256231.0,0.0,89492252.4418055,0.0443749841736795,5,1.63,1.644,4.9,0.413,12.82163591919242,2.0,1.6865863487181725,19.0,328.39,0.0,0.0,0.0,0.0,0.23,4.633510291860405,10.0,161.0,161.0,22.0,31911344.746987887,0.0158233297237574,2016.7275348548,36.73525487186546
36101,Steuben County,91855.0,62506.0,47507.0,673158.0,0.0,36696.17144780497,1.0091239243416416e-05,18,55.78,19.190555555555555,6.15,1.401111111111111,9.88701239041995,0.0,4.909049302457621,39.0,447.49,0.0,0.0,0.0,0.0,0.072,5.974801242918922,14.0,230.0,139.64285714285714,43.0,7403704.26232152,0.0020359767259332,3636.438554535883,25.259604589062945
42053,Forest County,6614.0,46188.0,7045.0,78669.0,0.0,50218526.08689552,0.0450404376568081,2,2.89,26.285,11.85,12.503,11.148559053545789,0.0,3.0813187483213245,18.0,480.49999999999994,0.0,0.0,0.0,0.0,0.052,26.47318777218666,0.0,0.0,0.0,16.0,31709268.60310715,0.0284396904279896,1114.9653222631296,5.932023057519909
26109,Menominee County,22941.0,54074.0,13305.0,231040.0,0.0,156040841.7728489,0.0450223382824001,14,57735.73,347144.31142857147,8.414285714285715,134.43014285714284,5.674170915103761,0.0,2.2849360587941727,30.0,442.25,0.0,0.0,0.0,0.0,0.023,9.470299063269367,15.0,138.0,92.0,30.0,31765973.806268737,0.0091654108137767,3465.853790047318,6.619148235819491
18073,Jasper County,33894.0,77777.0,13579.0,489049.0,0.0,172386261.9567362,0.1185606325751633,7,2.92,1.167142857142857,2.5285714285714285,0.0511428571428571,4.8516746643225,0.0,0.8019752692763685,22.0,236.02,0.0,0.0,0.0,0.0,0.08,9.526858727385486,6.0,138.0,126.5,51.0,31908838.94748912,0.0219456706550245,1453.992427439599,23.310987980649585
13171,Lamar County,20941.0,64966.0,7635.0,253351.0,0.0,26442252.871075336,0.054938234849301,7,3.22,3.0228571428571427,4.385714285714285,1.3647142857142858,4.905073527357644,39.0,1.5127596286088854,13.0,198.28,0.0,0.0,0.0,0.0,0.098,2.082126060373259,23.0,230.0,120.0,2.0,462250.5474313976,0.0009604033838502,481.3087450590299,43.50845525865461
18151,Steuben County,34799.0,68837.0,18982.0,509393.0,0.0,88169110.20101483,0.1055684869112718,51,33.48,3.489607843137255,3.4235294117647057,0.2860980392156863,0.9390020628633584,0.0,4.259632422156688,27.0,104.8,0.0,0.0,0.0,0.0,0.084,1.304811282556807,7.0,69.0,69.0,71.0,30193686.543705057,0.0361521375845242,835.1839907975492,41.66626801211683
39047,Fayette County,28552.0,56773.0,12685.0,384121.0,0.0,91787.59700586824,8.707146412510106e-05,2,4.87,63.36,14.2,4.186,16.008583059409045,0.0,0.1329051629693066,9.0,243.69,0.0,0.0,0.0,0.0,0.092,1.9803579844791468,11.0,69.0,69.0,16.0,2273210.984532782,0.0021564112706412,1054.1639322153949,27.084971442720576
25015,Hampshire County,164065.0,84025.0,66174.0,1160807.0,0.0,6607932.892522853,0.0046793094561693,22,104.08,106.26545454545456,8.290909090909091,1.458590909090909,1.2525001260500166,242.0,1.3461355142311415,42.0,428.92,0.0,0.0,0.0,0.0,0.097,4.214509894715165,19.0,345.0,115.0,272.0,129238598.19176212,0.091518392280447,1412.1598399120207,116.18019105416668
21003,Allen County,22536.0,57159.0,9237.0,99863.0,0.0,73861226.77961177,0.0810485353061457,1,32.0,1005.5,31.4,40.916,10.725717735816424,0.0,2.775189730559042,21.0,264.7,0.0,0.0,0.0,0.0,0.16,1.0373918369205344,6.0,161.0,145.66666666666666,33.0,13494645.116940456,0.0148077857475575,911.320932582122,24.728939272959373
37001,Alamance County,186177.0,60866.0,74055.0,2290194.0,0.0,77190151.28747913,0.0686332007779353,7,9.56,12.599999999999998,6.314285714285715,6.108428571428571,8.80224980942503,11.0,2.0629767018699128,15.0,237.8,0.0,0.0,0.0,0.0,0.082,6.673717236667469,27.0,500.0,124.44444444444444,72.0,7691648.715094936,0.0068389870650453,1124.6765993179836,165.53825349696064
20073,Greenwood County,5826.0,51812.0,3671.0,86084.0,0.0,85.87612007495538,2.8766436389981613e-08,16,22.3,45.166875,7.53125,1.8398125,5.429191126758533,0.0,2.5950679365756844,31.0,354.3,0.0,0.0,0.0,0.0,0.057,4.972053121357853,5.0,345.0,216.2,23.0,48789867.36979432,0.0163434330165801,2985.288789711303,1.9515699854831845
55089,Ozaukee County,94346.0,92258.0,39120.0,1095824.0,0.0,113992053.59325334,0.0394309666466962,5,57727.84,972000.456,18.76,378.1188,0.0,0.0,22.19509876168233,9.0,168.67,0.0,0.0,0.0,0.0,0.038,24.090824244605397,15.0,345.0,165.6,73.0,18221393.66202992,0.0063029583408759,2890.9271926899446,32.6352044557072
45059,Laurens County,71848.0,52077.0,31421.0,1095122.0,0.0,120801131.85674796,0.064517131333321,11,41.31,30.60363636363636,4.1000000000000005,7.481545454545454,10.528022795844592,32.0,0.6578710631008315,23.0,464.11,0.0,0.0,0.0,0.0,0.19,2.804354683470705,18.0,100.0,100.0,5.0,3586630.802963308,0.0019155377686648,1872.3884548949452,38.37237930631825
56011,Crook County,7852.0,68876.0,3672.0,213696.0,0.0,262789.7777104321,3.5410421475494386e-05,15,17.349999999999998,15.753999999999998,3.893333333333333,0.7242666666666667,12.703089817818894,4.0,3.6769494128721383,50.0,610.03,0.0,0.0,0.0,0.0,0.073,53.84326002999397,0.0,0.0,0.0,18.0,17256144.160449084,0.0023252325208138,7421.25529639911,1.0580420274464744
55117,Sheboygan County,118047.0,68969.0,52375.0,1388393.0,0.0,171746840.99005422,0.0521630329259448,14,57732.079999999994,347144.0735714286,9.15,134.82085714285714,0.0,0.0,6.375508877784007,13.0,198.51,0.0,0.0,0.0,0.0,0.035,5.947628470723558,49.0,345.0,107.0204081632653,64.0,23733763.01520887,0.0072084298871651,3292.5010559466655,35.85329146266862
25013,Hampden County,464338.0,66619.0,196957.0,3291631.0,0.0,120242570.95652214,0.0732091546784317,33,25.03,9.417878787878788,7.703030303030303,3.2832424242424243,4.125665903395849,312.0,1.2652425776161105,59.0,458.17,2.0,10108791.709786491,0.006154692884614,0.0,0.097,1.131214078304287,41.0,345.0,125.09756097560977,148.0,91023496.33419394,0.0554192729445686,1642.4520116898234,282.71023853066464
48055,Caldwell County,55150.0,66779.0,16517.0,760797.0,0.0,250620827.2803744,0.1770790163385338,2,0.52,0.6599999999999999,2.5,0.224,13.584584932632696,0.0,1.464299699430638,5.0,103.61,0.0,0.0,0.0,0.0,0.03,4.048293983255897,15.0,345.0,138.0,1.0,881265.6693539899,0.0006226683405032,1415.3050862386576,38.96686342488015
20029,Cloud County,8833.0,51197.0,4520.0,128606.0,0.0,309573546.09631634,0.1664743922065859,2,2.37,2.37,1.9,0.611,11.385763375111038,4.0,5.54691478498766,21.0,445.85,0.0,0.0,0.0,0.0,0.051,7.749338326187581,5.0,230.0,184.0,2.0,5967482.929807619,0.0032090374137183,1859.5865864003883,4.749980487382459
1037,Coosa County,10161.0,52279.0,6045.0,182193.0,0.0,120698620.24344394,0.0699362318322283,6,186.93,424.47333333333336,8.15,170.44,13.447130290276483,0.0,0.3735074548432589,26.0,226.43,0.0,0.0,0.0,0.0,0.12,18.783824266458,6.0,230.0,134.16666666666666,28.0,123256141.17192598,0.0714181325880884,1725.8381969018667,5.887573944208958
55123,Vernon County,31443.0,65177.0,13874.0,361929.0,0.0,166333184.29304796,0.0786659006521152,3,0.44,1.0633333333333332,7.333333333333333,0.2736666666666666,11.031462076772511,3.0,4.259941174065123,25.0,312.38,0.0,0.0,0.0,0.0,0.032,1.9430017866722589,32.0,161.0,74.75,104.0,49799613.72197584,0.0235523144838296,2114.4254742423195,14.870706195623775
48223,Hopkins County,39063.0,63766.0,15698.0,615982.0,0.0,354630532.44774455,0.1727150842704724,8,143.16,290.74375,6.9,7.334124999999999,4.799446284883878,0.0,1.2441580548792994,16.0,141.59,0.0,0.0,0.0,0.0,0.071,2.4056512497456226,10.0,138.0,94.3,7.0,21291940.84029882,0.0103697764857739,2053.2690236389076,19.024784161390876
36001,Albany County,321225.0,78829.0,146137.0,2295819.0,3.0,81575204.5548318,0.0590591686292509,12,20.33,14.005,5.916666666666667,18.88416666666667,1.717802712914151,307.0,2.18068542680663,28.0,490.73,1.0,536812.2305117658,0.0003886436352449,0.0,0.12,5.59624875798569,70.0,115.0,115.0,230.0,37323331.92106854,0.0270215069120696,1381.2453925135187,232.5618617380156
48225,Houston County,22316.0,51043.0,10840.0,374434.0,0.0,548637517.9219105,0.1713039125052415,5,5.5,7.061999999999999,3.66,0.2954,9.696726907243985,3.0,1.775031321425989,34.0,537.8199999999999,0.0,0.0,0.0,0.0,0.05,7.188358558049806,4.0,138.0,120.75,4.0,31687706.430100217,0.0098940154700945,3202.714461674209,6.967839395939899
39111,Monroe County,12994.0,55381.0,7160.0,179638.0,0.0,33216196.012706812,0.0280438467896354,4,24.549999999999997,55.7,6.425,318.92999999999995,11.21496306069371,0.0,0.2152599410286408,10.0,347.15,0.0,0.0,0.0,0.0,0.065,3.339193196381352,7.0,345.0,197.1428571428571,9.0,24096072.595014717,0.0203374444229776,1184.8131994298394,10.967129676013927
20165,Rush County,2845.0,53523.0,1683.0,41028.0,0.0,36775.14232498946,1.977644842022685e-05,0,0.0,0.0,0.0,0.0,38.93004440438626,0.0,6.943544296623056,3.0,172.08,0.0,0.0,0.0,0.0,0.067,1.3897018788547189,11.0,345.0,129.63636363636363,0.0,0.0,0.0,1859.5422971587143,1.529946376776164
18107,Montgomery County,38954.0,62937.0,16504.0,562556.0,0.0,66641908.57102794,0.0509092401205463,2,1.6,2.5549999999999997,3.0999999999999996,0.2515,9.985812706247902,0.0,1.0021573723055082,11.0,237.83,0.0,0.0,0.0,0.0,0.12,0.8498187552305906,25.0,230.0,112.24,7.0,6633032.883778709,0.0050668714362328,1309.0983197928315,29.75635932843041
20187,Stanton County,1986.0,66000.0,1081.0,29715.0,0.0,0.0,0.0,0,0.0,0.0,0.0,0.0,28.079242708733663,0.0,19.37609058571507,1.0,0.18,0.0,0.0,0.0,0.0,0.049,1.7125748684904012,7.0,115.0,115.0,0.0,0.0,0.0,1762.282033106486,1.1269478793352687
21129,Lee County,7297.0,31682.0,3226.0,120423.0,0.0,34991080.33957724,0.0639512123501412,0,0.0,0.0,0.0,0.0,29.29885801802187,0.0,2.3647515078303667,10.0,576.22,0.0,0.0,0.0,0.0,0.13,1.0608120575241942,11.0,161.0,85.72727272727273,8.0,6879226.202306983,0.0125727714434352,547.1527286769245,13.3363129114698
27071,Koochiching County,11587.0,59779.0,7440.0,140013.0,0.0,385527388.096519,0.0471656088205268,22,246.08,226.55,3.840909090909091,7.530909090909091,14.9732535618713,399.0,3.4236089957712963,62.0,1066.44,0.0,0.0,0.0,0.0,0.019,15.520383080519348,6.0,500.0,217.5,119.0,330691768.07074547,0.0404569923034582,8173.908865748261,1.4175592351602877
48029,Bexar County,2160088.0,67275.0,792583.0,34599736.0,30.0,392637596.66617405,0.1206921689691495,14,20.96,12.074285714285711,3.3000000000000003,0.644,0.821157086339307,11.0,2.8289174175191496,14.0,531.48,2.0,178413620.98308653,0.0548422440258471,0.0,0.026,2.7959617664531686,140.0,345.0,153.77142857142857,201.0,95020278.8803208,0.0292081115019088,3253.2154252461946,663.9855397330566
40097,Mayes County,40416.0,56552.0,18358.0,728728.0,0.0,306678412.40362775,0.1732293578513497,11,216.32,502.4818181818182,15.181818181818182,122.46009090909092,3.6076254402599854,11.0,5.613080386057112,24.0,231.82,1.0,2139924.5124441264,0.0012087507113254,0.0,0.085,1.3288687845739426,75.0,345.0,121.74666666666668,3.0,15225842.80300878,0.0086004194127295,1770.360498985999,22.829248632212977
31131,Otoe County,16531.0,73031.0,6971.0,291939.0,0.0,253048412.6109107,0.1578345507484096,3,0.51,0.5066666666666667,2.966666666666667,0.0616666666666666,10.749006719628431,17.0,3.924465788572555,12.0,279.21,0.0,0.0,0.0,0.0,0.046,2.977983283281152,15.0,345.0,133.4,23.0,7757355.516965101,0.0048385156564001,1603.2510934844388,10.310923889078545
27161,Waseca County,18688.0,71856.0,7899.0,217679.0,0.0,84438820.09444608,0.0752980348518506,20,21.23,2.92,2.7,0.2764,4.556711702418949,22.0,0.3540696148188929,14.0,180.16,0.0,0.0,0.0,0.0,0.027,8.221355022233363,14.0,115.0,72.28571428571429,175.0,27088606.915077135,0.0241560850649363,1121.3988873717635,16.664899716281415
47177,Warren County,43717.0,52948.0,18164.0,606097.0,0.0,63965743.31587297,0.0569017289393052,3,63.94,881.0033333333334,20.333333333333332,49.55533333333333,10.663977505480684,0.0,0.1158249660212436,16.0,249.66,0.0,0.0,0.0,0.0,0.18,3.926282478978622,8.0,161.0,161.0,2.0,324015.92931940424,0.0002882334453852,1124.1441078649304,38.889142143022056
17023,Clark County,15114.0,65874.0,7365.0,165950.0,0.0,116948111.52568838,0.0894559476415048,8,5.02,7.31625,5.525,96.79975,1.0116303596277176,0.0,3.7156891804016703,15.0,241.52999999999997,0.0,0.0,0.0,0.0,0.2,2.347332325777921,3.0,345.0,276.0,70.0,24817014.572473153,0.0189830303991354,1307.3262830366357,11.561000643919936
21201,Robertson County,2325.0,53798.0,1044.0,36410.0,0.0,13857798.296316268,0.0534489500160644,0,0.0,0.0,0.0,0.0,18.497937826894052,0.0,0.3762110973994015,4.0,282.18,0.0,0.0,0.0,0.0,0.13,6.041026557120518,2.0,138.0,103.5,7.0,1212968.191828738,0.0046783677226247,259.271665620208,8.96742802356875
5051,Garland County,99695.0,54229.0,52383.0,1686348.0,0.0,235855059.58475417,0.1239733415907466,12,177.5,415.2925,9.816666666666668,18.74116666666667,3.709623604095682,3.0,0.0714279659875994,41.0,250.91,0.0,0.0,0.0,0.0,0.16,2.5734500919545193,19.0,115.0,115.0,5.0,14367616.226583632,0.0075521018253782,1902.4659040351287,52.40304164639534
20139,Osage County,15693.0,66155.0,7273.0,225008.0,0.0,297776491.9632274,0.1597178872677361,13,40.45,59.26461538461539,5.730769230769231,1.639076923076923,6.329132180967188,0.0,3.3590790319530224,14.0,292.43,0.0,0.0,0.0,0.0,0.064,3.320915493123199,8.0,345.0,143.75,4.0,930319.0229096184,0.0004989936837955,1864.3903783175545,8.417228592523381
39155,Trumbull County,198972.0,53537.0,94575.0,2667098.0,0.0,161262337.65018266,0.0978931368614722,13,40.14,23.967692307692307,3.792307692307692,1.5793076923076923,0.0,0.0,0.452024498233271,31.0,276.92,2.0,6999595.439215107,0.0042490538354492,0.0,0.067,5.37870368542398,36.0,345.0,161.0,46.0,91918496.92455807,0.0557984602661321,1647.330347220165,120.78451680062898
48333,Mills County,4580.0,59315.0,2653.0,75935.0,0.0,156167.40204025974,8.041921458550977e-05,3,0.53,0.4366666666666667,2.533333333333333,0.0269999999999999,4.409467853150827,0.0,4.962729731511835,8.0,388.26,0.0,0.0,0.0,0.0,0.031,28.53365882167958,0.0,0.0,0.0,0.0,0.0,0.0,1941.9165285378372,2.358494782187422
48359,Oldham County,1783.0,71103.0,791.0,37816.0,0.0,12052.618200216615,3.099413476552993e-06,3,1.53,1.4166666666666667,2.8000000000000003,0.0,15.73715380278985,0.0,12.26827700210255,47.0,48.43,0.0,0.0,0.0,0.0,0.1,13.119137295082924,9.0,345.0,164.77777777777777,1.0,285976553.98746324,0.0735408332920103,3888.6770952394654,0.458510685338918
42019,Butler County,200169.0,82932.0,85479.0,2179666.0,0.0,89921851.33738004,0.04363539678978,4,13.61,32.6225,6.25,1.07375,3.834804008442216,0.0,2.3421330028281826,21.0,483.71,0.0,0.0,0.0,0.0,0.051,3.151575654620367,39.0,500.0,147.28205128205127,49.0,5641005.953787638,0.0027373494733745,2060.7547588117945,97.13382882852832
20115,Marion County,11634.0,60011.0,5699.0,169023.0,0.0,316488267.51294273,0.128124832451121,5,25.47,47.096,3.64,0.5752,0.2708499569093563,0.0,1.2314406746051931,27.0,346.62,0.0,0.0,0.0,0.0,0.053,11.428470479893376,4.0,115.0,94.875,2.0,204538.86685298517,8.280404277800125e-05,2470.155562348038,4.709824829388944
51029,Buckingham County,17137.0,59894.0,7184.0,269995.0,0.0,95196870.60155375,0.062997252397102,9,1.6,0.7522222222222221,3.955555555555556,0.2857777777777778,0.4048733625126731,0.0,0.9729923641619388,17.0,474.13,0.0,0.0,0.0,0.0,0.16,20.530984386733753,4.0,230.0,201.25,9.0,19152921.292221148,0.0126745911840185,1511.1273424243532,11.340539952448037
36099,Seneca County,32883.0,64050.0,16116.0,246439.0,0.0,322815.2146843476,0.0003192424241992,10,351.16,974.004,7.44,24.726999999999997,2.287967429597277,54.0,2.3985949125668915,19.0,133.44,0.0,0.0,0.0,0.0,0.077,14.88761116700614,5.0,115.0,115.0,57.0,35316640.26409514,0.0349257731722004,1011.1913654700672,32.51906723384041
21125,Laurel County,63746.0,53693.0,26569.0,1029471.0,0.0,62817806.492071725,0.0546641242100774,4,180.33,2021.065,24.9,61.78025,7.079505904712911,0.0,5.2949583601658805,22.0,340.26,0.0,0.0,0.0,0.0,0.17,1.2085840517852728,34.0,161.0,82.52941176470588,12.0,38744384.74708723,0.0337154064237836,1149.1596530112126,55.471839646442945
13269,Taylor County,7818.0,40727.0,3946.0,107704.0,0.0,74369478.10920805,0.0756237253415993,4,0.79,0.6075,2.95,0.7225,6.34971853327376,96.0,2.6929496854145336,5.0,278.46999999999997,0.0,0.0,0.0,0.0,0.084,3.952863792547022,9.0,230.0,191.66666666666663,4.0,13873974.15109433,0.0141079596004102,983.4146498896127,7.949851063208752
51830,Williamsburg city,15861.0,66815.0,5732.0,245405.0,0.0,781456.6699263622,0.0331593946517678,1,0.37,1.59,4.3,0.229,1.5979622775716849,0.0,1.4547520095797817,3.0,16.07,0.0,0.0,0.0,0.0,0.071,2.867857812084678,0.0,0.0,0.0,0.0,0.0,0.0,23.56667478803631,673.0266421825401
48415,Scurry County,16162.0,58932.0,6908.0,285345.0,0.0,0.0,0.0,3,39.76,148.36666666666667,4.966666666666667,0.0183333333333333,14.237037968698848,0.0,5.6168513632347965,7.0,136.67000000000002,0.0,0.0,0.0,0.0,0.036,3.386661744888298,27.0,345.0,173.77777777777777,0.0,0.0,0.0,2350.5275864844193,6.875903134654459
37119,Mecklenburg County,1233383.0,79265.0,481307.0,14874544.0,5.0,125528421.96720812,0.0887563656352293,7,156.06,124.87714285714286,4.685714285714285,55.446000000000005,6.360233848961926,140.0,1.1309436713735608,39.0,334.65,1.0,426716.5881417949,0.0003017150452956,1.0,0.13,1.1364084680687754,188.0,230.0,111.75531914893617,244.0,47548041.45557501,0.0336185453255504,1414.3396448339963,872.0557360497128
34013,Essex County,896379.0,73785.0,334136.0,6719636.0,2.0,55218655.93864499,0.1647307579593331,7,2.7,1.5357142857142858,3.928571428571429,0.2715714285714286,3.6780249450646703,102.0,1.447436763450833,3.0,108.94,0.0,0.0,0.0,0.0,0.17,0.982154864175028,33.0,345.0,211.1818181818182,75.0,4099416.422913691,0.0122295620020892,335.2054981374926,2674.1178321374923
29115,Linn County,11815.0,58435.0,6011.0,153470.0,0.0,294486536.5433243,0.1829840662885473,5,2.03,1.134,2.6399999999999997,1.204,9.491654733405689,1.0,1.9181049964281311,11.0,323.25,0.0,0.0,0.0,0.0,0.07,14.37000899375727,7.0,69.0,69.0,56.0,64020519.61844624,0.039780205720765,1609.356172460114,7.341445108412023
13209,Montgomery County,8635.0,49138.0,3773.0,119273.0,0.0,92973223.74967349,0.1467022500593199,1,0.35,0.77,2.2,0.59,7.4148830253547455,83.0,2.56824424434872,7.0,448.41,0.0,0.0,0.0,0.0,0.12,4.442543398678101,5.0,115.0,115.0,11.0,6788530.04850264,0.0107116069973997,633.7545851103891,13.62514797190135
41055,Sherman County,2051.0,57171.0,953.0,25067.0,0.0,43990156.86679702,0.0204342175969891,0,0.0,0.0,0.0,0.0,40.98643054771696,3.0,2.0137721811126506,16.0,596.16,0.0,0.0,0.0,0.0,0.21,15.34365801861082,8.0,500.0,500.0,20.0,172681221.04909924,0.0802135272332799,2152.769327134828,0.9527263205341768
54053,Mason County,24707.0,53058.0,12217.0,482453.0,0.0,128771494.53134269,0.1117994550137695,2,0.53,0.755,2.75,0.041,18.461329575715084,0.0,1.590713056926803,20.0,292.32,0.0,0.0,0.0,0.0,0.1,5.612374560866513,15.0,765.0,253.8,9.0,3267471.8641695976,0.0028368201675771,1151.8078944568076,21.45062568064079
54021,Gilmer County,7085.0,51552.0,3112.0,141276.0,0.0,28865783.3987802,0.0327722408499696,0,0.0,0.0,0.0,0.0,22.334039905182152,0.0,1.3456323476476593,10.0,280.71,0.0,0.0,0.0,0.0,0.084,6.2155760327632334,2.0,138.0,138.0,1.0,10144954.61942246,0.0115178892464694,880.7998064864385,8.04382556379352
28063,Jefferson County,6825.0,31544.0,3381.0,123290.0,0.0,175253296.16652343,0.1283334596615367,11,4.79,1.0536363636363637,2.381818181818182,4.891727272727273,9.69468413152828,0.0,2.562174116473732,18.0,306.5,0.0,0.0,0.0,0.0,0.079,4.1104654870884385,5.0,500.0,192.0,4.0,23542843.850585464,0.0172398161273162,1365.608755726931,4.997771119567088
30103,Treasure County,728.0,70096.0,456.0,9563.0,0.0,0.0,0.0,2,0.3399999999999999,0.2299999999999999,1.3,0.019,12.939572362184952,7.0,7.136252576175093,12.0,606.1,0.0,0.0,0.0,0.0,0.049,34.31872106526751,0.0,0.0,0.0,2.0,507635.3886780348,0.0001991006253475,2549.6423619562856,0.2855302417557187
21049,Clark County,37888.0,61878.0,16165.0,608762.0,0.0,39415524.76878209,0.0596420326957233,1,0.34,1.17,3.4,0.407,7.337475012722827,0.0,1.3714077314382505,9.0,414.09,0.0,0.0,0.0,0.0,0.13,2.456327523090481,37.0,345.0,98.83783783783784,15.0,5838174.378638651,0.0088340974582148,660.8682331447167,57.33064187351142
26005,Allegan County,123188.0,75543.0,51880.0,1192840.0,0.0,217676115.87085247,0.0458439453393828,53,57767.53999999999,91701.2516981132,5.069811320754717,39.98341509433963,0.0,0.0,9.498998271116491,39.0,260.33,0.0,0.0,0.0,0.0,0.064,9.42106169560753,21.0,345.0,147.85714285714286,47.0,210664358.84779072,0.0443672256523729,4748.197701122706,25.94415981686532
27015,Brown County,25517.0,67038.0,11765.0,297100.0,0.0,136439315.16658744,0.085205344155307,19,16.55,2.243684210526316,2.4526315789473685,0.2228947368421052,1.7482734018897133,116.0,0.6853471294039036,20.0,513.1899999999999,0.0,0.0,0.0,0.0,0.029,6.205590359743708,36.0,345.0,84.33333333333333,282.0,49753998.01838288,0.0310710043287933,1601.2999609502897,15.93517805674395
47137,Pickett County,5219.0,44317.0,3361.0,74587.0,0.0,38007320.56711877,0.0840989005846814,1,89.62,2104.3,23.5,43.141,6.787875220799673,0.0,0.2146007527822021,18.0,89.48,0.0,0.0,0.0,0.0,0.15,10.524048132636214,1.0,161.0,161.0,3.0,6632338.461563027,0.0146753931769001,451.93599800806174,11.548095356428991
51109,Louisa County,42924.0,76594.0,17707.0,595684.0,0.0,114727264.14575188,0.0869138593648844,8,49.27,49.69,4.55,2.4638750000000003,2.0055494409954817,0.0,3.849037704979597,17.0,276.98,0.0,0.0,0.0,1.0,0.19,6.571421455572825,7.0,500.0,307.14285714285717,0.0,0.0,0.0,1320.0686384085884,32.51649099985219
18145,Shelby County,45882.0,66449.0,19458.0,664171.0,0.0,184577804.73759747,0.1726584797081068,1,0.5,1.18,2.4,15.29,2.149968779972436,0.0,0.3124434833581382,9.0,400.06,1.0,186861.4873259017,0.0001747946908543,0.0,0.13,1.5549884439782562,34.0,765.0,116.52941176470588,1.0,233513.3339764482,0.0002184339406145,1069.0341131028156,42.919116834195215
30091,Sheridan County,3436.0,67457.0,2051.0,48603.0,0.0,77217162.4387249,0.0174764036149777,50,58.53000000000001,4.0382,2.708,0.348,6.458825698898636,1.0,0.761317956122302,30.0,286.08,0.0,0.0,0.0,0.0,0.052,41.88181858869656,0.0,0.0,0.0,179.0,435133317.4328659,0.0984828403503547,4418.366853401736,0.7776629044178611
31063,Frontier County,2655.0,62928.0,1367.0,46076.0,0.0,111941439.54902896,0.0440993236607708,2,10.5,220.5,41.900000000000006,0.9545,15.433859550632423,4.0,1.549199358024509,19.0,212.81,0.0,0.0,0.0,0.0,0.04,1.2572565784939933,15.0,345.0,90.46666666666668,1.0,448742.3707451821,0.0001767820311132,2538.393568165794,1.0459370971060504
1007,Bibb County,22262.0,50669.0,9046.0,391048.0,0.0,166793868.06571174,0.1028473718054693,9,1.7,0.6922222222222223,3.566666666666667,5.9752222222222215,4.3185384567094305,60.0,0.1273810498794155,17.0,489.94,0.0,0.0,0.0,0.0,0.17,6.985469172858918,7.0,500.0,186.42857142857144,28.0,38839284.75297165,0.0239488322081102,1621.7611120019094,13.727052545069158
28075,Lauderdale County,70317.0,45649.0,33586.0,1199804.0,0.0,296115354.36081797,0.1598688821073512,13,21.29,8.883846153846154,4.384615384615385,0.9027692307692308,2.095034464295835,1.0,0.568965593819041,18.0,288.0,1.0,29945759.878676392,0.0161673317008266,0.0,0.12,0.0629393672862133,44.0,230.0,138.0,5.0,26865090.17679114,0.0145041176444862,1852.2388493590304,37.96324649185136
27013,Blue Earth County,70634.0,70906.0,29264.0,798924.0,0.0,120019585.26574148,0.0605289029835061,39,45.11,3.741282051282051,3.0076923076923077,1.830846153846154,6.133292381304777,152.0,1.54681888378398,24.0,665.46,0.0,0.0,0.0,0.0,0.027,7.499102064993834,56.0,345.0,81.32142857142857,334.0,47013655.37210328,0.0237101717936657,1982.8475213605484,35.622507146456655
51091,Highland County,2318.0,57070.0,1814.0,35754.0,0.0,20641245.29508094,0.0191644532275387,0,0.0,0.0,0.0,0.0,21.967734647990262,0.0,4.865376904134874,12.0,229.47,0.0,0.0,0.0,0.0,0.076,23.86483615314326,0.0,0.0,0.0,14.0,71672002.01695551,0.0665441794204799,1077.0589199706487,2.152157098390837
51177,Spotsylvania County,155388.0,105068.0,52516.0,2352964.0,0.0,99425015.33591796,0.0925763479611571,8,50.49,53.32125,6.9625,2.58625,6.9650183045051035,0.0,1.0796858248048342,14.0,340.27,0.0,0.0,0.0,0.0,0.13,6.420109209037974,12.0,500.0,211.25,149.0,38457729.13098477,0.0358075632500883,1074.011343983023,144.68003608205487
33017,Strafford County,135043.0,83212.0,55672.0,1049079.0,1.0,95332015.11824933,0.0962077406982654,28,23.44,4.439642857142857,4.778571428571429,1.5377142857142856,2.158794320870652,910.0,2.89566415078633,37.0,217.46,1.0,423183.7153508512,0.0004270711062144,0.0,0.21,2.758411878941272,9.0,345.0,166.11111111111111,341.0,70141617.85389324,0.0707859423034916,990.8975648464829,136.28351182891632
13153,Houston County,178214.0,76968.0,66889.0,2325300.0,0.0,132257998.51375264,0.1344160052915065,6,1.84,1.0983333333333334,3.4333333333333336,2.2921666666666667,3.500502643710112,298.0,2.928934133146188,6.0,365.24,1.0,27087426.924197245,0.0275294028466459,0.0,0.099,2.431990804820626,62.0,230.0,120.56451612903226,19.0,56681276.92377602,0.0576061251836002,983.94531385549,181.12185452836448
26035,Clare County,31543.0,47816.0,21959.0,303372.0,0.0,37024106.53574571,0.0248450449715054,49,19.98,1.7616326530612243,4.393877551020409,0.1385102040816326,3.7797534256345937,0.0,4.711860642418348,23.0,297.86,0.0,0.0,0.0,0.0,0.032,22.258065408040892,0.0,0.0,0.0,42.0,20909688.12617936,0.0140314565412541,1490.2008258873502,21.166945724390875
20157,Republic County,4640.0,54531.0,2682.0,66986.0,0.0,203013345.9180276,0.1087988973377373,4,3.82,1.6175,1.825,0.6505,2.5203527008517517,11.0,1.3277849855171917,21.0,299.98,0.0,0.0,0.0,0.0,0.049,11.591577123904356,3.0,69.0,69.0,4.0,10712291.624654416,0.0057409305253742,1865.9504025187816,2.486668452567992
40017,Canadian County,187189.0,82364.0,59808.0,3136241.0,0.0,457135466.1727043,0.1949189176224806,10,8.25,4.275,2.32,2.6735,1.6293566639646615,13.0,1.7375141552204152,17.0,603.95,0.0,0.0,0.0,0.0,0.22,4.495119849180244,45.0,345.0,154.86666666666667,2.0,5068645.142972658,0.0021612298720821,2345.2596174276177,79.81589697319609
35019,Guadalupe County,4343.0,38713.0,2162.0,65709.0,0.0,9350.557268385535,1.1911596808861072e-06,1,11.81,884.4,74.9,2.435,20.71579224179122,0.0,5.385890374892752,10.0,213.36,0.0,0.0,0.0,0.0,0.058,24.22020222095906,4.0,345.0,166.75,2.0,6813863.70074323,0.0008680124059365,7849.961191961793,0.5532511427505078
21163,Meade County,30699.0,68518.0,12043.0,493015.0,0.0,82288734.94312772,0.0979389007152697,1,1.16,19.4,16.8,1.27,8.750648775766965,0.0,5.507566077369058,16.0,136.49,1.0,59135322.48715851,0.0703820332374541,0.0,0.16,6.271644582229268,14.0,345.0,93.64285714285714,4.0,2729188.113162841,0.0032482414978561,840.2048046501919,36.53752017376421
21179,Nelson County,49036.0,66212.0,19799.0,769989.0,0.0,110387458.90198752,0.1005027658009127,4,11.37,90.9175,12.175,3.4075,3.528814802900626,0.0,1.5344975366083922,17.0,500.87,0.0,0.0,0.0,0.0,0.13,0.2446260974436581,31.0,138.0,73.45161290322581,20.0,29010439.83795633,0.026412687363375,1098.3524485351525,44.64505001595634
21187,Owen County,11601.0,56485.0,5370.0,185036.0,0.0,59762704.96560275,0.0651369206675093,3,2.24,12.24,12.4,82.16733333333333,4.015897852553511,0.0,1.207610797263568,15.0,463.06,0.0,0.0,0.0,0.0,0.12,4.4629240687267995,16.0,345.0,99.1875,10.0,29709029.59246049,0.0323806411504733,917.4935559306032,12.644230496238462
19041,Clay County,16202.0,61756.0,8098.0,287803.0,0.0,195869044.26389855,0.1320756792272961,10,13.32,2.837,1.93,0.2127999999999999,17.292214123235954,115.0,5.435002375685664,22.0,256.76,0.0,0.0,0.0,0.0,0.031,6.283927963595909,29.0,161.0,81.6896551724138,99.0,44247407.013087496,0.0298362937963709,1483.006143962481,10.925106457556186
30025,Fallon County,2959.0,79750.0,1457.0,42421.0,0.0,0.0,0.0,6,1.2,0.435,2.1166666666666667,0.1041666666666666,4.108777080339844,1.0,4.354629170655892,16.0,405.95,0.0,0.0,0.0,0.0,0.037,35.6642122218243,0.0,0.0,0.0,0.0,0.0,0.0,4203.23648183283,0.7039813279098972
48109,Culberson County,2267.0,35924.0,942.0,37111.0,0.0,15479.033654618535,1.5676563238729643e-06,1,0.32,0.88,2.8,0.231,53.69884683871967,0.0,44.358875841853106,5.0,55.6,0.0,0.0,0.0,0.0,0.14,39.13001467778523,2.0,138.0,85.5,20.0,307180993.4279883,0.0311100962544443,9873.996882414189,0.2295929426550233
23005,Cumberland County,317222.0,87710.0,149869.0,2489374.0,2.0,514304379.01917905,0.1631049047042623,50,220.56,26.808000000000003,6.242000000000001,9.511819999999998,1.1176263306932703,639.0,1.7272972493645982,70.0,416.3,0.0,0.0,0.0,0.0,0.17,2.0165109094717892,21.0,345.0,169.76190476190476,638.0,61540250.03674862,0.0195166851133226,3153.2122222302423,100.60280680240145
48013,Atascosa County,53590.0,67442.0,18858.0,817882.0,0.0,418492786.3559483,0.1322840336926909,1,0.12,0.26,2.2,0.001,25.62118930937517,0.0,26.626326852582512,2.0,48.27,0.0,0.0,0.0,0.0,0.028,4.942249203625127,13.0,345.0,201.69230769230768,0.0,0.0,0.0,3163.592571784958,16.939602298333728
20095,Kingman County,7029.0,59640.0,3671.0,106662.0,0.0,55268.76231013641,2.4622582749909173e-05,4,39.98,47.3475,3.15,2.98625,14.068408987758655,0.0,5.110757143028584,17.0,290.39,0.0,0.0,0.0,0.0,0.059,20.497257397428253,2.0,345.0,230.0,6.0,23265492.34026725,0.0103649237793086,2244.6370890552707,3.131463894218368
48375,Potter County,114453.0,47974.0,48952.0,1942815.0,0.0,211765328.17732903,0.088682327662253,4,37.18,751.4525,22.775,2.63075,21.53114339787068,2.0,3.2963359395838236,24.0,73.29,0.0,0.0,0.0,0.0,0.12,10.269144511956371,47.0,345.0,132.61702127659575,1.0,4372111.429388228,0.0018309372271536,2387.9089706342043,47.93021903577943
40133,Seminole County,23441.0,43239.0,10789.0,441246.0,0.0,222203502.89593792,0.1339418804627455,13,10.21,5.328461538461538,3.630769230769231,0.5513846153846154,1.732916218525269,34.0,0.8192373627531325,17.0,561.6,0.0,0.0,0.0,0.0,0.14,2.381310547903999,32.0,345.0,116.4375,1.0,54358.49714774144,3.276671714085028e-05,1658.9546311300398,14.129982556564888
45003,Aiken County,181515.0,63212.0,77577.0,2806085.0,1.0,223852930.78149983,0.080016210844827,14,3.5,0.93,3.6142857142857143,1.4999285714285713,11.079296776544869,16.0,3.673428334921824,22.0,518.27,0.0,0.0,0.0,0.0,0.21,1.559974148551446,110.0,230.0,121.27272727272728,16.0,16522527.568359325,0.0059059126315692,2797.624787071957,64.88182433855856
60020,Manu'a District,,,,,0.0,11314064.402706577,0.021680309382127,0,0.0,0.0,0.0,0.0,344.7503806073019,0.0,3719.492583485101,0.0,0.0,0.0,0.0,0.0,0.0,0.0,3639.4445597358617,0.0,0.0,0.0,0.0,0.0,0.0,521.8589921061609,
69120,Tinian Municipality,,,,,0.0,10354048.322505716,0.0139705486075929,0,0.0,0.0,0.0,0.0,24.518045934459213,0.0,5802.273058150991,0.0,0.0,0.0,0.0,0.0,0.0,0.0,5961.799688687337,0.0,0.0,0.0,0.0,0.0,0.0,741.1339821600377,
56037,Sweetwater County,41267.0,79375.0,19198.0,1262812.0,0.0,45576.93059685709,1.6773498529995755e-06,32,186.56,146.270625,4.596875,7.66725,10.723248979426604,6.0,3.0238251343782383,71.0,665.53,0.0,0.0,0.0,0.0,0.17,145.01540114112433,0.0,0.0,0.0,55.0,1156366665.74833,0.0425573076396922,27171.988311352125,1.5187331720866062
48169,Garza County,4510.0,56215.0,2242.0,96330.0,0.0,0.0,0.0,1,4.89,437.3,89.4,0.368,22.436465005932916,0.0,4.009212558460649,2.0,58.19,0.0,0.0,0.0,0.0,0.037,7.735732232432381,6.0,69.0,69.0,2.0,9791218.692806073,0.004218268196003,2321.146555376331,1.9430052745070143
42119,Union County,42313.0,64914.0,16185.0,476080.0,0.0,44364454.98159445,0.0539100432147848,1,0.21,0.95,4.4,0.623,9.07784374450893,0.0,1.8441674605925504,9.0,303.52,0.0,0.0,0.0,0.0,0.057,10.588793343749083,1.0,230.0,230.0,50.0,30411687.27711314,0.0369551564653246,822.9348807019231,51.41719107094973
51041,Chesterfield County,397148.0,95757.0,139584.0,6069891.0,0.0,131842119.03373584,0.1164845793625259,14,19.53,12.573571428571428,4.378571428571428,44.779428571428575,2.137374285477419,0.0,1.36867527748164,21.0,218.46,1.0,2317261.9463581494,0.0020473372627244,0.0,0.15,6.3241501228875885,54.0,500.0,196.66666666666663,13.0,40968079.262432106,0.036195940355139,1131.8418270245404,350.886484769739
19001,Adair County,7403.0,63172.0,3606.0,130467.0,0.0,91924986.3508952,0.062237541933443,4,0.55,0.5125,3.7,0.01875,3.613134948553561,0.0,1.5154502299931356,12.0,297.97,0.0,0.0,0.0,0.0,0.04,11.546653285470018,3.0,161.0,161.0,7.0,5303824.817033052,0.0035909390039862,1477.0022022499743,5.012179391962128
29089,Howard County,10180.0,59023.0,4387.0,130184.0,0.0,209201194.3324185,0.1713228127142648,3,1.1,1.8166666666666669,4.633333333333334,0.0663333333333333,0.9087782784882577,3.0,2.1460355401707747,9.0,389.82,0.0,0.0,0.0,0.0,0.099,1.9199961320965877,4.0,161.0,92.0,62.0,50986991.308295235,0.0417551314886785,1221.0952160962431,8.3367782182824
55079,Milwaukee County,924216.0,59319.0,423764.0,10823586.0,3.0,87213975.51817268,0.0283086474717297,2,57727.05,2430000.255,43.35,938.8905,0.0,0.0,24.324142596395696,11.0,184.99,2.0,777278.7997378225,0.0002522957060298,0.0,0.048,24.362942652219473,69.0,230.0,140.66666666666666,22.0,1183507.7475193983,0.0003841529231817,3080.8245261208567,299.98982160912084
27139,Scott County,159017.0,118268.0,54650.0,1772914.0,0.0,132915503.26408316,0.1393375046572289,45,24.53,2.156888888888889,3.0488888888888885,5.1516,0.3109518725007196,365.0,0.8917788255526838,15.0,295.78,0.0,0.0,0.0,0.0,0.026,3.293198055219675,34.0,345.0,125.1470588235294,193.0,49585086.17507843,0.0519693588178837,954.1215689968302,166.6632483397179
39129,Pickaway County,62978.0,67600.0,22384.0,777068.0,0.0,148415644.29488322,0.1131246719850374,3,5.41,42.943333333333335,11.0,30.09533333333333,5.674164489825578,0.0,0.4049015001099947,16.0,435.68,1.0,26839.068168513204,2.0457147879334375e-05,0.0,0.085,5.782554957947459,34.0,765.0,134.11764705882354,28.0,9217965.614105888,0.0070260742485692,1311.965300677412,48.00279395154912
51145,Powhatan County,32591.0,108089.0,11619.0,480881.0,0.0,65704365.892240494,0.0967143162626642,7,1.13,0.5614285714285714,3.4,0.0882857142857142,0.9803343817382886,0.0,2.219795954889191,10.0,344.21,0.0,0.0,0.0,0.0,0.23,8.233572244249663,4.0,230.0,230.0,2.0,6368800.47359317,0.009374630982704,679.3654582610714,47.972706889486425
8014,Broomfield County,79174.0,117541.0,31338.0,744852.0,1.0,4036415.934988649,0.0464556256945449,2,0.6100000000000001,0.975,3.15,0.0124999999999999,3.0843208666071793,7.0,3.396123304413434,1.0,8.34,0.0,0.0,0.0,0.0,0.11,28.32804285021183,0.0,0.0,0.0,44.0,4493687.141701204,0.0517171431119191,86.88970177599323,911.2011939471864
47099,Lawrence County,46914.0,51038.0,18660.0,653128.0,0.0,56361033.22559596,0.0352129342130114,1,1.2,10.18,8.5,0.333,18.748497178494887,0.0,2.4867940434307787,20.0,360.49,0.0,0.0,0.0,0.0,0.23,6.849878726617797,9.0,161.0,161.0,8.0,57345950.89551646,0.0358282856203805,1600.5775856296043,29.31066911170437
21099,Hart County,20117.0,45561.0,8841.0,318242.0,0.0,68047119.57282001,0.0628773393486654,1,17.98,751.7,41.8,24.443,17.63731478396479,0.0,2.854386612281984,12.0,420.41,0.0,0.0,0.0,0.0,0.14,1.9071901372936533,9.0,138.0,76.66666666666667,77.0,39515500.57928877,0.0365133680547827,1082.2200931998773,18.5886402649563
21137,Lincoln County,25353.0,49487.0,10832.0,403133.0,0.0,43734715.541485325,0.0501975025932279,3,0.3399999999999999,0.6433333333333334,5.6000000000000005,0.1733333333333333,3.709140580226448,0.0,0.1705780607625625,9.0,245.86,0.0,0.0,0.0,0.0,0.12,2.283036106957038,13.0,345.0,111.46153846153848,10.0,7988553.612286044,0.0091690419316546,871.2528170153536,29.09947549650588
30005,Blaine County,6860.0,58507.0,2825.0,97303.0,0.0,423702348.48878825,0.0385945806446091,33,18.95,1.4924242424242424,2.696969696969697,0.3022727272727272,7.604539613816796,23.0,11.723330036452106,34.0,577.93,0.0,0.0,0.0,0.0,0.032,248.5341072684718,0.0,0.0,0.0,98.0,904427656.218655,0.0823833198934214,10978.286106807876,0.6248698506541894
27133,Rock County,9524.0,75060.0,4236.0,111501.0,0.0,57489.81868715143,4.5982270696557456e-05,1,0.28,0.73,2.6,0.029,3.75295547446284,22.0,2.873475796203265,16.0,179.55,0.0,0.0,0.0,0.0,0.039,2.8303745278783436,15.0,161.0,81.26666666666667,39.0,15020971.34091542,0.0120142729333055,1250.2605379702088,7.617612258211526
42063,Indiana County,82878.0,57170.0,37678.0,916465.0,0.0,109080313.38996825,0.0504761921942898,5,7.09,21.532,11.76,14.5606,3.2854484237797665,0.0,2.0033566310284825,25.0,448.36,0.0,0.0,0.0,0.0,0.048,5.213012004324913,22.0,500.0,153.4090909090909,18.0,6183304.960130188,0.0028612833962772,2161.025003037135,38.35124530420615
22061,Lincoln Parish,48360.0,37001.0,20491.0,1063544.0,0.0,166238140.18810833,0.1358787354118658,1,0.12,0.46,4.0,0.049,17.622033040887253,3.0,0.6675877824232583,18.0,296.86,0.0,0.0,0.0,0.0,0.09,3.5082704860897755,10.0,115.0,115.0,8.0,1776556.274688017,0.0014521109272627,1223.430139759922,39.52820715164811
42099,Perry County,46806.0,76103.0,19943.0,506847.0,0.0,63702797.285631135,0.0442737528363052,1,0.29,1.69,5.9,0.486,8.852354171232639,0.0,3.1629114021348266,10.0,231.31,0.0,0.0,0.0,0.0,0.065,12.117047814053194,1.0,230.0,230.0,67.0,49679227.48348771,0.0345273038614057,1438.8388877076104,32.5303968358628
46137,Ziebach County,2389.0,46023.0,895.0,37215.0,0.0,81324819.60535473,0.0159341050843028,8,1093.59,3639.03125,5.175000000000001,120.69725,10.68928894751225,0.0,19.027966605003854,24.0,501.34,0.0,0.0,0.0,0.0,0.04,14.858541253521324,1.0,115.0,115.0,2.0,633334.7721517938,0.0001240903190684,5103.820966103104,0.4680806822704954
48203,Harrison County,71956.0,63427.0,29305.0,1175231.0,0.0,397378864.8921653,0.1675438301251428,13,71.25999999999999,76.73153846153845,4.530769230769231,19.946538461538463,5.1442902952041765,29.0,3.5758278704287223,34.0,527.42,0.0,0.0,0.0,0.0,0.07,2.4302746993609103,35.0,345.0,118.28571428571428,6.0,31451818.98916909,0.0132607913556832,2371.7905022078207,30.33826129795973
29019,Boone County,191746.0,66564.0,80187.0,2408018.0,1.0,213767202.80547944,0.1194369050336325,10,1.76,0.617,3.34,0.4615,5.294713616748021,1.0,2.598063848994993,14.0,527.71,0.0,0.0,0.0,0.0,0.12,1.6926230986308377,24.0,345.0,118.83333333333331,57.0,60085548.20174388,0.0335712784848546,1789.7902884112978,107.13322183137042
72097,Mayagüez Municipio,,16788.0,40642.0,384231.0,0.0,28010291.50462347,0.0394577849946049,0,0.0,0.0,0.0,0.0,46.79160520934603,0.0,46.80521339155634,6.0,73.06,0.0,0.0,0.0,0.0,0.0,49.61102344656065,8.0,115.0,86.125,26.0,60175310.01029169,0.0847682875409505,709.8799770046222,
40015,Caddo County,26130.0,52443.0,11658.0,505306.0,0.0,378653091.5440501,0.1133194654016835,13,40.7,35.04153846153846,5.161538461538461,2.0123076923076924,5.483563032888731,1.0,4.731692368947,35.0,785.98,0.0,0.0,0.0,0.0,0.19,1.8693230995921537,52.0,345.0,119.42307692307692,4.0,15711276.663781391,0.0047019118873627,3341.4655655304978,7.819921973624035
8059,Jefferson County,580451.0,103167.0,248785.0,5637619.0,0.0,55495113.70626223,0.0276809158194389,32,21.15,20.726562499999996,9.028125,1.45503125,7.9394736158124015,153.0,0.1941661349440604,36.0,402.71,0.0,0.0,0.0,0.0,0.13,20.19559552878599,0.0,0.0,0.0,112.0,92723780.7472999,0.0462505434826346,2004.8149441122564,289.52846830310665
54011,Cabell County,91183.0,48944.0,46101.0,1743012.0,0.0,62028423.46145021,0.0831524712230602,1,2.84,46.3,16.3,2.197,15.515882722977327,0.0,0.1190992330239532,11.0,263.82,0.0,0.0,0.0,0.0,0.1,8.753639649282366,12.0,138.0,126.5,17.0,6197145.736112181,0.00830761051453,745.9600718249083,122.2357649477551
48383,Reagan County,3166.0,70319.0,1325.0,56498.0,0.0,4316.621736740785,1.417217991661903e-06,4,5.79,3.95,1.825,0.073,17.84555133234235,0.0,22.06815931561117,1.0,2.29,0.0,0.0,0.0,0.0,0.037,22.03509628260528,2.0,69.0,69.0,0.0,0.0,0.0,3045.841756269896,1.0394499298864617
5141,Van Buren County,16238.0,45768.0,9725.0,267065.0,0.0,2867.4554432159885,1.5293207032518417e-06,3,118.88,1169.78,12.0,12.741,9.405091446662878,0.0,1.0383497837142468,32.0,343.78,0.0,0.0,0.0,0.0,0.28,3.4398788538261496,7.0,161.0,161.0,7.0,57320510.469799936,0.03057116147692,1874.9863498995535,8.660329714330933
20035,Cowley County,34382.0,55726.0,15626.0,494801.0,0.0,404227854.8398905,0.1378219615133296,15,6.069999999999999,5.895333333333332,4.406666666666666,0.2128,8.832982674597917,0.0,1.5664621626004056,23.0,696.11,0.0,0.0,0.0,0.0,0.06,11.266221408206532,35.0,138.0,72.94285714285714,6.0,18482378.948789634,0.0063015887936862,2932.97127976803,11.722583251043387
5071,Johnson County,26225.0,42470.0,11503.0,435584.0,0.0,132050243.95627734,0.0745421189746127,11,102.67,59.00454545454546,4.254545454545454,107.91545454545454,3.7084171347900714,14.0,2.057412209388663,42.0,301.85,0.0,0.0,0.0,0.0,0.16,7.823220813249546,12.0,161.0,99.66666666666669,7.0,56299072.96230087,0.0317807227702341,1771.484977523251,14.803964093822406
51045,Craig County,4800.0,66286.0,2466.0,78824.0,0.0,14231814.803545864,0.0166929618852984,1,0.14,0.69,4.8,0.668,19.276015779894703,0.0,1.5924957348649218,6.0,186.23,0.0,0.0,0.0,0.0,0.15,19.173775938953632,0.0,0.0,0.0,16.0,80446911.70157897,0.094358818559798,852.5637871419239,5.630077270923258
48083,Coleman County,7915.0,51034.0,4927.0,131845.0,0.0,67.92738738152732,2.0466857408425256e-08,7,53.27,120.47571428571428,17.585714285714285,1.4881428571428572,12.104549068741438,0.0,5.441560797225105,14.0,292.26000000000005,0.0,0.0,0.0,0.0,0.032,3.809028619579053,5.0,138.0,87.4,1.0,5595713.287809212,0.0016860160553222,3318.896798251208,2.384828598518209
4017,Navajo County,109946.0,50335.0,56556.0,1348142.0,0.0,637467939.1056242,0.0247145755738151,16,8.89,3.00625,4.275,0.5379375,27.038547646053143,14.0,38.37915212000003,52.0,576.1,0.0,0.0,0.0,0.0,0.085,43.88940770478361,20.0,500.0,151.5,27.0,118349819.5458322,0.004588413581926,25793.189178067383,4.262598131660661
28085,Lincoln County,35012.0,47069.0,15817.0,590731.0,0.0,156541071.9321054,0.1027468444660444,9,3.59,1.63,3.7333333333333334,0.307,1.0391361061101316,8.0,0.7750590240392342,21.0,266.12,0.0,0.0,0.0,0.0,0.076,2.571777352398959,17.0,230.0,121.76470588235294,1.0,107687.52732814074,7.068147346094773e-05,1523.5608718264707,22.980374888485432
48357,Ochiltree County,9284.0,62240.0,4327.0,169057.0,0.0,0.0,0.0,9,5.54,0.997777777777778,1.7777777777777777,0.0113333333333333,10.908025118062833,0.0,2.751599089987461,2.0,69.01,0.0,0.0,0.0,0.0,0.077,2.3397042594589825,12.0,138.0,90.08333333333331,0.0,0.0,0.0,2378.12412964889,3.9039173288951496
48103,Crane County,4554.0,71364.0,1817.0,78186.0,0.0,18143.259567762845,8.915535733441858e-06,5,4.84,2.018,2.1,0.027,11.27124909595111,0.0,17.737898210902152,2.0,396.95,0.0,0.0,0.0,0.0,0.062,8.239288403496856,17.0,138.0,101.47058823529412,0.0,0.0,0.0,2035.016190861994,2.237820033299594
56003,Big Horn County,12024.0,61262.0,5355.0,347118.0,0.0,374912020.65359366,0.045833260340308,19,28.11,19.23421052631579,5.2105263157894735,5.633105263157894,29.704252303313744,192.0,0.7433044378910771,80.0,816.98,0.0,0.0,0.0,0.0,0.16,157.91005421363548,0.0,0.0,0.0,67.0,797638467.5799352,0.0975118681932428,8179.9116595656515,1.4699425251052731
31061,Franklin County,2795.0,55625.0,1546.0,53450.0,0.0,162761328.31158787,0.1091007823227483,0,0.0,0.0,0.0,0.0,24.36878342422112,0.0,4.658947183541412,11.0,74.95,0.0,0.0,0.0,0.0,0.046,1.5764354943647387,9.0,69.0,69.0,8.0,4692894.175087777,0.0031457007085947,1491.843824260132,1.873520508345542
20037,Crawford County,39008.0,49779.0,18029.0,555269.0,0.0,264119197.04210097,0.171386572554575,3,1.1,1.0566666666666666,2.433333333333333,0.1869999999999999,14.102569782483291,0.0,3.461723348998434,9.0,140.11,0.0,0.0,0.0,0.0,0.075,2.89260154135241,23.0,161.0,81.0,9.0,7552982.503922898,0.004901119642337,1541.0728680602683,25.31223591594273
27023,Chippewa County,12406.0,62112.0,5640.0,143524.0,0.0,1269894.0260138614,0.0008340272878921,12,27.03,13.365,2.6,15.748,9.430779502150363,1.0,2.260831154306618,18.0,289.85,0.0,0.0,0.0,0.0,0.037,5.773371672018345,27.0,230.0,97.96296296296296,225.0,98152404.9826975,0.0644636713075748,1522.6002955119316,8.147903318138285
46103,Pennington County,116792.0,67823.0,49747.0,1718279.0,0.0,231025110.87176943,0.032034694086033,10,6.27,22.214,11.53,1.354,26.243748310366037,16.0,7.223662717758003,41.0,889.3199999999999,4.0,8608953.158405146,0.0011937454755018,0.0,0.075,8.155671176778606,57.0,230.0,80.29824561403508,43.0,493207647.12728304,0.0683897753767687,7211.716143387495,16.194758317975108
45049,Hampton County,18174.0,40157.0,8641.0,309805.0,0.0,288832701.8613237,0.1981834839964605,7,2.75,0.9557142857142856,2.128571428571429,0.3482857142857143,6.300986630645051,1186.0,5.779506032013394,9.0,396.25,0.0,0.0,0.0,0.0,0.3,3.81459650595788,18.0,230.0,107.33333333333331,21.0,79764114.87016489,0.0547304095453378,1457.4002923199378,12.470149824843269
16043,Fremont County,14208.0,67015.0,8564.0,184012.0,0.0,8.14382068544353,1.658256460063532e-09,29,65.32,13.177241379310344,2.9379310344827587,4.134758620689655,10.889612726863492,69.0,4.109892272675941,47.0,420.11,0.0,0.0,0.0,0.0,0.28,56.51621263818773,0.0,0.0,0.0,260.0,424827596.3923352,0.0865040051029175,4911.074300974844,2.89305335844333
51053,Dinwiddie County,28896.0,77225.0,11837.0,449778.0,0.0,106519440.4707007,0.081071693300421,7,10.19,14.60142857142857,4.514285714285714,7.166285714285714,4.707433599643503,10.0,1.0668590654862786,18.0,283.51,1.0,53082688.60757792,0.0404011082985273,0.0,0.11,7.502731674507393,15.0,500.0,171.33333333333334,0.0,0.0,0.0,1314.0461931276086,21.990094527212616
12111,St. Lucie County,402449.0,66154.0,150054.0,4164429.0,0.0,140081880.54978207,0.0786132118012476,35,12.51,0.7485714285714286,1.94,0.1549714285714285,4.166796342837908,0.0,1.0152697621083735,12.0,349.85999999999996,0.0,0.0,0.0,1.0,0.029,3.108960236030452,48.0,500.0,182.66666666666663,119.0,58500796.31863494,0.0328303380386451,1781.9127006786289,225.85225406762643
36055,Monroe County,750506.0,71450.0,336324.0,5466993.0,0.0,161554381.73006344,0.045639425159476,12,19358.95,136676.2825,10.983333333333334,655.4899166666668,0.0,167.0,1.8562467329904104,26.0,523.48,0.0,0.0,0.0,0.0,0.097,5.168864593470382,78.0,345.0,120.3076923076923,60.0,10979613.69893829,0.0031018140960751,3539.7394424222302,212.02295033513303
46083,Lincoln County,77145.0,92317.0,26398.0,1065651.0,0.0,92024017.73184788,0.0614985131537913,2,0.69,1.39,4.1,0.3815,14.616655971640116,33.0,10.88071876280774,6.0,129.24,0.0,0.0,0.0,0.0,0.044,6.088662333211125,35.0,345.0,87.4,42.0,19889021.676883787,0.0132915871290192,1496.361682305076,51.5550490982646
55017,Chippewa County,67614.0,69815.0,28784.0,787114.0,0.0,150631236.86561617,0.0558542651010372,37,53.05,5.788108108108108,3.305405405405405,7.953702702702702,1.7519407519926615,17.0,1.444128866831344,53.0,485.14,0.0,0.0,0.0,0.0,0.024,4.49722668945341,43.0,161.0,93.6046511627907,118.0,162756112.38602632,0.0603501851958287,2696.861854821229,25.071362064439903
55073,Marathon County,139432.0,73248.0,59980.0,1625409.0,0.0,378808087.88960874,0.0927840164603229,32,57.66,16.6884375,3.5375,6.01640625,16.052614487289862,0.0,4.682586857031918,63.0,628.09,0.0,0.0,0.0,0.0,0.025,5.422994427450668,25.0,345.0,122.36,77.0,228319587.04120612,0.055923854359364,4082.686890178147,34.15201894013379
32007,Elko County,54815.0,87755.0,21838.0,686707.0,0.0,836232016.9362097,0.0187690356140404,42,63.52,8.987619047619049,4.619047619047619,2.411309523809524,11.135052792592044,55.0,6.900804400870457,316.0,2007.0,1.0,78796.82023392881,1.7685765377201184e-06,0.0,0.29,16.54210044915807,11.0,345.0,142.0909090909091,96.0,2248239810.131406,0.0504612263131097,44553.808426715135,1.2303100887584753
54007,Braxton County,11885.0,42245.0,6318.0,238755.0,0.0,49860668.686247975,0.0372890014330489,2,7.29,204.25,50.8,22.1205,4.737550116432938,0.0,1.269177514038097,21.0,544.31,0.0,0.0,0.0,0.0,0.091,4.401320405267497,5.0,138.0,138.0,79.0,53926731.32282829,0.0403298634887983,1337.1414296457085,8.888364189829248
48079,Cochran County,2546.0,41597.0,1256.0,42890.0,0.0,1341.6515668639336,6.682586828694493e-07,0,0.0,0.0,0.0,0.0,37.6578413752421,0.0,29.360373388938857,1.0,0.7,0.0,0.0,0.0,0.0,0.036,11.716138751192672,17.0,230.0,85.23529411764706,13.0,25614759.58900791,0.0127583688103007,2007.6829546052272,1.2681285131001288
42013,Blair County,119541.0,59386.0,55808.0,1337097.0,0.0,60968653.99039483,0.0447242917980741,5,1.4,1.686,6.08,0.5848,5.237167709093449,0.0,3.923736568594927,16.0,178.34,1.0,90575.91449121256,6.64430549872497e-05,0.0,0.051,5.439145819695581,9.0,230.0,140.55555555555554,34.0,7757259.218445845,0.0056904311007706,1363.2111664431131,87.6907429623732
29085,Hickory County,9044.0,33302.0,5547.0,108142.0,0.0,74991.31747346358,7.03243749576742e-05,3,217.64,2406.3366666666666,21.066666666666663,106.77033333333334,4.086907585656455,0.0,0.1117916052193615,14.0,234.15,0.0,0.0,0.0,0.0,0.11,9.949881958324108,1.0,161.0,161.0,11.0,34128780.64696014,0.0320048406659121,1066.36308561005,8.481163800626188
29009,Barry County,36200.0,55592.0,17030.0,444526.0,0.0,184568024.08631945,0.0901105696324008,1,118.07,4270.3,36.2,147.921,21.08968114560848,0.0,1.3923958851716498,16.0,188.5,0.0,0.0,0.0,0.0,0.12,5.328858608713068,14.0,69.0,69.0,10.0,60809723.20272124,0.0296887764512662,2048.2394517854295,17.673714842493062
27123,Ramsey County,541623.0,78108.0,229364.0,6154636.0,1.0,74030666.01571591,0.1681244205919273,40,35.66,3.9355,3.4825000000000004,12.664225,1.8743609557968608,76.0,8.128183012186833,1.0,181.02,2.0,6746543.446827255,0.0153214710746396,0.0,0.024,1.9555369433050311,29.0,345.0,137.20689655172413,49.0,5441809.914582739,0.0123584071788457,440.3326282935313,1230.031492553732
5081,Little River County,11763.0,58627.0,6077.0,203934.0,0.0,376023.3217397902,0.0002577164243248,19,103.12,121.86789473684208,3.1999999999999997,21.43357894736842,9.02012060450792,8.0,3.4012183272912084,55.0,378.88,0.0,0.0,0.0,0.0,0.091,3.0936413983482107,25.0,345.0,96.6,20.0,21531270.900770783,0.0147569627384843,1459.0584310834824,8.06204861258703
28113,Pike County,38712.0,40131.0,19014.0,681295.0,0.0,86849200.63667889,0.0816488465287743,6,3.0799999999999996,2.611666666666667,3.65,2.9758333333333336,8.390354039415573,1.0,3.2461263340990154,11.0,124.3,0.0,0.0,0.0,0.0,0.068,3.407492438249094,12.0,115.0,115.0,2.0,289066.6131017967,0.0002717578901903,1063.6917033000816,36.39400390159744
47031,Coffee County,62419.0,57424.0,24958.0,850105.0,0.0,54777507.71154435,0.0486699231421028,4,25.03,70.88499999999999,7.35,5.63,8.197968227149707,0.0,0.6142678828659334,21.0,410.1,1.0,96384477.4213836,0.0856377974130038,0.0,0.18,1.1095296425056411,15.0,161.0,161.0,11.0,22095307.1039317,0.0196317237398312,1125.489916053678,55.45940404233976
48439,Tarrant County,2248466.0,78872.0,812186.0,36196811.0,8.0,349334359.5871603,0.1492391565222515,11,104.94,302.15090909090907,17.29090909090909,9.79590909090909,9.281568475125926,23.0,1.7256351851768863,47.0,356.91,4.0,9734830.779826852,0.0041588177475159,0.0,0.055,2.177146664818447,130.0,345.0,167.72307692307692,47.0,21960738.329757232,0.0093818484977723,2340.768808510558,960.5673109728036
24033,Prince George's County,970374.0,97935.0,359176.0,9153778.0,1.0,136079877.1502871,0.1053263636423843,3,2.13,9.293333333333337,6.866666666666667,2.6326666666666667,17.16856349375257,0.0,4.674301997859468,16.0,220.44,3.0,18430082.21332415,0.0142649565961599,0.0,0.078,4.8972547757816765,95.0,500.0,182.42105263157896,164.0,63187194.88492029,0.0489077273916965,1291.9675121859816,751.0823537336073
51169,Scott County,21200.0,44535.0,11793.0,346092.0,0.0,49885269.68417096,0.0357372060255077,0,0.0,0.0,0.0,0.0,15.457413818259091,0.0,2.004069592897768,19.0,425.31,0.0,0.0,0.0,0.0,0.19,2.768283507976265,5.0,500.0,196.6,17.0,6668353.0929842405,0.0047771277943081,1395.8917115278953,15.187424515040073
13289,Twiggs County,7597.0,50446.0,4047.0,110130.0,0.0,114899686.39078689,0.12233543015804,6,2.15,1.2566666666666666,3.5833333333333335,0.1771666666666666,4.383049170569844,217.0,0.2847443744249538,10.0,451.17,0.0,0.0,0.0,0.0,0.12,2.501864591470459,10.0,230.0,138.0,22.0,32745670.49426919,0.0348648095721083,939.2183951713208,8.088640553738566
39099,Mahoning County,224706.0,54279.0,108203.0,2999323.0,1.0,58346126.19476806,0.0529756630926681,10,29.15,32.933,6.18,3.2971000000000004,7.282005738397099,0.0,5.101126133643155,26.0,216.9,0.0,0.0,0.0,0.0,0.059,8.382582457346748,21.0,345.0,147.85714285714286,70.0,12357931.790634712,0.0112221509500636,1101.2088364899982,204.05393832129943
1087,Macon County,18132.0,41206.0,9662.0,340064.0,0.0,312461660.1945509,0.1967393398303659,7,1.1700000000000002,0.5285714285714286,2.9,0.0682857142857142,2.605757248988537,7.0,5.275953435848254,12.0,341.07,0.0,0.0,0.0,0.0,0.079,8.250869276709102,21.0,115.0,115.0,5.0,2461091.3846794954,0.0015496092992099,1588.201223324038,11.416689355049414
48437,Swisher County,6703.0,40290.0,3042.0,118523.0,0.0,678745.245197577,0.0002909597232113,1,0.31,0.47,1.5,0.0,13.822194248212636,0.0,0.6651422973860067,2.0,18.84,0.0,0.0,0.0,0.0,0.063,7.829217786058352,27.0,345.0,97.96296296296296,0.0,0.0,0.0,2332.780763282716,2.8733947508069555
29151,Osage County,13611.0,70313.0,6503.0,171560.0,0.0,198325861.3144268,0.1248298879180073,1,0.15,0.68,4.5,0.037,13.436747134963849,0.0,7.953248185953334,12.0,689.04,0.0,0.0,0.0,0.0,0.16,1.8339378393355767,21.0,345.0,147.85714285714286,25.0,18559987.21521186,0.0116819919893922,1588.76904144988,8.567009832705995
17089,Kane County,525757.0,96400.0,188854.0,5474328.0,0.0,139911427.46228224,0.1030563900069715,6,1.8,0.9433333333333334,2.6,0.3303333333333333,12.17846058004013,0.0,0.3181265562189492,11.0,267.51,0.0,0.0,0.0,0.0,0.083,11.61840559904071,17.0,345.0,174.52941176470588,323.0,64586904.22419607,0.0475736200120176,1357.6201308178863,387.2637036423895
45055,Kershaw County,73166.0,61343.0,29223.0,1091674.0,0.0,278525268.03323144,0.145272162350504,8,46.49,41.70125,3.7125,23.520625,2.5716965933214913,11.0,8.053155760376553,20.0,389.48,0.0,0.0,0.0,0.0,0.2,3.846219319519977,46.0,230.0,99.52173913043478,5.0,10926907.481268767,0.0056992153177006,1917.265250065538,38.16164716775572
8089,Otero County,17683.0,47500.0,8735.0,182639.0,0.0,72256.33518122399,2.1972314977763973e-05,6,14.99,10.635,2.3333333333333335,0.0141666666666666,19.27753110333315,21.0,2.0686783640613475,9.0,363.97,1.0,536810.026511344,0.0001632377141207,0.0,0.072,131.03341331892508,0.0,0.0,0.0,117.0,282257727.7256938,0.0858313071503305,3288.51717510638,5.377195574302565
37183,Wake County,1257235.0,96734.0,466760.0,15259318.0,4.0,200693434.9253209,0.0904166518562119,27,63.370000000000005,51.02777777777778,4.722222222222222,1.2332592592592593,5.7490513808342,156.0,3.5679480644598076,25.0,385.6,1.0,326834.31995184446,0.000147245797715,1.0,0.075,1.1820347287142288,134.0,500.0,192.53731343283584,375.0,103846926.30311882,0.0467852447051953,2219.6512374250015,566.4110553955799
39061,Hamilton County,838418.0,68249.0,379583.0,10967012.0,2.0,116021647.0743018,0.1085599852961887,8,2.42,1.085,3.45,20.6185,7.089848986038603,0.0,3.627649309221922,20.0,363.5,0.0,0.0,0.0,0.0,0.11,1.0370947590420758,60.0,345.0,142.6,234.0,23098555.005983077,0.0216130252849007,1068.7330765360286,784.4971007330245
34003,Bergen County,977026.0,118714.0,367059.0,7538513.0,1.0,108241823.40332818,0.1695767538959581,14,11.16,6.992142857142857,5.864285714285714,5.859071428571428,3.758550853315629,330.0,1.66610765012915,17.0,156.02,0.0,0.0,0.0,0.0,0.18,3.587963389622242,17.0,345.0,227.2941176470588,39.0,6527205.148312076,0.0102258279310334,638.3057872999427,1530.6550863855653
55061,Kewaunee County,20758.0,77610.0,9280.0,241942.0,0.0,77698442.3510704,0.0276675815039719,5,57727.719999999994,972000.518,19.08,375.932,0.0,0.0,15.179978909997066,8.0,107.33,0.0,0.0,0.0,0.0,0.027,15.043432454859929,12.0,138.0,92.0,40.0,12306359.790978491,0.0043821626490119,2808.284579248398,7.391701023959479
48369,Parmer County,9678.0,65575.0,3755.0,165881.0,0.0,6070.651439650776,2.647847557667806e-06,4,0.87,0.4675,2.225,0.001,8.323509937396302,0.0,49.08012311911503,0.0,0.0,0.0,0.0,0.0,0.0,0.053,3.659572914919881,18.0,138.0,100.94444444444444,0.0,0.0,0.0,2292.6740710850195,4.221271624282748
40151,Woods County,8443.0,50724.0,4457.0,161884.0,0.0,32074.376072914645,9.600079051029983e-06,4,12.06,11.135,2.5250000000000004,2.33775,18.99478620171925,2.0,2.5895044866479,22.0,490.34,0.0,0.0,0.0,0.0,0.078,8.641344209420684,12.0,138.0,109.25,4.0,27986546.499079093,0.0083765638385517,3341.053329084141,2.5270473615320648
21063,Elliott County,7265.0,39469.0,3056.0,122926.0,0.0,19855207.493887912,0.0325770663124599,1,2.89,146.8,50.7,5.681,10.434757430817756,0.0,0.3532970726042742,15.0,162.44,0.0,0.0,0.0,0.0,0.12,1.690400827473653,6.0,138.0,80.5,2.0,13017658.618985644,0.0213584838231585,609.4842090275574,11.9199150566861
8103,Rio Blanco County,6683.0,69882.0,3274.0,63554.0,0.0,147319949.2139006,0.0176491435183527,9,4.05,4.722222222222222,7.2555555555555555,3.179333333333334,11.64435782054168,83.0,2.440808248249525,71.0,761.7,0.0,0.0,0.0,0.0,0.17,12.55331434469496,9.0,230.0,125.22222222222224,52.0,575929296.3834825,0.0689971647345523,8347.144387732653,0.8006330895415735
8087,Morgan County,30306.0,70471.0,11566.0,282476.0,0.0,357546548.5212115,0.1066951220797966,10,23.77,13.996,3.8,0.1746,11.247791831555872,10.0,0.8590343027560594,12.0,261.21000000000004,0.0,0.0,0.0,0.0,0.055,81.72609929106854,0.0,0.0,0.0,32.0,28117816.429209705,0.0083906105902568,3351.1049198088417,9.04358434761534
34023,Middlesex County,883335.0,105206.0,314752.0,6814093.0,12.0,124112575.9206516,0.1484166393819476,11,4.32,1.3136363636363635,2.9909090909090907,2.117636363636364,3.632702708814308,502.0,2.594115598715938,16.0,178.72,0.0,0.0,0.0,0.0,0.16,3.860160297066765,57.0,500.0,218.59649122807016,69.0,8905427.410803368,0.0106493125194366,836.2443485952411,1056.312071326836
20191,Sumner County,22312.0,59397.0,10390.0,321666.0,0.0,581251935.4081247,0.1893934214444146,4,2.94,1.7975,2.175,0.1015,3.3593189134055796,0.0,5.48896190829427,24.0,606.82,0.0,0.0,0.0,0.0,0.063,7.402410333201118,18.0,345.0,122.66666666666669,3.0,4283800.429340326,0.0013958209352509,3069.018612025642,7.270076470886381
26127,Oceana County,27177.0,60691.0,15612.0,261330.0,0.0,62981032.71278525,0.0186202159369411,20,57740.25,243003.11150000003,7.795,94.36395,0.0,0.0,3.716198835329383,27.0,185.94,0.0,0.0,0.0,0.0,0.037,23.0543876050006,1.0,138.0,138.0,25.0,70399472.3498586,0.0208134627289936,3382.400769468825,8.03482551367439
27065,Kanabec County,16628.0,68995.0,7770.0,183625.0,0.0,21369.643416937895,1.5460434270338556e-05,26,18.2,2.3915384615384614,3.0653846153846156,0.4633076923076923,2.122367739485044,0.0,2.1865202042107557,25.0,285.26,0.0,0.0,0.0,0.0,0.022,5.554824196670857,5.0,69.0,69.0,44.0,47062240.191780835,0.034048422934898,1382.2149789952396,12.029966577331722
39007,Ashtabula County,96713.0,53663.0,46291.0,1289583.0,0.0,110644103.0807385,0.0312238039514781,5,25824.72,99910.79,7.52,1961.2716,1.7645761189952682,0.0,2.8590025361614364,37.0,303.06,0.0,0.0,0.0,0.0,0.071,0.4311432952086035,22.0,345.0,166.22727272727272,60.0,22613522.913001902,0.0063815439452077,3543.5817894795855,27.29244186972848
1011,Bullock County,9780.0,36136.0,4541.0,181216.0,0.0,264292075.95741308,0.1632325055562125,18,5.28,1.002222222222222,3.1444444444444444,0.1008333333333333,3.626327248180799,2.0,0.6689078214282492,17.0,370.58,0.0,0.0,0.0,0.0,0.071,6.439146188125759,7.0,115.0,115.0,9.0,17709388.175103948,0.0109377013791195,1619.114250907572,6.04033964528319
17105,Livingston County,35057.0,68175.0,15909.0,382237.0,0.0,200931768.3785644,0.0741730345502244,3,1.97,0.94,1.4666666666666668,0.1966666666666666,5.7944907431481205,0.0,3.5893723482632165,16.0,356.93,0.0,0.0,0.0,0.0,0.094,3.3081868188322794,3.0,345.0,345.0,13.0,1267012.1198961786,0.0004677116739825,2708.959793771258,12.94112968402372
39135,Preble County,40664.0,66355.0,18088.0,545362.0,0.0,73026320.98438177,0.0660988981163117,6,3.79,4.93,4.416666666666667,2.195,5.886682104910237,0.0,0.7536468759595712,16.0,167.99,0.0,0.0,0.0,0.0,0.1,1.3935981051191004,15.0,138.0,73.6,10.0,9642404.25548984,0.0087277065021011,1104.8039084687932,36.806531628185866
39079,Jackson County,32817.0,56549.0,14453.0,432426.0,0.0,49318778.980933495,0.0451733647937638,6,1.56,1.33,4.883333333333334,0.1723333333333333,4.642287700689709,0.0,0.2176394642223321,11.0,213.49,0.0,0.0,0.0,0.0,0.1,0.8549820788875502,7.0,138.0,138.0,56.0,71191324.37927087,0.0652074469965943,1091.7667790764608,30.058617489497447
25017,Middlesex County,1669979.0,121304.0,658555.0,11545423.0,2.0,287246896.46099323,0.1309487196865774,88,47.66,3.066931818181818,4.921590909090909,4.205772727272727,2.335412777247601,5688.0,1.867755601957138,69.0,479.95,5.0,5624848.345017626,0.0025642285374917,0.0,0.18,10.387994929775486,119.0,345.0,138.7731092436975,640.0,85023723.6651749,0.0387602242138349,2193.5818326568456,761.3023481222659
48115,Dawson County,11776.0,45268.0,4892.0,207831.0,0.0,67424368.59889182,0.0288569657976366,3,0.44,0.2799999999999999,1.8,0.002,24.617040847369335,0.0,2.6593266923728383,2.0,0.65,0.0,0.0,0.0,0.0,0.036,9.127568500382372,6.0,69.0,69.0,0.0,0.0,0.0,2336.502356890682,5.040012035627047
36069,Ontario County,113130.0,76603.0,52636.0,819335.0,0.0,351609.55935283704,0.0002049170514859,9,234.35,1216.2511111111112,16.03333333333333,4.9047777777777775,1.637401655285527,4.0,2.5550875957284567,31.0,312.82,0.0,0.0,0.0,0.0,0.089,13.417216953277924,7.0,115.0,115.0,33.0,9559054.230062757,0.0055705392426032,1716.0015958519048,65.92651211599654
1001,Autauga County,61920.0,68315.0,24457.0,1016162.0,0.0,235178276.0581552,0.150243986956428,8,3.51,1.295,3.3,181.684375,12.081952646918484,1.0,3.85977628922456,26.0,307.86,0.0,0.0,0.0,0.0,0.11,2.824140761533945,27.0,500.0,189.07407407407408,2.0,1493472.5004882507,0.0009541070997036,1565.3090737425575,39.55768291303205
39049,Franklin County,1361536.0,71070.0,582701.0,17570625.0,32.0,142854719.1153261,0.1014613868805049,20,14.62,9.595,3.59,19.83825,3.3845512756617206,0.0,0.3873850519055498,11.0,405.44,4.0,3568695.9269898375,0.0025346368698879,0.0,0.08,3.8402888744333734,86.0,345.0,150.8372093023256,205.0,12752801.151726654,0.0090575169724713,1407.9798238840092,967.0138569486808
49021,Iron County,67141.0,63005.0,22028.0,575847.0,0.0,7467.735074983059,8.735803041005515e-07,6,13.36,6.621666666666667,4.133333333333334,1.3868333333333334,16.062128617884035,6.0,21.092128673240193,23.0,146.29,0.0,0.0,0.0,0.0,0.22,8.600555243047605,9.0,115.0,80.5,19.0,117971922.42723246,0.0138004290235942,8548.424271849772,7.854196032489567
49039,Sanpete County,31453.0,64356.0,10320.0,293477.0,0.0,169240663.75008962,0.0407831317181593,8,46.37,61.43125,5.3625,3.55875,14.96410438888048,7.0,3.11069307633254,46.0,404.82,0.0,0.0,0.0,0.0,0.27,1.8261772760311723,8.0,69.0,69.0,32.0,120795180.33777152,0.0291088775089463,4149.771158322611,7.579454095178032
20093,Kearny County,3888.0,68750.0,1582.0,57195.0,0.0,0.0,0.0,1,2.65,4.77,1.8,0.163,9.341097443681914,0.0,9.440512948896442,6.0,95.38,0.0,0.0,0.0,0.0,0.045,8.138612539602775,4.0,115.0,115.0,0.0,0.0,0.0,2255.8304314207885,1.7235338019406108
18105,Monroe County,143345.0,60308.0,64009.0,2070598.0,1.0,124441104.22202416,0.1168112752812707,4,46.07,151.0275,8.775,4.9615,4.126223573339842,0.0,2.6318734400325763,16.0,595.0699999999999,0.0,0.0,0.0,0.0,0.16,1.9124805454258385,30.0,230.0,95.06666666666666,51.0,52756004.14670376,0.0495213873393917,1065.3175724893124,134.55612082418557
19117,Lucas County,8847.0,63405.0,4080.0,151706.0,0.0,109975601.44126332,0.0977290599931582,7,52.09,98.0442857142857,4.7,2.4141428571428567,0.9843122567637944,2.0,2.6029673885431412,9.0,223.85,0.0,0.0,0.0,0.0,0.048,2.882646939937715,2.0,69.0,69.0,78.0,43703717.66818695,0.0388370074217172,1125.3111547350604,7.861825560667182
21239,Woodford County,27883.0,78295.0,11501.0,443656.0,0.0,26348115.192098096,0.0529744436636103,0,0.0,0.0,0.0,0.0,20.15479515592555,0.0,1.897000246534856,7.0,316.33,0.0,0.0,0.0,0.0,0.12,1.992917738158806,15.0,138.0,92.0,31.0,25458053.153202247,0.0511849213014663,497.37408021516126,56.060420333801815
17085,Jo Daviess County,21594.0,67729.0,13439.0,234174.0,0.0,127837994.03117104,0.0797902676765493,8,4.53,3.99,5.0875,0.1004999999999999,6.861864940446472,0.0,2.318482998523205,32.0,235.64,0.0,0.0,0.0,0.0,0.053,5.151593093904533,21.0,161.0,77.76190476190476,155.0,111019938.06450664,0.0692932538775677,1602.1752746763025,13.4779261303747
18059,Hancock County,90969.0,85262.0,32477.0,1230846.0,1.0,69874556.27723905,0.0878709762269625,2,6.02,37.23,7.3,5.611,5.66809777521575,0.0,0.6130331319300749,6.0,216.35,0.0,0.0,0.0,0.0,0.11,0.857520827057651,28.0,345.0,119.92857142857144,1.0,88712.32703854429,0.0001115604719108,795.1949782840705,114.3983582445396
48329,Midland County,187855.0,90123.0,70203.0,2889552.0,0.0,36338.31559289632,1.555466425911515e-05,8,3.46,1.00875,2.2875,0.0125,3.730053411174481,0.0,24.04641796620493,1.0,3.92,0.0,0.0,0.0,0.0,0.043,5.897151169886945,30.0,345.0,131.1,1.0,296818.74464982614,0.0001270536549691,2336.168485054317,80.41158041545633
20171,Scott County,4815.0,53365.0,2262.0,73475.0,0.0,0.0,0.0,3,1.62,1.08,2.3000000000000003,0.1243333333333333,1.873358400945983,1.0,20.551750270229604,2.0,17.84,0.0,0.0,0.0,0.0,0.044,1.6115218745592854,10.0,115.0,115.0,1.0,647889.7141684585,0.000348544606299,1858.843036040312,2.590320918250775
30013,Cascade County,85029.0,61351.0,39022.0,1171119.0,0.0,202683134.35328317,0.0288614055253252,16,7.7,0.755,2.04375,1.3550624999999998,15.48602167055646,7.0,2.592117434276058,43.0,905.21,2.0,13822361.377766438,0.0019682583768709,0.0,0.091,155.21907054553185,0.0,0.0,0.0,21.0,73593411.06113063,0.010479457440709,7022.635616157507,12.107847345000696
51660,Harrisonburg city,50839.0,56050.0,18599.0,835106.0,1.0,2730359.9962463304,0.0606343340469228,0,0.0,0.0,0.0,0.0,6.664526904269853,0.0,7.377777924062487,0.0,0.0,0.0,0.0,0.0,0.0,0.083,3.841467134088188,1.0,230.0,230.0,0.0,0.0,0.0,45.02993294415336,1129.0045682069106
20189,Stevens County,4984.0,67950.0,2247.0,75709.0,0.0,0.0,0.0,0,0.0,0.0,0.0,0.0,35.718608648908436,0.0,30.91249467066427,0.0,0.0,0.0,0.0,0.0,0.0,0.053,3.9858353312246426,12.0,345.0,99.66666666666669,0.0,0.0,0.0,1884.058980858208,2.645352428260891
31125,Nance County,3290.0,60054.0,1622.0,62163.0,0.0,231348014.8454866,0.1992812279423587,1,0.17,0.27,1.6,42.006,5.951272121474136,0.0,1.0313276559457645,13.0,239.12,0.0,0.0,0.0,0.0,0.057,19.304098371684717,0.0,0.0,0.0,24.0,14514066.992252346,0.0125022948417581,1160.912230591047,2.833978239961332
55078,Menominee County,4199.0,62194.0,2154.0,50874.0,0.0,12362.993531320975,1.3079211819245762e-05,28,13.35,2.985,4.232142857142857,0.2396428571428571,8.591690738889403,0.0,1.3714638892229851,20.0,393.32,0.0,0.0,0.0,0.0,0.025,8.41280535207284,2.0,69.0,69.0,4.0,37795.86786468221,3.998547444349699e-05,945.2399500246362,4.442258285730052
48365,Panola County,23018.0,58205.0,10784.0,379390.0,0.0,338290.3532495134,0.0001590299442494,4,30.6,85.1275,7.05,1.714,6.333568405596664,1.0,0.3608471209391295,18.0,430.31,0.0,0.0,0.0,0.0,0.067,2.3040899318267103,11.0,345.0,123.36363636363636,5.0,34874557.41690479,0.0163944932761506,2127.2116697645997,10.820737929924578
21011,Bath County,13176.0,51471.0,5463.0,210238.0,0.0,74060120.91500802,0.1006842889657708,1,27.85,757.5,27.2,25.06,16.5420445841482,0.0,0.6682873786140107,10.0,370.45,0.0,0.0,0.0,0.0,0.13,1.2734069191796775,11.0,138.0,75.27272727272727,11.0,23335652.240249947,0.0317246788735115,735.5677998598758,17.912692755868328
48001,Anderson County,59805.0,57445.0,20287.0,976624.0,0.0,501080312.91225034,0.179469385232419,19,32.55,68.60052631578948,5.7631578947368425,1.2906315789473684,3.4302056291216183,288.0,3.82568504562108,32.0,572.45,0.0,0.0,0.0,0.0,0.053,19.354318998155488,2.0,138.0,138.0,21.0,86575417.16466023,0.0310082765065702,2792.0099701870276,21.42005244916581
19167,Sioux County,36774.0,81914.0,13046.0,625187.0,0.0,212439029.85976523,0.1066630426600874,4,1.19,0.7425,2.65,38.1645,26.322192141289595,2.0,4.292948647818054,18.0,432.81,0.0,0.0,0.0,0.0,0.038,1.5606742599718468,57.0,230.0,71.82456140350877,66.0,12427680.015813105,0.0062397863783572,1991.6835709181476,18.463776343271
42037,Columbia County,66193.0,59457.0,29695.0,718229.0,0.0,79556427.65551761,0.0626324670843269,7,1.81,1.4142857142857144,4.971428571428571,1.933,2.3062949170029334,0.0,2.0225571362323485,16.0,380.02,0.0,0.0,0.0,0.0,0.065,3.175698779916256,15.0,500.0,140.66666666666666,26.0,2224196.5019074315,0.0017510453686783,1270.2106648362528,52.11182824428038
39023,Clark County,135340.0,58954.0,61040.0,1792275.0,1.0,104864937.05939887,0.1008383921100486,8,10.48,10.62875,3.2625,5.3,3.9720647431449065,0.0,2.002726443711852,12.0,267.17,2.0,552457.8654633986,0.0005312448986673,0.0,0.1,4.054210053467855,10.0,345.0,151.8,5.0,2651690.20732621,0.0025498720962305,1039.930673874252,130.14329070205432
48323,Maverick County,58823.0,48497.0,20063.0,970509.0,0.0,501892558.58007646,0.150011596068021,7,3.09,0.6571428571428571,1.657142857142857,0.0195714285714285,8.21179957425549,0.0,14.395525909145029,7.0,200.56,0.0,0.0,0.0,0.0,0.029,7.802316263565587,5.0,138.0,138.0,0.0,0.0,0.0,3345.691741733433,17.58171539423512
34005,Burlington County,481439.0,102615.0,184859.0,3687025.0,0.0,367372746.6481258,0.1729023177326571,55,26.34,1.482,2.641818181818182,7.224381818181819,2.349402237617639,1412.0,5.359551961855807,57.0,278.14,2.0,112688307.13807794,0.0530362408842626,0.0,0.11,13.753995270612773,28.0,500.0,213.3571428571429,596.0,168379289.35004842,0.0792644973545062,2124.271205518171,226.63725740356352
50021,Rutland County,59653.0,62641.0,33906.0,514562.0,0.0,156746383.59795624,0.0640075025140589,29,27.23,11.19344827586207,6.493103448275862,1.739,13.084547882911105,174.0,0.025437043238326,58.0,574.92,0.0,0.0,0.0,0.0,0.13,4.065483743121428,27.0,345.0,74.96296296296296,416.0,130880666.76562576,0.053445217773634,2448.8751700847647,24.359346988656505
13099,Early County,10455.0,48355.0,4919.0,148224.0,0.0,185215808.53023317,0.1384967781507499,4,2.23,0.9225,2.375,80.11775,0.6118528104712577,190.0,0.4871748096676495,10.0,149.82,0.0,0.0,0.0,0.0,0.055,4.676206120052867,10.0,500.0,153.5,21.0,22584316.650516786,0.0168876248401741,1337.3293677622871,7.817819792213219
31149,Rock County,1259.0,57566.0,829.0,24230.0,0.0,16.225768642241615,6.192393027827879e-09,32,11.71,0.7603125,2.046875,0.13940625,4.462889099029418,0.0,8.864325778565089,15.0,450.02,0.0,0.0,0.0,0.0,0.067,7.927316148926426,7.0,69.0,69.0,21.0,31398063.7962911,0.011982739038524,2620.274354248016,0.4804840370852373
26051,Gladwin County,26077.0,53717.0,17001.0,249413.0,0.0,33413540.37986555,0.0250045668773646,28,23.97,5.2092857142857145,3.1571428571428575,1.2686071428571428,1.6972863578924609,0.0,2.375942776036741,32.0,246.68,0.0,0.0,0.0,0.0,0.032,9.611350551795072,3.0,138.0,138.0,20.0,38781403.43080695,0.0290215339248515,1336.2975069211484,19.514367021518915
21173,Montgomery County,28822.0,53436.0,12122.0,465641.0,0.0,27399714.81223127,0.0532044776595829,1,0.43,1.9,4.4,0.188,3.682169973036448,0.0,2.8879290843715344,6.0,173.38,0.0,0.0,0.0,0.0,0.13,2.1791481496657616,19.0,138.0,72.63157894736842,0.0,0.0,0.0,514.9888884830757,55.96625605825511
45057,Lancaster County,114296.0,72186.0,41410.0,1685053.0,0.0,96126282.86598133,0.0668446811962335,8,57.32,52.3225,5.0125,84.640625,1.62978944155819,37.0,6.602178699530653,31.0,322.7,0.0,0.0,0.0,0.0,0.17,7.58609368423077,29.0,500.0,101.17241379310344,6.0,26343922.621038675,0.0183253372081891,1437.5682325379748,79.50648700563906
21123,Larue County,15184.0,57867.0,6485.0,244858.0,0.0,57868765.83692468,0.0847506308725662,3,0.7,0.7166666666666667,2.8666666666666667,0.1626666666666666,0.8251530319796557,0.0,1.0526800324818522,14.0,268.25,0.0,0.0,0.0,0.0,0.14,3.8777005773103648,13.0,161.0,88.46153846153847,12.0,11235934.179479716,0.016455379580451,682.8122149687697,22.237446353672045
19193,Woodbury County,106649.0,68399.0,42864.0,1853288.0,0.0,404151036.58022773,0.1777593958202621,7,2.74,0.96,2.4,155.51514285714285,24.06260414219523,0.0,0.6320146875496908,33.0,620.83,1.0,372187.729501436,0.000163700844337,0.0,0.039,7.912464505061547,56.0,345.0,105.14285714285714,57.0,43260401.11268033,0.0190273984104897,2273.584658259483,46.90786402545658
36037,Genesee County,58416.0,68178.0,26039.0,424450.0,0.0,10154.199401025822,7.914790700595549e-06,16,6.54,0.836875,2.125,0.8485625,1.4053410018820809,185.0,0.2133792230926686,17.0,359.87,0.0,0.0,0.0,0.0,0.12,0.7065821148610095,28.0,345.0,123.21428571428572,18.0,25206513.091438387,0.0196474648105098,1282.939724516249,45.532926359441085
18019,Clark County,130451.0,69005.0,52750.0,1840817.0,0.0,91108851.0580687,0.0934027590818595,2,0.79,1.925,4.75,0.094,12.694383416290387,0.0,3.772216404945953,9.0,82.32000000000001,0.0,0.0,0.0,0.0,0.14,1.24419913964471,30.0,345.0,127.26666666666668,7.0,5667334.507445871,0.0058100247657533,975.4406798489944,133.73545177569875
21021,Boyle County,31632.0,56568.0,12933.0,505185.0,0.0,21755257.226550937,0.0459403372832967,1,7.28,284.3,39.1,16.925,13.263421443785342,0.0,0.6399203250128817,11.0,393.72,0.0,0.0,0.0,0.0,0.12,3.0588734084387363,19.0,138.0,72.63157894736842,9.0,6029800.224780386,0.0127330627807624,473.5545821615206,66.79694631106096
21065,Estill County,13962.0,39980.0,6839.0,234727.0,0.0,65409376.38009258,0.0988017850997444,0,0.0,0.0,0.0,0.0,20.204073226318464,0.0,0.583649004534885,7.0,323.57,0.0,0.0,0.0,0.0,0.13,0.9852779375872552,7.0,161.0,108.42857142857144,4.0,2664531.9727762192,0.0040248131068523,662.0262611050919,21.08979782266316
48087,Collingsworth County,2487.0,52045.0,1516.0,49526.0,0.0,0.022534965840377,9.464380076829555e-12,0,0.0,0.0,0.0,0.0,43.28337602782395,0.0,1.0747426854513893,18.0,121.31,0.0,0.0,0.0,0.0,0.093,15.380168101272911,1.0,138.0,138.0,2.0,12615155.39059779,0.0052981942014288,2381.0292546837372,1.0445062760601564
48089,Colorado County,21439.0,63352.0,10064.0,345388.0,0.0,475803945.4434813,0.1886737810757898,17,7.05,0.7305882352941176,1.6411764705882352,10.561764705882354,5.10657674292633,0.0,2.920051475459744,13.0,598.8299999999999,0.0,0.0,0.0,0.0,0.036,9.01671523503814,8.0,138.0,129.375,2.0,37467932.235307656,0.0148574145120591,2521.8339439137644,8.501352776118045
17063,Grundy County,54052.0,89993.0,21195.0,557502.0,0.0,122042511.71048316,0.1094480710978687,14,13.63,4.690714285714286,2.6999999999999997,33.03792857142857,5.975111106770144,0.0,0.5892809647118827,20.0,302.44,0.0,0.0,0.0,1.0,0.092,1.5741486854144249,25.0,765.0,212.76,20.0,21134089.063948195,0.0189531107543906,1115.0723138708113,48.47398624073657
27081,Lincoln County,5583.0,64750.0,3062.0,64884.0,0.0,64437511.12750016,0.045364699027329,26,30.33,4.099615384615385,2.7961538461538464,0.1044230769230769,2.0411006019627367,234.0,2.6102178175783113,13.0,117.04,0.0,0.0,0.0,0.0,0.039,1.3631245140509252,16.0,345.0,97.75,275.0,83582931.87560168,0.0588432799814858,1420.4329177758304,3.9304918452200335
48497,Wise County,83778.0,85385.0,26786.0,1258223.0,0.0,288073674.176911,0.1205627672299905,5,69.67999999999999,396.092,13.2,5.0394000000000005,15.750186353354982,3.0,0.7607663498117406,22.0,219.85,0.0,0.0,0.0,0.0,0.067,2.3192142420347013,28.0,345.0,152.78571428571428,1.0,1444360.8804188862,0.0006044847793773,2389.408186433911,35.06223862279264
28117,Prentiss County,25284.0,51578.0,11008.0,423411.0,0.0,99083182.8577141,0.09147849257043,10,31.590000000000003,24.935,4.13,1.3595000000000002,5.063960670162883,2.0,2.6787291260152735,16.0,144.93,0.0,0.0,0.0,0.0,0.26,4.162019333782848,5.0,161.0,161.0,4.0,5596239.560782364,0.0051667250114333,1083.1309095023528,23.34343870919241
21235,Whitley County,37297.0,44332.0,15492.0,606474.0,0.0,92413551.26864392,0.0801608574264278,2,178.49,4024.0,37.65,123.0925,18.02258717241033,1.0,1.179462328679808,22.0,257.96,0.0,0.0,0.0,0.0,0.21,0.4057535443275851,22.0,345.0,98.27272727272728,16.0,19562856.06070986,0.0169691055261713,1152.851340958305,32.35195959350401
48491,Williamson County,752827.0,102851.0,240082.0,11279702.0,0.0,343483002.1212641,0.1171671131186686,6,19.44,160.84666666666666,21.96666666666667,1.4428333333333334,12.072181081199451,15.0,0.3883177597853686,16.0,300.98,0.0,0.0,0.0,0.0,0.031,4.056789848908792,45.0,345.0,157.93333333333334,116.0,67549280.45422256,0.0230420551729397,2931.5649123847115,256.8003856300781
19131,Mitchell County,10650.0,66056.0,4885.0,184608.0,0.0,104422231.13400392,0.0858391870675265,0,0.0,0.0,0.0,0.0,19.346059140090357,0.0,5.955914369848519,8.0,205.68,0.0,0.0,0.0,0.0,0.03,17.328315608701,3.0,345.0,191.66666666666663,28.0,7104680.4344969485,0.0058403271168606,1216.4867296535742,8.754719423065849
13107,Emanuel County,23147.0,47905.0,9982.0,311706.0,0.0,145038802.22916782,0.0811374748799746,6,1.36,0.735,2.966666666666667,0.2383333333333333,5.143176436770224,5.0,3.3825162442431225,10.0,665.38,0.0,0.0,0.0,0.0,0.14,1.019141460786385,8.0,230.0,143.75,20.0,47762804.792649895,0.0267194248652114,1787.5685960155845,12.948873711248728
42025,Carbon County,65868.0,64538.0,34247.0,723167.0,0.0,47111417.002632126,0.0469412393295806,11,11.45,19.605454545454545,11.127272727272729,1.9370000000000005,2.857784427506802,0.0,0.3906332170617546,28.0,191.1,0.0,0.0,0.0,0.0,0.084,5.714914516507775,22.0,500.0,109.5,50.0,66051791.53140518,0.0658131967087725,1003.6253340449022,65.63006907620874
31133,Pawnee County,2510.0,55833.0,1418.0,47030.0,0.0,135757385.51419666,0.1210681237730349,2,0.5700000000000001,1.035,3.7,0.0805,6.425339843661311,0.0,0.4582255388467333,14.0,175.88,0.0,0.0,0.0,0.0,0.049,6.320144174385065,1.0,115.0,115.0,18.0,12910415.32807578,0.0115134785925786,1121.3305539472274,2.2384122069665167
45083,Spartanburg County,380857.0,61955.0,138058.0,5572386.0,0.0,105921704.37843654,0.049887676576447,16,13.36,5.59875,4.50625,2.9335,5.868949864997392,47.0,2.1007173307623335,23.0,440.93,0.0,0.0,0.0,0.0,0.17,1.250709030000823,122.0,230.0,107.58196721311477,16.0,29763231.7307017,0.0140180749644031,2123.2039211005103,179.37843662354965
47041,DeKalb County,21873.0,46907.0,9903.0,295242.0,0.0,100327457.3114812,0.1177393783643914,1,59.54,2580.4,43.3,106.111,2.9482147596714876,0.0,0.2674368128895449,24.0,203.91,0.0,0.0,0.0,0.0,0.16,6.5556898214097,2.0,161.0,161.0,4.0,29222239.50147074,0.0342955700601738,852.0703825653939,25.67041461310423
36029,Erie County,946741.0,68014.0,438630.0,6908387.0,2.0,196871610.0023009,0.0619557238182348,17,25771.05,29353.368823529418,3.182352941176471,576.8689411764706,1.992961202559265,32.0,1.289914514594032,28.0,532.61,0.0,0.0,0.0,0.0,0.1,2.6525674857689685,201.0,230.0,127.58706467661692,47.0,21849209.92582546,0.0068759716842629,3177.6177868550276,297.9404898589187
24031,Montgomery County,1074582.0,125583.0,403643.0,10174064.0,1.0,106048954.34922928,0.0807767791683345,8,7.1,11.795,8.2875,1.406375,2.9797528232166974,0.0,1.2255476578332345,21.0,204.82,5.0,2669285.977284096,0.0020331772740932,0.0,0.081,3.343852639632739,39.0,500.0,238.97435897435895,217.0,30556582.465341344,0.0232744689365292,1312.8799006615795,818.4922318168648
53021,Franklin County,102612.0,77877.0,29806.0,1150207.0,0.0,59.3556664306318,1.8117077224996863e-08,17,7.39,5.002352941176471,8.652941176470588,101.47864705882353,10.7264729138086,65.0,8.936326219876179,9.0,385.22,0.0,0.0,0.0,0.0,0.18,18.033528177891313,2.0,500.0,500.0,36.0,178820181.44968748,0.0545811247945152,3276.2274893180006,31.320169412704715
19093,Ida County,6777.0,63125.0,3365.0,122400.0,0.0,82529001.61170734,0.0737520426873659,1,0.21,0.88,4.1,0.063,14.441833523849912,0.0,4.256996666055618,5.0,205.17,0.0,0.0,0.0,0.0,0.035,2.0995395505583336,26.0,345.0,79.61538461538461,1.0,11925.942768597974,1.0657618787044583e-05,1119.0063190377225,6.056266068119982
20173,Sedgwick County,538433.0,65372.0,224058.0,7478800.0,0.0,520933002.2701963,0.1993154499174153,15,42.27,12.919999999999998,2.1733333333333333,4.288666666666667,2.0837680362180473,0.0,0.0218110767548965,28.0,650.8100000000001,1.0,56170409.6229105,0.0214914977880955,0.0,0.057,2.3076671692178037,124.0,345.0,105.7258064516129,3.0,4766048.247535241,0.0018235493777397,2613.6107449103897,206.01116713669649
48453,Travis County,1389670.0,92731.0,571625.0,22283888.0,16.0,370872578.0590905,0.1396985367332889,9,59.86,458.7033333333333,16.58888888888889,65.50033333333334,0.0,55.0,0.0670451314095622,20.0,600.42,3.0,1732919.7488554928,0.000652748052871,0.0,0.03,2.649405842492099,138.0,345.0,138.0,387.0,222283310.24359217,0.0837286300333231,2654.806487997301,523.4543482859731
34021,Mercer County,399289.0,92697.0,150035.0,3011364.0,1.0,64407577.43289369,0.1086621132887082,5,2.48,4.746,24.52,2.4574,3.7343076972601663,240.0,1.6127376508148576,14.0,264.40999999999997,1.0,320309.88624628715,0.0005403952536959,0.0,0.13,2.314576979351242,18.0,230.0,209.55555555555551,159.0,27708697.52577104,0.046747382057102,592.7326046178295,673.6410261376557
31023,Butler County,8507.0,75690.0,4032.0,153233.0,0.0,169177447.0191711,0.1105594753912319,3,0.7,0.3999999999999999,1.7666666666666666,0.1736666666666666,3.162724921744817,0.0,4.819926899798989,15.0,384.99,0.0,0.0,0.0,0.0,0.05,7.98907264526674,5.0,345.0,161.0,12.0,4948222.674742326,0.0032337224170104,1530.1940106896743,5.55942575946027
42129,Westmoreland County,349324.0,69454.0,168183.0,3889339.0,0.0,133086207.21855403,0.0496025432625475,13,10.05,11.07076923076923,6.861538461538462,6.5800769230769225,1.155435147685491,0.0,1.326350929988227,29.0,667.89,0.0,0.0,0.0,0.0,0.049,1.2712092623626696,49.0,500.0,154.18367346938774,199.0,54423939.586310685,0.0202843395590576,2683.052086948956,130.19650334005826
19029,Cass County,12960.0,60815.0,6403.0,230769.0,0.0,124924028.93670876,0.0853767123885391,1,0.57,2.74,4.8,0.048,15.773091865123629,0.0,4.706057644016466,8.0,285.36,0.0,0.0,0.0,0.0,0.04,8.844432527982912,11.0,161.0,102.45454545454544,8.0,1603290.9814366288,0.0010957356576019,1463.2096439623317,8.857240692389558
39107,Mercer County,42737.0,73278.0,17898.0,560343.0,0.0,123009959.02745612,0.1003209492641891,1,49.75,185.5,3.7,2.528,4.676416165821777,0.0,0.0463654208281317,12.0,155.96,0.0,0.0,0.0,0.0,0.12,13.120544338725972,4.0,69.0,69.0,15.0,3573725.3085747743,0.0029145568228801,1226.1642252159804,34.8542219069164
21073,Franklin County,52649.0,62929.0,23983.0,850884.0,0.0,51184501.40677781,0.0932155120238813,1,0.2,1.01,5.1,0.035,9.962652856158485,0.0,0.6796266258848723,10.0,420.59,1.0,1440309.1932560825,0.0026230432109726,0.0,0.12,5.305037017070337,5.0,138.0,82.8,22.0,7729913.699072918,0.0140774618010459,549.0985383813007,95.88260816574946
23009,Hancock County,57171.0,64149.0,40298.0,448701.0,0.0,594380772.0159849,0.0978672051383398,147,258.55,14.563673469387757,5.448979591836735,1.1104625850340135,4.596368941867197,585.0,5.004010438739778,156.0,580.36,0.0,0.0,0.0,0.0,0.14,6.190940899753616,10.0,115.0,115.0,526.0,438217382.7220958,0.0721542374653871,6073.342302762361,9.413432859530523
23013,Knox County,41117.0,68904.0,24331.0,328075.0,0.0,382057734.8824136,0.1302804598578321,25,25.63,7.7536,5.86,2.3712,14.224049358235002,197.0,13.52051054513391,26.0,121.42,0.0,0.0,0.0,0.0,0.14,12.829068439646315,6.0,115.0,115.0,416.0,60552571.32121033,0.0204376085903459,2962.8012031609956,13.877745140690678
13217,Newton County,125583.0,70732.0,42037.0,1612347.0,4.0,72563709.99085927,0.1003477984697896,10,15.83,17.076,4.93,6.389100000000001,8.082291404001882,42.0,0.9249102881585056,19.0,340.95,0.0,0.0,0.0,0.0,0.11,1.6503270186395511,26.0,230.0,128.26923076923077,6.0,1842409.1482221968,0.0025478533755038,723.1221254472225,173.66776036942844
26061,Houghton County,37842.0,52736.0,18687.0,368894.0,0.0,48.00869132229321,1.2345032060679385e-08,32,81910.17,375148.28875,8.396875,93.0120625,7.530138693003857,0.0,1.4220685149137269,32.0,296.89,0.0,0.0,0.0,0.0,0.022,6.286694317422726,11.0,138.0,81.54545454545455,169.0,269458145.793774,0.0692889007639061,3888.9077878709977,9.730752711088789
30061,Mineral County,5185.0,56098.0,2565.0,61962.0,0.0,24826719.61758243,0.0078349926731054,2,0.3,1.285,8.2,0.024,21.60589590840421,3.0,1.5873082496693085,18.0,369.14,0.0,0.0,0.0,0.0,0.17,29.72212450093844,3.0,69.0,69.0,29.0,147188921.6360801,0.0464509262739756,3168.6972347533924,1.6363191607996996
47051,Franklin County,45579.0,57933.0,19565.0,631752.0,0.0,107564911.75032496,0.0721337294854309,7,45.58,87.59285714285714,5.714285714285714,8.265857142857142,3.7210235494148223,0.0,2.098229995489284,28.0,252.84,1.0,61004522.243295535,0.0409100294257671,0.0,0.19,7.640269843590039,17.0,161.0,161.0,32.0,99787793.31253462,0.066918300553082,1491.1883967133754,30.56555435950112
22029,Concordia Parish,17836.0,38929.0,9003.0,417136.0,0.0,1083203.8234174857,0.000559597595613,51,53.07,2.94,1.9901960784313728,0.7724313725490196,0.1426927254564488,46.0,0.2273939788576703,18.0,428.1,0.0,0.0,0.0,0.0,0.07,13.010148680809126,12.0,115.0,115.0,89.0,165078536.97372448,0.0852817804334824,1935.6835203796147,9.214316189715822
25009,Essex County,826653.0,94378.0,326936.0,5759950.0,1.0,362011892.29010373,0.168708796015692,48,22.56,2.521875,4.316666666666666,5.471374999999999,4.813650669564031,5511.0,1.9315662211719689,25.0,187.55,1.0,1403356.474199045,0.0006540077444561,0.0,0.2,9.342647969028896,69.0,345.0,131.66666666666666,739.0,120264894.21084036,0.056047179491568,2145.7795967937086,385.2459969491792
46019,Butte County,10856.0,58106.0,4725.0,152626.0,0.0,387459586.873841,0.0660039355184868,8,30.22,28.9775,2.9375,0.293,9.840486191764954,5.0,10.59283096499311,25.0,330.21,0.0,0.0,0.0,0.0,0.052,23.25607117729296,6.0,115.0,92.0,6.0,29560449.140664604,0.0050356373853562,5870.249757583275,1.8493250625283977
8035,Douglas County,399396.0,139010.0,136554.0,3679081.0,2.0,59021888.86303025,0.0270161959407959,6,9.02,91.62,23.0,3.5795,17.501629446712606,38.0,3.687196491864751,21.0,294.38,0.0,0.0,0.0,0.0,0.1,38.05639293992941,0.0,0.0,0.0,494.0,121484100.83862086,0.0556071372023368,2184.685401022873,182.81625345827925
18095,Madison County,135088.0,60060.0,58913.0,1952048.0,0.0,76956407.61465529,0.065605536999544,2,0.39,0.525,2.25,1.406,5.2181961262613745,0.0,4.803053504413618,10.0,580.88,0.0,0.0,0.0,0.0,0.097,3.350190312294468,30.0,345.0,119.6,7.0,1222788.3440852636,0.0010424302574016,1173.016933653785,115.16287286596932
40099,Murray County,13805.0,60213.0,6546.0,257242.0,0.0,90977077.9435088,0.0826225716889994,3,8.559999999999999,93.55666666666669,13.466666666666669,0.6386666666666667,3.0209155277460926,0.0,3.23443513022554,18.0,501.77,0.0,0.0,0.0,0.0,0.19,3.4752013123120684,13.0,138.0,122.07692307692308,0.0,0.0,0.0,1101.1165170642068,12.537274471921323
54009,Brooke County,21142.0,51963.0,10721.0,424860.0,0.0,17270360.61377329,0.072157519210033,0,0.0,0.0,0.0,0.0,5.4992880440879,0.0,2.459275815091194,16.0,236.82,0.0,0.0,0.0,0.0,0.053,0.6905373036306235,7.0,345.0,147.85714285714286,5.0,3061101.732311493,0.0127679832451518,239.74825730397748,88.18416549820422
54013,Calhoun County,5978.0,39031.0,3225.0,120674.0,0.0,26273596.547591753,0.0361418844852622,0,0.0,0.0,0.0,0.0,39.95739282518914,0.0,3.2314975145060796,8.0,218.77,0.0,0.0,0.0,0.0,0.091,6.458461944499504,1.0,138.0,138.0,0.0,0.0,0.0,726.9570173715065,8.223319752266706
51021,Bland County,6151.0,59901.0,3200.0,100703.0,0.0,32396976.369095538,0.0348782630132482,0,0.0,0.0,0.0,0.0,18.253536101517497,0.0,1.192733241220175,11.0,286.55,0.0,0.0,0.0,0.0,0.17,4.067338776805014,4.0,138.0,120.75,11.0,86384819.19924024,0.093001038432004,928.8586520719172,6.622105512264483
30111,Yellowstone County,172692.0,72300.0,72252.0,2343949.0,1.0,166116730.58847457,0.0242118488592385,9,9.7,1.8911111111111112,1.911111111111111,0.3728888888888889,11.911769836159536,10.0,1.3778962791636342,36.0,896.61,0.0,0.0,0.0,0.0,0.058,54.07313291003204,0.0,0.0,0.0,8.0,21362907.38400687,0.0031138561191682,6860.595533782468,25.17157572540781
54043,Lincoln County,19177.0,50985.0,9583.0,387681.0,0.0,46692103.84159857,0.0410978844831,0,0.0,0.0,0.0,0.0,23.199426997082607,0.0,0.122116067686641,9.0,295.94,0.0,0.0,0.0,0.0,0.1,10.492654977713574,4.0,138.0,138.0,2.0,6066847.837197553,0.0053399738087525,1136.1193995471692,16.879387859800218
13131,Grady County,26590.0,51929.0,11506.0,357450.0,0.0,114269586.1351628,0.0958574713342858,2,0.3,0.475,3.0999999999999996,0.274,8.54246251244201,62.0,2.7489220561108514,9.0,168.07,0.0,0.0,0.0,0.0,0.052,4.700884113571956,11.0,230.0,125.45454545454544,5.0,813979.0050996043,0.0006828235909887,1192.0780357352412,22.30558671739977
18133,Putnam County,37876.0,70609.0,14994.0,545828.0,0.0,111398213.49618185,0.0891063237675803,5,8.57,58.378,12.84,4.470000000000001,6.0051457777385515,0.0,0.6580970816496683,18.0,269.1,0.0,0.0,0.0,0.0,0.15,2.4143754665972508,28.0,138.0,88.71428571428571,49.0,11637019.102746408,0.0093083359177423,1250.1718035943927,30.29663594323755
47015,Cannon County,15296.0,57651.0,6338.0,212560.0,0.0,23082799.497866526,0.0335433371183114,0,0.0,0.0,0.0,0.0,18.51808696452505,0.0,2.369741429092622,13.0,134.35,0.0,0.0,0.0,0.0,0.17,14.04577971435968,0.0,0.0,0.0,9.0,5514844.240251217,0.008014031379635,688.1485708011298,22.22775814558865
23007,Franklin County,30824.0,56890.0,21014.0,238751.0,0.0,458.8268307784584,1.0158875742495405e-07,76,207.27,16.21407894736842,5.1763157894736835,1.356078947368421,1.8775503507958429,82.0,1.6633956615679444,92.0,650.04,1.0,50369227.76993835,0.0111522407112089,0.0,0.14,37.9802993066067,5.0,115.0,115.0,66.0,167124848.4893984,0.0370030794931202,4516.511889786666,6.824735714679132
21165,Menifee County,6430.0,43797.0,3437.0,101952.0,0.0,20002931.914363544,0.0375030636837561,1,27.85,757.5,27.2,25.06,9.397467361512524,0.0,2.1614381962275795,9.0,151.47,0.0,0.0,0.0,0.0,0.13,3.592314253997157,2.0,69.0,69.0,5.0,44368829.83517611,0.0831861578095713,533.3679424976558,12.055467694382964
26029,Charlevoix County,26036.0,69764.0,17487.0,256941.0,0.0,219188960.6730014,0.0608652409460704,28,57825.969999999994,173629.47607142857,8.246428571428572,67.54425,0.0,0.0,21.991681988789384,17.0,122.19,0.0,0.0,0.0,0.0,0.023,29.119897436086205,13.0,138.0,84.92307692307692,134.0,112958005.2939491,0.0313666171320574,3601.2173330129976,7.229777486996793
27151,Swift County,9763.0,58362.0,4683.0,112557.0,0.0,108267732.06635807,0.0555772688232068,39,71.78,8.900512820512821,2.607692307692308,1.9734358974358976,6.9445788448265295,0.0,1.4734819206383003,22.0,243.96,0.0,0.0,0.0,0.0,0.04,5.542839829620182,11.0,230.0,117.0909090909091,360.0,142087995.93478724,0.072937547905491,1948.0774993820569,5.011607599336725
39147,Seneca County,54522.0,62476.0,23960.0,733308.0,0.0,70984180.14416574,0.0495793552509409,4,0.91,0.52,2.375,0.11925,13.235628481847405,0.0,0.4738127458616447,20.0,374.83,0.0,0.0,0.0,0.0,0.079,0.2742612219248121,14.0,345.0,152.78571428571428,22.0,4133355.166953125,0.0028869683890759,1431.7285851114125,38.08124009464914
13267,Tattnall County,24376.0,51868.0,9366.0,318176.0,0.0,225697656.8169604,0.1784429351761658,1,0.17,0.49,2.9,0.042,20.502698072661246,9.0,3.0805061493367543,12.0,381.09,1.0,26866252.866981633,0.0212412175047845,0.0,0.14,8.109707783712928,8.0,115.0,115.0,9.0,31650526.887684885,0.0250237995261556,1264.8169937024563,19.272353329666256
48429,Stephens County,9380.0,44712.0,4677.0,153584.0,0.0,54311727.72786409,0.0227565163191218,4,95.22,405.42,18.075000000000003,6.5425,4.520497140599105,0.0,4.088625073787338,19.0,376.13,0.0,0.0,0.0,0.0,0.044,4.142332251154654,14.0,345.0,152.78571428571428,0.0,0.0,0.0,2386.645110146857,3.93020309560093
13317,Wilkes County,9540.0,51780.0,5182.0,132186.0,0.0,64574260.83864894,0.0525892537960599,4,16.97,53.59,7.25,19.21775,9.13476480127899,18.0,0.0327012002466984,20.0,238.23,0.0,0.0,0.0,0.0,0.21,7.0678792878002845,2.0,115.0,115.0,8.0,39231141.19514625,0.0319498266681789,1227.8984046639373,7.76937242019709
53043,Lincoln County,11982.0,68172.0,5785.0,125863.0,0.0,30962.756276762215,5.109629014365737e-06,40,306.74,165.5115,4.3375,91.064,0.3292104886453224,160.0,0.593804781553183,51.0,460.76,0.0,0.0,0.0,0.0,0.16,38.01573296597943,1.0,500.0,500.0,12.0,87230747.47373642,0.014395254552035,6059.687736567633,1.9773296118368835
39171,Williams County,36549.0,60632.0,16566.0,492177.0,0.0,15799.743579345746,1.4418406935095375e-05,7,1.84,0.86,2.7714285714285714,0.6135714285714285,4.260668980362496,0.0,2.7484268430883088,19.0,248.03,0.0,0.0,0.0,0.0,0.083,3.100097926136117,3.0,69.0,69.0,35.0,17006696.347998314,0.0155198384920367,1095.8036938802236,33.353601748302715
20207,Woodson County,3118.0,50670.0,1843.0,44999.0,0.0,194832037.53819612,0.1488859830023456,5,11.63,80.10999999999999,10.8,3.2636000000000003,2.012845214084795,0.0,1.2975989055435535,15.0,393.65,0.0,0.0,0.0,0.0,0.061,1.7484570299265534,10.0,69.0,69.0,4.0,3118818.8829021906,0.0023833267929363,1308.5989265700491,2.3827010222089573
13185,Lowndes County,122867.0,52821.0,49247.0,1641381.0,0.0,130229337.26467316,0.098480710022582,24,10.28,1.30125,3.1333333333333333,0.1142083333333333,8.167704588784092,109.0,3.2718482716343553,8.0,297.97999999999996,1.0,16511696.337160405,0.0124863077177151,0.0,0.061,1.6103763367022643,37.0,230.0,108.7837837837838,13.0,14979082.448846534,0.0113273299705976,1322.3842236191333,92.913237926973
15007,Kauai County,73400.0,88869.0,30236.0,462899.0,0.0,90811126.40017532,0.027688536104758,3,1.78,3.266666666666667,4.433333333333334,0.0,25.80474627433893,0.0,3.189792278614992,46.0,255.28,3.0,10408522.098133408,0.0031735840236288,0.0,0.1,10.605472903626003,17.0,57.1,57.1,24.0,68505996.58419281,0.0208876470869345,3279.737363383759,22.379840782211904
26099,Macomb County,886221.0,73876.0,369998.0,8603043.0,1.0,122649501.81110488,0.082945331111951,22,6.69,0.8977272727272727,2.368181818181818,0.0507727272727272,6.542071422138279,0.0,1.86987987157532,24.0,237.39,2.0,13249135.576412575,0.0089601174167441,0.0,0.046,1.3990650517801655,54.0,345.0,157.5,8.0,1559876.4757815995,0.0010549123222425,1478.67878959414,599.3330033788104
13287,Turner County,8983.0,39666.0,3916.0,121398.0,0.0,55001126.922442354,0.0732327121050939,1,0.27,0.5,1.8,0.007,3.576374953963185,37.0,2.187473994026989,5.0,222.33,0.0,0.0,0.0,0.0,0.073,6.875037622641557,4.0,230.0,143.75,9.0,4298837.955598984,0.0057238020383247,751.045882931551,11.960654074737397
17079,Jasper County,9032.0,67429.0,4225.0,99270.0,0.0,56672.15447175347,4.391902769237048e-05,3,6.91,21.596666666666668,5.366666666666667,0.8293333333333334,2.920189752000196,0.0,0.8625786511289817,16.0,253.58,0.0,0.0,0.0,0.0,0.26,12.277745473073823,2.0,345.0,241.5,64.0,110434231.8605895,0.0855828435084843,1290.3781568047773,6.9994985209335505
48331,Milam County,26258.0,56985.0,11564.0,418232.0,0.0,520392.88199387665,0.0001968068320396,7,4.25,3.8214285714285703,3.442857142857143,0.0315714285714285,15.85062300230284,1.0,1.0784720210726586,15.0,484.3,0.0,0.0,0.0,0.0,0.036,16.567307772116777,8.0,345.0,172.5,1.0,3731235.4687922327,0.0014111119840714,2644.1809799011867,9.930485167086127
51049,Cumberland County,10352.0,56497.0,4658.0,155097.0,0.0,71902024.85660961,0.092612834835893,4,1.02,1.0525,4.1,0.44075,9.781527770386772,0.0,4.7656616435847,14.0,474.62,0.0,0.0,0.0,0.0,0.2,15.328124407332009,5.0,230.0,161.0,6.0,2116116.4853451126,0.0027256471141335,776.3721409026915,13.333811782534704
54109,Wyoming County,19801.0,44510.0,10010.0,405650.0,0.0,23353057.05353187,0.0179679762251604,1,1.49,251.3,169.1,19.22,20.301065184378,0.0,2.7612854912005944,17.0,306.95,0.0,0.0,0.0,0.0,0.13,3.1586146100228523,19.0,138.0,123.47368421052632,10.0,73731261.7045736,0.056729256098207,1299.7043637754166,15.235003091381117
48097,Cooke County,44461.0,66374.0,17698.0,692405.0,0.0,311866100.92298853,0.1340143710234118,11,85.28999999999999,229.46545454545455,7.036363636363637,13.28890909090909,12.818024193088084,4.0,1.096170027790788,32.0,297.73,0.0,0.0,0.0,0.0,0.093,2.459687765796925,17.0,138.0,121.76470588235294,2.0,6043953.3893612875,0.0025971935192231,2327.10937580388,19.10567696657633
55119,Taylor County,20118.0,61360.0,9490.0,235167.0,0.0,148422922.01096797,0.0582049470315498,36,20.8,2.2030555555555553,3.030555555555555,0.1855833333333333,1.014662350053605,0.0,2.1077879956722136,47.0,541.01,0.0,0.0,0.0,0.0,0.023,7.626966567812129,27.0,69.0,69.0,46.0,122349665.17409454,0.0479801615835308,2550.0052758490733,7.889395441858968
27099,Mower County,40971.0,66972.0,16933.0,458775.0,0.0,46265321.62983976,0.0251059181717494,4,0.56,0.32,2.275,3.1725,15.662760526908665,11.0,0.0584616720866675,22.0,257.79,0.0,0.0,0.0,0.0,0.028,5.894714502208849,33.0,345.0,102.45454545454544,102.0,19400317.611607004,0.0105275997329408,1842.8053975972916,22.23294985646303
27101,Murray County,7942.0,71500.0,4418.0,94360.0,0.0,7883.119378811096,4.230248210065853e-06,40,41.37,2.678,2.4925,0.4147249999999999,1.6430208263547077,195.0,0.4729242640151103,26.0,221.45,0.0,0.0,0.0,0.0,0.034,15.40993112459223,16.0,115.0,80.5,213.0,78929242.5905486,0.0423550973023392,1863.5122480568425,4.261844808522958
44007,Providence County,678179.0,72579.0,276370.0,4386449.0,0.0,104895808.0813034,0.0929579015742071,31,22.13,4.160645161290322,4.748387096774193,1.240709677419355,0.3272625068165305,223.0,2.8817593917747297,68.0,183.84,0.0,0.0,0.0,0.0,0.11,4.38223681011497,81.0,345.0,134.87654320987653,434.0,82554738.94006649,0.073159408744549,1128.4227190561808,600.9972934320507
29161,Phelps County,45247.0,53242.0,20194.0,573388.0,0.0,134354067.97580314,0.0769282177156014,3,0.67,0.93,4.366666666666667,0.0673333333333333,2.037394605925096,0.0,5.7298008341002955,16.0,441.55,0.0,0.0,0.0,0.0,0.21,6.119274614027079,8.0,345.0,112.125,10.0,13664733.864294937,0.0078241295960469,1746.4861358123196,25.90744871785362
8095,Phillips County,4420.0,58474.0,2044.0,44004.0,0.0,242.61108767306115,1.361433299891711e-07,0,0.0,0.0,0.0,0.0,43.68177411976406,4.0,33.73435379977511,0.0,0.0,0.0,0.0,0.0,0.0,0.039,35.05262732972216,0.0,0.0,0.0,0.0,0.0,0.0,1782.0269849582498,2.4803215873319413
5013,Calhoun County,4632.0,60237.0,2476.0,81058.0,0.0,402367.1785294322,0.0002456520466765,5,3.11,22.378,30.6,53.888,11.178453933347908,1.0,2.270316738711617,26.0,268.87,0.0,0.0,0.0,0.0,0.13,24.260790550748556,3.0,115.0,115.0,1.0,184393.6223911131,0.0001125754612988,1637.9557344343382,2.827915249858473
29141,Morgan County,22418.0,48841.0,15171.0,267924.0,0.0,121669210.72377892,0.0765079622558368,3,176.38,1101.243333333333,8.666666666666666,123.913,12.66963291152284,0.0,3.850107594318537,22.0,352.28999999999996,0.0,0.0,0.0,0.0,0.12,13.44151693598604,3.0,161.0,161.0,14.0,9545170.726199985,0.0060021886486526,1590.281693052539,14.096873590344078
39075,Holmes County,44970.0,72987.0,14527.0,587088.0,0.0,62662214.351698615,0.0570558661437667,4,1.34,1.42,3.75,2.368,9.3654025119601,0.0,0.2938481798275711,14.0,214.09,0.0,0.0,0.0,0.0,0.063,1.592740147772682,9.0,138.0,138.0,7.0,6371395.151321392,0.0058013505054659,1098.260680046557,40.946562885319416
19143,Osceola County,5980.0,67561.0,2885.0,108176.0,0.0,94058316.98568536,0.0909277563704656,3,1.5,1.38,2.5666666666666664,0.114,10.982513561530771,21.0,1.5356850983857782,6.0,142.91,0.0,0.0,0.0,0.0,0.033,3.2801778925885707,9.0,69.0,69.0,15.0,3885909.440281605,0.0037565739858707,1034.4290981349943,5.780966535823031
18079,Jennings County,27622.0,66892.0,11646.0,409230.0,0.0,85900540.22460392,0.0876616107565699,4,1.51,1.5499999999999998,3.8,0.37875,6.492088512394734,0.0,1.3282648083407491,9.0,311.31,1.0,3888036.4578979257,0.0039677461595518,0.0,0.14,3.793341074080317,8.0,161.0,112.125,25.0,40626507.32996654,0.041459402465935,979.9105851404216,28.18828617515317
16083,Twin Falls County,97539.0,61183.0,35014.0,1289540.0,0.0,9263279.320974717,0.0018544071109615,10,19.47,23.604999999999997,8.209999999999999,229.6411,16.929911877674424,1.0,5.886271382569922,37.0,354.78000000000003,0.0,0.0,0.0,0.0,0.13,35.98945253032782,1.0,345.0,345.0,104.0,68903714.46924159,0.0137937717901081,4995.277253945426,19.52624349788806
26077,Kalamazoo County,263795.0,67905.0,114093.0,2570230.0,0.0,71441640.24905038,0.0475335450619086,65,43.0,2.968461538461539,3.483076923076923,0.6630923076923076,3.3356338411095168,0.0,3.21928321497231,30.0,241.17,1.0,22982359.811543062,0.0152912647571176,0.0,0.08,0.4895590323568705,29.0,345.0,140.3793103448276,35.0,21736363.815501112,0.0144623181308973,1502.9654042157686,175.5163487197135
45061,Lee County,15730.0,39099.0,7577.0,269571.0,0.0,142445723.19742858,0.1337408783129436,4,0.67,0.395,2.4000000000000004,0.421,8.193705158246873,3.0,2.1390101267010637,7.0,225.43999999999997,0.0,0.0,0.0,0.0,0.22,5.427840473974854,12.0,230.0,136.08333333333334,14.0,22733355.645466197,0.0213441223961466,1065.0873914389756,14.768741162871285
56019,Johnson County,8908.0,60667.0,4614.0,251527.0,0.0,317013.44760373456,2.932009251655386e-05,18,18.89,18.72888888888889,7.216666666666667,0.0818888888888888,5.932692310353516,97.0,2.40637702227614,83.0,1039.1,0.0,0.0,0.0,0.0,0.18,111.17179278034024,0.0,0.0,0.0,73.0,624722720.7659371,0.0577796560635079,10812.15713847941,0.8238873969281578
18027,Daviess County,34209.0,64113.0,12739.0,493124.0,0.0,573984.1357927119,0.0005072777187658,8,7.33,8.8275,4.7124999999999995,22.569125,1.1409246735606655,0.0,1.8620207582944563,16.0,676.55,1.0,3279.5702523889245,2.8984301349486853e-06,0.0,0.24,3.3114758072565618,19.0,345.0,117.42105263157896,30.0,46256229.593038455,0.0408804933158261,1131.4988113201448,30.233350364802945
26055,Grand Traverse County,96729.0,75553.0,45840.0,949312.0,0.0,141389413.08288628,0.0907858217819499,40,57816.969999999994,121519.4135,6.5375,48.04295,3.547156216674556,0.0,5.153886874727409,25.0,136.85,0.0,0.0,0.0,0.0,0.027,1.9413841045746831,26.0,138.0,95.53846153846152,29.0,18436365.187848072,0.0118379483142046,1557.3953102773746,62.10947173249957
46065,Hughes County,17570.0,83750.0,7953.0,267647.0,0.0,175620284.74084508,0.0846824154628364,12,1326.12,2621.9575,4.7250000000000005,162.6915,4.035237641774313,0.0,8.826233052243214,31.0,106.56,0.0,0.0,0.0,0.0,0.064,26.693237069096742,6.0,115.0,115.0,58.0,76248397.49428812,0.0367662453372911,2073.869572342531,8.472085339558687
47007,Bledsoe County,15920.0,51783.0,5860.0,220789.0,0.0,27495047.814702332,0.0260905363678121,1,0.24,1.05,4.3,0.267,13.242598571092229,0.0,0.8991027030002297,13.0,309.23,0.0,0.0,0.0,0.0,0.26,4.51144954840904,4.0,161.0,161.0,8.0,50178856.102122225,0.0476156025932632,1053.832218207017,15.10676910892531
21219,Todd County,12972.0,57891.0,5143.0,202379.0,0.0,74430579.16096514,0.0762162629943799,4,2.62,6.882499999999999,5.875,0.41525,17.21816976707291,4.0,0.239726196384397,14.0,260.24,0.0,0.0,0.0,0.0,0.26,4.258980537154026,5.0,500.0,192.0,23.0,10450024.527933732,0.0107007341341749,976.5708031712992,13.283215060162508
29077,Greene County,309286.0,54968.0,136889.0,3891176.0,0.0,111088983.2736626,0.0632732865690241,3,4.47,18.116666666666664,9.1,4.333,4.71091624315219,0.0,3.0179746334746342,20.0,287.45,1.0,434055.99525758,0.0002472265796805,0.0,0.13,1.136358793193777,64.0,345.0,132.25,20.0,26917958.803445287,0.015331742824399,1755.7011692504975,176.160958035947
51013,Arlington County,243931.0,137387.0,119247.0,3753500.0,0.0,3302473.576242015,0.0488484228146363,1,0.2,0.44,2.2,0.022,3.5886704295584093,0.0,3.265689139143925,2.0,2.62,5.0,4611739.627330532,0.0682143859825228,0.0,0.081,2.4276225992299576,8.0,230.0,230.0,34.0,309.4279642345943,4.576892956528154e-06,67.60655474654548,3608.0968911148993
51035,Carroll County,29299.0,49113.0,16633.0,467150.0,0.0,23150745.2484452,0.0187127813066621,1,0.23,1.17,5.2,1.021,17.64693864739051,2.0,0.6194845746027,14.0,274.08,0.0,0.0,0.0,0.0,0.14,4.08306169129578,6.0,138.0,138.0,35.0,12504229.724122088,0.0101071343304886,1237.1686489218232,23.682300732025265
20013,Brown County,9104.0,55876.0,4507.0,135651.0,0.0,144436107.63027307,0.097476952540799,2,0.67,1.22,3.5999999999999996,0.1225,15.92919838428315,0.0,0.8826090027829326,14.0,226.55,0.0,0.0,0.0,0.0,0.054,22.439824723320957,0.0,0.0,0.0,2.0,573889.0882934452,0.0003873059195417,1481.7462355659002,6.144101993633917
13031,Bulloch County,86949.0,53675.0,33086.0,1138572.0,0.0,305873368.24482185,0.1714956825183534,6,1.52,0.6216666666666667,2.2666666666666666,0.2185,9.821677576195782,22.0,2.8982416822765336,11.0,483.34,0.0,0.0,0.0,0.0,0.18,5.506142823783038,8.0,115.0,115.0,13.0,48968903.20131716,0.027455660899393,1783.5630830652967,48.7501680347444
21071,Floyd County,34401.0,38723.0,17446.0,598996.0,1.0,51523228.00753,0.050272849332175,1,3.27,115.1,35.1,6.115,15.432088861230651,0.0,0.3844293882042838,17.0,271.08,0.0,0.0,0.0,0.0,0.12,1.1686985406588584,27.0,765.0,98.1851851851852,5.0,37057935.36625832,0.0361586040563511,1024.8718481638705,33.56614786681067
13309,Wheeler County,7570.0,36354.0,2434.0,103742.0,0.0,113506304.87810116,0.1459528709513361,1,0.72,2.67,3.7,8.907,13.118478393988603,186.0,0.1177714444992538,6.0,537.25,0.0,0.0,0.0,0.0,0.11,3.256911043832244,7.0,230.0,131.42857142857142,8.0,16340227.865852106,0.0210111956289454,777.691481932688,9.733937140712069
39031,Coshocton County,37188.0,52048.0,16337.0,486794.0,0.0,121850669.4930544,0.0829114179389029,4,1.85,3.7375,4.775,49.4455,13.029853151703252,0.0,1.3338715541722848,20.0,534.53,0.0,0.0,0.0,0.0,0.065,5.9083601135983725,7.0,138.0,128.14285714285714,18.0,83567528.79541506,0.0568622424062502,1469.6488435747854,25.30400385274595
31135,Perkins County,2849.0,61786.0,1368.0,52551.0,0.0,56646359.352328986,0.0247298228812984,1,0.63,1.2,1.9,0.025,24.44111023223452,3.0,23.01189631826936,1.0,35.95,0.0,0.0,0.0,0.0,0.039,9.232019711754734,5.0,115.0,115.0,8.0,1780999.309262904,0.0007775221206411,2290.6091826611946,1.2437739364556617
48205,Hartley County,4904.0,78065.0,1866.0,91811.0,0.0,0.0,0.0,1,0.36,16.8,46.7,0.503,22.895997029752976,0.0,15.872709653167076,4.0,11.62,0.0,0.0,0.0,0.0,0.098,18.4628393387451,3.0,115.0,84.33333333333333,0.0,0.0,0.0,3789.45922663805,1.2941160484132597
48249,Jim Wells County,38804.0,46626.0,16186.0,658603.0,0.0,412304056.3743129,0.18328545071434,2,59.61,327.815,6.2,16.4405,6.669625417681123,0.0,7.218506719088204,10.0,94.72,1.0,13685993.78919958,0.0060839652226215,0.0,0.028,9.154843996392714,2.0,69.0,69.0,3.0,3207369.844431579,0.0014258026710653,2249.5187514518507,17.24991177555453
19189,Winnebago County,10251.0,62853.0,5089.0,188414.0,0.0,51760208.81298462,0.0497481904063721,5,5.08,3.2920000000000003,2.4200000000000004,0.852,8.930870378915124,63.0,1.4390629195302256,8.0,181.21,0.0,0.0,0.0,0.0,0.029,7.780042426139075,18.0,69.0,69.0,194.0,47799959.513942465,0.0459418831089786,1040.444062785946,9.852523904602233
1067,Henry County,18394.0,58395.0,9110.0,299497.0,0.0,117429685.22642002,0.0797802891597438,2,126.49,576.535,6.449999999999999,143.6185,11.421006322580828,1.0,1.826410972563451,11.0,184.47,0.0,0.0,0.0,0.0,0.058,6.175348133831273,8.0,115.0,115.0,0.0,0.0,0.0,1471.913507248525,12.496658199967362
39175,Wyandot County,21567.0,68552.0,9851.0,291550.0,0.0,17967.494720926577,1.7021188676075474e-05,4,2.5900000000000003,0.6599999999999999,1.35,0.056,14.016105187804667,0.0,2.522206205277526,18.0,235.4,0.0,0.0,0.0,0.0,0.085,18.50647576401873,0.0,0.0,0.0,12.0,37266817.36221477,0.0353040610019106,1055.5957673027388,20.43111640652753
38085,Sioux County,3667.0,41201.0,1275.0,154705.0,0.0,53051086.06713057,0.0181555527518772,3,1094.48,9704.65,10.466666666666669,322.39833333333337,6.230583840734643,9.0,3.426316823131721,33.0,601.82,0.0,0.0,0.0,0.0,0.028,27.747584537563185,0.0,0.0,0.0,1.0,1208771.007356609,0.0004136749577799,2922.0308955696864,1.254949085432265
48127,Dimmit County,8024.0,27374.0,4018.0,148510.0,0.0,21406.48090162723,6.1933378031024415e-06,8,2.01,0.48375,1.85,0.012125,6.31661631677509,0.0,8.151703520241833,5.0,265.57,0.0,0.0,0.0,0.0,0.025,15.10158157532149,1.0,138.0,138.0,1.0,36434585.49205374,0.0105412793772726,3456.372247434015,2.321509208377934
27045,Fillmore County,21540.0,73234.0,9609.0,243001.0,0.0,92316581.62514934,0.04134382218872,1,0.21,0.35,1.6,0.011,19.558394947515534,1.0,0.2569215530260619,23.0,341.87,0.0,0.0,0.0,0.0,0.029,1.0296467050829343,36.0,161.0,71.55555555555556,163.0,19456746.05167727,0.0087136701616801,2232.8990758959017,9.646651849393391
45023,Chester County,33001.0,50022.0,14651.0,520016.0,0.0,104125847.01735616,0.068551321622291,14,15.32,7.325,4.271428571428571,43.982571428571426,3.07462674697403,16.0,1.8141771010899863,22.0,308.65000000000003,0.0,0.0,0.0,0.0,0.18,0.5360914223636478,43.0,230.0,96.53488372093024,2.0,5327785.637824951,0.0035093813929611,1518.155207784203,21.737566640611163
55093,Pierce County,43519.0,82996.0,16872.0,497244.0,0.0,123216545.26739629,0.0802633716511793,7,2.38,1.4828571428571429,3.971428571428571,186.4575714285714,16.310482568564208,34.0,2.9728343015869165,32.0,221.98,0.0,0.0,0.0,0.0,0.024,1.5142205746570736,33.0,161.0,71.78787878787878,62.0,11901310.440862438,0.0077525245967457,1535.1528772779568,28.34831673387822
13233,Polk County,45514.0,51956.0,17235.0,585221.0,0.0,54387839.6114955,0.0672750181952897,2,0.4,0.7,3.35,0.1095,7.504193962583091,28.0,5.578262196038409,6.0,88.99,0.0,0.0,0.0,0.0,0.17,5.561416081615706,16.0,230.0,143.75,15.0,24188670.496539585,0.029920167070409,808.4403552833736,56.29852555300321
49051,Wasatch County,38514.0,104855.0,14746.0,350918.0,0.0,117785176.79428008,0.0376623423137817,5,82.48,409.194,20.08,2.6076,8.784476757782896,39.0,5.13212113270402,40.0,338.83,0.0,0.0,0.0,0.0,0.25,15.35441829733908,3.0,69.0,69.0,13.0,152012861.25421596,0.0486067990257643,3127.399135533291,12.315025467138687
37157,Rockingham County,94195.0,50737.0,43586.0,1194192.0,0.0,108285550.33291842,0.0729961705684201,5,14.91,29.894,6.5,0.7856,7.148470516372198,50.0,3.690821010352896,27.0,360.78,0.0,0.0,0.0,0.0,0.091,2.968647504990709,70.0,230.0,107.97142857142858,45.0,9775744.375342604,0.0065899088620518,1483.4415133775803,63.497616286557665
5011,Bradley County,9828.0,43688.0,5112.0,178543.0,0.0,10491.534039050734,6.204921558337981e-06,0,0.0,0.0,0.0,0.0,26.553020769398973,0.0,1.539154330999318,17.0,361.83,0.0,0.0,0.0,0.0,0.14,6.627408916142721,7.0,115.0,115.0,7.0,68914036.91866994,0.0407572612124359,1690.8407206135485,5.812493087127541
48193,Hamilton County,8680.0,54890.0,4352.0,137943.0,0.0,128263.9135436323,5.921017996153579e-05,2,0.39,0.7050000000000001,3.3499999999999996,4.527,2.3339656559541453,0.0,8.008680384561812,11.0,410.88,0.0,0.0,0.0,0.0,0.034,11.303951566311312,3.0,138.0,107.33333333333331,2.0,2521043.5364555726,0.0011637836189492,2166.247655841534,4.006928744547461
21067,Fayette County,329751.0,66087.0,146345.0,5311449.0,0.0,41045609.67921437,0.0554958326378795,2,1.4,2.4299999999999997,3.5,0.236,2.839857911046837,0.0,4.022225472497283,8.0,392.0,0.0,0.0,0.0,0.0,0.12,0.4132148399401241,114.0,345.0,82.92105263157895,190.0,15977874.064455224,0.021602929811983,739.6160707605641,445.8407720385382
54001,Barbour County,15414.0,44341.0,7164.0,293228.0,0.0,29029224.828087717,0.0326913788481947,3,6.54,146.41666666666666,27.0,25.370333333333335,8.14267262873749,0.0,3.5616673969807913,11.0,268.37,0.0,0.0,0.0,0.0,0.062,4.0294460834539585,4.0,138.0,138.0,5.0,2316478.7947544022,0.0026087119556789,887.9779884136267,17.35853838847641
47181,Wayne County,16416.0,49360.0,7184.0,242879.0,0.0,91529156.5865414,0.0480377837652717,1,0.33,1.16,3.5,2.002,23.492631278686453,0.0,3.9739404686533826,24.0,408.34,0.0,0.0,0.0,0.0,0.27,11.248652229349718,3.0,161.0,161.0,9.0,173079392.65623254,0.0908382721825189,1905.357604209693,8.615705505218825
31013,Box Butte County,10494.0,67893.0,5226.0,198484.0,0.0,0.0539955605425551,1.9340979192947133e-11,6,1.43,0.4666666666666666,1.9833333333333336,0.0891666666666666,21.917014260188736,0.0,22.06061665856971,5.0,66.86,0.0,0.0,0.0,0.0,0.073,16.2389307987645,7.0,115.0,115.0,0.0,0.0,0.0,2791.769744638631,3.758905984332297
42097,Northumberland County,89920.0,55952.0,43417.0,995742.0,0.0,128604927.38782229,0.1040476744843577,3,1.07,2.21,5.6000000000000005,2.280333333333333,5.28381140290886,0.0,2.2668864941827183,23.0,624.65,0.0,0.0,0.0,0.0,0.064,4.147781459949302,15.0,230.0,122.66666666666669,8.0,586566.5861984561,0.0004745610488168,1236.0192385381613,72.74967670110725
51530,Buena Vista city,6672.0,48783.0,2941.0,106654.0,0.0,2677587.3680541646,0.1584903391750191,0,0.0,0.0,0.0,0.0,8.339370305198749,0.0,0.2892814926069172,1.0,51.7,0.0,0.0,0.0,0.0,0.093,0.3224065349332102,1.0,115.0,115.0,0.0,0.0,0.0,16.894325433282937,394.9255048003112
26147,St. Clair County,160486.0,66887.0,72234.0,1576062.0,0.0,274657843.4024332,0.126774008461104,18,59403.11,197222.71166666667,5.366666666666666,509.5890555555555,5.8422394765337895,9.0,0.8703451845909623,19.0,262.25,0.0,0.0,0.0,0.0,0.042,4.287473416867387,47.0,345.0,176.14893617021278,33.0,142482032.33656427,0.0657655290277826,2166.5154138176667,74.07563268483925
31173,Thurston County,6752.0,63459.0,2294.0,124839.0,0.0,131424638.57022572,0.1281146745519887,0,0.0,0.0,0.0,0.0,20.967630010941825,0.0,0.8876016323878503,14.0,202.86,0.0,0.0,0.0,0.0,0.046,4.944599953872611,5.0,345.0,151.8,7.0,7702176.631921306,0.0075081952983498,1025.8359467040143,6.581949113495202
51067,Franklin County,55526.0,66275.0,28305.0,879490.0,0.0,76713337.17799668,0.0416224417361196,2,79.33,900.5999999999999,33.7,21.478,13.113189850397882,0.0,0.433100338430797,27.0,383.41,0.0,0.0,0.0,0.0,0.11,2.21674539145476,9.0,138.0,138.0,7.0,10032208.754489752,0.0054431868000905,1843.0763306382987,30.12680434172257
40011,Blaine County,8515.0,56843.0,4559.0,163145.0,0.0,119901.22104172416,4.930902597177233e-05,2,27.54,237.055,10.1,4.858499999999999,27.234507305469435,58.0,2.8075909274751116,15.0,635.47,0.0,0.0,0.0,0.0,0.13,5.028117418024004,11.0,345.0,138.0,8.0,14507167.443886137,0.0059660300918619,2431.628272152843,3.5017687931639494
19103,Johnson County,160044.0,72977.0,66163.0,2743339.0,1.0,252057888.4495475,0.1561961450596717,5,17.19,120.98,11.94,27.6576,6.990191516438821,0.0,0.1477242609821545,14.0,334.22999999999996,0.0,0.0,0.0,0.0,0.052,0.7320076803824757,22.0,345.0,179.8181818181818,97.0,16171258.73244986,0.0100210641702523,1613.726691867162,99.17664546703452
21089,Greenup County,35213.0,58562.0,16248.0,596824.0,0.0,103460776.42254315,0.1127025529828899,1,0.75,6.1,8.1,0.145,6.80793274933021,0.0,2.5305484181618945,19.0,240.03,0.0,0.0,0.0,0.0,0.11,2.911040894820385,17.0,138.0,89.29411764705883,2.0,3271717.06274999,0.0035639678367589,917.9984816376186,38.358451244040715
20107,Linn County,9950.0,56697.0,5144.0,137572.0,0.0,251841731.81804132,0.1603519649136492,19,18.36,7.247368421052631,3.826315789473684,7.696315789473684,3.157450998710532,0.0,2.3822022064769164,11.0,260.94,0.0,0.0,0.0,0.0,0.069,17.254992861841494,2.0,161.0,161.0,28.0,71625091.65742321,0.0456049285548593,1570.5559448747636,6.335336243493965
32011,Eureka County,1867.0,73929.0,997.0,20606.0,0.0,881544719.9378105,0.0814281634489127,12,10.59,13.805833333333332,12.916666666666666,1.0329166666666667,30.74173505645028,0.0,5.296380558417697,38.0,287.24,0.0,0.0,0.0,0.0,0.28,8.939005722221356,9.0,345.0,157.22222222222223,2.0,126121521.62895273,0.0116498274583235,10826.042023381307,0.172454531025077
31085,Hayes County,821.0,59405.0,484.0,16343.0,0.0,65269968.30731093,0.0353308618921813,0,0.0,0.0,0.0,0.0,31.49617442730764,0.0,13.15881236234742,4.0,127.25,0.0,0.0,0.0,0.0,0.038,11.335881275009568,4.0,115.0,80.5,2.0,1108029.4360682385,0.0005997802088921,1847.3924608398804,0.4444101713107287
26135,Oscoda County,8723.0,48692.0,7749.0,80756.0,0.0,356.0594171641094,2.405441836163244e-07,27,10.52,1.6466666666666667,3.662962962962963,1.0897037037037036,2.2746203653934307,0.0,2.1453129586669935,18.0,188.0,0.0,0.0,0.0,0.0,0.028,2.2067842160752944,8.0,345.0,155.25,20.0,30087636.582117505,0.0203263992918271,1480.2246157889424,5.89302454975777
35007,Colfax County,12184.0,46286.0,9554.0,182572.0,0.0,76668651.69283222,0.0078558686958652,25,22.14,3.3251999999999997,3.1519999999999997,0.03596,0.202510089360888,16.0,6.578485477455497,50.0,669.88,0.0,0.0,0.0,0.0,0.083,5.7943901405567795,25.0,115.0,80.96,15.0,181770333.7950732,0.0186251335260536,9759.411042117084,1.2484359914158258
42009,Bedford County,47480.0,58337.0,23547.0,527285.0,0.0,128286127.65180989,0.0487217349586597,3,3.05,7.116666666666667,6.666666666666667,1.641333333333333,11.201093167638676,0.0,0.6391972465137281,36.0,399.04,0.0,0.0,0.0,0.0,0.055,19.672919990929124,4.0,115.0,115.0,34.0,66851324.67287465,0.0253894367377543,2633.036934350969,18.03240941308846
20099,Labette County,19685.0,56143.0,9542.0,287781.0,0.0,331481386.85111845,0.1959611426868496,3,5.04,16.849999999999998,5.166666666666667,34.07866666666667,5.064719504558839,0.0,2.6268398986100427,16.0,372.25,0.0,0.0,0.0,0.0,0.071,1.0433649748887264,18.0,345.0,126.5,52.0,21394512.758591373,0.0126477483614636,1691.5669214117272,11.63713935927024
48059,Callahan County,14491.0,63906.0,6508.0,231518.0,0.0,42855.14393130863,1.8359181607235223e-05,3,1.17,1.3866666666666667,3.4333333333333336,0.0546666666666666,7.859333344433125,0.0,9.222049855746295,1.0,2.25,0.0,0.0,0.0,0.0,0.035,11.25460798070826,11.0,345.0,144.27272727272728,1.0,1459237.458358676,0.0006251386193024,2334.2622152937956,6.207957231649799
20067,Grant County,7028.0,84808.0,2932.0,105737.0,0.0,0.0,0.0,1,0.11,0.24,2.1,0.335,16.752131965835225,0.0,24.11758017062972,0.0,0.0,0.0,0.0,0.0,0.0,0.048,3.3928296170643537,21.0,115.0,86.52380952380952,0.0,0.0,0.0,1489.617255553267,4.717990459495378
51105,Lee County,21642.0,41619.0,10906.0,360625.0,0.0,38260998.85532655,0.0337839643021062,1,0.24,1.16,4.8,0.027,8.988509469750216,2.0,2.970929711289675,14.0,184.36,0.0,0.0,0.0,0.0,0.24,11.476994134929337,6.0,161.0,99.66666666666669,61.0,25144836.61435448,0.0222025636542781,1132.5195146781855,19.109604487609865
31123,Morrill County,4404.0,57325.0,2281.0,84284.0,0.0,174165.19817909205,4.702294105572794e-05,18,4.6899999999999995,0.5038888888888889,1.8055555555555556,1.951611111111111,8.884047110254382,99.0,5.351571980397626,22.0,237.66,0.0,0.0,0.0,0.0,0.056,7.830248526439763,7.0,115.0,115.0,13.0,11014814.383002857,0.0029738947441102,3703.8346447255385,1.1890379626616256
30019,Daniels County,1612.0,47378.0,1129.0,23998.0,0.0,0.0,0.0,3,0.75,0.5033333333333333,2.033333333333333,0.034,30.876799333652578,0.0,3.422477403687075,8.0,247.96,0.0,0.0,0.0,0.0,0.046,93.36972116169126,0.0,0.0,0.0,12.0,17205309.65701654,0.0046563316511881,3695.035265073124,0.4362610595999546
40119,Payne County,83889.0,46658.0,36748.0,1535108.0,0.0,237567309.47399372,0.1315522626936791,4,16.39,39.7225,5.25,0.38175,10.867892303946116,11.0,0.4805582830918892,22.0,433.49,0.0,0.0,0.0,0.0,0.092,1.8047384950029728,45.0,138.0,95.06666666666666,2.0,397086.91253292497,0.000219885816552,1805.8777903894504,46.453309546438774
1039,Covington County,37947.0,48772.0,18644.0,654130.0,0.0,250826059.84753865,0.0927830584055488,6,13.77,11.215000000000002,4.3999999999999995,14.422333333333334,2.610955948670854,35.0,0.6772350055496423,25.0,414.25,0.0,0.0,0.0,0.0,0.059,6.040918843471094,25.0,230.0,133.4,3.0,2031428.4316682832,0.0007514456144305,2703.3605528561293,14.036973336726613
18093,Lawrence County,45568.0,64210.0,20538.0,668735.0,0.0,116606025.33504257,0.0996215373381969,2,0.32,0.705,4.4,0.1525,9.02240403553134,0.0,0.3557577940131782,13.0,346.7,1.0,605559.8883275382,0.0005173558300456,0.0,0.17,1.2438920716402388,26.0,345.0,108.8076923076923,26.0,5464749.43930443,0.0046687702350484,1170.4901214200936,38.930700196525166
20069,Gray County,5652.0,74500.0,2334.0,81402.0,0.0,171.75876467027575,7.628740002797458e-08,0,0.0,0.0,0.0,0.0,37.16924824041968,0.0,7.838286837144919,2.0,399.83,0.0,0.0,0.0,0.0,0.048,7.369655691224398,7.0,345.0,213.57142857142856,15.0,5708297.724817332,0.0025353651844871,2251.4696343327955,2.5103603059141073
21045,Casey County,16205.0,42190.0,7388.0,263013.0,0.0,82672866.71770507,0.0716114658574503,1,0.25,1.48,5.9,0.08,2.8297550000912195,0.0,0.4910466628218746,13.0,228.06,0.0,0.0,0.0,0.0,0.12,1.4813201662954043,17.0,161.0,79.82352941176471,5.0,2696664.581559475,0.0023358583206113,1154.4641033081698,14.036815829581734
21169,Metcalfe County,10583.0,46932.0,4704.0,170363.0,0.0,41111296.84277777,0.0545113670526844,0,0.0,0.0,0.0,0.0,33.14567402451432,0.0,0.0054141243948178,10.0,203.61,0.0,0.0,0.0,0.0,0.14,1.155777840531827,14.0,161.0,101.85714285714286,49.0,1753215.6026580597,0.0023246695331571,754.178423062557,14.032488435594198
21207,Russell County,18608.0,48220.0,10102.0,296937.0,0.0,100741145.05477408,0.1375034408522346,1,159.47,7510.7,47.1,235.609,2.650922407358525,0.0,0.8669395114879016,18.0,261.28999999999996,0.0,0.0,0.0,0.0,0.13,2.8490396616878058,13.0,161.0,104.3846153846154,72.0,62411366.85496339,0.085186421954829,732.6445391503588,25.398401278714953
23025,Somerset County,51620.0,53527.0,29929.0,408274.0,0.0,663.6725918630663,6.260025265504617e-08,188,667.41,26.493617021276595,5.272872340425532,6.084148936170212,0.330946191339325,351.0,2.0610461152633843,288.0,1587.76,0.0,0.0,0.0,0.0,0.14,24.33092072719138,23.0,115.0,115.0,959.0,310989664.40783024,0.0293337886839467,10601.755803130422,4.869004810010617
40025,Cimarron County,2059.0,57100.0,1378.0,42107.0,0.0,0.0,0.0,1,0.31,1.32,4.2,0.006,32.921773367066244,0.0,18.08336609034426,25.0,130.11,0.0,0.0,0.0,0.0,0.065,2.7282689534261944,15.0,69.0,69.0,0.0,0.0,0.0,4768.056223160083,0.431832156256617
19097,Jackson County,19288.0,69709.0,9260.0,341979.0,0.0,176216472.90817565,0.1047365179762046,9,6.87,2.66,3.211111111111111,0.1434444444444444,16.925270793515917,0.0,6.018287116676261,15.0,409.77,0.0,0.0,0.0,0.0,0.053,9.576952224025344,5.0,345.0,216.2,63.0,67424637.82663801,0.040074696933703,1682.4740543435964,11.46406980256528
26097,Mackinac County,11236.0,60620.0,10572.0,106422.0,0.0,454697253.61172897,0.08357772110947,57,117241.13,147549.65999999997,5.531578947368422,194.02880701754387,0.0,0.0,1.7978034492171426,37.0,284.88,0.0,0.0,0.0,0.0,0.022,4.307444925866844,29.0,138.0,95.17241379310344,83.0,142156820.73421493,0.0261297886071653,5440.412200473462,2.065284685418169
48307,McCulloch County,7472.0,53214.0,4233.0,128955.0,0.0,388485.0836995137,0.000139733794619,2,3.77,131.215,37.65,0.7879999999999999,7.470587265611989,0.0,6.235551340526205,13.0,418.1,0.0,0.0,0.0,0.0,0.028,5.908265970552996,1.0,69.0,69.0,4.0,2104391.889657001,0.0007569265241978,2780.179875301672,2.687595887726231
28141,Tishomingo County,18639.0,45545.0,10522.0,320578.0,0.0,144743785.20876467,0.12572213941663,6,184.6,267.1466666666667,5.7,330.38633333333337,4.323972693957129,0.0,2.131145157024853,28.0,120.22,0.0,0.0,0.0,0.0,0.25,10.150335465623805,8.0,161.0,161.0,2.0,65059176.6529245,0.0565093614602725,1151.2990940211328,16.189537624753722
48105,Crockett County,2769.0,64103.0,1855.0,49375.0,0.0,15935.891136687793,2.1917086408996694e-06,0,0.0,0.0,0.0,0.0,47.33350169188772,0.0,25.70106852173072,3.0,397.46,0.0,0.0,0.0,0.0,0.034,44.2079456635707,4.0,345.0,241.5,2.0,13309.727234390157,1.8305248158022692e-06,7270.989783635796,0.380828481733251
48217,Hill County,39503.0,60669.0,16236.0,599518.0,0.0,369465020.0760973,0.1447194066694691,3,80.52,1011.69,28.0,18.773,6.159387607629366,2.0,4.615421014421122,19.0,364.89,0.0,0.0,0.0,0.0,0.043,10.58448963453588,8.0,345.0,215.625,4.0,43184879.836243816,0.0169155125585264,2552.9749504679367,15.47332064216277
8075,Logan County,20654.0,54864.0,8693.0,212973.0,0.0,369935059.29566693,0.077419587596871,4,23.880000000000003,62.9875,8.325,0.0849999999999999,14.4793779777011,61.0,0.2321640029772585,22.0,311.07,0.0,0.0,0.0,0.0,0.045,50.13504297295658,0.0,0.0,0.0,34.0,24489454.57379547,0.0051251251430541,4778.313483132249,4.322445581042336
20055,Finney County,37505.0,68481.0,14174.0,545592.0,0.0,0.0,0.0,3,0.49,0.33,2.033333333333333,6.632000000000001,11.933051429210144,1.0,12.221809904756944,2.0,89.03,0.0,0.0,0.0,0.0,0.045,8.116632495105092,38.0,345.0,109.85526315789474,4.0,22041579.128338017,0.0065330169249471,3373.8744873244345,11.1162997144397
1099,Monroe County,18965.0,39965.0,10214.0,350969.0,0.0,331929078.6258787,0.1238966806530305,5,1.38,0.8800000000000001,3.12,0.8788,18.666983316203957,0.0,0.5640516137676248,20.0,414.91,0.0,0.0,0.0,0.0,0.078,8.676144001520155,6.0,230.0,153.33333333333334,6.0,18908402.034987006,0.0070577975822009,2679.07967248483,7.078923480618282
29015,Benton County,20536.0,50229.0,13591.0,248269.0,0.0,247733009.6110921,0.1271049142027179,6,363.24,1620.0833333333333,11.216666666666669,211.89883333333333,1.6802575187092823,0.0,2.5731057112468028,38.0,330.39,0.0,0.0,0.0,0.0,0.11,1.7872193937809184,9.0,161.0,161.0,26.0,55665810.41342194,0.0285605784539178,1949.043521763336,10.536450197592664
5109,Pike County,9964.0,49248.0,5319.0,172427.0,0.0,8234.516610265477,5.178465251648684e-06,2,22.68,370.85,18.2,5.5165,1.5022298068048048,16.0,5.300777441455526,23.0,300.39,0.0,0.0,0.0,0.0,0.12,3.0224653355924924,8.0,115.0,80.5,2.0,128564918.62049045,0.0808510074322131,1590.1461553003237,6.266090677757949
29065,Dent County,14584.0,51410.0,6849.0,187122.0,0.0,110430766.8612456,0.0565106047309973,6,0.92,0.6433333333333333,3.983333333333333,0.0671666666666666,4.286150349469562,0.0,8.821778185700987,19.0,156.44,0.0,0.0,0.0,0.0,0.27,6.201448087870146,8.0,345.0,149.5,37.0,83311529.20642672,0.0426329095625571,1954.160062291314,7.463052940965236
51185,Tazewell County,38635.0,46508.0,19866.0,651489.0,0.0,30952777.98394688,0.0229861568675791,3,0.69,1.5633333333333332,6.6000000000000005,0.2933333333333333,5.557847556354362,0.0,0.0821255645030095,24.0,314.18,0.0,0.0,0.0,0.0,0.16,4.6656487024695386,19.0,138.0,99.84210526315788,38.0,83413166.196121,0.0619442986345165,1346.5834311608787,28.691129792598947
42103,Pike County,62808.0,76416.0,39747.0,644565.0,0.0,93021940.80243862,0.0633641316896182,61,47.32,7.908360655737705,4.934426229508197,0.4431475409836065,0.3222887890780407,49.0,2.492233533747311,72.0,457.81,0.0,0.0,0.0,0.0,0.097,10.986916136061062,14.0,500.0,122.78571428571428,154.0,98974102.8288844,0.067418589973634,1468.053586816208,42.78317941800254
42115,Susquehanna County,38237.0,63968.0,21365.0,429658.0,0.0,99861742.133378,0.0463346268563653,35,7.8,1.6662857142857144,6.974285714285714,6.179228571428571,2.9212738751962455,0.0,2.279282406965152,51.0,403.79,0.0,0.0,0.0,0.0,0.065,1.1616928985211394,8.0,115.0,97.75,84.0,14969219.968310803,0.0069455349640921,2155.229229382672,17.74150029087733
48343,Morris County,12133.0,51532.0,5815.0,201396.0,0.0,1108494.9835977792,0.0016543923168884,10,77.4,253.234,8.870000000000001,3.0525,7.752239589969629,9.0,2.5917387625555985,7.0,220.5,0.0,0.0,0.0,0.0,0.074,11.426684690410742,13.0,345.0,132.69230769230768,0.0,0.0,0.0,670.0315108344969,18.108103579917973
42125,Washington County,210802.0,74403.0,97031.0,2324200.0,0.0,79111979.57182278,0.0354827406201959,7,2.39,1.8857142857142857,5.2,0.2814285714285714,4.941829176734061,0.0,1.359069141872992,33.0,411.01,0.0,0.0,0.0,0.0,0.052,3.228335154643578,34.0,345.0,144.08823529411765,45.0,1758441.846491059,0.000788683785947,2229.5904617584615,94.54740842124971
50001,Addison County,38048.0,85870.0,17455.0,316446.0,0.0,12908.087560576423,6.169918594464493e-06,20,14.69,4.4525,4.16,8.50745,7.308570171653207,86.0,2.9711140193061074,48.0,456.0,0.0,0.0,0.0,0.0,0.16,1.9059291215005416,16.0,345.0,86.25,343.0,198869832.57136375,0.0950575112000019,2092.1001408604093,18.186509936542596
20103,Leavenworth County,84590.0,84307.0,31280.0,1179644.0,0.0,186967688.5963419,0.1539390008424175,4,1.04,1.105,3.9,0.061,10.911292580669691,7.0,0.4244728638303887,11.0,294.57,1.0,23078822.9822058,0.0190018445281742,0.0,0.063,1.98165597236187,13.0,345.0,150.3846153846154,7.0,2457233.0499481224,0.0020231517214061,1214.5569825283826,69.64679403012138
26121,Muskegon County,177901.0,61347.0,74639.0,1737594.0,0.0,127933445.7123603,0.0338318064413865,35,57777.579999999994,138865.522,6.331428571428571,55.9016,0.0,0.0,12.890675531402916,13.0,181.55,0.0,0.0,0.0,0.0,0.039,18.75114664647091,18.0,345.0,161.0,21.0,105919578.96065636,0.0280102726366569,3781.4547660647186,47.04565068356956
51680,Lynchburg city,81347.0,56243.0,33821.0,1271811.0,1.0,7883131.893035471,0.061528225278307,0,0.0,0.0,0.0,0.0,10.378599794774887,0.0,0.3099298974835775,4.0,255.07,0.0,0.0,0.0,0.0,0.097,2.8738109888743866,9.0,138.0,138.0,0.0,0.0,0.0,128.27132156931964,634.1791680694498
42089,Monroe County,167179.0,80656.0,79377.0,1847115.0,0.0,124631421.09313264,0.0779769196130414,35,14.92,2.6234285714285717,4.454285714285715,0.3093714285714286,4.734873034068675,0.0,3.979059067381318,55.0,419.07,1.0,5684757.876557417,0.0035567267393081,0.0,0.094,2.375410925860342,43.0,230.0,103.23255813953487,466.0,155949045.49017116,0.0975711106979237,1598.3116762192328,104.5972462614162
38019,Cavalier County,3497.0,61174.0,2114.0,144321.0,0.0,2246712.4304958135,0.0005745405525901,45,20.11,0.8222222222222222,1.6755555555555557,0.0442444444444444,6.633484781415814,3076.0,19.554010272581912,7.0,127.04,0.0,0.0,0.0,0.0,0.019,3.2266997243408806,11.0,115.0,78.25454545454545,262.0,383179737.58142376,0.0979886411732678,3910.45056848853,0.8942703503733749
20109,Logan County,2661.0,70382.0,1372.0,39520.0,0.0,0.0,0.0,1,0.21,0.51,2.4,0.0,11.994538788991887,0.0,2.4433924515634344,1.0,32.87,0.0,0.0,0.0,0.0,0.042,18.41795359982928,2.0,345.0,189.75,13.0,90662081.50563496,0.0326203010364553,2779.3146790495252,0.957430268712866
29075,Gentry County,6384.0,53799.0,2934.0,79942.0,0.0,171369141.29054943,0.1345613451214326,3,0.48,0.5,3.1,0.0853333333333333,7.059772804245524,0.0,0.3542344975251167,9.0,358.12,0.0,0.0,0.0,0.0,0.053,1.946036913587652,7.0,161.0,82.14285714285714,12.0,10083827.492465245,0.0079179564135065,1273.5391514992675,5.012802309598781
31009,Blaine County,458.0,52083.0,294.0,6346.0,0.0,3.647302762098289,1.971382069853358e-09,3,1.78,1.82,2.6333333333333333,0.0556666666666666,16.85541236649871,0.0,6.125490485271984,6.0,414.33,0.0,0.0,0.0,0.0,0.057,31.772813304169865,0.0,0.0,0.0,0.0,0.0,0.0,1850.12475149964,0.2475508744092866
49009,Daggett County,934.0,61250.0,1147.0,5816.0,0.0,4269.427646890505,2.2889966462216337e-06,5,127.95,871.3960000000001,14.139999999999995,39.444,2.0637159049624705,3.0,2.384882711415451,29.0,150.23000000000002,0.0,0.0,0.0,0.0,0.17,49.257871171345094,0.0,0.0,0.0,58.0,82062769.38050804,0.0439968584614497,1865.1961128636424,0.500751633331482
56031,Platte County,8634.0,64753.0,4624.0,255989.0,0.0,6005.008643008737,1.0983988784982238e-06,10,58.98,87.30499999999999,6.69,18.958800000000004,1.7488348013935626,0.0,1.4282421669889247,42.0,593.0600000000001,1.0,319168902.8174244,0.0583803930597702,0.0,0.13,65.28986959606966,0.0,0.0,0.0,4.0,3400310.3523811456,0.0006219636472497,5467.056422697321,1.5792776464048603
37071,Gaston County,246558.0,62628.0,98616.0,3041615.0,0.0,75047536.32479872,0.0796734827133023,7,44.6,52.24857142857143,4.942857142857143,43.752428571428574,1.1397488661014754,13.0,0.4102949979393072,23.0,212.28,0.0,0.0,0.0,0.0,0.13,0.2976549973215746,118.0,500.0,115.50847457627118,213.0,25151622.921915635,0.0267019742362423,941.9387008387496,261.7558868538391
47081,Hickman County,26219.0,54669.0,10503.0,369116.0,0.0,95009167.2433654,0.0598785251107642,0,0.0,0.0,0.0,0.0,25.18051482573834,0.0,1.6069717952324067,10.0,371.89,0.0,0.0,0.0,0.0,0.27,4.040008991726153,11.0,161.0,161.0,10.0,38781132.76435813,0.0244413997031077,1586.6985211745923,16.524248085005297
29081,Harrison County,8281.0,51809.0,4041.0,105576.0,0.0,217474826.03138143,0.1155932139518884,3,1.26,1.7033333333333334,3.7,0.1686666666666666,4.860091110678933,0.0,0.7726283035356979,18.0,294.79,0.0,0.0,0.0,0.0,0.053,5.982769094750547,4.0,69.0,69.0,22.0,41962696.90816474,0.0223042045381554,1881.380563757814,4.40155498548352
39015,Brown County,44397.0,66677.0,19374.0,580813.0,0.0,45622207.70291799,0.0357319347841673,4,2.1999999999999997,1.6775,3.4,0.9365,5.952615866760242,0.0,2.434923303341309,21.0,302.06,0.0,0.0,0.0,0.0,0.12,9.38896788852644,12.0,345.0,201.25,11.0,9663491.316695169,0.0075685781193619,1276.7908534859405,34.77233556207401
47141,Putnam County,86612.0,54371.0,35507.0,1223781.0,0.0,23204817.34097308,0.0222558634228448,6,97.01,606.3333333333334,14.0,74.9995,4.566208095094407,9.0,3.800565950330054,20.0,243.27,0.0,0.0,0.0,0.0,0.16,3.166639868175511,20.0,161.0,161.0,5.0,490472.4842020232,0.0004704147617567,1042.638378035436,83.07002871234836
25027,Worcester County,888502.0,88524.0,351506.0,6160922.0,0.0,292748136.49905133,0.071576791240107,199,208.63,15.224020100502512,4.832663316582915,0.6119246231155778,0.0,7814.0,3.817243393760959,162.0,753.32,2.0,20065110.54072994,0.0049059107448431,0.0,0.12,5.782427363927967,141.0,345.0,115.65248226950357,453.0,221461147.60038912,0.0541471550975791,4089.986762947969,217.23835589130076
39091,Logan County,46302.0,69125.0,23711.0,611427.0,0.0,107075003.80355388,0.0885563510120709,2,17.69,43.265,3.65,1.809,5.2791999491561485,0.0,1.1022721797569144,22.0,441.39,0.0,0.0,0.0,0.0,0.14,4.651041964984243,4.0,138.0,138.0,37.0,11825613.28700691,0.0097803700581557,1209.1171618956912,38.29405574510769
13079,Crawford County,12206.0,56948.0,5187.0,166675.0,0.0,60385952.768402465,0.0714194734368702,0,0.0,0.0,0.0,0.0,17.686789234026328,90.0,7.44395458363514,6.0,325.95,0.0,0.0,0.0,0.0,0.097,11.090107225116538,3.0,230.0,153.33333333333334,8.0,3962114.181694121,0.0046860585215675,845.511033090707,14.436239767779036
29037,Cass County,115859.0,82473.0,44013.0,1416329.0,0.0,263277368.0003875,0.144722582101138,11,4.59,2.598181818181818,4.172727272727273,0.3340909090909091,4.538458487608614,0.0,3.4594224089279657,15.0,215.04,0.0,0.0,0.0,0.0,0.074,3.243468731738886,22.0,345.0,161.0,8.0,24176427.789604824,0.0132896917120109,1819.1865028558009,63.687257913425526
36027,Dutchess County,300708.0,94578.0,122129.0,2163033.0,0.0,193683023.53201708,0.090611711566617,35,9.66,1.5268571428571427,4.9714285714285715,0.5758,5.329217025864212,240.0,1.9981605217208955,46.0,435.42,0.0,0.0,0.0,0.0,0.11,4.894049575935354,42.0,345.0,163.1904761904762,128.0,34800590.24640553,0.0162809366987914,2137.5054083336986,140.68174930814243
48477,Washington County,38288.0,70043.0,17083.0,597418.0,0.0,313576968.1005525,0.1947287798055426,1,43.58,1269.0,29.1,17.409,14.70725020492961,0.0,0.120606552675341,16.0,485.4,0.0,0.0,0.0,0.0,0.037,8.532749327267181,9.0,138.0,138.0,0.0,0.0,0.0,1610.3267682124963,23.776540734338443
8101,Pueblo County,169277.0,59436.0,72364.0,1659006.0,0.0,260699099.5941149,0.041979283475107,11,20.8,57.22,6.9,1.5061818181818185,9.803319916788112,45.0,4.241452636693639,34.0,583.57,2.0,285476059.0559443,0.045969013422463,0.0,0.08,89.11948601857212,0.0,0.0,0.0,51.0,559828171.6376381,0.0901467843621884,6210.184596140249,27.257965907359495
29067,Douglas County,12342.0,47848.0,5419.0,151494.0,0.0,5891.579104910394,2.7924897440589946e-06,0,0.0,0.0,0.0,0.0,38.50974507508029,0.0,0.1700319985257403,19.0,295.98,0.0,0.0,0.0,0.0,0.2,6.334411558217703,9.0,161.0,79.22222222222223,14.0,9675006.605678096,0.0045857581200159,2109.794357327433,5.84985923255295
56017,Hot Springs County,4600.0,64031.0,2552.0,138984.0,0.0,0.0,0.0,1,0.65,21.2,32.5,0.93,31.496612566982808,0.0,2.6778152065641487,45.0,582.87,0.0,0.0,0.0,0.0,0.18,62.167435669676586,0.0,0.0,0.0,70.0,158577177.18901953,0.0305158281639104,5196.554926749808,0.8852018433060374
26001,Alcona County,10556.0,50295.0,10320.0,99769.0,0.0,114818342.64955305,0.0247573327930514,25,59448.850000000006,142005.9348,6.184,367.8748800000001,0.0,0.0,16.34050121453066,36.0,233.65,0.0,0.0,0.0,0.0,0.029,24.13076819229597,8.0,138.0,138.0,7.0,9666405.275037307,0.0020842872905511,4637.75090836031,2.276103268282708
5129,Searcy County,7848.0,42063.0,4725.0,132631.0,0.0,8.118630971802386,4.689921305425362e-09,0,0.0,0.0,0.0,0.0,45.15990006641895,0.0,0.0598124726892797,11.0,335.47,0.0,0.0,0.0,0.0,0.24,3.4836899340653287,4.0,161.0,161.0,30.0,83112600.26238532,0.0480119808467321,1731.0804261066485,4.5335848535072625
48305,Lynn County,6017.0,52996.0,2535.0,93861.0,0.0,281710.14434714627,0.00012173665637,13,13.41,3.853846153846154,2.9153846153846152,0.0043846153846153,4.615579652835855,0.0,39.06874009195785,0.0,0.0,0.0,0.0,0.0,0.0,0.036,2.158822037809326,17.0,230.0,92.0,2.0,6838965.78422094,0.0029553526159959,2314.094686097638,2.600152896140451
36077,Otsego County,60589.0,65778.0,29965.0,428557.0,0.0,157798846.96416724,0.0599812844882576,19,27.62,27.42736842105263,6.526315789473684,2.493105263157895,3.0410239148357774,5.0,1.6749725716602175,40.0,505.26,0.0,0.0,0.0,0.0,0.092,5.457106722083404,12.0,345.0,153.33333333333334,101.0,21535232.29786668,0.008185806929707,2630.801395976423,23.03062484787544
49027,Millard County,14057.0,69403.0,4942.0,132620.0,0.0,0.0,0.0,35,535.04,87.21142857142857,2.2542857142857144,6.191628571428571,0.0,5.0,0.0095302518034559,32.0,235.97,0.0,0.0,0.0,0.0,0.16,26.498242106305632,1.0,230.0,230.0,37.0,1335265194.5871828,0.0754062904438188,17707.61015729869,0.7938394777798974
49029,Morgan County,13383.0,120854.0,3750.0,125422.0,0.0,25413187.43972104,0.0160614070581512,2,3.23,42.0,25.1,1.9455,18.010933478643157,29.0,3.3345197230987385,24.0,143.87,0.0,0.0,0.0,0.0,0.29,4.111953876845831,14.0,115.0,75.57142857142857,12.0,30437547.032429256,0.0192368562148706,1582.251626380621,8.458199553640801
26129,Ogemaw County,21121.0,50377.0,15346.0,204154.0,0.0,0.0,0.0,50,21.3,1.7126,3.412,0.15672,4.878368036120332,0.0,4.626897615291271,17.0,158.12,0.0,0.0,0.0,0.0,0.029,7.431641712506485,8.0,138.0,138.0,35.0,116936655.05990238,0.0785279892132802,1489.1079757856237,14.183659172772195
47087,Jackson County,12466.0,42357.0,5833.0,172704.0,0.0,57014395.2098214,0.0688941166910001,2,36.93,528.2900000000001,17.2,178.865,0.6672660682474003,0.0,0.739011456349345,27.0,181.05,0.0,0.0,0.0,0.0,0.15,13.505529362694292,1.0,161.0,161.0,57.0,53876759.74551861,0.0651027123795803,827.565515725225,15.063459947428576
22057,Lafourche Parish,95505.0,61381.0,41108.0,2106000.0,0.0,10245303.068210617,0.002693853223691,224,741.6,3.3344642857142857,1.00625,2.2286651785714287,0.8727133388222658,0.0,5.573255398862151,60.0,336.51,0.0,0.0,0.0,0.0,0.051,18.57957531031821,9.0,230.0,217.22222222222223,5.0,7110903.605600971,0.0018697085360745,3803.2150297233698,25.111648763900327
12113,Santa Rosa County,211115.0,84715.0,76585.0,2301823.0,0.0,534894499.3876469,0.1689815789083312,6,1.39,0.8116666666666666,3.25,12.668833333333334,3.292785077605151,4572.0,2.765247203049548,20.0,407.05,7.0,290033731.9238068,0.0916262141660984,0.0,0.053,3.9187714212422,38.0,230.0,133.1578947368421,23.0,20493997.84666736,0.0064743758862543,3165.401299942748,66.69454517625249
21203,Rockcastle County,16148.0,45693.0,7353.0,268054.0,0.0,34771571.844906025,0.042205398201624,1,1.36,15.48,11.3,0.614,2.6850693197509607,0.0,1.6338008765297,15.0,208.36,0.0,0.0,0.0,0.0,0.13,3.734577376119774,13.0,69.0,69.0,4.0,1340107.77511123,0.0016266098792985,823.8655083597341,19.60028649839909
21223,Trimble County,8701.0,66492.0,3864.0,140966.0,0.0,43001544.71595805,0.1064443564031759,1,0.33,1.63,4.9,0.068,6.929913332597145,0.0,5.676784871227859,9.0,121.71,0.0,0.0,0.0,0.0,0.12,4.717049332547834,7.0,345.0,167.57142857142858,0.0,0.0,0.0,403.9814325364364,21.5381185847328
40045,Ellis County,3613.0,57768.0,2143.0,70698.0,0.0,116934.9149283069,3.665139984815644e-05,1,0.43,1.43,3.3,0.033,23.01348706518028,2.0,6.987349850429599,25.0,282.11,0.0,0.0,0.0,0.0,0.08,12.407460859983454,5.0,345.0,179.4,6.0,117547950.69124936,0.0368435462133597,3190.462449258639,1.1324377131721282
19075,Grundy County,12361.0,80701.0,5457.0,216352.0,0.0,106868866.41336375,0.0822136358434381,0,0.0,0.0,0.0,0.0,21.893965968112227,0.0,1.69165408123588,5.0,148.57,0.0,0.0,0.0,0.0,0.037,10.515728303139635,3.0,161.0,161.0,9.0,1150752.3030331894,0.0008852674680915,1299.892229761949,9.509249857015982
34035,Somerset County,356486.0,131948.0,131989.0,2743893.0,14.0,80280590.44807568,0.1016435041829646,1,0.16,1.16,7.1,1.491,16.26537979733003,291.0,0.5974075660448275,24.0,294.35,0.0,0.0,0.0,0.0,0.15,2.1824760042282367,15.0,500.0,248.0,128.0,13622490.943883402,0.0172474779708124,789.8250959900554,451.3480285823793
16031,Cassia County,26397.0,63525.0,8904.0,336767.0,0.0,0.0,0.0,4,34.15,47.1525,8.925,140.43225,27.64291524522266,2.0,4.508918975671135,64.0,444.97,0.0,0.0,0.0,0.0,0.15,94.67541581293028,0.0,0.0,0.0,78.0,77683731.70767745,0.011622242140561,6684.057238539638,3.949248047697349
42049,Erie County,265832.0,59396.0,119910.0,2957286.0,0.0,178233164.85085222,0.0441672387514842,5,25770.26,99802.074,7.08,1959.7262000000003,1.4307526226948029,0.0,4.885823945817339,26.0,306.76,0.0,0.0,0.0,0.0,0.057,1.384404510017553,23.0,345.0,145.0,179.0,22584135.98743668,0.005596483275084,4035.4156132267335,65.87475132144809
28029,Copiah County,27497.0,46889.0,12411.0,481468.0,0.0,289394208.0177582,0.143349359113267,4,1.29,1.39,3.95,0.1325,8.848230631804649,18.0,2.4115435313025646,21.0,547.63,0.0,0.0,0.0,0.0,0.086,6.015983482856083,9.0,500.0,157.77777777777777,3.0,32679740.191912822,0.0161876764728176,2018.8036403364345,13.620443043889903
48467,Van Zandt County,66130.0,62334.0,25484.0,987527.0,0.0,351579850.6173653,0.1579140468123481,12,142.05999999999997,171.67333333333332,3.608333333333333,1.6458333333333333,3.0781540717315923,1.0,3.3100780654498467,25.0,355.59000000000003,0.0,0.0,0.0,0.0,0.06,2.7194647486216628,19.0,345.0,159.78947368421052,5.0,2917022.587653615,0.0013101969315094,2226.400106351231,29.702657582234004
51161,Roanoke County,97150.0,80872.0,42135.0,1554559.0,0.0,16945402.585874017,0.0260429272227414,2,2.58,21.25,23.9,0.3399999999999999,10.141511101901736,0.0,1.3129060364138998,10.0,194.22,0.0,0.0,0.0,0.0,0.15,5.099308080411454,16.0,345.0,150.9375,41.0,62366492.82760556,0.095848503290787,650.6777955457139,149.30584794048752
51015,Augusta County,78940.0,76124.0,32675.0,1252193.0,0.0,94900896.46407951,0.037745267356879,1,0.21,1.71,8.1,0.737,19.778295063638623,0.0,2.8370769093547445,10.0,300.09,0.0,0.0,0.0,0.0,0.086,0.9337308733214742,25.0,500.0,188.8,49.0,221805934.8188222,0.08821965463991,2514.2462382581043,31.39708386505947
2060,Bristol Bay Borough,847.0,94167.0,875.0,6991.0,0.0,0.0,0.0,156,633.18,300.82935897435897,2.3653846153846154,1.6412115384615384,1.423737265613677,0.0,3.9352182410919254,45.0,307.62,1.0,1482673.5122503613,0.0006742721395266,0.0,0.3,290.0501823881839,0.0,0.0,0.0,6.0,153882009.50834197,0.0700069542236666,2198.0960493823636,0.3853334799623501
45041,Florence County,138504.0,56088.0,60896.0,2202990.0,0.0,386458016.6023166,0.1855236152899236,5,1.46,0.8460000000000001,2.5,0.6584,18.82078987760899,418.0,0.5889730548900234,20.0,568.36,0.0,0.0,0.0,0.0,0.24,5.356497938245915,76.0,230.0,111.67105263157896,25.0,13882863.894654645,0.0066646282377941,2083.066511636301,66.49043572363017
30003,Big Horn County,12752.0,52463.0,4531.0,182132.0,0.0,1240.094594099861,9.545370777880764e-08,9,24.71,223.28666666666663,26.255555555555556,38.459666666666664,29.698124602110997,2.0,6.721178161087183,87.0,1122.02,0.0,0.0,0.0,0.0,0.08,52.26431628251241,6.0,500.0,212.66666666666663,12.0,9267349.5046146,0.0007133297091198,12991.677461533587,0.9815514615227142
42047,Elk County,29926.0,61672.0,16898.0,342880.0,0.0,77054426.52984437,0.0357651365891654,5,5.220000000000001,27.234,11.72,1.4042,3.820546799185743,0.0,0.7457787860388435,33.0,478.14,0.0,0.0,0.0,0.0,0.051,2.8203342146636303,13.0,345.0,171.6153846153846,85.0,214555769.87943184,0.0995869641928925,2154.456375071889,13.890278933590125
31165,Sioux County,1188.0,50833.0,691.0,19828.0,0.0,356200.79978386825,6.652423824391528e-05,4,0.84,0.45,2.075,0.00825,39.800799117882384,1.0,6.983949302187163,33.0,287.67,0.0,0.0,0.0,0.0,0.092,23.54056526038369,1.0,115.0,115.0,16.0,153727161.81063747,0.0287101610050126,5354.451400805378,0.2218714693761735
28031,Covington County,17898.0,40164.0,8335.0,312896.0,0.0,205864303.01682255,0.1915612517060419,2,0.47,0.6950000000000001,3.0,0.045,10.85874300655003,6.0,1.3406227251944334,9.0,188.18,0.0,0.0,0.0,0.0,0.082,1.729022311776688,22.0,161.0,87.81818181818181,0.0,0.0,0.0,1074.6656809944486,16.65448177654466
39143,Sandusky County,58655.0,60814.0,26500.0,784445.0,0.0,148891827.39757478,0.1376251991237314,6,25769.49,83167.27333333333,4.866666666666666,1632.9373333333333,11.124507499971427,0.0,0.8773882630496839,13.0,246.03,0.0,0.0,0.0,0.0,0.076,1.5201554361573526,6.0,138.0,138.0,39.0,20051380.437920745,0.0185340846728659,1081.8651577261912,54.21655331176214
40107,Okfuskee County,11451.0,45429.0,4824.0,212187.0,0.0,315077.0572062744,0.0001934828707373,13,8.67,5.8623076923076916,4.107692307692307,2.9366153846153846,4.065332194743395,45.0,4.908674965275168,16.0,368.28,0.0,0.0,0.0,0.0,0.11,13.09936361959545,11.0,138.0,131.72727272727272,9.0,12454691.054627389,0.0076481905859919,1628.449358654678,7.031842862746492
26145,Saginaw County,187688.0,56579.0,86101.0,1853375.0,0.0,386473489.7317493,0.1828731935127204,16,13.64,1.660625,1.6875,16.9473125,0.3552146704791894,0.0,0.0827336065493403,43.0,408.24,0.0,0.0,0.0,0.0,0.039,7.786575038917299,37.0,345.0,165.97297297297297,57.0,114984079.96507092,0.0544086631456944,2113.341393027225,88.81101776516527
35039,Rio Arriba County,39832.0,52031.0,19616.0,593763.0,0.0,341037758.7132545,0.0223322861269341,13,107.77,289.3984615384615,16.95384615384615,4.979846153846154,10.083645401643617,18.0,2.6679891957862356,100.0,947.28,0.0,0.0,0.0,0.0,0.15,12.24020286299533,10.0,115.0,78.2,46.0,942897186.5885942,0.0617440632155182,15271.05826024774,2.60833265915088
50005,Caledonia County,30414.0,62964.0,16037.0,257883.0,0.0,5903988.509965146,0.003465177150953,28,25.27,10.796071428571429,6.55,7.24975,7.48501290637619,78.0,2.939041468509623,41.0,330.61,0.0,0.0,0.0,0.0,0.13,9.50190431274077,15.0,230.0,82.8,161.0,24992409.40663875,0.0146685797029282,1703.8056794039562,17.850627197486368
51023,Botetourt County,34144.0,77680.0,14932.0,538034.0,0.0,80785812.34192047,0.0571318004864603,1,2.17,28.4,13.1,0.589,21.382718551260425,0.0,1.7619158422145698,16.0,491.23,0.0,0.0,0.0,0.0,0.11,12.10745165415368,11.0,500.0,258.1818181818182,26.0,19511571.873965576,0.0137986015014938,1414.0253178449343,24.146668075248932
17119,Madison County,263110.0,71759.0,118715.0,2809274.0,1.0,19260.36972931614,1.0050550474684677e-05,13,15.21,3.300769230769231,2.4153846153846152,0.3414615384615385,3.543240446257551,0.0,4.454976928607467,28.0,340.94,0.0,0.0,0.0,0.0,0.3,7.223757077309504,39.0,345.0,159.23076923076923,88.0,19506758.647703983,0.0101772722418399,1916.698127373406,137.2725293787182
48085,Collin County,1297179.0,113255.0,406932.0,19465886.0,13.0,386307098.1967165,0.1683700059275003,11,155.04000000000002,170.76999999999998,4.418181818181818,3.5656363636363633,7.746924872083069,25.0,0.1715708512693377,30.0,303.77,0.0,0.0,0.0,0.0,0.072,8.460833518749391,49.0,345.0,165.22448979591837,28.0,7339096.736278555,0.0031987285828547,2294.3793279668644,565.3725101984244
45001,Abbeville County,24836.0,49759.0,11658.0,392739.0,0.0,116634712.73436424,0.0879992865293261,3,156.20000000000002,762.1966666666667,13.233333333333334,121.31966666666666,13.210831617044656,19.0,0.5284615555641035,23.0,330.89,0.0,0.0,0.0,0.0,0.2,6.750633722505582,11.0,230.0,136.8181818181818,10.0,12739721.776784023,0.009611944894968,1325.405203212658,18.73842047684728
55077,Marquette County,15927.0,59748.0,9788.0,182796.0,1.0,134863875.91258433,0.1121101864086148,29,47.61,3.688620689655172,3.213793103448276,1.5107241379310343,2.544578284677261,0.0,1.383845136974614,24.0,252.04,0.0,0.0,0.0,0.0,0.033,6.617126857293864,19.0,138.0,72.63157894736842,117.0,81733104.68307425,0.0679434250467223,1202.958264568925,13.239860824022331
4025,Yavapai County,252552.0,62430.0,121829.0,3054767.0,0.0,565818254.4226359,0.0268801640678163,9,38.59,97.97333333333334,20.044444444444444,4.541111111111111,9.99098966952516,9.0,9.724421045798604,54.0,397.31,0.0,0.0,0.0,0.0,0.16,15.76580194667396,11.0,500.0,335.0,55.0,1783759515.7431283,0.0847405471031155,21049.6577697638,11.997914776684462
42091,Montgomery County,877643.0,107441.0,346692.0,9552560.0,4.0,86026407.14212318,0.068177528044648,2,2.99,15.905,7.9,2.559,14.681027072047051,0.0,1.7424223250366802,18.0,285.38,1.0,209296.98298645703,0.0001658717526543,1.0,0.12,1.1943867210468142,37.0,500.0,250.32432432432432,395.0,37280859.11752819,0.0295440895797033,1261.8719902318496,695.508741610745
16061,Lewis County,3704.0,46484.0,1811.0,49726.0,0.0,0.0,0.0,1,0.4,2.2,5.5,0.372,14.291854163216335,2.0,3.8272404316885464,13.0,526.84,0.0,0.0,0.0,0.0,0.15,32.23243424373899,0.0,0.0,0.0,10.0,15524196.42197374,0.0124945010610221,1242.4823005060275,2.981128985492563
51720,Norton city,3477.0,36974.0,1864.0,59286.0,0.0,924315.462690061,0.0475091723070715,0,0.0,0.0,0.0,0.0,9.887977606035427,0.0,1.1058997640011268,3.0,113.33,0.0,0.0,0.0,0.0,0.17,2.9516686125685565,1.0,138.0,138.0,0.0,0.0,0.0,19.455516015219647,178.715383199295
29211,Sullivan County,5738.0,53438.0,3057.0,77556.0,0.0,179329720.2390588,0.106276532766194,5,1.29,0.8939999999999999,3.3,0.8572,1.4863195491445382,5.0,0.3471516032256106,9.0,271.7,0.0,0.0,0.0,0.0,0.063,0.313493767369625,12.0,69.0,69.0,34.0,50355475.02546611,0.0298422664351296,1687.3877570568409,3.4005224797934286
20135,Ness County,2617.0,64907.0,1500.0,38666.0,0.0,0.0,0.0,1,0.1,0.23,2.3,0.052,33.81642140082854,0.0,2.709017981605105,4.0,175.84,0.0,0.0,0.0,0.0,0.058,2.0912303694639114,7.0,115.0,115.0,3.0,3583959.4953333093,0.0012872355078034,2784.22982710365,0.9399367733670124
51790,Staunton city,26801.0,59731.0,12293.0,406758.0,0.0,1989104.434824083,0.0384431063429629,0,0.0,0.0,0.0,0.0,23.44646395271823,0.0,6.177178191422638,0.0,0.0,0.0,0.0,0.0,0.0,0.089,5.656280606604493,0.0,0.0,0.0,0.0,0.0,0.0,51.74151165305591,517.9786817924772
31029,Chase County,3718.0,57313.0,1876.0,67757.0,0.0,57760715.78407116,0.0248485366585982,2,4.48,21.58,6.45,1.201,6.353896640729988,0.0,6.333987874861811,5.0,116.28,0.0,0.0,0.0,0.0,0.037,3.485469500390235,15.0,115.0,81.26666666666667,2.0,863146.4268334585,0.0003713237504828,2324.511765571238,1.5994756641235237
39113,Montgomery County,539598.0,61942.0,252061.0,7096894.0,0.0,82292480.16713123,0.0684407856935458,10,3.01,0.8099999999999999,2.57,23.2175,8.393765405026151,0.0,3.485224412920958,8.0,373.18,1.0,85932.76206552814,7.146832542459152e-05,0.0,0.1,1.6177998443758654,78.0,138.0,85.8076923076923,8.0,2129855.7293209545,0.0017713526100146,1202.3894719094617,448.77139446596146
48447,Throckmorton County,1554.0,55221.0,924.0,23957.0,0.0,9102.44847192275,3.838936803375169e-06,3,3.23,54.32333333333333,21.266666666666666,0.1933333333333333,1.793613951349975,0.0,13.935276044845816,6.0,466.8,0.0,0.0,0.0,0.0,0.05,5.212605320548933,2.0,138.0,103.5,1.0,1203240.7751721651,0.0005074640421616,2371.0857818550003,0.6553959421848671
13221,Oglethorpe County,16415.0,66672.0,6395.0,202590.0,0.0,78745859.88768107,0.0687812810673778,3,0.47,0.48,3.1333333333333333,0.067,13.206470340347948,30.0,4.130512367721801,11.0,244.95,0.0,0.0,0.0,0.0,0.15,8.679360034028955,3.0,230.0,191.66666666666663,6.0,17864072.475237645,0.0156035351151146,1144.873411278018,14.337829700906404
29147,Nodaway County,20174.0,53917.0,9465.0,276751.0,0.0,244770377.7699478,0.1076534482221435,4,3.66,4.37,3.5250000000000004,2.6075,5.249397219343146,1.0,3.1102468735342015,22.0,399.33,0.0,0.0,0.0,0.0,0.05,3.3568021004807345,16.0,345.0,115.0,12.0,22510120.79676134,0.0099002671227885,2273.688226547677,8.872808401982097
40037,Creek County,74967.0,61657.0,31114.0,1347933.0,0.0,354496835.8152337,0.1411757420847917,15,90.03999999999999,140.87266666666665,5.193333333333333,20.972266666666663,7.135531918246998,98.0,5.613379824850463,36.0,577.4,0.0,0.0,0.0,0.0,0.088,3.4988541542377325,42.0,345.0,105.14285714285714,23.0,104680647.49520724,0.0416882933752191,2511.0322112018284,29.85505309950578
48457,Tyler County,20443.0,50898.0,9516.0,336534.0,0.0,414984063.1456416,0.1712508699899056,14,31.46,30.442857142857143,4.55,26.347071428571432,8.980100964240105,5.0,2.00584008226135,29.0,511.43,0.0,0.0,0.0,0.0,0.052,6.276374443446828,4.0,138.0,120.75,20.0,100669788.21983077,0.0415432551401259,2423.252291623995,8.436183087770726
13129,Gordon County,61701.0,57555.0,22876.0,785111.0,0.0,158169880.36615658,0.1702669903314201,6,1.12,0.715,3.3166666666666664,0.627,1.811015089255938,5.0,3.428522125605203,11.0,259.74,0.0,0.0,0.0,0.0,0.27,0.5177699774928614,25.0,500.0,144.2,12.0,39534340.89322953,0.0425598405714569,928.9118653264748,66.42287853467627
19025,Calhoun County,9562.0,65614.0,4794.0,174716.0,0.0,106502105.10878754,0.0718749976730261,3,3.43,1.98,1.7666666666666666,0.075,7.637620045694795,0.0,3.0492369162451225,15.0,324.93,0.0,0.0,0.0,0.0,0.033,8.023443430185482,11.0,69.0,69.0,32.0,5252487.147205592,0.0035447421576356,1481.7684654133177,6.453099943203893
51580,Covington city,5680.0,45737.0,3049.0,91688.0,0.0,2452117.8483097567,0.1669772701612501,0,0.0,0.0,0.0,0.0,16.88471257227994,0.0,0.4029717683926897,3.0,284.76,0.0,0.0,0.0,0.0,0.11,1.1257559150140286,2.0,138.0,138.0,0.0,0.0,0.0,14.685339183840677,386.7803071412956
50017,Orange County,30002.0,74534.0,14998.0,248417.0,0.0,12449794.620085375,0.0069499562004382,10,5.52,5.83,6.92,0.2171,13.465199055607844,47.0,2.716710504918634,19.0,247.6,0.0,0.0,0.0,0.0,0.14,9.645847553698893,12.0,115.0,55.583333333333336,113.0,12891267.35445476,0.0071964033311898,1791.3486447574155,16.748275154478858
20113,McPherson County,30064.0,71250.0,13082.0,427773.0,0.0,414481572.3464162,0.177694551077715,9,1.71,0.3833333333333333,1.8777777777777775,0.0358888888888888,8.603917816816248,0.0,4.185956742140554,13.0,386.56,1.0,2153863.4098128704,0.0009233939871506,0.0,0.052,4.0082871279121255,12.0,345.0,153.33333333333334,8.0,27592174.950301938,0.0118291848622848,2332.550828440824,12.8888938382089
39051,Fulton County,41853.0,71453.0,17701.0,567720.0,0.0,83937547.86442244,0.0795850848634057,5,1.12,0.424,1.84,0.1193999999999999,9.272732515033606,0.0,2.8212390407538237,19.0,277.25,0.0,0.0,0.0,0.0,0.079,6.379986628966073,4.0,345.0,345.0,51.0,15442690.013416791,0.0146419311322051,1054.6894309214715,39.68277179324102
28129,Smith County,13991.0,51983.0,6690.0,245075.0,0.0,284527771.85355926,0.1723861597273233,5,1.15,0.776,3.34,2.169,8.094726870215537,1.0,6.141861080417942,13.0,247.15,0.0,0.0,0.0,0.0,0.095,9.906450746435024,10.0,115.0,115.0,7.0,3617190.0371818286,0.0021915382651456,1650.5256124019415,8.476693663444264
16075,Payette County,27824.0,62721.0,9802.0,343085.0,0.0,18139.696331437714,1.7069097800432956e-05,2,0.2299999999999999,0.185,1.6,0.012,3.4269801985183976,0.0,0.5519978209279108,9.0,178.19,0.0,0.0,0.0,0.0,0.16,56.834688102472114,0.0,0.0,0.0,36.0,3504772.641877481,0.0032979221890835,1062.7214473035708,26.18183727316078
16079,Shoshone County,14130.0,44807.0,7021.0,180626.0,0.0,53080570.91010307,0.0077548053995971,0,0.0,0.0,0.0,0.0,44.118595539919255,92.0,0.2014655721937548,59.0,803.33,0.0,0.0,0.0,0.0,0.16,33.38377050082102,2.0,500.0,500.0,96.0,298301416.4156697,0.0435803420171468,6844.8617566677485,2.0643221882802263
19007,Appanoose County,12077.0,50684.0,6321.0,215896.0,0.0,174978849.7246453,0.1308652705477391,4,52.540000000000006,173.36499999999998,6.7,3.1595,3.049312022361091,0.0,0.9278972080382696,17.0,197.22,0.0,0.0,0.0,0.0,0.056,14.036887310991602,2.0,69.0,69.0,62.0,68695519.72035405,0.0513768253501171,1337.0915632138604,9.032290930750827
78010,St. Croix Island,,,,,0.0,61464558.07878149,0.071341023721805,3,1.26,1.1733333333333331,2.8000000000000003,0.277,4.644694267112362,0.0,81.57465525718078,0.0,0.0,0.0,0.0,0.0,0.0,0.0,253.0993226990521,0.0,0.0,0.0,8.0,6790540.145001281,0.0078816817481624,861.559799288318,
51127,New Kent County,28022.0,113120.0,9188.0,361218.0,0.0,97409443.90770802,0.1680676494032982,5,4.74,7.803999999999999,3.8,4.0214,6.860832766380406,0.0,0.8781171542650297,20.0,126.25,0.0,0.0,0.0,0.0,0.097,10.5527741466252,9.0,230.0,217.22222222222223,7.0,18267396.17194492,0.0315180768124128,579.5847342040378,48.34840938052571
13263,Talbot County,5709.0,48065.0,3066.0,80014.0,0.0,64337461.00569408,0.0629260497093602,4,1.43,1.3375,3.5999999999999996,0.502,12.506357852440669,15.0,4.259976664171356,10.0,384.71,1.0,52037.02459681126,5.089545570062739e-05,0.0,0.084,12.46953200795055,5.0,230.0,138.0,42.0,67658340.45106009,0.0661740770293378,1022.429680750426,5.583758088683227
54015,Clay County,7538.0,41530.0,3957.0,153681.0,0.0,23485153.479669023,0.0263735958214102,0,0.0,0.0,0.0,0.0,27.225634148213977,0.0,0.006263776928263,9.0,178.79,0.0,0.0,0.0,0.0,0.1,11.305620880260353,2.0,138.0,138.0,6.0,21964435.16506435,0.0246658441466202,890.4797676698922,8.465099684100172
18077,Jefferson County,33279.0,57801.0,14414.0,488960.0,0.0,38840129.79430763,0.041310634051104,2,2.72,17.445,9.95,0.1835,6.952058077965624,0.0,6.090102161105999,13.0,204.11,0.0,0.0,0.0,0.0,0.13,2.2102090080202186,9.0,345.0,207.0,22.0,11509771.343055831,0.012241873414557,940.1968925254037,35.39577748508759
48347,Nacogdoches County,66035.0,51153.0,28903.0,1088998.0,0.0,394125048.2669661,0.1551246933433932,5,388.87,1593.52,9.6,18.3284,12.905562438880402,18.0,2.4769746479052186,69.0,511.33,0.0,0.0,0.0,0.0,0.059,21.627735072790504,3.0,345.0,207.0,6.0,9532836.593095604,0.0037520537192423,2540.698323216069,25.990885811429795
53063,Spokane County,558344.0,70394.0,225044.0,6407274.0,3.0,118169402.35365276,0.0256181237620172,46,48.68,6.89304347826087,4.878260869565217,9.445282608695653,8.06235812865347,1862.0,1.1264143026158313,43.0,397.8,2.0,17479160.789009467,0.0037893337482484,0.0,0.15,24.42689040736608,1.0,115.0,115.0,98.0,106364667.86514471,0.0230589574881682,4612.726655995659,121.04424164702236
23027,Waldo County,40693.0,62694.0,22012.0,320780.0,0.0,222913050.47058257,0.0995657068567892,49,51.78,6.723265306122449,4.704081632653061,1.9331836734693877,1.5443597723079003,79.0,1.3761471172761155,49.0,365.6,0.0,0.0,0.0,0.0,0.18,5.514811370710853,5.0,345.0,161.0,168.0,53031172.934356645,0.0240108747221306,2208.631445045966,18.42453166700843
24027,Howard County,339183.0,140971.0,123428.0,3242209.0,1.0,37361480.70126449,0.056928018891522,4,4.79,15.34,8.5,2.5265,5.924265383559072,0.0,0.6609977656948773,9.0,113.69,0.0,0.0,0.0,0.0,0.082,7.992098458946666,25.0,230.0,179.4,20.0,3751351.150332172,0.0057159669570488,656.2933583277833,516.816139758337
38001,Adams County,2275.0,57950.0,1337.0,86670.0,0.0,42.69080005486029,1.6672000890040657e-08,4,0.68,0.48,2.75,0.123,13.703608631418389,2.0,7.570273394141494,14.0,286.01,0.0,0.0,0.0,0.0,0.03,9.84339527533941,14.0,230.0,87.07142857142857,8.0,5247478.906982661,0.0020492933581769,2560.6284654388705,0.8884537646542502
42021,Cambria County,128968.0,54221.0,64522.0,1452091.0,0.0,77923343.1162712,0.0434001765194529,9,10.08,12.143333333333334,7.222222222222222,1.3895555555555557,0.2782744265082187,0.0,2.350763309260927,22.0,376.22,0.0,0.0,0.0,0.0,0.049,3.5036046157794165,21.0,230.0,125.95238095238096,24.0,14538310.337144747,0.0080972557091806,1795.461432774225,71.83000294287993
26093,Livingston County,197315.0,96135.0,78706.0,1930441.0,0.0,88672393.33295564,0.0584835266514975,95,45.54,2.1206315789473686,3.5031578947368422,0.5415368421052632,0.3919528809036348,0.0,0.617841452300131,44.0,350.17,0.0,0.0,0.0,0.0,0.052,2.787095847023256,14.0,345.0,182.3571428571429,37.0,35479017.21177519,0.0234000456137753,1516.1943612147927,130.1383285991836
8001,Adams County,554668.0,86297.0,187811.0,5162376.0,1.0,200566349.66579825,0.0654260541114839,18,16.22,5.532777777777778,2.911111111111111,7.168444444444445,19.13911470920515,72.0,3.470113903719281,16.0,356.84,0.0,0.0,0.0,0.0,0.07,76.06100286590859,0.0,0.0,0.0,96.0,78110087.6854015,0.0254800210444847,3065.542510700095,180.93632629916695
42069,Lackawanna County,216502.0,63739.0,99900.0,2382000.0,0.0,49546878.4208771,0.0411376211521859,37,11.16,1.550810810810811,4.875675675675676,0.2460540540540541,3.9317829370057367,0.0,2.1387809358565346,20.0,358.39,1.0,59657.87186024342,4.95325439169999e-05,0.0,0.073,6.379875790577186,36.0,230.0,100.30555555555556,137.0,20383397.914369795,0.0169238613595943,1204.41768466829,179.75657677230723
40123,Pontotoc County,38528.0,59457.0,17424.0,706460.0,0.0,218878320.08720905,0.116521879851266,2,0.4399999999999999,0.6,3.05,0.129,11.445110663576363,0.0,5.573432379277469,23.0,271.64,0.0,0.0,0.0,0.0,0.17,4.013604489448861,33.0,138.0,112.9090909090909,2.0,9109275.479583636,0.0048494062936028,1878.4310754906764,20.51073393253775
28127,Simpson County,25498.0,50867.0,11643.0,441043.0,0.0,236455845.79169104,0.1546160874032441,2,0.3999999999999999,0.755,3.5,0.105,11.757739233362816,31.0,1.330188486135757,12.0,348.14,0.0,0.0,0.0,0.0,0.089,3.359188859975591,9.0,161.0,104.77777777777776,0.0,0.0,0.0,1529.3094642539106,16.672884459287292
28131,Stone County,19654.0,55894.0,7536.0,310612.0,0.0,125396235.25654352,0.1080524614340033,12,3.89,2.16,3.5833333333333335,0.8492500000000001,3.564390380407996,9.0,0.6840409711879162,13.0,318.83,0.0,0.0,0.0,0.0,0.067,5.937849974768411,12.0,230.0,105.41666666666669,21.0,55985715.01516302,0.048242232313871,1160.5125287509854,16.935620696101264
51087,Henrico County,342775.0,82424.0,141349.0,5356951.0,6.0,91077450.34094642,0.143640264473473,5,2.14,1.024,2.46,47.3594,8.296158619861066,0.0,2.1424249736847516,11.0,146.49,1.0,368238.52428166213,0.0005807571338364,0.0,0.12,2.522624616295619,34.0,230.0,186.02941176470588,25.0,4302595.124018964,0.0067847229881752,634.1592916199793,540.5187695419093
18119,Owen County,21886.0,57947.0,9833.0,315305.0,0.0,114892977.31511104,0.1143807778709406,3,5.8,94.06666666666666,19.1,33.236,12.739684367689351,0.0,0.5142906643009628,18.0,582.8499999999999,0.0,0.0,0.0,0.0,0.17,5.48470905130629,9.0,345.0,130.33333333333334,13.0,7776517.445022599,0.0077418492868287,1004.4780202906852,21.788430964040835
36119,Westchester County,1015743.0,114651.0,389146.0,7200007.0,1.0,179285909.6811837,0.138422917042919,32,33.05,12.9184375,6.571875,1.58046875,1.81225059944462,323.0,0.3767013102833701,58.0,206.65,1.0,6365699.665068472,0.0049148241388564,0.0,0.17,4.4869920290391425,26.0,345.0,283.96153846153845,199.0,26040745.981751315,0.0201055176421297,1295.203955713372,784.2340162098635
54047,McDowell County,16878.0,28235.0,9450.0,363414.0,0.0,17695164.532378443,0.0127727851591245,1,0.11,0.77,7.2,0.023,18.366421413414912,0.0,6.882372764350015,9.0,139.52,0.0,0.0,0.0,0.0,0.14,2.1545202772243353,12.0,765.0,178.41666666666666,44.0,502166.975345947,0.0003624759100507,1385.380273341931,12.182936573281406
54033,Harrison County,64221.0,56184.0,30581.0,1220184.0,0.0,38367468.50421769,0.0355657677794798,2,0.37,1.085,5.8,0.1285,9.489726675193255,0.0,1.657947280249319,8.0,206.92,1.0,1740363.1450145335,0.0016132769213258,0.0,0.064,0.777494690280502,22.0,500.0,154.45454545454547,3.0,2361461.100870897,0.0021890205517406,1078.7752079317406,59.531401470679306
1117,Shelby County,238552.0,90618.0,89612.0,4015077.0,0.0,205086257.63217747,0.0978199929540391,35,44.66,11.341714285714286,4.4228571428571435,35.446400000000004,6.5740339050293874,6.0,1.3550229617436669,26.0,450.0,0.0,0.0,0.0,0.0,0.17,2.762918795953998,63.0,230.0,129.6031746031746,22.0,33717784.89430567,0.0160823714766948,2096.5679684222273,113.7821447207945
35009,Curry County,46655.0,55427.0,21155.0,716924.0,0.0,84501593.25839391,0.0231620161458371,0,0.0,0.0,0.0,0.0,45.18424423357577,1.0,39.8787475037517,0.0,0.0,3.0,22742798.434240356,0.006233835886675,0.0,0.048,4.905221033080263,18.0,230.0,117.55555555555556,0.0,0.0,0.0,3648.2831514467,12.78820696291057
40149,Washita County,10884.0,60600.0,5165.0,204214.0,0.0,89220893.89459395,0.0341506410808754,12,3.88,0.7166666666666667,2.341666666666667,0.08325,11.424077218745737,0.0,4.637119644478022,26.0,638.92,0.0,0.0,0.0,0.0,0.14,0.7790216430220922,12.0,138.0,115.0,1.0,960911.6376170164,0.0003678034036003,2612.568639145056,4.166014946716083
37135,Orange County,152498.0,85785.0,61213.0,1954158.0,0.0,47047423.273642614,0.0453032073156741,6,3.19,2.5816666666666666,4.316666666666666,0.3513333333333333,9.885483500420218,54.0,0.5492304191734686,14.0,249.67,0.0,0.0,0.0,0.0,0.078,1.144534412525921,22.0,230.0,111.8181818181818,227.0,31053245.90486788,0.0299025705064891,1038.4808188355942,146.8471995188026
18131,Pulaski County,12463.0,56823.0,5837.0,185153.0,0.0,33022203.91314522,0.0293416565922553,1,0.87,2.95,3.4,0.594,19.39081349015122,0.0,7.184604038557422,13.0,189.81,0.0,0.0,0.0,0.0,0.076,22.610014306430863,1.0,138.0,138.0,15.0,33534609.850194328,0.0297969514320628,1125.4376115171808,11.07391460215984
26019,Benzie County,18568.0,71327.0,12173.0,176412.0,0.0,115018244.46524374,0.0516644012932992,25,57793.13,194407.448,7.38,76.24083999999999,0.0,0.0,4.81182038841383,7.0,75.36,0.0,0.0,0.0,0.0,0.027,26.10626453610463,0.0,0.0,0.0,94.0,79366676.85928176,0.0356502732382825,2226.2571826253075,8.340455965695634
17139,Moultrie County,14371.0,72833.0,6196.0,155803.0,0.0,70957090.79115184,0.0795270284633957,1,41.91,1266.2,30.2,24.89,8.784074841297524,0.0,0.4037320345374595,25.0,171.92000000000002,0.0,0.0,0.0,0.0,0.16,9.443175949022292,1.0,345.0,345.0,4.0,352747.710713597,0.0003953512879056,892.2386786249858,16.106676771900215
16035,Clearwater County,9118.0,55885.0,4573.0,120000.0,0.0,0.0,0.0,3,52.67,1465.5299999999995,33.13333333333333,47.53733333333333,21.61532681033197,1.0,8.090282117519953,60.0,783.73,0.0,0.0,0.0,0.0,0.15,54.2373201738331,1.0,500.0,500.0,18.0,28094838.07083312,0.0043598405904209,6444.00580437742,1.4149583778782653
21013,Bell County,22829.0,33658.0,11634.0,409102.0,0.0,36224281.496746376,0.0387306242138188,3,1.35,5.670000000000001,9.333333333333334,0.2766666666666666,4.974640509453096,0.0,0.2398593868333123,18.0,290.61,0.0,0.0,0.0,0.0,0.26,2.8182168186124437,18.0,500.0,103.16666666666669,35.0,24119716.12168067,0.0257885490796196,935.2878305488748,24.408528855339405
27035,Crow Wing County,69132.0,65975.0,41796.0,779614.0,0.0,485463135.0378503,0.1620531829308894,284,920.87,20.74556338028169,3.7510563380281687,1.1273098591549295,0.8651714571910272,0.0,1.0391133051881434,85.0,615.4,1.0,233074.7637107396,7.780303918905281e-05,0.0,0.024,1.7331169404291429,40.0,230.0,98.9,98.0,42885529.820985936,0.0143168851188722,2995.451137933266,23.07899438736902
60050,Western District,,,,,0.0,13561791.32707646,0.0503731772049412,0,0.0,0.0,0.0,0.0,281.37340266080804,0.0,3782.690783320816,0.0,0.0,0.0,0.0,0.0,0.0,0.0,3725.1636661795233,0.0,0.0,0.0,0.0,0.0,0.0,269.2264431108019,
4009,Graham County,40157.0,64089.0,13755.0,473308.0,0.0,571012166.3016456,0.0475127493368069,5,17.75,267.16999999999996,20.82,2.0778000000000003,46.0887813298823,0.0,0.6016702181727394,57.0,461.28,0.0,0.0,0.0,0.0,0.13,12.906207646899762,10.0,345.0,161.0,25.0,873588736.930217,0.0726895242006046,12018.083025544827,3.341381476117695
30017,Custer County,12034.0,61114.0,5770.0,165158.0,1.0,66446697.36092288,0.0067634790191301,10,1.81,0.493,2.75,0.2542999999999999,26.382527443098336,4.0,7.177935157741126,32.0,1138.02,0.0,0.0,0.0,0.0,0.043,24.673844152549457,2.0,69.0,69.0,17.0,62005249.10293575,0.0063113927099597,9824.337028670065,1.224917260562371
17141,Ogle County,51399.0,75782.0,22640.0,551359.0,0.0,104652081.98458228,0.0529272215661016,4,0.88,0.505,2.175,0.34725,14.32510881910115,0.0,1.2702649292513155,14.0,385.79,0.0,0.0,0.0,1.0,0.074,8.449962359361406,10.0,345.0,241.5,107.0,34274514.96827495,0.0173341496260247,1977.2827457781295,25.99476484066152
38077,Richland County,16731.0,67089.0,7537.0,641058.0,0.0,353237080.9733592,0.0943622709412948,53,36.63,1.4137735849056603,2.09811320754717,0.6614905660377358,8.194841773458075,0.0,11.205877046971532,12.0,796.87,0.0,0.0,0.0,0.0,0.043,4.846601139559196,49.0,230.0,55.46122448979592,105.0,109438354.18441749,0.0292349025206055,3743.414369426493,4.469449104177922
55005,Barron County,46484.0,59379.0,23846.0,548201.0,0.0,151642380.61542156,0.0658034127702192,65,57.39,4.324461538461539,3.696923076923077,0.5828769230769231,1.8468616659601131,0.0,1.504711455451083,57.0,382.26,0.0,0.0,0.0,0.0,0.022,2.435403620139682,33.0,161.0,74.57575757575758,107.0,93264205.88349296,0.040470896203095,2304.475923030362,20.171180586202013
27157,Wabasha County,21537.0,75063.0,10183.0,245824.0,0.0,45273.37369744505,3.181011659418358e-05,4,2.47,11.0825,7.15,8.61975,20.395332947426283,10.0,0.5671843735852333,32.0,254.77,0.0,0.0,0.0,0.0,0.026,7.467345871151331,21.0,161.0,73.38095238095238,142.0,52996796.85150276,0.0372367716056675,1423.2382284031428,15.13239285608866
26141,Presque Isle County,13128.0,55986.0,9851.0,127698.0,0.0,12808.504883792768,1.9222375830623404e-06,46,59501.130000000005,77182.88565217392,4.534782608695652,199.6536086956522,0.0,0.0,11.96906301554546,24.0,242.49,0.0,0.0,0.0,0.0,0.027,20.699158713977784,4.0,138.0,103.5,92.0,326196976.5480838,0.0489540421376923,6663.3307956591825,1.9701858428748904
40027,Cleveland County,303973.0,71757.0,121845.0,5554729.0,0.0,239205847.0488997,0.1655433069608949,4,30.229999999999997,159.1725,11.75,5.15825,1.6280328702958455,11.0,0.4466951950486011,30.0,338.46,2.0,1580490.866182734,0.0010937846538337,0.0,0.19,6.6862845847933166,64.0,138.0,120.75,3.0,48450558.07687962,0.0335303911133407,1444.974438654929,210.36565898214556
36105,Sullivan County,80586.0,67841.0,49390.0,579082.0,0.0,144278275.6398084,0.055895343661158,103,52.1,6.989417475728155,5.57378640776699,0.5324854368932038,4.370261064811426,348.0,1.8761742744489889,78.0,553.09,0.0,0.0,0.0,0.0,0.089,1.0449895422972522,14.0,345.0,151.14285714285714,60.0,66286973.12250828,0.0256804645502584,2581.221729567216,31.220099798831136
37149,Polk County,20533.0,60465.0,10881.0,252105.0,0.0,25741737.278384693,0.0416822725885234,3,1.6800000000000002,4.086666666666667,5.366666666666667,2.893,6.24167534253579,3.0,1.0758611710162922,9.0,152.29999999999998,0.0,0.0,0.0,0.0,0.18,8.972090536362288,5.0,100.0,100.0,40.0,27069356.184456315,0.0438320177107302,617.5703880004093,33.24803196358306
37085,Harnett County,150137.0,64992.0,53252.0,1802931.0,0.0,136698752.90296888,0.0877589602776061,8,4.2,1.27,2.425,0.07625,8.83589419350109,236.0,1.2759246196370428,11.0,359.08000000000004,1.0,62367536.37939568,0.0400392105377624,0.0,0.09,10.9554379083823,20.0,500.0,226.25,16.0,9815702.742019128,0.006301563414849,1557.6615033166663,96.38615301226824
37105,Lee County,70258.0,60941.0,26560.0,850299.0,0.0,63563173.85056137,0.0946820631814763,4,1.6,1.895,3.5500000000000003,17.3095,2.425996561766339,48.0,7.45904482307506,8.0,347.78000000000003,0.0,0.0,0.0,0.0,0.091,2.835803475941531,12.0,230.0,210.83333333333337,29.0,2858007.978317492,0.0042572149822387,671.3327821689084,104.65450498784516
18159,Tipton County,15319.0,71947.0,6817.0,226552.0,0.0,45070342.43938069,0.0667841705587675,0,0.0,0.0,0.0,0.0,16.53890287621136,0.0,1.029089680855993,8.0,93.62,0.0,0.0,0.0,0.0,0.095,6.134212033331403,1.0,230.0,230.0,2.0,290728.3961446203,0.0004307944813269,674.8656464890954,22.69933294085303
20027,Clay County,7990.0,57765.0,3935.0,115058.0,0.0,326796272.38794136,0.192457738221748,3,66.17,470.9966666666666,8.666666666666666,44.25300000000001,3.978334456558264,12.0,1.0031184379862448,16.0,326.95,1.0,64092.05848111935,3.774526717553647e-05,0.0,0.051,4.164670218737934,3.0,115.0,115.0,5.0,1940974.7906532376,0.0011430840852087,1698.015759093332,4.70549225306738
20121,Miami County,36240.0,85564.0,13939.0,483402.0,0.0,230052385.4422325,0.1504835572315773,7,27.85,44.324285714285715,5.628571428571428,9.452285714285711,2.2409793074384377,0.0,0.3284559846416734,12.0,262.96,0.0,0.0,0.0,0.0,0.067,4.495971046436215,8.0,345.0,207.0,15.0,10629406.42575731,0.0069529854564785,1528.754301629259,23.7055751610167
13091,Dodge County,19663.0,46091.0,8617.0,275380.0,0.0,116016902.7446459,0.0890337096048778,5,1.06,0.624,2.8600000000000003,0.04,2.9640529365906456,597.0,0.798476645220286,7.0,418.54,0.0,0.0,0.0,0.0,0.098,6.571935748146746,9.0,500.0,170.55555555555554,0.0,0.0,0.0,1303.0671597858145,15.089782481535346
36023,Cortland County,45850.0,65029.0,20803.0,341555.0,0.0,62298082.28079596,0.0479611292783498,18,38.540000000000006,8.462222222222222,3.8055555555555554,1.6182222222222222,5.113310044410035,0.0,0.3743017356943706,24.0,274.7,0.0,0.0,0.0,0.0,0.07,6.244265202315504,16.0,345.0,129.375,15.0,13314726.69418314,0.0102505455209247,1298.928595263871,35.29832214578799
26161,Washtenaw County,370214.0,84245.0,157103.0,3605544.0,0.0,56717687.389041126,0.0303130811717714,56,32.08,2.320535714285714,3.5464285714285713,1.3754285714285714,6.11294238526756,0.0,3.349823517897282,21.0,230.92,0.0,0.0,0.0,0.0,0.06,0.619719780690223,42.0,345.0,158.78571428571428,173.0,42059700.354469806,0.0224790391370435,1871.063086729486,197.8629168763697
18087,LaGrange County,41305.0,81658.0,14882.0,593939.0,0.0,54545287.86432696,0.0544606094476396,36,17.78,1.6241666666666663,2.9805555555555556,0.9814722222222222,7.5709741233582255,0.0,1.0050894741867316,29.0,158.92000000000002,0.0,0.0,0.0,0.0,0.081,6.499822440455377,2.0,138.0,138.0,37.0,42432452.49197262,0.0423665764460981,1001.554906046242,41.24087431517503
48371,Pecos County,14560.0,59325.0,5818.0,255391.0,0.0,0.0,0.0,3,3.38,1.84,1.9,0.076,46.21448955786202,0.0,45.57251619530709,1.0,396.38,0.0,0.0,0.0,0.0,0.076,7.446771991268931,41.0,345.0,139.1219512195122,7.0,17450578.87284184,0.0014140547706197,12340.808316210776,1.1798254722807835
13225,Peach County,29877.0,60940.0,12023.0,381384.0,0.0,19971966.736086026,0.0509602961901573,0,0.0,0.0,0.0,0.0,12.70221092337659,48.0,0.8203070958524497,4.0,282.95,0.0,0.0,0.0,0.0,0.097,2.748165371860567,12.0,230.0,134.16666666666666,3.0,667467.8234317743,0.0017031050786813,391.9122970078713,76.23389270533642
13163,Jefferson County,15011.0,46865.0,7167.0,215325.0,0.0,116750994.51520929,0.0851059628127435,5,0.73,0.384,2.58,0.3923999999999999,2.216582515997037,12.0,2.4597967507384193,7.0,467.04,1.0,16759686.794918438,0.0122170203949375,0.0,0.16,4.647045846575766,8.0,115.0,115.0,5.0,648330.0657946273,0.0004726020055094,1371.8309660912594,10.942310219728205
55083,Oconto County,40195.0,73611.0,23835.0,455854.0,0.0,246819178.73974937,0.0829503949813488,76,57769.079999999994,63949.78881578948,4.8500000000000005,25.475197368421053,1.8787931844495456,0.0,1.076446215147217,37.0,472.39,0.0,0.0,0.0,0.0,0.025,14.349847838466358,15.0,138.0,115.0,112.0,203279057.05081683,0.0683175368548581,2975.503310119126,13.508638979934714
31065,Furnas County,4524.0,58895.0,2531.0,85384.0,0.0,176325242.27749255,0.0944705001695985,0,0.0,0.0,0.0,0.0,34.17752337987449,0.0,6.037866489837018,17.0,351.87,0.0,0.0,0.0,0.0,0.044,0.6071833796593915,17.0,69.0,69.0,12.0,1277840.538496194,0.0006846338808694,1866.45822563362,2.4238420865081003
1069,Houston County,110318.0,55064.0,49339.0,1885777.0,1.0,203868247.40378535,0.135322364895069,2,0.54,0.82,2.9,0.0255,9.666725819615772,470.0,0.0254191661692643,12.0,210.28,2.0,949627.9758010446,0.0006303380006077,1.0,0.053,3.6890106302645793,46.0,230.0,125.0,13.0,1813172.2490033456,0.001203535922136,1506.5377074788496,73.22617910746769
40103,Noble County,10899.0,66813.0,5089.0,204325.0,0.0,291312326.5133994,0.1514705887563056,7,40.78,87.9057142857143,6.942857142857143,0.227,11.166893485444108,4.0,4.722220484695453,8.0,355.43,0.0,0.0,0.0,0.0,0.085,8.392295339374126,20.0,138.0,134.55,3.0,3890749.762286354,0.0020230319954204,1923.227003376075,5.667037734426387
20063,Gove County,2631.0,59417.0,1336.0,39477.0,0.0,0.0,0.0,0,0.0,0.0,0.0,0.0,45.39372362163672,0.0,20.554068915686265,2.0,186.52,0.0,0.0,0.0,0.0,0.05,9.763176957081152,7.0,115.0,69.0,2.0,2376871.4935589507,0.0008562687812503,2775.847427355753,0.947818663976884
22077,Pointe Coupee Parish,19520.0,53045.0,11020.0,460236.0,0.0,4302197.913644162,0.0028137017011938,15,33.190000000000005,22.584,3.753333333333333,0.6107333333333334,3.971543269080312,3.0,3.960807338679851,21.0,644.3399999999999,0.0,0.0,0.0,0.0,0.059,20.678009907145352,4.0,500.0,274.5,29.0,14068067.57701758,0.0092007263442458,1529.0170635077775,12.766371589875137
31067,Gage County,21711.0,60035.0,10364.0,398141.0,0.0,289578309.19200736,0.1300139786935194,11,1.88,0.4554545454545454,2.5090909090909093,0.1548181818181818,9.488898788569765,0.0,0.8251548933632769,22.0,385.92,0.0,0.0,0.0,0.0,0.046,9.185042700911245,8.0,115.0,115.0,23.0,4825942.391917819,0.0021667367718099,2227.285960484468,9.747738002747314
1115,St. Clair County,98206.0,73218.0,38133.0,1638938.0,0.0,217156090.74772897,0.1283283137833424,15,86.23,64.60666666666665,4.993333333333334,46.75666666666666,7.969797331533377,4.0,1.491109916950336,37.0,476.44,0.0,0.0,0.0,0.0,0.16,9.93481488157843,28.0,230.0,119.10714285714286,4.0,291622.3839684081,0.0001723341385922,1692.191613052572,58.03479892140855
28123,Scott County,28073.0,44968.0,11377.0,474852.0,0.0,229300217.12394977,0.145043766069854,7,1.97,0.9242857142857144,3.1,0.3359999999999999,9.008870651032783,0.0,1.5596967688929155,20.0,301.54,0.0,0.0,0.0,0.0,0.11,5.023077858764671,12.0,161.0,126.5,12.0,10171533.59053127,0.0064339997457533,1580.9036357585835,17.75756558781611
18061,Harrison County,40437.0,71302.0,16752.0,585508.0,0.0,74422107.84669031,0.0591101955181556,1,0.35,1.57,4.5,0.26,11.61889077927774,0.0,0.9382200174650812,13.0,201.59,0.0,0.0,0.0,0.0,0.16,2.151346185888213,29.0,345.0,99.93103448275862,59.0,23595864.31122519,0.0187411535793851,1259.0401231853757,32.11732434522758
16017,Bonner County,54420.0,61816.0,26374.0,639719.0,0.0,401181381.3747252,0.0807540494830928,24,470.97,310.52124999999995,9.154166666666669,34.332041666666676,4.34293412278152,86.0,3.1876276609912133,99.0,529.78,0.0,0.0,0.0,0.0,0.16,76.78212536922872,0.0,0.0,0.0,88.0,60941432.87734443,0.0122669388790021,4967.941348567434,10.95423560418898
55105,Rock County,166472.0,70630.0,70230.0,1932941.0,0.0,147594895.2575997,0.0784769994854006,8,46.99,42.94375,4.175,26.072625,3.3075658305079925,0.0,1.7970652988050555,21.0,220.2,0.0,0.0,0.0,0.0,0.054,0.8926679064340723,97.0,345.0,98.8762886597938,128.0,62190515.409660175,0.0330670310113223,1880.740831808149,88.51405636785871
18023,Clinton County,33322.0,59515.0,13481.0,489108.0,0.0,33494486.27972375,0.0319122659177565,0,0.0,0.0,0.0,0.0,25.73344278040685,0.0,1.9932383932217896,10.0,209.54,0.0,0.0,0.0,0.0,0.098,8.281055140397358,2.0,230.0,230.0,4.0,221732.89136628303,0.0002112586212817,1049.5803201829951,31.74792758518022
42113,Sullivan County,5856.0,62910.0,5619.0,65567.0,0.0,40443205.44809,0.0345091814522417,13,4.11,1.603076923076923,4.976923076923077,0.0847692307692307,2.965565842103578,0.0,1.5358757996025711,17.0,265.82,0.0,0.0,0.0,0.0,0.059,29.088403632680475,0.0,0.0,0.0,20.0,13786549.498950023,0.0117637198384344,1171.9549333286998,4.996779170822911
48345,Motley County,1043.0,66528.0,718.0,21319.0,0.0,0.0,0.0,2,0.62,0.615,1.9,0.0049999999999999,8.526397156423037,12.0,3.4321372497404647,18.0,65.14,0.0,0.0,0.0,0.0,0.053,14.579830295979315,2.0,69.0,69.0,0.0,0.0,0.0,2563.6083362495456,0.4068484195701541
48485,Wichita County,129555.0,58862.0,55602.0,2183607.0,1.0,315203994.7456998,0.1923025922357008,4,7.16,12.975,8.75,0.22325,0.1169028407588431,2.0,4.430190131675797,19.0,380.14,1.0,18142684.129630953,0.0110686579053552,0.0,0.094,4.229508730032801,57.0,345.0,141.6315789473684,1.0,384769.04557452333,0.0002347434898913,1639.1042228800925,79.04012337443505
26155,Shiawassee County,67681.0,62498.0,30230.0,669411.0,0.0,38213952.50495193,0.0272755822287111,17,3.73,0.5311764705882352,2.2705882352941176,0.9145882352941176,5.306984146257611,0.0,0.5317450274742518,12.0,199.56,0.0,0.0,0.0,0.0,0.046,3.6900361936272192,11.0,345.0,156.8181818181818,31.0,10416735.94797017,0.00743504713015,1401.0315961184742,48.30797548571257
20089,Jewell County,2830.0,47109.0,1774.0,41654.0,0.0,22258.94677744882,9.39917556202518e-06,2,8.42,15.515,3.05,1.261,10.486547095897857,10.0,11.951697776130011,24.0,323.31,0.0,0.0,0.0,0.0,0.054,9.424686356057611,3.0,115.0,115.0,2.0,17117249.611629177,0.0072280164660184,2368.180771599461,1.1950101250457448
20123,Mitchell County,5590.0,63008.0,3128.0,83736.0,0.0,323916444.0374497,0.1739043182654973,4,43.11,66.07249999999999,3.475,8.5005,8.571587604846501,8.0,6.644481890089795,25.0,305.29,0.0,0.0,0.0,0.0,0.055,19.55649885226764,1.0,115.0,115.0,5.0,45119084.25221641,0.0242235419993528,1862.6130007503375,3.001160196856844
28091,Marion County,24001.0,38399.0,11164.0,416422.0,0.0,240825865.00027764,0.1694859157014346,9,2.41,0.7999999999999999,2.844444444444445,30.121555555555556,0.7720639594129677,264.0,1.5158901587648743,8.0,335.65000000000003,0.0,0.0,0.0,0.0,0.071,4.721772021772353,14.0,230.0,90.35714285714286,6.0,33134306.6017015,0.0233189167430791,1420.9196321924178,16.891173474018014
27085,McLeod County,36631.0,73296.0,15869.0,420648.0,0.0,108438978.0300611,0.0828134194710335,42,35.96,2.536666666666666,2.5523809523809526,0.7977857142857142,2.8549437405733755,200.0,0.3167484816178722,16.0,192.58,0.0,0.0,0.0,0.0,0.028,5.211889898818853,21.0,115.0,82.14285714285714,199.0,44500813.62052465,0.0339846852731909,1309.437273371762,27.9746122589563
55033,Dunn County,46223.0,69721.0,18729.0,533179.0,1.0,173102515.98049432,0.0773650993018167,9,12.27,11.324444444444444,7.311111111111111,19.29111111111111,0.3660642156790646,536.0,0.4222477763131694,47.0,459.75,0.0,0.0,0.0,0.0,0.024,3.690492905336127,35.0,161.0,76.88571428571429,122.0,73412987.56667311,0.0328106326888001,2237.4755239551623,20.65855000652346
48353,Nolan County,14117.0,47437.0,7118.0,247411.0,0.0,37698.043829743314,1.5925740182479305e-05,2,1.79,2.52,2.9000000000000004,0.1115,5.982904847329823,0.0,3.308978161051113,6.0,34.6,0.0,0.0,0.0,0.0,0.035,6.75535885420629,34.0,345.0,154.23529411764707,0.0,0.0,0.0,2367.114065293047,5.963802170324363
42127,Wayne County,51703.0,59240.0,31981.0,566117.0,0.0,122339564.50310524,0.0629150511627933,88,47.620000000000005,5.410454545454545,4.968181818181818,0.2796363636363636,1.5371557240161673,0.0,1.555886181599426,54.0,387.91,0.0,0.0,0.0,0.0,0.076,5.3674960487983014,15.0,230.0,79.73333333333333,72.0,32808411.556742292,0.0168722432521821,1944.519828594758,26.58908345376149
36091,Saratoga County,241343.0,97038.0,110095.0,1735958.0,0.0,369443.589160937,0.0001690585112066,37,149.46,42.23108108108108,6.68108108108108,31.47445945945946,7.81777051101493,221.0,0.7095633407623478,52.0,525.68,1.0,91069.61137105792,4.167373143360942e-05,0.0,0.12,2.7866091205025865,57.0,230.0,117.01754385964912,160.0,112232596.897693,0.0513579780433476,2185.300145635897,110.43929159203527
40095,Marshall County,16255.0,53734.0,8823.0,284813.0,0.0,1382471.0870503425,0.0012501162330973,14,300.45000000000005,472.9021428571428,5.457142857142857,42.54642857142857,8.694911659697954,2.0,1.792854209422745,38.0,505.22,0.0,0.0,0.0,0.0,0.12,3.397378150424236,11.0,138.0,138.0,2.0,8880941.072831864,0.0080306985833718,1105.8740383085149,14.698780726295707
24001,Allegany County,66848.0,55248.0,32882.0,650228.0,0.0,54834491.02180186,0.0494806444298653,2,1.04,2.515,4.050000000000001,18.632499999999997,5.645065075431813,0.0,0.6605533017794573,35.0,470.6,1.0,21189.312742403738,1.912046286894927e-05,0.0,0.058,1.081223891646847,9.0,138.0,138.0,34.0,26991128.770773645,0.0243558100126501,1108.2008258709143,60.32119669958321
54103,Wetzel County,13734.0,50715.0,7326.0,274976.0,0.0,35751860.76873155,0.0382030254798598,1,23.97,219.1,9.1,1272.11,22.202450040583596,0.0,1.224542071724595,11.0,316.99,0.0,0.0,0.0,0.0,0.061,6.762384196518596,7.0,138.0,138.0,4.0,1515870.126301712,0.00161979786153,935.8390712220204,14.6756001350383
36003,Allegany County,46800.0,58725.0,23636.0,339156.0,0.0,64031.90521133363,2.389785174429372e-05,10,5.19,6.627,7.38,0.5993999999999999,11.118810711122658,0.0,1.1200266436566697,39.0,530.79,0.0,0.0,0.0,0.0,0.079,11.980813441186664,9.0,115.0,115.0,51.0,11442764.350544237,0.0042706442216839,2679.4000522085857,17.466596658988465
19031,Cedar County,18359.0,76959.0,8213.0,324353.0,0.0,171709370.2462743,0.1139272373050059,0,0.0,0.0,0.0,0.0,23.581837129549314,0.0,2.475323816588058,12.0,359.62,0.0,0.0,0.0,0.0,0.054,9.683858889796806,1.0,115.0,115.0,18.0,5828621.607560975,0.0038672248103743,1507.1845815440877,12.180989790375564
18117,Orange County,19834.0,60775.0,9074.0,292665.0,0.0,70648787.91059189,0.0668255451453043,2,33.51,188.08,9.35,2.6534999999999997,7.782097036334014,0.0,0.1931740959948569,16.0,141.97,0.0,0.0,0.0,0.0,0.18,2.3113477298766045,22.0,345.0,92.0,9.0,3530659.472389481,0.0033395936567722,1057.212294444801,18.76065961795866
13089,DeKalb County,774394.0,76044.0,325979.0,10456729.0,0.0,56610214.6689093,0.0806301203149932,6,2.52,1.965,4.583333333333333,0.4931666666666667,9.33159387463777,22.0,3.5096056158283053,7.0,179.92,0.0,0.0,0.0,0.0,0.11,2.2341536958333723,72.0,500.0,163.47222222222223,61.0,21603495.161539875,0.0307673814284502,702.1557948237833,1102.8805938920525
13227,Pickens County,37167.0,72558.0,14979.0,449814.0,0.0,40299753.61342362,0.0668642637242587,5,1.03,1.042,4.840000000000001,0.2372,7.292858866375037,0.0,2.498723321283067,9.0,105.84,0.0,0.0,0.0,0.0,0.2,6.8141283520002345,3.0,230.0,191.66666666666663,9.0,3507109.3565077735,0.005818786866814,602.7217419681858,61.665271736558374
30015,Chouteau County,5865.0,51791.0,2847.0,81365.0,0.0,0.0,0.0,17,17.62,5.724705882352942,3.847058823529412,0.3924705882352941,14.705523971878986,46.0,2.189849183069876,38.0,918.19,0.0,0.0,0.0,0.0,0.048,180.5744552261479,0.0,0.0,0.0,362.0,346900302.4676881,0.0335124333425247,10351.391047080391,0.566590516513645
31017,Brown County,2826.0,44267.0,1656.0,50478.0,0.0,0.0,0.0,34,21.75,2.5152941176470587,3.182352941176471,0.1497941176470588,8.217125227300466,2.0,11.429756692804276,19.0,554.47,0.0,0.0,0.0,0.0,0.066,7.845590982667726,8.0,115.0,86.25,29.0,162551169.64589733,0.0512276893748377,3173.111487744362,0.8906084803244309
37069,Franklin County,82037.0,70493.0,29764.0,967995.0,0.0,95399746.83354352,0.0744766092490979,6,2.3,1.5433333333333332,3.3833333333333333,0.373,5.603767587112965,35.0,0.138452129755033,13.0,414.39,0.0,0.0,0.0,0.0,0.069,2.8064721227393816,19.0,230.0,121.05263157894736,29.0,12281728.841198891,0.0095880915265503,1280.9357114697564,64.04458808152835
24510,Baltimore city,569997.0,58349.0,293555.0,8179311.0,6.0,26152249.507629603,0.1096953314197273,2,0.38,0.655,3.5,0.067,2.595644202269038,0.0,3.7795622499705654,4.0,76.53999999999999,0.0,0.0,0.0,0.0,0.086,3.974373366547104,14.0,115.0,115.0,15.0,4510498.541029206,0.0189192379868527,238.40804498382187,2390.846332550059
20111,Lyon County,32266.0,56415.0,14998.0,459921.0,0.0,411627912.8404016,0.1857929017338872,12,2.79,0.5091666666666667,2.1416666666666666,1.1375833333333334,2.9154831321783794,0.0,1.7499375757022009,27.0,388.04,0.0,0.0,0.0,0.0,0.061,4.95365373274093,8.0,115.0,115.0,18.0,30878272.11752885,0.0139372564393153,2215.5201242064268,14.563623073185717
19027,Carroll County,20303.0,68041.0,9515.0,364025.0,0.0,122856116.7343918,0.0831782249659032,1,0.47,1.96,4.2,0.012,0.7033182449496574,0.0,7.506342167803695,13.0,458.09,0.0,0.0,0.0,0.0,0.035,3.8178479961116087,15.0,161.0,81.26666666666667,46.0,7897885.650581838,0.0053471664853532,1477.0225823743187,13.74589680772711
27131,Rice County,69939.0,78214.0,25064.0,776688.0,0.0,115945964.71306773,0.0867740069978129,25,44.53,8.748399999999998,4.06,0.7541599999999999,3.970350917285399,266.0,3.367422948825439,28.0,221.49,0.0,0.0,0.0,0.0,0.026,1.948789746195187,30.0,115.0,75.13333333333334,114.0,31682011.70440856,0.0237088049361993,1336.297286584678,52.337904672957016
29219,Warren County,39016.0,75531.0,15530.0,449465.0,0.0,150810743.17452714,0.1330267057725503,7,2.76,2.2657142857142856,5.385714285714286,0.1505714285714285,7.530088473302209,0.0,5.305926715039484,17.0,421.27,0.0,0.0,0.0,0.0,0.19,4.228228574368147,6.0,345.0,222.33333333333337,14.0,35319405.90232761,0.0311508427421474,1133.818631960802,34.411147338906005
21227,Warren County,149375.0,63074.0,57080.0,2318639.0,0.0,118819500.80747062,0.0837827897594626,2,0.49,1.305,5.25,0.088,17.033504124492858,14.0,0.624718570240746,20.0,590.39,0.0,0.0,0.0,0.0,0.18,0.7072060716896742,69.0,161.0,90.33333333333331,9.0,2028637.7772666195,0.0014304464306972,1418.1850740665664,105.32828382664864
46121,Todd County,8863.0,33792.0,2888.0,141622.0,0.0,0.0,0.0,7,1.56,0.6271428571428571,3.142857142857143,0.119,13.62368376989079,0.0,5.140451693735156,28.0,341.95,0.0,0.0,0.0,0.0,0.075,8.17310199306389,4.0,115.0,115.0,0.0,0.0,0.0,3602.295584573513,2.460375555508257
19127,Marshall County,39890.0,70828.0,16795.0,703934.0,0.0,215611704.33698025,0.1452342290163801,6,2.09,0.9916666666666668,2.6833333333333336,6.5,4.743252921504213,0.0,0.4923201956284498,13.0,346.43,0.0,0.0,0.0,0.0,0.039,3.341786813405214,13.0,161.0,153.92307692307693,31.0,12510188.7055582,0.0084267578060826,1484.579122059023,26.86956822124438
40141,Tillman County,6780.0,46306.0,3789.0,131087.0,0.0,4938106.17437657,0.0021685732765083,4,3.24,4.07,2.7,0.1165,15.43988640972117,0.0,7.452995927826489,14.0,316.16,0.0,0.0,0.0,0.0,0.12,4.1272902189586524,11.0,345.0,94.0909090909091,10.0,33866874.0975933,0.014872664850343,2277.1221188926493,2.9774424233765173
37113,Macon County,39232.0,51042.0,26929.0,474420.0,0.0,34807988.93623715,0.0258639457147906,1,4.94,155.4,31.5,6.674,20.270451542459032,5.0,0.4487492598031111,17.0,155.0,0.0,0.0,0.0,0.0,0.23,2.7749695890618433,17.0,161.0,161.0,216.0,62532589.52048568,0.0464621734576767,1345.881711225751,29.149664248182532
54063,Monroe County,12491.0,52392.0,6299.0,234808.0,0.0,29647769.4088811,0.0241682375304311,1,0.33,1.79,5.5,0.074,18.321122644055823,0.0,1.443309860827266,17.0,282.81,0.0,0.0,0.0,0.0,0.18,18.673035155383214,0.0,0.0,0.0,52.0,83910534.50663994,0.0684021013572574,1226.724513452937,10.182400256142934
18155,Switzerland County,10037.0,66525.0,4392.0,146244.0,0.0,32153894.22578489,0.0555279246975822,4,0.98,1.0,4.025,0.318,9.693300747264162,0.0,5.430102888634038,13.0,44.31,0.0,0.0,0.0,0.0,0.12,2.508220713811043,10.0,345.0,131.1,3.0,5419259.266499616,0.0093587488455924,579.0580937591736,17.333321316417557
1061,Geneva County,27554.0,47608.0,12494.0,464190.0,0.0,217579685.2391213,0.1451038257818643,3,1.13,1.0933333333333333,2.6999999999999997,0.0456666666666666,11.019299248344192,81.0,0.0251351253141463,21.0,346.33,2.0,962911.63381653,0.0006421654751595,0.0,0.053,8.155192300488181,17.0,230.0,142.05882352941177,3.0,28804820.34197912,0.0192099257243185,1499.4758832156178,18.375754027407627
17099,LaSalle County,107773.0,67942.0,49796.0,1150671.0,0.0,125536750.31950366,0.0422146956272195,12,11.69,5.829166666666667,4.041666666666667,0.5794166666666666,0.0729065228621544,0.0,1.940538358547884,19.0,534.9300000000001,1.0,11554929.503115404,0.0038856178029662,1.0,0.094,7.235609023188043,19.0,345.0,170.68421052631578,118.0,30145863.924073957,0.0101372583986271,2973.7689164711937,36.24121544988379
19055,Delaware County,17674.0,75896.0,8107.0,307060.0,0.0,114652620.01994482,0.0764667531026924,3,2.03,4.833333333333333,4.7,4.065333333333333,4.641813542208904,0.0,4.67891979896137,7.0,321.90999999999997,0.0,0.0,0.0,0.0,0.042,15.239521716233314,3.0,161.0,161.0,44.0,14553316.833062625,0.0097062307425718,1499.3788236695532,11.78754809724801
20127,Morris County,5348.0,52866.0,3003.0,76521.0,0.0,186285547.3087452,0.1023280119813128,3,12.7,25.046666666666667,6.166666666666667,1.469666666666667,6.370776715727075,0.0,5.6572816784840985,23.0,187.61,0.0,0.0,0.0,0.0,0.058,19.37878419675672,3.0,345.0,268.3333333333333,11.0,7393328.113249027,0.0040612091438035,1820.474605335102,2.9376954692622985
19051,Davis County,9230.0,77176.0,3588.0,159002.0,0.0,113704684.1416928,0.0869590362201454,2,1.35,3.475,4.65,0.1275,2.372965726320511,3.0,2.1972909918109136,18.0,299.85,0.0,0.0,0.0,0.0,0.061,0.5756731689835295,15.0,161.0,75.13333333333334,6.0,9954872.999970855,0.0076132849610018,1307.5660573541547,7.058916792836303
16015,Boise County,8545.0,70776.0,5497.0,103897.0,0.0,9122.1358536162,1.8471688619550444e-06,9,15.82,82.40777777777777,17.633333333333333,8.515444444444444,33.34992537924525,5.0,2.0408130251099403,38.0,651.24,0.0,0.0,0.0,0.0,0.27,100.69808232654768,0.0,0.0,0.0,24.0,299931182.02374995,0.0607279542415493,4938.931102976951,1.730131443795497
37143,Perquimans County,13490.0,59401.0,6906.0,168849.0,0.0,150244798.70592245,0.1763582830654469,0,0.0,0.0,0.0,0.0,13.883219279136668,290.0,7.231640140176326,3.0,36.790000000000006,0.0,0.0,0.0,0.0,0.049,6.153877119733972,3.0,230.0,230.0,4.0,870233.1355201359,0.0010214850894598,851.9293570700405,15.834646250946054
31039,Cuming County,8823.0,68917.0,4133.0,165724.0,0.0,26449.303892638098,1.777106187550335e-05,3,0.8500000000000001,0.5733333333333334,2.033333333333333,33.611,5.503630278060526,0.0,1.2347505473814722,17.0,427.75,0.0,0.0,0.0,0.0,0.052,21.248423161694586,1.0,115.0,115.0,26.0,7154853.779973706,0.0048072853164165,1488.335580070613,5.928098553943996
35011,De Baca County,1647.0,34702.0,1154.0,27564.0,0.0,24710.941259328752,4.087216536397599e-06,1,6.48,75.6,11.7,5.209,29.67674858798777,0.0,15.75420397927977,12.0,177.55,0.0,0.0,0.0,0.0,0.041,21.649936947071133,2.0,69.0,69.0,1.0,2555442.382053841,0.000422672946859,6045.90949348344,0.2724155897099042
31109,Lancaster County,334049.0,70387.0,136167.0,5956825.0,0.0,277622785.9687077,0.1266457907013256,13,14.260000000000002,13.469230769230771,4.646153846153846,1.2756923076923077,3.949631313837415,92.0,2.611839841303162,29.0,347.75,2.0,726126.7926705892,0.0003312440709299,0.0,0.044,1.9645707929164145,66.0,345.0,129.63636363636363,132.0,48011320.75547615,0.0219017748240303,2192.12009717124,152.38626771912
31129,Nuckolls County,4100.0,66000.0,2228.0,75663.0,0.0,144976315.5792747,0.0972105701351767,2,0.47,0.39,1.6,0.01,17.495189597161403,0.0,2.561209194555083,19.0,202.77,0.0,0.0,0.0,0.0,0.047,11.013774941526869,5.0,115.0,78.2,8.0,1502212.296402549,0.0010072742648822,1491.3637216553964,2.7491616836763657
46099,Minnehaha County,212691.0,73110.0,84770.0,3061996.0,2.0,195009204.96969143,0.0925139282089797,20,14.48,1.8015,2.595,0.03745,15.394179078586834,48.0,3.949330808829679,17.0,283.43,2.0,911762.283008878,0.0004325473272251,0.0,0.046,4.064357079107768,57.0,230.0,104.10526315789474,60.0,35032017.61647732,0.0166194697507656,2107.8902120125445,100.90231397627186
48327,Menard County,1956.0,40945.0,1464.0,33280.0,0.0,0.0,0.0,0,0.0,0.0,0.0,0.0,45.81294748958128,1.0,1.2407747840034478,4.0,133.58999999999995,0.0,0.0,0.0,0.0,0.025,11.365969978285976,1.0,69.0,69.0,0.0,0.0,0.0,2336.8517755860357,0.8370235632550868
21053,Clinton County,9139.0,41180.0,4872.0,155391.0,0.0,36632801.39346691,0.068854956754681,3,249.22,3205.3266666666664,26.0,93.42933333333332,5.831133974043714,0.0,3.007549690517376,16.0,124.44,0.0,0.0,0.0,0.0,0.14,2.548671832354711,9.0,161.0,99.66666666666669,16.0,33637608.19592037,0.0632251962601484,532.0285295361322,17.177650243621635
39063,Hancock County,75034.0,67006.0,33733.0,995109.0,0.0,74083649.61937878,0.0536004392688934,8,5.46,3.47625,2.5375,0.2245,1.685082964584525,0.0,1.4027966734277977,16.0,288.65,0.0,0.0,0.0,0.0,0.089,8.444186207043053,15.0,345.0,151.8,18.0,3631425.87407717,0.0026273816560468,1382.1463150279185,54.28802955531113
48189,Hale County,31819.0,50721.0,13396.0,552361.0,0.0,320438190.42606926,0.123133871304035,5,1.88,0.6839999999999999,1.7399999999999998,0.0004,15.389160972056672,3.0,17.56680323277465,2.0,4.7,0.0,0.0,0.0,0.0,0.046,2.7627872348138913,42.0,230.0,92.54761904761904,3.0,2262695.105270264,0.0008694794073145,2602.3561757013376,12.226996556850926
1027,Clay County,14207.0,48074.0,7040.0,247484.0,0.0,83793742.66864014,0.0533875514090776,7,26.380000000000003,76.01142857142858,6.914285714285714,9.217,7.326634502491433,2.0,0.8170313867215372,13.0,321.48,0.0,0.0,0.0,0.0,0.13,5.912843594794174,14.0,115.0,115.0,8.0,52275240.5713906,0.0333061515638862,1569.5371010102642,9.05171339425833
48011,Armstrong County,1843.0,70417.0,884.0,33264.0,0.0,0.0,0.0,4,1.89,1.135,2.1,0.00325,13.285852263692789,2.0,11.158185905831065,6.0,107.76,0.0,0.0,0.0,0.0,0.093,14.288265889326244,2.0,345.0,345.0,1.0,6775519.110608515,0.002862732323845,2366.8014833842517,0.7786880365499533
39003,Allen County,100881.0,58976.0,44692.0,1344097.0,0.0,63219092.19071822,0.0599949926494592,4,4.87,6.755,4.0,0.9845,4.412872899547882,0.0,2.064180454725943,13.0,209.59,1.0,1491776.293297278,0.0014156974522982,0.0,0.12,2.6276323453281245,30.0,345.0,151.8,4.0,1533150.4841469463,0.0014549616079494,1053.7394772276548,95.73618734055002
13189,McDuffie County,21640.0,54752.0,9423.0,297833.0,0.0,51885370.72218265,0.0752284539611257,9,54.94,67.32222222222222,5.444444444444445,4.854666666666667,3.9421604871416966,1.0,1.9842495892560716,19.0,222.8,1.0,18019959.61349249,0.0261270890676203,0.0,0.18,1.7181391201276717,9.0,230.0,127.77777777777776,2.0,51393429.87539947,0.0745151904254079,689.7040668083079,31.375775555655075
55111,Sauk County,66652.0,72930.0,30907.0,774979.0,0.0,215107827.3139285,0.0978038922462493,10,37.93,29.795000000000005,6.890000000000001,23.7845,13.3741493397324,0.0,4.924264938197135,27.0,305.82,0.0,0.0,0.0,0.0,0.036,8.029803710676054,48.0,138.0,93.4375,161.0,101135237.84307502,0.0459835424299431,2199.3790060249644,30.304917805168618
42007,Beaver County,166032.0,67194.0,79104.0,1830312.0,0.0,66476712.861795194,0.0578049762306015,3,4.199999999999999,37.3,19.5,0.4873333333333333,9.627207270814267,0.0,1.1296206036882586,23.0,227.78,0.0,0.0,0.0,1.0,0.052,1.492961342746711,26.0,500.0,199.69230769230768,20.0,1709442.0739861866,0.001486449227112,1150.0171299543397,144.37350164218174
28061,Jasper County,15785.0,43914.0,8068.0,277615.0,0.0,238089729.7311749,0.1356816687403223,7,3.66,2.301428571428571,3.371428571428571,0.2098571428571428,11.6863081886144,1.0,0.3191279996036316,9.0,236.63,0.0,0.0,0.0,0.0,0.098,1.691262415974809,16.0,230.0,102.0625,11.0,6423320.637239293,0.0036604975103244,1754.7671099686186,8.99549570443128
37037,Chatham County,85111.0,84222.0,34190.0,1037148.0,0.0,191539265.20088696,0.1043474425551685,9,66.41,242.8088888888889,9.27777777777778,16.461,14.425365342057532,35.0,3.5920508881902493,28.0,539.82,0.0,0.0,0.0,0.0,0.086,7.98147137665086,18.0,230.0,191.66666666666663,126.0,26088540.039183725,0.0142124520197463,1835.61147667814,46.3665656275059
28067,Jones County,66496.0,49451.0,28620.0,1126449.0,0.0,354557238.33978194,0.1956371366451853,13,6.6899999999999995,1.61,2.776923076923077,5.741,3.622064294424903,62.0,0.4788975766788961,16.0,317.46,0.0,0.0,0.0,0.0,0.084,1.77555834647036,35.0,230.0,97.25714285714284,12.0,6103792.232629527,0.0033679426223542,1812.3207302037952,36.69107729762741
55021,Columbia County,58132.0,79271.0,26683.0,685931.0,1.0,316210682.12815267,0.1533818484209702,14,40.14,19.242142857142856,3.5357142857142856,16.97192857142857,1.931413370364475,0.0,1.645835208897905,30.0,404.54,0.0,0.0,0.0,0.0,0.037,2.867169098287646,64.0,345.0,92.71875,187.0,121574630.81719632,0.0589712576132429,2061.59128595376,28.19763567884224
27029,Clearwater County,8647.0,62723.0,4464.0,97813.0,0.0,34751.87119100582,1.3025264876127792e-05,117,1219.4799999999998,38.86282051282051,3.5025641025641026,0.5177264957264958,3.478969488822257,35.0,3.041867282830822,39.0,584.86,0.0,0.0,0.0,0.0,0.022,2.8150451049430885,11.0,115.0,110.8181818181818,171.0,99335783.41767325,0.0372318049747985,2668.0356615778096,3.2409611777401732
20163,Rooks County,4646.0,60821.0,2637.0,70800.0,0.0,2.1277143023175857,9.177446047259007e-10,5,15.15,99.546,9.14,0.7167999999999999,5.409438358674105,0.0,6.0862845054513155,12.0,398.46,0.0,0.0,0.0,0.0,0.077,18.792714350850748,2.0,115.0,115.0,3.0,2847241.037297042,0.0012280972582955,2318.4165733327745,2.00395392848718
18041,Fayette County,23533.0,52219.0,10896.0,346614.0,0.0,59515560.29670473,0.1067988081553019,1,0.36,1.07,3.0,17.46,4.124145021334855,0.0,2.0386074781243564,6.0,159.53,0.0,0.0,0.0,0.0,0.11,1.0935106472848894,18.0,138.0,84.33333333333333,2.0,435940.97983721306,0.0007822824290078,557.2680194160963,42.22923114205944
31081,Hamilton County,9678.0,73254.0,4105.0,171979.0,0.0,148016914.3597718,0.1049119110425129,5,2.29,0.732,1.58,20.9932,7.191368065819983,1.0,15.681821362194343,2.0,177.13,0.0,0.0,0.0,0.0,0.046,6.42262701125693,4.0,345.0,172.5,21.0,6994177.25862721,0.0049573557393364,1410.8685408893682,6.859604363918474
31115,Loup County,570.0,50000.0,434.0,12198.0,0.0,90305728.77982458,0.0610553827718695,3,18.55,73.42999999999999,5.8,2.8663333333333334,5.969802588332457,0.0,6.070795271152959,6.0,321.46999999999997,0.0,0.0,0.0,0.0,0.056,18.770299749097745,2.0,69.0,69.0,10.0,15393860.428859826,0.0104077344097659,1479.0789063963057,0.3853749773152899
42105,Potter County,15897.0,56491.0,12395.0,182040.0,0.0,96569403.47782172,0.0344769822516652,2,0.3299999999999999,1.115,6.45,0.521,10.525291498391809,0.0,3.3788160682342396,37.0,405.62,0.0,0.0,0.0,0.0,0.058,14.443333544185586,5.0,115.0,115.0,14.0,108500834.57669884,0.0387367135787794,2800.981925222934,5.675509669250984
48465,Val Verde County,47835.0,57250.0,18551.0,802477.0,0.0,737924132.6449312,0.0881358540922188,2,0.8,3.045,5.85,6.917,23.96598181483402,0.0,5.338952187044187,29.0,1355.0,1.0,16549699.227013713,0.0019766556097224,0.0,0.03,34.81295360134521,8.0,138.0,113.85,113.0,587097534.9797151,0.0701214940557734,8372.575953854393,5.713295437825047
20077,Harper County,5370.0,53032.0,3045.0,78627.0,0.0,222067286.5898904,0.1068047275464484,2,0.52,0.615,2.4000000000000004,0.1639999999999999,1.873317086379084,0.0,1.935794660948889,9.0,190.09,0.0,0.0,0.0,0.0,0.065,10.198792938517188,6.0,345.0,207.0,1.0,360579.6839357119,0.0001734231794918,2079.189673446948,2.5827369520826067
49023,Juab County,13567.0,88048.0,3859.0,120122.0,0.0,266877.8731656553,3.0254743130133193e-05,16,55.16,31.244999999999997,2.24375,1.767125,6.875548829942513,5.0,10.245607809885469,24.0,186.72,1.0,8305.0852815337,9.415101330288476e-07,0.0,0.16,55.08626567446374,12.0,69.0,69.0,32.0,658539419.376115,0.0746556495596934,8821.025913779768,1.5380297181540197
40137,Stephens County,44310.0,57065.0,20347.0,796960.0,0.0,277237916.0717687,0.1200858562653565,13,50.239999999999995,95.58769230769232,6.261538461538462,0.4784615384615384,3.31776415405103,0.0,3.450510759800159,32.0,213.77,0.0,0.0,0.0,0.0,0.22,6.995078488550575,43.0,345.0,109.11627906976744,2.0,21290632.77371039,0.0092220570089713,2308.664189887189,19.19291692316897
36017,Chenango County,45715.0,61741.0,24384.0,344630.0,0.0,125531532.00766753,0.0539354352921915,20,4.930000000000001,1.303,4.995,0.0992,5.500892838514472,0.0,0.9765186060872132,40.0,602.2,0.0,0.0,0.0,0.0,0.073,2.3151018545418065,4.0,115.0,115.0,36.0,5034750.181776491,0.0021632130055177,2327.440787816193,19.64174566300945
17143,Peoria County,178553.0,63409.0,84963.0,1899186.0,0.0,1474508.87704276,0.0009033141159719,5,60.78,99.93,3.6,259.81059999999997,15.487943995264269,0.0,2.6057845793885477,22.0,479.69,1.0,1463650.9850691557,0.0008966623505996,0.0,0.09,5.054773562431806,38.0,345.0,145.26315789473685,107.0,54100894.17745248,0.033143307845391,1632.3323679647733,109.38519844621084
19091,Humboldt County,9409.0,66617.0,4571.0,168753.0,0.0,66416737.04522894,0.058859661767614,1,0.14,0.29,2.0,31.431,14.122339645977622,0.0,4.516075990797583,7.0,295.71,0.0,0.0,0.0,0.0,0.031,11.46906010352557,2.0,345.0,207.0,22.0,3249231.65311725,0.0028795253047183,1128.3914219448343,8.338418581544298
48391,Refugio County,6657.0,54304.0,3311.0,114608.0,0.0,390874580.6263685,0.1844414068791748,23,9.25,0.5404347826086956,1.2869565217391306,0.5945652173913044,7.563058242374499,20.0,5.944019196401151,18.0,641.76,0.0,0.0,0.0,0.0,0.029,8.959147212589825,2.0,345.0,345.0,11.0,38316652.61849608,0.0180804218696724,2119.234434610583,3.141228686774924
39017,Butler County,400128.0,77062.0,154056.0,5163171.0,2.0,90929640.88934287,0.0746875831759859,16,5.86,2.04625,2.74375,42.6014375,3.888813334325518,0.0,2.643871556242527,11.0,282.78,0.0,0.0,0.0,0.0,0.1,1.5431639046776209,86.0,345.0,123.55813953488372,9.0,2131380.6573301107,0.0017506686331001,1217.4666393352936,328.6562334212787
13273,Terrell County,8656.0,43507.0,4245.0,124770.0,0.0,71641627.3626641,0.0819091792452167,5,1.21,0.4599999999999999,1.88,0.7844,8.128154830986704,1.0,1.4608956084619098,7.0,231.86,0.0,0.0,0.0,0.0,0.064,1.6246202678599273,4.0,115.0,115.0,2.0,5924038.305965619,0.0067730610495858,874.6471148858036,9.896562685318123
13063,Clayton County,297471.0,56207.0,113826.0,4065296.0,0.0,33551837.221083544,0.0897291922843069,7,4.89,4.074285714285715,4.228571428571429,0.9284285714285716,4.503992013847224,20.0,1.606317370756214,4.0,203.84,2.0,5213796.817655876,0.0139434920985123,0.0,0.11,0.8824435034764366,54.0,500.0,145.55555555555554,23.0,17011427.14623512,0.0454761945601313,374.0732334967359,795.2212918826646
18115,Ohio County,5994.0,66333.0,2736.0,87879.0,0.0,23292622.295292772,0.1028388227970939,2,0.41,0.955,4.55,0.7955,7.51991114224286,0.0,0.635713153285006,7.0,91.27,0.0,0.0,0.0,0.0,0.11,9.097216393713447,0.0,0.0,0.0,0.0,0.0,0.0,226.49639174935183,26.46399774276825
13073,Columbia County,169189.0,92571.0,59195.0,2226438.0,0.0,61843173.094719656,0.0776003516408971,6,171.32,852.7433333333333,9.85,46.37116666666666,4.257137035294871,13.0,2.534641347280852,14.0,293.97,1.0,9400360.140410278,0.0117955016850387,0.0,0.2,7.0333139500277015,15.0,230.0,161.0,6.0,9182972.75073765,0.0115227258909114,796.9444763049295,212.29709851864808
8115,Sedgwick County,2247.0,45855.0,1231.0,24062.0,0.0,75141159.39263329,0.0528066111786563,2,5.74,23.965,5.35,0.005,24.271944263068978,3.0,7.790692330609179,13.0,61.400000000000006,0.0,0.0,0.0,0.0,0.04,30.826960465491354,0.0,0.0,0.0,10.0,8077478.815531904,0.0056765730946561,1422.9498468250245,1.5791139828389935
30065,Musselshell County,5582.0,54875.0,2677.0,66419.0,0.0,82714112.71184365,0.0170625578979337,7,8.89,2.585714285714286,2.257142857142857,0.0471428571428571,20.37177927039481,0.0,2.4416583520290396,10.0,294.86,0.0,0.0,0.0,0.0,0.046,84.28323935092385,0.0,0.0,0.0,27.0,126206730.0017848,0.0260343678625473,4847.697115908987,1.1514745798951025
42043,Dauphin County,293351.0,71046.0,126567.0,3190509.0,0.0,164855086.4508652,0.1140506514557055,2,2.4000000000000004,19.255,9.9,0.4805,5.917286567001839,0.0,0.0877202726243921,36.0,662.99,1.0,24406630.412117165,0.0168850847023773,1.0,0.076,10.167721459075398,86.0,230.0,99.48837209302326,170.0,51704072.24362906,0.0357701011851399,1445.455017753998,202.94716639181183
46101,Moody County,6632.0,71469.0,2739.0,95101.0,0.0,175504879.17101598,0.1301119194061436,5,4.45,2.88,2.78,0.3336,9.36311198754346,0.0,1.516014696074515,13.0,246.7,0.0,0.0,0.0,0.0,0.044,3.796765055205926,11.0,345.0,106.63636363636364,133.0,44479268.10022088,0.0329750544465545,1348.876259546817,4.916685243039386
54079,Putnam County,56885.0,75725.0,24805.0,1078645.0,0.0,53858942.09280964,0.0593467794443918,1,0.6,3.5,5.8,0.009,7.013386214632858,0.0,2.0477334407433667,8.0,249.97,0.0,0.0,0.0,0.0,0.1,1.776890984182368,18.0,765.0,146.0,0.0,0.0,0.0,907.5293124768835,62.68117097479313
20039,Decatur County,2716.0,49412.0,1646.0,39733.0,0.0,6655.365821245352,2.8738563653516145e-06,0,0.0,0.0,0.0,0.0,37.47294526883261,1.0,5.43709077925618,6.0,87.0,0.0,0.0,0.0,0.0,0.044,8.508359225703538,7.0,345.0,113.35714285714286,0.0,0.0,0.0,2315.8310566042787,1.1727971227670175
18123,Perry County,19389.0,58936.0,8533.0,283760.0,0.0,112570150.7685988,0.1125094167972726,8,3.0700000000000003,2.1437500000000003,5.325,0.395,1.9566297505390435,0.0,3.979651516730935,18.0,141.17000000000002,0.0,0.0,0.0,0.0,0.2,4.397773792922569,19.0,161.0,82.3157894736842,14.0,2540202.499191011,0.0025388320063499,1000.5398123379804,19.378539225434075
28145,Union County,28459.0,55970.0,12132.0,469996.0,0.0,163919580.10805607,0.1518073480533305,10,1.99,0.6559999999999999,3.28,0.3186,8.2586486681122,0.0,0.977684102651174,14.0,202.37,0.0,0.0,0.0,0.0,0.27,1.2079176793254274,13.0,500.0,187.07692307692307,6.0,7534475.147740807,0.0069777429297846,1079.7868628234685,26.35612728755035
31015,Boyd County,1674.0,57120.0,1210.0,33237.0,0.0,145372651.1749146,0.1030779344495029,0,0.0,0.0,0.0,0.0,31.390803759571764,0.0,2.2972466310434214,22.0,538.88,0.0,0.0,0.0,0.0,0.096,12.526275210627494,2.0,115.0,115.0,6.0,2244331.3423039783,0.0015913656187409,1410.3178527130028,1.1869664677219796
18103,Miami County,34487.0,59551.0,14901.0,534893.0,0.0,51055931.73341304,0.0522347876993859,1,10.74,454.4,42.3,24.524,9.440247032498032,0.0,1.0905830862650014,12.0,424.05999999999995,1.0,10465016.754483793,0.0107066487650295,0.0,0.08,10.969637349079193,2.0,345.0,287.5,14.0,1314605.4403956663,0.0013449590234896,977.4315926627808,35.283287606908985
20053,Ellsworth County,6257.0,59844.0,3102.0,91122.0,0.0,163277189.3578366,0.0871601520318007,6,14.3,89.80333333333334,8.933333333333334,8.546999999999999,4.1272158305117035,0.0,1.0040475792321042,10.0,303.61999999999995,0.0,0.0,0.0,0.0,0.053,10.732371956361494,4.0,230.0,143.75,2.0,2858148.0367205716,0.0015257282310935,1873.3008791952288,3.3400934518794503
20083,Hodgeman County,1619.0,63125.0,851.0,26342.0,0.0,14729.776768095397,6.610630069237273e-06,0,0.0,0.0,0.0,0.0,31.394303811428543,0.0,1.0215872837570048,4.0,96.42,0.0,0.0,0.0,0.0,0.05,13.965207978935936,5.0,115.0,96.6,1.0,1027210.3340519244,0.0004610054607295,2228.195588890228,0.7265968966424339
20119,Meade County,3852.0,74063.0,1912.0,58191.0,0.0,545.2668588613474,2.149698328850284e-07,1,0.18,0.51,2.8,0.088,9.781828534809268,0.0,0.143088809702524,14.0,109.83,0.0,0.0,0.0,0.0,0.055,11.7729625252382,6.0,115.0,61.333333333333336,7.0,7748014.02223501,0.0030546314377373,2536.4808096043935,1.518639520320591
48445,Terry County,11720.0,42694.0,4789.0,200539.0,0.0,0.0,0.0,3,3.2699999999999996,2.5833333333333335,2.5,0.042,17.440826731524474,0.0,61.48161012618788,0.0,0.0,0.0,0.0,0.0,0.0,0.036,0.9401496643433463,14.0,115.0,75.57142857142857,3.0,4230178.064667814,0.0018332083147306,2307.5272082700126,5.079030036134074
35021,Harding County,617.0,39489.0,457.0,7844.0,0.0,31755.027629660923,5.767217476899269e-06,1,22.68,497.1,21.9,6.946,52.468008482312825,0.0,13.60770854807778,8.0,232.02,0.0,0.0,0.0,0.0,0.066,30.093909213531308,2.0,115.0,92.0,0.0,0.0,0.0,5506.126265717647,0.1120570016422576
1121,Talladega County,81603.0,52457.0,38088.0,1408134.0,0.0,257969809.24092507,0.1310009382099201,10,89.74000000000001,113.434,5.25,80.9399,10.67209222748619,1.0,0.7846804783218082,30.0,330.37,0.0,0.0,0.0,0.0,0.15,1.901597062958124,53.0,230.0,123.67924528301889,6.0,1955499.080424275,0.0009930317550216,1969.2210954338184,41.439227006667274
48155,Foard County,1044.0,41944.0,661.0,18261.0,0.0,0.0,0.0,0,0.0,0.0,0.0,0.0,20.54527040550114,0.0,6.422223007410979,10.0,238.71,0.0,0.0,0.0,0.0,0.064,5.120072174181447,4.0,138.0,86.25,0.0,0.0,0.0,1832.8935386487417,0.569591183549954
19021,Buena Vista County,20449.0,62662.0,8197.0,363446.0,0.0,136878124.98847786,0.0910832733338489,4,12.89,8.815,2.175,0.227,11.602641627900432,0.0,4.031479800757626,12.0,300.90000000000003,0.0,0.0,0.0,0.0,0.032,7.600054532018332,36.0,161.0,71.55555555555556,42.0,10568176.762219856,0.0070324175813682,1502.7800382928308,13.607447183840833
19129,Mills County,14793.0,81907.0,6121.0,257076.0,0.0,157273509.83789238,0.137806859915944,5,1.21,0.58,2.4,3.1836,14.627153646235229,12.0,0.831640724326192,14.0,311.88,0.0,0.0,0.0,0.0,0.043,4.198659474673128,7.0,161.0,82.14285714285714,22.0,28973242.04073217,0.0253871343507054,1141.2568917975173,12.962024682015754
48385,Real County,2745.0,46842.0,1817.0,47913.0,0.0,80180.3819728455,4.42213663591525e-05,0,0.0,0.0,0.0,0.0,63.44063181588866,0.0,3.818543942720297,9.0,213.66,0.0,0.0,0.0,0.0,0.022,47.02719843133588,0.0,0.0,0.0,22.0,44334212.88061386,0.0244513611325362,1813.1593018607289,1.5139320616688137
39041,Delaware County,242032.0,123995.0,82131.0,3008096.0,1.0,98944898.27025212,0.0835365327110829,7,27.56,78.58285714285715,14.271428571428572,7.328857142857143,2.5003334525093046,0.0,3.985611054948083,33.0,589.74,0.0,0.0,0.0,0.0,0.079,1.2603245022993412,43.0,765.0,200.72093023255815,16.0,3130668.436895361,0.0026431588381914,1184.442036422405,204.3426293202622
37067,Forsyth County,401718.0,61229.0,171040.0,5053757.0,0.0,75917325.23889343,0.0710517867305946,5,13.86,26.188,5.44,0.8103999999999999,6.96038324442353,32.0,0.800746234626968,22.0,333.84,0.0,0.0,0.0,0.0,0.1,1.816566161791544,100.0,230.0,105.2,24.0,1322345.276100462,0.0012381603916595,1067.9919055786386,376.1433002456596
19049,Dallas County,118457.0,99533.0,41753.0,1894416.0,9.0,143816213.19164905,0.093859392702449,0,0.0,0.0,0.0,0.0,22.471759320541683,0.0,0.5726628103155726,13.0,488.7999999999999,1.0,13835022.496387416,0.0090292101336669,0.0,0.039,11.08929333571439,11.0,345.0,194.45454545454547,42.0,28857044.49618622,0.0188330980061035,1532.2515969934373,77.30910526210883
48065,Carson County,5805.0,83199.0,2779.0,98380.0,0.0,8620.069997261102,3.6015642235673104e-06,6,3.23,0.8783333333333333,1.8333333333333333,0.0026666666666666,5.936619044317606,6.0,10.81777762622412,5.0,21.15,0.0,0.0,0.0,0.0,0.12,4.729359890940166,21.0,345.0,137.71428571428572,0.0,0.0,0.0,2393.423923810402,2.4253956611072343
13261,Sumter County,28801.0,38899.0,13493.0,406990.0,0.0,87245699.64805841,0.0683819941417674,11,29.38,16.834545454545456,3.2636363636363637,11.40981818181818,1.5168745540401314,39.0,3.3142138886213117,16.0,425.14,0.0,0.0,0.0,0.0,0.072,1.1560310483109866,20.0,500.0,140.0,3.0,2794737.0982345412,0.0021904769707867,1275.8577860011414,22.57383253526207
26143,Roscommon County,23914.0,49898.0,23182.0,230853.0,0.0,137604268.4552193,0.0915988114417219,34,146.46,16.06235294117647,2.6,0.5654117647058824,1.5229349486458452,0.0,4.356754449836039,31.0,267.22,1.0,2715.396531083933,1.8075536292045075e-06,0.0,0.029,3.479507218813251,4.0,138.0,138.0,28.0,107938628.84457602,0.0718513329695864,1502.249497448638,15.918793809293732
37005,Alleghany County,11479.0,42115.0,7726.0,141682.0,0.0,7114991.558039583,0.0116275602709522,1,0.17,0.81,4.8,0.021,16.031929965674685,4.0,0.9024544869080052,19.0,278.07,0.0,0.0,0.0,0.0,0.15,9.167206871559731,1.0,500.0,500.0,52.0,23966887.097673077,0.0391674989298351,611.9075190531697,18.75937072608936
51610,Falls Church city,15159.0,164536.0,6127.0,232492.0,0.0,212721.86182063408,0.0401339975038101,0,0.0,0.0,0.0,0.0,3.898642634542172,0.0,3.2743375940486756,0.0,0.0,0.0,0.0,0.0,0.0,0.081,0.8225851612605124,2.0,230.0,230.0,0.0,0.0,0.0,5.3002909017582684,2860.0317003301266
39119,Muskingum County,87014.0,56810.0,38348.0,1144679.0,0.0,121286924.36898136,0.0696255052488134,7,5.99,48.777142857142856,12.714285714285714,4.026285714285714,11.899179719681888,0.0,3.798691619154762,26.0,373.5,0.0,0.0,0.0,0.0,0.07,1.7942558612474666,37.0,765.0,160.54054054054055,63.0,130436792.46798626,0.0748780433783968,1741.9898622193289,49.950922153555176
8025,Crowley County,5677.0,40685.0,1525.0,58887.0,0.0,1270.0725583664523,6.127176964218842e-07,10,24.85,7.164,1.88,0.0048,7.1160676991902685,9.0,5.891894250128509,6.0,172.47,0.0,0.0,0.0,0.0,0.07,119.46103058286646,0.0,0.0,0.0,3.0,18616597.96695921,0.00898115540438,2072.8511119939144,2.7387398772404774
31041,Custer County,10500.0,62288.0,5341.0,194889.0,0.0,13805.92900506984,2.069329983113084e-06,1,0.12,0.34,2.8,0.052,8.918879494085004,0.0,2.6555168349562663,22.0,494.36,0.0,0.0,0.0,0.0,0.049,6.515123198662371,36.0,115.0,76.66666666666667,28.0,17289269.455591705,0.0025914376104236,6671.690410777457,1.5738140341521674
26017,Bay County,102123.0,57887.0,48598.0,1011872.0,0.0,221821439.96623555,0.1357913271443963,7,59401.920000000006,507143.44428571424,9.757142857142856,1323.0111428571429,0.0,0.0,4.277768028104157,14.0,96.71,0.0,0.0,0.0,0.0,0.034,6.54243543182518,23.0,345.0,192.0,34.0,23192684.62610767,0.0141977503432487,1633.546446823938,62.51612875688664
18083,Knox County,35652.0,58173.0,16938.0,538775.0,0.0,1214759.1435029055,0.0008952435704561,8,1.65,0.3825,1.8125,0.8436250000000001,7.2955643818790925,0.0,3.634523375866359,17.0,578.48,0.0,0.0,0.0,0.0,0.3,4.5673874243289845,28.0,765.0,162.03571428571428,44.0,12999358.15085633,0.0095801640374769,1356.9035039487517,26.2745286575268
31047,Dawson County,24452.0,67462.0,9856.0,440788.0,0.0,276946308.8779102,0.1048912209189561,9,12.93,25.513333333333332,40.71111111111111,11.523666666666667,15.188979485306827,36.0,0.7799774278011599,19.0,173.05,0.0,0.0,0.0,0.0,0.044,7.381649499403755,39.0,230.0,95.53846153846152,29.0,9264944.799168268,0.0035090244578985,2640.3192426640608,9.261001323206708
20057,Ford County,33993.0,67997.0,12568.0,489920.0,0.0,329454376.6255496,0.1157358668493484,3,0.66,0.4266666666666667,1.8333333333333333,7.210999999999999,6.7858212430345635,0.0,2.007156098199411,6.0,410.38,0.0,0.0,0.0,0.0,0.051,3.7003784309850145,33.0,345.0,130.6818181818182,8.0,6165973.535760207,0.0021660792620291,2846.60568237191,11.941590719960772
38105,Williams County,41767.0,86139.0,20185.0,1490095.0,0.0,12957164.610239394,0.0023292538853843,32,1152.9,946.716875,3.396875,50.27909375,9.821817477904377,10.0,8.857609247587337,24.0,187.62,0.0,0.0,0.0,0.0,0.043,9.095277063569798,51.0,230.0,111.84313725490196,167.0,408807700.00774014,0.073489606118422,5562.796177584361,7.508274376167648
38017,Cass County,201794.0,73249.0,85944.0,7467289.0,0.0,382409031.78699315,0.0835207924164121,14,9.65,1.31,2.107142857142857,1.2905714285714287,22.054174683410515,109.0,1.5345373081771976,14.0,826.62,1.0,1043293.642328666,0.0002278625881902,0.0,0.03,3.545853399950235,80.0,345.0,84.545,67.0,75377556.4871052,0.0164629828744473,4578.608692116219,44.07321384495329
31005,Arthur County,396.0,66667.0,234.0,8658.0,0.0,0.0,0.0,14,7.75,1.45,2.6999999999999997,0.0001428571428571,5.54220167275161,5.0,29.01011772245265,0.0,0.0,0.0,0.0,0.0,0.0,0.048,19.59870368921616,1.0,115.0,115.0,1.0,5271981.091675495,0.0028345819699642,1859.8795686765409,0.212917011762104
48163,Frio County,18823.0,56042.0,6335.0,309587.0,0.0,1584247.3004816785,0.0005392361296808,3,0.61,0.4766666666666667,1.9666666666666668,0.4523333333333333,20.213956162397466,1.0,14.742238026778567,5.0,63.17,0.0,0.0,0.0,0.0,0.027,6.498577938020196,15.0,345.0,142.6,0.0,0.0,0.0,2937.947242925292,6.406854325014387
37077,Granville County,61421.0,68079.0,24344.0,790276.0,0.0,85449894.8286954,0.061370816070368,8,223.54,678.125,9.85,38.03,1.7383028604797472,21.0,3.706452349378817,30.0,298.37,1.0,10812617.979172174,0.0077657110119238,0.0,0.073,3.8654152309353447,8.0,500.0,249.375,62.0,70716852.50315854,0.0507894241034136,1392.3538955505842,44.113066510085815
39013,Belmont County,64434.0,56943.0,31636.0,870795.0,0.0,56295647.46557021,0.0401534267782222,6,9.95,15.093333333333334,5.849999999999999,203.544,2.6355869709272555,0.0,0.51043060153543,19.0,388.1,0.0,0.0,0.0,0.0,0.059,0.3523940029853566,36.0,345.0,155.25,13.0,79123539.41557424,0.0564404158694509,1401.8950462482503,45.96207124951199
51195,Wise County,34824.0,47541.0,16723.0,585979.0,0.0,24448648.557071555,0.0232810505847826,2,0.28,0.7,4.9,0.1045,8.81615217774132,0.0,0.0015580157476378,23.0,357.36,0.0,0.0,0.0,0.0,0.17,3.306993139173884,17.0,161.0,119.05882352941175,7.0,2632615.9381457125,0.0025068896828061,1050.15228879113,33.16090472943426
31035,Clay County,6170.0,73933.0,2834.0,111962.0,0.0,160870553.8268077,0.1082969507292848,17,9.07,1.0,1.8294117647058823,0.0540588235294117,4.637456681425975,2.0,17.358581555590906,5.0,169.75,1.0,7956605.636959524,0.00535633220711,0.0,0.045,7.262748744976242,20.0,69.0,69.0,45.0,15143400.255868532,0.0101944331770046,1485.457797695624,4.153601677254958
24017,Charles County,176593.0,116882.0,62362.0,1644270.0,0.0,170179113.28606915,0.1021975982750758,4,0.65,0.5925,3.375,0.17175,13.650841575859836,0.0,3.3981386600075583,11.0,109.16,7.0,18164219.36233537,0.0109081517556847,0.0,0.085,2.5362465730681714,54.0,500.0,120.74074074074076,52.0,38002367.22515376,0.0228215471580793,1665.196796778078,106.04932722767823
19033,Cerro Gordo County,42372.0,63149.0,22651.0,757391.0,0.0,137271827.8749457,0.0921565952653303,10,16.43,9.308,2.63,0.2377,5.728152753521203,99.0,5.025123041866882,10.0,280.02,0.0,0.0,0.0,0.0,0.031,2.442169512058869,26.0,161.0,129.15384615384616,67.0,38112956.99290597,0.0255868986969563,1489.5496888585349,28.446180961220787
19073,Greene County,8658.0,56884.0,4325.0,154881.0,0.0,91356752.73161905,0.0617462164801947,3,0.54,0.3899999999999999,2.1,0.6066666666666666,7.835476288486559,0.0,1.9771776641788237,11.0,295.77,0.0,0.0,0.0,0.0,0.035,7.480368794341393,4.0,161.0,161.0,46.0,19372791.80215735,0.0130936855661101,1479.5522394625957,5.8517703999047495
21205,Rowan County,24476.0,50038.0,10539.0,408771.0,0.0,55893082.27207683,0.0753859090982296,1,27.85,757.5,27.2,25.06,11.243508925623011,0.0,0.7062769472814328,11.0,272.14,0.0,0.0,0.0,0.0,0.13,0.6180851739470486,17.0,138.0,101.47058823529412,3.0,1084927.7797942832,0.0014632985632745,741.4261224766398,33.01205508950916
53071,Walla Walla County,62361.0,66635.0,25032.0,724640.0,0.0,42.79230492052,1.2719515418193545e-08,7,2.19,1.1528571428571428,3.457142857142857,2.1085714285714285,24.50536878877503,10.0,6.255195513761132,20.0,762.75,0.0,0.0,0.0,0.0,0.17,20.564766726884923,6.0,500.0,500.0,31.0,58174141.49722125,0.0172915876134369,3364.303081806985,18.53608265474868
5025,Cleveland County,7224.0,48913.0,3604.0,128588.0,0.0,1835936.5562867671,0.0011836025778192,1,0.22,0.59,2.7,0.078,15.641672423016209,0.0,2.575496961309568,27.0,222.11,0.0,0.0,0.0,0.0,0.17,8.004642080111742,4.0,115.0,115.0,3.0,3077117.8664445477,0.0019837747805096,1551.1427490039864,4.657211597474602
48113,Dallas County,2661397.0,70732.0,1040669.0,43693647.0,25.0,468985052.3114197,0.1992818999270241,17,122.86,99.26941176470588,6.135294117647058,20.200764705882353,3.998414624108965,19.0,1.684196517540176,35.0,392.47,1.0,301945.0251722161,0.0001283029768076,0.0,0.058,1.671314973581088,130.0,345.0,145.43076923076924,47.0,18797091.341629177,0.007986784041656,2353.5244278035752,1130.8134169160703
25025,Suffolk County,791891.0,87669.0,350419.0,5471625.0,0.0,47063506.19651726,0.1511467426253091,5,1.45,5.066000000000001,16.38,1.6764,6.79079861484448,302.0,6.881635011942578,3.0,89.81,0.0,0.0,0.0,0.0,0.15,5.1999361048527355,14.0,345.0,147.85714285714286,5.0,34725.35983904025,0.0001115229306803,311.3741687668395,2543.213533531669
16051,Jefferson County,35297.0,77491.0,10241.0,418767.0,0.0,75231329.28024665,0.0262698858292429,11,21.59,2.2781818181818183,1.4454545454545455,6.808454545454547,8.014981815703253,3.0,7.343750368316765,7.0,195.75,0.0,0.0,0.0,0.0,0.13,51.349567577573744,0.0,0.0,0.0,30.0,149383746.45032847,0.0521630283758003,2863.7859246613543,12.32529278674135
48177,Gonzales County,20159.0,64255.0,8947.0,331292.0,0.0,542604552.0074055,0.1958218530426027,3,0.52,0.3466666666666667,2.0,31.770333333333337,1.0358186617919822,0.0,1.1563433157977596,17.0,402.1,0.0,0.0,0.0,0.0,0.031,7.457831263256478,5.0,138.0,96.6,1.0,412104.61815666046,0.000148725420061,2770.9090886238155,7.275229664792813
47115,Marion County,29804.0,58139.0,13663.0,426025.0,0.0,128568841.22621204,0.0968898641384256,4,41.79,82.9125,6.6,345.3215,9.371391747151,2.0,2.1986721026339495,14.0,227.14,0.0,0.0,0.0,0.0,0.25,8.841030676438834,10.0,500.0,194.9,39.0,112540411.89130723,0.0848108546177768,1326.9576447319264,22.460400389057664
26007,Alpena County,28853.0,49133.0,15685.0,284536.0,0.0,129254680.2316581,0.0294440907123182,15,59467.630000000005,236682.96866666665,7.506666666666666,614.8775333333334,0.0,0.0,19.911400328211997,36.0,259.43,1.0,2193488.8920916594,0.0004996746407902,0.0,0.028,23.180757321481853,6.0,138.0,138.0,95.0,198306406.61071327,0.0451740069652779,4389.834330240775,6.5726853975415205
21231,Wayne County,19597.0,41583.0,10169.0,327345.0,0.0,105890838.4094113,0.0844441663140543,2,159.62,3755.625,25.3,117.829,6.862259424501311,1.0,4.338225306781546,17.0,189.58,0.0,0.0,0.0,0.0,0.14,5.403408149331414,15.0,161.0,75.13333333333334,88.0,72851225.09032471,0.0580962532747613,1253.974585000876,15.627908439616668
47185,White County,29612.0,48220.0,12020.0,403074.0,0.0,30336321.672155675,0.0308702056774914,4,64.29,661.1700000000001,16.425,37.153,11.715431812878297,0.0,1.030697733258768,16.0,208.16,0.0,0.0,0.0,0.0,0.18,9.005355654930781,4.0,500.0,245.75,13.0,73929868.55476671,0.0752309483200171,982.7055248630364,30.133136784925615
48027,Bell County,402248.0,62858.0,148787.0,6524815.0,0.0,408667819.8086363,0.1447229617357051,7,66.81,509.57428571428574,16.928571428571427,3.1607142857142856,4.839708461102461,8.0,2.4116352592800445,28.0,409.0,1.0,273829287.4302172,0.096972121527542,0.0,0.033,3.846269672605128,30.0,345.0,156.4,8.0,4545294.576028449,0.0016096410388539,2823.7939182170785,142.44948875517667
28069,Kemper County,8600.0,42947.0,3958.0,155864.0,0.0,179762582.15734234,0.0904882143358958,5,2.85,2.6959999999999997,2.68,0.1856,9.22471976130884,4.0,4.3272142689610735,22.0,217.51,3.0,7850518.045600675,0.0039517643273301,0.0,0.14,3.579920278274526,17.0,230.0,173.1764705882353,1.0,1381302.57159517,0.0006953149067652,1986.5855861213593,4.329035738546143
36075,Oswego County,118569.0,65054.0,54570.0,859899.0,0.0,444955251.36805224,0.1309416073210743,38,19577.390000000003,43222.01052631579,6.271052631578947,207.94076315789476,3.687244077262712,63.0,1.399592191357437,46.0,458.34,0.0,0.0,0.0,2.0,0.087,3.455051496253294,84.0,345.0,153.33333333333334,104.0,21011832.81052088,0.006183370468181,3398.1196693042216,34.89253220569406
48019,Bandera County,22876.0,70965.0,11463.0,350091.0,0.0,164649074.5731312,0.0796963332830444,4,19.81,101.425,8.025,1.72475,9.608371291797662,0.0,4.622787799689463,13.0,218.16,0.0,0.0,0.0,0.0,0.023,35.61713572890329,1.0,138.0,138.0,60.0,66633384.189819634,0.032253059280209,2065.955468314503,11.072842735890742
30087,Rosebud County,8253.0,57656.0,3807.0,116803.0,0.0,5646981.250092775,0.000433874350927,17,4.35,0.7023529411764705,2.5470588235294116,0.0386470588235294,29.98849624905134,95.0,3.735201850448297,21.0,1237.59,0.0,0.0,0.0,0.0,0.05,53.33398298481671,0.0,0.0,0.0,4.0,3068430.5925829276,0.0002357566410725,13015.245630508847,0.6341025159490086
35059,Union County,3844.0,41714.0,2091.0,60661.0,0.0,0.0,0.0,2,0.5,0.855,3.4,0.0265,18.06090007663613,0.0,6.651213485559557,24.0,321.12,0.0,0.0,0.0,0.0,0.068,30.148673294923302,4.0,115.0,92.0,1.0,3199887.855259506,0.0003224934522465,9922.334338785451,0.3874088363434976
34007,Camden County,535799.0,82005.0,212477.0,4152183.0,0.0,64993551.395802766,0.1102989341514616,5,1.95,1.002,2.6399999999999997,1.2114,4.79741259711103,208.0,1.965560663058381,6.0,58.010000000000005,0.0,0.0,0.0,0.0,0.12,2.9929676462699057,11.0,230.0,215.36363636363637,66.0,26536410.90524132,0.0450522234334712,589.0144566211659,909.6533947121908
47165,Sumner County,215538.0,81883.0,79481.0,3028302.0,4.0,87525778.50163126,0.062211461981945,3,59.28,224.84333333333336,5.7,336.253,11.682840628646709,2.0,0.3568423861258667,34.0,212.07,0.0,0.0,0.0,0.0,0.18,1.0591393107018945,41.0,500.0,162.53658536585365,92.0,10686476.989385571,0.0075826498393565,1409.3327815190744,152.93619989998282
51097,King and Queen County,6743.0,70147.0,3464.0,107312.0,0.0,84845401.65134121,0.1003907835863232,1,0.22,0.9,4.2,0.427,12.92687023826846,0.0,2.8427822966049474,17.0,161.94,0.0,0.0,0.0,0.0,0.094,12.934720274050626,2.0,230.0,230.0,51.0,51442262.004070215,0.0608701632933871,845.1145720790023,7.978799825226131
5015,Carroll County,29263.0,56826.0,13858.0,474352.0,0.0,81593805.64684771,0.0493246190210158,3,189.68,2226.53,25.200000000000003,61.57333333333333,20.680275373913823,0.0,0.6938750862103925,16.0,251.87,0.0,0.0,0.0,0.0,0.15,2.787404705220465,19.0,161.0,122.26315789473684,5.0,18123235.887147225,0.0109557545266435,1654.2206968103071,17.68990078314541
51820,Waynesboro city,23951.0,52519.0,10288.0,355283.0,0.0,3878463.581254004,0.099101637362779,0,0.0,0.0,0.0,0.0,15.520312880638484,0.0,0.5322202765787762,1.0,45.36,0.0,0.0,0.0,0.0,0.1,1.9801994159991687,1.0,115.0,115.0,0.0,0.0,0.0,39.136220999620846,611.9906160646435
47061,Grundy County,14116.0,47948.0,6216.0,200111.0,0.0,26766942.192564473,0.0286185244493326,4,0.96,0.7175,3.0,0.097,2.5124660391376574,0.0,0.0325401621159961,8.0,160.9,0.0,0.0,0.0,0.0,0.21,5.349516901054444,4.0,161.0,161.0,6.0,1173409.7616133934,0.0012545794632462,935.3012670693302,15.0924632490139
27057,Hubbard County,22369.0,67197.0,14729.0,243460.0,0.0,0.0,0.0,164,581.08,12.289634146341465,4.507317073170732,0.5840548780487804,1.853410486359392,12.0,8.376993553579782,45.0,344.86,0.0,0.0,0.0,0.0,0.024,13.238599373080342,13.0,230.0,113.23076923076924,81.0,27421236.67458744,0.010592703352369,2588.6910793602756,8.641046503520183
39125,Paulding County,18727.0,65331.0,8524.0,250675.0,0.0,86681566.1738214,0.0799050833701252,2,2.15,6.2,3.75,28.626,0.6157337236478939,0.0,1.325126501737348,20.0,301.59,0.0,0.0,0.0,0.0,0.088,11.19893932537904,2.0,138.0,138.0,22.0,4809336.145534064,0.0044333578940329,1084.806654569236,17.262984072895712
18179,Wells County,28883.0,68074.0,11961.0,416401.0,0.0,58705938.69182105,0.0612197635685466,0,0.0,0.0,0.0,0.0,20.220093303328635,0.0,4.15151417771054,7.0,185.57,0.0,0.0,0.0,0.0,0.085,11.803998389638837,2.0,345.0,345.0,7.0,6215886.368439029,0.0064820544960948,958.937690539903,30.11978805811485
51063,Floyd County,15789.0,57146.0,7947.0,249207.0,0.0,9374947.517885674,0.0094813626329762,0,0.0,0.0,0.0,0.0,23.859948144878103,3.0,0.17636859528758,9.0,177.08,0.0,0.0,0.0,0.0,0.14,2.373074035835481,1.0,138.0,138.0,19.0,7862554.665062417,0.0079518025950366,988.776390144554,15.968221083527013
54005,Boone County,20251.0,56182.0,10205.0,414635.0,0.0,32664134.85231851,0.0250215630669624,1,0.32,3.16,10.0,0.017,12.233167173893202,0.0,3.3715289112533915,8.0,245.82,0.0,0.0,0.0,0.0,0.11,12.173207013106689,15.0,765.0,179.8,0.0,0.0,0.0,1305.439414568415,15.51278425793133
21115,Johnson County,22051.0,44231.0,10526.0,377931.0,0.0,28863743.87875662,0.0421917842912105,2,1.44,46.225,41.9,1.5125,3.4536898853485707,0.0,2.444943845007442,8.0,120.19,0.0,0.0,0.0,0.0,0.11,1.4643414171872882,13.0,138.0,74.3076923076923,6.0,24554433.00127681,0.0358926182595919,684.1081590562063,32.233207144351994
50025,Windham County,45204.0,65473.0,29978.0,388589.0,0.0,80731503.50985837,0.0390282446180254,19,22.4,41.49368421052632,12.7,35.20915789473684,7.058273682594853,640.0,1.574864548587784,58.0,449.92,1.0,194134.49594808117,9.385095368295192e-05,0.0,0.11,4.076495755716301,25.0,345.0,123.28,157.0,37772180.22400929,0.0182603051528547,2068.54047113797,21.85308947575574
50019,Orleans County,27600.0,63981.0,16499.0,231715.0,0.0,756462.2778431523,0.0004044626203908,35,38.87,13.636857142857142,6.4228571428571435,2.0033142857142856,8.452168096841381,126.0,2.004689652984294,52.0,230.75,0.0,0.0,0.0,0.0,0.13,3.6195284044859326,19.0,115.0,59.921052631578945,274.0,66579762.68498756,0.035598635983249,1870.2897132439828,14.75707202181437
20085,Jackson County,13438.0,70385.0,5612.0,189089.0,0.0,187780193.88143155,0.1101823882682721,7,2.53,1.124285714285714,2.9857142857142853,0.1352857142857143,3.212152759319972,0.0,5.211064432054794,13.0,291.33,0.0,0.0,0.0,0.0,0.061,6.286133242823022,2.0,161.0,138.0,2.0,599313.6876413473,0.0003516548367607,1704.266869075153,7.884915352072966
53019,Ferry County,7517.0,50424.0,4100.0,83901.0,0.0,23908062.066772707,0.0040891803191102,8,280.23999999999995,807.3212500000001,8.6875,396.014,19.161167906501117,58.0,0.446106956949128,60.0,729.4399999999999,0.0,0.0,0.0,0.0,0.17,67.09640884857576,0.0,0.0,0.0,15.0,31604627.248074517,0.0054055832452959,5846.663683438344,1.285690507783638
30109,Wibaux County,885.0,58750.0,599.0,14048.0,0.0,0.0,0.0,1,0.28,0.84,3.0,0.13,19.43443971595422,0.0,4.126141968183907,8.0,665.49,0.0,0.0,0.0,0.0,0.034,19.155387526603672,0.0,0.0,0.0,10.0,23915321.98849574,0.0103720967238963,2305.7364991011964,0.3838252984870489
35027,Lincoln County,19844.0,47919.0,17698.0,295564.0,0.0,200109411.72517163,0.015992010973355,1,0.16,1.16,7.3,0.0,40.80144575670057,6.0,23.236802005323284,11.0,121.76,1.0,733361837.4213136,0.0586075909692268,0.0,0.082,30.16284368690972,4.0,115.0,80.5,5.0,552963364.0099928,0.0441908059639695,12513.086194011628,1.5858597705094302
40021,Cherokee County,49196.0,52410.0,22138.0,877133.0,0.0,216232168.00917903,0.107584063852487,3,116.66,1035.05,20.2,107.23466666666668,11.846133672223038,8.0,1.813325633615452,31.0,282.37,1.0,56106.839559463355,2.7915373856263218e-05,0.0,0.096,0.4724186505419505,36.0,345.0,94.55555555555556,22.0,109120457.80004168,0.0542917476509507,2009.8903152205137,24.476957586913144
27173,Yellow Medicine County,9477.0,70605.0,4526.0,110331.0,0.0,162665601.76085767,0.0822893722754476,21,12.27,1.2052380952380952,2.0095238095238095,0.0514761904761904,4.9671770963487285,207.0,0.3108873627431631,31.0,463.28,0.0,0.0,0.0,0.0,0.036,9.626783089759378,15.0,345.0,142.6,348.0,82572312.41388871,0.0417717319353442,1976.7509889629823,4.79423055959704
48335,Mitchell County,8947.0,49869.0,3706.0,149569.0,0.0,575.3456598935229,2.4253665105243396e-07,4,8.65,65.4575,34.25,0.6685000000000001,1.4238060690819414,0.0,0.4529363151964161,15.0,208.96,0.0,0.0,0.0,0.0,0.035,3.150884230886687,25.0,345.0,193.2,0.0,0.0,0.0,2372.2008909738574,3.771603001264786
40113,Osage County,46794.0,58189.0,19775.0,855495.0,0.0,655183386.0695922,0.109793606835114,27,197.83,162.43296296296296,7.440740740740741,16.619740740740742,1.7538299082635027,7.0,0.0829535681450527,56.0,922.34,0.0,0.0,0.0,0.0,0.069,4.707521519628234,59.0,345.0,120.45762711864408,44.0,382953296.169947,0.0641741308130904,5967.409161883505,7.841594020214683
26107,Mecosta County,42320.0,54132.0,20986.0,394146.0,0.0,20259178.756461818,0.01369317426971,40,24.01,2.15925,3.3274999999999997,0.2633,1.2781316921928016,0.0,6.945684742862238,18.0,271.56,0.0,0.0,0.0,0.0,0.036,5.2346862148723,8.0,138.0,77.625,42.0,57310632.284998365,0.0387362432021312,1479.5093056893352,28.604078282753484
21195,Pike County,54721.0,41271.0,28918.0,976812.0,0.0,57719149.96633708,0.0282607459972311,1,2.71,202.7,74.9,12.349,3.703591769940658,0.0,4.008098690703194,28.0,351.31,0.0,0.0,0.0,0.0,0.12,6.390527335729686,55.0,138.0,74.01818181818182,21.0,53267919.98397392,0.0260813119622498,2042.3788519946424,26.792776446229844
29047,Clay County,265032.0,82264.0,105571.0,3297672.0,2.0,159521255.75819644,0.1507171554356204,5,25.77,61.49000000000001,4.76,1.0084,11.47818396599952,16.0,0.7763783221024201,12.0,258.74,0.0,0.0,0.0,0.0,0.065,3.983277022763249,34.0,345.0,136.64705882352942,11.0,12700716.976882027,0.0119997546762679,1058.4147192609184,250.4046808656152
18011,Boone County,80689.0,103038.0,28372.0,1098886.0,0.0,69822772.57135463,0.0636989581138278,0,0.0,0.0,0.0,0.0,22.43355953731752,0.0,0.3201243167516533,14.0,303.86,0.0,0.0,0.0,0.0,0.11,1.1708576599684823,27.0,345.0,102.22222222222224,4.0,175747.04573386055,0.0001603331304752,1096.136807239198,73.61216179139957
19057,Des Moines County,38077.0,58084.0,18791.0,685203.0,0.0,166144715.685471,0.1492615609769441,5,1.61,1.186,3.12,0.2533999999999999,13.671949159232534,36.0,3.909828328257405,19.0,288.68,1.0,86918055.80918106,0.0780856895365828,0.0,0.07,9.87145235628642,4.0,161.0,92.0,52.0,20364764.975732688,0.0182953553272249,1113.1112028979433,34.207723272273206
19163,Scott County,175259.0,72792.0,77613.0,3050329.0,1.0,177197851.57126305,0.1461232856081289,1,0.28,1.01,3.6,0.063,12.990479894974944,0.0,3.836872695980388,16.0,326.72999999999996,0.0,0.0,0.0,0.0,0.062,4.588766617252601,24.0,345.0,176.33333333333334,40.0,28702062.377869803,0.0236686822341373,1212.659923097569,144.52444305434418
20143,Ottawa County,5744.0,74551.0,2680.0,82227.0,0.0,358334248.9382963,0.1918019962946441,1,0.35,1.08,3.1,0.188,7.13516556686624,2.0,2.0535690735255305,12.0,336.3,0.0,0.0,0.0,0.0,0.05,32.25645390278644,0.0,0.0,0.0,6.0,9155978.224769888,0.0049008290744466,1868.250878715599,3.0745335465593007
28047,Harrison County,217136.0,55211.0,92309.0,3571188.0,0.0,390087375.8587948,0.1529555786876635,12,2.57,0.505,2.283333333333333,1.7800833333333337,1.6115891338061203,32.0,0.2473744772125657,17.0,350.99,5.0,21013563.874489143,0.0082395432962591,0.0,0.061,1.674969067619558,56.0,230.0,121.16071428571428,91.0,122046287.06501454,0.0478550745806942,2550.331143235752,85.14031621968395
27017,Carlton County,36711.0,74660.0,15739.0,414716.0,0.0,47681518.586326934,0.0210361408707833,49,32.53,2.4010204081632653,3.2387755102040816,6.116959183673469,2.7916138182828587,0.0,2.9837930656842637,72.0,483.36,0.0,0.0,0.0,0.0,0.02,1.9895707864576229,19.0,230.0,99.26315789473684,56.0,31718045.633601163,0.0139933729939775,2266.647622932073,16.196165486239835
48315,Marion County,9896.0,48040.0,5602.0,163765.0,0.0,468537.4988179932,0.0004303918789947,6,134.54,571.1566666666666,11.633333333333333,45.415,13.316038045216562,21.0,1.1125181833536684,33.0,266.82,0.0,0.0,0.0,0.0,0.073,7.087873300168524,10.0,345.0,156.4,7.0,6046127.920931181,0.0055538870700781,1088.6299711610966,9.09032477715569
36095,Schoharie County,30176.0,71479.0,16517.0,217623.0,0.0,65663267.03611915,0.0404783962728208,11,7.59,15.31909090909091,9.818181818181818,3.506,8.091945880959939,35.0,1.940777315528351,26.0,331.0,0.0,0.0,0.0,0.0,0.11,16.351854364225705,1.0,345.0,345.0,16.0,4920495.20581092,0.0030332598999341,1622.18054770635,18.602121719846014
40117,Pawnee County,16029.0,56279.0,7337.0,290857.0,0.0,837912.1194174573,0.0005437889129642,8,106.36,313.97,8.0875,38.987874999999995,10.280761512678673,7.0,0.8515956381189832,13.0,345.45,0.0,0.0,0.0,0.0,0.078,1.6417912666386798,7.0,345.0,118.28571428571428,4.0,27037875.53454352,0.0175470632361941,1540.8775343541674,10.402513919912709
36007,Broome County,195736.0,58317.0,92596.0,1432962.0,0.0,5843214.357196944,0.0031538827151255,15,6.6499999999999995,15.246666666666666,7.78,14.385933333333332,5.171914102062764,0.0,1.678468815498198,34.0,450.52,0.0,0.0,0.0,0.0,0.066,7.389175501664915,20.0,345.0,138.0,3.0,236689.6737405435,0.0001277535659699,1852.7050258317377,105.64876613973016
39009,Athens County,63197.0,48750.0,26420.0,836553.0,0.0,79439992.52775863,0.0603283493173327,5,3.91,8.580000000000002,7.220000000000001,5.5022,1.4266859482005152,0.0,0.498235787043362,21.0,511.93,0.0,0.0,0.0,0.0,0.088,6.44845960015905,12.0,345.0,172.5,24.0,63288412.398405775,0.0480625101969428,1316.7937367206396,47.99308975860308
39081,Jefferson County,63597.0,53124.0,31246.0,872270.0,0.0,39437778.32495837,0.0370526201256499,3,0.74,1.2766666666666666,5.5,0.309,10.34543797897361,0.0,1.7655910029256938,19.0,361.17,0.0,0.0,0.0,0.0,0.054,3.125151747750159,12.0,765.0,224.75,12.0,29615897.660461232,0.0278247571811299,1064.3721872457506,59.75071573841888
54049,Marion County,55584.0,59974.0,26295.0,1057424.0,0.0,25217043.849463597,0.0312545184932103,2,0.26,0.765,5.65,0.2244999999999999,12.17220915006914,0.0,0.4735404576834457,12.0,232.08,0.0,0.0,0.0,0.0,0.058,4.523965780335911,29.0,500.0,162.9655172413793,4.0,8588977.705517948,0.0106453541556019,806.8287423766166,68.89194333393512
21199,Pulaski County,67384.0,48768.0,31615.0,1090901.0,0.0,98693200.95930456,0.0562732366531535,1,159.47,7510.7,47.1,235.609,9.203897483139864,0.0,0.956839640771054,34.0,351.28,0.0,0.0,0.0,0.0,0.14,0.6453357307273343,55.0,161.0,84.05454545454545,80.0,89333052.88691367,0.0509362345399756,1753.8212962484167,38.42124630607491
27165,Watonwan County,11459.0,65197.0,4879.0,128769.0,0.0,93869105.15777664,0.0824211018492164,23,12.04,1.2447826086956522,2.3043478260869565,0.0959999999999999,1.8324595497668037,134.0,0.1137919222932012,14.0,231.22,0.0,0.0,0.0,0.0,0.029,2.092972064681353,31.0,345.0,77.90322580645162,210.0,21987353.100339603,0.0193058392170983,1138.896520015884,10.061493558554542
46119,Sully County,1479.0,66875.0,889.0,19200.0,0.0,60613.29464635522,2.186794931458397e-05,26,1113.88,1121.2607692307693,3.1153846153846154,37.367576923076925,3.751410427441577,1.0,3.9610607003888343,25.0,87.47,0.0,0.0,0.0,0.0,0.052,19.36503847767925,2.0,230.0,230.0,63.0,108388981.74931183,0.0391043709632081,2771.786863706126,0.5335908108109169
8031,Denver County,740613.0,85853.0,344760.0,6979245.0,3.0,15868103.2536585,0.0395974277764241,4,3.3,7.2825,4.85,0.0087499999999999,5.977633913903236,91.0,0.5145444192922682,5.0,269.43,0.0,0.0,0.0,0.0,0.095,46.72940463869633,0.0,0.0,0.0,7.0,393520.1571590267,0.0009819942622157,400.73569907738073,1848.13332504472
40029,Coal County,5436.0,47117.0,2581.0,98158.0,0.0,229980836.42941836,0.1702917731664283,5,20.15,42.32,4.58,1.2536,4.834359340413617,0.0,3.5619074453667965,25.0,296.8,0.0,0.0,0.0,0.0,0.15,6.900816620407818,18.0,345.0,145.66666666666666,0.0,0.0,0.0,1350.5105511154386,4.025144413355526
30011,Carter County,1383.0,46486.0,784.0,18616.0,0.0,0.0,0.0,17,6.26,0.7994117647058824,2.235294117647059,0.0458235294117647,11.268958741346168,2.0,5.255531504827913,17.0,363.41,0.0,0.0,0.0,0.0,0.05,82.69297798961756,0.0,0.0,0.0,5.0,12912384.62359229,0.0014890943112045,8671.300754044933,0.1594916425145174
48461,Upton County,3131.0,55284.0,1676.0,56111.0,0.0,2311.241589322741,7.187869497502536e-07,13,3.73,0.4138461538461538,1.2692307692307692,0.0185384615384615,17.274399888066178,0.0,40.51037972402336,0.0,0.0,0.0,0.0,0.0,0.0,0.047,23.408830911783983,13.0,345.0,132.69230769230768,0.0,0.0,0.0,3215.475169834114,0.9737285578733076
31105,Kimball County,3391.0,53151.0,1807.0,65721.0,0.0,0.0,0.0,1,0.72,1.76,2.4,3.388,8.501386935899264,0.0,4.176600147262652,3.0,55.74,0.0,0.0,0.0,0.0,0.054,36.57526080017889,0.0,0.0,0.0,0.0,0.0,0.0,2466.965746639663,1.3745630658305634
17093,Kendall County,145470.0,106358.0,45078.0,1461299.0,0.0,51260934.43354115,0.0614235597841248,2,0.25,0.23,1.75,0.3345,16.248892759017536,0.0,1.3266429936014092,11.0,243.13,0.0,0.0,0.0,0.0,0.091,10.42463671218805,19.0,765.0,269.05263157894734,70.0,9600615.36031484,0.011503952371482,834.5492966499568,174.3096550245083
11001,District of Columbia,693645.0,101722.0,350372.0,10274443.0,1.0,30437644.360553466,0.1719388804233446,3,0.47,0.5833333333333334,3.766666666666667,0.0979999999999999,1.961245688267742,0.0,2.949312276442429,6.0,14.96,6.0,5566811.617634342,0.0314463020109455,0.0,0.08,1.2825261968886024,30.0,230.0,137.23333333333332,74.0,1732099.4107354777,0.0097844375878723,177.02595526618634,3918.323722399892
27171,Wright County,157559.0,102980.0,54942.0,1698140.0,0.0,155926753.78310865,0.0842730872360305,150,127.28,3.481466666666667,3.2933333333333334,0.57784,1.3627241310876377,0.0,3.552172430457794,23.0,379.72,0.0,0.0,0.0,1.0,0.027,5.025602855135611,55.0,345.0,97.01818181818182,159.0,50568924.24445157,0.0273306771794635,1850.2623960759352,85.15494901380124
55059,Kenosha County,168448.0,76583.0,72447.0,1977206.0,0.0,98558760.64023292,0.0504674948374289,23,57741.78999999999,211306.64130434784,6.608695652173913,81.84408695652174,0.0,0.0,13.9631840612972,12.0,102.51,0.0,0.0,0.0,0.0,0.056,16.20417402862824,20.0,345.0,162.15,149.0,13723418.740807308,0.0070271436040243,1952.915653089588,86.25462125489585
8113,San Miguel County,7753.0,72829.0,6564.0,79103.0,0.0,4038.060127922423,1.209793050196981e-06,6,3.97,4.376666666666666,5.816666666666666,0.1198333333333333,5.840604301924982,48.0,5.9751233064168545,14.0,331.98,0.0,0.0,0.0,0.0,0.099,27.905070966385814,0.0,0.0,0.0,80.0,219883321.67082745,0.0658765114893076,3337.810650561216,2.3227800530555616
28019,Choctaw County,8048.0,41887.0,4350.0,139840.0,0.0,139077386.5804552,0.127896607787651,1,0.31,1.53,4.9,0.21,12.17138606464028,2.0,0.9571598663197952,19.0,149.26,0.0,0.0,0.0,0.0,0.15,3.781254003609053,11.0,500.0,284.27272727272725,11.0,49684380.389230415,0.0456901287429516,1087.420450678744,7.401001144476008
37025,Cabarrus County,249725.0,83828.0,88031.0,3062159.0,0.0,82788234.92444265,0.087828779691016,4,5.62,9.614999999999998,4.75,1.04075,10.598314097618694,8.0,0.9863231446623144,12.0,255.35,0.0,0.0,0.0,0.0,0.12,8.059462451670347,29.0,230.0,117.93103448275862,50.0,4074873.0581254023,0.0043231373680745,942.5731155844064,264.93965918513123
29225,Webster County,43054.0,65103.0,15290.0,500078.0,0.0,77322651.23946925,0.0502800082020927,0,0.0,0.0,0.0,0.0,26.579618760804475,0.0,3.343135196538596,13.0,296.07,0.0,0.0,0.0,0.0,0.16,1.8046651850771331,14.0,161.0,101.85714285714286,8.0,7074903.194610312,0.004600543124251,1537.8408599880463,27.996394893769867
39005,Ashland County,52523.0,62254.0,22491.0,699970.0,0.0,68873749.36287135,0.0623011476010165,5,8.4,26.95,10.16,2.2976,11.700555316675166,0.0,1.9151756234677175,20.0,264.37,0.0,0.0,0.0,0.0,0.067,2.438068754857424,6.0,138.0,138.0,22.0,24528144.124537896,0.0221874305031756,1105.497282392717,47.510745468609606
31119,Madison County,36106.0,61139.0,15213.0,652130.0,0.0,153020917.0564969,0.1026703148030009,6,1.41,0.605,2.6166666666666667,14.6995,11.487536310779994,0.0,1.1009400430743828,12.0,318.18,0.0,0.0,0.0,0.0,0.067,7.13067359745386,18.0,345.0,113.72222222222224,7.0,7076999.486151246,0.0047483558397163,1490.4105178802192,24.22554025675613
13167,Johnson County,9310.0,47796.0,3587.0,127100.0,0.0,56990340.6245544,0.0717697520044443,5,0.99,0.558,2.76,0.3778,8.174811248212666,46.0,4.302288277416756,6.0,358.03,0.0,0.0,0.0,0.0,0.14,14.29878106416716,1.0,230.0,230.0,2.0,1268733.8483833156,0.0015977569604727,794.0718643515711,11.724379641132892
51117,Mecklenburg County,30747.0,51265.0,19063.0,486784.0,1.0,276902359.4018784,0.1574024082195933,4,250.49,1196.1725,10.0,137.38275,4.3262482160054825,50.0,2.0230896441910327,50.0,369.52,0.0,0.0,0.0,0.0,0.08,1.126910520240296,34.0,115.0,115.0,1.0,3620.9177555147935,2.0582748948553983e-06,1759.2002723082214,17.47782812678701
40047,Garfield County,61779.0,64165.0,27755.0,1161204.0,0.0,300598952.22421837,0.1094839915280894,2,0.26,0.19,1.45,0.054,14.584818603500477,2.0,1.6641309763897556,12.0,285.78,1.0,13698834.30276602,0.0049893821906272,0.0,0.098,2.377064213762782,41.0,345.0,126.21951219512196,6.0,18941455.531917565,0.0068988469242544,2745.5973063157476,22.50111473299039
26091,Lenawee County,97779.0,65484.0,43634.0,970008.0,0.0,45635822.84215442,0.0231416187197146,37,24.42,2.5440540540540537,3.1,0.3827027027027027,2.3540866463310888,0.0,1.5462047734042252,25.0,328.28000000000003,0.0,0.0,0.0,0.0,0.071,1.958950472089816,14.0,345.0,152.78571428571428,47.0,14313685.63247504,0.0072583736799552,1972.023798113859,49.58307303061995
13101,Echols County,3685.0,61184.0,1546.0,50596.0,0.0,163309313.6820097,0.1498719607997994,1,0.18,0.43,2.4,37.172,17.14419476854435,5.0,1.2056395106655922,9.0,258.64,0.0,0.0,0.0,0.0,0.063,12.141436273296112,1.0,69.0,69.0,0.0,0.0,0.0,1089.6588848941528,3.3817922756239014
20105,Lincoln County,2861.0,52540.0,1679.0,42010.0,0.0,258422114.02179864,0.138490973187583,2,34.43,453.97,13.95,2.4595,18.010976244719913,8.0,0.5776210402180434,12.0,244.4,0.0,0.0,0.0,0.0,0.053,3.642050578208456,3.0,34.5,34.5,2.0,1563117.827523671,0.0008376948813098,1865.9751448875672,1.533246575035375
20183,Smith County,3566.0,50943.0,2041.0,51061.0,0.0,4034.973247358928,1.7368722218471915e-06,0,0.0,0.0,0.0,0.0,32.12367974443165,0.0,5.368687217480024,9.0,158.08,0.0,0.0,0.0,0.0,0.054,1.6795022290903372,3.0,345.0,191.66666666666663,3.0,2709340.3776743375,0.0011662476435479,2323.126132484098,1.5350005968840392
28005,Amite County,12487.0,34866.0,7231.0,215208.0,0.0,222733272.92312217,0.1175479709954311,2,0.36,0.5249999999999999,2.8499999999999996,0.5875,21.141254914618735,0.0,2.8769990287186062,30.0,242.46,0.0,0.0,0.0,0.0,0.068,4.623337596434215,5.0,500.0,192.0,5.0,583214.6076450081,0.0003077927822989,1894.8287327884148,6.590041508197013
26025,Calhoun County,133408.0,58191.0,59634.0,1311711.0,0.0,132909957.41912106,0.0714393259159171,47,19.65,1.2785106382978724,2.9148936170212765,0.943808510638298,3.516216660722127,0.0,1.3014047814023153,18.0,316.24,2.0,8670528.981998352,0.0046604239278709,0.0,0.078,10.249553440661868,21.0,345.0,147.85714285714286,38.0,13205462.875378022,0.0070979291171953,1860.466997815842,71.70672748112105
1029,Cleburne County,15970.0,51553.0,6818.0,262525.0,0.0,102721494.6329594,0.0706952266231156,6,1.55,1.3716666666666668,5.016666666666667,0.3366666666666667,6.944107735978762,19.0,0.6938783002309898,14.0,219.66,0.0,0.0,0.0,0.0,0.14,12.08191747691301,4.0,115.0,115.0,1.0,23923867.204960298,0.0164649396876407,1453.018818096156,10.990910648304595
8123,Weld County,378426.0,89182.0,120293.0,3426508.0,0.0,462823208.421181,0.0444880146552288,54,58.47,6.553148148148148,2.9,0.8090185185185185,8.675513535367273,126.0,11.735513282590942,41.0,531.03,0.0,0.0,0.0,0.0,0.068,29.747974584740124,1.0,34.5,34.5,55.0,101271418.6260554,0.0097345255725347,10403.32349752988,36.37549097553794
40009,Beckham County,22159.0,51499.0,10125.0,414379.0,0.0,3356984.397078216,0.001434087400699,1,0.54,1.3,2.4,0.093,24.04258613254925,0.0,0.1979242019701712,25.0,417.7,0.0,0.0,0.0,0.0,0.1,4.806339156544109,19.0,230.0,152.52631578947367,1.0,47183008.251527056,0.0201563515515549,2340.8506311692713,9.466216983238876
19153,Polk County,516546.0,78827.0,211392.0,8788243.0,24.0,254279179.79402363,0.1658720537929543,8,3.23,1.0862500000000002,2.8125,82.6575,12.17468006341436,0.0,1.2431832157249667,23.0,620.12,2.0,87527372.29465337,0.0570960824137278,0.0,0.04,0.8040734356510089,64.0,345.0,145.1875,102.0,64623175.53997657,0.0421551560184083,1532.983901465261,336.9546147916319
36085,Richmond County,501290.0,96185.0,183524.0,3570340.0,2.0,34581112.20948127,0.1297971853298532,1,0.14,0.46,3.2,0.007,7.826861298697688,187.0,6.948811548823203,0.0,0.0,0.0,0.0,0.0,0.0,0.17,6.3373452108947586,2.0,138.0,138.0,42.0,7911142.042507727,0.0296937809183766,266.4242072861625,1881.5482463332296
39071,Highland County,43823.0,60522.0,19010.0,573742.0,0.0,60450536.082141235,0.041843692627505,2,12.15,143.15,26.4,11.494,5.390474021185583,0.0,0.5606695249632881,24.0,320.38,0.0,0.0,0.0,0.0,0.1,4.604617006201621,11.0,345.0,188.1818181818182,36.0,37880986.22893157,0.0262211131515669,1444.674984237588,30.334158532638487
16011,Bingham County,51153.0,69433.0,17028.0,654294.0,0.0,0.0,0.0,5,267.89,514.144,4.84,96.095,9.76672696867876,3.0,2.701643413176326,15.0,350.22,0.0,0.0,0.0,0.0,0.16,46.42777235379012,0.0,0.0,0.0,22.0,215192268.8872483,0.0391873225539344,5491.374629922096,9.31515393636979
13201,Miller County,5812.0,52132.0,2849.0,82029.0,0.0,79767752.01991935,0.1085743612571063,0,0.0,0.0,0.0,0.0,22.083753506141665,39.0,0.5847315910929636,6.0,90.55,0.0,0.0,0.0,0.0,0.054,1.7437356553279215,5.0,115.0,115.0,17.0,28368143.93289467,0.0386127605400557,734.683134179603,7.910893458157404
47103,Lincoln County,36853.0,61374.0,16002.0,520548.0,0.0,95412689.49142544,0.0645487030892403,3,0.46,0.3799999999999999,2.6333333333333333,0.2056666666666666,7.737694401752384,0.0,0.3361518893526733,18.0,246.38,0.0,0.0,0.0,0.0,0.18,1.968444981898003,5.0,500.0,228.8,2.0,2800186.914938204,0.0018943856915695,1478.1503721231215,24.931834199700997
21211,Shelby County,51243.0,81012.0,18944.0,787946.0,0.0,39838938.38963094,0.039884283456612,1,0.78,2.83,3.6,0.988,3.247212714915723,0.0,1.162500252989919,14.0,294.55,0.0,0.0,0.0,0.0,0.12,1.6942592248947312,25.0,161.0,75.44,4.0,1127422.1249327129,0.0011287053677558,998.8630843266766,51.30132528077397
31185,York County,14564.0,72914.0,6308.0,259803.0,0.0,147385320.5824086,0.0988241868048448,4,1.0,0.6,2.325,0.0475,7.029077795591641,1.0,1.2167535888918612,5.0,185.07,0.0,0.0,0.0,0.0,0.046,3.244706129238195,3.0,115.0,115.0,35.0,12666063.16473294,0.008492795533017,1491.3891563139334,9.765392177046456
42001,Adams County,107594.0,78975.0,43118.0,1171330.0,0.0,91664531.6890998,0.0678367200269742,7,2.52,1.737142857142857,5.142857142857143,0.3247142857142857,6.733190353541436,0.0,0.3680677577809074,21.0,267.35,0.0,0.0,0.0,0.0,0.077,2.003639910902644,20.0,500.0,180.8,224.0,58442793.26629676,0.0432533973413222,1351.1723207569469,79.63010960713304
45005,Allendale County,7355.0,37096.0,4065.0,133803.0,0.0,148971529.01706374,0.1394661976748256,3,0.48,0.33,2.066666666666667,0.1126666666666666,9.75348249704364,317.0,2.021602633996475,12.0,352.90999999999997,0.0,0.0,0.0,0.0,0.25,6.606277778109285,10.0,115.0,101.2,42.0,10937306.280870195,0.0102394365540753,1068.1550906740997,6.885704205517899
47037,Davidson County,745904.0,71863.0,333753.0,10519451.0,3.0,174347065.1019767,0.1281536393399274,6,112.32,246.73,6.933333333333333,282.5365,3.229874561180504,11.0,0.673569927343018,28.0,304.57,2.0,622403.9110505166,0.0004574973848505,0.0,0.21,3.5466383676582107,73.0,500.0,161.86301369863014,36.0,11809479.951558605,0.0086807357547865,1360.4238494469746,548.2879473946426
49047,Uintah County,38278.0,67983.0,13689.0,365975.0,1.0,558908733.3647162,0.0479068379335711,28,22.33,5.577500000000001,5.0928571428571425,5.624499999999999,7.59133403898789,99.0,5.38919412728583,62.0,810.14,0.0,0.0,0.0,0.0,0.16,6.139402411647105,6.0,69.0,69.0,81.0,673037500.4117066,0.0576893802852663,11666.575322591854,3.280997117112525
45007,Anderson County,219930.0,62347.0,89805.0,3376986.0,0.0,194319523.54676497,0.0992732236102951,13,294.34000000000003,437.0953846153846,6.323076923076924,26.524923076923077,5.562103418327685,38.0,2.035347525312166,40.0,403.65,0.0,0.0,0.0,0.0,0.2,4.788312558309347,108.0,230.0,112.03703703703704,6.0,20215706.21949951,0.0103277227022497,1957.4214763817984,112.35699753664206
56007,Carbon County,14013.0,65196.0,8218.0,437623.0,0.0,242391653.41366848,0.0117514087711815,42,147.81,61.489999999999995,4.380952380952381,3.212357142857143,14.547155138699145,251.0,2.26822940799522,163.0,1523.26,0.0,0.0,0.0,0.0,0.18,136.63855079823372,0.0,0.0,0.0,196.0,1044611938.8546784,0.0506439133721299,20626.603856200774,0.6793653525171768
30093,Silver Bow County,36118.0,56297.0,17303.0,483233.0,0.0,23757650.988752343,0.0127654729090408,3,5.99,27.53333333333333,11.7,0.121,9.601061423723342,0.0,4.41414255261085,21.0,272.47,0.0,0.0,0.0,0.0,0.19,92.69437227472194,0.0,0.0,0.0,7.0,51942596.08016283,0.0279098215421129,1861.0866429864905,19.406941711236698
17177,Stephenson County,43220.0,57527.0,21402.0,477152.0,0.0,130915440.62518424,0.0895000023703844,2,1.16,2.545,4.5,0.1305,15.499581325509151,0.0,0.747694458445453,15.0,186.63,0.0,0.0,0.0,0.0,0.059,3.899152588653188,16.0,138.0,138.0,19.0,3005853.6807285342,0.0020549440941841,1462.74231461366,29.547241211392233
26087,Lapeer County,89516.0,75402.0,36839.0,873693.0,0.0,63345943.247915454,0.0368985744250359,48,21.44,1.836666666666667,3.2145833333333336,0.2827916666666666,0.969590494947611,0.0,1.244615293169483,28.0,255.9,0.0,0.0,0.0,0.0,0.04,6.719646538791784,9.0,345.0,155.0,26.0,38004465.50881275,0.0221373386701726,1716.7585532771918,52.14245173214322
22027,Claiborne Parish,13354.0,32034.0,6858.0,317558.0,0.0,1005732.39210405,0.0005060589673456,3,25.8,88.96999999999998,6.300000000000001,7.379,2.910783534388143,0.0,4.218699079374474,22.0,293.49,0.0,0.0,0.0,0.0,0.091,22.152021652459077,3.0,115.0,115.0,18.0,7742148.101122953,0.0038956520679371,1987.3818210933416,6.719393253105942
54027,Hampshire County,24105.0,55222.0,12565.0,436345.0,0.0,107779300.3462111,0.0645564148299977,1,0.2,0.9,4.6,0.045,15.633799471877811,0.0,3.0191552976195855,12.0,497.08,0.0,0.0,0.0,0.0,0.063,6.084156737986826,6.0,500.0,319.0,12.0,16426787.74394365,0.0098391297820261,1669.536646823342,14.43813769878309
37125,Moore County,110619.0,77981.0,48595.0,1370470.0,0.0,140413001.7777404,0.076824979293591,21,12.58,3.3652380952380954,3.647619047619047,0.2773809523809524,6.271760493896525,130.0,3.717117031792524,21.0,412.44,2.0,14127218.396901548,0.0077295068624482,0.0,0.1,4.4497369237031394,15.0,230.0,191.66666666666663,225.0,68647129.18832694,0.0375593015724113,1827.6998323832163,60.52361445793817
38087,Slope County,628.0,70625.0,464.0,30027.0,0.0,849.044654490179,2.688125300233006e-07,3,1.6,1.42,2.6666666666666665,0.242,10.770323722535364,1.0,3.82332409190481,14.0,586.1500000000001,0.0,0.0,0.0,0.0,0.032,10.727160411832005,2.0,230.0,149.5,7.0,15334637.565586764,0.0048550364229463,3158.5010347421216,0.1988284927224263
31071,Garfield County,1710.0,64957.0,1006.0,34649.0,0.0,71777136.9864216,0.0485019968638177,9,20.61,24.86888888888889,2.888888888888889,3.375222222222222,13.257688533706514,0.0,7.996047381199769,8.0,316.25,0.0,0.0,0.0,0.0,0.058,26.39404024289564,0.0,0.0,0.0,6.0,9275449.920679215,0.0062677039214922,1479.8800385055276,1.1554990644558334
1133,Winston County,23829.0,49494.0,13091.0,412648.0,0.0,89151638.96851094,0.0544759712641481,2,62.77,1030.61,18.25,26.7945,5.2566162945575385,0.0,4.327416573642695,25.0,392.99,0.0,0.0,0.0,0.0,0.19,12.746898646081757,12.0,161.0,161.0,3.0,26478597.039389316,0.0161797058149677,1636.5314266031942,14.560673637328051
28035,Forrest County,79034.0,49340.0,33542.0,1321741.0,0.0,192033798.89558512,0.1576741174148812,11,5.16,1.3527272727272726,2.909090909090909,15.579363636363636,4.035740870734217,5.0,1.0847229849967193,12.0,436.94,1.0,73190249.92654477,0.0600946714948721,0.0,0.073,4.242636104883446,41.0,230.0,107.14634146341464,3.0,2457899.207231628,0.0020181191328503,1217.9158143950258,64.89282679957522
26065,Ingham County,289709.0,62548.0,125391.0,2795936.0,0.0,148583703.42357543,0.1023132901331207,7,2.98,1.0657142857142858,2.557142857142857,0.3597142857142857,7.580200806148691,0.0,2.1977646540093603,19.0,301.09,1.0,233853.96672006737,0.0001610295624251,0.0,0.057,8.806121635263143,29.0,138.0,138.0,51.0,30124561.52835034,0.0207434794850732,1452.2424528646454,199.4907939982953
20177,Shawnee County,178607.0,63463.0,80673.0,2525736.0,0.0,249557272.6777872,0.1733838898789973,12,4.37,1.163333333333333,3.0749999999999997,0.105,4.6103422079838445,0.0,2.7247120722480695,14.0,317.09,2.0,1057495.054438305,0.0007347115317414,0.0,0.065,1.5883069116179325,49.0,230.0,124.3877551020408,17.0,10671820.844190324,0.0074144174900589,1439.33368447336,124.09005773067196
46061,Hanson County,3456.0,86827.0,1280.0,51476.0,0.0,143509217.4212625,0.1272734455003663,9,1.75,0.3977777777777778,2.0555555555555554,0.0964444444444444,5.605922326295084,5.0,3.5619071463784,8.0,370.39,0.0,0.0,0.0,0.0,0.069,4.1192261662592555,9.0,230.0,92.0,105.0,93668306.64947116,0.0830712362958146,1127.566060482367,3.0650088904959953
27061,Itasca County,45404.0,63962.0,25595.0,515960.0,0.0,264421060.70211112,0.0348705228961365,485,757.37,8.527567010309278,4.335876288659794,1.030960824742268,1.2531716708367229,403.0,7.081299753447125,184.0,1121.79,0.0,0.0,0.0,0.0,0.02,13.283189876249793,56.0,230.0,121.57142857142856,128.0,49029779.80990901,0.0064658013704968,7582.939376026884,5.9876517203266415
8073,Lincoln County,5645.0,59167.0,2373.0,55090.0,0.0,3073184.6961181257,0.0004587479114864,4,1.2000000000000002,0.6625,2.175,0.0095,6.3486919012651635,7.0,5.092226644569239,17.0,125.36,0.0,0.0,0.0,0.0,0.06,118.70006626166813,0.0,0.0,0.0,41.0,276262650.1631455,0.0412389512202652,6699.070708359504,0.8426541897752816
36053,Madison County,67120.0,68869.0,30671.0,487768.0,0.0,4793182.456450932,0.0027985375719097,17,219.32,140.3064705882353,5.711764705882352,5.960764705882353,4.709585825261788,11.0,0.2070485207629786,31.0,484.64,0.0,0.0,0.0,0.0,0.083,8.938191130915579,16.0,345.0,143.75,131.0,27943986.95088311,0.0163153182883225,1712.745436960512,39.1885440483865
36115,Washington County,59353.0,68703.0,29063.0,447109.0,0.0,949340.1496971708,0.0004333111985166,28,125.1,101.8789285714286,6.221428571428571,9.500142857142858,8.538347897050306,101.0,4.264925763685658,54.0,480.64,0.0,0.0,0.0,0.0,0.13,10.73063581180238,18.0,115.0,115.0,90.0,107138663.56069168,0.048901737411787,2190.896872610244,27.090731992915114
18081,Johnson County,174262.0,82730.0,63818.0,2456388.0,0.0,98268014.94480994,0.1179072808147136,7,2.03,1.1528571428571428,3.2857142857142856,0.1274285714285714,12.837930960376294,0.0,0.2707590524968252,14.0,635.49,1.0,20626732.806124944,0.0247490699657232,0.0,0.14,4.008748628206712,40.0,345.0,94.875,5.0,20527260.996920288,0.0246297176613009,833.4346856591649,209.0889700158998
17057,Fulton County,32901.0,57223.0,15895.0,362221.0,0.0,295268249.990522,0.1291616095812838,27,26.97,5.908888888888889,3.196296296296296,19.728222222222225,6.2673626632642705,0.0,3.9356733142255256,15.0,487.39,0.0,0.0,0.0,0.0,0.095,4.562531701356503,7.0,345.0,197.1428571428571,151.0,123475060.85129464,0.0540127069218625,2286.0372658219203,14.392153834014948
36103,Suffolk County,1546090.0,122498.0,578977.0,11089519.0,1.0,469916038.8715755,0.0764501285001197,35,16.51,1.2945714285714287,3.0228571428571427,0.2771714285714285,3.782478125642147,1722.0,2.8679362612434627,5.0,41.81,1.0,363124.59151442646,5.907634425395349e-05,0.0,0.1,3.693341387680456,123.0,138.0,91.4390243902439,1204.0,163644047.18002692,0.0266230717835844,6146.700445022581,251.5316979944872
18161,Union County,6863.0,68514.0,3237.0,105171.0,0.0,31726228.16311248,0.0741601254410217,2,20.54,223.81,14.05,6.9905,3.150491500353894,0.0,5.536906080466903,8.0,68.41,0.0,0.0,0.0,0.0,0.1,2.418247318860894,11.0,345.0,125.45454545454544,1.0,338814.56351785513,0.0007919797589094,427.8070994950486,16.042277017142936
29119,McDonald County,23992.0,46494.0,9782.0,298510.0,0.0,91465451.10467656,0.0654411079295471,0,0.0,0.0,0.0,0.0,17.054489224508526,0.0,1.1194979555612377,17.0,153.78,1.0,12794.214598651495,9.15392170827365e-06,0.0,0.1,3.3054777547288037,12.0,345.0,107.33333333333331,16.0,21533246.925711855,0.0154064678971124,1397.6757728971634,17.165640605094225
31157,Scotts Bluff County,35586.0,60137.0,16486.0,664529.0,0.0,129515.66887719066,6.70725660209255e-05,7,11.03,13.608571428571429,4.028571428571429,5.410571428571429,5.309135949942992,6.0,0.6993765009822868,22.0,160.87,0.0,0.0,0.0,0.0,0.066,7.702213739123421,6.0,230.0,153.33333333333334,34.0,56912490.89221026,0.0294733973330363,1930.9783072892392,18.429000401333667
35047,San Miguel County,26260.0,43490.0,14860.0,402597.0,0.0,471460161.648409,0.0383923712185745,12,64.18,118.3975,6.941666666666666,0.93275,9.418991317573369,1.0,1.7044492553154422,57.0,871.49,0.0,0.0,0.0,0.0,0.07,40.985256296529606,6.0,115.0,115.0,9.0,398894604.4176563,0.0324831469881647,12280.048006524605,2.1384281222718022
1081,Lee County,189881.0,59288.0,75473.0,3154151.0,0.0,118107139.84336711,0.074046339637689,14,33.09,21.324999999999996,4.814285714285715,56.54264285714286,0.92831639975669,24.0,0.0445309175035594,22.0,328.26,0.0,0.0,0.0,0.0,0.082,1.0931724092115598,96.0,230.0,125.78125,3.0,3828662.8191664433,0.0024003499520636,1595.0435959868576,119.04439507342754
48367,Parker County,184767.0,95721.0,57477.0,2785982.0,0.0,217770492.1609739,0.0923878198800089,5,5.75,11.152,5.34,0.388,2.520899880934477,2.0,3.206925151224413,22.0,303.6,1.0,15864172.044925742,0.0067302794556237,0.0,0.052,8.05766909534735,18.0,345.0,214.66666666666663,5.0,4171853.907910607,0.0017698839172396,2357.1341980536276,78.38628795618379
27143,Sibley County,15356.0,74781.0,6462.0,171509.0,0.0,1994976.4195549125,0.0012824649243284,24,24.09,2.32,2.191666666666667,9.205875,0.9977652546289952,23.0,0.369488459004045,41.0,423.49,0.0,0.0,0.0,0.0,0.028,3.3307588224959623,23.0,69.0,69.0,175.0,28676046.392362192,0.0184361924068018,1555.4213017316215,9.87256634771843
13293,Upson County,28500.0,48740.0,12331.0,375928.0,0.0,56816285.689656794,0.0669718808265492,5,0.83,0.552,3.24,0.0834,2.8220001765121077,42.0,5.020157428279272,9.0,356.77,0.0,0.0,0.0,0.0,0.091,0.8601695788647815,10.0,230.0,149.5,9.0,19548803.495209005,0.0230430434177625,848.3603116478915,33.594216524156316
26033,Chippewa County,36081.0,58408.0,20349.0,365016.0,0.0,931782683.5016156,0.1333208437500875,81,141282.5,192026.4796296296,5.571604938271604,148.70755555555556,4.285974587009352,0.0,3.595910024996561,40.0,348.67,0.0,0.0,0.0,0.0,0.024,6.2836124100586845,30.0,69.0,69.0,248.0,521823878.9053558,0.0746633319726049,6989.024801315089,5.162522816231934
13013,Barrow County,99773.0,75053.0,30357.0,1224110.0,0.0,32152731.63009835,0.07619363151809,2,1.13,2.795,4.449999999999999,0.3085,2.2350911271372036,51.0,3.379344363296164,5.0,159.01,0.0,0.0,0.0,0.0,0.12,3.2161738535833453,14.0,230.0,180.71428571428572,1.0,7360888.921172753,0.0174431742485381,421.9925121592846,236.43310515031092
48271,Kinney County,3128.0,52386.0,1473.0,53743.0,0.0,228462.53322109737,6.46168313034897e-05,0,0.0,0.0,0.0,0.0,36.42094344556581,1.0,4.523906814255555,11.0,263.11,1.0,1625637.431679115,0.0004597845353565,0.0,0.027,3.7531956017766137,6.0,138.0,138.0,0.0,0.0,0.0,3535.650520342971,0.8847028239930718
42033,Clearfield County,78100.0,56982.0,38157.0,860642.0,1.0,150442846.05237836,0.0503184059445471,5,5.75,55.998000000000005,24.34,5.593,4.687139653499851,0.0,0.8919401541112627,32.0,656.19,0.0,0.0,0.0,0.0,0.049,8.713676146398832,11.0,345.0,167.27272727272728,22.0,84833954.4136195,0.0283742927502149,2989.817408329118,26.121996541469994
26037,Clinton County,80432.0,82594.0,32897.0,784808.0,0.0,131602523.10344356,0.0884356842259651,15,6.95,1.4546666666666668,2.713333333333334,0.8262666666666667,3.44561917522484,0.0,1.9312422078010425,22.0,294.37,1.0,1312.2488213219535,8.818191296917974e-07,0.0,0.049,5.927990261322585,7.0,138.0,118.28571428571428,31.0,36381752.29886028,0.0244482026789128,1488.1156204681022,54.04956368558196
17135,Montgomery County,28076.0,61796.0,12539.0,303239.0,0.0,1491.2121973546914,8.112272758239795e-07,8,13.76,18.73625,5.8875,0.68375,0.6384725603937261,0.0,0.7985460774322204,25.0,339.89,0.0,0.0,0.0,0.0,0.22,17.55673367561586,7.0,345.0,226.71428571428572,10.0,4219836.004936539,0.0022956129736473,1838.217527683642,15.27349161738158
28003,Alcorn County,34569.0,47716.0,16256.0,591644.0,0.0,184605802.371817,0.1775878030489659,10,4.03,1.512,3.31,0.428,3.3975743491269355,0.0,1.3662138567290676,22.0,153.43,0.0,0.0,0.0,0.0,0.3,2.314056990846243,16.0,161.0,161.0,4.0,10842967.23783668,0.0104307595187122,1039.5184759446347,33.254820188343786
29005,Atchison County,5175.0,58521.0,2746.0,68152.0,0.0,1136.1378037278998,7.973893937589037e-07,0,0.0,0.0,0.0,0.0,24.561828294632075,3.0,4.272427751642488,24.0,229.28,0.0,0.0,0.0,0.0,0.049,4.586022896186169,7.0,345.0,108.42857142857144,26.0,23040903.797598895,0.0161710773495951,1424.821816103405,3.63203310162148
17115,Macon County,99300.0,59622.0,49757.0,1080456.0,0.0,106326699.16553016,0.0700859182259534,5,12.03,14.8,3.5799999999999996,18.2272,3.501373350245495,0.0,2.767842349218507,16.0,142.99,0.0,0.0,0.0,0.0,0.14,0.992957224127184,44.0,345.0,145.8409090909091,56.0,17133913.855898276,0.0112939280050961,1517.0907631221764,65.45422489794899
20167,Russell County,6581.0,49929.0,3693.0,96017.0,0.0,4977.58243021267,2.136732720491276e-06,2,34.53,454.14,14.4,2.495,8.092131646776135,0.0,0.8063287376265332,19.0,554.25,0.0,0.0,0.0,0.0,0.066,7.233700953690032,7.0,230.0,124.85714285714286,0.0,0.0,0.0,2329.52974664423,2.8250336830770952
17155,Putnam County,5619.0,75726.0,3071.0,60026.0,0.0,82806663.49443418,0.1857299622532094,5,2.0,1.45,3.0200000000000005,81.1592,4.214730589297639,0.0,3.897768817460685,11.0,97.85,0.0,0.0,0.0,0.0,0.091,6.996710932040249,11.0,138.0,138.0,36.0,19596417.79176122,0.0439534911885634,445.84439738111854,12.603051721645262
46055,Haakon County,1802.0,53109.0,914.0,28042.0,0.0,6920513.690895433,0.0014625747838415,3,1092.81,9703.58,10.666666666666666,321.941,24.182976862871197,1.0,8.681002301837479,30.0,309.49,0.0,0.0,0.0,0.0,0.053,16.655769929648184,8.0,230.0,94.875,6.0,30170037.561414156,0.0063761070544413,4731.733219629523,0.380832966770914
47111,Macon County,27663.0,51215.0,10693.0,370691.0,0.0,24666336.387866396,0.0309977872041368,0,0.0,0.0,0.0,0.0,20.52221276510794,0.0,2.791844918302554,14.0,102.67,0.0,0.0,0.0,0.0,0.15,7.383510735809148,2.0,161.0,161.0,0.0,0.0,0.0,795.7450712667187,34.763646045540995
1109,Pike County,33688.0,42616.0,16049.0,578859.0,0.0,234126050.0147503,0.1343247976191218,7,2.06,1.115714285714286,3.757142857142857,0.0865714285714285,6.017768599701361,0.0,2.3228348580183087,15.0,402.97,0.0,0.0,0.0,0.0,0.066,4.127506036045907,10.0,115.0,115.0,2.0,1661325.778356664,0.0009531500187319,1742.984572949926,19.327767166053864
16003,Adams County,5013.0,55891.0,2648.0,59470.0,0.0,381.30401938651255,1.0750026716030873e-07,5,10.35,27.69,11.82,161.65339999999998,7.305084122754713,1.0,0.67559956599983,34.0,490.8,0.0,0.0,0.0,0.0,0.2,87.20189704051347,0.0,0.0,0.0,14.0,128921545.39356148,0.0363465510197203,3547.009049733859,1.4133034141472345
25005,Bristol County,593640.0,80628.0,243297.0,4141432.0,0.0,295451545.559865,0.1650560531470012,3,1.26,1.7566666666666668,4.033333333333333,0.1916666666666666,21.407428325378124,4729.0,3.648807965619592,40.0,215.7,0.0,0.0,0.0,0.0,0.11,2.8763570507235476,88.0,345.0,128.0681818181818,246.0,41640747.121039785,0.023262891979541,1790.0073283090278,331.6411003528102
42107,Schuylkill County,145085.0,63574.0,67328.0,1580937.0,0.0,95885743.9951309,0.0472965569966365,24,7.33,2.0395833333333333,5.504166666666666,0.5505833333333333,4.4609345018390485,0.0,3.459297147480965,23.0,405.58,0.0,0.0,0.0,0.0,0.078,7.161818936405888,34.0,230.0,78.47058823529412,74.0,9355672.922184736,0.0046147748401481,2027.330313234608,71.56455909176275
37045,Cleveland County,103325.0,50723.0,43782.0,1307343.0,1.0,62842082.93428293,0.0518251745855069,2,5.0600000000000005,33.39,8.799999999999999,1.8015,7.971885561624283,4.0,0.3467802251652943,22.0,281.04,0.0,0.0,0.0,0.0,0.15,2.186171935912306,40.0,500.0,142.75,60.0,20642391.24386192,0.017023552911959,1212.578323139618,85.21099052180816
5059,Hot Spring County,33451.0,50260.0,14247.0,557617.0,0.0,273316177.5150296,0.1696116927069578,6,50.86,290.4933333333333,9.866666666666667,24.344333333333335,9.64348517091396,30.0,0.5791577470399963,28.0,198.6,0.0,0.0,0.0,0.0,0.16,1.3019284064234078,26.0,500.0,189.03846153846155,6.0,4284087.896164826,0.0026585743701936,1611.4230033191404,20.758671020023332
24021,Frederick County,302883.0,115724.0,104217.0,2775014.0,1.0,115844732.14883512,0.0670151190235508,4,1.35,1.815,5.05,10.30925,8.836427031186833,0.0,0.2441053053156428,20.0,312.14,1.0,4936279.4043595735,0.002855592530454,0.0,0.078,1.1975207696457064,30.0,500.0,247.8,48.0,65756485.88716594,0.0380395263492868,1728.6357691043886,175.21504842915786
17169,Schuyler County,6657.0,63737.0,3316.0,74026.0,0.0,125070738.29312266,0.109412361515799,5,3.96,2.0740000000000003,2.98,244.49100000000004,9.761898255735034,0.0,6.744509715132059,10.0,353.77000000000004,0.0,0.0,0.0,0.0,0.1,4.908115046135533,10.0,138.0,75.9,264.0,75493531.735579,0.0660420310864335,1143.1134157090887,5.823569130164195
13081,Crisp County,19237.0,47463.0,9926.0,281343.0,0.0,85101021.79803124,0.1169538729005378,2,27.299999999999997,89.61,4.35,60.8495,9.155751959459652,14.0,1.1542458253983146,8.0,95.24,0.0,0.0,0.0,0.0,0.075,5.32543006384186,8.0,115.0,115.0,1.0,5958796.663631577,0.0081891419505215,727.6460341796848,26.437304810830067
5027,Columbia County,21894.0,47441.0,11051.0,386622.0,0.0,377579407.22545576,0.1901124291630817,1,9.72,81.5,8.4,1.616,14.779304134227722,1.0,4.017430456804877,44.0,194.55,0.0,0.0,0.0,0.0,0.098,2.4373137089136256,17.0,345.0,128.52941176470588,3.0,3902224.8649142617,0.0019647825967544,1986.0848072251056,11.023698444473576
19043,Clayton County,16845.0,60441.0,8779.0,301185.0,0.0,175573558.48627114,0.0855245054836064,2,0.65,0.98,3.0,0.392,17.611014849252037,0.0,2.326654077680314,14.0,405.53,0.0,0.0,0.0,0.0,0.038,4.622088460305854,23.0,161.0,73.0,118.0,79696985.78117704,0.0388215934305144,2052.9035193731556,8.205451372183113
19067,Floyd County,14901.0,62356.0,7337.0,274860.0,0.0,120639115.96173345,0.0929068137974123,1,1.66,5.38,3.2,29.306,20.39923946092723,0.0,4.510936342845301,7.0,324.01,0.0,0.0,0.0,0.0,0.032,6.167624711320811,7.0,161.0,95.28571428571428,36.0,8843330.573583595,0.0068104417038382,1298.4958917715478,11.475585016807756
46125,Turner County,9314.0,72312.0,3876.0,129418.0,0.0,179813208.86374864,0.1123955595556461,3,2.19,1.0433333333333332,1.7333333333333334,0.4503333333333333,8.213363166635693,5.0,5.891044280311929,10.0,191.74,0.0,0.0,0.0,0.0,0.052,2.1742102619759716,28.0,230.0,74.75,42.0,19021397.818988547,0.0118896752057235,1599.8248471776567,5.821887324997712
47067,Hancock County,7075.0,31809.0,3666.0,99454.0,0.0,27817011.559003532,0.0480594005961087,0,0.0,0.0,0.0,0.0,18.852234174960103,0.0,1.0304043182380376,13.0,197.32,0.0,0.0,0.0,0.0,0.27,1.5372462279401546,4.0,69.0,69.0,6.0,3455500.703270498,0.0059700623198274,578.8047960226918,12.2234647131753
13093,Dooly County,11156.0,54109.0,4848.0,158272.0,0.0,72694284.56967339,0.0706420929298789,1,27.15,178.9,6.6,121.404,16.375617975632164,173.0,7.083711666386692,11.0,309.26,0.0,0.0,0.0,0.0,0.082,12.55522561842808,2.0,115.0,115.0,20.0,13445987.127295064,0.0130664009942892,1029.0505498164027,10.84106121122076
27145,Stearns County,164110.0,73105.0,65786.0,1840437.0,0.0,148735116.05626026,0.0413173541320905,144,123.19,4.274305555555555,3.183333333333333,0.4068888888888888,3.1416866406219968,0.0,3.6611674702410113,55.0,480.36,1.0,26227.846685201577,7.285873426183675e-06,0.0,0.03,6.116537588616588,67.0,345.0,92.34328358208955,227.0,101560091.58471347,0.028212585180422,3599.8151511188253,45.588451937315305
31155,Saunders County,23702.0,84474.0,10032.0,403681.0,0.0,332335047.2322345,0.1688758724361835,11,2.87,0.6145454545454545,2.5090909090909093,0.080090909090909,6.325533066207681,0.0,1.7737406463842311,24.0,354.01,2.0,7104559.624502098,0.0036101780864064,0.0,0.046,14.022845409843766,7.0,161.0,88.71428571428571,31.0,7097700.311035807,0.0036066925300212,1967.924976126004,12.044158333037178
46035,Davison County,20069.0,55606.0,9506.0,299398.0,0.0,73210189.50334567,0.0646910559650502,1,2.29,24.2,10.6,5.81,11.190791701770038,10.0,5.589724380642481,10.0,380.30999999999995,1.0,245530.9248860672,0.0002169596187458,0.0,0.082,3.943644477342432,9.0,115.0,79.22222222222223,65.0,39838700.12713035,0.0352028527928802,1131.689535547743,17.73366225418574
48337,Montague County,21966.0,63336.0,10281.0,333476.0,0.0,112365124.62275514,0.0462384681364651,6,11.01,24.60833333333333,6.616666666666667,0.4468333333333333,10.602562895699831,0.0,11.258889869728746,21.0,407.43,0.0,0.0,0.0,0.0,0.091,8.94068950484645,15.0,138.0,108.86666666666666,1.0,3327056.527786992,0.0013690902561841,2430.122128733915,9.039051881497087
48049,Brown County,38711.0,53792.0,18946.0,639821.0,0.0,340173093.04109263,0.1372498045355006,2,17.91,276.62,17.45,2.2304999999999997,4.665572099543424,1.0,1.741992392566721,10.0,284.04,1.0,20581321.94654321,0.0083039560507039,0.0,0.032,7.340199861007749,4.0,345.0,224.25,3.0,9383434.224731056,0.0037859388157402,2478.4960036118396,15.618746184616636
55101,Racine County,198919.0,72658.0,84455.0,2307441.0,1.0,151165921.37396607,0.0736804370794291,16,57743.07,303753.87,8.3375,120.054125,0.0,0.0,7.05599624929322,23.0,217.7,0.0,0.0,0.0,0.0,0.05,12.408387010039917,16.0,345.0,189.75,91.0,20812961.16688198,0.0101445356318063,2051.642571161814,96.95597215423112
55115,Shawano County,41560.0,65493.0,20416.0,481126.0,0.0,173299544.9564616,0.0735777660264018,26,35.019999999999996,5.521538461538461,3.1653846153846152,1.814923076923077,5.807284373660542,0.0,2.612350411547308,25.0,612.34,0.0,0.0,0.0,0.0,0.026,8.200801862426912,34.0,345.0,117.70588235294116,63.0,66306744.52136383,0.0281518461943985,2355.324907059125,17.64512398074714
19009,Audubon County,5509.0,54973.0,2805.0,99214.0,0.0,45893383.70945592,0.0399623827190884,2,0.36,0.555,3.05,1.891,16.98707869517891,0.0,1.5043129780061448,6.0,323.40999999999997,0.0,0.0,0.0,0.0,0.037,0.8679972812315507,3.0,69.0,69.0,2.0,9297.23136012446,8.095709834632508e-06,1148.4145986003589,4.797048040589302
48207,Haskell County,5499.0,52786.0,3101.0,91055.0,0.0,1801.137369055782,7.639807246782814e-07,3,6.85,61.88333333333333,10.6,0.1306666666666666,14.801072047765302,0.0,9.093302468009812,12.0,440.96,0.0,0.0,0.0,0.0,0.045,7.470133323317277,7.0,345.0,207.0,2.0,3899994.7557586143,0.0016542440742917,2357.569125600984,2.332487281194019
40083,Logan County,55473.0,80565.0,19246.0,908616.0,0.0,240848143.9868526,0.1241823358153247,7,3.35,1.81,3.628571428571429,0.0881428571428571,2.4098947889920113,13.0,1.2799148802318765,21.0,487.55,0.0,0.0,0.0,0.0,0.12,5.5536299705057575,20.0,345.0,127.65,0.0,0.0,0.0,1939.4718452149675,28.602116672568386
36065,Oneida County,226392.0,66402.0,105054.0,1663619.0,0.0,311173047.3286889,0.09552310895755,21,233.76,121.65714285714289,5.304761904761905,11.616333333333332,3.5921514094281037,99.0,0.0793496092785819,83.0,898.21,2.0,474872.4377928664,0.0001457751306086,0.0,0.1,0.464477682500474,55.0,345.0,131.72727272727272,143.0,84580239.05529034,0.0259642262088335,3257.568254682463,69.4972391367646
40121,Pittsburg County,43320.0,53054.0,22160.0,812776.0,0.0,600420213.4822063,0.1682459578945998,22,372.62999999999994,218.17454545454547,4.163636363636363,12.961227272727273,6.073557090597303,77.0,5.510176392030735,47.0,399.28,1.0,181756011.8219447,0.0509305210341516,0.0,0.12,3.480603604331045,22.0,345.0,153.6818181818182,36.0,70665767.66932127,0.0198015148375062,3568.7051343906473,12.13885663529241
54017,Doddridge County,7634.0,56587.0,3279.0,149039.0,0.0,23018575.91189537,0.0277322542195846,0,0.0,0.0,0.0,0.0,20.75132280364056,0.0,1.1104928978800452,7.0,193.61,0.0,0.0,0.0,0.0,0.069,6.049772339229086,3.0,138.0,138.0,1.0,10317.05598663082,1.2429753290518905e-05,830.0290235446936,9.197268750192013
54105,Wirt County,4879.0,52776.0,2743.0,98946.0,0.0,33593532.38148284,0.0552488100490406,0,0.0,0.0,0.0,0.0,27.528913584888496,0.0,0.6192140221323094,12.0,363.61,0.0,0.0,0.0,0.0,0.087,8.295010438613673,2.0,765.0,451.5,4.0,5995342.400168505,0.0098600983571603,608.0408311358038,8.024132180212568
33003,Carroll County,52784.0,77049.0,39889.0,396243.0,0.0,286413332.80993724,0.1113090589164873,67,286.06,14.446119402985074,5.619402985074627,1.685328358208955,1.5383569710357483,376.0,0.1250998757618441,81.0,356.98,0.0,0.0,0.0,0.0,0.18,2.893956848766123,7.0,115.0,115.0,382.0,217929789.40351817,0.0846942410979249,2573.1358658913387,20.513491222786843
54095,Tyler County,7881.0,59167.0,4177.0,157835.0,0.0,42443712.979303926,0.062860876102394,2,24.09,109.84,7.0,636.0804999999999,5.13181825258225,0.0,1.124062808935428,7.0,343.65,0.0,0.0,0.0,0.0,0.067,2.463010424402951,5.0,765.0,263.4,5.0,2265051.1786529226,0.0033546335035968,675.2007860841679,11.672083567476156
26081,Kent County,675232.0,76247.0,264944.0,6486103.0,0.0,101724440.12406877,0.0450443001858552,71,26.6,1.3825352112676057,3.294366197183099,7.691774647887324,2.834293716921411,0.0,0.3795127929796532,31.0,461.3,0.0,0.0,0.0,0.0,0.05,5.449217755669039,56.0,345.0,151.55357142857142,34.0,35011721.275046915,0.0155034373250195,2258.3199158385846,298.9974959988188
37147,Pitt County,182936.0,54915.0,80763.0,2253690.0,0.0,331267915.1033385,0.1951081672151702,8,3.28,0.66375,1.6875,29.884375,5.10225844197508,124.0,2.61963501437798,21.0,398.55,0.0,0.0,0.0,0.0,0.062,3.647170166255486,12.0,230.0,210.83333333333337,21.0,7552086.006700266,0.0044479818063846,1697.868007432041,107.74453561716118
31167,Stanton County,5744.0,76035.0,2478.0,107799.0,0.0,137048745.06553626,0.122771601933795,4,1.01,0.665,2.55,11.84225,7.298761027301349,0.0,3.2907171215397333,14.0,348.62,0.0,0.0,0.0,0.0,0.061,6.503690331530642,4.0,115.0,115.0,18.0,10800142.382852271,0.0096750304486318,1116.290273213509,5.1456150231108975
13001,Appling County,19100.0,43268.0,8524.0,253721.0,0.0,264024049.9396169,0.1990003945508129,4,1.1900000000000002,0.71,2.35,0.2272499999999999,6.965788604022093,6.0,4.793155643123073,12.0,399.43,0.0,0.0,0.0,1.0,0.11,6.275110513242024,11.0,500.0,226.8181818181818,19.0,33746404.31972988,0.0254353638459579,1326.75138929034,14.396065573533193
25007,Dukes County,21219.0,93225.0,17621.0,144769.0,0.0,100298130.52600676,0.0788765166207607,13,7.09,2.9130769230769227,3.4923076923076923,0.1085384615384615,5.7053916138206535,150.0,21.84717621082506,0.0,0.0,0.0,0.0,0.0,0.0,0.09,24.775707580001683,0.0,0.0,0.0,214.0,45148424.26394853,0.0355056511839281,1271.5841776867678,16.687058845448234
31179,Wayne County,10020.0,64951.0,3956.0,175904.0,0.0,92732729.07295844,0.0807613451681894,0,0.0,0.0,0.0,0.0,20.876992739874296,0.0,1.522828285667445,12.0,167.02,0.0,0.0,0.0,0.0,0.058,7.830280025616448,11.0,230.0,87.81818181818181,5.0,889273.459447335,0.0007744722011883,1148.2316060961832,8.726462454788638
18127,Porter County,176049.0,82915.0,71572.0,2589874.0,0.0,104288995.47928904,0.0771638402176072,13,57729.689999999995,373846.8284615384,9.076923076923077,144.52907692307693,1.2567401347588716,0.0,2.6489566406079215,19.0,196.37,0.0,0.0,0.0,0.0,0.073,1.375873989870396,45.0,345.0,174.8,645.0,56541653.9682227,0.0418353933930605,1351.5267667496469,130.25935137295792
26009,Antrim County,24698.0,68850.0,17596.0,230548.0,0.0,464586.81720062584,0.0002980910415574,35,57868.03,138925.04685714285,12.048571428571428,55.21748571428571,1.8292527914575427,0.0,2.179923169717177,30.0,249.63,0.0,0.0,0.0,0.0,0.026,4.145508972371648,14.0,345.0,118.28571428571428,38.0,16094872.815704685,0.0103268909571686,1558.5400177516506,15.846882158104178
16009,Benewah County,10508.0,54191.0,4666.0,130873.0,0.0,76633701.37335767,0.0377311437416635,5,130.13,65.652,5.5,80.102,9.68531121493867,20.0,3.0348869509079583,26.0,302.11,0.0,0.0,0.0,0.0,0.15,40.34837808004908,0.0,0.0,0.0,16.0,31491713.65460565,0.0155051674821794,2031.04633928012,5.173687964069019
17103,Lee County,32914.0,64588.0,14993.0,365958.0,0.0,259633964.4092027,0.1375965546294825,5,0.71,0.3,2.1399999999999997,39.3914,5.063465486812509,0.0,3.2271890823942724,18.0,415.97,0.0,0.0,0.0,0.0,0.084,4.132811184657232,22.0,345.0,185.04545454545453,64.0,30194717.808413893,0.0160021018355713,1886.9219880411915,17.443222458904053
20149,Pottawatomie County,27186.0,85241.0,9938.0,356944.0,0.0,326739060.4327744,0.1464118861366587,10,48.31,280.316,9.37,53.9027,19.400687871878688,15.0,4.913976879862642,16.0,311.4,0.0,0.0,0.0,0.0,0.059,15.411455191799057,3.0,345.0,230.0,29.0,94558562.36647668,0.0423717245927557,2231.642994834422,12.182056029090388
26075,Jackson County,159552.0,62581.0,69095.0,1575226.0,0.0,102302114.8750598,0.0545949533549603,63,40.16,3.4436507936507934,3.5825396825396822,0.3349682539682539,6.362702200197021,0.0,1.1909764207836695,45.0,303.15,0.0,0.0,0.0,0.0,0.067,2.695866217101466,22.0,138.0,137.1818181818182,44.0,53744392.59145252,0.0286814462262532,1873.8383053452123,85.14715466370303
48091,Comal County,209166.0,93744.0,70899.0,3101953.0,0.0,167035854.6689796,0.1121845400902423,1,30.62,1393.0,45.5,18.452,6.07209931051291,0.0,5.379324018872075,7.0,326.5,1.0,5340820.182569745,0.0035869990731848,0.0,0.027,4.065590683752709,29.0,138.0,135.6206896551724,34.0,33166626.05982642,0.0222753544930209,1488.9381926657009,140.47997494477752
25019,Nantucket County,14758.0,135590.0,12287.0,98490.0,0.0,55345056.93438324,0.0703720425246795,6,1.86,0.57,1.7333333333333334,0.0536666666666666,3.546506938198349,48.0,39.76231671710647,0.0,0.0,0.0,0.0,0.0,0.0,0.069,43.28949376999574,0.0,0.0,0.0,189.0,43530868.85027814,0.0553501310424152,786.4636999128408,18.765011025474596
45009,Bamberg County,12796.0,43920.0,6644.0,217929.0,0.0,120978309.40751076,0.118085060870711,0,0.0,0.0,0.0,0.0,17.469663718702616,386.0,2.0810183831083275,7.0,253.86,0.0,0.0,0.0,0.0,0.3,1.8442104031451008,15.0,230.0,96.6,18.0,9194398.516230838,0.0089745105018418,1024.5013936240675,12.48997812949329
13019,Berrien County,18932.0,48670.0,8059.0,249417.0,0.0,134405188.97325107,0.113334995553416,5,1.63,0.6519999999999999,2.2,0.3812,6.18250467665321,66.0,3.1389321910557006,8.0,279.7,0.0,0.0,0.0,0.0,0.07,4.813699321916595,11.0,115.0,115.0,6.0,8687516.61397998,0.0073256074929347,1185.9107415130643,15.964101965924756
18165,Vermillion County,15488.0,59567.0,7301.0,229322.0,0.0,85007679.0731226,0.1262795830864908,4,1.05,0.615,2.4,0.12875,7.65232471518364,0.0,3.065706006207108,10.0,275.44,0.0,0.0,0.0,0.0,0.14,6.4834042380139225,11.0,345.0,234.1818181818182,22.0,13262980.268348,0.019702262631246,673.1704127887367,23.007547131844383
51019,Bedford County,83059.0,74773.0,37302.0,1296850.0,0.0,104972092.67292508,0.0522054322643131,4,80.47,382.06999999999994,10.775,20.8,20.5691822570258,0.0,2.8324926267990613,26.0,587.98,0.0,0.0,0.0,0.0,0.099,2.317695541765449,25.0,138.0,130.64,11.0,26595544.27292178,0.0132268515304964,2010.7237320689376,41.30801197364707
35033,Mora County,4051.0,40231.0,3092.0,62280.0,0.0,351778.4587195719,7.042532126183337e-05,10,7.17,2.481,3.4,0.0059,16.108167821005573,1.0,13.06935425531252,28.0,618.76,0.0,0.0,0.0,0.0,0.088,22.60190007628196,3.0,115.0,115.0,3.0,281989705.79586387,0.0564537569952848,4995.056499418046,0.8110018376112395
31011,Boone County,5355.0,66800.0,2559.0,99288.0,0.0,16652.408313325333,9.355891947904497e-06,2,0.28,0.365,2.7,5.0515,13.68503497312565,0.0,1.8612816647771184,7.0,143.12,0.0,0.0,0.0,0.0,0.063,7.971279793324188,7.0,115.0,115.0,7.0,817208.1342195219,0.0004591354510919,1779.8846337740238,3.0086219625624775
42131,Wyoming County,25790.0,67968.0,12846.0,291532.0,0.0,68100401.08501057,0.064924680164281,11,3.54,1.818181818181818,5.336363636363637,0.0954545454545454,10.250565681869316,0.0,1.4454657999717848,17.0,385.52,0.0,0.0,0.0,0.0,0.064,4.289747328047309,5.0,230.0,138.0,40.0,5857628.485788446,0.0055844701338286,1048.9139247616456,24.58733685498598
37107,Lenoir County,55837.0,43063.0,26681.0,718721.0,0.0,176278977.92741954,0.1695756030337394,2,0.24,0.2,1.7000000000000002,48.119,0.6061221141311292,74.0,0.2051347083528992,11.0,327.71,0.0,0.0,0.0,0.0,0.07,3.470667068824558,18.0,230.0,134.16666666666666,186.0,4025744.043624562,0.0038726567505865,1039.5303025538788,53.71368190308812
13071,Colquitt County,47438.0,47235.0,19143.0,627826.0,0.0,226841106.30289057,0.1573440442785679,3,0.74,0.7600000000000001,2.6999999999999997,6.5793333333333335,7.214821556177229,11.0,0.492625858694791,9.0,284.41,0.0,0.0,0.0,0.0,0.061,2.1085935845551655,19.0,230.0,121.05263157894736,11.0,10357400.442700634,0.0071842149794981,1441.6885452701492,32.90447174296643
46117,Stanley County,3018.0,82298.0,1468.0,44480.0,0.0,103969348.3269757,0.026458966558552,4,1322.29,7863.985,10.225,487.888,11.886933049748514,2.0,8.90850946679914,48.0,242.49,0.0,0.0,0.0,0.0,0.053,10.787632988235224,7.0,230.0,131.42857142857142,23.0,32380482.11630876,0.0082404715736921,3929.4452783119486,0.7680473416075928
47073,Hawkins County,59559.0,53647.0,27138.0,843806.0,0.0,66691953.80642491,0.0515389780634731,2,71.24,950.65,15.15,88.384,14.24252989153903,0.0,0.5970405271617567,31.0,201.77,1.0,23764655.7686309,0.0183651250629197,0.0,0.24,2.309568360503766,35.0,500.0,141.6,8.0,9348698.192683566,0.0072245949259973,1294.0100155709345,46.026691666464245
38011,Bowman County,2762.0,79709.0,1645.0,117162.0,0.0,27836010.16131967,0.0092091267637697,4,9.31,53.825,8.4,0.5874999999999999,10.651909870806987,0.0,6.707955056686598,33.0,451.74,0.0,0.0,0.0,0.0,0.034,11.208788007149629,29.0,115.0,89.62068965517241,7.0,4440080.82458757,0.0014689341936923,3022.654686406989,0.9137663036471996
42057,Fulton County,14483.0,63153.0,7119.0,160509.0,0.0,46018530.752580605,0.0405607438896325,3,1.05,1.893333333333333,5.133333333333334,0.1026666666666666,4.84456294076687,0.0,2.0337081423143535,14.0,230.49,0.0,0.0,0.0,0.0,0.06,9.628249450159837,1.0,138.0,138.0,27.0,3585357.894289624,0.0031601352948668,1134.558352648228,12.7653196207974
48237,Jack County,9563.0,58861.0,3816.0,142698.0,0.0,164068095.39211464,0.0688462003873511,8,42.440000000000005,146.1825,8.125,1.018375,2.179615712849809,0.0,13.068527446028094,8.0,42.06,0.0,0.0,0.0,0.0,0.063,1.8655101411409023,13.0,345.0,212.30769230769232,0.0,0.0,0.0,2383.110392135145,4.0128229189718905
17175,Stark County,5319.0,58125.0,2588.0,57875.0,0.0,58276423.13373757,0.0780270419286991,0,0.0,0.0,0.0,0.0,21.581674017995137,0.0,1.4626334224882225,5.0,219.26,0.0,0.0,0.0,0.0,0.084,10.803489109454466,1.0,138.0,138.0,8.0,684650.2029242181,0.0009166868372731,746.8746960094059,7.121676538808613
40055,Greer County,5373.0,55204.0,2628.0,102867.0,0.0,140507522.58587432,0.0842932769022513,2,20.540000000000003,82.015,5.1,2.905,19.66816703311366,0.0,0.5741736559063451,13.0,314.0,0.0,0.0,0.0,0.0,0.11,7.761348872748602,6.0,69.0,69.0,3.0,36555666.04121871,0.0219304762008494,1666.8888402798432,3.223370311302799
48211,Hemphill County,3083.0,67798.0,1679.0,57959.0,0.0,6.28223225378259,2.659173236550805e-09,2,0.3399999999999999,0.4549999999999999,2.6500000000000004,0.076,9.040269872208178,0.0,5.644342225646946,15.0,70.14,0.0,0.0,0.0,0.0,0.089,8.008621792120755,7.0,69.0,64.85714285714286,5.0,45388950.42733418,0.0192124514740636,2362.47573552017,1.3049869480759704
40033,Cotton County,5432.0,60208.0,2712.0,103887.0,0.0,3558972.681070023,0.0021407232824086,5,39.79,231.48,7.52,7.5242,9.713655298926048,0.0,1.663997105591872,20.0,352.64,0.0,0.0,0.0,0.0,0.15,4.897606608137063,10.0,69.0,69.0,18.0,32894002.996541347,0.0197857540297684,1662.5094473049144,3.2673498540449124
36011,Cayuga County,74365.0,63227.0,36701.0,545205.0,0.0,213195486.89252225,0.0953086849004674,19,19592.49,86374.06368421053,8.021052631578947,418.31147368421057,9.66520648311064,55.0,0.6499179240558323,30.0,326.52,0.0,0.0,0.0,0.0,0.078,1.290117564227662,8.0,115.0,115.0,36.0,8090712.848228199,0.0036169396112061,2236.894645174949,33.244748544777295
48417,Shackelford County,3197.0,60924.0,1583.0,52835.0,0.0,4.4276555667349475,1.867218291255307e-09,2,0.78,1.465,3.5500000000000003,0.0925,8.61653593973032,0.0,8.609289867145295,6.0,291.88,0.0,0.0,0.0,0.0,0.041,3.580308170344056,7.0,345.0,167.57142857142858,0.0,0.0,0.0,2371.2576014657025,1.348229731777727
48047,Brooks County,6579.0,30566.0,3665.0,119279.0,0.0,245376305.93359107,0.1003986978092303,4,4.58,4.04,2.125,0.67775,17.50414951856522,0.0,17.269316920781883,4.0,24.06,0.0,0.0,0.0,0.0,0.026,23.1539748521984,1.0,345.0,345.0,0.0,0.0,0.0,2444.0188098837266,2.6918778093663667
47187,Williamson County,272061.0,125943.0,91828.0,3874396.0,5.0,88722062.47198153,0.0586497501981838,1,0.34,1.21,3.5,6.35,4.949244152777042,1.0,3.7717279731586135,17.0,295.99,0.0,0.0,0.0,0.0,0.21,3.739002526902199,30.0,500.0,183.6,8.0,2114407.393420953,0.0013978398276085,1512.6249457624203,179.86018329406232
56021,Laramie County,102938.0,76282.0,44389.0,2995695.0,17.0,369840825.17140806,0.0531326775172182,7,2.35,1.241428571428571,3.442857142857143,0.4227142857142857,2.8991958250116108,1.0,8.291446600491303,32.0,430.07,2.0,24048651.378968384,0.0034549166870653,0.0,0.08,83.72609728837155,0.0,0.0,0.0,49.0,153530289.86867544,0.0220567196069208,6960.703704122044,14.788447314463532
27155,Traverse County,3130.0,63456.0,1889.0,38575.0,0.0,51219.40418578869,3.375591067001305e-05,20,58.73,14.376,2.05,1.9795000000000005,9.430143320230927,0.0,5.385647360366891,25.0,131.0,0.0,0.0,0.0,0.0,0.052,2.3532900824778302,8.0,115.0,115.0,88.0,45538687.37135621,0.0300120606120531,1517.3462415662,2.0628119767636055
13247,Rockdale County,98416.0,68999.0,35398.0,1302040.0,0.0,26350361.873369142,0.0770189704810113,6,3.38,4.614999999999999,4.883333333333334,1.9966666666666668,6.622079036453961,22.0,0.6532729239027022,5.0,157.49,0.0,0.0,0.0,0.0,0.11,2.6159580561068068,16.0,230.0,186.875,31.0,7126458.492140307,0.0208297899249298,342.12819801946625,287.65825374732884
42067,Juniata County,23403.0,61915.0,10502.0,260798.0,0.0,64933852.141347915,0.0637105688482164,0,0.0,0.0,0.0,0.0,19.972901643969116,0.0,0.1893198925460781,8.0,225.89,0.0,0.0,0.0,0.0,0.059,3.590585324692804,10.0,500.0,146.6,46.0,13768584.9500514,0.0135091997544404,1019.200633666382,22.962112882340076
42083,McKean County,38984.0,57861.0,19530.0,449102.0,0.0,116510438.6666222,0.0456826505442493,3,41.94,535.8133333333333,17.633333333333333,36.273666666666664,15.527195328212438,0.0,0.9605488025192026,39.0,319.14,0.0,0.0,0.0,0.0,0.058,7.260419366267326,4.0,230.0,143.75,9.0,34477300.17432278,0.0135182262221021,2550.430774560684,15.285260979771175
35045,San Juan County,120340.0,50734.0,48050.0,1772120.0,0.0,402181179.5912144,0.0280373874737476,12,60.88,109.7775,5.8500000000000005,3.6655833333333327,24.137581205297817,56.0,23.778171668435053,57.0,366.91,0.0,0.0,0.0,0.0,0.07,6.060648690278795,65.0,500.0,153.33846153846153,15.0,352792258.104348,0.0245943215621477,14344.459846671198,8.389301603986596
36073,Orleans County,39825.0,61069.0,18244.0,295058.0,0.0,79851566.14624876,0.037717298255616,9,19353.09,182224.52444444445,12.033333333333331,863.193888888889,0.0,121.0,2.5944853465367435,8.0,190.53,0.0,0.0,0.0,0.0,0.1,21.49587681104668,11.0,115.0,115.0,17.0,22819461.57620737,0.0107786043510533,2117.107264817384,18.81104498662953
22031,De Soto Parish,27381.0,49807.0,12463.0,588788.0,0.0,443793122.7735234,0.1915393044090023,10,602.15,629.5319999999999,3.53,22.6629,3.557583170032546,14.0,0.0015794076335833,53.0,381.66,0.0,0.0,0.0,0.0,0.069,16.540509956239575,3.0,345.0,268.3333333333333,5.0,10386653.619233005,0.0044828374016521,2316.9820113049605,11.817528088868755
19095,Iowa County,16504.0,69787.0,7342.0,291065.0,0.0,225632845.59917045,0.1482867129662923,3,0.9,0.9233333333333332,2.966666666666667,20.109,10.23205996322112,0.0,0.8650264850365759,12.0,244.76,0.0,0.0,0.0,0.0,0.048,12.87709913082226,7.0,345.0,121.57142857142856,244.0,40448772.245643035,0.0265830777602473,1521.5985376279802,10.846487816509132
31019,Buffalo County,51172.0,70093.0,21019.0,914188.0,1.0,356594550.6246085,0.1411544245649984,2,0.28,0.19,1.2,0.001,21.317041405145844,6.0,9.604612658672538,15.0,477.08,0.0,0.0,0.0,0.0,0.045,1.1814157029349168,60.0,345.0,79.73333333333333,43.0,9196727.443745663,0.0036404335600841,2526.272569449939,20.255929870283943
40007,Beaver County,4882.0,62981.0,2480.0,94561.0,0.0,0.0,0.0,0,0.0,0.0,0.0,0.0,46.56670596529919,2.0,2.786316339979705,26.0,273.33,0.0,0.0,0.0,0.0,0.066,13.663980240969648,17.0,345.0,147.47058823529412,3.0,109154956.11543985,0.0231862036704635,4707.754562446545,1.0370124302875514
19023,Butler County,14049.0,65743.0,6545.0,252920.0,0.0,296918624.6582841,0.1970595275993317,1,0.13,0.3,2.4,0.012,17.227843750293506,0.0,5.6925122487252935,17.0,437.33,0.0,0.0,0.0,0.0,0.034,19.50011722196992,2.0,161.0,161.0,95.0,46995462.000836134,0.0311900391962788,1506.7458461688257,9.324067516576951
30085,Roosevelt County,10242.0,51038.0,4076.0,150199.0,0.0,417774641.0827431,0.0680750183038674,25,16.84,1.5192,2.208,13.58168,6.1762434831139865,2.0,4.800447667657727,28.0,512.22,0.0,0.0,0.0,0.0,0.049,39.61310726705361,1.0,69.0,69.0,16.0,47577702.69389974,0.0077526318337076,6136.97434812226,1.6689005720113137
51670,Hopewell city,23261.0,50661.0,10415.0,369255.0,0.0,3113528.5197729766,0.1110158343242055,0,0.0,0.0,0.0,0.0,5.249951883685738,0.0,1.89982709874266,2.0,24.17,1.0,16683.395220281356,0.0005948623974303,0.0,0.11,1.2183833604995105,2.0,230.0,230.0,0.0,0.0,0.0,28.0458057062416,829.3931807002164
17201,Winnebago County,283674.0,61738.0,125039.0,3004364.0,0.0,188636328.39415377,0.1402848360811486,7,2.58,1.4728571428571429,3.4,2.4908571428571427,10.500971226866609,0.0,2.899212890451574,20.0,450.39,0.0,0.0,0.0,0.0,0.064,2.1464255165804893,45.0,345.0,176.33333333333334,216.0,54570460.24187232,0.040582893735654,1344.6665631418346,210.9623365194649
4007,Gila County,53801.0,55242.0,32519.0,660248.0,0.0,137861717.2127105,0.0111012851979232,10,70.62,333.355,21.69,3.1842999999999995,25.468441618259774,3.0,2.1709531049166806,58.0,764.72,0.0,0.0,0.0,0.0,0.14,6.3621608703729535,15.0,500.0,222.66666666666663,21.0,1051237972.61294,0.0846507121832587,12418.536660827427,4.332313981059288
24045,Wicomico County,106899.0,69421.0,43708.0,1011722.0,0.0,188335424.2747388,0.1816976701131933,2,0.73,0.93,2.35,0.6605,10.011160825601785,0.0,1.82962183577916,18.0,210.01,0.0,0.0,0.0,0.0,0.058,0.1392674302834305,21.0,230.0,83.23809523809524,92.0,37704334.71684394,0.0363754710200443,1036.531862255947,103.1314172700306
21043,Carter County,26149.0,47004.0,12249.0,444684.0,0.0,54983612.29079873,0.0515128752944082,1,2.89,146.8,50.7,5.681,9.238929182672251,0.0,1.7333887886990942,12.0,233.57,0.0,0.0,0.0,0.0,0.12,4.729614908288036,13.0,69.0,69.0,6.0,27322858.344875317,0.0255981543584737,1067.3761069743125,24.498393611343317
37097,Iredell County,211798.0,73103.0,79853.0,2544001.0,0.0,127732290.47139695,0.0825550297593202,3,115.96,181.27333333333337,5.3,50.68833333333333,15.523657920208253,14.0,0.0925022445961114,23.0,465.9,0.0,0.0,0.0,0.0,0.12,4.189236298386096,49.0,500.0,118.77551020408164,25.0,9500238.990905387,0.0061401272125561,1547.2381372617172,136.88778404521327
51083,Halifax County,33447.0,49145.0,17384.0,549038.0,0.0,197824001.45775804,0.0920780591991897,4,182.51,1039.075,8.7,70.54325,0.9217756421897064,88.0,1.0494460093880589,42.0,487.39,0.0,0.0,0.0,0.0,0.083,1.6776546066175098,21.0,230.0,125.95238095238096,36.0,21715772.878497247,0.0101077038559777,2148.4377844780615,15.568056120426856
37091,Hertford County,19015.0,46196.0,9864.0,285831.0,0.0,185274258.2340635,0.198488251226514,1,0.21,0.45,2.2,0.005,10.332704054751396,188.0,2.373049097008446,12.0,210.65,0.0,0.0,0.0,0.0,0.057,5.203775161045025,5.0,230.0,230.0,15.0,36557306.411801666,0.0391646206314646,933.4267975120312,20.371174312418336
36057,Montgomery County,50046.0,58033.0,22924.0,360129.0,0.0,54997621.446771905,0.0517543698784156,1,0.63,3.56,5.7,20.948,15.19221628990447,60.0,0.6178123219751066,15.0,318.53999999999996,0.0,0.0,0.0,0.0,0.12,9.410204817232582,21.0,345.0,125.95238095238096,49.0,6221168.859689002,0.0058543018001612,1062.6662362226712,47.094749314603575
48227,Howard County,30504.0,67243.0,13974.0,581610.0,0.0,151236898.89839298,0.0645792383258473,9,7.5,30.693333333333335,12.577777777777778,0.305,10.112357578474665,0.0,5.356292466871951,8.0,55.25,0.0,0.0,0.0,0.0,0.036,2.616024423348997,27.0,345.0,158.44444444444446,0.0,0.0,0.0,2341.88112037619,13.025426326977676
39025,Clermont County,216977.0,79573.0,86713.0,2802178.0,0.0,56627576.29967229,0.047506342650218,2,8.27,182.475,24.75,6.3195,1.4189983849033625,0.0,0.6506777065185856,19.0,285.75,0.0,0.0,0.0,0.0,0.11,8.630343854995258,24.0,345.0,166.75,26.0,5275065.25830667,0.0044253890778798,1192.0003338630477,182.0276335802848
48501,Yoakum County,7438.0,80317.0,3009.0,129476.0,0.0,0.0,0.0,0,0.0,0.0,0.0,0.0,59.74642873771407,0.0,66.99249826369027,0.0,0.0,0.0,0.0,0.0,0.0,0.036,0.6222651236031201,41.0,230.0,114.55121951219512,16.0,34659200.516732186,0.0167331715979486,2071.286983095375,3.5910040765497864
20049,Elk County,2458.0,50000.0,1511.0,35094.0,0.0,6213.820200737628,3.6883882260378166e-06,32,5.55,0.540625,3.025,0.14484375,1.5786473237008924,0.0,0.411109462240027,18.0,217.43,0.0,0.0,0.0,0.0,0.059,18.769913446439237,1.0,345.0,345.0,0.0,0.0,0.0,1684.697981864211,1.4590152219925423
39121,Noble County,14276.0,51547.0,5787.0,188305.0,0.0,51523623.87303644,0.0491768894661153,2,14.5,56.43,6.45,1.9125,6.757537216894723,0.0,0.7709171192266556,15.0,176.74,0.0,0.0,0.0,0.0,0.069,0.5363981715384962,9.0,138.0,138.0,2.0,24749277.02254047,0.0236195328401603,1047.8309283263702,13.624335390445188
39137,Putnam County,34380.0,79453.0,13846.0,457204.0,0.0,105427502.24730352,0.0840509461414105,1,0.11,0.14,1.3,0.014,3.4264238612456683,0.0,2.9707610839130565,15.0,333.91,0.0,0.0,0.0,0.0,0.094,8.514166725800859,5.0,345.0,179.4,15.0,1879065.302297038,0.0014980646714847,1254.3285600845977,27.40908649778433
48425,Somervell County,10261.0,87899.0,3933.0,154054.0,0.0,54181911.77498862,0.1091319745686351,2,10.92,123.21,13.1,0.3445,6.726725306640044,0.0,0.6499737588753429,5.0,117.36,0.0,0.0,0.0,1.0,0.042,4.811309666706965,2.0,345.0,195.5,0.0,0.0,0.0,496.4806326390861,20.66747285882384
42075,Lebanon County,146380.0,72532.0,59213.0,1590957.0,0.0,53560366.62196519,0.0570476302608569,2,0.47,1.06,4.699999999999999,0.1965,11.82943917615239,0.0,3.388584104032796,19.0,287.5,1.0,48378663.831311695,0.0515285518159827,0.0,0.09,1.957697876364528,12.0,500.0,185.41666666666663,35.0,4821983.514420624,0.0051359381934243,938.8710169048376,155.91066010597368
32027,Pershing County,6421.0,66304.0,2297.0,85716.0,0.0,193187823.0975198,0.0122935033550658,8,73.66,10.92,1.725,2.771125,8.442697296552234,7.0,7.291999526829831,22.0,152.85,0.0,0.0,0.0,0.0,0.25,11.482675286393574,7.0,345.0,184.28571428571428,60.0,1281148298.6134756,0.0815258470078927,15714.627270164308,0.4086002098306761
48261,Kenedy County,319.0,45455.0,93.0,2839.0,0.0,851570.4482498491,0.0001689760463252,48,30.78,0.9083333333333332,1.4791666666666667,0.1412708333333333,10.199355926981386,0.0,17.89050500231347,2.0,366.62,0.0,0.0,0.0,0.0,0.025,9.307220791510318,2.0,138.0,138.0,5.0,372396136.6544954,0.0738940941092808,5039.592691991923,0.0632987662885735
48033,Borden County,567.0,80625.0,341.0,9240.0,0.0,976.9961284208324,4.1633409686378827e-07,2,39.7,222.565,6.75,0.0195,3.080757037623407,0.0,24.89838009014264,2.0,9.75,0.0,0.0,0.0,0.0,0.035,16.494435430155196,10.0,345.0,174.8,0.0,0.0,0.0,2346.6637390030432,0.2416196196225729
48411,San Saba County,5787.0,54087.0,2855.0,97019.0,0.0,465919.85739000945,0.0001580060229334,3,80.86,404.1466666666667,6.966666666666666,11.455,10.029499827662514,0.0,1.354096747317934,18.0,480.13,0.0,0.0,0.0,0.0,0.028,44.84247023953452,0.0,0.0,0.0,0.0,0.0,0.0,2948.74745114231,1.9625281906587777
40073,Kingfisher County,15795.0,65167.0,6402.0,283163.0,0.0,344034870.9503691,0.1466087944756751,3,0.52,0.3466666666666667,1.9666666666666663,8.94,2.3253162611941818,7.0,2.0297728427682245,16.0,510.04,0.0,0.0,0.0,0.0,0.14,0.9065801811092316,25.0,345.0,99.36,0.0,0.0,0.0,2346.618237881018,6.730962772309649
48247,Jim Hogg County,4555.0,42292.0,2094.0,81714.0,0.0,59393.93638522289,2.018301840328939e-05,1,0.34,0.73,2.2,0.103,28.253455771017705,0.0,35.65443677667061,0.0,0.0,0.0,0.0,0.0,0.0,0.024,39.824214959285534,0.0,0.0,0.0,0.0,0.0,0.0,2942.767786187173,1.5478625331500355
8017,Cheyenne County,1713.0,65577.0,969.0,16547.0,0.0,0.0,0.0,4,1.07,0.5975,2.25,0.002,8.361474332989564,1.0,12.615126500849708,1.0,11.92,0.0,0.0,0.0,0.0,0.052,67.44761561419193,0.0,0.0,0.0,44.0,144083255.1570018,0.0312282148663342,4613.880613212095,0.3712709850130782
5113,Polk County,19486.0,48449.0,9652.0,328141.0,0.0,10168.72402464972,4.556447489317696e-06,5,7.140000000000001,57.468,15.079999999999998,2.3676000000000004,9.073209283899171,0.0,0.3846336112599508,43.0,405.75,0.0,0.0,0.0,0.0,0.11,7.449346674240497,12.0,138.0,74.75,16.0,114252294.82556732,0.051194680929958,2231.7219826388105,8.73137431615006
13193,Macon County,11756.0,33960.0,5169.0,169020.0,0.0,141129754.806952,0.1342109232722692,5,1.6,0.8539999999999999,2.8600000000000003,1.6674,2.523815305403437,119.0,0.3703422638306704,8.0,335.89,0.0,0.0,0.0,0.0,0.083,0.5057503029219952,11.0,115.0,115.0,7.0,3218036.3468149262,0.0030602733620598,1051.5519256256566,11.179666656028772
18007,Benton County,8883.0,58620.0,3795.0,128715.0,0.0,16948224.12880936,0.0160975525659615,0,0.0,0.0,0.0,0.0,22.28958213292203,0.0,5.553166755152681,16.0,149.08,0.0,0.0,0.0,0.0,0.092,4.208809382819512,6.0,345.0,345.0,13.0,5841933.401474137,0.0055486720898764,1052.8525216209423,8.437079094728274
24047,Worcester County,54459.0,76689.0,56399.0,505764.0,0.0,357251882.45917207,0.1985076943629245,8,3.0,0.9375,2.325,1.055875,9.854470979327418,0.0,5.475444190789018,13.0,132.74,0.0,0.0,0.0,0.0,0.051,8.401265307549865,17.0,138.0,85.23529411764706,279.0,159167214.63375294,0.0884415685843905,1799.6878298452657,30.26024797016175
18069,Huntington County,37224.0,59894.0,16241.0,541886.0,0.0,91890448.27570271,0.0915099060491374,3,10.0,171.48666666666668,43.06666666666667,13.199666666666666,2.4511119014241265,0.0,1.950331873531011,16.0,408.78,0.0,0.0,0.0,0.0,0.08,4.695810464444087,9.0,138.0,138.0,18.0,30969165.97530528,0.0308409146108136,1004.1584812289173,37.069845742321704
21209,Scott County,62262.0,80782.0,22930.0,932924.0,0.0,40763923.12396161,0.0551443851355545,3,0.5800000000000001,0.71,3.6666666666666665,0.0463333333333333,3.110732961681068,0.0,2.3388338919775755,11.0,269.52,0.0,0.0,0.0,0.0,0.12,0.3378377887077279,20.0,138.0,82.8,17.0,14360329.918178456,0.0194262843954823,739.2216455720151,84.22642974939028
19053,Decatur County,7655.0,56068.0,3662.0,135360.0,0.0,137424226.4836646,0.0994596672436317,5,3.88,8.888,5.74,0.1814,1.3172291530242446,0.0,5.122617268087534,16.0,170.31,0.0,0.0,0.0,0.0,0.049,33.388251821959265,0.0,0.0,0.0,22.0,31175456.75362417,0.0225629835016918,1381.7080862239031,5.540244047438774
18169,Wabash County,30713.0,66194.0,14053.0,461104.0,0.0,93781246.114129,0.0860124150841823,5,18.75,156.118,18.42,8.2468,10.669929224024802,0.0,3.460612388818403,11.0,434.98,0.0,0.0,0.0,0.0,0.079,7.148216957677179,2.0,138.0,138.0,10.0,3687775.9591470137,0.0033822808896099,1090.322205490255,28.16873750286516
18003,Allen County,402329.0,66222.0,162764.0,5800091.0,0.0,178132448.23366404,0.1042107233917354,8,3.42,0.7925,2.25,18.7025,2.197535647607848,0.0,1.358202582500173,33.0,293.51,0.0,0.0,0.0,0.0,0.083,0.4369709256028521,66.0,345.0,147.4090909090909,58.0,9636968.181262704,0.0056378017336581,1709.3485433744822,235.36978550070828
18099,Marshall County,46599.0,66016.0,19828.0,684174.0,0.0,75451638.98639499,0.0647748888495694,13,12.79,4.966153846153846,3.223076923076923,1.0890769230769233,6.544079650785579,0.0,3.5627070174396755,11.0,146.16,0.0,0.0,0.0,0.0,0.072,3.7750080319586954,4.0,345.0,189.75,34.0,7738858.13521788,0.0066437745059681,1164.8285365895542,40.005029526864945
31171,Thomas County,639.0,70069.0,370.0,10308.0,0.0,0.0,0.0,0,0.0,0.0,0.0,0.0,29.262913717925517,0.0,6.773139976042252,3.0,368.63,0.0,0.0,0.0,0.0,0.056,23.829980919334343,0.0,0.0,0.0,1.0,2031356.9535782265,0.0010994610001912,1847.5934600906864,0.3458553051863669
42077,Lehigh County,384383.0,74973.0,149876.0,4157351.0,2.0,49444837.77542442,0.0548250661453314,0,0.0,0.0,0.0,0.0,13.032888817098756,0.0,1.1081492172157816,14.0,222.15,0.0,0.0,0.0,0.0,0.098,1.5363877871922578,131.0,500.0,103.58015267175573,79.0,11676381.792443551,0.0129466828930261,901.882118294028,426.20093269737606
31159,Seward County,18032.0,79677.0,7099.0,322919.0,0.0,170968662.90663525,0.1146257333809504,5,0.95,0.5740000000000001,2.84,0.0566,8.827274353025418,0.0,4.048547777373281,15.0,359.18,0.0,0.0,0.0,0.0,0.045,5.342887451058802,3.0,115.0,115.0,55.0,16157140.146028653,0.0108325350820484,1491.5382247692085,12.089532605032742
36015,Chemung County,80415.0,61358.0,39035.0,591934.0,0.0,24368.77264287068,2.290591403249278e-05,3,0.72,0.89,3.233333333333333,0.707,5.399936953812913,0.0,3.339742272379825,17.0,192.46,0.0,0.0,0.0,0.0,0.063,3.400642979799445,16.0,230.0,129.375,40.0,7147279.935545078,0.0067182283723941,1063.8637955378156,75.58768362762807
36121,Wyoming County,39741.0,65066.0,18137.0,295720.0,0.0,13.528054051398058,8.760719072843197e-09,12,5.53,2.6533333333333333,3.725,0.0864166666666666,2.168394953255924,0.0,0.4626367866282911,21.0,523.11,0.0,0.0,0.0,0.0,0.11,0.8838950806129596,16.0,230.0,150.9375,18.0,3378898.725728253,0.0021881626432911,1544.1716529106411,25.736128444717508
42095,Northampton County,324411.0,82201.0,127724.0,3518907.0,0.0,48722193.62569507,0.0498791910411291,4,1.18,1.295,4.325,0.072,8.487284603440518,0.0,1.8877391858789976,19.0,303.71999999999997,0.0,0.0,0.0,0.0,0.11,0.8750205230037658,100.0,500.0,101.14,122.0,16829720.532256212,0.0172293729639158,976.8040060136484,332.1147313102514
1103,Morgan County,126483.0,61588.0,53324.0,2167250.0,0.0,266760905.7929947,0.1719338807819352,12,170.45,114.05583333333333,3.4166666666666665,289.3014166666667,10.982677793338334,0.0,2.6686578144642024,23.0,232.88,0.0,0.0,0.0,0.0,0.18,5.348395645084978,43.0,500.0,176.7674418604651,441.0,37288531.29093203,0.0240333640111472,1551.5319151175368,81.52136528265888
21027,Breckinridge County,21503.0,51756.0,10725.0,337326.0,0.0,114902415.70612273,0.0757592095148545,6,16.73,69.32166666666667,7.083333333333333,2.9761666666666664,11.412840305791123,0.0,0.5072636139628125,35.0,314.95,0.0,0.0,0.0,0.0,0.18,2.3312609667824225,26.0,345.0,106.15384615384616,23.0,37868377.34919322,0.0249679549029032,1516.679179230258,14.177685231304592
31113,Logan County,669.0,69250.0,371.0,15866.0,0.0,0.0,0.0,4,1.48,0.8400000000000001,2.3,0.494,6.883886004123025,0.0,6.027755194781018,2.0,172.0,0.0,0.0,0.0,0.0,0.049,15.500873779460346,6.0,115.0,76.66666666666667,2.0,2266471.0165920495,0.001532118308086,1479.3054848508143,0.4522392479789038
31161,Sheridan County,4809.0,53609.0,2724.0,94464.0,0.0,26908.587295069658,4.2067107690389714e-06,131,50.49,1.118702290076336,2.8587786259541983,0.1650916030534351,8.096703289697054,353.0,2.5186741808115216,32.0,400.27,0.0,0.0,0.0,0.0,0.086,28.713725262855423,3.0,115.0,115.0,5.0,16263339.036854604,0.0025425029830311,6396.586019917162,0.7518072898615187
56025,Natrona County,80526.0,69104.0,36936.0,2367486.0,0.0,17880949.593565755,0.0012842835030045,20,91.71,66.4165,4.05,11.1521,8.932916109541177,6.0,6.6926516851134075,75.0,972.61,0.0,0.0,0.0,0.0,0.18,36.41498115785576,1.0,115.0,115.0,148.0,258265890.90086368,0.0185497208253771,13922.89907390629,5.783709238467327
13321,Worth County,20059.0,56496.0,9258.0,285455.0,0.0,129483111.65666974,0.0869825944883859,4,27.52,44.9475,3.45,30.56725,4.305792943505708,9.0,2.9137850414727566,7.0,133.85,0.0,0.0,0.0,0.0,0.066,2.6390883828854808,10.0,500.0,165.0,6.0,14708884.185028655,0.009880955841126,1488.609444423175,13.474991761705978
18109,Morgan County,74967.0,79134.0,29442.0,1070319.0,0.0,183346589.2165853,0.1729008163561504,12,3.04,1.1525,3.941666666666667,20.170666666666666,1.3921742920732096,0.0,0.7551784363613253,15.0,537.67,0.0,0.0,0.0,0.0,0.15,2.1823041742039355,18.0,138.0,99.66666666666669,4.0,475847.99421714887,0.0004487375864054,1060.4148362718624,70.6959177066629
48139,Ellis County,240867.0,93248.0,69624.0,3564620.0,15.0,483190963.06270313,0.1959764397479739,10,38.55,121.65,9.85,0.7327,1.3215681306129128,2.0,0.8601230760963343,26.0,290.28,0.0,0.0,0.0,0.0,0.05,0.991439937975778,16.0,345.0,218.5,4.0,2136768.4435735582,0.0008666999706846,2465.407310312617,97.69866382421723
60010,Eastern District,,,,,0.0,23117573.510445982,0.0557252597580181,0,0.0,0.0,0.0,0.0,279.95474767817626,0.0,3770.298676323216,0.0,0.0,0.0,0.0,0.0,0.0,0.0,3710.194176213852,0.0,0.0,0.0,0.0,0.0,0.0,414.8490937652318,
18053,Grant County,66524.0,53033.0,29856.0,978246.0,0.0,47006856.393180594,0.0437441458289524,1,0.12,0.4,3.3,0.361,8.483420831917822,0.0,0.7697129966475101,7.0,195.45,0.0,0.0,0.0,0.0,0.086,4.991741092078767,16.0,138.0,138.0,0.0,0.0,0.0,1074.586221822365,61.90661917029194
17073,Henry County,48095.0,66313.0,22213.0,526073.0,0.0,180487819.5942741,0.084398307913851,3,0.56,0.5233333333333333,2.533333333333333,0.9713333333333334,19.858838817687957,0.0,0.8507325920468888,19.0,435.55,0.0,0.0,0.0,0.0,0.074,16.656837933377158,10.0,345.0,154.1,11.0,5699655.26777548,0.0026652283871389,2138.524148729325,22.4898091651559
55087,Outagamie County,195894.0,78705.0,79305.0,2263624.0,0.0,293475712.7468423,0.1757837434490976,3,1.27,1.2,2.566666666666667,11.352333333333332,14.848462854214636,0.0,5.4001314852815625,11.0,348.64,0.0,0.0,0.0,0.0,0.028,8.002181170039012,19.0,345.0,170.68421052631578,68.0,49795451.68981442,0.0298260828716864,1669.5270345769943,117.33502719207742
29107,Lafayette County,33531.0,78397.0,14151.0,420200.0,0.0,222434009.42721832,0.1344571902426389,12,5.5,1.2483333333333333,2.966666666666667,0.42,6.989183136268097,8.0,1.1567682805344095,22.0,453.59,0.0,0.0,0.0,0.0,0.077,4.299671819851909,20.0,161.0,156.4,45.0,20168542.436340757,0.0121915059646058,1654.3110010275648,20.26886116284812
37195,Wilson County,81150.0,49827.0,36429.0,1018772.0,0.0,132783809.7049184,0.1374082235300148,4,9.829999999999998,14.04,3.35,4.6107499999999995,3.070223095733581,177.0,2.8357219187399956,15.0,222.13,0.0,0.0,0.0,0.0,0.067,0.6090788669312185,49.0,230.0,124.3877551020408,2.0,64166.2343631693,6.640092865272786e-05,966.3454362024676,83.97618176674199
39117,Morrow County,36305.0,70412.0,14507.0,463811.0,0.0,34849586.54101688,0.0330421660572851,4,4.66,8.885000000000002,4.3,0.3305,1.687698900430774,0.0,0.7751549555124535,11.0,230.79,0.0,0.0,0.0,0.0,0.074,8.886747715575016,4.0,138.0,138.0,4.0,515314.01269821473,0.0004885880398948,1054.7004237130884,34.42209672409888
5033,Crawford County,62657.0,56702.0,25453.0,1019047.0,0.0,209883715.5943841,0.1337983766767723,11,9.04,6.784545454545454,5.390909090909091,2.6524545454545456,9.135958319149312,0.0,0.9658351339517852,36.0,288.3,1.0,2903625.353315415,0.0018510266870914,0.0,0.12,10.299719082377404,36.0,161.0,140.55555555555554,15.0,5503747.142554115,0.0035085734556762,1568.656666899759,39.94309355394716
48053,Burnet County,57015.0,71482.0,23802.0,813515.0,0.0,213652050.4987458,0.0807336371259447,5,155.36,1111.1799999999998,29.4,56.7842,16.109468556604316,3.0,1.1701848398600374,37.0,485.9,0.0,0.0,0.0,0.0,0.029,9.24988790392874,24.0,138.0,135.125,17.0,47985042.937064625,0.0181323181812757,2646.38213698545,21.5445075762743
48179,Gray County,20919.0,54563.0,10005.0,359483.0,0.0,43937040.99272193,0.0182541439203053,2,0.92,1.46,3.1,0.0095,21.17130067483103,1.0,2.1384789461677003,19.0,73.25,0.0,0.0,0.0,0.0,0.11,1.8371625529359532,16.0,345.0,159.5625,0.0,0.0,0.0,2406.9625633548267,8.691036710950367
17109,McDonough County,25916.0,48904.0,13655.0,295371.0,0.0,18397.998003028584,1.2037800273040115e-05,3,1.4,2.1133333333333333,4.033333333333334,1.7606666666666666,6.316271336765773,0.0,2.231595009630988,10.0,234.03,0.0,0.0,0.0,0.0,0.09,0.7701588961731395,1.0,138.0,138.0,117.0,27676731.737556264,0.0181088708018078,1528.352156269923,16.95682496581826
19137,Montgomery County,10002.0,61261.0,5030.0,181118.0,0.0,92023929.19366802,0.0835960851512939,1,0.52,2.16,4.2,0.086,11.166758313026529,0.0,0.8472250848211438,9.0,401.13,0.0,0.0,0.0,0.0,0.043,8.201181012664431,4.0,69.0,69.0,4.0,2356508.2068573716,0.0021406916923269,1100.8162526644776,9.085985036822082
48229,Hudspeth County,3433.0,35163.0,1143.0,55809.0,0.0,2765.852309143811,2.3360830350027002e-07,1,1.0,49.6,49.5,41.947,45.73978080225855,0.0,44.73317632408901,2.0,649.26,1.0,23971.359938260408,2.024659346147388e-06,0.0,0.14,43.62393060151471,5.0,115.0,115.0,7.0,120571021.0181649,0.0101836210047195,11839.700334712692,0.2899566630022572
28101,Newton County,20960.0,49160.0,9113.0,361867.0,0.0,196330296.99010855,0.1308046209702354,8,2.24,1.18375,3.1999999999999997,0.144,3.202343204717947,0.0,4.065490530491663,21.0,196.74,0.0,0.0,0.0,0.0,0.11,4.610113329192532,10.0,161.0,156.4,0.0,0.0,0.0,1500.9431282613746,13.964553090215436
37163,Sampson County,61504.0,49963.0,25685.0,772277.0,0.0,262918790.43312964,0.1071008817257962,4,0.52,0.3075,2.375,0.1635,3.461119157936559,411.0,0.4649376181872375,12.0,332.8,0.0,0.0,0.0,0.0,0.093,1.5766518278920214,21.0,230.0,136.9047619047619,142.0,37150448.91778847,0.0151333642949201,2454.8704566808738,25.053867845701703
47127,Moore County,6920.0,69250.0,2981.0,96275.0,0.0,13064397.399790144,0.038677430976634,1,31.05,484.61,15.6,27.094,4.722678836796559,0.0,0.9921237643107996,5.0,163.95,0.0,0.0,0.0,0.0,0.18,4.868960277280149,2.0,161.0,161.0,0.0,0.0,0.0,337.7783133446133,20.486809622203225
12103,Pinellas County,948563.0,66406.0,516276.0,11165456.0,0.0,424470038.2321909,0.1890675197307275,16,15.84,4.13875,2.50625,0.365625,0.4705960753785612,0.0,3.562987417166646,4.0,167.52,0.0,0.0,0.0,0.0,0.029,2.2240164980365384,55.0,230.0,164.34545454545454,200.0,94778992.6870354,0.042216475736533,2245.071172651584,422.5090997358813
20023,Cheyenne County,2604.0,52730.0,1453.0,37670.0,0.0,8009.933129701395,3.0292003957525485e-06,1,0.39,0.68,1.7,0.003,13.018690371279774,11.0,4.90005704647482,10.0,57.97,0.0,0.0,0.0,0.0,0.039,6.674163543619137,8.0,115.0,84.8125,7.0,7208769.9954740275,0.0027262161330918,2644.2400908611644,0.9847819829219596
19185,Wayne County,6738.0,58257.0,3032.0,114069.0,0.0,82493582.1328559,0.0604246751765024,7,51.830000000000005,97.79571428571428,4.414285714285714,2.898142857142857,1.2703792735736483,0.0,7.26047621101133,10.0,71.19,0.0,0.0,0.0,0.0,0.052,26.72154839195711,0.0,0.0,0.0,63.0,30975265.38860258,0.022688678257407,1365.2300516223384,4.935431938370431
48165,Gaines County,23956.0,73299.0,7583.0,355602.0,0.0,0.0,0.0,4,13.23,6.8374999999999995,2.25,0.0584999999999999,22.06490566979461,0.0,53.237703883148434,0.0,0.0,0.0,0.0,0.0,0.0,0.039,4.371595157093211,34.0,230.0,92.67647058823528,0.0,0.0,0.0,3892.3656850679295,6.154611857745303
1093,Marion County,29097.0,49743.0,14143.0,512836.0,0.0,130134642.9134071,0.0675728989012234,2,4.300000000000001,22.87,7.6,2.851,12.534215814494395,1.0,0.2763265775445848,21.0,343.03999999999996,0.0,0.0,0.0,0.0,0.2,4.5312643677030735,13.0,500.0,187.07692307692307,15.0,30545130.75251323,0.015860673115595,1925.840759083534,15.108725818975104
37189,Watauga County,54786.0,50034.0,32783.0,702267.0,0.0,19990132.558527824,0.0246339648422327,1,0.17,0.71,4.2,0.191,10.809370062479855,59.0,4.170746225537399,19.0,242.55999999999997,0.0,0.0,0.0,0.0,0.17,21.36852359575535,0.0,0.0,0.0,103.0,24493399.71485717,0.030183369003481,811.4866074768639,67.51312898477131
51770,Roanoke city,99111.0,51523.0,48726.0,1569525.0,0.0,9027247.409607202,0.0813370789147272,0,0.0,0.0,0.0,0.0,9.862455262068035,0.0,1.3576853432217069,5.0,71.21000000000001,0.0,0.0,0.0,0.0,0.12,3.114845894595347,4.0,138.0,138.0,0.0,0.0,0.0,110.985183043822,893.0110964529964
48317,Martin County,5284.0,70217.0,2173.0,87577.0,0.0,645.7307220526682,2.722698997297089e-07,5,2.3499999999999996,1.008,2.22,0.0275999999999999,14.585354201029237,0.0,27.52156936361995,0.0,0.0,0.0,0.0,0.0,0.0,0.039,3.8020485778349458,11.0,345.0,125.45454545454544,1.0,331367.3135104229,0.0001397197657986,2371.656663008176,2.2279784769933135
29127,Marion County,28525.0,62492.0,12874.0,366469.0,0.0,192879894.4823425,0.1676142188904811,4,0.6100000000000001,0.46,3.0,9.26325,16.33563298944729,38.0,1.382719284220644,23.0,302.16,0.0,0.0,0.0,0.0,0.099,5.893369113420938,27.0,345.0,116.70370370370372,24.0,10100052.539226014,0.0087770290065208,1150.7370582599517,24.788460400443803
36045,Jefferson County,111540.0,62782.0,61573.0,847904.0,0.0,5327796.198064971,0.0011080055159561,44,19375.86,37276.075454545455,5.831818181818182,190.141,0.2672436376997899,170.0,0.3776933789756162,48.0,682.71,1.0,362447718.0202659,0.0753771457996165,0.0,0.1,7.257357657304323,31.0,115.0,115.0,191.0,78073614.85081737,0.0162367314156579,4808.456385225848,23.196633402501185
18097,Marion County,992196.0,59504.0,436859.0,14364555.0,0.0,133922142.72995636,0.1283040007731119,22,15.83,10.14590909090909,4.222727272727273,19.99022727272727,6.140607105032435,0.0,2.7062186011115332,18.0,519.5799999999999,1.0,189429.33629073808,0.0001814826227721,0.0,0.12,1.0515859731212638,121.0,345.0,148.45454545454547,33.0,7064863.77005591,0.0067684871756436,1043.7877160318435,950.5725970526082
5115,Pope County,64976.0,51678.0,26940.0,1065397.0,0.0,263511525.1380075,0.1224991999099784,7,101.04,92.43,6.1571428571428575,167.08342857142856,15.393925891503011,28.0,1.8612166891374904,27.0,298.07,0.0,0.0,0.0,1.0,0.21,15.554693131740134,11.0,500.0,191.8181818181818,16.0,110692636.94023378,0.0514579370067506,2151.128540689698,30.205540380756275
51175,Southampton County,18110.0,67813.0,7737.0,289180.0,0.0,249946058.67217064,0.1602075951528439,2,0.29,0.285,1.95,0.1505,13.511924383435936,921.0,1.7764504055151122,21.0,449.04,0.0,0.0,0.0,0.0,0.066,9.3105686493314,10.0,500.0,234.0,69.0,9052344.039021688,0.0058027844304547,1560.000056440536,11.608973938963643
36087,Rockland County,357397.0,106173.0,108165.0,2464554.0,4.0,83059818.08769621,0.1607316988253398,16,13.21,5.804375,5.5875,0.7033125,4.962383822634018,263.0,1.6841984124830434,18.0,104.08,0.0,0.0,0.0,0.0,0.18,4.397141417852943,7.0,345.0,345.0,17.0,4934194.580337529,0.0095483170501901,516.7606557680556,691.610315163806
5089,Marion County,17593.0,42891.0,9515.0,282212.0,0.0,16579.560927694904,9.998926245435324e-06,1,153.16,6670.7,43.6,226.176,7.905821196690511,0.0,3.665606346920047,22.0,556.66,0.0,0.0,0.0,0.0,0.22,4.018290838252844,6.0,161.0,161.0,18.0,102844643.020766,0.0620243204743142,1658.1341356791936,10.610118699952867
8041,El Paso County,757040.0,82748.0,289809.0,7246525.0,4.0,272085939.9834478,0.0493404703993037,8,4.02,7.195,6.2749999999999995,0.0287499999999999,16.7185336173656,39.0,20.78983172735453,6.0,94.68,7.0,449145763.5870955,0.0814487630437277,0.0,0.082,35.65901043069809,8.0,34.5,34.5,18.0,44095303.48956391,0.0079963081396543,5514.457762188001,137.28276335543555
48475,Ward County,11125.0,70771.0,5124.0,191098.0,1.0,0.0,0.0,1,0.96,2.82,2.9,0.089,26.863871963213924,0.0,14.483336514401389,2.0,397.26,0.0,0.0,0.0,0.0,0.085,8.657407533328376,12.0,138.0,115.0,0.0,0.0,0.0,2164.8255877430142,5.1389821253908075
8061,Kiowa County,1412.0,45250.0,687.0,13836.0,0.0,0.0,0.0,12,58.94,22.331666666666667,4.441666666666667,0.0115,8.450680955758513,0.0,19.60287864660841,3.0,44.29,0.0,0.0,0.0,0.0,0.057,87.09186223056413,0.0,0.0,0.0,10.0,45829568.91355043,0.0099077311123143,4625.637130643194,0.3052552459521747
48487,Wilbarger County,12481.0,50769.0,5861.0,216499.0,0.0,397091.35655100166,0.0001567708692415,3,5.85,26.256666666666664,17.5,0.3153333333333333,4.488850952729904,3.0,4.813031001782798,15.0,317.19,0.0,0.0,0.0,0.0,0.083,3.1508941777782624,18.0,345.0,145.66666666666666,0.0,0.0,0.0,2532.940955823832,4.927473722316037
8119,Teller County,24756.0,69655.0,13365.0,240782.0,0.0,23561329.8729946,0.0162722148963885,4,1.64,5.95,10.575,0.0685,7.980553889265003,11.0,0.6841772152433823,14.0,282.67,0.0,0.0,0.0,0.0,0.14,14.889304899743824,0.0,0.0,0.0,21.0,58465992.325890094,0.040378501399784,1447.9485443757128,17.097292646316806
29049,Clinton County,21661.0,66494.0,8955.0,270644.0,0.0,73083324.49338746,0.0666323334038926,6,25.74,51.35666666666667,4.883333333333334,1.074,5.019719644950874,0.0,0.6426095019736506,7.0,148.0,0.0,0.0,0.0,0.0,0.061,6.6354070386462585,20.0,161.0,87.4,4.0,2784431.8032099213,0.0025386528250491,1096.81472619481,19.749005445202872
37127,Nash County,99365.0,56770.0,43320.0,1243956.0,0.0,123404660.10752438,0.087775158570686,6,13.15,10.735,2.966666666666667,9.780333333333331,9.318518784262269,151.0,0.5896135816433146,13.0,394.08,0.0,0.0,0.0,0.0,0.066,4.346981082968655,15.0,230.0,161.0,31.0,6259078.498564373,0.0044519518875603,1405.9178213613377,70.676250411127
51199,York County,71374.0,105154.0,27905.0,1144352.0,0.0,66498587.02620037,0.1194275555985141,8,3.1900000000000004,1.3975,3.5,0.217375,9.663271839086098,0.0,7.06939626038654,9.0,125.67,3.0,47646546.873461105,0.0855703990156288,0.0,0.06,0.9710338509674352,22.0,230.0,172.5,5.0,16151019.012346316,0.0290062812960172,556.8110867960169,128.18351087565048
16047,Gooding County,16446.0,60938.0,6077.0,212253.0,0.0,6.162971614020758,3.241271690407232e-09,9,7.91,4.463333333333334,4.222222222222222,154.2431111111111,8.107930869366626,4.0,1.2434292292191171,22.0,290.53000000000003,0.0,0.0,0.0,0.0,0.12,57.99833058288445,0.0,0.0,0.0,28.0,186831445.29211032,0.0982596566120002,1901.4054367180936,8.649391488217521
29171,Putnam County,4546.0,50950.0,2845.0,60492.0,0.0,144042830.96206418,0.1070323956568636,3,4.0,8.783333333333333,4.766666666666667,0.1936666666666666,1.5065545424090452,10.0,4.623687896860037,21.0,270.41,0.0,0.0,0.0,0.0,0.06,1.7217159472482593,8.0,69.0,69.0,18.0,25068744.410515416,0.0186275690036855,1345.787225673719,3.3779485443727646
55043,Grant County,52446.0,63497.0,22148.0,615134.0,0.0,242907197.95108363,0.0792539058656074,4,0.8200000000000001,0.5725,2.7,0.03125,26.37675946190658,0.0,2.4170093979966873,31.0,405.68,0.0,0.0,0.0,0.0,0.041,3.1996088661753657,54.0,161.0,78.79629629629629,155.0,105137163.10655718,0.0343033513052532,3064.923953667932,17.11168067880951
38059,Morton County,34601.0,79555.0,15184.0,1275298.0,0.0,116248622.46498124,0.0230745524707265,6,1094.45,4852.608333333334,6.733333333333333,161.181,3.723091587129427,29.0,3.2897463819838757,32.0,742.71,0.0,0.0,0.0,0.0,0.026,6.6676042716142225,24.0,230.0,128.41666666666666,25.0,41091990.236044765,0.00815647759709,5037.957837425444,6.868060654053073
37041,Chowan County,14082.0,51188.0,7162.0,179161.0,0.0,96955889.83147264,0.1602189589529771,2,0.3,0.3399999999999999,2.3,0.0235,5.624068650709956,198.0,7.004061320877385,2.0,9.26,0.0,0.0,0.0,0.0,0.051,5.12814337131511,2.0,230.0,230.0,13.0,5686487.260490648,0.0093968821343274,605.1461728691443,23.27041073933234
37021,Buncombe County,277417.0,66531.0,130081.0,3552942.0,0.0,57141044.804320395,0.0334306107285099,7,3.35,5.147142857142858,7.228571428571428,1.2877142857142856,3.471944702389904,6.0,3.9244958162858663,17.0,302.69,0.0,0.0,0.0,0.0,0.21,4.343110975533009,60.0,230.0,116.91666666666669,219.0,156682895.9120609,0.0916679939046034,1709.2432073414575,162.30399442773975
51730,Petersburg city,33734.0,46930.0,17941.0,533013.0,0.0,4806600.490259951,0.0808873200794708,0,0.0,0.0,0.0,0.0,11.21326818716682,0.0,3.6928778733410543,1.0,15.87,1.0,48052.542574436,0.0008086466515632,0.0,0.11,4.05667217134055,1.0,230.0,230.0,0.0,0.0,0.0,59.423411302754495,567.6887149431676
13175,Laurens County,51041.0,46776.0,21943.0,674461.0,0.0,239352473.10652715,0.1129112427660379,4,2.67,2.1374999999999997,3.125,35.406749999999995,7.1766845933192815,762.0,0.855836711343647,17.0,391.76,0.0,0.0,0.0,0.0,0.12,5.549791308732035,23.0,230.0,135.0,4.0,36011544.05011784,0.016987951451261,2119.828523965115,24.077890934559363
5007,Benton County,332554.0,85269.0,114425.0,5102781.0,0.0,204819944.04933232,0.0894218888508208,9,97.63,334.00777777777785,13.666666666666666,7.606333333333333,12.18665954672311,17.0,5.3459136355477,22.0,235.97,0.0,0.0,0.0,0.0,0.11,0.2126801535059777,70.0,345.0,130.77142857142857,17.0,5403521.226809613,0.0023591114498806,2290.4900177916707,145.18901956212198
12083,Marion County,442660.0,55265.0,179079.0,4602240.0,0.0,859608122.3200722,0.1996167160958767,71,314.77,31.895915492957748,3.046478873239437,4.632042253521127,11.36503034399166,0.0,1.601082773588958,17.0,147.91,0.0,0.0,0.0,0.0,0.044,2.3074728441193573,70.0,230.0,96.6,14.0,353162498.59400827,0.0820111122089691,4306.276175039927,102.79415021399451
34041,Warren County,112953.0,92620.0,46493.0,877460.0,0.0,61569942.492357016,0.0655514519755593,17,10.85,6.64764705882353,6.094117647058823,0.6074705882352941,0.7112229739759763,164.0,1.6426063774893924,15.0,252.13,0.0,0.0,0.0,0.0,0.12,6.090790430076711,10.0,230.0,230.0,458.0,76989218.10847943,0.0819678373761728,939.26130751937,120.25726929848074
36021,Columbia County,60168.0,81741.0,33292.0,447713.0,0.0,228571.06135603023,0.0001361480287084,14,6.42,2.537857142857143,4.835714285714286,37.806,2.045573610129973,51.0,2.438049979146302,24.0,300.71999999999997,0.0,0.0,0.0,0.0,0.098,2.7089623911545235,21.0,115.0,115.0,115.0,29069141.38363017,0.0173149928610717,1678.842239027689,35.838983914799904
51690,Martinsville city,13849.0,39127.0,7042.0,216163.0,0.0,1087287.3784778088,0.0381367633922404,1,0.1,0.42,4.2,0.207,2.7952715056650894,0.0,2.5584526567644357,1.0,41.25,0.0,0.0,0.0,0.0,0.1,4.862385840194726,0.0,0.0,0.0,0.0,0.0,0.0,28.510216435908568,485.7556950201616
29165,Platte County,114400.0,92543.0,45378.0,1418125.0,5.0,199246973.14213997,0.180439321782237,8,4.84,1.41875,2.8625,0.0465,9.39795948862448,13.0,0.1019738416127658,10.0,280.47,0.0,0.0,0.0,0.0,0.062,3.2664530439549715,24.0,345.0,138.0,36.0,24937626.254583582,0.0225836724005133,1104.2325540471768,103.60136511163972
29021,Buchanan County,83540.0,58303.0,38368.0,1063728.0,0.0,517192.7254550924,0.0004809733979651,9,6.029999999999999,1.4144444444444444,2.111111111111111,178.15133333333335,9.427117532522606,7.0,2.9914125957866027,15.0,477.68,1.0,361608.46854379657,0.0003362848031078,0.0,0.058,8.558089034787468,13.0,345.0,161.0,40.0,24054689.217561036,0.0223701244065151,1075.3042218466717,77.68964196618958
1083,Limestone County,122928.0,80146.0,42616.0,1934998.0,0.0,312811385.1715633,0.198912554245568,11,182.26,126.47363636363634,2.9909090909090907,466.6452727272727,11.923727000216497,13.0,2.5546684898287775,35.0,211.55,0.0,0.0,0.0,1.0,0.19,6.850182579529655,18.0,500.0,236.33333333333337,263.0,36033727.55122382,0.0229133629068047,1572.607552098893,78.16826253691404
18065,Henry County,49137.0,57632.0,20978.0,723913.0,0.0,67401174.08002824,0.0659109279829644,3,2.97,11.323333333333332,7.2,0.5133333333333333,3.5769694226950492,0.0,0.9675126829447795,13.0,344.63,0.0,0.0,0.0,0.0,0.1,1.5231671637400328,15.0,138.0,92.0,12.0,6540861.697303838,0.006396242649507,1022.6100002331784,48.050576455144814
31143,Polk County,5270.0,67695.0,2537.0,95803.0,0.0,198106936.29885015,0.1735866212022582,0,0.0,0.0,0.0,0.0,15.48221313583336,0.0,6.466174256242523,5.0,211.22,0.0,0.0,0.0,0.0,0.052,19.484317096858415,1.0,115.0,115.0,10.0,1980037.0522327055,0.0017349616736679,1141.2569408790307,4.617715617957939
39123,Ottawa County,39481.0,69515.0,28626.0,538077.0,0.0,264296577.5339095,0.1744142616175882,22,25778.29,22682.32772727273,2.0772727272727276,445.45222727272727,0.0,0.0,3.558221481952132,14.0,206.72,1.0,2339970.853199633,0.0015441905921582,1.0,0.072,12.222042557424,7.0,345.0,226.71428571428572,100.0,44632379.25546443,0.029453728503602,1515.3388559959762,26.054238524788964
27107,Norman County,6336.0,65278.0,3213.0,74579.0,0.0,394817736.0828875,0.1738733339190425,2,0.46,0.31,1.3,0.0035,6.599522700676255,13.0,3.7886250263263728,20.0,636.01,0.0,0.0,0.0,0.0,0.025,5.0544372340268895,11.0,230.0,83.63636363636364,122.0,67705717.76427524,0.0298168440471003,2270.7204577829593,2.790303834310903
27053,Hennepin County,1284784.0,92595.0,556973.0,14458237.0,3.0,265275165.32970113,0.1688066706621943,97,107.45,5.832474226804123,3.719587628865979,8.771412371134021,0.9673851884353992,600.0,5.422131868343438,28.0,537.58,1.0,1124651.9857623216,0.0007156672850781,0.0,0.025,2.066999185321724,80.0,345.0,115.0,220.0,76396523.77185442,0.0486145881705471,1571.473227415704,817.5665850272447
42027,Centre County,157393.0,70087.0,65712.0,1750196.0,0.0,112464954.45017508,0.0390627600437476,3,7.65,78.36666666666666,15.033333333333331,5.620333333333334,12.644569530949909,0.0,0.965599707592064,38.0,570.52,0.0,0.0,0.0,0.0,0.051,4.147587518716083,8.0,230.0,215.625,74.0,47476894.75680888,0.0164902796304346,2879.083667519194,54.66774091203124
48025,Bee County,32515.0,50283.0,10591.0,524003.0,0.0,300263266.8248914,0.1316911964555484,0,0.0,0.0,0.0,0.0,26.16844598772381,0.0,1.997895975066852,5.0,155.59,0.0,0.0,0.0,0.0,0.03,17.72202326418266,1.0,345.0,345.0,4.0,3800524.438752678,0.0016668559420882,2280.0557281461356,14.260616351880683
19171,Tama County,16796.0,65483.0,7589.0,299536.0,0.0,255144237.88854775,0.1364276309425787,9,2.04,0.7255555555555556,3.0555555555555554,4.742999999999999,3.305326715279306,0.0,6.986437258662981,14.0,253.95,0.0,0.0,0.0,0.0,0.041,5.05749556855805,3.0,161.0,130.33333333333334,139.0,49059359.45197115,0.0262324271454292,1870.1799562805377,8.980953914939994
20175,Seward County,21073.0,57131.0,8268.0,316258.0,0.0,63953808.44794957,0.0385576359784814,1,1.03,1.49,1.4,0.08,13.576289030928578,0.0,1.0527205425824655,1.0,45.69,0.0,0.0,0.0,0.0,0.054,5.814545338877268,15.0,138.0,111.93333333333334,0.0,0.0,0.0,1658.6548426668433,12.704873526380023
19135,Monroe County,7406.0,76324.0,3660.0,133098.0,0.0,74648616.7602803,0.0663648309124038,3,0.95,1.13,3.4,70.96400000000001,4.270940011389896,0.0,0.1358256160575116,10.0,198.91,0.0,0.0,0.0,0.0,0.052,15.460324245889694,4.0,161.0,138.0,7.0,10696140.82352692,0.0095091859409304,1124.8219237660987,6.584153316645383
17021,Christian County,33443.0,56933.0,15210.0,362391.0,0.0,115813379.32720108,0.0624741671185883,9,14.39,14.438888888888888,3.5999999999999996,4.000333333333334,2.3339309209610537,0.0,0.6489911034116754,11.0,209.5,0.0,0.0,0.0,0.0,0.17,2.9166972312764794,12.0,345.0,224.25,64.0,16021733.03422941,0.0086427356918922,1853.7802850154756,18.040433524041287
13275,Thomas County,46368.0,55958.0,20796.0,626030.0,0.0,173019066.9522233,0.1209721906896569,9,1.37,0.4433333333333333,2.911111111111111,0.4847777777777777,6.163741502023918,51.0,4.586393345903792,11.0,193.7,0.0,0.0,0.0,0.0,0.055,4.087459219505801,8.0,230.0,120.75,6.0,28565194.840988833,0.0199723317109046,1430.2383544627662,32.41977105097073
21005,Anderson County,25225.0,69885.0,10055.0,392058.0,0.0,26526276.8847345,0.0501352254581055,2,11.12,180.985,19.0,6.6315,3.449354666913188,0.0,0.0086048719908471,5.0,343.45,0.0,0.0,0.0,0.0,0.12,4.00185935578818,13.0,69.0,69.0,5.0,9153408.894006124,0.0173001367890915,529.0945965108027,47.675784569243795
21185,Oldham County,70986.0,117334.0,23195.0,1151187.0,0.0,45013490.624557845,0.0885169583000981,3,0.46,0.4533333333333333,2.966666666666667,0.059,0.5975075307052515,0.0,2.8900660084833643,10.0,186.94,0.0,0.0,0.0,0.0,0.13,2.202188609143075,14.0,345.0,133.07142857142858,10.0,4898421.411135676,0.0096325203348982,508.5295686725823,139.59070302498864
13057,Cherokee County,299273.0,100824.0,101159.0,3855756.0,0.0,89553154.49674249,0.0796255383692256,5,38.43,171.81199999999998,11.16,13.6858,8.47526726417434,16.0,0.3363888081893627,16.0,283.88,0.0,0.0,0.0,0.0,0.16,0.512863107859872,31.0,500.0,145.96774193548387,14.0,18349241.744138915,0.0163124237133664,1124.8629919478644,266.05284567302294
38065,Oliver County,1898.0,69722.0,908.0,71676.0,0.0,32318957.42666292,0.0170684297186508,4,2.63,6.645,5.3500000000000005,0.297,7.774332975465021,5.0,1.0863705543994444,29.0,227.71,0.0,0.0,0.0,0.0,0.025,5.599467598854129,18.0,345.0,198.05555555555551,21.0,42339840.057419695,0.0223607022583836,1893.493306613188,1.0023800947017198
26133,Osceola County,23516.0,54875.0,12619.0,225529.0,0.0,11.065129814762344,7.45578652878017e-09,34,9.55,0.9973529411764704,3.2323529411764707,0.1344705882352941,2.4375991665464576,0.0,6.004677520397775,19.0,243.97,0.0,0.0,0.0,0.0,0.032,8.289288372893989,9.0,69.0,69.0,44.0,81256101.72656228,0.0547511108117177,1484.0996013029214,15.845297700609056
53001,Adams County,21488.0,63105.0,6774.0,237238.0,0.0,147832718.62052596,0.0295774046286137,17,11.93,3.5288235294117647,3.288235294117647,0.6974117647058824,26.95625740123683,9.0,23.774233703515804,11.0,306.57,0.0,0.0,0.0,0.0,0.17,42.176561630608695,0.0,0.0,0.0,99.0,57304487.73040763,0.0114651075651825,4998.163986217707,4.299178670258227
29057,Dade County,7804.0,46806.0,3792.0,97301.0,0.0,122273295.67683785,0.0932534276544676,1,96.44,2064.8,21.4,36.836,5.552376151436239,0.0,4.710850412477482,21.0,177.67000000000002,0.0,0.0,0.0,0.0,0.11,8.842793246828215,6.0,345.0,191.66666666666663,24.0,58248525.66428463,0.0444240474897274,1311.1935754560386,5.951829040411319
50007,Chittenden County,169115.0,89494.0,73209.0,1436087.0,0.0,286360071.97241974,0.1781394629749145,11,6.12,3.4818181818181815,5.381818181818182,7.795545454545455,7.926444074950547,262.0,1.8486282143818968,21.0,230.72,4.0,48739415.260122485,0.0303199157632067,0.0,0.19,2.7533077613423163,22.0,115.0,96.70454545454544,275.0,72387554.9298534,0.0450310007253543,1607.5049135893669,105.20341093227913
27079,Le Sueur County,29453.0,87180.0,12889.0,327769.0,0.0,151443985.27189738,0.1233776244152762,48,66.36,7.474166666666666,3.875,4.874291666666666,5.10942409448937,35.0,3.1436246683261455,27.0,277.53,0.0,0.0,0.0,0.0,0.026,8.682509046301371,26.0,345.0,90.23076923076924,197.0,35243937.242474176,0.0287136139669702,1227.4295142024264,23.99567523772501
53017,Douglas County,46473.0,79422.0,17438.0,496809.0,13.0,15835.020137162594,3.306969767919429e-06,15,111.26,62.01133333333333,5.3066666666666675,0.3398,6.275574431083623,8.0,6.3886381911765255,42.0,450.26,0.0,0.0,0.0,0.0,0.21,19.53809418876819,3.0,500.0,500.0,42.0,143266495.27711707,0.0299196315845098,4788.3776533963155,9.705374839646886
36009,Cattaraugus County,75390.0,56889.0,40254.0,555681.0,0.0,1222982.589005863,0.0003570792622959,22,51.13999999999999,75.43772727272727,6.077272727272727,6.364227272727273,11.39287009836095,0.0,2.555383559224275,45.0,472.55,0.0,0.0,0.0,0.0,0.074,9.935690570936552,36.0,345.0,121.38888888888889,69.0,31633945.91589054,0.0092362934457947,3424.9611168746023,22.011928727762033
55027,Dodge County,89097.0,71747.0,38150.0,1040131.0,0.0,452356678.08037674,0.1925429054850276,18,67.19000000000001,8.306666666666667,2.1500000000000004,4.901944444444444,4.738174979855288,0.0,4.826280851257928,22.0,386.59,0.0,0.0,0.0,0.0,0.039,0.5396646751472177,38.0,345.0,94.42105263157896,153.0,216649817.5932967,0.0922156947681953,2349.381177877523,37.92360338925162
19105,Jones County,21253.0,68781.0,8893.0,362692.0,0.0,144654273.55098584,0.0967828415268755,1,0.37,0.92,2.5,0.075,14.886360318664542,0.0,0.2347993169270511,9.0,494.21,0.0,0.0,0.0,0.0,0.048,13.202334552041751,1.0,161.0,161.0,23.0,15959332.91143074,0.0106778012852639,1494.627263147847,14.21959877490718
20007,Barber County,4083.0,53774.0,2496.0,59458.0,0.0,244533024.2832369,0.0830995233110979,3,0.72,0.7000000000000001,2.9333333333333336,0.061,11.73053397597382,0.0,7.32893544158487,18.0,298.37,0.0,0.0,0.0,0.0,0.063,10.313911780737582,10.0,345.0,163.3,3.0,896670.1544410386,0.0003047149265527,2942.652546053864,1.3875236495302026
46031,Corson County,3781.0,48125.0,1369.0,59522.0,0.0,47233218.64758635,0.0072092343387585,14,1097.37,2080.328571428571,4.45,76.86407142857142,22.263189125460368,1.0,1.0540016913005517,54.0,517.28,0.0,0.0,0.0,0.0,0.032,24.859263336753767,3.0,115.0,115.0,12.0,18638659.087009624,0.0028448296551848,6551.766308059849,0.5770962855235986
46053,Gregory County,4037.0,48272.0,2211.0,60108.0,0.0,14527135.674689297,0.005324008710602,5,1.46,0.9600000000000002,3.2,0.5721999999999999,12.88615167856676,1.0,3.2615721728029534,35.0,190.65,0.0,0.0,0.0,0.0,0.099,9.936442806111945,6.0,115.0,115.0,18.0,33070527.875430413,0.0121199238732081,2728.60854749549,1.479508668880131
37181,Vance County,42638.0,48340.0,19392.0,553871.0,0.0,86675182.84833883,0.1245526053064695,3,181.44,1383.7333333333331,10.233333333333333,89.09466666666667,2.5234938011964356,7.0,2.995640979025337,15.0,274.05,0.0,0.0,0.0,0.0,0.072,1.4179603440863315,11.0,230.0,146.36363636363637,2.0,447205.33578002383,0.0006426359639277,695.8921705015247,61.27098681002703
45011,Barnwell County,20653.0,42470.0,9914.0,335167.0,0.0,111441594.53626038,0.0772128837731018,9,14.91,18.137777777777774,5.222222222222222,0.4036666666666666,5.9913136079225024,9.0,0.956857797762942,19.0,481.93,0.0,0.0,0.0,0.0,0.23,4.210019055761137,26.0,230.0,109.6923076923077,10.0,2701240.712619098,0.0018715685672564,1443.3030987365107,14.309537628014482
18009,Blackford County,11730.0,51108.0,5864.0,179863.0,0.0,17396850.495474424,0.0405655099274328,0,0.0,0.0,0.0,0.0,15.41073224991551,0.0,2.793199115362334,5.0,127.4,0.0,0.0,0.0,0.0,0.088,4.16192490537653,1.0,345.0,345.0,0.0,0.0,0.0,428.8581735221726,27.351699755801768
1055,Etowah County,103886.0,52177.0,47412.0,1798693.0,0.0,183929727.24272344,0.1294423073935241,9,29.9,18.067777777777778,3.588888888888889,132.45044444444443,5.170247339880433,31.0,0.8301929413087875,21.0,413.05,0.0,0.0,0.0,0.0,0.18,2.4568785117859666,26.0,230.0,128.26923076923077,15.0,1541051.1983510784,0.0010845295424315,1420.9398066703902,73.11076761473122
16025,Camas County,1316.0,63750.0,678.0,14369.0,0.0,9945.874348793035,3.559978088393588e-06,6,20.6,45.903333333333336,6.033333333333334,3.6485,20.343912454379076,3.0,0.5037315905279236,31.0,303.89,0.0,0.0,0.0,0.0,0.22,69.32340966613683,0.0,0.0,0.0,4.0,37242885.66831511,0.013330538098326,2793.802125136403,0.4710426655344277
20155,Reno County,61539.0,57390.0,28309.0,883339.0,0.0,644846072.2848821,0.1957193695499518,5,40.35,37.86,2.4799999999999995,11.3342,13.488626818884908,0.0,5.744749975068283,17.0,632.5,0.0,0.0,0.0,0.0,0.055,12.166842102080002,36.0,115.0,93.27777777777776,5.0,59541672.523243874,0.0180716838006233,3294.749575088849,18.677899062583684
40001,Adair County,19828.0,44955.0,8141.0,367841.0,0.0,90667010.26804596,0.060638290966072,4,1.11,1.3325,4.575,0.2975,12.652096759989504,0.0,4.415461013617946,16.0,211.89,0.0,0.0,0.0,0.0,0.1,5.308936287239147,13.0,161.0,83.15384615384616,23.0,53089362.82936502,0.035506279747541,1495.2105150650673,13.261008935010828
39085,Lake County,232217.0,76835.0,105399.0,3081818.0,0.0,53261378.68353488,0.0209985035291358,2,25767.93,249500.25,11.5,4898.4555,0.0,0.0,16.881964864428628,8.0,142.86,0.0,0.0,0.0,1.0,0.081,18.24689279067563,51.0,345.0,150.1764705882353,106.0,26352173.224376533,0.010389445713382,2536.4368755913283,91.55244596649482
51775,Salem city,25816.0,68402.0,11096.0,406389.0,0.0,6635321.341660859,0.1751987070233908,0,0.0,0.0,0.0,0.0,11.66330203266816,0.0,0.7907544296895724,2.0,53.46,0.0,0.0,0.0,0.0,0.13,5.527447140585576,0.0,0.0,0.0,0.0,0.0,0.0,37.86911906398854,681.7164126891349
51121,Montgomery County,98434.0,65270.0,41660.0,1586656.0,0.0,41673292.51489557,0.0413338827023565,0,0.0,0.0,0.0,0.0,19.219426366824734,0.0,3.4282101657032182,18.0,388.39,1.0,9322174.049331138,0.0092462492266066,0.0,0.17,1.411155950286515,18.0,765.0,172.83333333333334,26.0,49142093.065607555,0.0487418533248826,1008.2114181842388,97.63230035350814
29011,Barton County,11795.0,48105.0,5311.0,150262.0,0.0,211055691.70425552,0.1365611415510637,5,0.98,0.38,1.7,0.8715999999999999,5.3225019523953625,0.0,4.738163791516467,11.0,187.06,0.0,0.0,0.0,0.0,0.089,24.81893331968784,1.0,161.0,161.0,51.0,49418021.81031214,0.0319753587401595,1545.503279944294,7.631818161152746
48077,Clay County,10764.0,75227.0,5138.0,171963.0,0.0,738801.8102019695,0.0002554305097242,5,44.15,169.51600000000002,5.720000000000001,1.1638,5.248141159534615,0.0,5.193621480408649,16.0,187.32,0.0,0.0,0.0,0.0,0.092,3.8589265803796935,11.0,345.0,108.72727272727272,0.0,0.0,0.0,2892.378893076863,3.7215041313447847
51095,James City County,83326.0,100711.0,34104.0,1302481.0,0.0,88101318.27134855,0.1899594184073571,7,9.05,12.154285714285717,6.3,0.4102857142857142,5.183732180861578,0.0,0.7626995811754508,12.0,92.12,2.0,3909101.2924254416,0.0084285981478449,0.0,0.076,2.684027193121956,15.0,500.0,194.33333333333337,6.0,6443421.453362271,0.0138929656882583,463.7902085087474,179.66312887010508
31101,Keith County,8100.0,59511.0,5370.0,152463.0,0.0,331158099.91453135,0.1152041774737172,2,111.48,1178.7,13.7,81.38550000000001,0.9332702893559892,1.0,1.5357557331595488,17.0,196.97,0.0,0.0,0.0,0.0,0.042,1.7599618798124832,13.0,345.0,141.53846153846155,11.0,22318600.840586927,0.0077642553710844,2874.532041244492,2.81784996089075
31137,Phelps County,8994.0,65114.0,4163.0,164569.0,0.0,143770251.54526585,0.1027154077116386,1,0.27,0.56,2.1,0.019,8.448633089151132,0.0,11.424310055067467,10.0,69.56,0.0,0.0,0.0,0.0,0.044,6.279029006403112,26.0,115.0,72.53846153846153,8.0,13683925.84735114,0.0097763619523128,1399.69509251996,6.425685171052168
42073,Lawrence County,83911.0,57585.0,39647.0,937367.0,0.0,61545853.96457243,0.0656828650047579,2,0.3299999999999999,0.445,2.5999999999999996,21.9095,7.900207387036972,0.0,1.1030234322829784,20.0,245.49,1.0,23868.276375385904,2.54726626421198e-05,0.0,0.054,2.1800368331760014,22.0,345.0,112.9090909090909,35.0,3155011.775730394,0.0033670864957162,937.0153632062298,89.55135987619003
39067,Harrison County,14070.0,54056.0,7403.0,194380.0,0.0,54134039.121484905,0.0508836017683075,5,23.35,45.41799999999999,7.459999999999999,1.7567999999999997,3.8020351837561863,0.0,1.82214712646012,27.0,237.78,0.0,0.0,0.0,0.0,0.057,4.264571684026031,3.0,138.0,138.0,31.0,30133536.01330153,0.0283241906803006,1063.8798599198578,13.225177513051046
37003,Alexander County,36958.0,62764.0,16035.0,473888.0,0.0,28254248.530621164,0.0413797233772645,4,17.48,47.925,7.275,34.25,10.732001388980004,0.0,1.9295582171604968,20.0,257.56,0.0,0.0,0.0,0.0,0.14,2.8334367568217487,9.0,100.0,100.0,9.0,1168384.4217749753,0.0017111559034725,682.8041906666059,54.126791406946055
33005,Cheshire County,78269.0,76551.0,35706.0,613466.0,0.0,108603785.1190024,0.0575245198787494,70,46.88,5.699571428571429,5.605714285714285,9.017671428571427,1.7638799433638688,1390.0,0.5205580318536879,57.0,392.97,0.0,0.0,0.0,0.0,0.15,3.303474037539804,20.0,345.0,117.3,179.0,130718778.8623459,0.0692382405275278,1887.956393264724,41.4569956590228
51101,King William County,19617.0,79398.0,7470.0,280887.0,0.0,118738939.60439532,0.1603464253017054,4,0.76,0.4475,2.55,0.0955,11.892016100476209,0.0,0.3126469280574468,20.0,171.58,0.0,0.0,0.0,0.0,0.11,13.603343048920555,5.0,230.0,184.0,16.0,11304506.803242557,0.0152657355854613,740.5150403632505,26.49102169535561
8055,Huerfano County,7011.0,49631.0,4738.0,66411.0,0.0,88.75496195227689,2.1508278446852723e-08,9,6.66,15.39,7.444444444444445,0.1848888888888888,12.688602310974751,0.0,5.34133685738758,16.0,235.19,0.0,0.0,0.0,0.0,0.12,81.8514757417455,0.0,0.0,0.0,63.0,305719773.5080036,0.0740860665216043,4126.548862178428,1.6989984207527
48255,Karnes County,15018.0,57798.0,5842.0,249024.0,0.0,308576824.1776739,0.1581082941219615,3,0.48,0.5366666666666666,3.266666666666667,0.019,16.18861818724586,0.0,4.162497211324935,5.0,395.38,0.0,0.0,0.0,0.0,0.03,4.663349765742547,6.0,345.0,149.5,0.0,0.0,0.0,1951.6801815573565,7.694908285647644
48003,Andrews County,18914.0,86458.0,6976.0,305488.0,0.0,60119.9193554754,1.5463708238935493e-05,3,1.81,2.0933333333333333,3.1333333333333333,0.0133333333333333,16.9652467446487,0.0,61.84690657081887,0.0,0.0,0.0,0.0,0.0,0.0,0.047,0.8752447110888555,11.0,230.0,133.8181818181818,1.0,55175.20745910137,1.419185719670422e-05,3887.807402114695,4.864952926863637
39109,Miami County,112634.0,71440.0,46770.0,1465486.0,0.0,95935309.29858084,0.0904226731214382,6,1.08,0.42,2.3666666666666667,18.651333333333337,4.240289838751786,0.0,1.475496581653219,8.0,318.21,0.0,0.0,0.0,0.0,0.13,5.698783677944776,16.0,345.0,133.6875,19.0,3273877.9975349023,0.0030857543710962,1060.9651980730443,106.16182340812792
31169,Thayer County,4842.0,60305.0,2520.0,92684.0,0.0,174952638.9106448,0.1174826398450445,1,0.13,0.39,3.2,0.042,16.659178486446113,0.0,0.1307249086311998,11.0,209.11,0.0,0.0,0.0,0.0,0.046,0.1793781633253987,6.0,115.0,99.66666666666669,11.0,6114484.309266806,0.0041059441138847,1489.1786492149065,3.251456769510292
19079,Hamilton County,14944.0,66685.0,7042.0,264355.0,0.0,83230315.54293935,0.0556470757104849,3,1.66,1.46,2.6999999999999997,0.168,8.850077469132085,0.0,1.32321795778874,17.0,685.86,0.0,0.0,0.0,0.0,0.034,21.987004986413197,0.0,0.0,0.0,41.0,16262891.409831816,0.0108732298279603,1495.681749319044,9.991430333895378
39165,Warren County,257181.0,103128.0,93520.0,3320237.0,2.0,89024827.38628677,0.0843540527914228,9,12.37,33.78888888888889,5.677777777777778,19.35033333333333,7.099133464103468,0.0,4.747446832890701,16.0,434.88,0.0,0.0,0.0,0.0,0.1,5.803061241404259,53.0,345.0,131.49056603773585,35.0,6357563.59633744,0.0060240078078147,1055.371075065679,243.68774744370825
13255,Spalding County,70775.0,57367.0,27957.0,944741.0,0.0,54532844.580309704,0.1054922066485542,4,4.77,11.232500000000002,6.300000000000001,0.47725,6.744409270966768,34.0,3.6062957429736233,9.0,320.18,0.0,0.0,0.0,0.0,0.099,0.8251619121717096,26.0,500.0,134.23076923076923,11.0,2148671.160413979,0.0041565420586188,516.9371872368267,136.91218536300724
34019,Hunterdon County,131781.0,133534.0,51684.0,1026578.0,0.0,60961775.65152926,0.0538128513656966,2,13.47,150.1,20.0,1.299,7.215831420290798,139.0,1.5871259546476248,19.0,293.77,0.0,0.0,0.0,0.0,0.13,11.988458207813958,4.0,500.0,297.5,326.0,63489412.3050797,0.056044074687037,1132.8478997935,116.3271786300893
29217,Vernon County,19946.0,53318.0,8965.0,254427.0,0.0,412245669.37696195,0.1902059556085469,19,6.84,0.8989473684210527,2.3684210526315788,0.7881052631578948,7.5524902209276625,0.0,4.508594244329317,14.0,325.61,1.0,5101770.234510803,0.0023539048553668,0.0,0.083,6.818134043784796,3.0,161.0,161.0,78.0,126520817.2904706,0.0583754171690705,2167.3646789372515,9.202881358101834
18121,Parke County,16642.0,63393.0,7604.0,241754.0,0.0,156493265.43645042,0.1342739539700793,5,7.59,34.144,8.64,1.8368,0.9823496659927896,0.0,3.3300899872473777,10.0,368.73,0.0,0.0,0.0,0.0,0.14,3.479441983490423,10.0,345.0,156.4,21.0,12023833.670708248,0.0103166592143237,1165.4774497168846,14.279126553707789
19069,Franklin County,9868.0,62214.0,4668.0,176365.0,0.0,162132845.1027282,0.1074625036027627,5,1.0,0.4920000000000001,2.34,3.6158,3.966328971766198,0.0,6.197737422843244,13.0,312.34,0.0,0.0,0.0,0.0,0.033,6.493430916276616,8.0,161.0,161.0,54.0,11863066.510554262,0.0078629029597458,1508.7387662403205,6.540562369581328
13035,Butts County,27218.0,60076.0,9509.0,342014.0,0.0,48455445.22758464,0.0994928386748278,4,12.51,38.165,7.725,15.45375,4.632543407271618,26.0,4.3148206461012775,14.0,362.75,0.0,0.0,0.0,0.0,0.11,0.5396816773993063,5.0,500.0,192.0,7.0,5666424.910614028,0.0116347852516234,487.0244519402188,55.886311029288834
8039,Elbert County,30534.0,124360.0,9898.0,253405.0,0.0,191205936.77302995,0.0398998816146133,1,0.55,1.21,2.2,0.034,21.69046443570377,6.0,13.8514920762937,7.0,75.72,0.0,0.0,0.0,0.0,0.069,73.63352234430083,0.0,0.0,0.0,48.0,246163420.36342165,0.0513681295496441,4792.142959488519,6.371679696980282
30083,Richland County,11377.0,67515.0,5559.0,156974.0,0.0,340023878.5824377,0.0624128591093904,6,2.4,0.8933333333333334,2.8166666666666664,0.1023333333333333,13.02639779915661,0.0,12.961690561398614,33.0,875.5,0.0,0.0,0.0,0.0,0.042,48.440841639199405,0.0,0.0,0.0,2.0,3962982.969059304,0.0007274227286761,5447.977926496468,2.088297741565267
48147,Fannin County,39265.0,65835.0,14667.0,595604.0,0.0,435190510.7771722,0.1869296213985216,9,10.64,8.393333333333334,4.333333333333333,0.2426666666666667,6.386090233924121,0.0,1.4889115218530522,22.0,293.79,0.0,0.0,0.0,0.0,0.088,6.556458763688243,23.0,345.0,148.0,7.0,16065215.627474483,0.0069005748070344,2328.0981768500715,16.865697671360984
20043,Doniphan County,7594.0,66358.0,3386.0,107431.0,0.0,106572842.93968152,0.1033153212254511,2,1.52,1.7100000000000002,1.9,0.124,17.077462131292922,0.0,5.241025585457981,13.0,199.04,0.0,0.0,0.0,0.0,0.056,14.613596393138806,2.0,115.0,92.0,6.0,2682391.609260964,0.0026004012202155,1031.5298994662735,7.361880643429947
48265,Kerr County,54037.0,66713.0,25246.0,880495.0,0.0,197913745.418365,0.0690112018450715,2,0.54,0.8049999999999999,2.9,3.0755,16.416951836513505,0.0,1.0182153064605233,12.0,213.46,0.0,0.0,0.0,0.0,0.023,15.41228884106168,2.0,138.0,138.0,30.0,75502354.37779172,0.0263271667082001,2867.8495948549908,18.842340998964527
28017,Chickasaw County,16730.0,40224.0,7794.0,289358.0,0.0,199471563.27525416,0.1527359928655262,13,3.79,0.8907692307692308,3.1153846153846154,0.3466923076923077,10.825369982568382,0.0,3.0155106017992774,16.0,216.97,0.0,0.0,0.0,0.0,0.2,9.45162106780742,9.0,161.0,109.88888888888889,15.0,3584828.1907284707,0.0027449140317193,1305.9892402105606,12.81021273751281
29025,Caldwell County,9012.0,58269.0,4260.0,113620.0,1.0,113675269.50695723,0.1021568123000635,2,0.37,0.53,2.75,0.032,10.7416511047695,0.0,1.1751317215390835,4.0,125.0,0.0,0.0,0.0,0.0,0.064,12.038412403666507,3.0,69.0,69.0,12.0,12586415.738220256,0.0113110627815246,1112.7527077984844,8.098834482128298
18025,Crawford County,10509.0,46706.0,5863.0,155741.0,0.0,48657181.85817739,0.0608415586403081,1,32.96,372.1,11.3,5.095,12.50012256762355,0.0,0.0447730758826595,12.0,217.97,0.0,0.0,0.0,0.0,0.18,8.564350091403327,10.0,765.0,166.2,19.0,8369695.713303277,0.0104655739008216,799.735952621397,13.140587171995088
29111,Lewis County,9879.0,49779.0,4334.0,128695.0,0.0,212312764.49639428,0.1604838239891357,7,2.71,0.8528571428571429,2.4857142857142853,0.134,8.077032431207446,27.0,1.292227331146069,20.0,366.76,0.0,0.0,0.0,0.0,0.087,6.0757247252113755,14.0,161.0,82.14285714285714,41.0,40224692.71552651,0.0304052022102498,1322.9542904327805,7.467378178854739
31075,Grant County,561.0,65139.0,396.0,13170.0,0.0,19980.01660952408,9.847792652564078e-06,63,20.88,1.2373015873015871,3.3206349206349204,0.001,1.0747455659001866,13.0,19.742248391393023,2.0,11.7,0.0,0.0,0.0,0.0,0.058,14.672297348452902,1.0,115.0,115.0,12.0,2707449.6188007486,0.0013344534683972,2028.8827470714327,0.2765068611331872
19147,Palo Alto County,8899.0,67306.0,4509.0,157774.0,0.0,172545505.77522847,0.1169935404668599,10,14.41,3.883,2.34,0.2294999999999999,1.6770008137719077,125.0,1.293405578102084,21.0,420.92,0.0,0.0,0.0,0.0,0.03,15.685827372475895,4.0,69.0,69.0,147.0,41735618.6815918,0.028298608943172,1474.8293375622554,6.033918483550885
19159,Ringgold County,4642.0,67898.0,2673.0,83114.0,0.0,99551184.12299716,0.0713293374792213,3,1.61,1.903333333333333,3.233333333333333,0.2546666666666666,0.7150320663152981,0.0,0.1314370401893607,18.0,221.31,0.0,0.0,0.0,0.0,0.047,26.32498651001018,0.0,0.0,0.0,28.0,37845111.16228517,0.0271163696325104,1395.6555274608704,3.326035621730554
37151,Randolph County,149516.0,56423.0,62249.0,1896576.0,0.0,87930979.38200285,0.0429781528423835,5,3.35,4.466,5.14,1.0108,5.636156662561995,14.0,5.769770606723781,17.0,411.12,0.0,0.0,0.0,0.0,0.095,3.106565198307229,22.0,500.0,141.36363636363637,120.0,33511128.01995087,0.0163792828113157,2045.9459920186143,73.07915291179381
24015,Cecil County,107131.0,86869.0,43957.0,1014409.0,0.0,110380699.8856152,0.1019971591830239,3,1.22,1.5499999999999998,3.066666666666667,0.0996666666666666,8.212178056866243,0.0,3.5403645858993844,26.0,227.34,0.0,0.0,0.0,0.0,0.12,10.462224584021408,8.0,500.0,243.625,16.0,1066707.2712679247,0.0009856896310854,1082.1938647089944,98.99427772934924
18171,Warren County,8474.0,72833.0,3671.0,124907.0,0.0,39004522.89885912,0.0411018134788532,1,0.51,1.02,2.0,0.024,22.54752020331106,0.0,2.747962114050395,11.0,313.89,0.0,0.0,0.0,0.0,0.1,16.52582108383467,3.0,69.0,69.0,23.0,6803281.7362791635,0.0071689955823619,948.9867385352316,8.929524150231735
31077,Greeley County,2154.0,52813.0,1198.0,40702.0,0.0,72229245.31318136,0.0488698115138833,1,2.96,57.0,19.3,0.056,23.871705470606955,0.0,9.87632137214744,10.0,348.89,0.0,0.0,0.0,0.0,0.057,5.123363767187898,1.0,115.0,115.0,7.0,2376400.559545966,0.0016078563031248,1477.993123469687,1.457381611453876
31095,Jefferson County,7070.0,54494.0,3683.0,132304.0,0.0,144427535.51387757,0.0968682632616056,10,1.95,0.555,2.8,0.7494999999999999,6.163788855402768,0.0,5.700201466971208,9.0,163.59,0.0,0.0,0.0,0.0,0.045,6.292690592071855,4.0,115.0,115.0,26.0,13144256.929977028,0.0088159182086361,1490.9685660537143,4.741884008133605
31151,Saline County,14996.0,71104.0,5734.0,264040.0,0.0,185535397.98460573,0.1243007180384485,3,0.51,0.5166666666666667,3.033333333333333,0.065,9.405220749758069,0.0,2.346455494340389,9.0,283.61,0.0,0.0,0.0,0.0,0.044,9.408244027092936,3.0,345.0,268.3333333333333,6.0,2107826.872223179,0.0014121531355264,1492.6333548360574,10.046673519262926
21119,Knott County,13321.0,38336.0,6718.0,240514.0,0.0,18048604.16198844,0.0197494038980159,1,1.81,58.8,32.6,1.961,12.890730068923697,0.0,0.7342662670661623,9.0,201.26,0.0,0.0,0.0,0.0,0.14,7.442631215681411,10.0,138.0,128.8,4.0,11655608.571997128,0.0127539680797226,913.8809583919444,14.576296702187008
19045,Clinton County,46002.0,61080.0,21575.0,817091.0,0.0,319334861.6567876,0.1736132929377929,1,0.4,1.0,2.5,0.028,12.892626471362878,0.0,5.045395534772586,20.0,350.40999999999997,0.0,0.0,0.0,0.0,0.058,3.5917093105618525,16.0,161.0,106.375,87.0,72688498.85027267,0.0395186722728725,1839.3456730622297,25.009980817479345
27063,Jackson County,9857.0,68368.0,4912.0,114920.0,0.0,1000514.881468416,0.0005370996339068,30,63.83,8.614333333333333,2.8366666666666664,0.2539666666666667,3.5387322454392938,437.0,8.683112620684703,30.0,208.39,0.0,0.0,0.0,0.0,0.031,0.1591077365675593,33.0,345.0,127.54545454545456,235.0,64657909.5129676,0.0347098720343612,1862.8103684438663,5.291467219089096
27039,Dodge County,21376.0,92890.0,8334.0,238630.0,0.0,61450451.04628183,0.0539589897043458,1,2.06,7.46,3.6,0.281,16.482832104067192,5.0,2.1440775686216105,9.0,168.28,0.0,0.0,0.0,0.0,0.027,0.6261858838093253,11.0,161.0,85.72727272727273,31.0,5967136.346553878,0.0052396791920281,1138.8362011995812,18.770039078037573
27047,Freeborn County,30440.0,65679.0,14150.0,354330.0,0.0,99965142.78031988,0.0534269629526421,27,44.83,4.714444444444444,2.781481481481481,0.5442222222222222,0.9583490498107454,85.0,2.1982110863091333,41.0,311.29,0.0,0.0,0.0,0.0,0.028,0.6615594531603247,55.0,161.0,79.03636363636363,197.0,51810682.69652481,0.0276905261687581,1871.0616902245915,16.26883825318777
6009,Calaveras County,46605.0,77526.0,27521.0,285092.0,0.0,116223332.06538,0.0432760518860021,13,104.77,339.4476923076923,23.73846153846154,12.039846153846154,10.91151673016032,3.0,4.463266707039391,32.0,457.22,0.0,0.0,0.0,0.0,0.2,11.902830614932588,16.0,230.0,123.125,2.0,11084642.699954806,0.0041273947674395,2685.6269691961656,17.353489719366845
25001,Barnstable County,233539.0,90447.0,165068.0,1659641.0,0.0,347806344.13649297,0.1028606904786569,76,33.81,1.7700000000000002,3.331578947368421,0.1889210526315789,5.53648503219823,6845.0,8.05313662510431,14.0,35.84,3.0,98034070.1566804,0.0289927205663388,0.0,0.086,7.80245359644652,34.0,345.0,121.76470588235294,1178.0,238441864.99385515,0.0705171003512849,3381.333943200207,69.06712082361523
51119,Middlesex County,10841.0,69389.0,7127.0,171410.0,0.0,55777596.669891626,0.1021820984647411,2,0.74,1.145,2.85,2.242,1.413118127197014,0.0,3.865642210487119,7.0,47.6,0.0,0.0,0.0,0.0,0.071,6.924753781401935,1.0,115.0,115.0,20.0,10436109.375494098,0.0191184923600547,545.8646622836601,19.86023413687557
42065,Jefferson County,43255.0,56607.0,22065.0,491513.0,0.0,69932838.02917829,0.0411102168979464,3,0.78,1.4366666666666668,5.766666666666667,0.182,12.38630115105886,0.0,0.952525132414932,13.0,380.11,0.0,0.0,0.0,0.0,0.049,18.33128037251554,9.0,138.0,122.66666666666669,14.0,33635372.10634778,0.0197726487541969,1701.106034122423,25.427574256013184
30021,Dawson County,8692.0,68168.0,4381.0,124241.0,0.0,17499.17265404597,2.8347255970715037e-06,2,0.41,0.575,2.75,0.5615,14.26330538379305,0.0,19.155198255477387,16.0,647.35,0.0,0.0,0.0,0.0,0.036,22.54010380593652,1.0,69.0,69.0,1.0,11446.446108746912,1.8542324507190784e-06,6173.145176219908,1.408034276187637
54091,Taylor County,16287.0,52946.0,7444.0,314411.0,0.0,19775064.16286514,0.0434609266898301,1,6.3,437.9,69.5,76.001,2.750416792149807,0.0,0.4875796932986294,9.0,116.83,0.0,0.0,0.0,0.0,0.059,2.2960230306739517,9.0,138.0,138.0,4.0,10744311.58795052,0.0236134626118427,455.00788107890224,35.7949843887994
26111,Midland County,83754.0,73643.0,36927.0,823444.0,0.0,41890341.33775162,0.0306284946513661,10,20.51,11.353,2.79,2.9984,3.3874617701728003,0.0,0.5141677256194916,18.0,265.25,0.0,0.0,0.0,0.0,0.035,2.9605090946134083,19.0,345.0,192.47368421052633,22.0,22117407.548609436,0.0161713387184595,1367.6918116471386,61.237480027853195
51630,Fredericksburg city,30393.0,83445.0,12118.0,449570.0,0.0,1916435.205022199,0.0703412047170927,0,0.0,0.0,0.0,0.0,5.064991784285055,0.0,2.0803034961914806,1.0,100.45,0.0,0.0,0.0,0.0,0.11,2.700904164524874,2.0,115.0,115.0,3.0,208823.37319813,0.0076646930745949,27.244844792322855,1115.5504915397514
46007,Bennett County,3307.0,44821.0,1241.0,51206.0,0.0,0.0,0.0,24,16.990000000000002,1.3329166666666663,1.9708333333333332,0.15675,8.216771700054943,0.0,3.0096306502099637,16.0,281.32,0.0,0.0,0.0,0.0,0.099,4.397440401488665,2.0,115.0,115.0,5.0,79040548.37827204,0.0256354333443665,3083.253843089081,1.0725681920132628
23019,Penobscot County,157967.0,59438.0,75119.0,1244513.0,0.0,359778666.3484891,0.0390525356247864,175,529.8,19.904742857142857,4.502857142857143,6.45764,1.5887207744572889,1018.0,0.8493271472302788,266.0,1503.12,2.0,1929875.646445869,0.0002094802846404,0.0,0.15,9.375883177724187,23.0,345.0,151.0,225.0,612481251.0423797,0.066482390739305,9212.683903683308,17.146686204749027
24041,Talbot County,38238.0,81667.0,19606.0,362586.0,0.0,185097741.16491473,0.1498857961632884,1,0.23,0.53,2.4,0.024,13.48538481638696,0.0,17.373648341024563,5.0,204.34,1.0,10538.618344890354,8.533811332022556e-06,0.0,0.071,2.0392799803797614,16.0,138.0,73.3125,14.0,5497124.682179135,0.0044513828446084,1234.9251623767325,30.963819642647245
13257,Stephens County,27854.0,52901.0,12342.0,365195.0,0.0,53708964.78351184,0.1127653540088917,7,191.39,608.7757142857143,8.571428571428571,22.807571428571432,3.3287822648571472,12.0,1.3284633823297238,11.0,117.65,0.0,0.0,0.0,0.0,0.17,2.359614632371613,11.0,500.0,150.0,1.0,42604490.6450872,0.0894508111910011,476.2895951174211,58.48122714738933
28007,Attala County,17100.0,42680.0,8354.0,305011.0,0.0,283044111.6339153,0.1483494523472685,10,2.11,0.743,3.38,1.5638999999999998,4.494488924216512,0.0,1.793254203450532,31.0,199.63,0.0,0.0,0.0,0.0,0.14,5.90670997554348,7.0,500.0,241.42857142857144,5.0,12064222.074903786,0.0063231159538979,1907.955217469422,8.962474508537072
19169,Story County,101291.0,66197.0,41347.0,1748094.0,0.0,131589204.0056347,0.0885678304890444,3,1.33,1.4433333333333334,3.1666666666666665,2.2113333333333336,9.69158761863911,0.0,0.2753805835472232,12.0,354.68,0.0,0.0,0.0,0.0,0.037,5.747318253954295,9.0,161.0,161.0,54.0,12552139.168126674,0.0084483810200912,1485.7449182602122,68.17522897443959
20011,Bourbon County,14319.0,55826.0,6779.0,205070.0,0.0,231048688.0181951,0.1395862555753677,7,2.63,1.4214285714285713,3.614285714285714,0.2067142857142857,9.28192168882372,0.0,3.474922442136889,12.0,171.65,0.0,0.0,0.0,0.0,0.072,2.416686131361839,12.0,345.0,92.0,9.0,13305715.500349035,0.0080385438385589,1655.2395269059427,8.650711735216834
42031,Clarion County,36680.0,58690.0,18897.0,415065.0,0.0,61021301.35568258,0.0386335994824905,1,0.93,5.59,6.0,0.215,18.50125538908873,0.0,0.6037562360136315,18.0,503.97,0.0,0.0,0.0,0.0,0.05,1.598253428453246,11.0,345.0,144.27272727272728,20.0,75364627.40643129,0.0477145974550089,1579.4878596113892,23.222717273068877
18031,Decatur County,26576.0,71566.0,11554.0,392146.0,0.0,41435954.36614751,0.042854365813983,5,1.24,0.6359999999999999,2.42,0.19,7.973785344614451,0.0,1.2398190398667874,9.0,323.88,0.0,0.0,0.0,0.0,0.13,1.186125554162501,18.0,345.0,112.44444444444444,0.0,0.0,0.0,966.901588183748,27.48573414789919
18037,Dubois County,44016.0,68945.0,18595.0,644153.0,0.0,191481063.82407063,0.1698265832415802,6,34.46,63.065000000000005,5.216666666666667,0.9265,4.253389498032519,0.0,1.306154313906284,25.0,448.56,0.0,0.0,0.0,0.0,0.22,4.472169042256524,38.0,161.0,76.86842105263158,9.0,3132751.5087340684,0.0027784704881419,1127.5093696708643,39.03825651830182
51057,Essex County,10654.0,52335.0,5768.0,170367.0,0.0,81819614.08528847,0.1103728068270094,2,0.32,0.6799999999999999,4.35,0.662,9.61172362581672,0.0,2.368602174714771,13.0,103.82,1.0,616750.9705625586,0.0008319830947053,0.0,0.096,17.654922970931008,0.0,0.0,0.0,12.0,20077302.755378492,0.0270824736821596,741.339324871359,14.371286727368382
19195,Worth County,7338.0,69897.0,3486.0,130660.0,0.0,109758285.01207373,0.1054329969824117,7,9.03,4.105714285714286,3.0,0.436,9.75586450257452,0.0,0.1027955919833055,13.0,196.45,0.0,0.0,0.0,0.0,0.029,8.615288531286014,7.0,161.0,108.42857142857144,114.0,37773527.70611492,0.0362849708401375,1041.024061243852,7.048828430759133
40063,Hughes County,13455.0,44799.0,5818.0,248565.0,0.0,241720111.7599516,0.1145572640357144,22,6.25,1.5177272727272728,3.3318181818181816,0.1977727272727272,2.172230868429267,18.0,8.182556105325329,17.0,593.77,0.0,0.0,0.0,0.0,0.14,4.551976830047235,16.0,345.0,138.0,2.0,1014190.3410348424,0.0004806504088894,2110.037404062788,6.3766642117779355
51027,Buchanan County,18492.0,39591.0,10402.0,330677.0,0.0,15619443.00239504,0.01196716633948,0,0.0,0.0,0.0,0.0,27.15080397803847,0.0,2.287301627156536,16.0,144.0,0.0,0.0,0.0,0.0,0.14,2.697917533293814,37.0,138.0,89.51351351351352,41.0,2627308.2289464017,0.0020129677220926,1305.1914345726098,14.168036588483496
51005,Alleghany County,14546.0,52546.0,7938.0,244876.0,0.0,47216220.92867554,0.0405366191479721,1,8.92,519.9,58.3,14.635,16.01236216964709,0.0,0.4862323585957965,14.0,437.05,0.0,0.0,0.0,0.0,0.11,0.4918663940560298,8.0,138.0,138.0,18.0,22958931.945735,0.0197109692818142,1164.77944932508,12.48820109972625
18143,Scott County,25053.0,49343.0,10734.0,359904.0,0.0,80253234.52689548,0.1607587885919378,8,3.66,4.672499999999999,4.45,0.2,2.625669851416162,0.0,0.5431883476881584,12.0,124.36,0.0,0.0,0.0,0.0,0.14,2.7418005229487545,10.0,138.0,75.9,32.0,6470227.467881983,0.012960797602524,499.215223191351,50.18476768365113
8099,Prowers County,11884.0,49422.0,5473.0,117089.0,0.0,321963346.0358784,0.0755999870644774,4,1.98,1.18,2.125,4.0695,22.79595841939548,12.0,9.04865320900104,14.0,127.9,0.0,0.0,0.0,0.0,0.052,53.629976026711745,0.0,0.0,0.0,9.0,30314326.88681035,0.0071180857968093,4258.775147160852,2.7904736900520724
48435,Sutton County,3203.0,56778.0,1641.0,57405.0,0.0,0.0948793499697377,2.5187297473828952e-11,0,0.0,0.0,0.0,0.0,84.26310974184511,0.0,25.82096463570344,2.0,33.54,0.0,0.0,0.0,0.0,0.027,14.592928683423102,1.0,138.0,138.0,1.0,151807.81577541656,4.029990308043172e-05,3766.952378829152,0.8502894854740797
40101,Muskogee County,66708.0,50289.0,29435.0,1230289.0,1.0,423952609.7457875,0.1948646437298709,11,5.970000000000001,4.088181818181819,2.9454545454545453,0.3054545454545455,7.388229151043188,38.0,4.113809178312176,33.0,329.01,2.0,135652025.91712257,0.0623507984003817,0.0,0.097,4.305508346860871,62.0,345.0,119.4516129032258,8.0,21921198.22021351,0.0100758112654978,2175.626125042403,30.66151818649441
19005,Allamakee County,14238.0,64049.0,7696.0,246729.0,0.0,206854747.98401833,0.1212315380354425,3,1.26,1.4900000000000002,4.1000000000000005,0.015,18.34437808567629,7.0,2.0958629287651154,22.0,257.40000000000003,0.0,0.0,0.0,0.0,0.034,12.297939679919669,8.0,161.0,103.5,152.0,142202404.7955993,0.0833406842904135,1706.2783442006944,8.34447676628621
8071,Las Animas County,14391.0,48965.0,8112.0,142187.0,0.0,31457741.14230511,0.0025433172143876,8,11.03,31.37125,10.4875,0.03825,28.19452443921918,10.0,3.988443664135241,37.0,416.25,1.0,952528005.5389118,0.0770106430310572,0.0,0.078,60.47539274622428,0.0,0.0,0.0,111.0,963960004.5925664,0.0779349051977684,12368.783950482935,1.1634935218864508
48299,Llano County,23353.0,64241.0,15388.0,356929.0,0.0,274816019.1984554,0.1098579914475948,5,102.24,314.198,14.16,34.376999999999995,5.214293764666504,1.0,5.19005643297454,31.0,269.51,0.0,0.0,0.0,0.0,0.027,6.878649125407547,14.0,138.0,123.21428571428572,1.0,5723540.830835756,0.0022879914405202,2501.556924327621,9.335386204044475
48319,Mason County,3990.0,77583.0,2374.0,66326.0,0.0,51271.36970820423,2.123539766318703e-05,0,0.0,0.0,0.0,0.0,29.42518973293611,2.0,2.5950424229016136,11.0,332.33,0.0,0.0,0.0,0.0,0.026,5.198532503893101,4.0,138.0,103.5,6.0,26087396.71475322,0.0108047872796825,2414.4294597829244,1.6525643289486418
37043,Clay County,12239.0,57065.0,7320.0,142812.0,0.0,29525718.189599916,0.0516277684106522,2,26.47,226.05,22.65,8.813,2.2500873026137107,3.0,2.487997370551001,18.0,104.28,0.0,0.0,0.0,0.0,0.24,6.572676284206531,3.0,161.0,99.66666666666669,27.0,29097048.250938788,0.050878209257656,571.8960764437751,21.40074133067296
36071,Orange County,417669.0,91806.0,147158.0,2951028.0,0.0,222577581.20561752,0.1025123722158252,54,29.89,3.149074074074074,5.683333333333333,0.4058148148148148,3.02134064614094,1166.0,0.9308004134315668,65.0,501.74,3.0,65262799.15760328,0.0300580333511235,0.0,0.14,4.335617021077253,43.0,345.0,133.72093023255815,142.0,35474079.89191166,0.016338267592791,2171.22652021955,192.3654653765772
36093,Schenectady County,162581.0,75056.0,70843.0,1163812.0,0.0,28347053.874043964,0.0522568098734922,5,13.88,26.894,8.1,129.2324,4.692547935730503,201.0,4.431906478514181,6.0,219.67,1.0,510162.8516510271,0.0009404675089589,0.0,0.12,4.123507206128817,14.0,115.0,115.0,16.0,2170093.647343055,0.0040004923136198,542.4566471368793,299.71243021559945
54059,Mingo County,21455.0,38305.0,11602.0,447755.0,0.0,25727925.02376726,0.0234308881853495,4,2.12,63.99,47.875,4.812749999999999,6.96912149225902,0.0,2.365283868251286,15.0,351.9,0.0,0.0,0.0,0.0,0.11,2.812788546355826,12.0,138.0,122.66666666666669,6.0,69582602.43760842,0.0633660934099268,1098.1046596555288,19.53821050784936
51065,Fluvanna County,28975.0,90766.0,11183.0,434347.0,0.0,46267378.536704026,0.0613318686406325,2,1.31,12.465,12.95,0.2465,7.758529456922322,0.0,1.0649802585086086,6.0,335.99,0.0,0.0,0.0,0.0,0.19,4.961192404731072,9.0,500.0,238.88888888888889,4.0,5103707.272680242,0.0067654557894589,754.3774479514188,38.40915456670168
17097,Lake County,719339.0,104553.0,269416.0,7550089.0,1.0,234098716.6566921,0.066055737138264,66,57780.27,73638.98303030303,4.275757575757575,29.26019696969697,0.0,0.0,19.75108606647052,19.0,293.25,3.0,2821989.710581301,0.0007962820693392,0.0,0.068,16.512505442480272,83.0,345.0,182.89156626506025,918.0,131208797.13085714,0.0370232435833918,3543.9573746508418,202.97619975490556
13195,Madison County,32919.0,53626.0,12253.0,409951.0,0.0,40672005.10514563,0.0549872261506417,5,0.8200000000000001,0.526,3.26,0.466,6.05144101330517,20.0,2.200326598359664,12.0,183.1,0.0,0.0,0.0,0.0,0.14,4.311782882521969,9.0,230.0,140.55555555555554,7.0,2622187.8409100524,0.0035451125521063,739.6627899309117,44.505415776119825
8063,Kit Carson County,7069.0,58992.0,3430.0,69190.0,0.0,0.0,0.0,1,0.13,0.39,3.1,0.071,32.64841068933087,2.0,20.425643014835934,2.0,23.51,0.0,0.0,0.0,0.0,0.047,59.033481157228216,0.0,0.0,0.0,3.0,11446037.859757535,0.0020443900112294,5598.754541397071,1.2626022355029078
36013,Chautauqua County,124126.0,54625.0,66350.0,916166.0,0.0,12764155.625572097,0.0032850936374092,5,25822.72,99830.508,7.06,1962.9852,4.613855895282681,0.0,3.603989926548333,41.0,387.13,0.0,0.0,0.0,0.0,0.062,5.6598492645607354,52.0,230.0,117.21153846153848,80.0,15406778.089842726,0.0039652218415858,3885.476955730963,31.946142369193016
13067,Cobb County,793345.0,94244.0,308949.0,10581910.0,2.0,87696709.8523564,0.0983334552981207,2,37.24,417.715,15.75,68.822,14.969676042841138,18.0,1.9943625915468324,4.0,191.65,3.0,10646402.868043505,0.0119377064689549,0.0,0.13,2.297781491155288,121.0,500.0,149.54545454545453,22.0,2405273.9161210167,0.0026968859884515,891.8708193155921,889.5290470528015
26041,Delta County,36582.0,53852.0,19815.0,362507.0,0.0,175553341.78875726,0.0340382504952997,16,57739.35,303753.220625,8.43125,118.9770625,2.3606498841907766,0.0,10.756712671898606,21.0,379.25,0.0,0.0,0.0,0.0,0.022,12.96546484141334,31.0,138.0,80.12903225806451,66.0,185596681.7609692,0.0359855658713576,5157.531284194498,7.09292837681999
13207,Monroe County,32023.0,74867.0,11179.0,381425.0,0.0,90219947.2909632,0.0874634210089725,9,18.86,11.217777777777778,4.366666666666666,8.789555555555557,3.6817833576291026,53.0,3.2328296222201636,13.0,408.19,0.0,0.0,0.0,0.0,0.11,3.177460243587918,9.0,115.0,115.0,2.0,46010782.84139809,0.044604996915274,1031.516332773079,31.04458842053514
48483,Wheeler County,4773.0,58158.0,2612.0,85528.0,0.0,14933.315303591144,6.298092821291764e-06,0,0.0,0.0,0.0,0.0,38.22618927568972,1.0,6.471730841105214,27.0,116.47,0.0,0.0,0.0,0.0,0.098,0.8759304044014843,7.0,230.0,98.57142857142856,0.0,0.0,0.0,2371.0852995221912,2.0130022319154146
13117,Forsyth County,282805.0,131660.0,88181.0,3663282.0,1.0,99515204.92130668,0.1554537685416439,2,133.93,1575.325,13.5,32.4065,2.8631943448775297,54.0,2.121359952538037,10.0,297.16,1.0,52958.02833569184,8.272630384300033e-05,0.0,0.14,1.109598274383621,21.0,230.0,142.38095238095238,10.0,3230022.4738403424,0.0050452852695179,640.206113488795,441.740548928622
48409,San Patricio County,72053.0,63842.0,29551.0,1175215.0,0.0,357530883.394482,0.1950282447094348,22,73.38,30.555909090909093,1.804545454545455,9.941227272727271,12.528310352849616,3.0,8.02481030209726,12.0,175.41,0.0,0.0,0.0,0.0,0.029,3.4207737580280515,13.0,138.0,132.69230769230768,7.0,71923771.65635976,0.0392334389466085,1833.226288275123,39.30393124996831
28147,Walthall County,13928.0,37145.0,6882.0,236580.0,0.0,107727576.74373531,0.1028518015553194,1,0.12,0.34,2.7,0.06,9.449373166055071,11.0,1.432787153325364,7.0,141.25,0.0,0.0,0.0,0.0,0.069,2.4033284501516774,6.0,500.0,179.16666666666666,1.0,0.1809357653368105,1.7274657049930819e-10,1047.4058316401336,13.297615479369764
29137,Monroe County,8959.0,50245.0,4493.0,110888.0,0.0,245125143.30509013,0.1412239251539454,3,59.349999999999994,766.11,15.1,16.885666666666665,8.110757414554941,13.0,0.7089468019951068,30.0,366.75,0.0,0.0,0.0,0.0,0.1,15.030583822794636,5.0,69.0,69.0,24.0,17078366.98885457,0.0098393579209496,1735.7196603745797,5.161547803212986
26073,Isabella County,64691.0,52638.0,28580.0,645803.0,0.0,98726673.18644576,0.0659835869078849,18,7.84,1.3505555555555555,2.5833333333333335,1.2503333333333333,8.13531898688401,0.0,1.9024415631875475,15.0,213.16,0.0,0.0,0.0,0.0,0.036,21.318524277458533,1.0,138.0,138.0,41.0,8738982.807992846,0.0058406650704084,1496.230772120212,43.23597750120495
48341,Moore County,21891.0,59041.0,8184.0,361095.0,0.0,2814.6604305337632,1.1947246909383196e-06,3,36.38,1001.5466666666666,29.76666666666667,3.5079999999999996,19.37689655916468,3.0,4.311746073201706,8.0,53.74,0.0,0.0,0.0,0.0,0.1,6.612256678464243,17.0,345.0,136.64705882352942,0.0,0.0,0.0,2355.9071423291666,9.291962151936715
45017,Calhoun County,14188.0,55550.0,7059.0,228773.0,0.0,104621856.33069994,0.1029205649854824,7,63.309999999999995,38.47714285714285,2.871428571428571,158.211,2.7961909393459834,173.0,2.7651543054768952,17.0,274.85,0.0,0.0,0.0,0.0,0.28,3.6461642944210593,18.0,230.0,127.77777777777776,16.0,18555767.45621625,0.0182540258628397,1016.5301394686142,13.957284146456004
29095,Jackson County,732994.0,65169.0,330584.0,9192921.0,2.0,195360018.98386836,0.1223815036952846,20,15.3,8.3635,5.115,0.3326,0.4041794750521941,23.0,2.337946312995569,21.0,332.46,1.0,17512367.45745829,0.0109704630141599,0.0,0.07,2.015658146915969,80.0,345.0,163.3,21.0,31449499.21329663,0.0197012521475341,1596.3198165164702,459.1774107017967
26149,St. Joseph County,60968.0,62281.0,27198.0,598615.0,0.0,83896500.9740128,0.0621707913383371,47,32.04,2.5795744680851067,3.1765957446808515,3.436702127659574,1.3635854763167805,0.0,1.4697851672405398,43.0,294.33,0.0,0.0,0.0,0.0,0.082,11.166013195414823,10.0,138.0,124.2,20.0,10906682.9357879,0.0080823052947967,1349.4519865278198,45.17982159326208
30033,Garfield County,1148.0,61786.0,752.0,13414.0,0.0,446.6885259264842,3.5566924328491446e-08,18,819.86,1309.7844444444445,4.322222222222222,17.731499999999997,6.911412445474299,1.0,17.821223370749994,41.0,409.55,0.0,0.0,0.0,0.0,0.034,132.71568714245413,0.0,0.0,0.0,72.0,732918258.3176484,0.058357550551553,12559.099060715163,0.0914078306453479
31001,Adams County,31071.0,61502.0,13804.0,573826.0,0.0,162775445.49547777,0.1113869945478549,8,2.49,0.6525,2.0125,0.07275,1.2542759421461802,0.0,6.270432028364985,5.0,124.11,1.0,5366704.2638974,0.0036724277225172,0.0,0.045,4.462415542498176,30.0,345.0,98.13333333333334,9.0,4586374.871821838,0.0031384494871803,1461.3505460437696,21.2618389777297
27109,Olmsted County,166731.0,90420.0,69216.0,1881915.0,1.0,67433925.43347564,0.039765096375967,9,3.63,5.432222222222222,5.444444444444445,6.959666666666667,4.9675145479508895,75.0,1.0893818852440629,20.0,294.58,1.0,46155.25559673462,2.7217282328790955e-05,0.0,0.027,2.204293943032934,65.0,345.0,107.21538461538462,46.0,17681335.640831724,0.0104265085290666,1695.805992153588,98.31961956229442
34039,Union County,601863.0,95000.0,209928.0,4507420.0,0.0,34120286.061207585,0.1249805063882431,1,0.27,0.66,2.4,0.249,6.7685248574083605,71.0,0.0420602269530639,6.0,125.02,0.0,0.0,0.0,0.0,0.17,2.129590588954384,19.0,345.0,237.26315789473685,26.0,7974466.813648591,0.0292099805806625,273.00486529346847,2204.587084384094
1097,Mobile County,411658.0,55352.0,184845.0,7178354.0,0.0,831205613.1040728,0.1952068794706995,14,15.34,12.76142857142857,3.1571428571428575,149.5697142857143,9.54540456013964,168.0,3.334106183335694,30.0,535.16,0.0,0.0,0.0,0.0,0.062,0.3539403635226653,174.0,230.0,131.52298850574712,85.0,153023564.08827123,0.0359372602401038,4258.075408806667,96.6770102635096
46087,McCook County,5964.0,74873.0,2465.0,85208.0,0.0,34462360.54244461,0.0230659305567619,27,11.52,1.1425925925925926,2.2037037037037037,0.2671481481481481,5.327726397868498,2.0,2.542820740446732,6.0,96.35,0.0,0.0,0.0,0.0,0.056,4.077209921582712,18.0,230.0,80.5,164.0,141767125.324958,0.0948858586207091,1494.0806500118208,3.991752386293748
1057,Fayette County,15872.0,45650.0,7816.0,285539.0,0.0,185850022.77987108,0.1140167235133091,2,0.5,1.165,4.6,0.5375,7.10483118796157,6.0,4.361358316649018,16.0,382.06,0.0,0.0,0.0,0.0,0.19,8.01299410250788,19.0,500.0,178.8421052631579,2.0,6366332.726433412,0.0039056675237712,1630.024237261798,9.737278524559018
1017,Chambers County,34253.0,48805.0,16427.0,607788.0,0.0,146090851.45274845,0.0935246391396317,5,109.70000000000002,195.492,6.58,69.56980000000001,6.559645400454038,44.0,1.7576744433650138,23.0,243.64,0.0,0.0,0.0,0.0,0.093,0.9584966228710712,22.0,115.0,115.0,0.0,0.0,0.0,1562.057365782655,21.92813193056955
37131,Northampton County,16491.0,45698.0,10652.0,232678.0,0.0,269602128.35805374,0.1890718722951754,9,88.05000000000001,85.60666666666665,3.788888888888889,94.6,4.19565538979541,265.0,2.0103267079497305,16.0,318.76,0.0,0.0,0.0,0.0,0.064,0.8141081980055819,12.0,230.0,201.25,79.0,30099881.224638004,0.0211090355336429,1425.9240398106283,11.565132180666586
21087,Green County,11644.0,38595.0,5278.0,184721.0,0.0,67260335.60052457,0.0899239591301254,0,0.0,0.0,0.0,0.0,18.667078290222715,0.0,0.7241303854721194,9.0,471.56,0.0,0.0,0.0,0.0,0.13,2.6910015023762135,8.0,69.0,69.0,79.0,6832731.98100432,0.0091350467689628,747.9690201717516,15.567489676679736
18047,Franklin County,23286.0,75985.0,9687.0,337368.0,0.0,68693454.25229326,0.0678243421118683,1,19.84,443.6,22.4,13.266,5.663145052547779,0.0,1.6058361749682997,20.0,222.29,0.0,0.0,0.0,0.0,0.11,2.1537535445690135,22.0,138.0,81.54545454545455,0.0,0.0,0.0,1012.814162487435,22.991384661141016
37159,Rowan County,155096.0,59717.0,63508.0,1943353.0,0.0,122190106.82825293,0.0900422541121324,6,50.48,78.31333333333333,6.083333333333333,54.97566666666666,11.188164330254072,22.0,1.4202019213147017,45.0,502.6,0.0,0.0,0.0,0.0,0.11,2.4095785802996588,80.0,500.0,118.0,184.0,39689462.971815504,0.0292472837075617,1357.0307372357483,114.29070524660942
27067,Kandiyohi County,44720.0,73285.0,20032.0,499151.0,0.0,185566588.9502076,0.0830814713865399,99,146.93,6.7315151515151515,3.1707070707070706,0.2972828282828283,1.3040683544628808,0.0,1.3580899237821018,38.0,271.73,0.0,0.0,0.0,0.0,0.033,3.1651208213636735,30.0,115.0,72.06666666666666,458.0,180071602.75037313,0.0806213507749691,2233.547329825706,20.021962106121883
21237,Wolfe County,6298.0,28666.0,3067.0,110524.0,0.0,18291458.086404625,0.0317051249406497,0,0.0,0.0,0.0,0.0,27.51155502655292,0.0,1.7108846614319695,6.0,245.49999999999997,0.0,0.0,0.0,0.0,0.13,4.19663946965253,3.0,69.0,69.0,17.0,27964350.16949258,0.0484714346893339,576.9243338622778,10.916509549592766
48149,Fayette County,25459.0,72881.0,13198.0,410672.0,0.0,386677388.8037132,0.1555487755606536,4,9.44,27.505,4.525,0.08125,17.177221741065733,1.0,0.2042009294380062,14.0,501.51,0.0,0.0,0.0,0.0,0.035,7.565364969747497,21.0,345.0,197.1428571428571,0.0,0.0,0.0,2485.891552963589,10.241396077656209
46081,Lawrence County,29459.0,62977.0,14289.0,385611.0,0.0,47013110.901463956,0.0226810200818021,1,0.74,6.39,8.6,0.01,4.991119211696662,16.0,2.743419815379577,24.0,402.72,0.0,0.0,0.0,0.0,0.07,2.02467815504402,28.0,69.0,69.0,8.0,20106174.10181143,0.0097000289882368,2072.7952592919028,14.212209270520828
23029,Washington County,31334.0,51669.0,21723.0,251026.0,0.0,856556350.9802449,0.1015228461850345,153,615.98,19.880849673202615,4.227450980392157,2.8744509803921567,0.1508547445725482,556.0,0.265303058150644,222.0,961.73,0.0,0.0,0.0,0.0,0.14,32.5965368841347,5.0,115.0,115.0,843.0,421559129.4336871,0.0499650680798042,8437.077054720969,3.713845422623829
48045,Briscoe County,1474.0,35446.0,925.0,21269.0,0.0,0.0,0.0,1,0.79,85.4,108.1,0.16,21.071710023291843,16.0,10.318263951169692,8.0,107.25,0.0,0.0,0.0,0.0,0.066,13.606542414647835,13.0,345.0,153.92307692307693,0.0,0.0,0.0,2335.059946079909,0.631247177390262
26131,Ontonagon County,5823.0,48316.0,5271.0,57974.0,0.0,0.0,0.0,19,81917.63,631813.9378947369,12.289473684210526,154.12136842105264,0.0,0.0,18.10543304453893,34.0,471.9,0.0,0.0,0.0,0.0,0.022,22.58778396627869,10.0,69.0,69.0,43.0,212255353.2788136,0.0219098204006146,9687.68111275158,0.6010726336084053
28015,Carroll County,9226.0,42285.0,4946.0,170112.0,0.0,172412594.3570774,0.1049014176432777,29,7.59,0.7406896551724138,3.075862068965517,0.6741034482758621,1.632872738033722,0.0,1.1737070681659905,18.0,213.57,0.0,0.0,0.0,0.0,0.17,5.382440392471361,6.0,115.0,115.0,18.0,3966172.0140682086,0.0024131477659408,1643.5678204404694,5.613397807659358
38033,Golden Valley County,1808.0,84750.0,930.0,70204.0,0.0,1023597.2311721784,0.0003942326282008,2,0.6699999999999999,1.0499999999999998,3.0999999999999996,0.272,15.708683311238644,0.0,7.5141219530831025,8.0,267.81,0.0,0.0,0.0,0.0,0.032,7.178866348243079,2.0,69.0,69.0,3.0,812507.561860643,0.0003129326475205,2596.4295138215502,0.6963408751808935
56027,Niobrara County,2341.0,54375.0,1325.0,73938.0,0.0,9380.69085623499,1.378226205408586e-06,2,0.29,0.42,2.75,0.1145,27.70458993284776,0.0,3.315738813547113,55.0,639.17,0.0,0.0,0.0,0.0,0.12,69.49012782953771,0.0,0.0,0.0,4.0,16193661.96937902,0.0023791988915185,6806.350670012102,0.3439434894699361
27117,Pipestone County,9260.0,68341.0,4339.0,107508.0,0.0,54240281.09506014,0.044944461381454,2,0.51,0.59,2.35,0.2215,8.764204990875301,1.0,0.4063742311446621,13.0,151.03,0.0,0.0,0.0,0.0,0.039,1.2556421489433849,17.0,115.0,77.11764705882354,80.0,18797130.147501778,0.0155756362747345,1206.8290383740402,7.673000653411514
51099,King George County,29646.0,103264.0,10391.0,426632.0,0.0,50366048.396736935,0.1035653910316236,2,0.31,0.425,2.35,34.8675,6.105943266488132,0.0,4.402480943806381,9.0,141.46,2.0,17414734.282678828,0.035809117909959,0.0,0.099,5.388469585803604,5.0,230.0,230.0,23.0,18367353.02470591,0.0377679440569884,486.321230432642,60.95970758592273
27129,Renville County,14356.0,66313.0,6950.0,169443.0,0.0,47291871.844881155,0.0184982213259568,9,9.9,2.5544444444444445,2.288888888888889,0.3754444444444444,18.49345450135658,91.0,4.667298700054116,31.0,414.93,0.0,0.0,0.0,0.0,0.032,9.57941747225761,27.0,230.0,87.74074074074075,523.0,82925180.088906,0.0324361940223392,2556.563203185751,5.615351101866322
54097,Upshur County,23758.0,49663.0,11224.0,450461.0,0.0,27726342.118989415,0.0301763729362377,2,1.96,16.255,11.25,1.018,6.461826255790273,0.0,1.6542965079659666,12.0,298.56,0.0,0.0,0.0,0.0,0.071,7.189913446557088,7.0,138.0,138.0,4.0,1368965.0435667394,0.0014899332740704,918.8096322104312,25.857369325617604
29215,Texas County,25994.0,42870.0,11042.0,319025.0,0.0,14188.563048751414,4.645624110389555e-06,0,0.0,0.0,0.0,0.0,35.78067953850764,0.0,2.6514813740810035,20.0,424.0,1.0,68876.18154957192,2.2551462649095884e-05,0.0,0.23,3.97464206484954,9.0,69.0,69.0,46.0,115303298.29480344,0.0377526448615827,3054.1780242829223,8.510964257266249
19047,Crawford County,16237.0,61188.0,6860.0,290346.0,0.0,78647129.76517352,0.0424674921238521,3,0.45,0.4033333333333333,2.9333333333333336,2.645,2.4625174101139633,0.0,1.876064390544537,10.0,329.23,0.0,0.0,0.0,0.0,0.036,2.0144819704031565,32.0,161.0,74.75,11.0,3401788.5978617435,0.0018368811542627,1851.9372306517976,8.767575774847032
16005,Bannock County,91591.0,60998.0,35186.0,1232024.0,0.0,77678576.73303895,0.0261243841827372,7,200.43,295.18142857142857,4.8,38.83542857142857,19.57849720865674,1.0,0.4590879002476512,30.0,424.79,0.0,0.0,0.0,0.0,0.3,91.02806532919504,0.0,0.0,0.0,11.0,58989191.29997779,0.0198388842968352,2973.4127392127525,30.803325348047657
39055,Geauga County,95676.0,97162.0,37465.0,1269046.0,0.0,52853433.67140285,0.0499650086945907,13,9.73,5.201538461538462,3.715384615384615,0.2754615384615385,2.73834177247507,0.0,0.8951568683965834,21.0,227.89,0.0,0.0,0.0,0.0,0.079,10.38937660181321,22.0,345.0,166.22727272727272,97.0,33687549.73338221,0.0318465339708655,1057.8089836778151,90.44733167925216
36117,Wayne County,91250.0,71007.0,42274.0,662442.0,0.0,14324.925847708631,3.999031665540323e-06,14,19352.28,117144.49,9.364285714285714,553.7069285714286,0.0,102.0,6.432417187322902,26.0,290.83,0.0,0.0,0.0,1.0,0.085,15.521877390623516,20.0,345.0,138.0,52.0,20150729.797196764,0.0056253978135339,3582.098629312339,25.473893782069705
42045,Delaware County,580937.0,86390.0,229039.0,6354306.0,0.0,47388806.59743438,0.0959964125308618,4,2.33,4.9775,5.575,0.6005,3.670998101877747,0.0,2.90266204643414,5.0,26.03,0.0,0.0,0.0,0.0,0.14,0.6039291892693429,41.0,230.0,176.14634146341464,278.0,14587388.012142817,0.0295494284736588,493.66058044562294,1176.7943866929652
36063,Niagara County,208912.0,65882.0,100182.0,1533013.0,2.0,124536715.49751864,0.0421923242289047,8,19356.24,205014.8725,14.5,968.431875,0.0,120.0,4.224322744275318,24.0,317.08,2.0,6026619.558985889,0.0020417841069693,0.0,0.099,18.730607170676414,138.0,345.0,122.5,19.0,2639471.8489617966,0.0008942379088734,2951.6438777317276,70.77818620874555
20117,Marshall County,9852.0,64306.0,4766.0,142240.0,0.0,291035097.27466816,0.1241518675125025,2,0.28,0.395,2.75,0.0895,23.035839566584873,0.0,4.143633281137623,15.0,274.71,0.0,0.0,0.0,0.0,0.051,8.303770251331565,4.0,115.0,115.0,3.0,408247.7512283879,0.0001741532935451,2344.1862219080986,4.20273778078124
48505,Zapata County,13753.0,35061.0,6183.0,234274.0,0.0,521857875.64102864,0.1904418721295107,4,121.24,980.1925,9.35,54.1595,16.267577176644522,1.0,8.32974876072106,17.0,171.86,0.0,0.0,0.0,0.0,0.022,12.93800106677426,1.0,345.0,345.0,0.0,0.0,0.0,2740.247563005256,5.018889601681446
13177,Lee County,34179.0,83632.0,12697.0,446154.0,0.0,103200163.25994892,0.110133997086706,3,27.43,59.796666666666674,3.4,40.574,3.3760792415896765,30.0,0.1218451435216963,10.0,205.34,0.0,0.0,0.0,0.0,0.068,5.308158606686672,6.0,230.0,134.16666666666666,5.0,10409265.134943644,0.0111086449771705,937.0418405067264,36.475425666709754
21019,Boyd County,47751.0,58327.0,21745.0,803266.0,0.0,33550090.93133091,0.0799528601220607,0,0.0,0.0,0.0,0.0,12.621818455151791,0.0,1.0967846364623932,10.0,92.79,0.0,0.0,0.0,0.0,0.11,1.7934388847021057,29.0,765.0,128.68965517241378,1.0,1175954.2592059416,0.0028024036900576,419.62343376080946,113.794884075084
27019,Carver County,114379.0,116308.0,40570.0,1262496.0,1.0,102810131.08673084,0.1055965379028575,63,61.92,4.878888888888889,3.631746031746032,7.10484126984127,2.8686864089202486,149.0,2.1368896337980514,20.0,314.7,0.0,0.0,0.0,0.0,0.026,1.6420629916986704,24.0,115.0,99.66666666666669,181.0,40459578.74981677,0.0415561317695928,973.6127263755964,117.478949177042
17083,Jersey County,21160.0,77607.0,9834.0,229255.0,0.0,116399578.46008876,0.1190815909152282,3,5.1899999999999995,5.133333333333333,3.0666666666666664,559.4540000000001,15.378913102402642,0.0,11.983179684034052,10.0,234.42,0.0,0.0,0.0,0.0,0.21,19.735392332734612,0.0,0.0,0.0,62.0,19402176.009027477,0.0198492298420519,977.4775224740764,21.647556607176288
51085,Hanover County,116423.0,104678.0,43331.0,1811593.0,0.0,110519832.65941884,0.0903082207045608,5,1.34,0.97,3.62,2.3977999999999997,11.829577683357051,0.0,4.5902047924004545,12.0,306.84,0.0,0.0,0.0,0.0,0.17,3.2848630098206737,19.0,500.0,197.8947368421053,1.0,478831.24155282497,0.0003912942545546,1223.7114038327816,95.13926211307012
20199,Wallace County,1441.0,57708.0,742.0,21759.0,0.0,0.0,0.0,0,0.0,0.0,0.0,0.0,29.220624206498115,1.0,6.847008112744265,7.0,55.14999999999999,0.0,0.0,0.0,0.0,0.044,6.714280127351361,4.0,115.0,103.5,2.0,430640.119700015,0.000181974241462,2366.489434109107,0.6089188395394132
26003,Alger County,8641.0,55528.0,6208.0,87694.0,0.0,46.545171607697434,3.560291276223465e-09,48,81882.76,250087.28166666665,7.1812499999999995,60.12422916666667,0.0,0.0,44.16919677181491,35.0,357.41,0.0,0.0,0.0,0.0,0.02,61.62209760537057,10.0,138.0,75.9,67.0,560577076.0890253,0.0428791559836157,13073.4167506288,0.6609595765838635
48215,Hidalgo County,921549.0,49371.0,296286.0,14924407.0,0.0,186967.20175717433,4.5607155542827e-05,25,22.61,2.6772000000000005,3.36,0.1181199999999999,0.9363245593065886,0.0,28.74499965042108,8.0,327.97,0.0,0.0,0.0,0.0,0.022,4.10603367526538,41.0,345.0,145.70731707317074,85.0,112869636.45998845,0.027532439147193,4099.514607353474,224.79466187215877
26123,Newaygo County,51622.0,59065.0,24689.0,488640.0,0.0,34612150.6579621,0.0155086987334022,49,24.36,2.429591836734694,3.5142857142857142,1.1471020408163266,2.423360026581666,0.0,0.7148395877442769,29.0,361.62,0.0,0.0,0.0,0.0,0.038,8.41461930688295,12.0,345.0,149.5,41.0,49219336.64980239,0.0220537542293431,2231.789478469607,23.130317844942297
41049,Morrow County,12602.0,64975.0,4724.0,168109.0,28.0,108127413.78656702,0.0203882454342205,5,4.7700000000000005,40.64,19.880000000000003,0.1568,8.522479040465372,33.0,3.0958634906049634,22.0,509.1,2.0,233922626.1648601,0.0441078885349155,0.0,0.18,45.964262632693725,2.0,500.0,500.0,12.0,11491464.332980864,0.0021668029134764,5303.419273395694,2.376202851473054
27153,Todd County,26060.0,63216.0,12841.0,288231.0,0.0,169162945.98633605,0.0666802214009264,97,88.16,4.569072164948453,3.438144329896907,0.3421237113402062,2.752919261319792,0.0,2.380456730748445,33.0,411.37,0.0,0.0,0.0,0.0,0.031,1.4270649223813878,10.0,115.0,105.8,79.0,50803161.66264996,0.020025461568538,2536.928374348518,10.27226478425596
5083,Logan County,21633.0,51131.0,9779.0,358856.0,0.0,231101709.85106733,0.1222392079988088,11,112.96,86.39818181818181,7.054545454545456,210.849,6.138220377889278,9.0,4.084427794048043,26.0,264.92,1.0,465.21780023583494,2.46072845953519e-07,0.0,0.14,5.442967923551982,13.0,161.0,139.76923076923077,2.0,19583838.339907333,0.0103586982969088,1890.569430499904,11.442584255834394
37109,Lincoln County,98654.0,75672.0,37715.0,1208971.0,0.0,71788778.6035869,0.0909190452222611,1,111.96,510.8,4.6,82.688,17.800579040460885,13.0,2.9929976696597445,16.0,233.96,0.0,0.0,0.0,0.0,0.13,3.019030137943879,22.0,230.0,135.45454545454547,64.0,2969701.8179762596,0.0037610678068944,789.5900766618628,124.94331288594448
13045,Carroll County,131036.0,66895.0,46510.0,1707906.0,0.0,105946586.14715011,0.0812107960192053,18,9.8,4.622222222222223,4.372222222222223,0.721,1.985289029152843,91.0,1.4109058388874651,11.0,277.9,0.0,0.0,0.0,0.0,0.12,2.0630813604750124,32.0,500.0,134.21875,8.0,3551702.5796457315,0.0027220756773668,1304.7773098951575,100.4278653577514
48413,Schleicher County,2245.0,53774.0,1296.0,42789.0,0.0,3975.842376080138,1.1712139655234194e-06,0,0.0,0.0,0.0,0.0,39.97771127938444,0.0,24.741680136923037,5.0,131.73999999999998,0.0,0.0,0.0,0.0,0.028,4.054650218590635,10.0,345.0,138.0,0.0,0.0,0.0,3394.6336753283476,0.6613379276580856
51167,Russell County,25332.0,44088.0,12814.0,415965.0,0.0,31724691.335210927,0.0257092438531104,2,1.6,6.869999999999999,8.05,0.242,8.933698615271648,1.0,2.167268580820333,15.0,284.87,0.0,0.0,0.0,0.0,0.16,6.450528148313438,10.0,138.0,138.0,61.0,77269510.46183042,0.0626181249766426,1233.979945752965,20.52869666738596
37027,Caldwell County,81105.0,52362.0,37125.0,1045303.0,0.0,62405469.05220011,0.0507676402000602,3,19.89,80.47333333333334,9.633333333333336,39.815000000000005,19.00728256637908,4.0,3.7774300990194294,24.0,261.32,0.0,0.0,0.0,0.0,0.16,7.564845113503039,12.0,230.0,143.33333333333334,130.0,65685828.56781571,0.0534362542517602,1229.23714409964,65.9799456836343
16065,Madison County,55172.0,53025.0,14328.0,701625.0,1.0,13231.367186708172,1.079321013603158e-05,1,0.67,1.79,2.7,2.739,13.867942619670062,0.0,2.4784037506848584,12.0,350.35999999999996,0.0,0.0,0.0,0.0,0.21,42.6453560531152,0.0,0.0,0.0,17.0,17956139.085699074,0.0146473436681925,1225.8973020952455,45.00540127276782
21001,Adair County,19423.0,49690.0,8629.0,312240.0,0.0,97519232.65545332,0.0913020645329162,1,30.77,892.1,29.0,25.798,9.180957310123434,0.0,0.1155955493200745,17.0,272.11,0.0,0.0,0.0,0.0,0.13,0.5452466230907349,7.0,69.0,69.0,64.0,54361465.35864973,0.0508957452097194,1068.094496595919,18.18472060468644
21077,Gallatin County,8840.0,58641.0,3726.0,144149.0,0.0,31957835.087320637,0.1179255765383504,1,0.2,0.7,3.5,0.186,4.301109900217461,0.0,3.703459760278865,16.0,156.72,0.0,0.0,0.0,0.0,0.11,1.6900711302489326,8.0,345.0,129.375,1.0,1608799.2372177788,0.0059365278423698,271.0000323312771,32.61992230758765
21097,Harrison County,19627.0,58840.0,8101.0,309886.0,0.0,54372671.48984583,0.0677474701758216,0,0.0,0.0,0.0,0.0,15.380017142554822,0.0,0.5409326238781949,10.0,321.84000000000003,0.0,0.0,0.0,0.0,0.13,5.539493879986417,9.0,138.0,76.66666666666667,32.0,7905509.70829634,0.0098501373670318,802.5786254266787,24.454924886101477
22079,Rapides Parish,125877.0,55407.0,58076.0,2793992.0,0.0,2437620.690784748,0.0006912643295647,45,117.83,10.374444444444444,3.062222222222222,121.90204444444446,1.2147921428027402,349.0,0.7842891906875484,81.0,820.48,4.0,56242831.087956175,0.0159494309643088,0.0,0.062,4.629043172037528,24.0,230.0,184.0,39.0,42029617.177395456,0.0119188252913311,3526.322112294455,35.69639868154195
31111,Lincoln County,33303.0,63019.0,16573.0,640262.0,0.0,438386287.5506171,0.0657297127958907,17,23.12,7.99235294117647,3.3117647058823527,16.071764705882355,1.622227899330466,8.0,6.611028591695685,27.0,331.2,0.0,0.0,0.0,0.0,0.041,0.7545387845743772,56.0,345.0,107.19642857142856,44.0,26681046.774425425,0.0040004388628982,6669.529941296406,4.99330541929116
48067,Cass County,28651.0,54303.0,13944.0,482020.0,0.0,455603254.1579887,0.1831808221934833,10,96.31,711.1360000000001,11.53,49.575,1.6023406174552868,2.0,1.1775296687942007,29.0,370.54,0.0,0.0,0.0,0.0,0.077,1.620133424946047,18.0,345.0,140.55555555555554,0.0,0.0,0.0,2487.177689795285,11.519482551469096
51840,Winchester city,28272.0,62495.0,12353.0,452249.0,0.0,1534741.2051176836,0.0643120963572892,0,0.0,0.0,0.0,0.0,10.143822973798232,0.0,4.866122727523291,0.0,0.0,0.0,0.0,0.0,0.0,0.072,3.2135219683858485,0.0,0.0,0.0,0.0,0.0,0.0,23.863958583521818,1184.7154318949397
37061,Duplin County,51571.0,49376.0,23865.0,647191.0,0.0,304855860.90202993,0.143505225101927,2,0.44,0.4399999999999999,1.9,0.082,12.902201489933244,246.0,3.6301470111481096,13.0,216.44,0.0,0.0,0.0,0.0,0.084,5.077196445095111,29.0,230.0,118.96551724137932,22.0,3146760.1662108,0.0014812788071638,2124.353734754263,24.276088843539767
27037,Dakota County,457710.0,101360.0,174164.0,5086757.0,2.0,146192072.74966326,0.0961782334120066,37,20.4,2.4575675675675672,3.6216216216216215,25.731837837837837,11.990297393683706,728.0,0.1928539548594182,15.0,482.55,1.0,48572.568681496516,3.1955384175100255e-05,0.0,0.025,3.0917609300285434,119.0,345.0,104.17647058823528,94.0,42235580.37117324,0.0277863456526701,1520.0120555296824,301.1226117154055
55001,Adams County,21752.0,55223.0,16789.0,241588.0,0.0,189078135.9774186,0.1061899480824264,24,160.92000000000002,39.30708333333333,3.845833333333333,23.532875,1.9054087950747116,0.0,1.504714845165931,36.0,257.81,0.0,0.0,0.0,0.0,0.031,2.2564532358102145,24.0,138.0,77.625,69.0,86344377.71536294,0.0484926770586464,1780.5652925892086,12.216345050941284
38099,Walsh County,10179.0,68082.0,5219.0,411888.0,0.0,543887197.3738898,0.1622803721106542,13,7.29,1.1730769230769231,2.076923076923077,0.5056923076923078,6.520241713998752,246.0,3.434951990944411,21.0,577.48,0.0,0.0,0.0,0.0,0.02,3.8778397209537654,28.0,230.0,71.57142857142857,226.0,292890500.37866724,0.0873901419607265,3351.5279161612293,3.037122248308412
39115,Morgan County,13626.0,51056.0,7295.0,185500.0,0.0,47619500.72452974,0.0435913598890459,4,2.87,8.790000000000001,6.475,0.2635,9.745623242884154,0.0,1.2351783558704794,10.0,250.88,1.0,1815516.8357828655,0.0016619419895023,0.0,0.077,13.679816263250853,6.0,138.0,138.0,2.0,16077328.69559516,0.0147173450070038,1092.4068633265097,12.473374579968493
39133,Portage County,163404.0,69796.0,70692.0,2150036.0,0.0,117967748.67317048,0.0903579175768491,25,36.72,16.3876,4.704,1.33004,2.8798280751267153,0.0,0.3159510330891624,30.0,205.17,1.0,82046670.8592926,0.0628440095394047,0.0,0.067,3.727705282881748,10.0,345.0,200.1,220.0,36954364.39365037,0.0283065436735993,1305.5060631834276,125.1652555343523
56041,Uinta County,20728.0,78164.0,8831.0,610126.0,0.0,261810880.9595459,0.0484094632738204,11,13.85,12.48,6.527272727272727,0.7989999999999999,10.644444952732403,0.0,4.04387786244102,58.0,460.91,0.0,0.0,0.0,0.0,0.21,73.27671482142637,0.0,0.0,0.0,13.0,10669551.04294836,0.0019728257187836,5408.258287268604,3.83265718813672
13307,Webster County,2369.0,35000.0,1207.0,32515.0,0.0,38669629.26139216,0.0709080442457161,4,0.58,0.4575,3.225,0.2185,1.8892862337745189,0.0,0.7031182352421457,5.0,185.31,0.0,0.0,0.0,0.0,0.069,16.453364058738334,0.0,0.0,0.0,1.0,17771183.459501944,0.0325868100396609,545.348975179616,4.344007429774204
13135,Gwinnett County,1018099.0,82296.0,331184.0,13370129.0,4.0,84454360.56002069,0.074586065453609,11,135.85000000000002,287.1090909090909,5.509090909090909,6.108181818181819,6.379688607158809,75.0,0.8014375765438139,12.0,411.41,0.0,0.0,0.0,0.0,0.12,1.146851478964699,112.0,500.0,151.65178571428572,59.0,19276669.614269268,0.0170206648404756,1132.5450442117103,898.9479095806129
55095,Polk County,45803.0,74142.0,24272.0,527900.0,0.0,160234937.40438798,0.064686409892285,123,78.77,3.150813008130082,3.7089430894308943,4.481861788617886,0.0,0.0,0.5660473036071256,42.0,399.75,0.0,0.0,0.0,0.0,0.023,2.8892383343928323,43.0,161.0,77.55813953488372,230.0,153372954.99569494,0.06191624528712,2477.1036144790314,18.490546674057068
55045,Green County,37227.0,76080.0,16304.0,437085.0,0.0,114723238.73842344,0.075775905605007,3,0.63,0.8433333333333334,4.0,7.104333333333333,13.545593779557388,0.0,2.1367982685646374,20.0,259.90999999999997,0.0,0.0,0.0,0.0,0.051,2.8916621610588664,27.0,138.0,79.22222222222223,61.0,22332509.59562841,0.0147508575207107,1513.980428885081,24.58882511936733
36079,Putnam County,99028.0,120970.0,38323.0,712748.0,0.0,55752893.59596733,0.0874445928898147,41,27.11,7.132439024390244,7.390243902439025,0.6794146341463415,0.7366641533897947,117.0,1.089080573441202,27.0,151.99,1.0,222.4804022521539,3.4894526447160066e-07,0.0,0.15,5.768284047097492,8.0,345.0,172.5,123.0,30727284.729325812,0.0481936403738458,637.5796576263918,155.3186316650465
8011,Bent County,5716.0,45776.0,2151.0,57350.0,0.0,6995.142182900571,1.7525548720799173e-06,7,72.63999999999999,130.06428571428572,5.328571428571428,4.459428571428572,9.297954593502157,9.0,9.015551488877568,12.0,416.06,0.0,0.0,0.0,0.0,0.061,112.4834080958494,0.0,0.0,0.0,32.0,245902646.59464708,0.061608166078491,3991.396956717707,1.432080061688604
30089,Sanders County,14062.0,47110.0,6813.0,169712.0,0.0,128023903.1284254,0.0177176099314067,8,27.02,64.55,8.2,82.956125,29.406051529123097,37.0,1.2113218719301144,80.0,766.2,0.0,0.0,0.0,0.0,0.25,16.167740791047837,2.0,500.0,284.5,35.0,172083354.63120407,0.0238151288824958,7225.799846822803,1.946082135970468
48173,Glasscock County,1128.0,112188.0,488.0,20513.0,0.0,24.38736568063724,1.0449645223329352e-08,4,1.69,0.985,1.8,0.04875,12.416656675889914,0.0,16.15268539024729,1.0,0.81,0.0,0.0,0.0,0.0,0.037,7.59443347656792,9.0,345.0,184.0,0.0,0.0,0.0,2333.798436160419,0.483332228920246
5047,Franklin County,17725.0,47695.0,7750.0,289103.0,0.0,77399140.32233484,0.0481915753868281,7,4.69,4.287142857142857,4.971428571428571,2.4579999999999997,4.497859292180296,5.0,2.2063858978845103,22.0,224.21,1.0,39181563.84962407,0.0243958948402958,0.0,0.13,2.2437916780318123,24.0,161.0,134.16666666666666,11.0,94973651.97170755,0.0591341181529399,1606.0720094966996,11.03624239460754
30037,Golden Valley County,844.0,54792.0,472.0,11316.0,0.0,24671597.31674147,0.0081040263944978,5,9.89,25.659999999999997,5.14,0.0502,9.544046897277564,0.0,4.97153181758602,7.0,382.28,0.0,0.0,0.0,0.0,0.055,59.66396561228759,0.0,0.0,0.0,13.0,160158653.53966275,0.0526082660502702,3044.362902716129,0.2772337027385919
37101,Johnston County,256448.0,75288.0,85278.0,3048926.0,0.0,323899666.3654676,0.1571778525786042,9,10.77,6.524444444444445,2.788888888888889,1.3058888888888889,6.105968349332802,260.0,1.0435814629733713,20.0,507.66,0.0,0.0,0.0,0.0,0.077,2.9403337924156436,29.0,230.0,182.41379310344828,85.0,18442502.449141286,0.0089495396997769,2060.720782053288,124.4457775324986
53005,Benton County,221722.0,83778.0,80421.0,2480326.0,0.0,36455.64573889947,7.998860818040037e-06,3,0.3399999999999999,0.4166666666666667,3.8666666666666663,0.0063333333333333,38.427867227349246,100.0,2.5649593175789844,12.0,542.54,0.0,0.0,0.0,1.0,0.22,18.076368594086343,5.0,500.0,500.0,58.0,449943369.7325036,0.0987236494524611,4557.604709995717,48.64879999656846
29001,Adair County,25684.0,51020.0,11354.0,325093.0,0.0,195168672.1961476,0.1323329424314944,4,4.16,8.3575,5.975,0.14225,2.018141234050865,0.0,3.0034910365326795,17.0,298.53999999999996,0.0,0.0,0.0,0.0,0.07,1.7124267654728436,11.0,161.0,77.36363636363636,25.0,43069129.00884997,0.0292027635976416,1474.830588031338,17.414881552113734
39043,Erie County,73296.0,65171.0,38298.0,990323.0,1.0,96909390.41153108,0.0597921437612971,12,25771.21,41584.020833333336,3.483333333333333,817.9423333333333,0.0,0.0,8.32458196408665,9.0,118.65,0.0,0.0,0.0,0.0,0.07,9.815266436194827,15.0,138.0,128.8,34.0,25411344.11077669,0.0156785501775126,1620.771297286377,45.22291338865511
17183,Vermilion County,71259.0,52787.0,34496.0,770148.0,0.0,97082335.78745048,0.041591868862696,8,4.64,3.0700000000000003,3.175,1.20975,1.3697280482040115,0.0,0.0292715890803668,20.0,278.69,0.0,0.0,0.0,0.0,0.11,4.745662475637081,10.0,345.0,200.1,116.0,24892705.662700493,0.0106644957055637,2334.166223135516,30.528674133702804
29189,St. Louis County,990911.0,78067.0,444860.0,12706774.0,0.0,217363764.9221169,0.1601697263162876,10,4.98,2.148,3.7,36.0575,7.541965083394319,0.0,5.342616004464785,15.0,560.0899999999999,0.0,0.0,0.0,0.0,0.29,2.1249588411877007,75.0,345.0,151.8,62.0,64836778.806248166,0.0478319799922703,1355.5110789209634,731.0239033891198
17007,Boone County,53568.0,80502.0,20183.0,570577.0,0.0,62802190.0412364,0.085974422037205,3,1.23,1.43,2.966666666666667,0.7206666666666667,4.114781555754128,0.0,1.3114958722256205,5.0,133.88,0.0,0.0,0.0,0.0,0.067,4.1324303947403935,7.0,345.0,167.57142857142858,56.0,12632148.090007097,0.0172930534813139,730.4752803579071,73.33307702589686
55025,Dane County,590375.0,84297.0,250416.0,6694520.0,2.0,390009201.5226616,0.1216833196291409,22,128.8,34.62090909090909,4.0181818181818185,5.9984090909090915,0.960916111928627,0.0,4.03211037509524,39.0,316.06,1.0,613153.2305299868,0.0001913045134343,0.0,0.044,0.7501702368265675,128.0,345.0,92.71875,321.0,107745619.89019996,0.0336167575591693,3205.116367947004,184.1976802789713
48151,Fisher County,3692.0,60461.0,2038.0,62495.0,0.0,877963.0129791163,0.0003759158583655,0,0.0,0.0,0.0,0.0,29.981990302446693,0.0,5.069538678907751,8.0,412.67,0.0,0.0,0.0,0.0,0.037,13.442807588392636,1.0,138.0,138.0,0.0,0.0,0.0,2335.5306750125947,1.5807970494671797
22085,Sabine Parish,21834.0,40777.0,13558.0,491561.0,0.0,1500390.2242946185,0.000572698315627,4,600.65,1573.1975,5.375,48.558,5.306329455748323,4.0,1.0143110581422663,67.0,495.34,1.0,42581038.81763798,0.016253164552559,0.0,0.064,10.777290633290104,5.0,230.0,174.8,3.0,9494325.31487294,0.003623979967211,2619.861423290255,8.334028588649135
17137,Morgan County,32515.0,61188.0,15072.0,353352.0,0.0,149090508.19534004,0.1005568203549593,5,9.38,3.482,2.2,0.514,0.5621371309051839,0.0,3.660961279719918,9.0,312.18,0.0,0.0,0.0,0.0,0.14,1.4663069739454988,25.0,138.0,93.84,36.0,15894224.692242917,0.0107201506150961,1482.649382729806,21.930336584455617
48093,Comanche County,14432.0,57383.0,6957.0,227470.0,0.0,77809.79168732336,3.1701019677814805e-05,5,12.46,108.876,14.12,1.3990000000000002,4.538716018583833,0.0,1.9907290020744797,27.0,414.56,0.0,0.0,0.0,0.0,0.035,7.659305552193923,4.0,138.0,74.75,0.0,0.0,0.0,2454.488608824677,5.8798398770775755
30053,Lincoln County,22328.0,44593.0,10993.0,271500.0,0.0,14320715.608553097,0.0015045865126153,41,187.84,187.12048780487805,7.992682926829268,8.546073170731708,9.310584767563054,436.0,2.2999850874696928,116.0,883.9,0.0,0.0,0.0,0.0,0.17,105.63203080284758,0.0,0.0,0.0,35.0,477067100.1596685,0.0501224061794836,9518.040663318012,2.3458609591836317
27021,Cass County,31430.0,61970.0,24136.0,343258.0,0.0,465568.4824803442,7.446522069126943e-05,325,1126.86,12.868676923076922,3.631384615384615,0.9660246153846156,0.2753988967181222,15.0,2.938504393789799,160.0,947.79,0.0,0.0,0.0,0.0,0.023,22.244633141537875,24.0,250.0,115.83333333333331,104.0,137411779.5107785,0.021978288578382,6252.160127060009,5.027062544986276
42071,Lancaster County,563159.0,81458.0,216592.0,6149342.0,0.0,221152658.2382824,0.0867905035882507,5,5.54,20.183999999999997,12.739999999999998,1.7396,18.743881612360916,0.0,1.8630463210860084,58.0,486.66,0.0,0.0,0.0,0.0,0.12,1.2356990332751523,183.0,500.0,106.16939890710384,290.0,32912701.78365333,0.0129164622528544,2548.1204635874583,221.00956687390573
19013,Black Hawk County,131532.0,62329.0,58599.0,2284783.0,0.0,268280927.62346035,0.1808759078452965,12,2.43,0.4808333333333333,2.316666666666667,29.35108333333333,0.4663177854629765,0.0,0.2770920684621062,14.0,378.94,0.0,0.0,0.0,0.0,0.038,5.036797884366431,20.0,345.0,161.0,69.0,21528800.43567304,0.0145147899997194,1483.2319610610398,88.6793188476789
39131,Pike County,27061.0,50832.0,12047.0,362507.0,0.0,95898586.74658428,0.0833979020615538,6,2.37,2.816666666666667,4.566666666666667,59.03383333333333,4.218099935208458,0.0,1.773642835700607,16.0,281.46999999999997,0.0,0.0,0.0,0.0,0.1,1.0970441739998713,16.0,345.0,202.6875,31.0,51789297.165514246,0.0450383981597111,1149.8920761316506,23.533512893693334
1125,Tuscaloosa County,241368.0,61645.0,101330.0,4131369.0,0.0,537084385.2597849,0.1534665527354802,18,23.72,14.025,4.416666666666667,3.2608888888888887,0.4651083253944439,202.0,0.9912143659815034,25.0,446.46,0.0,0.0,0.0,0.0,0.19,1.6832256268407653,105.0,230.0,121.79047619047618,7.0,27898256.975147113,0.007971651090235,3499.683648889412,68.96851950506887
28097,Montgomery County,9354.0,36845.0,5281.0,168335.0,0.0,137994292.8381469,0.1306235915579982,8,1.22,0.46125,3.0,0.30375,7.61413912854228,0.0,5.922851620821532,17.0,85.39,1.0,47491.348576930504,4.4954689005345654e-05,0.0,0.17,11.949747205206428,3.0,115.0,115.0,1.0,12387.87489437061,1.1726200244902603e-05,1056.4270296983527,8.854373976658755
31099,Kearney County,6790.0,74276.0,2970.0,121776.0,0.0,194872703.21492535,0.1457168485595618,1,0.19,0.3,1.6,0.059,10.48454074188785,0.0,17.224854823448542,3.0,16.54,0.0,0.0,0.0,0.0,0.044,1.481998686989401,26.0,115.0,76.07692307692308,16.0,3865491.12509695,0.0028904365585421,1337.3381656390914,5.077249849334236
31087,Hitchcock County,2467.0,49456.0,1580.0,48241.0,0.0,132793044.03239778,0.0713616469614407,1,15.62,437.8,28.0,7.693,1.9312977677752772,31.0,1.1970879714799163,13.0,139.98,0.0,0.0,0.0,0.0,0.038,1.754522661657647,12.0,69.0,69.0,1.0,1767589.555618659,0.0009498848531642,1860.8461328028184,1.325740993041799
10003,New Castle County,588026.0,85309.0,233746.0,6511164.0,0.0,184323028.82043937,0.1440559649374654,10,5.68,1.6829999999999998,3.16,1.3647,3.008989922815435,0.0,2.5792400084876164,17.0,96.24,2.0,1084686.256739855,0.000847726550334,0.0,0.13,2.8248817173492538,74.0,500.0,150.97297297297297,230.0,79382172.8878094,0.0620404058427559,1279.5237524558866,459.5663025960693
51073,Gloucester County,40097.0,83750.0,17064.0,618943.0,0.0,144511844.86322615,0.1937487871455815,3,2.5599999999999996,3.6566666666666663,4.1000000000000005,1.7493333333333334,3.719756514661301,0.0,1.5476114037369302,12.0,71.32000000000001,0.0,0.0,0.0,0.0,0.067,16.126498995554655,4.0,230.0,230.0,16.0,9888572.056067808,0.0132577287645738,745.8722554719318,53.75853533341261
5133,Sevier County,15758.0,53567.0,6767.0,270822.0,0.0,58505.24558777597,3.885954612120312e-05,5,105.52,588.5840000000001,27.160000000000004,32.105199999999996,9.955107512142929,0.0,2.072563682711856,44.0,335.4,0.0,0.0,0.0,0.0,0.097,1.976581126108349,10.0,138.0,96.6,26.0,111994824.39219037,0.0743876553304085,1505.556585897782,10.466561102785326
18017,Cass County,37836.0,55862.0,16387.0,561830.0,0.0,42589764.750701316,0.0396386505525183,2,0.58,0.99,3.4000000000000004,0.0155,4.949264930596326,0.0,0.1118153828867091,11.0,429.79,1.0,515212.884304159,0.0004795129440284,0.0,0.081,7.342003701772016,4.0,345.0,258.75,2.0,385435.77446522063,0.0003587283015977,1074.4504204115867,35.21428190749487
16077,Power County,8246.0,56671.0,2948.0,108095.0,0.0,635.6652996978193,1.7018703159953764e-07,2,200.24,1032.105,6.550000000000001,125.779,9.60875134110848,0.0,3.970829810934454,21.0,223.3,0.0,0.0,0.0,0.0,0.2,112.71932349693348,0.0,0.0,0.0,11.0,212509596.8574168,0.0568953150231274,3735.098342825472,2.2077062618282195
18015,Carroll County,20655.0,61464.0,9525.0,300607.0,0.0,85174253.77631517,0.0876915488721409,1,5.28,50.0,9.5,60.302,17.909016987187997,0.0,2.070543016599642,12.0,451.6,0.0,0.0,0.0,0.0,0.088,17.77749298162259,3.0,69.0,69.0,7.0,1097667.9363847228,0.0011301091259531,971.293754891978,21.265451256090017
42101,Philadelphia County,1574281.0,57537.0,730630.0,17314237.0,1.0,46197910.905046865,0.1252416184525287,2,0.89,1.14,2.55,0.08,5.048552072898768,1.0,4.699333727555742,8.0,146.9,2.0,1614649.3937741076,0.0043772824213913,0.0,0.13,0.3913779191607504,53.0,230.0,165.7735849056604,76.0,3482351.927525259,0.0094222565681815,369.58789036640655,4259.557850878908
56043,Washakie County,7597.0,61875.0,3856.0,231035.0,0.0,35117083.577695966,0.0060457375167976,1,0.83,5.39,6.5,0.1,33.10237830965488,1.0,21.918789140854496,40.0,603.79,0.0,0.0,0.0,0.0,0.19,116.70954778466329,0.0,0.0,0.0,22.0,264835779.56393692,0.0455939800569592,5808.569009178066,1.3078952816082672
36109,Tompkins County,104047.0,69995.0,46728.0,761687.0,0.0,71734331.76790893,0.0563460685437276,4,171.95,205.35,4.85,16.293499999999998,2.643369820978208,0.0,0.0249778007041584,30.0,252.07,0.0,0.0,0.0,0.0,0.067,1.0719705639214598,8.0,115.0,115.0,66.0,12056970.396554258,0.0094705403068641,1273.1026959270314,81.72710680204507
30105,Valley County,7385.0,59725.0,4274.0,104231.0,0.0,122784465.70423044,0.0093657408884678,29,825.61,813.3634482758621,3.2241379310344827,21.13351724137931,3.337698895972621,1.0,10.577913797314132,39.0,842.77,0.0,0.0,0.0,0.0,0.034,163.11799531287895,0.0,0.0,0.0,208.0,891562672.6266448,0.0680065261493688,13109.9575747837,0.563312272970635
20203,Wichita County,2031.0,69551.0,1002.0,30597.0,0.0,0.0,0.0,0,0.0,0.0,0.0,0.0,39.66346623244238,4.0,42.41850214150813,0.0,0.0,0.0,0.0,0.0,0.0,0.043,1.7955500626966163,4.0,115.0,115.0,0.0,0.0,0.0,1861.1403655230852,1.091266428703337
46023,Charles Mix County,9303.0,60729.0,3668.0,140301.0,0.0,200168729.5423337,0.0671910511388289,15,23.58,4.869333333333333,2.5133333333333336,0.5205333333333333,7.352599133178315,22.0,10.267849859723295,45.0,180.93,0.0,0.0,0.0,0.0,0.098,16.095448320222825,16.0,230.0,107.8125,221.0,219953099.8885512,0.0738321116217607,2979.098051744253,3.122757236725767
31027,Cedar County,8373.0,72035.0,3915.0,154095.0,0.0,11291.470551752744,5.845251279190462e-06,1,84.87,666.1,7.8,950.348,32.89616187378903,0.0,0.91025490505466,26.0,224.49,0.0,0.0,0.0,0.0,0.058,1.862701077938627,22.0,115.0,75.27272727272727,16.0,11530491.90746492,0.0059689853737733,1931.733985834148,4.334447735247785
17111,McHenry County,317751.0,100101.0,119985.0,3319069.0,0.0,185577764.39087555,0.1172567179538056,25,36.9,5.1080000000000005,3.1239999999999997,2.9774000000000003,1.913809769377645,0.0,3.2585714954602714,16.0,296.44,0.0,0.0,0.0,0.0,0.067,4.83969255270253,34.0,345.0,162.35294117647058,551.0,78637313.88688995,0.0496867362438268,1582.662091166432,200.76995700694107
30069,Petroleum County,548.0,57981.0,292.0,5989.0,0.0,4961413.458938099,0.0011439798153636,12,829.24,1969.7016666666664,6.291666666666667,26.507666666666665,6.926998704011811,0.0,4.448964283811442,30.0,471.11,0.0,0.0,0.0,0.0,0.037,134.84527119661308,0.0,0.0,0.0,28.0,186054617.96291015,0.0428996150525043,4336.976397928046,0.1263553106403351
53075,Whitman County,48512.0,49345.0,20974.0,561792.0,0.0,8997.618648198935,1.595121478373285e-06,12,13.39,24.0625,7.583333333333333,144.94991666666667,26.841791234299578,59.0,2.0962283845090464,31.0,564.46,0.0,0.0,0.0,0.0,0.15,27.968603233580133,2.0,500.0,500.0,13.0,9924877.926326834,0.001759508439901,5640.710610564132,8.600334842412394
27147,Steele County,37464.0,79722.0,15731.0,428691.0,0.0,54822717.22460602,0.0489663793532915,7,3.86,5.331428571428572,12.12857142857143,0.833,4.9820776729857315,117.0,0.3068908866464293,12.0,185.66,0.0,0.0,0.0,0.0,0.027,3.3085013374086323,26.0,161.0,79.61538461538461,85.0,26855786.785295933,0.0239891422804505,1119.497582336713,33.46501197599897
21117,Kenton County,175779.0,76016.0,72564.0,2823841.0,0.0,26173021.541828983,0.0615031218102319,1,0.18,1.2,6.7,0.313,6.1445801671625295,0.0,3.473503302074275,8.0,228.81,0.0,0.0,0.0,0.0,0.11,1.981113399411616,47.0,345.0,86.61702127659575,20.0,3266271.6766053424,0.0076753043312698,425.5559826205635,413.0572878274608
19037,Chickasaw County,11663.0,72734.0,5540.0,210828.0,0.0,206071656.07772177,0.157348872102383,1,1.66,5.38,3.2,29.306,19.284949592671143,0.0,2.6137684321781345,9.0,329.09000000000003,0.0,0.0,0.0,0.0,0.033,9.076582905609737,3.0,345.0,191.66666666666663,48.0,13762289.706210166,0.0105083872475973,1309.6481298171368,8.905445466202039
17037,DeKalb County,101835.0,68617.0,41399.0,1067137.0,3.0,80920985.26007015,0.0492305166584526,3,1.38,1.5833333333333333,2.533333333333333,1.908666666666667,12.103827706286596,0.0,0.7348090883450197,17.0,284.58,0.0,0.0,0.0,0.0,0.085,1.4256551927046015,12.0,138.0,138.0,35.0,7135746.218891647,0.0043412283225496,1643.7159459746686,61.95413523205511
19081,Hancock County,10528.0,67865.0,5127.0,190062.0,0.0,140869530.2611558,0.0949152864765019,8,2.96,1.1975,2.85,0.414125,12.118422346431895,93.0,1.418308256288125,11.0,314.04,0.0,0.0,0.0,0.0,0.03,4.11266152766735,11.0,69.0,69.0,127.0,39084874.41020326,0.0263346661597682,1484.160618292301,7.0935718615911565
38089,Stark County,34013.0,78734.0,15366.0,1267317.0,0.0,220915042.95413783,0.063637997569732,4,2.54,3.2575,3.6,1.5955,8.827890246675805,22.0,2.2554732598146003,13.0,255.44,0.0,0.0,0.0,0.0,0.028,8.606490040824838,10.0,230.0,161.0,14.0,6818698.959232498,0.0019642317788492,3471.4329707195393,9.79797112226827
40019,Carter County,48910.0,56390.0,21609.0,891873.0,0.0,278481783.9995024,0.1289575622857514,8,24.74,11.1425,3.2375,0.204875,8.521791318248644,2.0,3.5073655373708044,18.0,518.24,0.0,0.0,0.0,0.0,0.16,8.682081015018166,42.0,345.0,147.85714285714286,0.0,0.0,0.0,2159.483934586378,22.648929782090782
21069,Fleming County,15787.0,46885.0,6753.0,248638.0,0.0,53098846.20935171,0.0583566660706022,4,0.84,1.025,4.625,0.1825,7.056898636868731,0.0,2.9537110031845595,8.0,421.44,0.0,0.0,0.0,0.0,0.14,2.792061385509758,14.0,345.0,118.28571428571428,15.0,19556208.880495463,0.0214926544118585,909.9019835216528,17.350220447809715
45091,York County,306887.0,80158.0,115366.0,4741228.0,0.0,146891017.25312224,0.0815264188367409,9,39.37,35.102222222222224,4.277777777777778,91.02444444444444,3.6148903107489687,31.0,0.4047591502618493,30.0,344.64,0.0,0.0,0.0,1.0,0.15,3.95282573044008,117.0,230.0,115.55555555555556,16.0,25692252.69238226,0.0142506564792417,1802.8820447540145,170.2202320406778
18001,Adams County,36650.0,61731.0,13212.0,528744.0,0.0,73484397.07161985,0.0834569329450807,3,0.54,0.2699999999999999,1.5333333333333332,9.962666666666667,10.464119489448716,0.0,4.228780017471396,8.0,124.93,0.0,0.0,0.0,0.0,0.09,9.28842503089126,3.0,765.0,324.0,33.0,7013993.524745998,0.0079658595647378,880.5068012740968,41.62375571314987
28155,Webster County,10167.0,55657.0,5064.0,168166.0,0.0,108679859.07426372,0.0991461027916731,3,0.43,0.36,2.566666666666667,0.7846666666666667,1.5080983598540711,2.0,3.4033562380141458,16.0,130.02,0.0,0.0,0.0,0.0,0.18,8.230592524339176,1.0,161.0,161.0,2.0,357043.45334201073,0.0003257224220538,1096.1586589300762,9.27511717138071
25011,Franklin County,70698.0,70383.0,34395.0,506152.0,0.0,6583.562093105886,3.508355101124221e-06,26,104.01,88.27230769230769,7.265384615384615,1.6062307692307694,6.714439808943715,138.0,0.9421301226250308,46.0,348.28999999999996,0.0,0.0,0.0,0.0,0.1,0.7069220159445786,34.0,345.0,117.02941176470588,236.0,151323858.89238197,0.0806399065974991,1876.5381220949507,37.67469425085453
31031,Cherry County,5561.0,62373.0,2998.0,100975.0,0.0,0.0,0.0,230,136.41,2.4996521739130433,3.220869565217391,0.0713,6.301722285453057,8.0,0.9202591757952838,61.0,1143.08,0.0,0.0,0.0,0.0,0.081,43.224788126854016,4.0,115.0,115.0,31.0,484311252.8222032,0.0311158440639309,15564.779532482942,0.3572810002476721
29029,Camden County,44047.0,59834.0,39729.0,552360.0,0.0,224702092.5024752,0.1224347357107505,9,177.66,367.9088888888889,5.933333333333334,43.86311111111111,2.314238826285828,0.0,2.490221256790145,19.0,247.11,1.0,1296538.8929085482,0.0007064526855272,0.0,0.14,1.5309752920059585,12.0,161.0,122.66666666666669,26.0,79137612.02043934,0.0431166846163018,1835.428969659655,23.99820463124087
51031,Campbell County,55629.0,59022.0,25285.0,892756.0,0.0,72552555.35788347,0.0552857689679772,4,9.42,29.76,6.0,12.636,4.078354348964042,0.0,2.071835712188645,20.0,550.95,0.0,0.0,0.0,0.0,0.095,8.563322492444051,16.0,765.0,167.125,0.0,0.0,0.0,1312.195459707827,42.393836671547646
39105,Meigs County,21587.0,46255.0,10679.0,297239.0,0.0,68121570.92402525,0.0607426878989508,2,1.16,7.015,10.0,840.479,14.141561747525124,0.0,2.7938001307815834,17.0,489.27,0.0,0.0,0.0,0.0,0.094,5.571877308899417,11.0,765.0,195.0,16.0,12945077.878905462,0.0115428756964945,1121.477716582935,19.24871059032193
54067,Nicholas County,23848.0,48826.0,12547.0,465593.0,0.0,59328666.22538846,0.0350086134317788,1,4.82,509.9,105.9,40.145,3.3497384929165537,0.0,0.6077420487991898,24.0,423.55,0.0,0.0,0.0,0.0,0.11,6.696405732430897,15.0,138.0,133.4,40.0,54998738.36777045,0.0324494491626397,1694.9051459120878,14.070403914648896
40053,Grant County,4067.0,58980.0,2185.0,77243.0,0.0,78853.67051893641,3.0340620770776692e-05,1,0.11,0.13,1.2,0.008,9.050085842499351,0.0,4.41544056892208,16.0,227.12,1.0,3408.5132500672316,1.3114977049498585e-06,0.0,0.076,0.8165835572784383,22.0,345.0,119.1818181818182,7.0,3899290.578643316,0.001500334682496,2598.947171011288,1.564864436400787
50027,Windsor County,57312.0,69492.0,34673.0,488530.0,0.0,80229207.6593098,0.0317181918012497,16,7.460000000000001,7.75375,7.3,14.1216875,13.67100073128374,100.0,1.961031956530456,40.0,507.67,0.0,0.0,0.0,0.0,0.13,9.905944115879969,46.0,115.0,55.0,180.0,37097638.73798219,0.0146663547376033,2529.4382552241696,22.65799526105482
48455,Trinity County,14384.0,51165.0,8256.0,230074.0,0.0,487311.9040442319,0.0002635284103975,14,82.93,45.22071428571428,3.335714285714286,136.32207142857143,4.321685651951494,0.0,5.011331798253096,36.0,412.85,0.0,0.0,0.0,0.0,0.049,11.485631634746586,3.0,138.0,138.0,2.0,122428512.4110512,0.0662068605245631,1849.1816624597332,7.778575946327944
35001,Bernalillo County,667601.0,62220.0,299693.0,9896900.0,7.0,149382704.87087336,0.0494073042184474,0,0.0,0.0,0.0,0.0,38.91714369050801,22.0,0.8029540040379703,4.0,114.12,1.0,203249201.87476388,0.0672232783431215,0.0,0.2,2.989423163977628,109.0,345.0,117.11009174311928,62.0,149706246.30836156,0.0495143130357363,3023.4943621314446,220.8044467889689
13205,Mitchell County,20467.0,45966.0,9044.0,300753.0,0.0,214089313.00279617,0.1608729580352119,3,0.5,0.3899999999999999,2.3000000000000003,0.2936666666666667,10.622364876658477,4.0,2.55251504703619,4.0,155.11,0.0,0.0,0.0,0.0,0.057,3.316806227381811,7.0,230.0,213.57142857142856,2.0,544447.3260768253,0.0004091136106321,1330.7973920386055,15.37950113401354
21191,Pendleton County,14800.0,58723.0,6278.0,242487.0,0.0,59332563.78747331,0.0812615486823469,1,0.45,2.42,5.3,1.049,6.7210824431800305,0.0,1.9989358999746951,12.0,445.27,0.0,0.0,0.0,0.0,0.12,7.733723004410722,12.0,138.0,103.5,2.0,151817.79209321475,0.0002079288019176,730.1431581055082,20.26999751446188
21215,Spencer County,20998.0,101118.0,7480.0,319270.0,0.0,54688932.83784851,0.1101731817585568,1,10.6,359.8,33.9,13.137,3.379857350700886,0.0,0.658375603647035,16.0,291.14,0.0,0.0,0.0,0.0,0.13,3.7550704682965073,7.0,161.0,121.57142857142856,7.0,29243055.434759565,0.0589113792207622,496.3906094470308,42.30136428928692
30041,Hill County,16167.0,58427.0,7236.0,224898.0,0.0,14529.565521347706,1.9235280676997087e-06,11,16.02,12.755454545454546,3.7818181818181817,0.122,9.07421192423307,8.0,4.329675875847496,28.0,451.41,0.0,0.0,0.0,0.0,0.041,259.20589595822145,0.0,0.0,0.0,21.0,83480479.3519994,0.0110517444513606,7553.602032638509,2.140303385079554
31175,Valley County,4094.0,62321.0,2112.0,73938.0,0.0,107292832.22844364,0.072618821040929,3,3.3,19.17,7.4,7.612666666666667,6.904659922538408,0.0,0.3519592792985784,23.0,435.14,0.0,0.0,0.0,0.0,0.054,10.89541754364078,1.0,115.0,115.0,9.0,2912795.1827699547,0.0019714620978229,1477.4796766250429,2.770934899999293
48069,Castro County,7295.0,59886.0,3024.0,125159.0,0.0,156929.31726103672,6.737598873643029e-05,12,2.5700000000000003,0.31,1.45,0.0137499999999999,3.388292583776723,0.0,33.23393958702906,0.0,0.0,0.0,0.0,0.0,0.0,0.059,0.90727590065134,22.0,345.0,117.0909090909091,3.0,2368419.97108093,0.0010168567612465,2329.157912248712,3.1320332389816197
24043,Washington County,157731.0,73017.0,63701.0,1503991.0,0.0,91416448.83575316,0.0755208706532768,3,0.55,0.6333333333333333,3.9,46.23866666666666,14.98641966378647,0.0,0.4262187455867025,37.0,300.49,0.0,0.0,0.0,0.0,0.07,1.5854219207453788,16.0,138.0,138.0,93.0,55868885.43092961,0.0461544817758697,1210.4758472261456,130.30495433795477
21133,Letcher County,19952.0,38466.0,10614.0,361185.0,0.0,20756701.45369561,0.0236384127780145,0,0.0,0.0,0.0,0.0,15.147395046662822,0.0,0.0641512116811617,9.0,275.90999999999997,0.0,0.0,0.0,0.0,0.16,3.669251900929028,7.0,138.0,59.142857142857146,27.0,44862244.66809448,0.0510905964504242,878.0920127175738,22.721992355050936
47119,Maury County,118131.0,71500.0,43464.0,1606698.0,0.0,104834773.509606,0.0657592392092878,9,2.03,5.403333333333332,41.766666666666666,0.0617777777777777,6.7247505651512,1.0,0.4737538898310347,10.0,372.3200000000001,0.0,0.0,0.0,0.0,0.22,1.4401234611614195,27.0,161.0,161.0,69.0,59182119.78155305,0.0371201290756144,1594.3403553634694,74.09396594811095
56015,Goshen County,12640.0,62356.0,5866.0,375997.0,0.0,371691906.6596642,0.0642923057534844,13,9.02,2.883846153846154,2.1384615384615384,0.0421538461538461,22.099190036618644,7.0,1.9090346984519104,26.0,497.76,0.0,0.0,0.0,0.0,0.088,14.7412224376102,1.0,34.5,34.5,19.0,36159888.753850035,0.0062546495809321,5781.281314957502,2.1863665356151096
55133,Waukesha County,417210.0,101639.0,172274.0,4835699.0,1.0,201978173.23115617,0.1343308496454472,43,60.309999999999995,5.855348837209302,3.427906976744186,0.6782093023255814,4.703714169766317,0.0,4.276417393536056,36.0,219.63,0.0,0.0,0.0,0.0,0.046,4.100634789962043,20.0,345.0,173.65,113.0,38600383.21064041,0.0256721911599373,1503.587402032052,277.47638709672185
21079,Garrard County,18207.0,58263.0,7284.0,282164.0,0.0,29069661.842496656,0.0479763019449737,1,7.28,284.3,39.1,16.925,12.388908213359883,0.0,0.3194570564608635,11.0,415.05,0.0,0.0,0.0,0.0,0.12,2.328877397392057,15.0,345.0,92.0,49.0,12718166.788890911,0.020989945234188,605.9171020692257,30.048664970542223
53065,Stevens County,49668.0,62381.0,22312.0,536848.0,0.0,174918.31602678236,2.6588986034383135e-05,27,303.67,248.8903703703704,7.285185185185185,134.21596296296298,13.40620023878386,116.0,0.0271648849451378,81.0,798.02,0.0,0.0,0.0,0.0,0.15,71.4661424432125,0.0,0.0,0.0,116.0,280118203.27836,0.0425802120905648,6578.600470156682,7.549934096973222
19177,Van Buren County,7131.0,58417.0,3509.0,126206.0,0.0,145700867.4019479,0.1146811869832945,5,2.34,1.6599999999999997,3.24,0.1078,7.962745086815172,0.0,1.8191520203207867,11.0,321.90999999999997,0.0,0.0,0.0,0.0,0.065,6.011056509756944,8.0,69.0,69.0,37.0,34318252.36580366,0.0270119045046263,1270.4862169169205,5.6128117763487
31073,Gosper County,1803.0,76583.0,1193.0,33218.0,0.0,87601068.663441,0.0730954258513566,4,12.42,33.357499999999995,8.9,0.0235,10.567262036939889,1.0,11.068131322963604,7.0,97.63,0.0,0.0,0.0,0.0,0.043,2.795925832895207,19.0,115.0,93.21052631578948,4.0,8381496.045220191,0.0069936250449196,1198.44801392501,1.5044457323559957
12033,Escambia County,333834.0,61642.0,146123.0,3771721.0,0.0,518208110.66978174,0.1777377703991373,4,2.06,2.2975,3.65,0.37825,7.267296486386866,2552.0,2.676104570102158,27.0,340.59000000000003,4.0,32011144.86066628,0.0109793525001082,0.0,0.053,3.4363912816789015,47.0,230.0,137.0212765957447,84.0,118695180.37279543,0.040710704284738,2915.5766882002,114.50016092908103
