retirement_year,retirement_month,state_abbr,plant_name,plant_id,entity_name,entity_id,sector,generator_id,capacity_mw,technology,energy_source,prime_mover,fuel_category,lat,lon,retirement_date,data_source,object_id
2023,2,AK,Sand Point,1,"Sand Point Generating, LLC",63560,Electric Utility,5,0.7,Petroleum Liquids,"Distillate fuel oil, light fuel oil, FO2, diesel oil",Internal combustion engine,Oil,55.339722,-160.497222,2023-02-15,EIA 860M,1
2012,6,CO,Colorado Energy Nations Company,10003,Molson Coors USA LLC,63637,Industrial CHP,VBPT,0.4,Natural Gas Steam Turbine,Natural gas,Steam turbine,Gas,39.7606,-105.215,2012-06-15,EIA 860M,2
2007,4,FL,Baptist Medical Center,10008,Baptist Memorial Hospital,1194,Commercial CHP,TG-1,2.6,Natural Gas Fired Combustion Turbine,Natural gas,Combustion turbine,Gas,30.314467,-81.662705,2007-04-15,EIA 860M,3
2018,6,IN,Connersville,1002,"Duke Energy Indiana, LLC",15470,Electric Utility,2,41.8,Petroleum Liquids,"Distillate fuel oil, light fuel oil, FO2, diesel oil",Combustion turbine,Oil,39.6561,-85.1758,2018-06-15,EIA 860M,4
2018,6,IN,Connersville,1002,"Duke Energy Indiana, LLC",15470,Electric Utility,1,41.8,Petroleum Liquids,"Distillate fuel oil, light fuel oil, FO2, diesel oil",Combustion turbine,Oil,39.6561,-85.1758,2018-06-15,EIA 860M,5
2016,1,FL,Cutrale Citrus Juices USA I,10020,Cutrale Citrus Juices USA Inc,4558,Industrial Non-CHP,GEN2,4.1,Natural Gas Fired Combustion Turbine,Natural gas,Combustion turbine,Gas,28.811828,-81.865273,2016-01-15,EIA 860M,6
2010,12,FL,Cutrale Citrus Juices USA I,10020,Cutrale Citrus Juices USA Inc,4558,Industrial Non-CHP,GEN1,3.5,Natural Gas Fired Combustion Turbine,Natural gas,Combustion turbine,Gas,28.811828,-81.865273,2010-12-15,EIA 860M,7
2007,3,NY,"RED-Rochester, LLC",10025,"RED-Rochester, LLC",5624,Industrial CHP,15TG,17.5,Conventional Steam Coal,Bituminous coal,Steam turbine,Coal,43.1989,-77.6319,2007-03-15,EIA 860M,8
2020,6,NY,"RED-Rochester, LLC",10025,"RED-Rochester, LLC",5624,Industrial CHP,22TG,12.5,Natural Gas Steam Turbine,Natural gas,Steam turbine,Gas,43.1989,-77.6319,2020-06-15,EIA 860M,9
2007,3,NY,"RED-Rochester, LLC",10025,"RED-Rochester, LLC",5624,Industrial CHP,11TG,6.3,Conventional Steam Coal,Bituminous coal,Steam turbine,Coal,43.1989,-77.6319,2007-03-15,EIA 860M,10
2007,3,NY,"RED-Rochester, LLC",10025,"RED-Rochester, LLC",5624,Industrial CHP,16TG,25.6,Petroleum Liquids,"Residual fuel oil, heavy fuel oil, Petroleum",Steam turbine,Oil,43.1989,-77.6319,2007-03-15,EIA 860M,11
2007,3,NY,"RED-Rochester, LLC",10025,"RED-Rochester, LLC",5624,Industrial CHP,13TG,10.4,Conventional Steam Coal,Bituminous coal,Steam turbine,Coal,43.1989,-77.6319,2007-03-15,EIA 860M,12
2007,3,NY,"RED-Rochester, LLC",10025,"RED-Rochester, LLC",5624,Industrial CHP,14TG,10.4,Conventional Steam Coal,Bituminous coal,Steam turbine,Coal,43.1989,-77.6319,2007-03-15,EIA 860M,13
2008,5,CA,Encina Water Pollution Control,10026,Encina Joint Powers Authority,5901,Commercial Non-CHP,EG3,0.5,Other Waste Biomass,"Other biomass gas (digester gas, methane, and Other biomass gases)",Internal combustion engine,Other,33.1165,-117.3215,2008-05-15,EIA 860M,14
2013,8,MA,General Electric Aircraft Engines,10029,General Electric Aircraft Engines,7049,Industrial Non-CHP,GEN8,21.1,Natural Gas Fired Combustion Turbine,Natural gas,Combustion turbine,Gas,42.45,-70.9739,2013-08-15,EIA 860M,15
2020,3,MA,General Electric Aircraft Engines,10029,General Electric Aircraft Engines,7049,Industrial Non-CHP,GEN7,12.5,Natural Gas Steam Turbine,Natural gas,Steam turbine,Gas,42.45,-70.9739,2020-03-15,EIA 860M,16
2020,3,MA,General Electric Aircraft Engines,10029,General Electric Aircraft Engines,7049,Industrial Non-CHP,GEN6,10.0,Natural Gas Steam Turbine,Natural gas,Steam turbine,Gas,42.45,-70.9739,2020-03-15,EIA 860M,17
2020,3,MA,General Electric Aircraft Engines,10029,General Electric Aircraft Engines,7049,Industrial Non-CHP,GEN5,10.0,Natural Gas Steam Turbine,Natural gas,Steam turbine,Gas,42.45,-70.9739,2020-03-15,EIA 860M,18
2011,3,IN,Edwardsport,1004,"Duke Energy Indiana, LLC",15470,Electric Utility,6,35.0,Petroleum Liquids,"Distillate fuel oil, light fuel oil, FO2, diesel oil",Steam turbine,Oil,38.8067,-87.2472,2011-03-15,EIA 860M,19
2011,3,IN,Edwardsport,1004,"Duke Energy Indiana, LLC",15470,Electric Utility,8,69.0,Conventional Steam Coal,Bituminous coal,Steam turbine,Coal,38.8067,-87.2472,2011-03-15,EIA 860M,20
2024,8,KS,Osawatomie City of,1314,City of Osawatomie - (KS),14203,Electric Utility,5,3.1,Petroleum Liquids,"Distillate fuel oil, light fuel oil, FO2, diesel oil",Internal combustion engine,Oil,38.501719,-94.960069,2024-08-15,EIA 860M,21
2011,3,IN,Edwardsport,1004,"Duke Energy Indiana, LLC",15470,Electric Utility,7,40.2,Conventional Steam Coal,Bituminous coal,Steam turbine,Coal,38.8067,-87.2472,2011-03-15,EIA 860M,22
2022,5,NJ,Logan Generating Plant,10043,Logan Generating Company LP,63046,IPP CHP,GEN1,242.3,Conventional Steam Coal,Bituminous coal,Steam turbine,Coal,39.7928,-75.406667,2022-05-15,EIA 860M,23
2013,10,CA,Central Utilities Plant LAX,10048,LAX Airport,10810,Commercial CHP,GEN1,4.0,Natural Gas Fired Combustion Turbine,Natural gas,Combustion turbine,Gas,33.943965,-118.40425,2013-10-15,EIA 860M,24
2013,10,CA,Central Utilities Plant LAX,10048,LAX Airport,10810,Commercial CHP,GEN2,4.0,Natural Gas Fired Combustion Turbine,Natural gas,Combustion turbine,Gas,33.943965,-118.40425,2013-10-15,EIA 860M,25
2008,4,AR,Fourche Creek Wastewater,10050,Little Rock Water Reclamation Authority,11079,Commercial CHP,2,0.5,Other Waste Biomass,"Other biomass gas (digester gas, methane, and Other biomass gases)",Internal combustion engine,Other,34.6968,-92.165,2008-04-15,EIA 860M,26
2010,2,AR,Fourche Creek Wastewater,10050,Little Rock Water Reclamation Authority,11079,Commercial CHP,1,0.5,Other Waste Biomass,"Other biomass gas (digester gas, methane, and Other biomass gases)",Internal combustion engine,Other,34.6968,-92.165,2010-02-15,EIA 860M,27
2011,1,AR,Fourche Creek Wastewater,10050,Little Rock Water Reclamation Authority,11079,Commercial CHP,3,0.5,Other Waste Biomass,"Other biomass gas (digester gas, methane, and Other biomass gases)",Internal combustion engine,Other,34.6968,-92.165,2011-01-15,EIA 860M,28
2018,6,IN,Miami Wabash,1006,"Duke Energy Indiana, LLC",15470,Electric Utility,2,18.0,Petroleum Liquids,"Distillate fuel oil, light fuel oil, FO2, diesel oil",Combustion turbine,Oil,40.7884,-85.8178,2018-06-15,EIA 860M,29
2018,6,IN,Miami Wabash,1006,"Duke Energy Indiana, LLC",15470,Electric Utility,3,18.0,Petroleum Liquids,"Distillate fuel oil, light fuel oil, FO2, diesel oil",Combustion turbine,Oil,40.7884,-85.8178,2018-06-15,EIA 860M,30
2018,6,IN,Miami Wabash,1006,"Duke Energy Indiana, LLC",15470,Electric Utility,5,16.3,Petroleum Liquids,"Distillate fuel oil, light fuel oil, FO2, diesel oil",Combustion turbine,Oil,40.7884,-85.8178,2018-06-15,EIA 860M,31
2018,6,IN,Miami Wabash,1006,"Duke Energy Indiana, LLC",15470,Electric Utility,6,16.3,Petroleum Liquids,"Distillate fuel oil, light fuel oil, FO2, diesel oil",Combustion turbine,Oil,40.7884,-85.8178,2018-06-15,EIA 860M,32
2011,6,IN,Miami Wabash,1006,"Duke Energy Indiana, LLC",15470,Electric Utility,4,18.0,Petroleum Liquids,"Distillate fuel oil, light fuel oil, FO2, diesel oil",Combustion turbine,Oil,40.7884,-85.8178,2011-06-15,EIA 860M,33
2018,6,IN,Miami Wabash,1006,"Duke Energy Indiana, LLC",15470,Electric Utility,1,18.0,Petroleum Liquids,"Distillate fuel oil, light fuel oil, FO2, diesel oil",Combustion turbine,Oil,40.7884,-85.8178,2018-06-15,EIA 860M,34
2023,2,FL,Miami Dade County Resource Recovery Fac,10062,Covanta Southeast Florida Renewable Ltd,50085,IPP Non-CHP,GEN1,38.5,Municipal Solid Waste,Municipal solid waste,Steam turbine,Other,25.8356,-80.3566,2023-02-15,EIA 860M,35
2023,2,FL,Miami Dade County Resource Recovery Fac,10062,Covanta Southeast Florida Renewable Ltd,50085,IPP Non-CHP,GEN2,38.5,Municipal Solid Waste,Municipal solid waste,Steam turbine,Other,25.8356,-80.3566,2023-02-15,EIA 860M,36
2023,3,MN,Taconite Harbor Energy Center,10075,"ALLETE, Inc.",12647,Electric Utility,GEN2,84.0,Conventional Steam Coal,Subbituminous coal,Steam turbine,Coal,47.5314,-90.9114,2023-03-15,EIA 860M,37
2015,5,MN,Taconite Harbor Energy Center,10075,"ALLETE, Inc.",12647,Electric Utility,GEN3,84.0,Conventional Steam Coal,Subbituminous coal,Steam turbine,Coal,47.5314,-90.9114,2015-05-15,EIA 860M,38
2023,3,MN,Taconite Harbor Energy Center,10075,"ALLETE, Inc.",12647,Electric Utility,GEN1,84.0,Conventional Steam Coal,Subbituminous coal,Steam turbine,Coal,47.5314,-90.9114,2023-03-15,EIA 860M,39
2012,2,IN,R Gallagher,1008,"Duke Energy Indiana, LLC",15470,Electric Utility,3,150.0,Conventional Steam Coal,Bituminous coal,Steam turbine,Coal,38.2636,-85.8381,2012-02-15,EIA 860M,40
2021,6,IN,R Gallagher,1008,"Duke Energy Indiana, LLC",15470,Electric Utility,2,150.0,Conventional Steam Coal,Bituminous coal,Steam turbine,Coal,38.2636,-85.8381,2021-06-15,EIA 860M,41
2021,6,IN,R Gallagher,1008,"Duke Energy Indiana, LLC",15470,Electric Utility,4,150.0,Conventional Steam Coal,Bituminous coal,Steam turbine,Coal,38.2636,-85.8381,2021-06-15,EIA 860M,42
2012,2,IN,R Gallagher,1008,"Duke Energy Indiana, LLC",15470,Electric Utility,1,150.0,Conventional Steam Coal,Bituminous coal,Steam turbine,Coal,38.2636,-85.8381,2012-02-15,EIA 860M,43
2018,6,CA,Commerce Refuse To Energy,10090,Los Angeles County Sanitation,11217,IPP Non-CHP,GEN1,12.0,Municipal Solid Waste,Municipal solid waste,Steam turbine,Other,33.9949,-118.1538,2018-06-15,EIA 860M,44
2002,12,CA,Total Energy Facilities,10091,Los Angeles County Sanitation,11217,Commercial CHP,GEN2,9.9,Other Waste Biomass,"Other biomass gas (digester gas, methane, and Other biomass gases)",Combined cycle,Other,33.7683,-118.2836,2002-12-15,EIA 860M,45
2022,5,NJ,Pedricktown Cogeneration Company LP,10099,Pedricktown Cogeneration Company LP,50160,IPP Non-CHP,GEN2,45.0,Natural Gas Fired Combined Cycle,Natural gas,Combined cycle,Gas,39.7668,-75.4238,2022-05-15,EIA 860M,46
2022,5,NJ,Pedricktown Cogeneration Company LP,10099,Pedricktown Cogeneration Company LP,50160,IPP Non-CHP,GEN1,95.2,Natural Gas Fired Combined Cycle,Natural gas,Combined cycle,Gas,39.7668,-75.4238,2022-05-15,EIA 860M,47
2016,1,NH,Hampton Facility,10108,Foss Manufacturing Company LLC,6636,Industrial CHP,GEN6,0.7,Petroleum Liquids,"Distillate fuel oil, light fuel oil, FO2, diesel oil",Internal combustion engine,Oil,42.9383,-70.8406,2016-01-15,EIA 860M,48
2017,8,NH,Hampton Facility,10108,Foss Manufacturing Company LLC,6636,Industrial CHP,GEN5,0.7,Petroleum Liquids,"Distillate fuel oil, light fuel oil, FO2, diesel oil",Internal combustion engine,Oil,42.9383,-70.8406,2017-08-15,EIA 860M,49
2017,8,NH,Hampton Facility,10108,Foss Manufacturing Company LLC,6636,Industrial CHP,GEN4,0.7,Petroleum Liquids,"Distillate fuel oil, light fuel oil, FO2, diesel oil",Internal combustion engine,Oil,42.9383,-70.8406,2017-08-15,EIA 860M,50
2017,8,NH,Hampton Facility,10108,Foss Manufacturing Company LLC,6636,Industrial CHP,GEN3,0.7,Petroleum Liquids,"Distillate fuel oil, light fuel oil, FO2, diesel oil",Internal combustion engine,Oil,42.9383,-70.8406,2017-08-15,EIA 860M,51
2017,8,NH,Hampton Facility,10108,Foss Manufacturing Company LLC,6636,Industrial CHP,GEN2,0.5,Petroleum Liquids,"Distillate fuel oil, light fuel oil, FO2, diesel oil",Internal combustion engine,Oil,42.9383,-70.8406,2017-08-15,EIA 860M,52
2017,8,NH,Hampton Facility,10108,Foss Manufacturing Company LLC,6636,Industrial CHP,GEN1,0.5,Petroleum Liquids,"Distillate fuel oil, light fuel oil, FO2, diesel oil",Internal combustion engine,Oil,42.9383,-70.8406,2017-08-15,EIA 860M,53
2019,12,IN,Broadway (IN),1011,Southern Indiana Gas & Elec Co,17633,Electric Utility,2,88.8,Natural Gas Fired Combustion Turbine,Natural gas,Combustion turbine,Gas,37.969116,-87.604879,2019-12-15,EIA 860M,54
2018,2,IN,Broadway (IN),1011,Southern Indiana Gas & Elec Co,17633,Electric Utility,1,53.1,Natural Gas Fired Combustion Turbine,Natural gas,Combustion turbine,Gas,37.969116,-87.604879,2018-02-15,EIA 860M,55
2021,9,CA,Frito-Lay Cogen Plant,10110,Frito-Lay Inc,15743,Industrial CHP,GEN1,6.0,Natural Gas Fired Combustion Turbine,Natural gas,Combustion turbine,Gas,35.395063,-119.321633,2021-09-15,EIA 860M,56
2016,5,CA,Grossmont Hospital,10115,Sharp Grossmont Hospital,7726,Commercial CHP,GEN2,0.8,Natural Gas Fired Combustion Turbine,Natural gas,Combustion turbine,Gas,32.77973,-117.006397,2016-05-15,EIA 860M,57
2016,5,CA,Grossmont Hospital,10115,Sharp Grossmont Hospital,7726,Commercial CHP,GEN1,0.8,Natural Gas Fired Combustion Turbine,Natural gas,Combustion turbine,Gas,32.77973,-117.006397,2016-05-15,EIA 860M,58
2003,4,PA,Harrisburg Facility,10118,Harrisburg Authority,8181,IPP CHP,GEN1,8.2,Municipal Solid Waste,Municipal solid waste,Steam turbine,Other,40.244242,-76.853872,2003-04-15,EIA 860M,59
2025,12,IN,F B Culley,1012,Southern Indiana Gas & Elec Co,17633,Electric Utility,2,90.0,Conventional Steam Coal,Bituminous coal,Steam turbine,Coal,37.9111,-87.3275,2025-12-15,Electric Power Monthly Table 6.6,60
2006,12,IN,F B Culley,1012,Southern Indiana Gas & Elec Co,17633,Electric Utility,1,46.0,Conventional Steam Coal,Bituminous coal,Steam turbine,Coal,37.9111,-87.3275,2006-12-15,EIA 860M,61
2014,10,GA,Pinova Inc.,10120,Pinova Inc.,8486,Industrial CHP,GEN6,2.0,Wood/Wood Waste Biomass,"Wood, Wood waste solid",Steam turbine,Other,31.164772,-81.478724,2014-10-15,EIA 860M,62
2023,6,GA,Pinova Inc.,10120,Pinova Inc.,8486,Industrial CHP,GEN5,7.1,Wood/Wood Waste Biomass,"Wood, Wood waste solid",Steam turbine,Other,31.164772,-81.478724,2023-06-15,EIA 860M,63
2002,11,NJ,CIP II/AR Bridgewater Holdings - NJCOE,10122,"COE Bridgewater LLC c/o Thor Equities, LLC",62860,Commercial CHP,01,3.7,Natural Gas Fired Combustion Turbine,Natural gas,Combustion turbine,Gas,40.624,-74.634,2002-11-15,EIA 860M,64
2003,12,NJ,Hoffmann LaRoche,10123,"PB Nutclif Master, LLC",60557,Industrial CHP,TG1,4.0,Natural Gas Fired Combustion Turbine,Natural gas,Combustion turbine,Gas,40.8359,-74.155,2003-12-15,EIA 860M,65
2003,12,NJ,Hoffmann LaRoche,10123,"PB Nutclif Master, LLC",60557,Industrial CHP,TG2,4.0,Natural Gas Fired Combustion Turbine,Natural gas,Combustion turbine,Gas,40.8359,-74.155,2003-12-15,EIA 860M,66
2003,12,NJ,Hoffmann LaRoche,10123,"PB Nutclif Master, LLC",60557,Industrial CHP,TG3,4.0,Natural Gas Fired Combustion Turbine,Natural gas,Combustion turbine,Gas,40.8359,-74.155,2003-12-15,EIA 860M,67
2019,5,IN,Northeast (IN),1013,Southern Indiana Gas & Elec Co,17633,Electric Utility,2,11.5,Natural Gas Fired Combustion Turbine,Natural gas,Combustion turbine,Gas,38.0211,-87.5172,2019-05-15,EIA 860M,68
2019,5,IN,Northeast (IN),1013,Southern Indiana Gas & Elec Co,17633,Electric Utility,1,10.7,Natural Gas Fired Combustion Turbine,Natural gas,Combustion turbine,Gas,38.0211,-87.5172,2019-05-15,EIA 860M,69
2004,5,CA,Sierra Pacific Lincoln Facility,10144,Sierra Pacific Industries,17164,Industrial CHP,GEN3,1.5,Wood/Wood Waste Biomass,"Wood, Wood waste solid",Steam turbine,Other,38.9032,-121.3097,2004-05-15,EIA 860M,70
2004,3,CA,Sierra Pacific Lincoln Facility,10144,Sierra Pacific Industries,17164,Industrial CHP,GEN2,11.5,Wood/Wood Waste Biomass,"Wood, Wood waste solid",Steam turbine,Other,38.9032,-121.3097,2004-03-15,EIA 860M,71
2016,11,MI,White Pine Electric Power,10148,White Pine Electric Power LLC,1951,IPP Non-CHP,GEN1,20.0,Natural Gas Steam Turbine,Natural gas,Steam turbine,Gas,46.7644,-89.5669,2016-11-15,EIA 860M,72
2015,4,MI,White Pine Electric Power,10148,White Pine Electric Power LLC,1951,IPP Non-CHP,GEN2,20.0,Natural Gas Steam Turbine,Natural gas,Steam turbine,Gas,46.7644,-89.5669,2015-04-15,EIA 860M,73
2020,10,MI,White Pine Electric Power,10148,White Pine Electric Power LLC,1951,IPP Non-CHP,GEN3,20.0,Natural Gas Steam Turbine,Natural gas,Steam turbine,Gas,46.7644,-89.5669,2020-10-15,EIA 860M,74
2024,2,MI,Decorative Panels Intl,10149,"Decorative Panels International, Inc.",49967,Industrial CHP,GEN1,7.5,Natural Gas Steam Turbine,Natural gas,Steam turbine,Gas,45.062836,-83.423333,2024-02-15,EIA 860M,75
2021,11,CA,Fresno Cogen Partners,10156,"Wellhead Services, Inc",20323,IPP CHP,GEN2,10.0,Natural Gas Fired Combined Cycle,Natural gas,Combined cycle,Gas,36.617022,-120.099846,2021-11-15,EIA 860M,76
2004,1,CA,Fresno Cogen Partners,10156,"Wellhead Services, Inc",20323,IPP CHP,GEN1,22.3,Natural Gas Fired Combined Cycle,Natural gas,Combined cycle,Gas,36.617022,-120.099846,2004-01-15,EIA 860M,77
2027,1,CA,Childrens Hospital,10175,DTE San Diego COGEN Inc.,3476,Commercial,0799,2.0,Petroleum Liquids,"Distillate fuel oil, light fuel oil, FO2, diesel oil",Internal combustion engine,Oil,32.7992,-117.1517,2027-01-15,Electric Power Monthly Table 6.6,78
2016,5,ME,Anson Abenaki Hydros,10186,"Eagle Creek Renewable Energy, LLC",57280,IPP Non-CHP,STG1,3.0,Natural Gas Steam Turbine,Natural gas,Steam turbine,Gas,44.7975,-69.8867,2016-05-15,EIA 860M,79
2010,12,FL,Cutrale Citrus Juices USA II,10188,Cutrale Citrus Juices USA Inc,4558,Industrial Non-CHP,GEN1,3.5,Natural Gas Fired Combined Cycle,Natural gas,Combined cycle,Gas,28.05485,-81.798166,2010-12-15,EIA 860M,80
2005,10,FL,Cutrale Citrus Juices USA II,10188,Cutrale Citrus Juices USA Inc,4558,Industrial Non-CHP,GEN3,1.5,Natural Gas Fired Combined Cycle,Natural gas,Combined cycle,Gas,28.05485,-81.798166,2005-10-15,EIA 860M,81
2010,12,FL,Cutrale Citrus Juices USA II,10188,Cutrale Citrus Juices USA Inc,4558,Industrial Non-CHP,GEN2,3.5,Natural Gas Fired Combined Cycle,Natural gas,Combined cycle,Gas,28.05485,-81.798166,2010-12-15,EIA 860M,82
2015,6,FL,Cutrale Citrus Juices USA II,10188,Cutrale Citrus Juices USA Inc,4558,Industrial Non-CHP,GEN4,4.1,Natural Gas Fired Combustion Turbine,Natural gas,Combustion turbine,Gas,28.05485,-81.798166,2015-06-15,EIA 860M,83
2015,12,FL,Cutrale Citrus Juices USA II,10188,Cutrale Citrus Juices USA Inc,4558,Industrial Non-CHP,GEN5,4.1,Natural Gas Fired Combustion Turbine,Natural gas,Combustion turbine,Gas,28.05485,-81.798166,2015-12-15,EIA 860M,84
2003,12,FL,Fernandina Beach Mill,10202,"WestRock, Fernandina Beach",9686,Industrial CHP,GEN4,9.3,Conventional Steam Coal,Bituminous coal,Steam turbine,Coal,30.681823,-81.455413,2003-12-15,EIA 860M,85
2010,7,TX,Valero Refinery Corpus Christi East,10203,Valero Refining Co,19685,Industrial CHP,GEN1,20.0,Natural Gas Fired Combustion Turbine,Natural gas,Combustion turbine,Gas,27.8114,-97.4442,2010-07-15,EIA 860M,86
2010,7,TX,Valero Refinery Corpus Christi East,10203,Valero Refining Co,19685,Industrial CHP,GEN2,20.0,Natural Gas Fired Combustion Turbine,Natural gas,Combustion turbine,Gas,27.8114,-97.4442,2010-07-15,EIA 860M,87
2014,7,CA,Loma Linda University Cogen,10206,Loma Linda University,11161,Commercial CHP,GEN3,1.2,Natural Gas Fired Combined Cycle,Natural gas,Combined cycle,Gas,34.050391,-117.248417,2014-07-15,EIA 860M,88
2007,11,NJ,Merck Rahway Power Plant,10224,Merck & Co Inc,12311,Industrial CHP,GEN7,4.0,Petroleum Liquids,"Distillate fuel oil, light fuel oil, FO2, diesel oil",Steam turbine,Oil,40.615616,-74.26529,2007-11-15,EIA 860M,89
2021,11,IN,Crawfordsville Power Plant,1024,Crawfordsville Energy LLC,59774,IPP Non-CHP,5,12.6,Conventional Steam Coal,Bituminous coal,Steam turbine,Coal,40.048889,-86.8992,2021-11-15,EIA 860M,90
2023,2,IN,Crawfordsville Power Plant,1024,Crawfordsville Energy LLC,59774,IPP Non-CHP,4,11.5,Conventional Steam Coal,Bituminous coal,Steam turbine,Coal,40.048889,-86.8992,2023-02-15,EIA 860M,91
2024,4,IN,Crawfordsville Power Plant,1024,Crawfordsville Energy LLC,59774,IPP Non-CHP,D1,0.8,Petroleum Liquids,"Distillate fuel oil, light fuel oil, FO2, diesel oil",Internal combustion engine,Oil,40.048889,-86.8992,2024-04-15,EIA 860M,92
2002,12,TX,Ticona Polymers Inc,10243,Ticona Polymers Inc,3432,Industrial CHP,GEN4,8.2,Natural Gas Fired Combined Cycle,Natural gas,Combined cycle,Gas,27.5697,-97.8228,2002-12-15,EIA 860M,93
2002,12,TX,Ticona Polymers Inc,10243,Ticona Polymers Inc,3432,Industrial CHP,GEN3,1.6,Other Natural Gas,Natural gas,,Gas,27.5697,-97.8228,2002-12-15,EIA 860M,94
2002,12,TX,Ticona Polymers Inc,10243,Ticona Polymers Inc,3432,Industrial CHP,GEN2,1.4,Other Natural Gas,Natural gas,,Gas,27.5697,-97.8228,2002-12-15,EIA 860M,95
2002,12,TX,Ticona Polymers Inc,10243,Ticona Polymers Inc,3432,Industrial CHP,GEN1,1.4,Other Natural Gas,Natural gas,,Gas,27.5697,-97.8228,2002-12-15,EIA 860M,96
2021,1,FL,Bay County Waste to Energy,10250,Bay County Board-County Comm,23330,IPP Non-CHP,GEN1,13.6,Municipal Solid Waste,Municipal solid waste,Steam turbine,Other,30.266057,-85.52067,2021-01-15,EIA 860M,97
2006,10,TN,Domtar Kingsport Mill,10252,Domtar Paper Co LLC Kingsport Mill,55849,Industrial CHP,NO.7,12.0,Wood/Wood Waste Biomass,Black liquor,Steam turbine,Other,36.5489,-82.5667,2006-10-15,EIA 860M,98
2006,10,TN,Domtar Kingsport Mill,10252,Domtar Paper Co LLC Kingsport Mill,55849,Industrial CHP,NO.6,7.0,Wood/Wood Waste Biomass,Black liquor,Steam turbine,Other,36.5489,-82.5667,2006-10-15,EIA 860M,99
2019,1,TX,Enterprise Products Operating,10261,Enterprise Products Optg LP,29925,Industrial CHP,GEN2,2.5,Natural Gas Fired Combustion Turbine,Natural gas,Combustion turbine,Gas,29.8247,-94.9197,2019-01-15,EIA 860M,100
2019,1,TX,Enterprise Products Operating,10261,Enterprise Products Optg LP,29925,Industrial CHP,GEN1,2.5,Natural Gas Fired Combustion Turbine,Natural gas,Combustion turbine,Gas,29.8247,-94.9197,2019-01-15,EIA 860M,101
2020,8,KS,Ottawa,1316,City of Ottawa - (KS),14229,Electric Utility,GT1,11.5,Natural Gas Fired Combustion Turbine,Natural gas,Combustion turbine,Gas,38.615579,-95.279742,2020-08-15,EIA 860M,102
2012,12,KS,Pratt,1317,City of Pratt- (KS),15321,Electric Utility,3,5.0,Natural Gas Steam Turbine,Natural gas,Steam turbine,Gas,37.6359,-98.7433,2012-12-15,EIA 860M,103
2004,5,KS,Pratt,1317,City of Pratt- (KS),15321,Electric Utility,1,3.0,Natural Gas Steam Turbine,Natural gas,Steam turbine,Gas,37.6359,-98.7433,2004-05-15,EIA 860M,104
2016,2,KS,St Francis,1321,City of St Francis - (KS),17872,Electric Utility,3,0.8,Petroleum Liquids,"Distillate fuel oil, light fuel oil, FO2, diesel oil",Internal combustion engine,Oil,39.770868,-101.810082,2016-02-15,EIA 860M,105
2005,12,KS,St John,1322,City of St. John - (KS),17879,Electric Utility,3,0.9,Petroleum Liquids,"Distillate fuel oil, light fuel oil, FO2, diesel oil",Internal combustion engine,Oil,37.9953,-98.7602,2005-12-15,EIA 860M,106
2011,9,KS,Stafford,1325,City of Stafford - (KS),17924,Electric Utility,3,0.8,Petroleum Liquids,"Distillate fuel oil, light fuel oil, FO2, diesel oil",Internal combustion engine,Oil,37.956117,-98.599286,2011-09-15,EIA 860M,107
2011,9,KS,Stafford,1325,City of Stafford - (KS),17924,Electric Utility,1,0.9,Petroleum Liquids,"Distillate fuel oil, light fuel oil, FO2, diesel oil",Internal combustion engine,Oil,37.956117,-98.599286,2011-09-15,EIA 860M,108
2011,9,KS,Stafford,1325,City of Stafford - (KS),17924,Electric Utility,2,0.9,Petroleum Liquids,"Distillate fuel oil, light fuel oil, FO2, diesel oil",Internal combustion engine,Oil,37.956117,-98.599286,2011-09-15,EIA 860M,109
2022,1,KS,Washington,1329,City of Washington - (KS),20141,Electric Utility,5,0.6,Petroleum Liquids,"Distillate fuel oil, light fuel oil, FO2, diesel oil",Internal combustion engine,Oil,39.7306,-96.9795,2022-01-15,EIA 860M,110
2022,1,KS,Washington,1329,City of Washington - (KS),20141,Electric Utility,7,1.1,Petroleum Liquids,"Distillate fuel oil, light fuel oil, FO2, diesel oil",Internal combustion engine,Oil,39.7306,-96.9795,2022-01-15,EIA 860M,111
2005,2,KS,Wellington 1,1330,City of Wellington - (KS),20315,Electric Utility,5,1.0,Petroleum Liquids,"Distillate fuel oil, light fuel oil, FO2, diesel oil",Internal combustion engine,Oil,37.261372,-97.4057,2005-02-15,EIA 860M,112
2013,12,KS,Garden City,1336,Sunflower Electric Power Corp,18315,Electric Utility,GC3,11.5,Natural Gas Steam Turbine,Natural gas,Steam turbine,Gas,37.9703,-100.8956,2013-12-15,EIA 860M,113
2015,5,KY,Big Sandy,1353,Kentucky Power Co,22053,Electric Utility,2,816.3,Conventional Steam Coal,Bituminous coal,Steam turbine,Coal,38.1707,-82.6176,2015-05-15,EIA 860M,114
2019,2,KY,E W Brown,1355,Kentucky Utilities Co,10171,Electric Utility,1,113.6,Conventional Steam Coal,Bituminous coal,Steam turbine,Coal,37.78831,-84.71257,2019-02-15,EIA 860M,115
2019,2,KY,E W Brown,1355,Kentucky Utilities Co,10171,Electric Utility,2,179.5,Conventional Steam Coal,Bituminous coal,Steam turbine,Coal,37.78831,-84.71257,2019-02-15,EIA 860M,116
2003,12,KY,Green River,1357,Kentucky Utilities Co,10171,Electric Utility,1,37.5,Conventional Steam Coal,Bituminous coal,Steam turbine,Coal,37.3636,-87.1214,2003-12-15,EIA 860M,117
2003,12,KY,Green River,1357,Kentucky Utilities Co,10171,Electric Utility,2,37.5,Conventional Steam Coal,Bituminous coal,Steam turbine,Coal,37.3636,-87.1214,2003-12-15,EIA 860M,118
2015,10,KY,Green River,1357,Kentucky Utilities Co,10171,Electric Utility,3,75.0,Conventional Steam Coal,Bituminous coal,Steam turbine,Coal,37.3636,-87.1214,2015-10-15,EIA 860M,119
2015,10,KY,Green River,1357,Kentucky Utilities Co,10171,Electric Utility,4,113.6,Conventional Steam Coal,Bituminous coal,Steam turbine,Coal,37.3636,-87.1214,2015-10-15,EIA 860M,120
2013,12,KY,Haefling,1358,Kentucky Utilities Co,10171,Electric Utility,3,20.7,Natural Gas Fired Combustion Turbine,Natural gas,Combustion turbine,Gas,38.0794,-84.5194,2013-12-15,EIA 860M,121
2024,1,FL,Seminole (FL),136,Seminole Electric Cooperative Inc,21554,Electric Utility,1,714.6,Conventional Steam Coal,Bituminous coal,Steam turbine,Coal,29.733056,-81.632778,2024-01-15,EIA 860M,122
2002,1,KY,Pineville,1360,Kentucky Utilities Co,10171,Electric Utility,3,37.5,Conventional Steam Coal,Bituminous coal,Steam turbine,Coal,36.796667,-83.761388,2002-01-15,EIA 860M,123
2019,12,KY,Cane Run,1363,Louisville Gas & Electric Co,11249,Electric Utility,11,16.3,Natural Gas Fired Combustion Turbine,Natural gas,Combustion turbine,Gas,38.1831,-85.8892,2019-12-15,EIA 860M,124
2015,6,KY,Cane Run,1363,Louisville Gas & Electric Co,11249,Electric Utility,4,163.2,Conventional Steam Coal,Bituminous coal,Steam turbine,Coal,38.1831,-85.8892,2015-06-15,EIA 860M,125
2015,6,KY,Cane Run,1363,Louisville Gas & Electric Co,11249,Electric Utility,5,209.4,Conventional Steam Coal,Bituminous coal,Steam turbine,Coal,38.1831,-85.8892,2015-06-15,EIA 860M,126
2015,4,KY,Cane Run,1363,Louisville Gas & Electric Co,11249,Electric Utility,6,272.0,Conventional Steam Coal,Bituminous coal,Steam turbine,Coal,38.1831,-85.8892,2015-04-15,EIA 860M,127
2027,6,KY,Mill Creek (KY),1364,Louisville Gas & Electric Co,11249,Electric Utility,2,297.0,Conventional Steam Coal,Bituminous coal,Steam turbine,Coal,38.0525,-85.9103,2027-06-15,Electric Power Monthly Table 6.6,128
2024,12,KY,Mill Creek (KY),1364,Louisville Gas & Electric Co,11249,Electric Utility,1,355.5,Conventional Steam Coal,Bituminous coal,Steam turbine,Coal,38.0525,-85.9103,2024-12-15,EIA 860M,129
2021,4,KY,Paddys Run,1366,Louisville Gas & Electric Co,11249,Electric Utility,11,16.0,Natural Gas Fired Combustion Turbine,Natural gas,Combustion turbine,Gas,38.223592,-85.841704,2021-04-15,EIA 860M,130
2006,8,KY,Waterside GT,1367,Louisville Gas & Electric Co,11249,Electric Utility,8,25.0,Natural Gas Fired Combustion Turbine,Natural gas,Combustion turbine,Gas,38.258333,-85.754166,2006-08-15,EIA 860M,131
2006,8,KY,Waterside GT,1367,Louisville Gas & Electric Co,11249,Electric Utility,7,20.0,Natural Gas Fired Combustion Turbine,Natural gas,Combustion turbine,Gas,38.258333,-85.754166,2006-08-15,EIA 860M,132
2021,12,KY,Zorn,1368,Louisville Gas & Electric Co,11249,Electric Utility,1,18.0,Natural Gas Fired Combustion Turbine,Natural gas,Combustion turbine,Gas,38.280278,-85.702331,2021-12-15,EIA 860M,133
2020,6,KY,Elmer Smith,1374,City of Owensboro - (KY),14268,Electric Utility,1,163.2,Conventional Steam Coal,Bituminous coal,Steam turbine,Coal,37.7942,-87.0608,2020-06-15,EIA 860M,134
2020,6,KY,Elmer Smith,1374,City of Owensboro - (KY),14268,Electric Utility,2,282.1,Conventional Steam Coal,Bituminous coal,Steam turbine,Coal,37.7942,-87.0608,2020-06-15,EIA 860M,135
2023,9,KY,Paris (KY),1376,City of Paris - (KY),14459,Electric Utility,4,0.9,Petroleum Liquids,"Distillate fuel oil, light fuel oil, FO2, diesel oil",Internal combustion engine,Oil,38.2049,-84.2383,2023-09-15,EIA 860M,136
2020,1,KY,Paradise,1378,Tennessee Valley Authority,18642,Electric Utility,3,1150.2,Conventional Steam Coal,Bituminous coal,Steam turbine,Coal,37.2608,-86.9783,2020-01-15,EIA 860M,137
2017,4,KY,Paradise,1378,Tennessee Valley Authority,18642,Electric Utility,1,704.0,Conventional Steam Coal,Bituminous coal,Steam turbine,Coal,37.2608,-86.9783,2017-04-15,EIA 860M,138
2017,4,KY,Paradise,1378,Tennessee Valley Authority,18642,Electric Utility,2,704.0,Conventional Steam Coal,Bituminous coal,Steam turbine,Coal,37.2608,-86.9783,2017-04-15,EIA 860M,139
2014,6,KY,Shawnee,1379,Tennessee Valley Authority,18642,Electric Utility,10,175.0,Conventional Steam Coal,Bituminous coal,Steam turbine,Coal,37.1517,-88.775,2014-06-15,EIA 860M,140
2033,12,KY,Shawnee,1379,Tennessee Valley Authority,18642,Electric Utility,1,134.0,Conventional Steam Coal,Subbituminous coal,Steam turbine,Coal,37.1517,-88.775,2033-12-15,Electric Power Monthly Table 6.6,141
2033,12,KY,Shawnee,1379,Tennessee Valley Authority,18642,Electric Utility,2,134.0,Conventional Steam Coal,Subbituminous coal,Steam turbine,Coal,37.1517,-88.775,2033-12-15,Electric Power Monthly Table 6.6,142
2033,12,KY,Shawnee,1379,Tennessee Valley Authority,18642,Electric Utility,7,134.0,Conventional Steam Coal,Subbituminous coal,Steam turbine,Coal,37.1517,-88.775,2033-12-15,Electric Power Monthly Table 6.6,143
2033,12,KY,Shawnee,1379,Tennessee Valley Authority,18642,Electric Utility,6,134.0,Conventional Steam Coal,Subbituminous coal,Steam turbine,Coal,37.1517,-88.775,2033-12-15,Electric Power Monthly Table 6.6,144
2033,12,KY,Shawnee,1379,Tennessee Valley Authority,18642,Electric Utility,8,134.0,Conventional Steam Coal,Subbituminous coal,Steam turbine,Coal,37.1517,-88.775,2033-12-15,Electric Power Monthly Table 6.6,145
2033,12,KY,Shawnee,1379,Tennessee Valley Authority,18642,Electric Utility,4,134.0,Conventional Steam Coal,Subbituminous coal,Steam turbine,Coal,37.1517,-88.775,2033-12-15,Electric Power Monthly Table 6.6,146
2033,12,KY,Shawnee,1379,Tennessee Valley Authority,18642,Electric Utility,9,134.0,Conventional Steam Coal,Subbituminous coal,Steam turbine,Coal,37.1517,-88.775,2033-12-15,Electric Power Monthly Table 6.6,147
2033,12,KY,Shawnee,1379,Tennessee Valley Authority,18642,Electric Utility,5,134.0,Conventional Steam Coal,Subbituminous coal,Steam turbine,Coal,37.1517,-88.775,2033-12-15,Electric Power Monthly Table 6.6,148
2020,9,KY,Kenneth C Coleman,1381,Big Rivers Electric Corp,1692,Electric Utility,3,192.0,Conventional Steam Coal,Bituminous coal,Steam turbine,Coal,37.9631,-86.7911,2020-09-15,EIA 860M,149
2020,9,KY,Kenneth C Coleman,1381,Big Rivers Electric Corp,1692,Electric Utility,1,205.0,Conventional Steam Coal,Bituminous coal,Steam turbine,Coal,37.9631,-86.7911,2020-09-15,EIA 860M,150
2020,9,KY,Kenneth C Coleman,1381,Big Rivers Electric Corp,1692,Electric Utility,2,205.0,Conventional Steam Coal,Bituminous coal,Steam turbine,Coal,37.9631,-86.7911,2020-09-15,EIA 860M,151
2019,2,KY,HMP&L Station Two Henderson,1382,Big Rivers Electric Corp,1692,Electric Utility,2,205.0,Conventional Steam Coal,Bituminous coal,Steam turbine,Coal,37.6469,-87.5028,2019-02-15,EIA 860M,152
2019,2,KY,HMP&L Station Two Henderson,1382,Big Rivers Electric Corp,1692,Electric Utility,1,200.0,Conventional Steam Coal,Bituminous coal,Steam turbine,Coal,37.6469,-87.5028,2019-02-15,EIA 860M,153
2020,9,KY,Robert A Reid,1383,Big Rivers Electric Corp,1692,Electric Utility,1,96.0,Conventional Steam Coal,Bituminous coal,Steam turbine,Coal,37.6461,-87.5019,2020-09-15,EIA 860M,154
2015,4,KY,Dale,1385,"East Kentucky Power Coop, Inc",5580,Electric Utility,1,27.0,Conventional Steam Coal,Bituminous coal,Steam turbine,Coal,37.8806,-84.2619,2015-04-15,EIA 860M,155
2016,4,KY,Dale,1385,"East Kentucky Power Coop, Inc",5580,Electric Utility,4,81.0,Conventional Steam Coal,Bituminous coal,Steam turbine,Coal,37.8806,-84.2619,2016-04-15,EIA 860M,156
2016,4,KY,Dale,1385,"East Kentucky Power Coop, Inc",5580,Electric Utility,3,81.0,Conventional Steam Coal,Bituminous coal,Steam turbine,Coal,37.8806,-84.2619,2016-04-15,EIA 860M,157
2015,4,KY,Dale,1385,"East Kentucky Power Coop, Inc",5580,Electric Utility,2,27.0,Conventional Steam Coal,Bituminous coal,Steam turbine,Coal,37.8806,-84.2619,2015-04-15,EIA 860M,158
2016,10,LA,Willow Glen,1394,Entergy Louisiana LLC,11241,Electric Utility,5,591.8,Natural Gas Steam Turbine,Natural gas,Steam turbine,Gas,30.2743,-91.1164,2016-10-15,EIA 860M,159
2016,10,LA,Willow Glen,1394,Entergy Louisiana LLC,11241,Electric Utility,1,163.2,Natural Gas Steam Turbine,Natural gas,Steam turbine,Gas,30.2743,-91.1164,2016-10-15,EIA 860M,160
2018,3,LA,Willow Glen,1394,Entergy Louisiana LLC,11241,Electric Utility,4,591.8,Natural Gas Steam Turbine,Natural gas,Steam turbine,Gas,30.2743,-91.1164,2018-03-15,EIA 860M,161
2016,10,LA,Willow Glen,1394,Entergy Louisiana LLC,11241,Electric Utility,3,591.8,Natural Gas Steam Turbine,Natural gas,Steam turbine,Gas,30.2743,-91.1164,2016-10-15,EIA 860M,162
2018,3,LA,Willow Glen,1394,Entergy Louisiana LLC,11241,Electric Utility,2,239.4,Natural Gas Steam Turbine,Natural gas,Steam turbine,Gas,30.2743,-91.1164,2018-03-15,EIA 860M,163
2024,6,LA,Teche,1400,Cleco Power LLC,3265,Electric Utility,3,348.5,Natural Gas Steam Turbine,Natural gas,Steam turbine,Gas,29.822222,-91.5425,2024-06-15,EIA 860M,164
2016,9,LA,Teche,1400,Cleco Power LLC,3265,Electric Utility,1,23.0,Natural Gas Steam Turbine,Natural gas,Steam turbine,Gas,29.822222,-91.5425,2016-09-15,EIA 860M,165
2011,12,LA,Teche,1400,Cleco Power LLC,3265,Electric Utility,2,54.4,Natural Gas Steam Turbine,Natural gas,Steam turbine,Gas,29.822222,-91.5425,2011-12-15,EIA 860M,166
2018,10,LA,Buras,1401,Entergy Louisiana LLC,11241,Electric Utility,8,20.7,Natural Gas Fired Combustion Turbine,Natural gas,Combustion turbine,Gas,29.359145,-89.537264,2018-10-15,EIA 860M,167
2029,6,LA,Little Gypsy,1402,Entergy Louisiana LLC,11241,Electric Utility,3,493.7,Natural Gas Steam Turbine,Natural gas,Steam turbine,Gas,30.005067,-90.461694,2029-06-15,Electric Power Monthly Table 6.6,168
2015,6,LA,Little Gypsy,1402,Entergy Louisiana LLC,11241,Electric Utility,1,247.7,Natural Gas Steam Turbine,Natural gas,Steam turbine,Gas,30.005067,-90.461694,2015-06-15,EIA 860M,169
2029,6,LA,Little Gypsy,1402,Entergy Louisiana LLC,11241,Electric Utility,2,405.6,Natural Gas Steam Turbine,Natural gas,Steam turbine,Gas,30.005067,-90.461694,2029-06-15,Electric Power Monthly Table 6.6,170
2031,6,LA,Nine Mile Point,1403,Entergy Louisiana LLC,11241,Electric Utility,6(4),741.2,Natural Gas Steam Turbine,Natural gas,Steam turbine,Gas,29.9472,-90.1458,2031-06-15,Electric Power Monthly Table 6.6,171
2011,9,LA,Nine Mile Point,1403,Entergy Louisiana LLC,11241,Electric Utility,2,112.5,Natural Gas Steam Turbine,Natural gas,Steam turbine,Gas,29.9472,-90.1458,2011-09-15,EIA 860M,172
2016,11,LA,Nine Mile Point,1403,Entergy Louisiana LLC,11241,Electric Utility,3,169.8,Natural Gas Steam Turbine,Natural gas,Steam turbine,Gas,29.9472,-90.1458,2016-11-15,EIA 860M,173
2011,9,LA,Nine Mile Point,1403,Entergy Louisiana LLC,11241,Electric Utility,1,69.0,Natural Gas Steam Turbine,Natural gas,Steam turbine,Gas,29.9472,-90.1458,2011-09-15,EIA 860M,174
2033,6,LA,Nine Mile Point,1403,Entergy Louisiana LLC,11241,Electric Utility,5,738.3,Natural Gas Steam Turbine,Natural gas,Steam turbine,Gas,29.9472,-90.1458,2033-06-15,Electric Power Monthly Table 6.6,175
2019,1,LA,Sterlington,1404,Entergy Louisiana LLC,11241,Electric Utility,7B,66.0,Natural Gas Fired Combined Cycle,Natural gas,Combined cycle,Gas,32.7047,-92.0792,2019-01-15,EIA 860M,176
2017,6,LA,Sterlington,1404,Entergy Louisiana LLC,11241,Electric Utility,7C,101.0,Natural Gas Fired Combined Cycle,Natural gas,Combined cycle,Gas,32.7047,-92.0792,2017-06-15,EIA 860M,177
2012,8,LA,Sterlington,1404,Entergy Louisiana LLC,11241,Electric Utility,6,247.7,Natural Gas Steam Turbine,Natural gas,Steam turbine,Gas,32.7047,-92.0792,2012-08-15,EIA 860M,178
2016,6,LA,Michoud,1409,"Entergy New Orleans, LLC",13478,Electric Utility,2,261.8,Natural Gas Steam Turbine,Natural gas,Steam turbine,Gas,30.0081,-89.9372,2016-06-15,EIA 860M,179
2016,6,LA,Michoud,1409,"Entergy New Orleans, LLC",13478,Electric Utility,3,582.2,Natural Gas Steam Turbine,Natural gas,Steam turbine,Gas,30.0081,-89.9372,2016-06-15,EIA 860M,180
2011,9,LA,Michoud,1409,"Entergy New Orleans, LLC",13478,Electric Utility,1,115.2,Natural Gas Steam Turbine,Natural gas,Steam turbine,Gas,30.0081,-89.9372,2011-09-15,EIA 860M,181
2029,5,LA,Arsenal Hill,1416,Southwestern Electric Power Co,17698,Electric Utility,5,110.0,Natural Gas Steam Turbine,Natural gas,Steam turbine,Gas,32.5181,-93.7611,2029-05-15,Electric Power Monthly Table 6.6,182
2014,12,LA,Lieberman,1417,Southwestern Electric Power Co,17698,Electric Utility,1,25.0,Natural Gas Steam Turbine,Natural gas,Steam turbine,Gas,32.7047,-93.9597,2014-12-15,EIA 860M,183
2020,5,LA,Lieberman,1417,Southwestern Electric Power Co,17698,Electric Utility,2,25.0,Natural Gas Steam Turbine,Natural gas,Steam turbine,Gas,32.7047,-93.9597,2020-05-15,EIA 860M,184
2015,10,LA,Franklin (LA),1435,Cleco Power LLC,3265,Electric Utility,GT1,10.0,Natural Gas Fired Combustion Turbine,Natural gas,Combustion turbine,Gas,29.822222,-91.5425,2015-10-15,EIA 860M,185
2017,4,LA,Louis Doc Bonin,1443,Lafayette Utilities System,50111,Electric Utility,2,100.0,Natural Gas Steam Turbine,Natural gas,Steam turbine,Gas,30.238038,-92.046264,2017-04-15,EIA 860M,186
2017,4,LA,Louis Doc Bonin,1443,Lafayette Utilities System,50111,Electric Utility,3,187.0,Natural Gas Steam Turbine,Natural gas,Steam turbine,Gas,30.238038,-92.046264,2017-04-15,EIA 860M,187
2017,4,LA,Louis Doc Bonin,1443,Lafayette Utilities System,50111,Electric Utility,1,53.9,Natural Gas Steam Turbine,Natural gas,Steam turbine,Gas,30.238038,-92.046264,2017-04-15,EIA 860M,188
2011,10,LA,Monroe (LA),1448,Entergy Louisiana LLC,11241,Electric Utility,10,25.0,Natural Gas Steam Turbine,Natural gas,Steam turbine,Gas,32.5233,-92.1794,2011-10-15,EIA 860M,189
2011,10,LA,Monroe (LA),1448,Entergy Louisiana LLC,11241,Electric Utility,11,37.5,Natural Gas Steam Turbine,Natural gas,Steam turbine,Gas,32.5233,-92.1794,2011-10-15,EIA 860M,190
2011,10,LA,Monroe (LA),1448,Entergy Louisiana LLC,11241,Electric Utility,12,75.0,Natural Gas Steam Turbine,Natural gas,Steam turbine,Gas,32.5233,-92.1794,2011-10-15,EIA 860M,191
2012,12,LA,Morgan City,1449,Louisiana Energy & Power Authority,26253,Electric Utility,1,6.0,Natural Gas Steam Turbine,Natural gas,Steam turbine,Gas,29.691436,-91.188492,2012-12-15,EIA 860M,192
2015,6,LA,Morgan City,1449,Louisiana Energy & Power Authority,26253,Electric Utility,4,37.5,Natural Gas Steam Turbine,Natural gas,Steam turbine,Gas,29.691436,-91.188492,2015-06-15,EIA 860M,193
2015,6,LA,Morgan City,1449,Louisiana Energy & Power Authority,26253,Electric Utility,3,20.8,Natural Gas Steam Turbine,Natural gas,Steam turbine,Gas,29.691436,-91.188492,2015-06-15,EIA 860M,194
2012,12,LA,Morgan City,1449,Louisiana Energy & Power Authority,26253,Electric Utility,2,6.0,Natural Gas Steam Turbine,Natural gas,Steam turbine,Gas,29.691436,-91.188492,2012-12-15,EIA 860M,195
2015,6,LA,Plaquemine,1455,Louisiana Energy & Power Authority,26253,Electric Utility,2,24.0,Natural Gas Steam Turbine,Natural gas,Steam turbine,Gas,30.273333,-91.2567,2015-06-15,EIA 860M,196
2015,6,LA,Plaquemine,1455,Louisiana Energy & Power Authority,26253,Electric Utility,1,20.0,Natural Gas Steam Turbine,Natural gas,Steam turbine,Gas,30.273333,-91.2567,2015-06-15,EIA 860M,197
2019,8,ME,Caribou Generation Station,1513,Merlin One LLC,60160,IPP Non-CHP,ST2,11.5,Petroleum Liquids,"Residual fuel oil, heavy fuel oil, Petroleum",Steam turbine,Oil,46.848,-68.0026,2019-08-15,EIA 860M,198
2019,8,ME,Caribou Generation Station,1513,Merlin One LLC,60160,IPP Non-CHP,CD5,1.2,Petroleum Liquids,"Distillate fuel oil, light fuel oil, FO2, diesel oil",Internal combustion engine,Oil,46.848,-68.0026,2019-08-15,EIA 860M,199
2019,8,ME,Caribou Generation Station,1513,Merlin One LLC,60160,IPP Non-CHP,1,7.5,Petroleum Liquids,"Residual fuel oil, heavy fuel oil, Petroleum",Steam turbine,Oil,46.848,-68.0026,2019-08-15,EIA 860M,200
2019,8,ME,Caribou Generation Station,1513,Merlin One LLC,60160,IPP Non-CHP,CD2,2.7,Petroleum Liquids,"Distillate fuel oil, light fuel oil, FO2, diesel oil",Internal combustion engine,Oil,46.848,-68.0026,2019-08-15,EIA 860M,201
2019,8,ME,Caribou Generation Station,1513,Merlin One LLC,60160,IPP Non-CHP,CD4,1.0,Petroleum Liquids,"Distillate fuel oil, light fuel oil, FO2, diesel oil",Internal combustion engine,Oil,46.848,-68.0026,2019-08-15,EIA 860M,202
2019,8,ME,Caribou Generation Station,1513,Merlin One LLC,60160,IPP Non-CHP,CD3,2.7,Petroleum Liquids,"Distillate fuel oil, light fuel oil, FO2, diesel oil",Internal combustion engine,Oil,46.848,-68.0026,2019-08-15,EIA 860M,203
2019,12,ME,Flos Inn Diesel,1514,Merlin One LLC,60160,IPP Non-CHP,FID2,2.0,Petroleum Liquids,"Distillate fuel oil, light fuel oil, FO2, diesel oil",Internal combustion engine,Oil,46.71,-67.9556,2019-12-15,EIA 860M,204
2019,12,ME,Flos Inn Diesel,1514,Merlin One LLC,60160,IPP Non-CHP,FID3,2.0,Petroleum Liquids,"Distillate fuel oil, light fuel oil, FO2, diesel oil",Internal combustion engine,Oil,46.71,-67.9556,2019-12-15,EIA 860M,205
2019,12,ME,Flos Inn Diesel,1514,Merlin One LLC,60160,IPP Non-CHP,FID1,2.0,Petroleum Liquids,"Distillate fuel oil, light fuel oil, FO2, diesel oil",Internal combustion engine,Oil,46.71,-67.9556,2019-12-15,EIA 860M,206
2019,6,MD,Gould Street,1553,"Constellation Power Source Generation, LLC",4161,IPP Non-CHP,3,103.5,Natural Gas Steam Turbine,Natural gas,Steam turbine,Gas,39.2663,-76.6047,2019-06-15,EIA 860M,207
2025,5,MD,Herbert A Wagner,1554,H.A. Wagner LLC,60422,IPP Non-CHP,1,132.8,Petroleum Liquids,"Distillate fuel oil, light fuel oil, FO2, diesel oil",Steam turbine,Oil,39.1781,-76.5268,2025-05-15,EIA 860M,208
2025,5,MD,Herbert A Wagner,1554,H.A. Wagner LLC,60422,IPP Non-CHP,GT1,16.0,Petroleum Liquids,"Distillate fuel oil, light fuel oil, FO2, diesel oil",Combustion turbine,Oil,39.1781,-76.5268,2025-05-15,EIA 860M,209
2029,5,MD,Herbert A Wagner,1554,H.A. Wagner LLC,60422,IPP,4,397.0,Petroleum Liquids,"Distillate fuel oil, light fuel oil, FO2, diesel oil",Steam turbine,Oil,39.1781,-76.5268,2029-05-15,Electric Power Monthly Table 6.6,210
2029,5,MD,Herbert A Wagner,1554,H.A. Wagner LLC,60422,IPP,3,305.0,Petroleum Liquids,"Distillate fuel oil, light fuel oil, FO2, diesel oil",Steam turbine,Oil,39.1781,-76.5268,2029-05-15,Electric Power Monthly Table 6.6,211
2020,6,MD,Herbert A Wagner,1554,H.A. Wagner LLC,60422,IPP Non-CHP,2,136.0,Conventional Steam Coal,Refined coal,Steam turbine,Coal,39.1781,-76.5268,2020-06-15,EIA 860M,212
2020,6,MD,Notch Cliff,1555,"Constellation Power Source Generation, LLC",4161,IPP Non-CHP,GT1,18.0,Natural Gas Fired Combustion Turbine,Natural gas,Combustion turbine,Gas,39.4217,-76.5087,2020-06-15,EIA 860M,213
2020,6,MD,Notch Cliff,1555,"Constellation Power Source Generation, LLC",4161,IPP Non-CHP,GT2,18.0,Natural Gas Fired Combustion Turbine,Natural gas,Combustion turbine,Gas,39.4217,-76.5087,2020-06-15,EIA 860M,214
2020,6,MD,Notch Cliff,1555,"Constellation Power Source Generation, LLC",4161,IPP Non-CHP,GT3,18.0,Natural Gas Fired Combustion Turbine,Natural gas,Combustion turbine,Gas,39.4217,-76.5087,2020-06-15,EIA 860M,215
2020,6,MD,Notch Cliff,1555,"Constellation Power Source Generation, LLC",4161,IPP Non-CHP,GT4,18.0,Natural Gas Fired Combustion Turbine,Natural gas,Combustion turbine,Gas,39.4217,-76.5087,2020-06-15,EIA 860M,216
2020,3,MD,Notch Cliff,1555,"Constellation Power Source Generation, LLC",4161,IPP Non-CHP,GT5,18.0,Natural Gas Fired Combustion Turbine,Natural gas,Combustion turbine,Gas,39.4217,-76.5087,2020-03-15,EIA 860M,217
2020,3,MD,Notch Cliff,1555,"Constellation Power Source Generation, LLC",4161,IPP Non-CHP,GT6,18.0,Natural Gas Fired Combustion Turbine,Natural gas,Combustion turbine,Gas,39.4217,-76.5087,2020-03-15,EIA 860M,218
2020,3,MD,Notch Cliff,1555,"Constellation Power Source Generation, LLC",4161,IPP Non-CHP,GT7,18.0,Natural Gas Fired Combustion Turbine,Natural gas,Combustion turbine,Gas,39.4217,-76.5087,2020-03-15,EIA 860M,219
2020,3,MD,Notch Cliff,1555,"Constellation Power Source Generation, LLC",4161,IPP Non-CHP,GT8,18.0,Natural Gas Fired Combustion Turbine,Natural gas,Combustion turbine,Gas,39.4217,-76.5087,2020-03-15,EIA 860M,220
2016,2,MD,Perryman,1556,"Constellation Power Source Generation, LLC",4161,IPP Non-CHP,GT2,53.1,Petroleum Liquids,"Distillate fuel oil, light fuel oil, FO2, diesel oil",Combustion turbine,Oil,39.442836,-76.221761,2016-02-15,EIA 860M,221
2020,6,MD,Westport,1560,"Constellation Power Source Generation, LLC",4161,IPP Non-CHP,GT5,121.5,Natural Gas Fired Combustion Turbine,Natural gas,Combustion turbine,Gas,39.26604,-76.629537,2020-06-15,EIA 860M,222
2012,9,MD,FirstEnergy R Paul Smith Power Station,1570,Allegheny Energy Supply Co LLC,23279,IPP Non-CHP,11,75.0,Conventional Steam Coal,Bituminous coal,Steam turbine,Coal,39.595,-77.82694,2012-09-15,EIA 860M,223
2012,9,MD,FirstEnergy R Paul Smith Power Station,1570,Allegheny Energy Supply Co LLC,23279,IPP Non-CHP,9,34.5,Conventional Steam Coal,Bituminous coal,Steam turbine,Coal,39.595,-77.82694,2012-09-15,EIA 860M,224
2022,10,MD,Dickerson Power,1572,"Dickerson Power, LLC",64575,IPP Non-CHP,GT1,19.0,Petroleum Liquids,"Distillate fuel oil, light fuel oil, FO2, diesel oil",Combustion turbine,Oil,39.2097,-77.4644,2022-10-15,EIA 860M,225
2022,9,MD,Morgantown Generating Plant,1573,"Lanyard Power Holdings, LLC",12653,IPP Non-CHP,GT1,18.0,Petroleum Liquids,"Distillate fuel oil, light fuel oil, FO2, diesel oil",Combustion turbine,Oil,38.3592,-76.9767,2022-09-15,EIA 860M,226
2022,9,MD,Morgantown Generating Plant,1573,"Lanyard Power Holdings, LLC",12653,IPP Non-CHP,GT2,18.0,Petroleum Liquids,"Distillate fuel oil, light fuel oil, FO2, diesel oil",Combustion turbine,Oil,38.3592,-76.9767,2022-09-15,EIA 860M,227
2022,6,MD,Morgantown Generating Plant,1573,"Lanyard Power Holdings, LLC",12653,IPP Non-CHP,ST1,626.0,Conventional Steam Coal,Bituminous coal,Steam turbine,Coal,38.3592,-76.9767,2022-06-15,EIA 860M,228
2022,6,MD,Morgantown Generating Plant,1573,"Lanyard Power Holdings, LLC",12653,IPP Non-CHP,ST2,626.0,Conventional Steam Coal,Bituminous coal,Steam turbine,Coal,38.3592,-76.9767,2022-06-15,EIA 860M,229
2023,10,MD,Easton,1580,Easton Utilities Comm,5625,Electric Utility,8,2.5,Petroleum Liquids,"Distillate fuel oil, light fuel oil, FO2, diesel oil",Internal combustion engine,Oil,38.7786,-76.0769,2023-10-15,EIA 860M,230
2016,10,MA,Exelon L Street,1587,"Constellation Power, Inc",6035,IPP Non-CHP,GT1,18.6,Petroleum Liquids,"Distillate fuel oil, light fuel oil, FO2, diesel oil",Combustion turbine,Oil,42.3392,-71.0353,2016-10-15,EIA 860M,231
2024,6,MA,Mystic Generating Station,1588,Constellation Mystic Power LLC,49965,IPP Non-CHP,ST85,315.0,Natural Gas Fired Combined Cycle,Natural gas,Combined cycle,Gas,42.3908,-71.0675,2024-06-15,EIA 860M,232
2024,6,MA,Mystic Generating Station,1588,Constellation Mystic Power LLC,49965,IPP Non-CHP,ST96,315.0,Natural Gas Fired Combined Cycle,Natural gas,Combined cycle,Gas,42.3908,-71.0675,2024-06-15,EIA 860M,233
2003,12,MA,Mystic Generating Station,1588,Constellation Mystic Power LLC,49965,IPP Non-CHP,5,156.2,Petroleum Liquids,"Residual fuel oil, heavy fuel oil, Petroleum",Steam turbine,Oil,42.3908,-71.0675,2003-12-15,EIA 860M,234
2003,12,MA,Mystic Generating Station,1588,Constellation Mystic Power LLC,49965,IPP Non-CHP,4,156.2,Petroleum Liquids,"Residual fuel oil, heavy fuel oil, Petroleum",Steam turbine,Oil,42.3908,-71.0675,2003-12-15,EIA 860M,235
2003,12,MA,Mystic Generating Station,1588,Constellation Mystic Power LLC,49965,IPP Non-CHP,6,156.2,Petroleum Liquids,"Residual fuel oil, heavy fuel oil, Petroleum",Steam turbine,Oil,42.3908,-71.0675,2003-12-15,EIA 860M,236
2021,6,MA,Mystic Generating Station,1588,Constellation Mystic Power LLC,49965,IPP Non-CHP,7,617.0,Petroleum Liquids,"Residual fuel oil, heavy fuel oil, Petroleum",Steam turbine,Oil,42.3908,-71.0675,2021-06-15,EIA 860M,237
2024,6,MA,Mystic Generating Station,1588,Constellation Mystic Power LLC,49965,IPP Non-CHP,GT94,278.6,Natural Gas Fired Combined Cycle,Natural gas,Combined cycle,Gas,42.3908,-71.0675,2024-06-15,EIA 860M,238
2024,6,MA,Mystic Generating Station,1588,Constellation Mystic Power LLC,49965,IPP Non-CHP,GT93,278.6,Natural Gas Fired Combined Cycle,Natural gas,Combined cycle,Gas,42.3908,-71.0675,2024-06-15,EIA 860M,239
2024,6,MA,Mystic Generating Station,1588,Constellation Mystic Power LLC,49965,IPP Non-CHP,GT82,278.6,Natural Gas Fired Combined Cycle,Natural gas,Combined cycle,Gas,42.3908,-71.0675,2024-06-15,EIA 860M,240
2024,6,MA,Mystic Generating Station,1588,Constellation Mystic Power LLC,49965,IPP Non-CHP,GT81,278.6,Natural Gas Fired Combined Cycle,Natural gas,Combined cycle,Gas,42.3908,-71.0675,2024-06-15,EIA 860M,241
2021,6,MA,Mystic Generating Station,1588,Constellation Mystic Power LLC,49965,IPP Non-CHP,GT1,14.2,Petroleum Liquids,"Distillate fuel oil, light fuel oil, FO2, diesel oil",Combustion turbine,Oil,42.3908,-71.0675,2021-06-15,EIA 860M,242
2007,9,MA,New Boston Generating Station,1589,"Constellation Power, Inc",6035,IPP Non-CHP,1,359.0,Natural Gas Steam Turbine,Natural gas,Steam turbine,Gas,42.339167,-71.035277,2007-09-15,EIA 860M,243
2002,11,MA,New Boston Generating Station,1589,"Constellation Power, Inc",6035,IPP Non-CHP,2,358.7,Natural Gas Steam Turbine,Natural gas,Steam turbine,Gas,42.339167,-71.035277,2002-11-15,EIA 860M,244
2004,9,MA,Kendall Square Station,1595,"Kendall Green Energy, LLC",59528,IPP CHP,JET2,20.0,Petroleum Liquids,Jet fuel,Combustion turbine,Other,42.3633,-71.0792,2004-09-15,EIA 860M,245
2018,12,MA,Kendall Square Station,1595,"Kendall Green Energy, LLC",59528,IPP CHP,2,23.0,Natural Gas Fired Combined Cycle,Natural gas,Combined cycle,Gas,42.3633,-71.0792,2018-12-15,EIA 860M,246
2018,12,MA,Kendall Square Station,1595,"Kendall Green Energy, LLC",59528,IPP CHP,1,17.2,Natural Gas Fired Combined Cycle,Natural gas,Combined cycle,Gas,42.3633,-71.0792,2018-12-15,EIA 860M,247
2025,9,MA,Oak Bluffs Diesel Generating Facility,1597,Vineyard Reliability LLC,64488,IPP Non-CHP,UN1,2.7,Petroleum Liquids,"Distillate fuel oil, light fuel oil, FO2, diesel oil",Internal combustion engine,Oil,41.425786,-70.608273,2025-09-15,EIA 860M,248
2025,9,MA,Oak Bluffs Diesel Generating Facility,1597,Vineyard Reliability LLC,64488,IPP Non-CHP,UN2,2.7,Petroleum Liquids,"Distillate fuel oil, light fuel oil, FO2, diesel oil",Internal combustion engine,Oil,41.425786,-70.608273,2025-09-15,EIA 860M,249
2025,9,MA,Oak Bluffs Diesel Generating Facility,1597,Vineyard Reliability LLC,64488,IPP Non-CHP,UN3,2.7,Petroleum Liquids,"Distillate fuel oil, light fuel oil, FO2, diesel oil",Internal combustion engine,Oil,41.425786,-70.608273,2025-09-15,EIA 860M,250
2014,6,MA,Mount Tom,1606,Pinetree Power- Tamworth LLC.,15085,IPP Non-CHP,1,136.0,Conventional Steam Coal,Bituminous coal,Steam turbine,Coal,42.2806,-72.6055,2014-06-15,EIA 860M,251
2007,8,MA,Nantucket Hybrid,1615,Nantucket Electric Co,13206,Electric Utility,16,2.5,Petroleum Liquids,"Distillate fuel oil, light fuel oil, FO2, diesel oil",Internal combustion engine,Oil,41.2583,-70.0517,2007-08-15,EIA 860M,252
2007,8,MA,Nantucket Hybrid,1615,Nantucket Electric Co,13206,Electric Utility,17,2.5,Petroleum Liquids,"Distillate fuel oil, light fuel oil, FO2, diesel oil",Internal combustion engine,Oil,41.2583,-70.0517,2007-08-15,EIA 860M,253
2006,6,MA,Nantucket Hybrid,1615,Nantucket Electric Co,13206,Electric Utility,10,1.2,Petroleum Liquids,"Distillate fuel oil, light fuel oil, FO2, diesel oil",Internal combustion engine,Oil,41.2583,-70.0517,2006-06-15,EIA 860M,254
2007,8,MA,Nantucket Hybrid,1615,Nantucket Electric Co,13206,Electric Utility,14,2.5,Petroleum Liquids,"Distillate fuel oil, light fuel oil, FO2, diesel oil",Internal combustion engine,Oil,41.2583,-70.0517,2007-08-15,EIA 860M,255
2019,8,MA,Nantucket Hybrid,1615,Nantucket Electric Co,13206,Electric Utility,13,3.7,Petroleum Liquids,"Distillate fuel oil, light fuel oil, FO2, diesel oil",Combustion turbine,Oil,41.2583,-70.0517,2019-08-15,EIA 860M,256
2019,8,MA,Nantucket Hybrid,1615,Nantucket Electric Co,13206,Electric Utility,12,3.7,Petroleum Liquids,"Distillate fuel oil, light fuel oil, FO2, diesel oil",Combustion turbine,Oil,41.2583,-70.0517,2019-08-15,EIA 860M,257
2007,8,MA,Nantucket Hybrid,1615,Nantucket Electric Co,13206,Electric Utility,15,2.5,Petroleum Liquids,"Distillate fuel oil, light fuel oil, FO2, diesel oil",Internal combustion engine,Oil,41.2583,-70.0517,2007-08-15,EIA 860M,258
2006,6,MA,Nantucket Hybrid,1615,Nantucket Electric Co,13206,Electric Utility,11,1.2,Petroleum Liquids,"Distillate fuel oil, light fuel oil, FO2, diesel oil",Internal combustion engine,Oil,41.2583,-70.0517,2006-06-15,EIA 860M,259
2022,6,MA,Doreen,1631,NAEA Energy Massachusetts LLC,56401,IPP Non-CHP,DORE,21.1,Petroleum Liquids,Kerosene,Combustion turbine,Oil,42.4433,-73.2058,2022-06-15,EIA 860M,260
2006,9,FL,Big Pine,164,Utility Board of Key West City,50079,Electric Utility,1,2.7,Petroleum Liquids,"Distillate fuel oil, light fuel oil, FO2, diesel oil",Internal combustion engine,Oil,24.579167,-81.685,2006-09-15,EIA 860M,261
2022,6,MA,Essential Power Massachusetts LLC,1642,NAEA Energy Massachusetts LLC,56401,IPP Non-CHP,WS10,17.0,Petroleum Liquids,Kerosene,Combustion turbine,Oil,42.095,-72.595,2022-06-15,EIA 860M,262
2002,4,MA,Essential Power Massachusetts LLC,1642,NAEA Energy Massachusetts LLC,56401,IPP Non-CHP,WS2,51.0,Petroleum Liquids,"Residual fuel oil, heavy fuel oil, Petroleum",Steam turbine,Oil,42.095,-72.595,2002-04-15,EIA 860M,263
2021,7,MA,Essential Power Massachusetts LLC,1642,NAEA Energy Massachusetts LLC,56401,IPP Non-CHP,3,113.6,Natural Gas Steam Turbine,Natural gas,Steam turbine,Gas,42.095,-72.595,2021-07-15,EIA 860M,264
2002,4,MA,Essential Power Massachusetts LLC,1642,NAEA Energy Massachusetts LLC,56401,IPP Non-CHP,WS1,51.0,Petroleum Liquids,"Residual fuel oil, heavy fuel oil, Petroleum",Steam turbine,Oil,42.095,-72.595,2002-04-15,EIA 860M,265
2022,6,MA,Essential Power Massachusetts LLC,1642,NAEA Energy Massachusetts LLC,56401,IPP Non-CHP,GT-2,60.0,Natural Gas Fired Combustion Turbine,Natural gas,Combustion turbine,Gas,42.095,-72.595,2022-06-15,EIA 860M,266
2022,6,MA,Essential Power Massachusetts LLC,1642,NAEA Energy Massachusetts LLC,56401,IPP Non-CHP,GT-1,60.0,Natural Gas Fired Combustion Turbine,Natural gas,Combustion turbine,Gas,42.095,-72.595,2022-06-15,EIA 860M,267
2022,6,MA,Woodland Road,1643,NAEA Energy Massachusetts LLC,56401,IPP Non-CHP,WOOD,20.4,Petroleum Liquids,Kerosene,Combustion turbine,Oil,42.336215,-73.235486,2022-06-15,EIA 860M,268
2020,12,OK,GREC,165,Grand River Dam Authority,7490,Electric Utility,1,540.0,Conventional Steam Coal,Subbituminous coal,Steam turbine,Coal,36.190278,-95.2894,2020-12-15,EIA 860M,269
2026,6,OK,GREC,165,Grand River Dam Authority,7490,Electric Utility,2,478.9,Conventional Steam Coal,Subbituminous coal,Steam turbine,Coal,36.190278,-95.2894,2026-06-15,Electric Power Monthly Table 6.6,270
2014,5,MA,Potter Station 2,1660,Town of Braintree - (MA),2144,Electric Utility,IC1,2.7,Petroleum Liquids,"Distillate fuel oil, light fuel oil, FO2, diesel oil",Internal combustion engine,Oil,42.235,-70.9672,2014-05-15,EIA 860M,271
2024,1,MA,Potter Station 2,1660,Town of Braintree - (MA),2144,Electric Utility,CC3,25.0,Natural Gas Fired Combined Cycle,Natural gas,Combined cycle,Gas,42.235,-70.9672,2024-01-15,EIA 860M,272
2024,1,MA,Potter Station 2,1660,Town of Braintree - (MA),2144,Electric Utility,CC2,76.0,Natural Gas Fired Combined Cycle,Natural gas,Combined cycle,Gas,42.235,-70.9672,2024-01-15,EIA 860M,273
2007,1,MA,Potter Station 2,1660,Town of Braintree - (MA),2144,Electric Utility,IC2,2.7,Petroleum Liquids,"Distillate fuel oil, light fuel oil, FO2, diesel oil",Internal combustion engine,Oil,42.235,-70.9672,2007-01-15,EIA 860M,274
2006,4,MA,High Street Station,1670,Town of Ipswich - (MA),9442,Electric Utility,3,0.7,Petroleum Liquids,"Distillate fuel oil, light fuel oil, FO2, diesel oil",Internal combustion engine,Oil,42.6986,-70.8697,2006-04-15,EIA 860M,275
2006,4,MA,High Street Station,1670,Town of Ipswich - (MA),9442,Electric Utility,4,0.6,Petroleum Liquids,"Distillate fuel oil, light fuel oil, FO2, diesel oil",Internal combustion engine,Oil,42.6986,-70.8697,2006-04-15,EIA 860M,276
2026,6,MA,Waters River,1678,City of Peabody - (MA),14605,Electric Utility,1,16.0,Natural Gas Fired Combustion Turbine,Natural gas,Combustion turbine,Gas,42.542949,-70.928314,2026-06-15,Electric Power Monthly Table 6.6,277
2013,2,AR,Hamilton Moses,168,Entergy Arkansas LLC,814,Electric Utility,1,69.0,Natural Gas Steam Turbine,Natural gas,Steam turbine,Gas,34.9806,-90.8722,2013-02-15,EIA 860M,278
2013,2,AR,Hamilton Moses,168,Entergy Arkansas LLC,814,Electric Utility,2,69.0,Natural Gas Steam Turbine,Natural gas,Steam turbine,Gas,34.9806,-90.8722,2013-02-15,EIA 860M,279
2020,12,MA,Cleary Flood Hybrid,1682,City of Taunton,18488,Electric Utility,8,28.3,Petroleum Liquids,"Residual fuel oil, heavy fuel oil, Petroleum",Steam turbine,Oil,41.8653,-71.1061,2020-12-15,EIA 860M,280
2011,3,AR,Harvey Couch,169,Entergy Arkansas LLC,814,Electric Utility,1,26.5,Natural Gas Steam Turbine,Natural gas,Steam turbine,Gas,33.3592,-93.4649,2011-03-15,EIA 860M,281
2013,12,AR,Harvey Couch,169,Entergy Arkansas LLC,814,Electric Utility,2,156.2,Natural Gas Steam Turbine,Natural gas,Steam turbine,Gas,33.3592,-93.4649,2013-12-15,EIA 860M,282
2014,3,MI,B E Morrow,1696,Consumers Energy Co - (MI),4254,Electric Utility,B,18.0,Natural Gas Fired Combustion Turbine,Natural gas,Combustion turbine,Gas,42.280222,-85.492548,2014-03-15,EIA 860M,283
2014,3,MI,B E Morrow,1696,Consumers Energy Co - (MI),4254,Electric Utility,A,18.0,Natural Gas Fired Combustion Turbine,Natural gas,Combustion turbine,Gas,42.280222,-85.492548,2014-03-15,EIA 860M,284
2027,6,AR,Lake Catherine,170,Entergy Arkansas LLC,814,Electric Utility,4,522.0,Natural Gas Steam Turbine,Natural gas,Steam turbine,Gas,34.4341,-92.9049,2027-06-15,Electric Power Monthly Table 6.6,285
2013,12,AR,Lake Catherine,170,Entergy Arkansas LLC,814,Electric Utility,2,40.0,Natural Gas Steam Turbine,Natural gas,Steam turbine,Gas,34.4341,-92.9049,2013-12-15,EIA 860M,286
2013,12,AR,Lake Catherine,170,Entergy Arkansas LLC,814,Electric Utility,3,119.5,Natural Gas Steam Turbine,Natural gas,Steam turbine,Gas,34.4341,-92.9049,2013-12-15,EIA 860M,287
2013,12,AR,Lake Catherine,170,Entergy Arkansas LLC,814,Electric Utility,1,40.0,Natural Gas Steam Turbine,Natural gas,Steam turbine,Gas,34.4341,-92.9049,2013-12-15,EIA 860M,288
2023,5,MI,Dan E Karn,1702,Consumers Energy Co - (MI),4254,Electric Utility,1A,136.0,Conventional Steam Coal,Subbituminous coal,Steam turbine,Coal,43.644996,-83.840074,2023-05-15,EIA 860M,289
2023,5,MI,Dan E Karn,1702,Consumers Energy Co - (MI),4254,Electric Utility,2A,136.0,Conventional Steam Coal,Subbituminous coal,Steam turbine,Coal,43.644996,-83.840074,2023-05-15,EIA 860M,290
2023,5,MI,Dan E Karn,1702,Consumers Energy Co - (MI),4254,Electric Utility,2B,136.0,Conventional Steam Coal,Subbituminous coal,Steam turbine,Coal,43.644996,-83.840074,2023-05-15,EIA 860M,291
2023,5,MI,Dan E Karn,1702,Consumers Energy Co - (MI),4254,Electric Utility,1B,136.0,Conventional Steam Coal,Subbituminous coal,Steam turbine,Coal,43.644996,-83.840074,2023-05-15,EIA 860M,292
2018,11,MI,Gaylord - Consumers,1706,Consumers Energy Co - (MI),4254,Electric Utility,1,16.0,Natural Gas Fired Combustion Turbine,Natural gas,Combustion turbine,Gas,45.0306,-84.7039,2018-11-15,EIA 860M,293
2018,11,MI,Gaylord - Consumers,1706,Consumers Energy Co - (MI),4254,Electric Utility,2,16.0,Natural Gas Fired Combustion Turbine,Natural gas,Combustion turbine,Gas,45.0306,-84.7039,2018-11-15,EIA 860M,294
2018,11,MI,Gaylord - Consumers,1706,Consumers Energy Co - (MI),4254,Electric Utility,3,16.0,Natural Gas Fired Combustion Turbine,Natural gas,Combustion turbine,Gas,45.0306,-84.7039,2018-11-15,EIA 860M,295
2013,11,MI,Gaylord - Consumers,1706,Consumers Energy Co - (MI),4254,Electric Utility,4,16.0,Natural Gas Fired Combustion Turbine,Natural gas,Combustion turbine,Gas,45.0306,-84.7039,2013-11-15,EIA 860M,296
2010,10,MI,Gaylord - Consumers,1706,Consumers Energy Co - (MI),4254,Electric Utility,5,16.0,Natural Gas Fired Combustion Turbine,Natural gas,Combustion turbine,Gas,45.0306,-84.7039,2010-10-15,EIA 860M,297
2016,6,AR,Mabelvale,171,Entergy Arkansas LLC,814,Electric Utility,1,19.5,Natural Gas Fired Combustion Turbine,Natural gas,Combustion turbine,Gas,34.635997,-92.409602,2016-06-15,EIA 860M,298
2016,6,AR,Mabelvale,171,Entergy Arkansas LLC,814,Electric Utility,3,19.5,Natural Gas Fired Combustion Turbine,Natural gas,Combustion turbine,Gas,34.635997,-92.409602,2016-06-15,EIA 860M,299
2013,12,AR,Mabelvale,171,Entergy Arkansas LLC,814,Electric Utility,2,19.5,Natural Gas Fired Combustion Turbine,Natural gas,Combustion turbine,Gas,34.635997,-92.409602,2013-12-15,EIA 860M,300
2002,12,MN,Springfield (MN),2012,Springfield Public Utils Comm - (MN),17836,Electric Utility,4,4.0,Natural Gas Steam Turbine,Natural gas,Steam turbine,Gas,44.239539,-94.976262,2002-12-15,EIA 860M,301
2007,1,MN,Spring Valley,2013,Spring Valley Pub Utils Comm,17824,Electric Utility,1,0.8,Petroleum Liquids,"Distillate fuel oil, light fuel oil, FO2, diesel oil",Internal combustion engine,Oil,43.687322,-92.389392,2007-01-15,EIA 860M,302
2017,1,MN,Truman,2015,City of Truman,63000,Electric Utility,4,0.7,Petroleum Liquids,"Distillate fuel oil, light fuel oil, FO2, diesel oil",Internal combustion engine,Oil,43.828415,-94.436908,2017-01-15,EIA 860M,303
2017,1,MN,Truman,2015,City of Truman,63000,Electric Utility,5,0.8,Petroleum Liquids,"Distillate fuel oil, light fuel oil, FO2, diesel oil",Internal combustion engine,Oil,43.828415,-94.436908,2017-01-15,EIA 860M,304
2017,1,MN,Truman,2015,City of Truman,63000,Electric Utility,1,0.2,Petroleum Liquids,"Distillate fuel oil, light fuel oil, FO2, diesel oil",Internal combustion engine,Oil,43.828415,-94.436908,2017-01-15,EIA 860M,305
2017,1,MN,Truman,2015,City of Truman,63000,Electric Utility,2,0.2,Petroleum Liquids,"Distillate fuel oil, light fuel oil, FO2, diesel oil",Internal combustion engine,Oil,43.828415,-94.436908,2017-01-15,EIA 860M,306
2022,1,MN,Virginia,2018,City of Virginia - (MN),19883,Electric Utility,5,7.5,Natural Gas Steam Turbine,Natural gas,Steam turbine,Gas,47.522428,-92.540951,2022-01-15,EIA 860M,307
2022,1,MN,Virginia,2018,City of Virginia - (MN),19883,Electric Utility,6,18.7,Natural Gas Steam Turbine,Natural gas,Steam turbine,Gas,47.522428,-92.540951,2022-01-15,EIA 860M,308
2006,8,MN,Virginia,2018,City of Virginia - (MN),19883,Electric Utility,1A,4.0,Conventional Steam Coal,Subbituminous coal,Steam turbine,Coal,47.522428,-92.540951,2006-08-15,EIA 860M,309
2024,10,AR,Carl Bailey,202,Arkansas Electric Coop Corp,807,Electric Utility,1,120.0,Natural Gas Steam Turbine,Natural gas,Steam turbine,Gas,35.260102,-91.363426,2024-10-15,EIA 860M,310
2019,9,MN,Wells IC,2020,City of Wells - (MN),29295,Electric Utility,3,1.1,Petroleum Liquids,"Distillate fuel oil, light fuel oil, FO2, diesel oil",Internal combustion engine,Oil,43.74453,-93.724129,2019-09-15,EIA 860M,311
2002,9,MN,Westbrook,2021,City of Westbrook,20430,Electric Utility,4,0.7,Petroleum Liquids,"Distillate fuel oil, light fuel oil, FO2, diesel oil",Internal combustion engine,Oil,44.0399,-95.4429,2002-09-15,EIA 860M,312
2006,12,MN,Willmar,2022,Willmar Municipal Utilities,20737,Electric Utility,ST1,4.0,Conventional Steam Coal,Subbituminous coal,Steam turbine,Coal,45.121705,-95.053236,2006-12-15,EIA 860M,313
2020,7,MN,Willmar,2022,Willmar Municipal Utilities,20737,Electric Utility,3,18.0,Natural Gas Steam Turbine,Natural gas,Steam turbine,Gas,45.121705,-95.053236,2020-07-15,EIA 860M,314
2020,7,MN,Willmar,2022,Willmar Municipal Utilities,20737,Electric Utility,ST2,8.0,Natural Gas Steam Turbine,Natural gas,Steam turbine,Gas,45.121705,-95.053236,2020-07-15,EIA 860M,315
2022,4,MN,Windom,2023,City of Windom,20806,Electric Utility,GT1,3.0,Petroleum Liquids,"Distillate fuel oil, light fuel oil, FO2, diesel oil",Combustion turbine,Oil,43.86811,-95.114444,2022-04-15,EIA 860M,316
2019,3,MN,Elk River,2039,Great River Energy,7570,Electric Utility,1,11.5,Municipal Solid Waste,Municipal solid waste,Steam turbine,Other,45.296797,-93.558447,2019-03-15,EIA 860M,317
2019,3,MN,Elk River,2039,Great River Energy,7570,Electric Utility,3,25.0,Municipal Solid Waste,Municipal solid waste,Steam turbine,Other,45.296797,-93.558447,2019-03-15,EIA 860M,318
2019,3,MN,Elk River,2039,Great River Energy,7570,Electric Utility,2,11.5,Municipal Solid Waste,Municipal solid waste,Steam turbine,Other,45.296797,-93.558447,2019-03-15,EIA 860M,319
2012,12,MS,Eaton,2046,Mississippi Power Co,12686,Electric Utility,3,25.9,Natural Gas Steam Turbine,Natural gas,Steam turbine,Gas,31.3294,-89.2681,2012-12-15,EIA 860M,320
2012,12,MS,Eaton,2046,Mississippi Power Co,12686,Electric Utility,1,25.9,Natural Gas Steam Turbine,Natural gas,Steam turbine,Gas,31.3294,-89.2681,2012-12-15,EIA 860M,321
2012,12,MS,Eaton,2046,Mississippi Power Co,12686,Electric Utility,2,25.9,Natural Gas Steam Turbine,Natural gas,Steam turbine,Gas,31.3294,-89.2681,2012-12-15,EIA 860M,322
2016,7,MS,Sweatt,2048,Mississippi Power Co,12686,Electric Utility,1,46.0,Natural Gas Steam Turbine,Natural gas,Steam turbine,Gas,32.2925,-88.7461,2016-07-15,EIA 860M,323
2016,7,MS,Sweatt,2048,Mississippi Power Co,12686,Electric Utility,2,49.0,Natural Gas Steam Turbine,Natural gas,Steam turbine,Gas,32.2925,-88.7461,2016-07-15,EIA 860M,324
2015,7,MS,Jack Watson,2049,Mississippi Power Co,12686,Electric Utility,1,93.8,Natural Gas Steam Turbine,Natural gas,Steam turbine,Gas,30.4392,-89.0286,2015-07-15,EIA 860M,325
2018,3,MS,Jack Watson,2049,Mississippi Power Co,12686,Electric Utility,3,108.8,Natural Gas Steam Turbine,Natural gas,Steam turbine,Gas,30.4392,-89.0286,2018-03-15,EIA 860M,326
2015,7,MS,Jack Watson,2049,Mississippi Power Co,12686,Electric Utility,2,93.8,Natural Gas Steam Turbine,Natural gas,Steam turbine,Gas,30.4392,-89.0286,2015-07-15,EIA 860M,327
2023,3,MS,Baxter Wilson,2050,Entergy Mississippi LLC,12685,Electric Utility,1,544.6,Natural Gas Steam Turbine,Natural gas,Steam turbine,Gas,32.2831,-90.9306,2023-03-15,EIA 860M,328
2018,6,MS,Baxter Wilson,2050,Entergy Mississippi LLC,12685,Electric Utility,2,783.0,Natural Gas Steam Turbine,Natural gas,Steam turbine,Gas,32.2831,-90.9306,2018-06-15,EIA 860M,329
2012,12,MS,Delta (MS),2051,Entergy Mississippi LLC,12685,Electric Utility,1,112.5,Natural Gas Steam Turbine,Natural gas,Steam turbine,Gas,33.7947,-90.7139,2012-12-15,EIA 860M,330
2012,12,MS,Delta (MS),2051,Entergy Mississippi LLC,12685,Electric Utility,2,112.5,Natural Gas Steam Turbine,Natural gas,Steam turbine,Gas,33.7947,-90.7139,2012-12-15,EIA 860M,331
2011,6,MS,Natchez,2052,Entergy Mississippi LLC,12685,Electric Utility,1,66.0,Natural Gas Steam Turbine,Natural gas,Steam turbine,Gas,31.5987,-91.3464,2011-06-15,EIA 860M,332
2007,7,MS,Third Street,2060,Clarksdale Public Utilities,3702,Electric Utility,4,4.0,Natural Gas Steam Turbine,Natural gas,Steam turbine,Gas,34.205,-90.577777,2007-07-15,EIA 860M,333
2007,7,MS,Third Street,2060,Clarksdale Public Utilities,3702,Electric Utility,5,9.0,Natural Gas Steam Turbine,Natural gas,Steam turbine,Gas,34.205,-90.577777,2007-07-15,EIA 860M,334
2018,3,MS,Benndale,2068,Cooperative Energy,17568,Electric Utility,1,16.2,Natural Gas Fired Combustion Turbine,Natural gas,Combustion turbine,Gas,30.8889,-88.8054,2018-03-15,EIA 860M,335
2018,1,FL,St Johns River Power Park,207,JEA,9617,Electric Utility,2,679.0,Conventional Steam Coal,Bituminous coal,Steam turbine,Coal,30.4308,-81.5508,2018-01-15,EIA 860M,336
2018,1,FL,St Johns River Power Park,207,JEA,9617,Electric Utility,1,679.0,Conventional Steam Coal,Bituminous coal,Steam turbine,Coal,30.4308,-81.5508,2018-01-15,EIA 860M,337
2017,8,MS,Paulding,2071,Cooperative Energy,17568,Electric Utility,1,20.0,Petroleum Liquids,"Distillate fuel oil, light fuel oil, FO2, diesel oil",Combustion turbine,Oil,32.030155,-89.08555,2017-08-15,EIA 860M,338
2013,12,MO,Asbury,2076,Empire District Electric Co,5860,Electric Utility,2,18.7,Conventional Steam Coal,Subbituminous coal,Steam turbine,Coal,37.361315,-94.58926,2013-12-15,EIA 860M,339
2020,3,MO,Asbury,2076,Empire District Electric Co,5860,Electric Utility,1,212.8,Conventional Steam Coal,Subbituminous coal,Steam turbine,Coal,37.361315,-94.58926,2020-03-15,EIA 860M,340
2003,12,MO,Grand Avenue,2078,Evergy Metro,10000,Electric Utility,9,40.2,Natural Gas Steam Turbine,Natural gas,Steam turbine,Gas,39.105278,-94.569722,2003-12-15,EIA 860M,341
2003,12,MO,Grand Avenue,2078,Evergy Metro,10000,Electric Utility,7,43.0,Natural Gas Steam Turbine,Natural gas,Steam turbine,Gas,39.105278,-94.569722,2003-12-15,EIA 860M,342
2018,12,MO,Montrose,2080,Evergy Metro,10000,Electric Utility,2,188.0,Conventional Steam Coal,Subbituminous coal,Steam turbine,Coal,38.3114,-93.9348,2018-12-15,EIA 860M,343
2018,12,MO,Montrose,2080,Evergy Metro,10000,Electric Utility,3,188.0,Conventional Steam Coal,Subbituminous coal,Steam turbine,Coal,38.3114,-93.9348,2018-12-15,EIA 860M,344
2016,4,MO,Montrose,2080,Evergy Metro,10000,Electric Utility,1,188.0,Conventional Steam Coal,Subbituminous coal,Steam turbine,Coal,38.3114,-93.9348,2016-04-15,EIA 860M,345
2018,1,MO,Kirksville,2083,Union Electric Co - (MO),19436,Electric Utility,1,15.0,Natural Gas Fired Combustion Turbine,Natural gas,Combustion turbine,Gas,40.224525,-92.584928,2018-01-15,EIA 860M,346
2017,6,MO,Sibley,2094,Evergy Missouri West,12698,Electric Utility,1,55.0,Conventional Steam Coal,Subbituminous coal,Steam turbine,Coal,39.178319,-94.184445,2017-06-15,EIA 860M,347
2018,12,MO,Sibley,2094,Evergy Missouri West,12698,Electric Utility,3,419.0,Conventional Steam Coal,Subbituminous coal,Steam turbine,Coal,39.178319,-94.184445,2018-12-15,EIA 860M,348
2018,12,MO,Sibley,2094,Evergy Missouri West,12698,Electric Utility,2,50.0,Conventional Steam Coal,Subbituminous coal,Steam turbine,Coal,39.178319,-94.184445,2018-12-15,EIA 860M,349
2011,9,MO,Viaduct,2096,Union Electric Co - (MO),19436,Electric Utility,1,30.6,Natural Gas Fired Combustion Turbine,Natural gas,Combustion turbine,Gas,37.257222,-89.564167,2011-09-15,EIA 860M,350
2030,12,MO,Lake Road (MO),2098,Evergy Missouri West,12698,Electric Utility,4,94.6,Natural Gas Steam Turbine,Natural gas,Steam turbine,Gas,39.7246,-94.8773,2030-12-15,Electric Power Monthly Table 6.6,351
2015,2,MO,Howard Bend,2102,Union Electric Co - (MO),19436,Electric Utility,1,47.4,Petroleum Liquids,"Distillate fuel oil, light fuel oil, FO2, diesel oil",Combustion turbine,Oil,38.681797,-90.540048,2015-02-15,EIA 860M,352
2022,12,MO,Meramec,2104,Union Electric Co - (MO),19436,Electric Utility,1,137.5,Natural Gas Steam Turbine,Natural gas,Steam turbine,Gas,38.4017,-90.3358,2022-12-15,EIA 860M,353
2022,12,MO,Meramec,2104,Union Electric Co - (MO),19436,Electric Utility,2,137.5,Natural Gas Steam Turbine,Natural gas,Steam turbine,Gas,38.4017,-90.3358,2022-12-15,EIA 860M,354
2022,12,MO,Meramec,2104,Union Electric Co - (MO),19436,Electric Utility,GT2,56.0,Natural Gas Fired Combustion Turbine,Natural gas,Combustion turbine,Gas,38.4017,-90.3358,2022-12-15,EIA 860M,355
2022,12,MO,Meramec,2104,Union Electric Co - (MO),19436,Electric Utility,GT1,62.0,Petroleum Liquids,"Distillate fuel oil, light fuel oil, FO2, diesel oil",Combustion turbine,Oil,38.4017,-90.3358,2022-12-15,EIA 860M,356
2022,12,MO,Meramec,2104,Union Electric Co - (MO),19436,Electric Utility,4,359.0,Conventional Steam Coal,Subbituminous coal,Steam turbine,Coal,38.4017,-90.3358,2022-12-15,EIA 860M,357
2022,12,MO,Meramec,2104,Union Electric Co - (MO),19436,Electric Utility,3,289.0,Conventional Steam Coal,Subbituminous coal,Steam turbine,Coal,38.4017,-90.3358,2022-12-15,EIA 860M,358
2028,12,MO,Sioux,2107,Union Electric Co - (MO),19436,Electric Utility,1,487.0,Conventional Steam Coal,Subbituminous coal,Steam turbine,Coal,38.915479,-90.290247,2028-12-15,Electric Power Monthly Table 6.6,359
2028,12,MO,Sioux,2107,Union Electric Co - (MO),19436,Electric Utility,2,487.0,Conventional Steam Coal,Subbituminous coal,Steam turbine,Coal,38.915479,-90.290247,2028-12-15,Electric Power Monthly Table 6.6,360
2020,7,MO,Butler Municipal Power Plant,2115,City of Butler - (MO),2647,Electric Utility,4,1.4,Petroleum Liquids,"Distillate fuel oil, light fuel oil, FO2, diesel oil",Internal combustion engine,Oil,38.264408,-94.344385,2020-07-15,EIA 860M,361
2015,6,MO,Butler Municipal Power Plant,2115,City of Butler - (MO),2647,Electric Utility,3,0.8,Petroleum Liquids,"Distillate fuel oil, light fuel oil, FO2, diesel oil",Internal combustion engine,Oil,38.264408,-94.344385,2015-06-15,EIA 860M,362
2004,3,MO,Chillicothe,2122,Chillicothe Municipal Utils,3486,Electric Utility,4A,2.5,Conventional Steam Coal,Bituminous coal,Steam turbine,Coal,39.783388,-93.564112,2004-03-15,EIA 860M,363
2004,3,MO,Chillicothe,2122,Chillicothe Municipal Utils,3486,Electric Utility,6,6.0,Conventional Steam Coal,Bituminous coal,Steam turbine,Coal,39.783388,-93.564112,2004-03-15,EIA 860M,364
2004,3,MO,Chillicothe,2122,Chillicothe Municipal Utils,3486,Electric Utility,5,5.0,Conventional Steam Coal,Bituminous coal,Steam turbine,Coal,39.783388,-93.564112,2004-03-15,EIA 860M,365
2016,4,MO,Columbia (MO),2123,City of Columbia - (MO),4045,Electric Utility,5,16.5,Conventional Steam Coal,Bituminous coal,Steam turbine,Coal,38.964646,-92.316768,2016-04-15,EIA 860M,366
2019,12,MO,Columbia (MO),2123,City of Columbia - (MO),4045,Electric Utility,7,22.0,Conventional Steam Coal,Bituminous coal,Steam turbine,Coal,38.964646,-92.316768,2019-12-15,EIA 860M,367
2012,5,MO,Fulton (MO),2126,City of Fulton - (MO),6839,Electric Utility,IC2,5.0,Petroleum Liquids,"Distillate fuel oil, light fuel oil, FO2, diesel oil",Internal combustion engine,Oil,38.868095,-91.94778,2012-05-15,EIA 860M,368
2020,6,MO,Blue Valley,2132,City of Independence - (MO),9231,Electric Utility,ST1,25.0,Natural Gas Steam Turbine,Natural gas,Steam turbine,Gas,39.0919,-94.3261,2020-06-15,EIA 860M,369
2020,6,MO,Blue Valley,2132,City of Independence - (MO),9231,Electric Utility,3,65.0,Natural Gas Steam Turbine,Natural gas,Steam turbine,Gas,39.0919,-94.3261,2020-06-15,EIA 860M,370
2020,6,MO,Blue Valley,2132,City of Independence - (MO),9231,Electric Utility,2,25.0,Natural Gas Steam Turbine,Natural gas,Steam turbine,Gas,39.0919,-94.3261,2020-06-15,EIA 860M,371
2014,2,MO,Blue Valley,2132,City of Independence - (MO),9231,Electric Utility,GT1,61.0,Natural Gas Fired Combustion Turbine,Natural gas,Combustion turbine,Gas,39.0919,-94.3261,2014-02-15,EIA 860M,372
2006,1,MO,Jackson (MO),2137,City of Jackson - (MO),9603,Electric Utility,2,1.0,Petroleum Liquids,"Distillate fuel oil, light fuel oil, FO2, diesel oil",Internal combustion engine,Oil,37.3847,-89.6606,2006-01-15,EIA 860M,373
2006,1,MO,Jackson (MO),2137,City of Jackson - (MO),9603,Electric Utility,1,1.0,Petroleum Liquids,"Distillate fuel oil, light fuel oil, FO2, diesel oil",Internal combustion engine,Oil,37.3847,-89.6606,2006-01-15,EIA 860M,374
2019,12,MO,Kennett,2139,City of Kennett - (MO),10152,Electric Utility,5,1.4,Petroleum Liquids,"Distillate fuel oil, light fuel oil, FO2, diesel oil",Internal combustion engine,Oil,36.2338,-90.0521,2019-12-15,EIA 860M,375
2019,12,MO,Kennett,2139,City of Kennett - (MO),10152,Electric Utility,2,0.4,Petroleum Liquids,"Distillate fuel oil, light fuel oil, FO2, diesel oil",Internal combustion engine,Oil,36.2338,-90.0521,2019-12-15,EIA 860M,376
2019,12,MO,Kennett,2139,City of Kennett - (MO),10152,Electric Utility,1,0.4,Petroleum Liquids,"Distillate fuel oil, light fuel oil, FO2, diesel oil",Internal combustion engine,Oil,36.2338,-90.0521,2019-12-15,EIA 860M,377
2019,12,MO,Kennett,2139,City of Kennett - (MO),10152,Electric Utility,3,0.8,Petroleum Liquids,"Distillate fuel oil, light fuel oil, FO2, diesel oil",Internal combustion engine,Oil,36.2338,-90.0521,2019-12-15,EIA 860M,378
2002,12,MO,La Plata,2140,City of La Plata - (MO),10538,Electric Utility,5,0.9,Petroleum Liquids,"Distillate fuel oil, light fuel oil, FO2, diesel oil",Internal combustion engine,Oil,40.0244,-92.4896,2002-12-15,EIA 860M,379
2012,3,MO,La Plata,2140,City of La Plata - (MO),10538,Electric Utility,8,1.0,Petroleum Liquids,"Distillate fuel oil, light fuel oil, FO2, diesel oil",Internal combustion engine,Oil,40.0244,-92.4896,2012-03-15,EIA 860M,380
2009,2,MO,La Plata,2140,City of La Plata - (MO),10538,Electric Utility,6,1.0,Petroleum Liquids,"Distillate fuel oil, light fuel oil, FO2, diesel oil",Internal combustion engine,Oil,40.0244,-92.4896,2009-02-15,EIA 860M,381
2009,2,MO,La Plata,2140,City of La Plata - (MO),10538,Electric Utility,7,1.0,Petroleum Liquids,"Distillate fuel oil, light fuel oil, FO2, diesel oil",Internal combustion engine,Oil,40.0244,-92.4896,2009-02-15,EIA 860M,382
2012,3,MO,La Plata,2140,City of La Plata - (MO),10538,Electric Utility,9,1.0,Petroleum Liquids,"Distillate fuel oil, light fuel oil, FO2, diesel oil",Internal combustion engine,Oil,40.0244,-92.4896,2012-03-15,EIA 860M,383
2018,4,MO,Macon,2141,City of Macon - (MO),11460,Electric Utility,3,5.0,Petroleum Liquids,"Distillate fuel oil, light fuel oil, FO2, diesel oil",Internal combustion engine,Oil,39.7378,-92.4689,2018-04-15,EIA 860M,384
2012,7,MO,Macon,2141,City of Macon - (MO),11460,Electric Utility,1,5.2,Petroleum Liquids,"Distillate fuel oil, light fuel oil, FO2, diesel oil",Internal combustion engine,Oil,39.7378,-92.4689,2012-07-15,EIA 860M,385
2013,2,MO,Malden,2142,City of Malden - (MO),11540,Electric Utility,1,1.4,Petroleum Liquids,"Distillate fuel oil, light fuel oil, FO2, diesel oil",Internal combustion engine,Oil,36.5531,-89.9682,2013-02-15,EIA 860M,386
2016,12,MO,Marshall (MO),2144,City of Marshall - (MO),11732,Electric Utility,5,16.5,Conventional Steam Coal,Bituminous coal,Steam turbine,Coal,39.1228,-93.2064,2016-12-15,EIA 860M,387
2016,7,MO,Marshall (MO),2144,City of Marshall - (MO),11732,Electric Utility,4,6.0,Conventional Steam Coal,Bituminous coal,Steam turbine,Coal,39.1228,-93.2064,2016-07-15,EIA 860M,388
2014,7,MO,Marshall (MO),2144,City of Marshall - (MO),11732,Electric Utility,3,4.0,Natural Gas Steam Turbine,Natural gas,Steam turbine,Gas,39.1228,-93.2064,2014-07-15,EIA 860M,389
2020,1,MO,Monroe (MO),2146,City of Monroe City - (MO),12802,Electric Utility,11,1.8,Petroleum Liquids,"Distillate fuel oil, light fuel oil, FO2, diesel oil",Internal combustion engine,Oil,39.6525,-91.7325,2020-01-15,EIA 860M,390
2020,1,MO,Monroe (MO),2146,City of Monroe City - (MO),12802,Electric Utility,9,1.6,Petroleum Liquids,"Distillate fuel oil, light fuel oil, FO2, diesel oil",Internal combustion engine,Oil,39.6525,-91.7325,2020-01-15,EIA 860M,391
2020,1,MO,Monroe (MO),2146,City of Monroe City - (MO),12802,Electric Utility,8,1.6,Petroleum Liquids,"Distillate fuel oil, light fuel oil, FO2, diesel oil",Internal combustion engine,Oil,39.6525,-91.7325,2020-01-15,EIA 860M,392
2020,1,MO,Monroe (MO),2146,City of Monroe City - (MO),12802,Electric Utility,10,1.6,Petroleum Liquids,"Distillate fuel oil, light fuel oil, FO2, diesel oil",Internal combustion engine,Oil,39.6525,-91.7325,2020-01-15,EIA 860M,393
2020,1,MO,Monroe (MO),2146,City of Monroe City - (MO),12802,Electric Utility,5,2.0,Petroleum Liquids,"Distillate fuel oil, light fuel oil, FO2, diesel oil",Internal combustion engine,Oil,39.6525,-91.7325,2020-01-15,EIA 860M,394
2013,1,MO,Monroe (MO),2146,City of Monroe City - (MO),12802,Electric Utility,2,1.3,Petroleum Liquids,"Distillate fuel oil, light fuel oil, FO2, diesel oil",Internal combustion engine,Oil,39.6525,-91.7325,2013-01-15,EIA 860M,395
2020,1,MO,Monroe (MO),2146,City of Monroe City - (MO),12802,Electric Utility,12,1.8,Petroleum Liquids,"Distillate fuel oil, light fuel oil, FO2, diesel oil",Internal combustion engine,Oil,39.6525,-91.7325,2020-01-15,EIA 860M,396
2011,6,MO,Coleman,2158,City of Sikeston - (MO),17177,Electric Utility,IC2,2.3,Petroleum Liquids,"Distillate fuel oil, light fuel oil, FO2, diesel oil",Internal combustion engine,Oil,36.8785,-89.6214,2011-06-15,EIA 860M,397
2011,6,MO,Coleman,2158,City of Sikeston - (MO),17177,Electric Utility,IC1,2.0,Petroleum Liquids,"Distillate fuel oil, light fuel oil, FO2, diesel oil",Internal combustion engine,Oil,36.8785,-89.6214,2011-06-15,EIA 860M,398
2020,12,MO,James River Power Station,2161,City Utilities of Springfield - (MO),17833,Electric Utility,4,60.0,Natural Gas Steam Turbine,Natural gas,Steam turbine,Gas,37.108611,-93.261944,2020-12-15,EIA 860M,399
2017,12,MO,James River Power Station,2161,City Utilities of Springfield - (MO),17833,Electric Utility,1,22.0,Conventional Steam Coal,Subbituminous coal,Steam turbine,Coal,37.108611,-93.261944,2017-12-15,EIA 860M,400
2014,8,CA,Santa Maria Cogen Plant,10733,"Wellhead Services, Inc",20323,IPP CHP,GEN1,9.0,Natural Gas Fired Combustion Turbine,Natural gas,Combustion turbine,Gas,34.94434,-120.45791,2014-08-15,EIA 860M,401
2022,9,CO,Rifle Generating Station,10755,"Tri-State G & T Assn, Inc",30151,Electric Utility,GT4,15.0,Natural Gas Fired Combined Cycle,Natural gas,Combined cycle,Gas,39.5173,-107.7299,2022-09-15,EIA 860M,402
2022,9,CO,Rifle Generating Station,10755,"Tri-State G & T Assn, Inc",30151,Electric Utility,GT3,15.0,Natural Gas Fired Combined Cycle,Natural gas,Combined cycle,Gas,39.5173,-107.7299,2022-09-15,EIA 860M,403
2022,9,CO,Rifle Generating Station,10755,"Tri-State G & T Assn, Inc",30151,Electric Utility,GT2,15.0,Natural Gas Fired Combined Cycle,Natural gas,Combined cycle,Gas,39.5173,-107.7299,2022-09-15,EIA 860M,404
2022,9,CO,Rifle Generating Station,10755,"Tri-State G & T Assn, Inc",30151,Electric Utility,ST1,39.0,Natural Gas Fired Combined Cycle,Natural gas,Combined cycle,Gas,39.5173,-107.7299,2022-09-15,EIA 860M,405
2019,11,SC,Camden South Carolina,10795,Invista,50006,Industrial CHP,GEN1,5.5,Natural Gas Steam Turbine,Natural gas,Steam turbine,Gas,34.2338,-80.6558,2019-11-15,EIA 860M,406
2019,11,SC,Camden South Carolina,10795,Invista,50006,Industrial CHP,GEN2,5.5,Natural Gas Steam Turbine,Natural gas,Steam turbine,Gas,34.2338,-80.6558,2019-11-15,EIA 860M,407
2008,1,VA,Waynesboro Virginia Plant,10796,The LYCRA Company - Waynesboro VA Plant,64216,Industrial CHP,GEN3,3.0,Conventional Steam Coal,Bituminous coal,Steam turbine,Coal,38.0586,-78.8911,2008-01-15,EIA 860M,408
2010,12,VA,Waynesboro Virginia Plant,10796,The LYCRA Company - Waynesboro VA Plant,64216,Industrial CHP,GEN4,3.4,Conventional Steam Coal,Bituminous coal,Steam turbine,Coal,38.0586,-78.8911,2010-12-15,EIA 860M,409
2010,12,VA,Waynesboro Virginia Plant,10796,The LYCRA Company - Waynesboro VA Plant,64216,Industrial CHP,GEN2,3.0,Conventional Steam Coal,Bituminous coal,Steam turbine,Coal,38.0586,-78.8911,2010-12-15,EIA 860M,410
2010,12,VA,Waynesboro Virginia Plant,10796,The LYCRA Company - Waynesboro VA Plant,64216,Industrial CHP,GEN1,3.0,Conventional Steam Coal,Bituminous coal,Steam turbine,Coal,38.0586,-78.8911,2010-12-15,EIA 860M,411
2007,6,NY,Ogdensburg Power,10803,AG Energy LP,40052,IPP CHP,GEN1,48.8,Natural Gas Fired Combined Cycle,Natural gas,Combined cycle,Gas,44.7258,-75.4417,2007-06-15,EIA 860M,412
2007,6,NY,Ogdensburg Power,10803,AG Energy LP,40052,IPP CHP,GEN2,23.6,Natural Gas Fired Combined Cycle,Natural gas,Combined cycle,Gas,44.7258,-75.4417,2007-06-15,EIA 860M,413
2021,1,IA,Riverside,1081,MidAmerican Energy Co,12341,Electric Utility,5,136.0,Natural Gas Steam Turbine,Natural gas,Steam turbine,Gas,41.54,-90.4481,2021-01-15,EIA 860M,414
2013,8,IA,Riverside,1081,MidAmerican Energy Co,12341,Electric Utility,3HS,5.0,Conventional Steam Coal,Subbituminous coal,Steam turbine,Coal,41.54,-90.4481,2013-08-15,EIA 860M,415
2015,3,IA,Walter Scott Jr Energy Center,1082,MidAmerican Energy Co,12341,Electric Utility,2,81.6,Conventional Steam Coal,Subbituminous coal,Steam turbine,Coal,41.18,-95.8408,2015-03-15,EIA 860M,416
2015,3,IA,Walter Scott Jr Energy Center,1082,MidAmerican Energy Co,12341,Electric Utility,1,49.0,Conventional Steam Coal,Subbituminous coal,Steam turbine,Coal,41.18,-95.8408,2015-03-15,EIA 860M,417
2004,3,MA,Deer Island Treatment Plant,10823,Massachusetts Wtr Rauth-Deer I,11427,Commercial CHP,6ENT,6.0,Other Waste Biomass,"Other biomass gas (digester gas, methane, and Other biomass gases)",Internal combustion engine,Other,42.353333,-70.962778,2004-03-15,EIA 860M,418
2004,3,MA,Deer Island Treatment Plant,10823,Massachusetts Wtr Rauth-Deer I,11427,Commercial CHP,7ENT,6.0,Other Waste Biomass,"Other biomass gas (digester gas, methane, and Other biomass gases)",Internal combustion engine,Other,42.353333,-70.962778,2004-03-15,EIA 860M,419
2008,10,IA,Archer Daniels Midland Clinton,10860,Archer Daniels Midland Co,772,Industrial CHP,GEN5,7.0,Conventional Steam Coal,Bituminous coal,Steam turbine,Coal,41.8206,-90.2097,2008-10-15,EIA 860M,420
2008,10,IA,Archer Daniels Midland Clinton,10860,Archer Daniels Midland Co,772,Industrial CHP,GEN2,3.5,Conventional Steam Coal,Bituminous coal,Steam turbine,Coal,41.8206,-90.2097,2008-10-15,EIA 860M,421
2008,10,IA,Archer Daniels Midland Clinton,10860,Archer Daniels Midland Co,772,Industrial CHP,GEN3,9.4,Conventional Steam Coal,Bituminous coal,Steam turbine,Coal,41.8206,-90.2097,2008-10-15,EIA 860M,422
2008,10,IA,Archer Daniels Midland Clinton,10860,Archer Daniels Midland Co,772,Industrial CHP,GEN4,4.0,Conventional Steam Coal,Bituminous coal,Steam turbine,Coal,41.8206,-90.2097,2008-10-15,EIA 860M,423
2008,10,IA,Archer Daniels Midland Clinton,10860,Archer Daniels Midland Co,772,Industrial CHP,GEN1,7.5,Conventional Steam Coal,Bituminous coal,Steam turbine,Coal,41.8206,-90.2097,2008-10-15,EIA 860M,424
2011,12,IL,Archer Daniels Midland Peoria,10866,BioUrja Renewables LLC,64580,Industrial CHP,GEN2,1.5,Conventional Steam Coal,Bituminous coal,Steam turbine,Coal,40.677188,-89.604911,2011-12-15,EIA 860M,425
2011,12,IL,Archer Daniels Midland Peoria,10866,BioUrja Renewables LLC,64580,Industrial CHP,GEN3,4.0,Conventional Steam Coal,Bituminous coal,Steam turbine,Coal,40.677188,-89.604911,2011-12-15,EIA 860M,426
2012,12,IL,Archer Daniels Midland Peoria,10866,BioUrja Renewables LLC,64580,Industrial CHP,GEN5,4.0,Conventional Steam Coal,Bituminous coal,Steam turbine,Coal,40.677188,-89.604911,2012-12-15,EIA 860M,427
2011,12,IL,Archer Daniels Midland Peoria,10866,BioUrja Renewables LLC,64580,Industrial CHP,GEN4,4.0,Conventional Steam Coal,Bituminous coal,Steam turbine,Coal,40.677188,-89.604911,2011-12-15,EIA 860M,428
2011,12,IL,Archer Daniels Midland Peoria,10866,BioUrja Renewables LLC,64580,Industrial CHP,GEN8,13.0,Natural Gas Fired Combustion Turbine,Natural gas,Combustion turbine,Gas,40.677188,-89.604911,2011-12-15,EIA 860M,429
2013,8,IL,Archer Daniels Midland Peoria,10866,BioUrja Renewables LLC,64580,Industrial CHP,GEN1,1.5,Conventional Steam Coal,Bituminous coal,Steam turbine,Coal,40.677188,-89.604911,2013-08-15,EIA 860M,430
2017,12,IL,Archer Daniels Midland Peoria,10866,BioUrja Renewables LLC,64580,Industrial CHP,GEN6,18.0,Natural Gas Fired Combustion Turbine,Natural gas,Combustion turbine,Gas,40.677188,-89.604911,2017-12-15,EIA 860M,431
2021,12,MA,Medical Area Total Energy Plant,10883,MATEP LLC,12258,Commercial CHP,DEG6,6.8,Petroleum Liquids,"Distillate fuel oil, light fuel oil, FO2, diesel oil",Internal combustion engine,Oil,42.33685,-71.10815,2021-12-15,EIA 860M,432
2006,4,AK,Dillingham,109,"Nushagak Electric Coop, Inc",13870,Electric Utility,8,0.8,Petroleum Liquids,"Distillate fuel oil, light fuel oil, FO2, diesel oil",Internal combustion engine,Oil,59.042914,-158.468597,2006-04-15,EIA 860M,433
2007,10,AK,Dillingham,109,"Nushagak Electric Coop, Inc",13870,Electric Utility,6,1.0,Petroleum Liquids,"Distillate fuel oil, light fuel oil, FO2, diesel oil",Internal combustion engine,Oil,59.042914,-158.468597,2007-10-15,EIA 860M,434
2009,2,AK,Dillingham,109,"Nushagak Electric Coop, Inc",13870,Electric Utility,3,0.3,Petroleum Liquids,"Distillate fuel oil, light fuel oil, FO2, diesel oil",Internal combustion engine,Oil,59.042914,-158.468597,2009-02-15,EIA 860M,435
2006,3,AK,Dillingham,109,"Nushagak Electric Coop, Inc",13870,Electric Utility,IC9,0.8,Petroleum Liquids,"Distillate fuel oil, light fuel oil, FO2, diesel oil",Internal combustion engine,Oil,59.042914,-158.468597,2006-03-15,EIA 860M,436
2007,3,AK,Dillingham,109,"Nushagak Electric Coop, Inc",13870,Electric Utility,5,0.7,Petroleum Liquids,"Distillate fuel oil, light fuel oil, FO2, diesel oil",Internal combustion engine,Oil,59.042914,-158.468597,2007-03-15,EIA 860M,437
2016,4,IA,George Neal North,1091,MidAmerican Energy Co,12341,Electric Utility,2,349.2,Conventional Steam Coal,Subbituminous coal,Steam turbine,Coal,42.32517,-96.37971,2016-04-15,EIA 860M,438
2016,4,IA,George Neal North,1091,MidAmerican Energy Co,12341,Electric Utility,1,147.0,Conventional Steam Coal,Subbituminous coal,Steam turbine,Coal,42.32517,-96.37971,2016-04-15,EIA 860M,439
2030,12,IA,Burlington (IA),1104,Interstate Power and Light Co,9417,Electric Utility,GT3,13.2,Natural Gas Fired Combustion Turbine,Natural gas,Combustion turbine,Gas,40.7412,-91.116667,2030-12-15,Electric Power Monthly Table 6.6,440
2030,12,IA,Burlington (IA),1104,Interstate Power and Light Co,9417,Electric Utility,GT2,9.7,Natural Gas Fired Combustion Turbine,Natural gas,Combustion turbine,Gas,40.7412,-91.116667,2030-12-15,Electric Power Monthly Table 6.6,441
2030,12,IA,Burlington (IA),1104,Interstate Power and Light Co,9417,Electric Utility,GT1,9.1,Natural Gas Fired Combustion Turbine,Natural gas,Combustion turbine,Gas,40.7412,-91.116667,2030-12-15,Electric Power Monthly Table 6.6,442
2030,12,IA,Burlington (IA),1104,Interstate Power and Light Co,9417,Electric Utility,GT4,2.9,Natural Gas Fired Combustion Turbine,Natural gas,Combustion turbine,Gas,40.7412,-91.116667,2030-12-15,Electric Power Monthly Table 6.6,443
2017,11,IA,Centerville,1105,Interstate Power and Light Co,9417,Electric Utility,1,2.0,Petroleum Liquids,"Distillate fuel oil, light fuel oil, FO2, diesel oil",Internal combustion engine,Oil,40.7478,-92.873056,2017-11-15,EIA 860M,444
2017,11,IA,Centerville,1105,Interstate Power and Light Co,9417,Electric Utility,2,2.0,Petroleum Liquids,"Distillate fuel oil, light fuel oil, FO2, diesel oil",Internal combustion engine,Oil,40.7478,-92.873056,2017-11-15,EIA 860M,445
2017,11,IA,Centerville,1105,Interstate Power and Light Co,9417,Electric Utility,3,2.0,Petroleum Liquids,"Distillate fuel oil, light fuel oil, FO2, diesel oil",Internal combustion engine,Oil,40.7478,-92.873056,2017-11-15,EIA 860M,446
2017,11,IA,Centerville,1105,Interstate Power and Light Co,9417,Electric Utility,GT1,27.0,Petroleum Liquids,"Distillate fuel oil, light fuel oil, FO2, diesel oil",Combustion turbine,Oil,40.7478,-92.873056,2017-11-15,EIA 860M,447
2017,11,IA,Centerville,1105,Interstate Power and Light Co,9417,Electric Utility,GT2,27.0,Petroleum Liquids,"Distillate fuel oil, light fuel oil, FO2, diesel oil",Combustion turbine,Oil,40.7478,-92.873056,2017-11-15,EIA 860M,448
2003,9,IA,Algona,1120,City of Algona - (IA),309,Electric Utility,3,0.7,Petroleum Liquids,"Distillate fuel oil, light fuel oil, FO2, diesel oil",Internal combustion engine,Oil,43.0733,-94.2392,2003-09-15,EIA 860M,449
2002,6,IA,Algona,1120,City of Algona - (IA),309,Electric Utility,5,1.5,Petroleum Liquids,"Distillate fuel oil, light fuel oil, FO2, diesel oil",Internal combustion engine,Oil,43.0733,-94.2392,2002-06-15,EIA 860M,450
2002,4,IA,Algona,1120,City of Algona - (IA),309,Electric Utility,4,1.0,Petroleum Liquids,"Distillate fuel oil, light fuel oil, FO2, diesel oil",Internal combustion engine,Oil,43.0733,-94.2392,2002-04-15,EIA 860M,451
2021,4,IA,Alta Municipal Utilities,1121,City of Alta - (IA),405,Electric Utility,1,1.0,Petroleum Liquids,"Distillate fuel oil, light fuel oil, FO2, diesel oil",Internal combustion engine,Oil,42.6736,-95.3026,2021-04-15,EIA 860M,452
2014,11,IA,Alta Municipal Utilities,1121,City of Alta - (IA),405,Electric Utility,3,1.1,Petroleum Liquids,"Distillate fuel oil, light fuel oil, FO2, diesel oil",Internal combustion engine,Oil,42.6736,-95.3026,2014-11-15,EIA 860M,453
2003,1,IA,Anita,1123,City of Anita - (IA),682,Electric Utility,1,0.1,Petroleum Liquids,"Distillate fuel oil, light fuel oil, FO2, diesel oil",Internal combustion engine,Oil,41.444224,-94.766474,2003-01-15,EIA 860M,454
2016,12,IA,Atlantic,1124,Atlantic Municipal Utilities,965,Electric Utility,1,5.3,Petroleum Liquids,"Distillate fuel oil, light fuel oil, FO2, diesel oil",Internal combustion engine,Oil,41.409,-95.0,2016-12-15,EIA 860M,455
2014,2,IA,Bancroft,1125,Bancroft Municipal Utilities,1172,Electric Utility,4,0.3,Petroleum Liquids,"Distillate fuel oil, light fuel oil, FO2, diesel oil",Internal combustion engine,Oil,43.292628,-94.217075,2014-02-15,EIA 860M,456
2018,5,IA,Bellevue,1126,City of Bellevue - (IA),1515,Electric Utility,1,0.6,Petroleum Liquids,"Distillate fuel oil, light fuel oil, FO2, diesel oil",Internal combustion engine,Oil,42.25,-90.4167,2018-05-15,EIA 860M,457
2011,9,IA,Brooklyn,1128,City of Brooklyn - (IA),2287,Electric Utility,6,2.0,Petroleum Liquids,"Distillate fuel oil, light fuel oil, FO2, diesel oil",Internal combustion engine,Oil,41.7278,-92.4479,2011-09-15,EIA 860M,458
2011,9,IA,Brooklyn,1128,City of Brooklyn - (IA),2287,Electric Utility,3,0.3,Petroleum Liquids,"Distillate fuel oil, light fuel oil, FO2, diesel oil",Internal combustion engine,Oil,41.7278,-92.4479,2011-09-15,EIA 860M,459
2011,9,IA,Brooklyn,1128,City of Brooklyn - (IA),2287,Electric Utility,2,0.2,Petroleum Liquids,"Distillate fuel oil, light fuel oil, FO2, diesel oil",Internal combustion engine,Oil,41.7278,-92.4479,2011-09-15,EIA 860M,460
2011,9,IA,Brooklyn,1128,City of Brooklyn - (IA),2287,Electric Utility,1,0.2,Petroleum Liquids,"Distillate fuel oil, light fuel oil, FO2, diesel oil",Internal combustion engine,Oil,41.7278,-92.4479,2011-09-15,EIA 860M,461
2025,3,AZ,Cholla,113,Arizona Public Service Co,803,Electric Utility,3,312.3,Conventional Steam Coal,Subbituminous coal,Steam turbine,Coal,34.9394,-110.3033,2025-03-15,EIA 860M,462
2025,3,AZ,Cholla,113,Arizona Public Service Co,803,Electric Utility,1,113.6,Conventional Steam Coal,Subbituminous coal,Steam turbine,Coal,34.9394,-110.3033,2025-03-15,EIA 860M,463
2020,12,AZ,Cholla,113,Arizona Public Service Co,803,Electric Utility,4,414.0,Conventional Steam Coal,Subbituminous coal,Steam turbine,Coal,34.9394,-110.3033,2020-12-15,EIA 860M,464
2015,11,AZ,Cholla,113,Arizona Public Service Co,803,Electric Utility,2,288.9,Conventional Steam Coal,Subbituminous coal,Steam turbine,Coal,34.9394,-110.3033,2015-11-15,EIA 860M,465
2016,2,IA,Coggon,1132,Coggon Municipal Light Plant,65337,Electric Utility,IC1,0.6,Petroleum Liquids,"Distillate fuel oil, light fuel oil, FO2, diesel oil",Internal combustion engine,Oil,42.280827,-91.532705,2016-02-15,EIA 860M,466
2014,1,IA,Coggon,1132,Coggon Municipal Light Plant,65337,Electric Utility,4,0.6,Petroleum Liquids,"Distillate fuel oil, light fuel oil, FO2, diesel oil",Internal combustion engine,Oil,42.280827,-91.532705,2014-01-15,EIA 860M,467
2003,1,IA,Coggon,1132,Coggon Municipal Light Plant,65337,Electric Utility,3,0.2,Petroleum Liquids,"Distillate fuel oil, light fuel oil, FO2, diesel oil",Internal combustion engine,Oil,42.280827,-91.532705,2003-01-15,EIA 860M,468
2006,3,IA,Corning,1134,City of Corning - (IA),4375,Electric Utility,3,1.3,Petroleum Liquids,"Distillate fuel oil, light fuel oil, FO2, diesel oil",Internal combustion engine,Oil,40.9871,-94.7352,2006-03-15,EIA 860M,469
2006,3,IA,Corning,1134,City of Corning - (IA),4375,Electric Utility,4,0.4,Petroleum Liquids,"Distillate fuel oil, light fuel oil, FO2, diesel oil",Internal combustion engine,Oil,40.9871,-94.7352,2006-03-15,EIA 860M,470
2006,3,IA,Corning,1134,City of Corning - (IA),4375,Electric Utility,2,0.9,Petroleum Liquids,"Distillate fuel oil, light fuel oil, FO2, diesel oil",Internal combustion engine,Oil,40.9871,-94.7352,2006-03-15,EIA 860M,471
2006,3,IA,Corning,1134,City of Corning - (IA),4375,Electric Utility,1,0.6,Petroleum Liquids,"Distillate fuel oil, light fuel oil, FO2, diesel oil",Internal combustion engine,Oil,40.9871,-94.7352,2006-03-15,EIA 860M,472
2002,6,IA,Dayton (IA),1135,City of Dayton - (IA),4919,Electric Utility,4,0.1,Petroleum Liquids,"Distillate fuel oil, light fuel oil, FO2, diesel oil",Internal combustion engine,Oil,42.260162,-94.069243,2002-06-15,EIA 860M,473
2013,6,IA,Estherville,1137,City of Estherville - (IA),5998,Electric Utility,6,2.0,Petroleum Liquids,"Distillate fuel oil, light fuel oil, FO2, diesel oil",Internal combustion engine,Oil,43.4028,-94.8433,2013-06-15,EIA 860M,474
2013,5,IA,Gowrie,1141,Gowrie Municipal Utilities,7424,Electric Utility,2,1.2,Petroleum Liquids,"Distillate fuel oil, light fuel oil, FO2, diesel oil",Internal combustion engine,Oil,42.282807,-94.288965,2013-05-15,EIA 860M,475
2013,5,IA,Gowrie,1141,Gowrie Municipal Utilities,7424,Electric Utility,1,1.2,Petroleum Liquids,"Distillate fuel oil, light fuel oil, FO2, diesel oil",Internal combustion engine,Oil,42.282807,-94.288965,2013-05-15,EIA 860M,476
2024,5,IA,Graettinger,1142,City of Graettinger - (IA),7443,Electric Utility,4,0.5,Petroleum Liquids,"Distillate fuel oil, light fuel oil, FO2, diesel oil",Internal combustion engine,Oil,43.2397,-94.7498,2024-05-15,EIA 860M,477
2018,12,IA,Greenfield Light Plant,1144,City of Greenfield - (IA),7626,Electric Utility,5,3.0,Petroleum Liquids,"Distillate fuel oil, light fuel oil, FO2, diesel oil",Internal combustion engine,Oil,41.303889,-94.460556,2018-12-15,EIA 860M,478
2018,12,IA,Greenfield Light Plant,1144,City of Greenfield - (IA),7626,Electric Utility,4,1.8,Petroleum Liquids,"Distillate fuel oil, light fuel oil, FO2, diesel oil",Internal combustion engine,Oil,41.303889,-94.460556,2018-12-15,EIA 860M,479
2018,12,IA,Greenfield Light Plant,1144,City of Greenfield - (IA),7626,Electric Utility,3,1.3,Petroleum Liquids,"Distillate fuel oil, light fuel oil, FO2, diesel oil",Internal combustion engine,Oil,41.303889,-94.460556,2018-12-15,EIA 860M,480
2021,1,IA,Indianola,1150,Indianola Municipal Utilities,9275,Electric Utility,5,4.0,Petroleum Liquids,"Distillate fuel oil, light fuel oil, FO2, diesel oil",Internal combustion engine,Oil,41.359491,-93.563268,2021-01-15,EIA 860M,481
2021,1,IA,Indianola,1150,Indianola Municipal Utilities,9275,Electric Utility,6,5.1,Petroleum Liquids,"Distillate fuel oil, light fuel oil, FO2, diesel oil",Internal combustion engine,Oil,41.359491,-93.563268,2021-01-15,EIA 860M,482
2006,2,IA,Indianola,1150,Indianola Municipal Utilities,9275,Electric Utility,3,1.1,Petroleum Liquids,"Distillate fuel oil, light fuel oil, FO2, diesel oil",Internal combustion engine,Oil,41.359491,-93.563268,2006-02-15,EIA 860M,483
2012,6,IA,Indianola,1150,Indianola Municipal Utilities,9275,Electric Utility,4,1.5,Petroleum Liquids,"Distillate fuel oil, light fuel oil, FO2, diesel oil",Internal combustion engine,Oil,41.359491,-93.563268,2012-06-15,EIA 860M,484
2012,6,IA,Indianola,1150,Indianola Municipal Utilities,9275,Electric Utility,2,1.4,Petroleum Liquids,"Distillate fuel oil, light fuel oil, FO2, diesel oil",Internal combustion engine,Oil,41.359491,-93.563268,2012-06-15,EIA 860M,485
2012,6,IA,Indianola,1150,Indianola Municipal Utilities,9275,Electric Utility,1,0.8,Petroleum Liquids,"Distillate fuel oil, light fuel oil, FO2, diesel oil",Internal combustion engine,Oil,41.359491,-93.563268,2012-06-15,EIA 860M,486
2002,3,IA,Lake Park,1153,City of Lake Park - (IA),10608,Electric Utility,1,0.7,Petroleum Liquids,"Distillate fuel oil, light fuel oil, FO2, diesel oil",Internal combustion engine,Oil,43.4301,-95.3153,2002-03-15,EIA 860M,487
2002,3,IA,Lake Park,1153,City of Lake Park - (IA),10608,Electric Utility,2,1.0,Petroleum Liquids,"Distillate fuel oil, light fuel oil, FO2, diesel oil",Internal combustion engine,Oil,43.4301,-95.3153,2002-03-15,EIA 860M,488
2020,10,IA,Lake Mills,1154,City of Lake Mills,10606,Electric Utility,5,0.9,Petroleum Liquids,"Distillate fuel oil, light fuel oil, FO2, diesel oil",Internal combustion engine,Oil,43.4172,-93.5322,2020-10-15,EIA 860M,489
2020,10,IA,Lake Mills,1154,City of Lake Mills,10606,Electric Utility,1A,3.0,Petroleum Liquids,"Distillate fuel oil, light fuel oil, FO2, diesel oil",Internal combustion engine,Oil,43.4172,-93.5322,2020-10-15,EIA 860M,490
2013,12,IA,La Porte,1156,La Porte City Utilities,10542,Electric Utility,5,0.8,Petroleum Liquids,"Distillate fuel oil, light fuel oil, FO2, diesel oil",Internal combustion engine,Oil,42.3159,-92.1928,2013-12-15,EIA 860M,491
2013,12,IA,La Porte,1156,La Porte City Utilities,10542,Electric Utility,2,1.1,Petroleum Liquids,"Distillate fuel oil, light fuel oil, FO2, diesel oil",Internal combustion engine,Oil,42.3159,-92.1928,2013-12-15,EIA 860M,492
2025,10,IA,Laurens,1157,City of Laurens - (IA),10769,Electric Utility,4,0.8,Petroleum Liquids,"Distillate fuel oil, light fuel oil, FO2, diesel oil",Internal combustion engine,Oil,42.8486,-94.8506,2025-10-15,EIA 860M,493
2025,10,IA,Laurens,1157,City of Laurens - (IA),10769,Electric Utility,3,0.8,Petroleum Liquids,"Distillate fuel oil, light fuel oil, FO2, diesel oil",Internal combustion engine,Oil,42.8486,-94.8506,2025-10-15,EIA 860M,494
2019,1,AZ,Ocotillo,116,Arizona Public Service Co,803,Electric Utility,1,113.6,Natural Gas Steam Turbine,Natural gas,Steam turbine,Gas,33.4225,-111.9122,2019-01-15,EIA 860M,495
2019,1,AZ,Ocotillo,116,Arizona Public Service Co,803,Electric Utility,2,113.6,Natural Gas Steam Turbine,Natural gas,Steam turbine,Gas,33.4225,-111.9122,2019-01-15,EIA 860M,496
2002,5,IA,Maquoketa 1,1162,City of Maquoketa - (IA),11611,Electric Utility,2,0.8,Petroleum Liquids,"Distillate fuel oil, light fuel oil, FO2, diesel oil",Internal combustion engine,Oil,42.035556,-90.665,2002-05-15,EIA 860M,497
2019,9,IA,McGregor,1163,City of McGregor- (IA),12114,Electric Utility,3,0.5,Petroleum Liquids,"Distillate fuel oil, light fuel oil, FO2, diesel oil",Internal combustion engine,Oil,43.023733,-91.174927,2019-09-15,EIA 860M,498
2003,12,IA,Milford,1164,City of Milford - (IA),12541,Electric Utility,3,0.3,Petroleum Liquids,"Distillate fuel oil, light fuel oil, FO2, diesel oil",Internal combustion engine,Oil,43.326083,-95.148339,2003-12-15,EIA 860M,499
2002,1,IA,Mt Pleasant,1166,City of Mt Pleasant - (IA),13038,Electric Utility,D,1.0,Petroleum Liquids,"Distillate fuel oil, light fuel oil, FO2, diesel oil",Internal combustion engine,Oil,40.971826,-91.551221,2002-01-15,EIA 860M,500
2024,3,IA,Muscatine Plant #1,1167,Board of Water Electric & Communications,13143,Electric Utility,8A,18.0,Conventional Steam Coal,Subbituminous coal,Steam turbine,Coal,41.3917,-91.0569,2024-03-15,EIA 860M,501
2002,12,AZ,West Phoenix,117,Arizona Public Service Co,803,Electric Utility,4,34.5,Natural Gas Steam Turbine,Natural gas,Steam turbine,Gas,33.4417,-112.1583,2002-12-15,EIA 860M,502
2002,12,AZ,West Phoenix,117,Arizona Public Service Co,803,Electric Utility,6,69.0,Natural Gas Steam Turbine,Natural gas,Steam turbine,Gas,33.4417,-112.1583,2002-12-15,EIA 860M,503
2002,12,AZ,West Phoenix,117,Arizona Public Service Co,803,Electric Utility,5,16.0,Natural Gas Steam Turbine,Natural gas,Steam turbine,Gas,33.4417,-112.1583,2002-12-15,EIA 860M,504
2012,6,IA,Pella,1175,City of Pella - (IA),14645,Electric Utility,6,26.5,Conventional Steam Coal,Subbituminous coal,Steam turbine,Coal,41.3981,-92.9144,2012-06-15,EIA 860M,505
2012,6,IA,Pella,1175,City of Pella - (IA),14645,Electric Utility,5,11.5,Conventional Steam Coal,Subbituminous coal,Steam turbine,Coal,41.3981,-92.9144,2012-06-15,EIA 860M,506
2014,1,IA,Preston (IA),1176,City of Preston,15349,Electric Utility,1,0.7,Petroleum Liquids,"Distillate fuel oil, light fuel oil, FO2, diesel oil",Internal combustion engine,Oil,42.0507,-90.3942,2014-01-15,EIA 860M,507
2014,1,IA,Preston (IA),1176,City of Preston,15349,Electric Utility,2,0.7,Petroleum Liquids,"Distillate fuel oil, light fuel oil, FO2, diesel oil",Internal combustion engine,Oil,42.0507,-90.3942,2014-01-15,EIA 860M,508
2022,12,IA,Primghar,1177,City of Primghar - (IA),15377,Electric Utility,4,0.6,Petroleum Liquids,"Distillate fuel oil, light fuel oil, FO2, diesel oil",Internal combustion engine,Oil,43.08713,-95.62596,2022-12-15,EIA 860M,509
2022,12,IA,Primghar,1177,City of Primghar - (IA),15377,Electric Utility,5,1.1,Petroleum Liquids,"Distillate fuel oil, light fuel oil, FO2, diesel oil",Internal combustion engine,Oil,43.08713,-95.62596,2022-12-15,EIA 860M,510
2004,7,IA,Primghar,1177,City of Primghar - (IA),15377,Electric Utility,2,0.1,Petroleum Liquids,"Distillate fuel oil, light fuel oil, FO2, diesel oil",Internal combustion engine,Oil,43.08713,-95.62596,2004-07-15,EIA 860M,511
2013,7,AZ,Saguaro,118,Arizona Public Service Co,803,Electric Utility,2,125.0,Natural Gas Steam Turbine,Natural gas,Steam turbine,Gas,32.5517,-111.3,2013-07-15,EIA 860M,512
2013,7,AZ,Saguaro,118,Arizona Public Service Co,803,Electric Utility,1,125.0,Natural Gas Steam Turbine,Natural gas,Steam turbine,Gas,32.5517,-111.3,2013-07-15,EIA 860M,513
2021,2,IA,Sumner,1191,City of Sumner - (IA),18301,Electric Utility,1,2.6,Petroleum Liquids,"Distillate fuel oil, light fuel oil, FO2, diesel oil",Internal combustion engine,Oil,42.8464,-92.0978,2021-02-15,EIA 860M,514
2021,2,IA,Sumner,1191,City of Sumner - (IA),18301,Electric Utility,2,1.2,Petroleum Liquids,"Distillate fuel oil, light fuel oil, FO2, diesel oil",Internal combustion engine,Oil,42.8464,-92.0978,2021-02-15,EIA 860M,515
2021,2,IA,Sumner,1191,City of Sumner - (IA),18301,Electric Utility,6,1.8,Petroleum Liquids,"Distillate fuel oil, light fuel oil, FO2, diesel oil",Internal combustion engine,Oil,42.8464,-92.0978,2021-02-15,EIA 860M,516
2019,12,IA,Traer Main,1192,City of Traer - (IA),19062,Electric Utility,5,0.6,Petroleum Liquids,"Distillate fuel oil, light fuel oil, FO2, diesel oil",Internal combustion engine,Oil,42.1926,-92.4636,2019-12-15,EIA 860M,517
2002,1,IA,Villisca Municipal Power Plant,1193,City of Villisca - (IA),19843,Electric Utility,2,0.3,Petroleum Liquids,"Distillate fuel oil, light fuel oil, FO2, diesel oil",Internal combustion engine,Oil,40.9315,-94.9855,2002-01-15,EIA 860M,518
2002,1,IA,Villisca Municipal Power Plant,1193,City of Villisca - (IA),19843,Electric Utility,1,0.8,Petroleum Liquids,"Distillate fuel oil, light fuel oil, FO2, diesel oil",Internal combustion engine,Oil,40.9315,-94.9855,2002-01-15,EIA 860M,519
2002,1,IA,Villisca Municipal Power Plant,1193,City of Villisca - (IA),19843,Electric Utility,4,0.6,Petroleum Liquids,"Distillate fuel oil, light fuel oil, FO2, diesel oil",Internal combustion engine,Oil,40.9315,-94.9855,2002-01-15,EIA 860M,520
2011,1,IA,West Liberty,1200,City of West Liberty - (IA),20380,Electric Utility,1,0.8,Petroleum Liquids,"Distillate fuel oil, light fuel oil, FO2, diesel oil",Internal combustion engine,Oil,41.569128,-91.26405,2011-01-15,EIA 860M,521
2021,1,IA,Summit Lake,1206,Central Iowa Power Cooperative,3258,Electric Utility,1,7.5,Natural Gas Fired Combined Cycle,Natural gas,Combined cycle,Gas,41.1136,-94.3472,2021-01-15,EIA 860M,522
2007,1,IA,Summit Lake,1206,Central Iowa Power Cooperative,3258,Electric Utility,IC4,1.0,Petroleum Liquids,"Distillate fuel oil, light fuel oil, FO2, diesel oil",Internal combustion engine,Oil,41.1136,-94.3472,2007-01-15,EIA 860M,523
2007,1,IA,Summit Lake,1206,Central Iowa Power Cooperative,3258,Electric Utility,IC1,1.0,Petroleum Liquids,"Distillate fuel oil, light fuel oil, FO2, diesel oil",Internal combustion engine,Oil,41.1136,-94.3472,2007-01-15,EIA 860M,524
2007,1,IA,Summit Lake,1206,Central Iowa Power Cooperative,3258,Electric Utility,IC2,1.0,Petroleum Liquids,"Distillate fuel oil, light fuel oil, FO2, diesel oil",Internal combustion engine,Oil,41.1136,-94.3472,2007-01-15,EIA 860M,525
2007,1,IA,Summit Lake,1206,Central Iowa Power Cooperative,3258,Electric Utility,IC5,1.0,Petroleum Liquids,"Distillate fuel oil, light fuel oil, FO2, diesel oil",Internal combustion engine,Oil,41.1136,-94.3472,2007-01-15,EIA 860M,526
2021,1,IA,Summit Lake,1206,Central Iowa Power Cooperative,3258,Electric Utility,3,7.5,Natural Gas Fired Combined Cycle,Natural gas,Combined cycle,Gas,41.1136,-94.3472,2021-01-15,EIA 860M,527
2021,1,IA,Summit Lake,1206,Central Iowa Power Cooperative,3258,Electric Utility,2,7.5,Natural Gas Fired Combined Cycle,Natural gas,Combined cycle,Gas,41.1136,-94.3472,2021-01-15,EIA 860M,528
2013,11,IA,Fair Station,1218,Central Iowa Power Cooperative,3258,Electric Utility,1,25.0,Conventional Steam Coal,Bituminous coal,Steam turbine,Coal,41.4569,-90.8233,2013-11-15,EIA 860M,529
2013,11,IA,Fair Station,1218,Central Iowa Power Cooperative,3258,Electric Utility,2,37.5,Conventional Steam Coal,Bituminous coal,Steam turbine,Coal,41.4569,-90.8233,2013-11-15,EIA 860M,530
2026,4,KS,Riverton,1239,Empire District Electric Co,5860,Electric Utility,11,14.0,Natural Gas Fired Combustion Turbine,Natural gas,Combustion turbine,Gas,37.072616,-94.698704,2026-04-15,Electric Power Monthly Table 6.6,531
2015,6,KS,Riverton,1239,Empire District Electric Co,5860,Electric Utility,9,12.5,Natural Gas Fired Combustion Turbine,Natural gas,Combustion turbine,Gas,37.072616,-94.698704,2015-06-15,EIA 860M,532
2014,9,KS,Riverton,1239,Empire District Electric Co,5860,Electric Utility,7,37.5,Natural Gas Steam Turbine,Natural gas,Steam turbine,Gas,37.072616,-94.698704,2014-09-15,EIA 860M,533
2026,4,KS,Riverton,1239,Empire District Electric Co,5860,Electric Utility,10,13.0,Natural Gas Fired Combustion Turbine,Natural gas,Combustion turbine,Gas,37.072616,-94.698704,2026-04-15,Electric Power Monthly Table 6.6,534
2015,6,KS,Riverton,1239,Empire District Electric Co,5860,Electric Utility,8,50.0,Natural Gas Steam Turbine,Natural gas,Steam turbine,Gas,37.072616,-94.698704,2015-06-15,EIA 860M,535
2018,10,KS,Gordon Evans Energy Center,1240,"Evergy Kansas South, Inc",10005,Electric Utility,1,136.0,Natural Gas Steam Turbine,Natural gas,Steam turbine,Gas,37.7903,-97.521667,2018-10-15,EIA 860M,536
2018,10,KS,Gordon Evans Energy Center,1240,"Evergy Kansas South, Inc",10005,Electric Utility,2,390.0,Natural Gas Steam Turbine,Natural gas,Steam turbine,Gas,37.7903,-97.521667,2018-10-15,EIA 860M,537
2014,12,KS,Murray Gill,1242,"Evergy Kansas South, Inc",10005,Electric Utility,2,75.0,Natural Gas Steam Turbine,Natural gas,Steam turbine,Gas,37.5967,-97.413611,2014-12-15,EIA 860M,538
2018,11,KS,Murray Gill,1242,"Evergy Kansas South, Inc",10005,Electric Utility,3,114.0,Natural Gas Steam Turbine,Natural gas,Steam turbine,Gas,37.5967,-97.413611,2018-11-15,EIA 860M,539
2014,12,KS,Murray Gill,1242,"Evergy Kansas South, Inc",10005,Electric Utility,1,46.0,Natural Gas Steam Turbine,Natural gas,Steam turbine,Gas,37.5967,-97.413611,2014-12-15,EIA 860M,540
2018,11,KS,Murray Gill,1242,"Evergy Kansas South, Inc",10005,Electric Utility,4,114.0,Natural Gas Steam Turbine,Natural gas,Steam turbine,Gas,37.5967,-97.413611,2018-11-15,EIA 860M,541
2012,6,KS,Neosho,1243,"Evergy Kansas South, Inc",10005,Electric Utility,3,69.0,Natural Gas Steam Turbine,Natural gas,Steam turbine,Gas,37.305556,-95.110278,2012-06-15,EIA 860M,542
2015,11,KS,Hutchinson Energy Center,1248,"Evergy Kansas Central, Inc",22500,Electric Utility,ST4,172.0,Natural Gas Steam Turbine,Natural gas,Steam turbine,Gas,38.0906,-97.874722,2015-11-15,EIA 860M,543
2007,3,KS,Hutchinson Energy Center,1248,"Evergy Kansas Central, Inc",22500,Electric Utility,ST1,23.0,Natural Gas Steam Turbine,Natural gas,Steam turbine,Gas,38.0906,-97.874722,2007-03-15,EIA 860M,544
2007,3,KS,Hutchinson Energy Center,1248,"Evergy Kansas Central, Inc",22500,Electric Utility,ST2,23.0,Natural Gas Steam Turbine,Natural gas,Steam turbine,Gas,38.0906,-97.874722,2007-03-15,EIA 860M,545
2007,3,KS,Hutchinson Energy Center,1248,"Evergy Kansas Central, Inc",22500,Electric Utility,ST3,35.0,Natural Gas Steam Turbine,Natural gas,Steam turbine,Gas,38.0906,-97.874722,2007-03-15,EIA 860M,546
2015,11,KS,Lawrence Energy Center,1250,"Evergy Kansas Central, Inc",22500,Electric Utility,3,49.0,Conventional Steam Coal,Subbituminous coal,Steam turbine,Coal,39.0072,-95.269167,2015-11-15,EIA 860M,547
2012,12,KS,Abilene Energy Center Combustion Turbine,1251,"Evergy Kansas Central, Inc",22500,Electric Utility,GT1,77.0,Natural Gas Fired Combustion Turbine,Natural gas,Combustion turbine,Gas,38.8831,-97.201389,2012-12-15,EIA 860M,548
2014,1,KS,Ashland,1259,City of Ashland - (KS),911,Electric Utility,4,1.2,Petroleum Liquids,"Distillate fuel oil, light fuel oil, FO2, diesel oil",Internal combustion engine,Oil,37.193787,-99.763073,2014-01-15,EIA 860M,549
2019,11,AZ,H Wilson Sundt Generating Station,126,Tucson Electric Power Co,24211,Electric Utility,ST2,108.8,Natural Gas Steam Turbine,Natural gas,Steam turbine,Gas,32.16,-110.9047,2019-11-15,EIA 860M,550
2019,11,AZ,H Wilson Sundt Generating Station,126,Tucson Electric Power Co,24211,Electric Utility,ST1,108.8,Natural Gas Steam Turbine,Natural gas,Steam turbine,Gas,32.16,-110.9047,2019-11-15,EIA 860M,551
2017,12,KS,Baldwin City Plant No 1,1262,City of Baldwin City- (KS),1148,Electric Utility,3,1.1,Petroleum Liquids,"Distillate fuel oil, light fuel oil, FO2, diesel oil",Internal combustion engine,Oil,38.7745,-95.1867,2017-12-15,EIA 860M,552
2002,3,KS,Burlingame,1265,City of Burlingame - (KS),2547,Electric Utility,2,0.5,Petroleum Liquids,"Distillate fuel oil, light fuel oil, FO2, diesel oil",Internal combustion engine,Oil,38.7551,-95.8368,2002-03-15,EIA 860M,553
2002,11,KS,Burlington (KS),1266,City of Burlington - (KS),2551,Electric Utility,1,0.3,Petroleum Liquids,"Distillate fuel oil, light fuel oil, FO2, diesel oil",Internal combustion engine,Oil,38.193441,-95.749953,2002-11-15,EIA 860M,554
2003,3,KS,Burlington (KS),1266,City of Burlington - (KS),2551,Electric Utility,4,0.3,Petroleum Liquids,"Distillate fuel oil, light fuel oil, FO2, diesel oil",Internal combustion engine,Oil,38.193441,-95.749953,2003-03-15,EIA 860M,555
2004,12,KS,Chanute 1,1267,City of Chanute,3355,Electric Utility,4,4.0,Natural Gas Steam Turbine,Natural gas,Steam turbine,Gas,37.683333,-95.454722,2004-12-15,EIA 860M,556
2004,12,KS,Chanute 1,1267,City of Chanute,3355,Electric Utility,6,10.0,Natural Gas Steam Turbine,Natural gas,Steam turbine,Gas,37.683333,-95.454722,2004-12-15,EIA 860M,557
2020,9,TX,Oklaunion,127,Oklaunion Power Station,63884,Electric Utility,1,720.0,Conventional Steam Coal,Subbituminous coal,Steam turbine,Coal,34.0825,-99.1753,2020-09-15,EIA 860M,558
2005,1,KS,Clay Center,1270,City of Clay Center - (KS),3710,Electric Utility,4,1.5,Natural Gas Steam Turbine,Natural gas,Steam turbine,Gas,39.373966,-97.127211,2005-01-15,EIA 860M,559
2019,7,KS,Coffeyville,1271,City of Coffeyville - (KS),3892,Electric Utility,6,18.7,Natural Gas Steam Turbine,Natural gas,Steam turbine,Gas,37.037344,-95.612689,2019-07-15,EIA 860M,560
2018,4,KS,Colby City of,1272,City of Colby - (KS),3913,Electric Utility,3,2.5,Petroleum Liquids,"Distillate fuel oil, light fuel oil, FO2, diesel oil",Internal combustion engine,Oil,39.394414,-101.058372,2018-04-15,EIA 860M,561
2006,4,KS,Erie,1276,City of Erie - (KS),5957,Electric Utility,5,1.5,Petroleum Liquids,"Distillate fuel oil, light fuel oil, FO2, diesel oil",Internal combustion engine,Oil,37.56681,-95.237499,2006-04-15,EIA 860M,562
2004,10,KS,Erie,1276,City of Erie - (KS),5957,Electric Utility,4,1.0,Petroleum Liquids,"Distillate fuel oil, light fuel oil, FO2, diesel oil",Internal combustion engine,Oil,37.56681,-95.237499,2004-10-15,EIA 860M,563
2013,12,KS,Herington,1283,City of Herington - (KS),8490,Electric Utility,1,2.1,Petroleum Liquids,"Distillate fuel oil, light fuel oil, FO2, diesel oil",Internal combustion engine,Oil,38.6658,-96.9492,2013-12-15,EIA 860M,564
2013,12,KS,Herington,1283,City of Herington - (KS),8490,Electric Utility,2,1.4,Petroleum Liquids,"Distillate fuel oil, light fuel oil, FO2, diesel oil",Internal combustion engine,Oil,38.6658,-96.9492,2013-12-15,EIA 860M,565
2013,12,KS,Herington,1283,City of Herington - (KS),8490,Electric Utility,3,4.3,Petroleum Liquids,"Distillate fuel oil, light fuel oil, FO2, diesel oil",Internal combustion engine,Oil,38.6658,-96.9492,2013-12-15,EIA 860M,566
2013,12,KS,Herington,1283,City of Herington - (KS),8490,Electric Utility,5,1.1,Petroleum Liquids,"Distillate fuel oil, light fuel oil, FO2, diesel oil",Internal combustion engine,Oil,38.6658,-96.9492,2013-12-15,EIA 860M,567
2004,2,KS,Hoisington,1286,City of Hoisington - (KS),8703,Electric Utility,1,0.2,Petroleum Liquids,"Distillate fuel oil, light fuel oil, FO2, diesel oil",Internal combustion engine,Oil,38.513,-98.7747,2004-02-15,EIA 860M,568
2004,9,KS,Hugoton 1,1289,City of Hugoton - (KS),9011,Electric Utility,1,0.8,Petroleum Liquids,"Distillate fuel oil, light fuel oil, FO2, diesel oil",Internal combustion engine,Oil,37.175,-101.3458,2004-09-15,EIA 860M,569
2011,1,KS,Hugoton 1,1289,City of Hugoton - (KS),9011,Electric Utility,6,1.4,Petroleum Liquids,"Distillate fuel oil, light fuel oil, FO2, diesel oil",Internal combustion engine,Oil,37.175,-101.3458,2011-01-15,EIA 860M,570
2013,3,KS,Iola,1291,City of Iola - (KS),9418,Electric Utility,11,2.1,Petroleum Liquids,"Distillate fuel oil, light fuel oil, FO2, diesel oil",Internal combustion engine,Oil,37.923076,-95.425572,2013-03-15,EIA 860M,571
2013,3,KS,Iola,1291,City of Iola - (KS),9418,Electric Utility,12,2.1,Petroleum Liquids,"Distillate fuel oil, light fuel oil, FO2, diesel oil",Internal combustion engine,Oil,37.923076,-95.425572,2013-03-15,EIA 860M,572
2013,3,KS,Iola,1291,City of Iola - (KS),9418,Electric Utility,13,2.1,Petroleum Liquids,"Distillate fuel oil, light fuel oil, FO2, diesel oil",Internal combustion engine,Oil,37.923076,-95.425572,2013-03-15,EIA 860M,573
2010,10,KS,Iola,1291,City of Iola - (KS),9418,Electric Utility,4,3.5,Natural Gas Steam Turbine,Natural gas,Steam turbine,Gas,37.923076,-95.425572,2010-10-15,EIA 860M,574
2010,10,KS,Iola,1291,City of Iola - (KS),9418,Electric Utility,5,5.0,Natural Gas Steam Turbine,Natural gas,Steam turbine,Gas,37.923076,-95.425572,2010-10-15,EIA 860M,575
2010,1,KS,Jetmore,1292,City of Jetmore,9732,Electric Utility,4,0.8,Petroleum Liquids,"Distillate fuel oil, light fuel oil, FO2, diesel oil",Internal combustion engine,Oil,38.080332,-99.893587,2010-01-15,EIA 860M,576
2014,12,KS,Jetmore,1292,City of Jetmore,9732,Electric Utility,7,0.9,Petroleum Liquids,"Distillate fuel oil, light fuel oil, FO2, diesel oil",Internal combustion engine,Oil,38.080332,-99.893587,2014-12-15,EIA 860M,577
2014,12,KS,Jetmore,1292,City of Jetmore,9732,Electric Utility,6,1.2,Petroleum Liquids,"Distillate fuel oil, light fuel oil, FO2, diesel oil",Internal combustion engine,Oil,38.080332,-99.893587,2014-12-15,EIA 860M,578
2010,1,KS,Jetmore,1292,City of Jetmore,9732,Electric Utility,3,0.2,Petroleum Liquids,"Distillate fuel oil, light fuel oil, FO2, diesel oil",Internal combustion engine,Oil,38.080332,-99.893587,2010-01-15,EIA 860M,579
2014,12,KS,Jetmore,1292,City of Jetmore,9732,Electric Utility,2,0.4,Petroleum Liquids,"Distillate fuel oil, light fuel oil, FO2, diesel oil",Internal combustion engine,Oil,38.080332,-99.893587,2014-12-15,EIA 860M,580
2014,12,KS,Jetmore,1292,City of Jetmore,9732,Electric Utility,1,1.0,Petroleum Liquids,"Distillate fuel oil, light fuel oil, FO2, diesel oil",Internal combustion engine,Oil,38.080332,-99.893587,2014-12-15,EIA 860M,581
2014,12,KS,Jetmore,1292,City of Jetmore,9732,Electric Utility,5,1.5,Petroleum Liquids,"Distillate fuel oil, light fuel oil, FO2, diesel oil",Internal combustion engine,Oil,38.080332,-99.893587,2014-12-15,EIA 860M,582
2016,2,KS,Quindaro,1295,City of Kansas City - (KS),9996,Electric Utility,GT1,17.9,Natural Gas Fired Combustion Turbine,Natural gas,Combustion turbine,Gas,39.1492,-94.6381,2016-02-15,EIA 860M,583
2010,12,KS,Gas Turbine (KS),1298,City of Larned - (KS),10713,Electric Utility,GT1,1.3,Natural Gas Fired Combustion Turbine,Natural gas,Combustion turbine,Gas,38.1797,-99.1125,2010-12-15,EIA 860M,584
2010,12,KS,Larned,1299,City of Larned - (KS),10713,Electric Utility,3,8.3,Natural Gas Steam Turbine,Natural gas,Steam turbine,Gas,38.176167,-99.099984,2010-12-15,EIA 860M,585
2010,12,KS,Larned,1299,City of Larned - (KS),10713,Electric Utility,2,3.0,Natural Gas Steam Turbine,Natural gas,Steam turbine,Gas,38.176167,-99.099984,2010-12-15,EIA 860M,586
2010,12,KS,Larned,1299,City of Larned - (KS),10713,Electric Utility,1,1.5,Natural Gas Steam Turbine,Natural gas,Steam turbine,Gas,38.176167,-99.099984,2010-12-15,EIA 860M,587
2021,7,KS,Lincoln,1300,City of Lincoln Center - (KS),11017,Electric Utility,5,1.3,Petroleum Liquids,"Distillate fuel oil, light fuel oil, FO2, diesel oil",Internal combustion engine,Oil,39.03719,-98.152993,2021-07-15,EIA 860M,588
2006,12,KS,McPherson 2,1305,City of McPherson - (KS),12208,Electric Utility,1,32.0,Natural Gas Steam Turbine,Natural gas,Steam turbine,Gas,38.363411,-97.68335,2006-12-15,EIA 860M,589
2009,1,KS,Minneapolis City of,1307,City of Minneapolis - (KS),21533,Electric Utility,1,0.4,Petroleum Liquids,"Distillate fuel oil, light fuel oil, FO2, diesel oil",Internal combustion engine,Oil,39.1194,-97.7086,2009-01-15,EIA 860M,590
2024,5,KS,Oberlin (KS),1312,City of Oberlin - (KS),13948,Electric Utility,4,1.5,Petroleum Liquids,"Distillate fuel oil, light fuel oil, FO2, diesel oil",Internal combustion engine,Oil,39.8217,-100.5289,2024-05-15,EIA 860M,591
2024,5,KS,Oberlin (KS),1312,City of Oberlin - (KS),13948,Electric Utility,2,0.8,Petroleum Liquids,"Distillate fuel oil, light fuel oil, FO2, diesel oil",Internal combustion engine,Oil,39.8217,-100.5289,2024-05-15,EIA 860M,592
2024,5,KS,Oberlin (KS),1312,City of Oberlin - (KS),13948,Electric Utility,6,1.5,Petroleum Liquids,"Distillate fuel oil, light fuel oil, FO2, diesel oil",Internal combustion engine,Oil,39.8217,-100.5289,2024-05-15,EIA 860M,593
2024,5,KS,Oberlin (KS),1312,City of Oberlin - (KS),13948,Electric Utility,1,1.1,Petroleum Liquids,"Distillate fuel oil, light fuel oil, FO2, diesel oil",Internal combustion engine,Oil,39.8217,-100.5289,2024-05-15,EIA 860M,594
2024,5,KS,Oberlin (KS),1312,City of Oberlin - (KS),13948,Electric Utility,5,2.0,Petroleum Liquids,"Distillate fuel oil, light fuel oil, FO2, diesel oil",Internal combustion engine,Oil,39.8217,-100.5289,2024-05-15,EIA 860M,595
2021,5,KS,Osage City,1313,City of Osage City - (KS),14199,Electric Utility,10,0.8,Petroleum Liquids,"Distillate fuel oil, light fuel oil, FO2, diesel oil",Internal combustion engine,Oil,38.633183,-95.827658,2021-05-15,EIA 860M,596
2021,5,KS,Osage City,1313,City of Osage City - (KS),14199,Electric Utility,8,0.8,Petroleum Liquids,"Distillate fuel oil, light fuel oil, FO2, diesel oil",Internal combustion engine,Oil,38.633183,-95.827658,2021-05-15,EIA 860M,597
2009,1,KS,Osage City,1313,City of Osage City - (KS),14199,Electric Utility,9,0.8,Petroleum Liquids,"Distillate fuel oil, light fuel oil, FO2, diesel oil",Internal combustion engine,Oil,38.633183,-95.827658,2009-01-15,EIA 860M,598
2024,8,KS,Osawatomie City of,1314,City of Osawatomie - (KS),14203,Electric Utility,4,1.2,Petroleum Liquids,"Distillate fuel oil, light fuel oil, FO2, diesel oil",Internal combustion engine,Oil,38.501719,-94.960069,2024-08-15,EIA 860M,599
2024,8,KS,Osawatomie City of,1314,City of Osawatomie - (KS),14203,Electric Utility,2,2.3,Petroleum Liquids,"Distillate fuel oil, light fuel oil, FO2, diesel oil",Internal combustion engine,Oil,38.501719,-94.960069,2024-08-15,EIA 860M,600
2005,10,MI,George Johnson,1877,Wolverine Power Supply Coop,20910,Electric Utility,7,11.0,Natural Gas Fired Combustion Turbine,Natural gas,Combustion turbine,Gas,43.8393,-85.426,2005-10-15,EIA 860M,601
2005,10,MI,George Johnson,1877,Wolverine Power Supply Coop,20910,Electric Utility,8,11.0,Natural Gas Fired Combustion Turbine,Natural gas,Combustion turbine,Gas,43.8393,-85.426,2005-10-15,EIA 860M,602
2002,1,MI,Scottville,1879,Wolverine Power Supply Coop,20910,Electric Utility,6,1.9,Petroleum Liquids,"Distillate fuel oil, light fuel oil, FO2, diesel oil",Internal combustion engine,Oil,43.955,-86.293611,2002-01-15,EIA 860M,603
2002,1,MI,Scottville,1879,Wolverine Power Supply Coop,20910,Electric Utility,5,1.1,Petroleum Liquids,"Distillate fuel oil, light fuel oil, FO2, diesel oil",Internal combustion engine,Oil,43.955,-86.293611,2002-01-15,EIA 860M,604
2002,1,MI,Scottville,1879,Wolverine Power Supply Coop,20910,Electric Utility,4,1.1,Petroleum Liquids,"Distillate fuel oil, light fuel oil, FO2, diesel oil",Internal combustion engine,Oil,43.955,-86.293611,2002-01-15,EIA 860M,605
2019,6,MI,Claude Vandyke,1880,Wolverine Power Supply Coop,20910,Electric Utility,6,23.0,Natural Gas Fired Combined Cycle,Natural gas,Combined cycle,Gas,42.731,-85.8551,2019-06-15,EIA 860M,606
2007,2,MI,Vestaburg,1881,Wolverine Power Supply Coop,20910,Electric Utility,5,0.7,Petroleum Liquids,"Distillate fuel oil, light fuel oil, FO2, diesel oil",Internal combustion engine,Oil,43.4016,-84.9141,2007-02-15,EIA 860M,607
2007,2,MI,Vestaburg,1881,Wolverine Power Supply Coop,20910,Electric Utility,4,0.7,Petroleum Liquids,"Distillate fuel oil, light fuel oil, FO2, diesel oil",Internal combustion engine,Oil,43.4016,-84.9141,2007-02-15,EIA 860M,608
2007,2,MI,Vestaburg,1881,Wolverine Power Supply Coop,20910,Electric Utility,2,0.3,Petroleum Liquids,"Distillate fuel oil, light fuel oil, FO2, diesel oil",Internal combustion engine,Oil,43.4016,-84.9141,2007-02-15,EIA 860M,609
2017,6,MI,Vestaburg,1881,Wolverine Power Supply Coop,20910,Electric Utility,7,3.0,Petroleum Liquids,"Distillate fuel oil, light fuel oil, FO2, diesel oil",Internal combustion engine,Oil,43.4016,-84.9141,2017-06-15,EIA 860M,610
2017,6,MI,Vestaburg,1881,Wolverine Power Supply Coop,20910,Electric Utility,6,3.0,Petroleum Liquids,"Distillate fuel oil, light fuel oil, FO2, diesel oil",Internal combustion engine,Oil,43.4016,-84.9141,2017-06-15,EIA 860M,611
2015,7,MN,Hills,1889,Interstate Power and Light Co,9417,Electric Utility,1,2.0,Petroleum Liquids,"Distillate fuel oil, light fuel oil, FO2, diesel oil",Internal combustion engine,Oil,43.528874,-96.364722,2015-07-15,EIA 860M,612
2015,7,MN,Hills,1889,Interstate Power and Light Co,9417,Electric Utility,2,2.0,Petroleum Liquids,"Distillate fuel oil, light fuel oil, FO2, diesel oil",Internal combustion engine,Oil,43.528874,-96.364722,2015-07-15,EIA 860M,613
2018,12,MN,Clay Boswell,1893,"ALLETE, Inc.",12647,Electric Utility,1,75.0,Conventional Steam Coal,Subbituminous coal,Steam turbine,Coal,47.2611,-93.6528,2018-12-15,EIA 860M,614
2018,12,MN,Clay Boswell,1893,"ALLETE, Inc.",12647,Electric Utility,2,75.0,Conventional Steam Coal,Subbituminous coal,Steam turbine,Coal,47.2611,-93.6528,2018-12-15,EIA 860M,615
2003,12,MN,M L Hibbard,1897,"ALLETE, Inc.",12647,Commercial CHP,1,25.0,Petroleum Liquids,"Residual fuel oil, heavy fuel oil, Petroleum",Steam turbine,Oil,46.735331,-92.151711,2003-12-15,EIA 860M,616
2003,12,MN,M L Hibbard,1897,"ALLETE, Inc.",12647,Commercial CHP,2,25.0,Petroleum Liquids,"Residual fuel oil, heavy fuel oil, Petroleum",Steam turbine,Oil,46.735331,-92.151711,2003-12-15,EIA 860M,617
2015,4,MN,Black Dog,1904,Northern States Power Co - Minnesota,13781,Electric Utility,3,113.6,Conventional Steam Coal,Subbituminous coal,Steam turbine,Coal,44.8108,-93.2501,2015-04-15,EIA 860M,618
2058,12,MN,Black Dog,1904,Northern States Power Co - Minnesota,13781,Electric Utility,6-1,209.0,Natural Gas Fired Combustion Turbine,Natural gas,Combustion turbine,Gas,44.8108,-93.2501,2058-12-15,Electric Power Monthly Table 6.6,619
2031,12,MN,Black Dog,1904,Northern States Power Co - Minnesota,13781,Electric Utility,5,165.0,Natural Gas Fired Combined Cycle,Natural gas,Combined cycle,Gas,44.8108,-93.2501,2031-12-15,Electric Power Monthly Table 6.6,620
2031,12,MN,Black Dog,1904,Northern States Power Co - Minnesota,13781,Electric Utility,2,117.0,Natural Gas Fired Combined Cycle,Natural gas,Combined cycle,Gas,44.8108,-93.2501,2031-12-15,Electric Power Monthly Table 6.6,621
2002,6,MN,Black Dog,1904,Northern States Power Co - Minnesota,13781,Electric Utility,1,81.0,Conventional Steam Coal,Subbituminous coal,Steam turbine,Coal,44.8108,-93.2501,2002-06-15,EIA 860M,622
2015,4,MN,Black Dog,1904,Northern States Power Co - Minnesota,13781,Electric Utility,4,163.2,Conventional Steam Coal,Subbituminous coal,Steam turbine,Coal,44.8108,-93.2501,2015-04-15,EIA 860M,623
2019,6,MN,Granite City,1910,Northern States Power Co - Minnesota,13781,Electric Utility,1,18.0,Natural Gas Fired Combustion Turbine,Natural gas,Combustion turbine,Gas,45.5756,-94.1408,2019-06-15,EIA 860M,624
2019,6,MN,Granite City,1910,Northern States Power Co - Minnesota,13781,Electric Utility,2,18.0,Natural Gas Fired Combustion Turbine,Natural gas,Combustion turbine,Gas,45.5756,-94.1408,2019-06-15,EIA 860M,625
2019,6,MN,Granite City,1910,Northern States Power Co - Minnesota,13781,Electric Utility,3,18.0,Natural Gas Fired Combustion Turbine,Natural gas,Combustion turbine,Gas,45.5756,-94.1408,2019-06-15,EIA 860M,626
2019,6,MN,Granite City,1910,Northern States Power Co - Minnesota,13781,Electric Utility,4,18.0,Natural Gas Fired Combustion Turbine,Natural gas,Combustion turbine,Gas,45.5756,-94.1408,2019-06-15,EIA 860M,627
2007,12,MN,High Bridge,1912,Northern States Power Co - Minnesota,13781,Electric Utility,6,163.2,Conventional Steam Coal,Subbituminous coal,Steam turbine,Coal,44.9314,-93.1117,2007-12-15,EIA 860M,628
2007,12,MN,High Bridge,1912,Northern States Power Co - Minnesota,13781,Electric Utility,5,113.6,Conventional Steam Coal,Subbituminous coal,Steam turbine,Coal,44.9314,-93.1117,2007-12-15,EIA 860M,629
2026,12,MN,Inver Hills,1913,Northern States Power Co - Minnesota,13781,Electric Utility,3,46.0,Natural Gas Fired Combustion Turbine,Natural gas,Combustion turbine,Gas,44.781,-93.042,2026-12-15,Electric Power Monthly Table 6.6,630
2026,12,MN,Inver Hills,1913,Northern States Power Co - Minnesota,13781,Electric Utility,7,1.8,Petroleum Liquids,"Distillate fuel oil, light fuel oil, FO2, diesel oil",Combustion turbine,Oil,44.781,-93.042,2026-12-15,Electric Power Monthly Table 6.6,631
2026,12,MN,Inver Hills,1913,Northern States Power Co - Minnesota,13781,Electric Utility,2,45.0,Natural Gas Fired Combustion Turbine,Natural gas,Combustion turbine,Gas,44.781,-93.042,2026-12-15,Electric Power Monthly Table 6.6,632
2026,12,MN,Inver Hills,1913,Northern States Power Co - Minnesota,13781,Electric Utility,1,43.0,Natural Gas Fired Combustion Turbine,Natural gas,Combustion turbine,Gas,44.781,-93.042,2026-12-15,Electric Power Monthly Table 6.6,633
2026,12,MN,Inver Hills,1913,Northern States Power Co - Minnesota,13781,Electric Utility,8,1.8,Petroleum Liquids,"Distillate fuel oil, light fuel oil, FO2, diesel oil",Combustion turbine,Oil,44.781,-93.042,2026-12-15,Electric Power Monthly Table 6.6,634
2026,12,MN,Inver Hills,1913,Northern States Power Co - Minnesota,13781,Electric Utility,5,45.0,Natural Gas Fired Combustion Turbine,Natural gas,Combustion turbine,Gas,44.781,-93.042,2026-12-15,Electric Power Monthly Table 6.6,635
2026,12,MN,Inver Hills,1913,Northern States Power Co - Minnesota,13781,Electric Utility,6,46.0,Natural Gas Fired Combustion Turbine,Natural gas,Combustion turbine,Gas,44.781,-93.042,2026-12-15,Electric Power Monthly Table 6.6,636
2026,12,MN,Inver Hills,1913,Northern States Power Co - Minnesota,13781,Electric Utility,4,47.0,Natural Gas Fired Combustion Turbine,Natural gas,Combustion turbine,Gas,44.781,-93.042,2026-12-15,Electric Power Monthly Table 6.6,637
2015,4,MN,Key City,1914,Northern States Power Co - Minnesota,13781,Electric Utility,1,18.0,Natural Gas Fired Combustion Turbine,Natural gas,Combustion turbine,Gas,44.1974,-94.0078,2015-04-15,EIA 860M,638
2015,4,MN,Key City,1914,Northern States Power Co - Minnesota,13781,Electric Utility,2,18.0,Natural Gas Fired Combustion Turbine,Natural gas,Combustion turbine,Gas,44.1974,-94.0078,2015-04-15,EIA 860M,639
2015,4,MN,Key City,1914,Northern States Power Co - Minnesota,13781,Electric Utility,4,18.0,Natural Gas Fired Combustion Turbine,Natural gas,Combustion turbine,Gas,44.1974,-94.0078,2015-04-15,EIA 860M,640
2015,4,MN,Key City,1914,Northern States Power Co - Minnesota,13781,Electric Utility,3,18.0,Natural Gas Fired Combustion Turbine,Natural gas,Combustion turbine,Gas,44.1974,-94.0078,2015-04-15,EIA 860M,641
2028,1,MN,Allen S King,1915,Northern States Power Co - Minnesota,13781,Electric Utility,1,511.0,Conventional Steam Coal,Subbituminous coal,Steam turbine,Coal,45.03,-92.7786,2028-01-15,Electric Power Monthly Table 6.6,642
2006,12,MN,Minnesota Valley,1918,Northern States Power Co - Minnesota,13781,Electric Utility,3,46.0,Natural Gas Steam Turbine,Natural gas,Steam turbine,Gas,44.802778,-95.526944,2006-12-15,EIA 860M,643
2002,1,AR,Paragould,192,Paragould Municipal Utilities,14446,Electric Utility,1,0.4,Petroleum Liquids,"Distillate fuel oil, light fuel oil, FO2, diesel oil",Internal combustion engine,Oil,36.060556,-90.521389,2002-01-15,EIA 860M,644
2002,1,AR,Paragould,192,Paragould Municipal Utilities,14446,Electric Utility,4,0.8,Petroleum Liquids,"Distillate fuel oil, light fuel oil, FO2, diesel oil",Internal combustion engine,Oil,36.060556,-90.521389,2002-01-15,EIA 860M,645
2002,1,AR,Paragould,192,Paragould Municipal Utilities,14446,Electric Utility,6,1.0,Petroleum Liquids,"Distillate fuel oil, light fuel oil, FO2, diesel oil",Internal combustion engine,Oil,36.060556,-90.521389,2002-01-15,EIA 860M,646
2002,9,AR,Paragould,192,Paragould Municipal Utilities,14446,Electric Utility,5,0.8,Petroleum Liquids,"Distillate fuel oil, light fuel oil, FO2, diesel oil",Internal combustion engine,Oil,36.060556,-90.521389,2002-09-15,EIA 860M,647
2002,1,AR,Paragould,192,Paragould Municipal Utilities,14446,Electric Utility,2,1.1,Petroleum Liquids,"Distillate fuel oil, light fuel oil, FO2, diesel oil",Internal combustion engine,Oil,36.060556,-90.521389,2002-01-15,EIA 860M,648
2027,12,MN,Red Wing,1926,Northern States Power Co - Minnesota,13781,Electric Utility,1,9.0,Municipal Solid Waste,Municipal solid waste,Steam turbine,Other,44.5692,-92.516912,2027-12-15,Electric Power Monthly Table 6.6,649
2027,12,MN,Red Wing,1926,Northern States Power Co - Minnesota,13781,Electric Utility,2,9.0,Municipal Solid Waste,Municipal solid waste,Steam turbine,Other,44.5692,-92.516912,2027-12-15,Electric Power Monthly Table 6.6,650
2009,4,MN,Riverside (MN),1927,Northern States Power Co - Minnesota,13781,Electric Utility,8,238.8,Conventional Steam Coal,Subbituminous coal,Steam turbine,Coal,45.0203,-93.2753,2009-04-15,EIA 860M,651
2006,12,MN,West Fairbault,1932,Northern States Power Co - Minnesota,13781,Electric Utility,3,16.2,Natural Gas Fired Combustion Turbine,Natural gas,Combustion turbine,Gas,44.269722,-93.290556,2006-12-15,EIA 860M,652
2006,12,MN,West Fairbault,1932,Northern States Power Co - Minnesota,13781,Electric Utility,2,16.2,Natural Gas Fired Combustion Turbine,Natural gas,Combustion turbine,Gas,44.269722,-93.290556,2006-12-15,EIA 860M,653
2027,12,MN,Wilmarth,1934,Northern States Power Co - Minnesota,13781,Electric Utility,1,9.0,Municipal Solid Waste,Municipal solid waste,Steam turbine,Other,44.1967,-94.0009,2027-12-15,Electric Power Monthly Table 6.6,654
2027,12,MN,Wilmarth,1934,Northern States Power Co - Minnesota,13781,Electric Utility,2,9.0,Municipal Solid Waste,Municipal solid waste,Steam turbine,Other,44.1967,-94.0009,2027-12-15,Electric Power Monthly Table 6.6,655
2005,12,MN,Hoot Lake,1943,Otter Tail Power Co,14232,Electric Utility,1,7.5,Conventional Steam Coal,Subbituminous coal,Steam turbine,Coal,46.290641,-96.043252,2005-12-15,EIA 860M,656
2021,6,MN,Hoot Lake,1943,Otter Tail Power Co,14232,Electric Utility,D2,0.1,Petroleum Liquids,"Distillate fuel oil, light fuel oil, FO2, diesel oil",Internal combustion engine,Oil,46.290641,-96.043252,2021-06-15,EIA 860M,657
2021,6,MN,Hoot Lake,1943,Otter Tail Power Co,14232,Electric Utility,D1,0.2,Petroleum Liquids,"Distillate fuel oil, light fuel oil, FO2, diesel oil",Internal combustion engine,Oil,46.290641,-96.043252,2021-06-15,EIA 860M,658
2021,6,MN,Hoot Lake,1943,Otter Tail Power Co,14232,Electric Utility,2,54.4,Conventional Steam Coal,Subbituminous coal,Steam turbine,Coal,46.290641,-96.043252,2021-06-15,EIA 860M,659
2021,6,MN,Hoot Lake,1943,Otter Tail Power Co,14232,Electric Utility,3,75.0,Conventional Steam Coal,Subbituminous coal,Steam turbine,Coal,46.290641,-96.043252,2021-06-15,EIA 860M,660
2013,5,MN,Benson City of,1964,City of Benson - (MN),1573,Electric Utility,5,0.9,Petroleum Liquids,"Distillate fuel oil, light fuel oil, FO2, diesel oil",Internal combustion engine,Oil,45.314444,-95.602777,2013-05-15,EIA 860M,661
2013,5,MN,Benson City of,1964,City of Benson - (MN),1573,Electric Utility,6,1.3,Petroleum Liquids,"Distillate fuel oil, light fuel oil, FO2, diesel oil",Internal combustion engine,Oil,45.314444,-95.602777,2013-05-15,EIA 860M,662
2017,5,MN,Blooming Prairie,1966,City of Blooming Prairie - (MN),1871,Electric Utility,1,0.3,Petroleum Liquids,"Distillate fuel oil, light fuel oil, FO2, diesel oil",Internal combustion engine,Oil,43.866,-93.0504,2017-05-15,EIA 860M,663
2017,5,MN,Blooming Prairie,1966,City of Blooming Prairie - (MN),1871,Electric Utility,2,0.7,Petroleum Liquids,"Distillate fuel oil, light fuel oil, FO2, diesel oil",Internal combustion engine,Oil,43.866,-93.0504,2017-05-15,EIA 860M,664
2005,7,MN,Blooming Prairie,1966,City of Blooming Prairie - (MN),1871,Electric Utility,3,1.4,Petroleum Liquids,"Distillate fuel oil, light fuel oil, FO2, diesel oil",Internal combustion engine,Oil,43.866,-93.0504,2005-07-15,EIA 860M,665
2024,9,MN,Elk River City of,1971,City of Elk River,5773,Electric Utility,4,5.0,Petroleum Liquids,"Distillate fuel oil, light fuel oil, FO2, diesel oil",Internal combustion engine,Oil,45.3158,-93.5781,2024-09-15,EIA 860M,666
2024,9,MN,Elk River City of,1971,City of Elk River,5773,Electric Utility,1,0.5,Petroleum Liquids,"Distillate fuel oil, light fuel oil, FO2, diesel oil",Internal combustion engine,Oil,45.3158,-93.5781,2024-09-15,EIA 860M,667
2024,9,MN,Elk River City of,1971,City of Elk River,5773,Electric Utility,3,3.0,Petroleum Liquids,"Distillate fuel oil, light fuel oil, FO2, diesel oil",Internal combustion engine,Oil,45.3158,-93.5781,2024-09-15,EIA 860M,668
2024,9,MN,Elk River City of,1971,City of Elk River,5773,Electric Utility,2,0.5,Petroleum Liquids,"Distillate fuel oil, light fuel oil, FO2, diesel oil",Internal combustion engine,Oil,45.3158,-93.5781,2024-09-15,EIA 860M,669
2004,1,MN,Fairfax,1972,City of Fairfax - (MN),6138,Electric Utility,4,0.6,Petroleum Liquids,"Distillate fuel oil, light fuel oil, FO2, diesel oil",Internal combustion engine,Oil,44.525887,-94.718812,2004-01-15,EIA 860M,670
2004,1,MN,Fairfax,1972,City of Fairfax - (MN),6138,Electric Utility,1,0.9,Petroleum Liquids,"Distillate fuel oil, light fuel oil, FO2, diesel oil",Internal combustion engine,Oil,44.525887,-94.718812,2004-01-15,EIA 860M,671
2009,12,MN,Fairmont (MN),1973,Southern Minnesota Mun P Agny,40580,Electric Utility,3,5.0,Natural Gas Steam Turbine,Natural gas,Steam turbine,Gas,43.6579,-94.4647,2009-12-15,EIA 860M,672
2013,12,AR,Mabelvale,171,Entergy Arkansas LLC,814,Electric Utility,4,19.5,Natural Gas Fired Combustion Turbine,Natural gas,Combustion turbine,Gas,34.635997,-92.409602,2013-12-15,EIA 860M,673
2009,12,MN,Fairmont (MN),1973,Southern Minnesota Mun P Agny,40580,Electric Utility,5,12.5,Natural Gas Steam Turbine,Natural gas,Steam turbine,Gas,43.6579,-94.4647,2009-12-15,EIA 860M,674
2009,12,MN,Fairmont (MN),1973,Southern Minnesota Mun P Agny,40580,Electric Utility,4,5.0,Natural Gas Steam Turbine,Natural gas,Steam turbine,Gas,43.6579,-94.4647,2009-12-15,EIA 860M,675
2013,5,MN,Glencoe,1975,Glencoe Light & Power Comm,7292,Electric Utility,6,1.3,Petroleum Liquids,"Distillate fuel oil, light fuel oil, FO2, diesel oil",Internal combustion engine,Oil,44.7709,-94.1582,2013-05-15,EIA 860M,676
2003,12,MN,Grand Marais,1976,City of Grand Marais - (MN),7487,Electric Utility,5,1.1,Petroleum Liquids,"Distillate fuel oil, light fuel oil, FO2, diesel oil",Internal combustion engine,Oil,47.750278,-90.357222,2003-12-15,EIA 860M,677
2003,12,MN,Grand Marais,1976,City of Grand Marais - (MN),7487,Electric Utility,2,0.6,Petroleum Liquids,"Distillate fuel oil, light fuel oil, FO2, diesel oil",Internal combustion engine,Oil,47.750278,-90.357222,2003-12-15,EIA 860M,678
2003,12,MN,Grand Marais,1976,City of Grand Marais - (MN),7487,Electric Utility,4,0.1,Petroleum Liquids,"Distillate fuel oil, light fuel oil, FO2, diesel oil",Internal combustion engine,Oil,47.750278,-90.357222,2003-12-15,EIA 860M,679
2003,12,MN,Grand Marais,1976,City of Grand Marais - (MN),7487,Electric Utility,6,1.2,Petroleum Liquids,"Distillate fuel oil, light fuel oil, FO2, diesel oil",Internal combustion engine,Oil,47.750278,-90.357222,2003-12-15,EIA 860M,680
2019,9,MN,Hutchinson Plant #1,1980,Hutchinson Utilities Comm,9130,Electric Utility,8,16.0,Natural Gas Fired Combined Cycle,Natural gas,Combined cycle,Gas,44.895741,-94.368433,2019-09-15,EIA 860M,681
2011,2,MN,Hutchinson Plant #1,1980,Hutchinson Utilities Comm,9130,Electric Utility,6,2.1,Petroleum Liquids,"Distillate fuel oil, light fuel oil, FO2, diesel oil",Internal combustion engine,Oil,44.895741,-94.368433,2011-02-15,EIA 860M,682
2011,2,MN,Hutchinson Plant #1,1980,Hutchinson Utilities Comm,9130,Electric Utility,5,2.1,Petroleum Liquids,"Distillate fuel oil, light fuel oil, FO2, diesel oil",Internal combustion engine,Oil,44.895741,-94.368433,2011-02-15,EIA 860M,683
2016,4,MN,Lanesboro,1987,Lanesboro Public Utility Comm,10685,Electric Utility,3,1.0,Petroleum Liquids,"Distillate fuel oil, light fuel oil, FO2, diesel oil",Internal combustion engine,Oil,43.720026,-91.977738,2016-04-15,EIA 860M,684
2002,1,MN,Luverne,1990,City of Luverne - (MN),11332,Electric Utility,4A,0.3,Petroleum Liquids,"Distillate fuel oil, light fuel oil, FO2, diesel oil",Internal combustion engine,Oil,43.654444,-96.201944,2002-01-15,EIA 860M,685
2002,1,MN,Luverne,1990,City of Luverne - (MN),11332,Electric Utility,3,3.0,Natural Gas Steam Turbine,Natural gas,Steam turbine,Gas,43.654444,-96.201944,2002-01-15,EIA 860M,686
2004,9,MN,Luverne,1990,City of Luverne - (MN),11332,Electric Utility,4B,0.6,Petroleum Liquids,"Distillate fuel oil, light fuel oil, FO2, diesel oil",Internal combustion engine,Oil,43.654444,-96.201944,2004-09-15,EIA 860M,687
2011,7,MN,Moorhead,1995,City of Moorhead - (MN),12894,Electric Utility,6,10.0,Petroleum Liquids,"Distillate fuel oil, light fuel oil, FO2, diesel oil",Combustion turbine,Oil,46.853611,-96.731111,2011-07-15,EIA 860M,688
2015,11,MN,Moose Lake,1996,Moose Lake Water & Light Comm,12897,Electric Utility,2,1.1,Petroleum Liquids,"Distillate fuel oil, light fuel oil, FO2, diesel oil",Internal combustion engine,Oil,46.454097,-92.760557,2015-11-15,EIA 860M,689
2023,1,MN,Mountain Lake,1998,City of Mountain Lake - (MN),13048,Electric Utility,4,2.0,Petroleum Liquids,"Distillate fuel oil, light fuel oil, FO2, diesel oil",Internal combustion engine,Oil,43.9405,-94.9434,2023-01-15,EIA 860M,690
2010,12,MN,North Branch (MN),2002,North Branch Water & Light Comm,13681,Electric Utility,2,1.4,Petroleum Liquids,"Distillate fuel oil, light fuel oil, FO2, diesel oil",Internal combustion engine,Oil,45.510601,-92.979042,2010-12-15,EIA 860M,691
2010,12,MN,North Branch (MN),2002,North Branch Water & Light Comm,13681,Electric Utility,1,0.9,Petroleum Liquids,"Distillate fuel oil, light fuel oil, FO2, diesel oil",Internal combustion engine,Oil,45.510601,-92.979042,2010-12-15,EIA 860M,692
2009,1,MN,Owatonna,2003,City of Owatonna - (MN),14246,Electric Utility,5,6.0,Natural Gas Steam Turbine,Natural gas,Steam turbine,Gas,44.0833,-93.23,2009-01-15,EIA 860M,693
2011,10,MN,Owatonna,2003,City of Owatonna - (MN),14246,Electric Utility,6,20.0,Natural Gas Steam Turbine,Natural gas,Steam turbine,Gas,44.0833,-93.23,2011-10-15,EIA 860M,694
2002,12,MN,Princeton (MN),2005,Princeton Public Utils Comm,15387,Electric Utility,2,0.1,Petroleum Liquids,"Distillate fuel oil, light fuel oil, FO2, diesel oil",Internal combustion engine,Oil,45.569468,-93.587244,2002-12-15,EIA 860M,695
2002,12,MN,Princeton (MN),2005,Princeton Public Utils Comm,15387,Electric Utility,1,0.1,Petroleum Liquids,"Distillate fuel oil, light fuel oil, FO2, diesel oil",Internal combustion engine,Oil,45.569468,-93.587244,2002-12-15,EIA 860M,696
2015,12,MN,Silver Lake,2008,Rochester Public Utilities,16181,Electric Utility,1,8.0,Conventional Steam Coal,Bituminous coal,Steam turbine,Coal,44.02818,-92.460377,2015-12-15,EIA 860M,697
2015,12,MN,Silver Lake,2008,Rochester Public Utilities,16181,Electric Utility,3,25.0,Conventional Steam Coal,Bituminous coal,Steam turbine,Coal,44.02818,-92.460377,2015-12-15,EIA 860M,698
2015,12,MN,Silver Lake,2008,Rochester Public Utilities,16181,Electric Utility,4,54.0,Conventional Steam Coal,Bituminous coal,Steam turbine,Coal,44.02818,-92.460377,2015-12-15,EIA 860M,699
2015,12,MN,Silver Lake,2008,Rochester Public Utilities,16181,Electric Utility,2,12.0,Conventional Steam Coal,Bituminous coal,Steam turbine,Coal,44.02818,-92.460377,2015-12-15,EIA 860M,700
2010,6,MN,Sleepy Eye,2011,Sleepy Eye Public Utility Comm,17320,Electric Utility,3,1.5,Petroleum Liquids,"Distillate fuel oil, light fuel oil, FO2, diesel oil",Internal combustion engine,Oil,44.298116,-94.725191,2010-06-15,EIA 860M,701
2026,2,MI,J H Campbell,1710,Consumers Energy Co - (MI),4254,Electric Utility,1,260.0,Conventional Steam Coal,Subbituminous coal,Steam turbine,Coal,42.910296,-86.20074,2026-02-15,Electric Power Monthly Table 6.6,702
2018,11,MI,J H Campbell,1710,Consumers Energy Co - (MI),4254,Electric Utility,A,18.6,Petroleum Liquids,"Distillate fuel oil, light fuel oil, FO2, diesel oil",Combustion turbine,Oil,42.910296,-86.20074,2018-11-15,EIA 860M,703
2026,2,MI,J H Campbell,1710,Consumers Energy Co - (MI),4254,Electric Utility,3,790.7,Conventional Steam Coal,Subbituminous coal,Steam turbine,Coal,42.910296,-86.20074,2026-02-15,Electric Power Monthly Table 6.6,704
2026,2,MI,J H Campbell,1710,Consumers Energy Co - (MI),4254,Electric Utility,2,279.8,Conventional Steam Coal,Subbituminous coal,Steam turbine,Coal,42.910296,-86.20074,2026-02-15,Electric Power Monthly Table 6.6,705
2018,11,MI,Straits,1718,Consumers Energy Co - (MI),4254,Electric Utility,1,20.0,Natural Gas Fired Combustion Turbine,Natural gas,Combustion turbine,Gas,45.766859,-84.756601,2018-11-15,EIA 860M,706
2013,9,MI,Thetford,1719,Consumers Energy Co - (MI),4254,Electric Utility,6,17.6,Natural Gas Fired Combustion Turbine,Natural gas,Combustion turbine,Gas,43.156746,-83.628589,2013-09-15,EIA 860M,707
2018,11,MI,Thetford,1719,Consumers Energy Co - (MI),4254,Electric Utility,3,33.6,Natural Gas Fired Combustion Turbine,Natural gas,Combustion turbine,Gas,43.156746,-83.628589,2018-11-15,EIA 860M,708
2018,11,MI,Thetford,1719,Consumers Energy Co - (MI),4254,Electric Utility,4,33.6,Natural Gas Fired Combustion Turbine,Natural gas,Combustion turbine,Gas,43.156746,-83.628589,2018-11-15,EIA 860M,709
2015,5,MI,Thetford,1719,Consumers Energy Co - (MI),4254,Electric Utility,1,33.6,Natural Gas Fired Combustion Turbine,Natural gas,Combustion turbine,Gas,43.156746,-83.628589,2015-05-15,EIA 860M,710
2013,9,MI,Thetford,1719,Consumers Energy Co - (MI),4254,Electric Utility,5,17.6,Natural Gas Fired Combustion Turbine,Natural gas,Combustion turbine,Gas,43.156746,-83.628589,2013-09-15,EIA 860M,711
2013,9,MI,Thetford,1719,Consumers Energy Co - (MI),4254,Electric Utility,7,17.6,Natural Gas Fired Combustion Turbine,Natural gas,Combustion turbine,Gas,43.156746,-83.628589,2013-09-15,EIA 860M,712
2013,9,MI,Thetford,1719,Consumers Energy Co - (MI),4254,Electric Utility,8,17.6,Natural Gas Fired Combustion Turbine,Natural gas,Combustion turbine,Gas,43.156746,-83.628589,2013-09-15,EIA 860M,713
2013,9,MI,Thetford,1719,Consumers Energy Co - (MI),4254,Electric Utility,9,17.6,Natural Gas Fired Combustion Turbine,Natural gas,Combustion turbine,Gas,43.156746,-83.628589,2013-09-15,EIA 860M,714
2018,11,MI,Thetford,1719,Consumers Energy Co - (MI),4254,Electric Utility,2,33.6,Natural Gas Fired Combustion Turbine,Natural gas,Combustion turbine,Gas,43.156746,-83.628589,2018-11-15,EIA 860M,715
2015,3,AR,Osceola (AR),172,City of Osceola - (AR),14216,Electric Utility,13,1.6,Petroleum Liquids,"Distillate fuel oil, light fuel oil, FO2, diesel oil",Internal combustion engine,Oil,35.705381,-89.9689,2015-03-15,EIA 860M,716
2015,3,AR,Osceola (AR),172,City of Osceola - (AR),14216,Electric Utility,14,1.6,Petroleum Liquids,"Distillate fuel oil, light fuel oil, FO2, diesel oil",Internal combustion engine,Oil,35.705381,-89.9689,2015-03-15,EIA 860M,717
2012,7,AR,Osceola (AR),172,City of Osceola - (AR),14216,Electric Utility,10,1.6,Petroleum Liquids,"Distillate fuel oil, light fuel oil, FO2, diesel oil",Internal combustion engine,Oil,35.705381,-89.9689,2012-07-15,EIA 860M,718
2012,7,AR,Osceola (AR),172,City of Osceola - (AR),14216,Electric Utility,11,1.6,Petroleum Liquids,"Distillate fuel oil, light fuel oil, FO2, diesel oil",Internal combustion engine,Oil,35.705381,-89.9689,2012-07-15,EIA 860M,719
2012,7,AR,Osceola (AR),172,City of Osceola - (AR),14216,Electric Utility,12,1.6,Petroleum Liquids,"Distillate fuel oil, light fuel oil, FO2, diesel oil",Internal combustion engine,Oil,35.705381,-89.9689,2012-07-15,EIA 860M,720
2013,11,MI,Dayton (MI),1727,DTE Electric Company,5109,Electric Utility,5,2.0,Petroleum Liquids,"Distillate fuel oil, light fuel oil, FO2, diesel oil",Internal combustion engine,Oil,42.1758,-83.5336,2013-11-15,EIA 860M,721
2013,11,MI,Dayton (MI),1727,DTE Electric Company,5109,Electric Utility,4,2.0,Petroleum Liquids,"Distillate fuel oil, light fuel oil, FO2, diesel oil",Internal combustion engine,Oil,42.1758,-83.5336,2013-11-15,EIA 860M,722
2013,11,MI,Dayton (MI),1727,DTE Electric Company,5109,Electric Utility,3,2.0,Petroleum Liquids,"Distillate fuel oil, light fuel oil, FO2, diesel oil",Internal combustion engine,Oil,42.1758,-83.5336,2013-11-15,EIA 860M,723
2013,11,MI,Dayton (MI),1727,DTE Electric Company,5109,Electric Utility,2,2.0,Petroleum Liquids,"Distillate fuel oil, light fuel oil, FO2, diesel oil",Internal combustion engine,Oil,42.1758,-83.5336,2013-11-15,EIA 860M,724
2013,11,MI,Dayton (MI),1727,DTE Electric Company,5109,Electric Utility,1,2.0,Petroleum Liquids,"Distillate fuel oil, light fuel oil, FO2, diesel oil",Internal combustion engine,Oil,42.1758,-83.5336,2013-11-15,EIA 860M,725
2013,2,AR,Robert E Ritchie,173,Entergy Arkansas LLC,814,Electric Utility,1,359.0,Natural Gas Steam Turbine,Natural gas,Steam turbine,Gas,34.4629,-90.5987,2013-02-15,EIA 860M,726
2013,6,AR,Robert E Ritchie,173,Entergy Arkansas LLC,814,Electric Utility,GT1,19.5,Natural Gas Fired Combustion Turbine,Natural gas,Combustion turbine,Gas,34.4629,-90.5987,2013-06-15,EIA 860M,727
2013,11,AR,Robert E Ritchie,173,Entergy Arkansas LLC,814,Electric Utility,2,544.6,Natural Gas Steam Turbine,Natural gas,Steam turbine,Gas,34.4629,-90.5987,2013-11-15,EIA 860M,728
2019,12,MI,Hancock,1730,DTE Electric Company,5109,Electric Utility,2,19.0,Natural Gas Fired Combustion Turbine,Natural gas,Combustion turbine,Gas,42.5497,-83.4425,2019-12-15,EIA 860M,729
2019,12,MI,Hancock,1730,DTE Electric Company,5109,Electric Utility,4,19.6,Natural Gas Fired Combustion Turbine,Natural gas,Combustion turbine,Gas,42.5497,-83.4425,2019-12-15,EIA 860M,730
2011,12,MI,Marysville,1732,DTE Electric Company,5109,Electric Utility,8,75.0,Conventional Steam Coal,Bituminous coal,Steam turbine,Coal,42.9256,-82.4606,2011-12-15,EIA 860M,731
2011,12,MI,Marysville,1732,DTE Electric Company,5109,Electric Utility,7,75.0,Conventional Steam Coal,Bituminous coal,Steam turbine,Coal,42.9256,-82.4606,2011-12-15,EIA 860M,732
2028,12,MI,Monroe (MI),1733,DTE Electric Company,5109,Electric Utility,3,773.0,Conventional Steam Coal,Subbituminous coal,Steam turbine,Coal,41.8906,-83.3464,2028-12-15,Electric Power Monthly Table 6.6,733
2028,12,MI,Monroe (MI),1733,DTE Electric Company,5109,Electric Utility,4,762.0,Conventional Steam Coal,Subbituminous coal,Steam turbine,Coal,41.8906,-83.3464,2028-12-15,Electric Power Monthly Table 6.6,734
2032,12,MI,Monroe (MI),1733,DTE Electric Company,5109,Electric Utility,2,773.0,Conventional Steam Coal,Subbituminous coal,Steam turbine,Coal,41.8906,-83.3464,2032-12-15,Electric Power Monthly Table 6.6,735
2032,12,MI,Monroe (MI),1733,DTE Electric Company,5109,Electric Utility,1,758.0,Conventional Steam Coal,Subbituminous coal,Steam turbine,Coal,41.8906,-83.3464,2032-12-15,Electric Power Monthly Table 6.6,736
2023,5,MI,Northeast (MI),1734,DTE Electric Company,5109,Electric Utility,1,16.0,Natural Gas Fired Combustion Turbine,Natural gas,Combustion turbine,Gas,42.45,-83.0381,2023-05-15,EIA 860M,737
2016,6,MI,River Rouge,1740,DTE Electric Company,5109,Electric Utility,2,292.5,Conventional Steam Coal,Subbituminous coal,Steam turbine,Coal,42.2739,-83.1119,2016-06-15,EIA 860M,738
2016,12,MI,River Rouge,1740,DTE Electric Company,5109,Electric Utility,1,282.6,Natural Gas Steam Turbine,Natural gas,Steam turbine,Gas,42.2739,-83.1119,2016-12-15,EIA 860M,739
2021,5,MI,River Rouge,1740,DTE Electric Company,5109,Electric Utility,3,358.1,Conventional Steam Coal,Subbituminous coal,Steam turbine,Coal,42.2739,-83.1119,2021-05-15,EIA 860M,740
2024,1,MI,River Rouge,1740,DTE Electric Company,5109,Electric Utility,IC3,2.7,Petroleum Liquids,"Distillate fuel oil, light fuel oil, FO2, diesel oil",Internal combustion engine,Oil,42.2739,-83.1119,2024-01-15,EIA 860M,741
2024,1,MI,River Rouge,1740,DTE Electric Company,5109,Electric Utility,IC4,2.7,Petroleum Liquids,"Distillate fuel oil, light fuel oil, FO2, diesel oil",Internal combustion engine,Oil,42.2739,-83.1119,2024-01-15,EIA 860M,742
2024,1,MI,River Rouge,1740,DTE Electric Company,5109,Electric Utility,IC1,2.7,Petroleum Liquids,"Distillate fuel oil, light fuel oil, FO2, diesel oil",Internal combustion engine,Oil,42.2739,-83.1119,2024-01-15,EIA 860M,743
2024,1,MI,River Rouge,1740,DTE Electric Company,5109,Electric Utility,IC2,2.7,Petroleum Liquids,"Distillate fuel oil, light fuel oil, FO2, diesel oil",Internal combustion engine,Oil,42.2739,-83.1119,2024-01-15,EIA 860M,744
2023,11,MI,Slocum,1741,DTE Electric Company,5109,Electric Utility,5,2.7,Petroleum Liquids,"Distillate fuel oil, light fuel oil, FO2, diesel oil",Internal combustion engine,Oil,42.1225,-83.185,2023-11-15,EIA 860M,745
2023,11,MI,Slocum,1741,DTE Electric Company,5109,Electric Utility,4,2.7,Petroleum Liquids,"Distillate fuel oil, light fuel oil, FO2, diesel oil",Internal combustion engine,Oil,42.1225,-83.185,2023-11-15,EIA 860M,746
2023,11,MI,Slocum,1741,DTE Electric Company,5109,Electric Utility,3,2.7,Petroleum Liquids,"Distillate fuel oil, light fuel oil, FO2, diesel oil",Internal combustion engine,Oil,42.1225,-83.185,2023-11-15,EIA 860M,747
2023,11,MI,Slocum,1741,DTE Electric Company,5109,Electric Utility,1,2.7,Petroleum Liquids,"Distillate fuel oil, light fuel oil, FO2, diesel oil",Internal combustion engine,Oil,42.1225,-83.185,2023-11-15,EIA 860M,748
2023,11,MI,Slocum,1741,DTE Electric Company,5109,Electric Utility,2,2.7,Petroleum Liquids,"Distillate fuel oil, light fuel oil, FO2, diesel oil",Internal combustion engine,Oil,42.1225,-83.185,2023-11-15,EIA 860M,749
2022,12,MI,St Clair,1743,DTE Electric Company,5109,Electric Utility,7,544.5,Conventional Steam Coal,Refined coal,Steam turbine,Coal,42.7642,-82.4719,2022-12-15,EIA 860M,750
2022,12,MI,St Clair,1743,DTE Electric Company,5109,Electric Utility,6,352.7,Conventional Steam Coal,Refined coal,Steam turbine,Coal,42.7642,-82.4719,2022-12-15,EIA 860M,751
2022,12,MI,St Clair,1743,DTE Electric Company,5109,Electric Utility,3,156.2,Conventional Steam Coal,Refined coal,Steam turbine,Coal,42.7642,-82.4719,2022-12-15,EIA 860M,752
2022,12,MI,St Clair,1743,DTE Electric Company,5109,Electric Utility,2,156.2,Conventional Steam Coal,Refined coal,Steam turbine,Coal,42.7642,-82.4719,2022-12-15,EIA 860M,753
2024,6,MI,St Clair,1743,DTE Electric Company,5109,Electric Utility,12B,2.7,Petroleum Liquids,"Distillate fuel oil, light fuel oil, FO2, diesel oil",Internal combustion engine,Oil,42.7642,-82.4719,2024-06-15,EIA 860M,754
2024,6,MI,St Clair,1743,DTE Electric Company,5109,Electric Utility,12A,2.7,Petroleum Liquids,"Distillate fuel oil, light fuel oil, FO2, diesel oil",Internal combustion engine,Oil,42.7642,-82.4719,2024-06-15,EIA 860M,755
2017,11,MI,St Clair,1743,DTE Electric Company,5109,Electric Utility,4,168.7,Conventional Steam Coal,Refined coal,Steam turbine,Coal,42.7642,-82.4719,2017-11-15,EIA 860M,756
2019,3,MI,St Clair,1743,DTE Electric Company,5109,Electric Utility,1,168.7,Conventional Steam Coal,Refined coal,Steam turbine,Coal,42.7642,-82.4719,2019-03-15,EIA 860M,757
2022,12,MI,Trenton Channel,1745,DTE Electric Company,5109,Electric Utility,9,535.5,Conventional Steam Coal,Subbituminous coal,Steam turbine,Coal,42.1217,-83.1808,2022-12-15,EIA 860M,758
2016,4,MI,Trenton Channel,1745,DTE Electric Company,5109,Electric Utility,7,120.0,Conventional Steam Coal,Subbituminous coal,Steam turbine,Coal,42.1217,-83.1808,2016-04-15,EIA 860M,759
2015,4,MI,Trenton Channel,1745,DTE Electric Company,5109,Electric Utility,8,120.0,Conventional Steam Coal,Subbituminous coal,Steam turbine,Coal,42.1217,-83.1808,2015-04-15,EIA 860M,760
2020,6,MI,J B Sims,1825,City of Grand Haven - (MI),7483,Electric Utility,3,80.0,Conventional Steam Coal,Bituminous coal,Steam turbine,Coal,43.0706,-86.235,2020-06-15,EIA 860M,761
2016,10,MI,Grand Haven Diesel Plant,1826,City of Grand Haven - (MI),7483,Electric Utility,2,2.7,Petroleum Liquids,"Residual fuel oil, heavy fuel oil, Petroleum",Internal combustion engine,Oil,43.0598,-86.2379,2016-10-15,EIA 860M,762
2016,10,MI,Grand Haven Diesel Plant,1826,City of Grand Haven - (MI),7483,Electric Utility,5,3.0,Petroleum Liquids,"Distillate fuel oil, light fuel oil, FO2, diesel oil",Internal combustion engine,Oil,43.0598,-86.2379,2016-10-15,EIA 860M,763
2016,10,MI,Grand Haven Diesel Plant,1826,City of Grand Haven - (MI),7483,Electric Utility,7,5.5,Petroleum Liquids,"Residual fuel oil, heavy fuel oil, Petroleum",Internal combustion engine,Oil,43.0598,-86.2379,2016-10-15,EIA 860M,764
2018,6,MI,Hillsdale,1829,Hillsdale Board of Public Wks,8631,Electric Utility,2,2.7,Petroleum Liquids,"Distillate fuel oil, light fuel oil, FO2, diesel oil",Internal combustion engine,Oil,41.9061,-84.6319,2018-06-15,EIA 860M,765
2013,7,MI,Hillsdale,1829,Hillsdale Board of Public Wks,8631,Electric Utility,7,1.6,Petroleum Liquids,"Distillate fuel oil, light fuel oil, FO2, diesel oil",Internal combustion engine,Oil,41.9061,-84.6319,2013-07-15,EIA 860M,766
2013,7,MI,Hillsdale,1829,Hillsdale Board of Public Wks,8631,Electric Utility,8,1.6,Petroleum Liquids,"Distillate fuel oil, light fuel oil, FO2, diesel oil",Internal combustion engine,Oil,41.9061,-84.6319,2013-07-15,EIA 860M,767
2013,7,MI,Hillsdale,1829,Hillsdale Board of Public Wks,8631,Electric Utility,9,1.8,Petroleum Liquids,"Distillate fuel oil, light fuel oil, FO2, diesel oil",Internal combustion engine,Oil,41.9061,-84.6319,2013-07-15,EIA 860M,768
2013,7,MI,Hillsdale,1829,Hillsdale Board of Public Wks,8631,Electric Utility,10,1.8,Petroleum Liquids,"Distillate fuel oil, light fuel oil, FO2, diesel oil",Internal combustion engine,Oil,41.9061,-84.6319,2013-07-15,EIA 860M,769
2017,6,MI,James De Young,1830,City of Holland,8723,Electric Utility,4,22.0,Conventional Steam Coal,Bituminous coal,Steam turbine,Coal,42.7956,-86.1133,2017-06-15,EIA 860M,770
2017,6,MI,James De Young,1830,City of Holland,8723,Electric Utility,5,29.3,Conventional Steam Coal,Bituminous coal,Steam turbine,Coal,42.7956,-86.1133,2017-06-15,EIA 860M,771
2016,6,MI,James De Young,1830,City of Holland,8723,Electric Utility,3,11.5,Conventional Steam Coal,Bituminous coal,Steam turbine,Coal,42.7956,-86.1133,2016-06-15,EIA 860M,772
2015,9,MI,Eckert Station,1831,Lansing Board of Water and Light,56155,Electric Utility,1,44.0,Conventional Steam Coal,Subbituminous coal,Steam turbine,Coal,42.71839,-84.55808,2015-09-15,EIA 860M,773
2014,3,MI,Eckert Station,1831,Lansing Board of Water and Light,56155,Electric Utility,2,44.0,Conventional Steam Coal,Subbituminous coal,Steam turbine,Coal,42.71839,-84.55808,2014-03-15,EIA 860M,774
2020,12,MI,Eckert Station,1831,Lansing Board of Water and Light,56155,Electric Utility,6,80.0,Conventional Steam Coal,Subbituminous coal,Steam turbine,Coal,42.71839,-84.55808,2020-12-15,EIA 860M,775
2021,5,MI,Eckert Station,1831,Lansing Board of Water and Light,56155,Electric Utility,4,80.0,Conventional Steam Coal,Subbituminous coal,Steam turbine,Coal,42.71839,-84.55808,2021-05-15,EIA 860M,776
2020,12,MI,Eckert Station,1831,Lansing Board of Water and Light,56155,Electric Utility,5,80.0,Conventional Steam Coal,Subbituminous coal,Steam turbine,Coal,42.71839,-84.55808,2020-12-15,EIA 860M,777
2015,12,MI,Eckert Station,1831,Lansing Board of Water and Light,56155,Electric Utility,3,47.0,Conventional Steam Coal,Subbituminous coal,Steam turbine,Coal,42.71839,-84.55808,2015-12-15,EIA 860M,778
2022,11,MI,Erickson Station,1832,Lansing Board of Water and Light,56155,Electric Utility,1,154.7,Conventional Steam Coal,Subbituminous coal,Steam turbine,Coal,42.692222,-84.657222,2022-11-15,EIA 860M,779
2015,5,MI,Marshall (MI),1844,City of Marshall - (MI),11713,Electric Utility,IC4,1.0,Petroleum Liquids,"Distillate fuel oil, light fuel oil, FO2, diesel oil",Internal combustion engine,Oil,42.2717,-84.9411,2015-05-15,EIA 860M,780
2023,3,MI,Newberry,1846,Newberry Water & Light Board,13525,Electric Utility,2,0.7,Petroleum Liquids,"Distillate fuel oil, light fuel oil, FO2, diesel oil",Internal combustion engine,Oil,46.351975,-85.506408,2023-03-15,EIA 860M,781
2023,3,MI,Newberry,1846,Newberry Water & Light Board,13525,Electric Utility,4,1.8,Petroleum Liquids,"Distillate fuel oil, light fuel oil, FO2, diesel oil",Internal combustion engine,Oil,46.351975,-85.506408,2023-03-15,EIA 860M,782
2023,3,MI,Newberry,1846,Newberry Water & Light Board,13525,Electric Utility,1,3.0,Petroleum Liquids,"Distillate fuel oil, light fuel oil, FO2, diesel oil",Internal combustion engine,Oil,46.351975,-85.506408,2023-03-15,EIA 860M,783
2002,8,MI,Frank Jenkins,1851,City of Portland - (MI),15246,Electric Utility,3,0.3,Petroleum Liquids,"Distillate fuel oil, light fuel oil, FO2, diesel oil",Internal combustion engine,Oil,42.868611,-84.895555,2002-08-15,EIA 860M,784
2021,1,MI,St Louis,1852,City of St Louis - (MI),17886,Electric Utility,3,0.9,Petroleum Liquids,"Distillate fuel oil, light fuel oil, FO2, diesel oil",Internal combustion engine,Oil,43.4019,-84.6014,2021-01-15,EIA 860M,785
2021,1,MI,St Louis,1852,City of St Louis - (MI),17886,Electric Utility,2,0.6,Petroleum Liquids,"Distillate fuel oil, light fuel oil, FO2, diesel oil",Internal combustion engine,Oil,43.4019,-84.6014,2021-01-15,EIA 860M,786
2007,3,MI,Sturgis City Diesel Plant,1855,City of Sturgis - (MI),18252,Electric Utility,5,1.0,Petroleum Liquids,"Distillate fuel oil, light fuel oil, FO2, diesel oil",Internal combustion engine,Oil,41.7992,-85.4256,2007-03-15,EIA 860M,787
2008,3,MI,Sturgis City Diesel Plant,1855,City of Sturgis - (MI),18252,Electric Utility,2,1.0,Petroleum Liquids,"Distillate fuel oil, light fuel oil, FO2, diesel oil",Internal combustion engine,Oil,41.7992,-85.4256,2008-03-15,EIA 860M,788
2007,3,MI,Sturgis City Diesel Plant,1855,City of Sturgis - (MI),18252,Electric Utility,4,1.0,Petroleum Liquids,"Distillate fuel oil, light fuel oil, FO2, diesel oil",Internal combustion engine,Oil,41.7992,-85.4256,2007-03-15,EIA 860M,789
2008,3,MI,Sturgis City Diesel Plant,1855,City of Sturgis - (MI),18252,Electric Utility,1,1.0,Petroleum Liquids,"Distillate fuel oil, light fuel oil, FO2, diesel oil",Internal combustion engine,Oil,41.7992,-85.4256,2008-03-15,EIA 860M,790
2016,5,MI,Wyandotte,1866,Wyandotte Municipal Serv Comm,21048,Electric Utility,5,22.0,Natural Gas Steam Turbine,Natural gas,Steam turbine,Gas,42.2081,-83.1453,2016-05-15,EIA 860M,791
2016,5,MI,Wyandotte,1866,Wyandotte Municipal Serv Comm,21048,Electric Utility,6,7.5,Natural Gas Steam Turbine,Natural gas,Steam turbine,Gas,42.2081,-83.1453,2016-05-15,EIA 860M,792
2026,10,MI,Wyandotte,1866,Wyandotte Municipal Serv Comm,21048,Electric Utility,4,10.5,Natural Gas Steam Turbine,Natural gas,Steam turbine,Gas,42.2081,-83.1453,2026-10-15,Electric Power Monthly Table 6.6,793
2026,10,MI,Wyandotte,1866,Wyandotte Municipal Serv Comm,21048,Electric Utility,7,32.0,Natural Gas Steam Turbine,Natural gas,Steam turbine,Gas,42.2081,-83.1453,2026-10-15,Electric Power Monthly Table 6.6,794
2021,12,MI,Dafter,1868,Cloverland Electric Co-op,3828,Electric Utility,5,3.0,Petroleum Liquids,"Distillate fuel oil, light fuel oil, FO2, diesel oil",Internal combustion engine,Oil,46.37437,-84.41723,2021-12-15,EIA 860M,795
2021,12,MI,Dafter,1868,Cloverland Electric Co-op,3828,Electric Utility,3,1.0,Petroleum Liquids,"Distillate fuel oil, light fuel oil, FO2, diesel oil",Internal combustion engine,Oil,46.37437,-84.41723,2021-12-15,EIA 860M,796
2021,12,MI,Dafter,1868,Cloverland Electric Co-op,3828,Electric Utility,1,1.0,Petroleum Liquids,"Distillate fuel oil, light fuel oil, FO2, diesel oil",Internal combustion engine,Oil,46.37437,-84.41723,2021-12-15,EIA 860M,797
2010,10,MI,Tower,1873,Wolverine Power Supply Coop,20910,Electric Utility,2,1.3,Petroleum Liquids,"Distillate fuel oil, light fuel oil, FO2, diesel oil",Internal combustion engine,Oil,45.36282,-84.29497,2010-10-15,EIA 860M,798
2010,10,MI,Tower,1873,Wolverine Power Supply Coop,20910,Electric Utility,3,1.3,Petroleum Liquids,"Distillate fuel oil, light fuel oil, FO2, diesel oil",Internal combustion engine,Oil,45.36282,-84.29497,2010-10-15,EIA 860M,799
2010,10,MI,Tower,1873,Wolverine Power Supply Coop,20910,Electric Utility,IC1,1.3,Petroleum Liquids,"Distillate fuel oil, light fuel oil, FO2, diesel oil",Internal combustion engine,Oil,45.36282,-84.29497,2010-10-15,EIA 860M,800
2002,11,CA,California Institute of Technology,10262,California Institute-Technology,2848,Commercial CHP,GEN2,4.3,Natural Gas Fired Combined Cycle,Natural gas,Combined cycle,Gas,34.138467,-118.1256,2002-11-15,EIA 860M,801
2002,11,CA,California Institute of Technology,10262,California Institute-Technology,2848,Commercial CHP,GEN1,1.0,Natural Gas Fired Combined Cycle,Natural gas,Combined cycle,Gas,34.138467,-118.1256,2002-11-15,EIA 860M,802
2015,1,TX,Bayou Cogen Plant,10298,Air Liquide Large Industries U S LP,327,Industrial CHP,GEN4,79.6,Natural Gas Fired Combustion Turbine,Natural gas,Combustion turbine,Gas,29.6225,-95.0458,2015-01-15,EIA 860M,803
2015,9,TX,Bayou Cogen Plant,10298,Air Liquide Large Industries U S LP,327,Industrial CHP,GEN2,75.0,Natural Gas Fired Combustion Turbine,Natural gas,Combustion turbine,Gas,29.6225,-95.0458,2015-09-15,EIA 860M,804
2014,9,TX,Bayou Cogen Plant,10298,Air Liquide Large Industries U S LP,327,Industrial CHP,GEN3,75.0,Natural Gas Fired Combustion Turbine,Natural gas,Combustion turbine,Gas,29.6225,-95.0458,2014-09-15,EIA 860M,805
2014,1,TX,Bayou Cogen Plant,10298,Air Liquide Large Industries U S LP,327,Industrial CHP,GEN1,75.0,Natural Gas Fired Combustion Turbine,Natural gas,Combustion turbine,Gas,29.6225,-95.0458,2014-01-15,EIA 860M,806
2024,4,CA,Desert View Power,10300,Desert View Power Inc,3998,IPP Non-CHP,GEN1,55.5,Wood/Wood Waste Biomass,"Wood, Wood waste solid",Steam turbine,Other,33.586,-116.0873,2024-04-15,EIA 860M,807
2014,6,LA,Louisiana Sugar Refining,10301,Louisiana Sugar Refining LLC,57145,Industrial CHP,GEN1,0.7,Natural Gas Steam Turbine,Natural gas,Steam turbine,Gas,30.0497,-90.6839,2014-06-15,EIA 860M,808
2015,4,PA,Juniata Locomotive Shop,10302,Norfork Southern Corp,13657,Commercial Non-CHP,GEN2,2.0,Conventional Steam Coal,Bituminous coal,Steam turbine,Coal,40.533299,-78.384125,2015-04-15,EIA 860M,809
2015,4,PA,Juniata Locomotive Shop,10302,Norfork Southern Corp,13657,Commercial Non-CHP,GEN1,2.0,Conventional Steam Coal,Bituminous coal,Steam turbine,Coal,40.533299,-78.384125,2015-04-15,EIA 860M,810
2022,5,MI,Hillman Power LLC,10346,Hillman Power Co,8641,IPP Non-CHP,GEN1,22.0,Wood/Wood Waste Biomass,"Wood, Wood waste solid",Steam turbine,Other,45.0688,-83.8932,2022-05-15,EIA 860M,811
2019,3,CA,Greenleaf 1,10350,"Calpine Greenleaf Holding, Inc.",64430,IPP Non-CHP,GEN2,20.0,Natural Gas Fired Combined Cycle,Natural gas,Combined cycle,Gas,39.052922,-121.696072,2019-03-15,EIA 860M,812
2019,3,CA,Greenleaf 1,10350,"Calpine Greenleaf Holding, Inc.",64430,IPP Non-CHP,GEN1,46.0,Natural Gas Fired Combined Cycle,Natural gas,Combined cycle,Gas,39.052922,-121.696072,2019-03-15,EIA 860M,813
2014,10,WI,Consumer Operations LLC,10360,Georgia-Pacific Consumer Oper. Green Bay LLC,55919,Industrial CHP,GEN5,10.0,Conventional Steam Coal,Bituminous coal,Steam turbine,Coal,44.4936,-88.0303,2014-10-15,EIA 860M,814
2021,9,WI,Consumer Operations LLC,10360,Georgia-Pacific Consumer Oper. Green Bay LLC,55919,Industrial CHP,GEN9,43.2,Natural Gas Steam Turbine,Natural gas,Steam turbine,Gas,44.4936,-88.0303,2021-09-15,EIA 860M,815
2014,10,WI,Consumer Operations LLC,10360,Georgia-Pacific Consumer Oper. Green Bay LLC,55919,Industrial CHP,GEN10,28.2,Conventional Steam Coal,Bituminous coal,Steam turbine,Coal,44.4936,-88.0303,2014-10-15,EIA 860M,816
2004,12,WI,Consumer Operations LLC,10360,Georgia-Pacific Consumer Oper. Green Bay LLC,55919,Industrial CHP,GEN8,25.0,Conventional Steam Coal,Bituminous coal,Steam turbine,Coal,44.4936,-88.0303,2004-12-15,EIA 860M,817
2002,2,WI,Consumer Operations LLC,10360,Georgia-Pacific Consumer Oper. Green Bay LLC,55919,Industrial CHP,GEN1,1.5,Conventional Steam Coal,Bituminous coal,Steam turbine,Coal,44.4936,-88.0303,2002-02-15,EIA 860M,818
2002,2,WI,Consumer Operations LLC,10360,Georgia-Pacific Consumer Oper. Green Bay LLC,55919,Industrial CHP,GEN2,3.0,Conventional Steam Coal,Bituminous coal,Steam turbine,Coal,44.4936,-88.0303,2002-02-15,EIA 860M,819
2002,2,WI,Consumer Operations LLC,10360,Georgia-Pacific Consumer Oper. Green Bay LLC,55919,Industrial CHP,GEN3,3.0,Conventional Steam Coal,Bituminous coal,Steam turbine,Coal,44.4936,-88.0303,2002-02-15,EIA 860M,820
2002,2,WI,Consumer Operations LLC,10360,Georgia-Pacific Consumer Oper. Green Bay LLC,55919,Industrial CHP,GEN4,2.5,Conventional Steam Coal,Bituminous coal,Steam turbine,Coal,44.4936,-88.0303,2002-02-15,EIA 860M,821
2015,12,IN,Peru (IN),1037,City of Peru - (IN),14839,Electric Utility,2,22.0,Conventional Steam Coal,Bituminous coal,Steam turbine,Coal,40.7551,-86.0575,2015-12-15,EIA 860M,822
2015,12,IN,Peru (IN),1037,City of Peru - (IN),14839,Electric Utility,3,12.5,Conventional Steam Coal,Bituminous coal,Steam turbine,Coal,40.7551,-86.0575,2015-12-15,EIA 860M,823
2021,3,NC,CPI USA NC Southport,10378,CPI USA NC Southport LLC,58209,IPP CHP,GEN1,67.5,Wood/Wood Waste Biomass,"Wood, Wood waste solid",Steam turbine,Other,33.944384,-78.011824,2021-03-15,EIA 860M,824
2021,3,NC,CPI USA NC Southport,10378,CPI USA NC Southport LLC,58209,IPP CHP,GEN2,67.5,Wood/Wood Waste Biomass,"Wood, Wood waste solid",Steam turbine,Other,33.944384,-78.011824,2021-03-15,EIA 860M,825
2021,3,NC,CPI USA NC Roxboro,10379,CPI USA NC Roxboro LLC,58210,IPP Non-CHP,GEN1,67.5,Wood/Wood Waste Biomass,"Wood, Wood waste solid",Steam turbine,Other,36.435,-78.9619,2021-03-15,EIA 860M,826
2021,5,IN,Rensselaer City Light Plant,1038,City of Rensselaer - (IN),15860,Electric Utility,6,2.5,Petroleum Liquids,"Distillate fuel oil, light fuel oil, FO2, diesel oil",Internal combustion engine,Oil,40.939528,-87.154472,2021-05-15,EIA 860M,827
2003,9,IN,Rensselaer City Light Plant,1038,City of Rensselaer - (IN),15860,Electric Utility,7,3.0,Petroleum Liquids,"Distillate fuel oil, light fuel oil, FO2, diesel oil",Internal combustion engine,Oil,40.939528,-87.154472,2003-09-15,EIA 860M,828
2021,5,IN,Rensselaer City Light Plant,1038,City of Rensselaer - (IN),15860,Electric Utility,10,2.0,Petroleum Liquids,"Distillate fuel oil, light fuel oil, FO2, diesel oil",Internal combustion engine,Oil,40.939528,-87.154472,2021-05-15,EIA 860M,829
2021,5,IN,Rensselaer City Light Plant,1038,City of Rensselaer - (IN),15860,Electric Utility,11,2.0,Petroleum Liquids,"Distillate fuel oil, light fuel oil, FO2, diesel oil",Internal combustion engine,Oil,40.939528,-87.154472,2021-05-15,EIA 860M,830
2021,5,IN,Rensselaer City Light Plant,1038,City of Rensselaer - (IN),15860,Electric Utility,5,1.9,Petroleum Liquids,"Distillate fuel oil, light fuel oil, FO2, diesel oil",Internal combustion engine,Oil,40.939528,-87.154472,2021-05-15,EIA 860M,831
2024,12,IN,Indiana Harbor West,10397,Cleveland Cliffs,56165,Industrial CHP,GEN6,12.5,Natural Gas Steam Turbine,Natural gas,Steam turbine,Gas,41.663765,-87.452325,2024-12-15,EIA 860M,832
2024,12,IN,Indiana Harbor West,10397,Cleveland Cliffs,56165,Industrial CHP,GEN5,12.5,Natural Gas Steam Turbine,Natural gas,Steam turbine,Gas,41.663765,-87.452325,2024-12-15,EIA 860M,833
2019,11,CA,New-Indy Ontario Mill,10427,New-Indy Ontario LLC,22091,Industrial Non-CHP,GEN1,34.0,Natural Gas Fired Combustion Turbine,Natural gas,Combustion turbine,Gas,34.045361,-117.540193,2019-11-15,EIA 860M,834
2015,3,IN,Frank E Ratts,1043,"Hoosier Energy R E C, Inc",9267,Electric Utility,2,116.6,Conventional Steam Coal,Bituminous coal,Steam turbine,Coal,38.5201,-87.2662,2015-03-15,EIA 860M,835
2015,3,IN,Frank E Ratts,1043,"Hoosier Energy R E C, Inc",9267,Electric Utility,1,116.6,Conventional Steam Coal,Bituminous coal,Steam turbine,Coal,38.5201,-87.2662,2015-03-15,EIA 860M,836
2005,5,TX,ExxonMobil Baytown Refinery,10436,Exxon Mobil Refining and Supply Co.,6091,Industrial CHP,GT37,17.2,Natural Gas Fired Combustion Turbine,Natural gas,Combustion turbine,Gas,29.753517,-94.997277,2005-05-15,EIA 860M,837
2005,5,TX,ExxonMobil Baytown Refinery,10436,Exxon Mobil Refining and Supply Co.,6091,Industrial CHP,GT35,14.5,Natural Gas Fired Combustion Turbine,Natural gas,Combustion turbine,Gas,29.753517,-94.997277,2005-05-15,EIA 860M,838
2005,5,TX,ExxonMobil Baytown Refinery,10436,Exxon Mobil Refining and Supply Co.,6091,Industrial CHP,GT36,15.2,Natural Gas Fired Combustion Turbine,Natural gas,Combustion turbine,Gas,29.753517,-94.997277,2005-05-15,EIA 860M,839
2003,6,TX,ExxonMobil Baytown Refinery,10436,Exxon Mobil Refining and Supply Co.,6091,Industrial CHP,ST33,7.5,Natural Gas Steam Turbine,Natural gas,Steam turbine,Gas,29.753517,-94.997277,2003-06-15,EIA 860M,840
2024,10,CA,SEGS IX,10446,Terra-Gen Operating Co-Solar,61950,IPP Non-CHP,GEN1,92.0,Natural Gas Steam Turbine,Natural gas,Steam turbine,Gas,35.033,-117.338,2024-10-15,EIA 860M,841
2023,4,NY,ReEnergy Black River,10464,Black River Generation LLC,1746,IPP Non-CHP,GEN1,55.5,Wood/Wood Waste Biomass,"Wood, Wood waste solid",Steam turbine,Other,44.03647,-75.77204,2023-04-15,EIA 860M,842
2014,3,IA,Lansing,1047,Interstate Power and Light Co,9417,Electric Utility,IC2,1.0,Petroleum Liquids,"Distillate fuel oil, light fuel oil, FO2, diesel oil",Internal combustion engine,Oil,43.3359,-91.1675,2014-03-15,EIA 860M,843
2013,6,IA,Lansing,1047,Interstate Power and Light Co,9417,Electric Utility,3,37.5,Conventional Steam Coal,Subbituminous coal,Steam turbine,Coal,43.3359,-91.1675,2013-06-15,EIA 860M,844
2014,3,IA,Lansing,1047,Interstate Power and Light Co,9417,Electric Utility,IC1,1.0,Petroleum Liquids,"Distillate fuel oil, light fuel oil, FO2, diesel oil",Internal combustion engine,Oil,43.3359,-91.1675,2014-03-15,EIA 860M,845
2006,2,IA,Lansing,1047,Interstate Power and Light Co,9417,Electric Utility,1,15.0,Conventional Steam Coal,Subbituminous coal,Steam turbine,Coal,43.3359,-91.1675,2006-02-15,EIA 860M,846
2010,11,IA,Lansing,1047,Interstate Power and Light Co,9417,Electric Utility,2,11.5,Conventional Steam Coal,Subbituminous coal,Steam turbine,Coal,43.3359,-91.1675,2010-11-15,EIA 860M,847
2023,6,IA,Lansing,1047,Interstate Power and Light Co,9417,Electric Utility,4,274.5,Conventional Steam Coal,Subbituminous coal,Steam turbine,Coal,43.3359,-91.1675,2023-06-15,EIA 860M,848
2014,10,WI,Whiting Mill,10476,Verso Corporation,55965,Industrial CHP,GEN4,4.1,Conventional Steam Coal,Subbituminous coal,Steam turbine,Coal,44.48873,-89.572821,2014-10-15,EIA 860M,849
2024,10,WI,Wisconsin Rapids Pulp Mill,10477,"PCR Rapids 1 Op, LLC",66482,Industrial CHP,GEN1,32.0,Wood/Wood Waste Biomass,Black liquor,Steam turbine,Other,44.3953,-89.826,2024-10-15,EIA 860M,850
2024,10,WI,Wisconsin Rapids Pulp Mill,10477,"PCR Rapids 1 Op, LLC",66482,Industrial CHP,GEN2,40.3,Wood/Wood Waste Biomass,Black liquor,Steam turbine,Other,44.3953,-89.826,2024-10-15,EIA 860M,851
2018,11,CA,Pitchess Cogen Station,10478,Los Angeles County,11216,Commercial CHP,GEN1,20.9,Natural Gas Fired Combined Cycle,Natural gas,Combined cycle,Gas,34.463896,-118.593991,2018-11-15,EIA 860M,852
2018,11,CA,Pitchess Cogen Station,10478,Los Angeles County,11216,Commercial CHP,GEN2,7.4,Natural Gas Fired Combined Cycle,Natural gas,Combined cycle,Gas,34.463896,-118.593991,2018-11-15,EIA 860M,853
2018,6,IA,Milton L Kapp,1048,Interstate Power and Light Co,9417,Electric Utility,2,218.5,Natural Gas Steam Turbine,Natural gas,Steam turbine,Gas,41.8081,-90.233611,2018-06-15,EIA 860M,854
2010,11,IA,Milton L Kapp,1048,Interstate Power and Light Co,9417,Electric Utility,1,18.8,Natural Gas Steam Turbine,Natural gas,Steam turbine,Gas,41.8081,-90.233611,2010-11-15,EIA 860M,855
2015,10,MN,Boise Cascade International Falls,10486,Boise White Paper LLC,1991,Industrial CHP,GEN3,7.5,Wood/Wood Waste Biomass,Black liquor,Steam turbine,Other,48.6067,-93.4066,2015-10-15,EIA 860M,856
2018,12,MN,Boise Cascade International Falls,10486,Boise White Paper LLC,1991,Industrial CHP,GEN5,6.2,Wood/Wood Waste Biomass,Black liquor,Steam turbine,Other,48.6067,-93.4066,2018-12-15,EIA 860M,857
2015,10,MN,Boise Cascade International Falls,10486,Boise White Paper LLC,1991,Industrial CHP,GEN1,4.0,Wood/Wood Waste Biomass,Black liquor,Steam turbine,Other,48.6067,-93.4066,2015-10-15,EIA 860M,858
2015,10,MN,Boise Cascade International Falls,10486,Boise White Paper LLC,1991,Industrial CHP,GEN2,4.0,Wood/Wood Waste Biomass,Black liquor,Steam turbine,Other,48.6067,-93.4066,2015-10-15,EIA 860M,859
2015,10,MN,Boise Cascade International Falls,10486,Boise White Paper LLC,1991,Industrial CHP,GEN4,7.5,Wood/Wood Waste Biomass,Black liquor,Steam turbine,Other,48.6067,-93.4066,2015-10-15,EIA 860M,860
2022,1,ME,Mead Rumford Cogen,10491,"ND Paper, Inc.",61813,Industrial CHP,3STG,12.5,Natural Gas Steam Turbine,Natural gas,Steam turbine,Gas,44.546503,-70.544286,2022-01-15,EIA 860M,861
2008,7,IA,Ames Diesel Generating Station,1052,Interstate Power and Light Co,9417,Electric Utility,1,1.0,Petroleum Liquids,"Distillate fuel oil, light fuel oil, FO2, diesel oil",Internal combustion engine,Oil,42.013319,-93.575416,2008-07-15,EIA 860M,862
2008,7,IA,Ames Diesel Generating Station,1052,Interstate Power and Light Co,9417,Electric Utility,2,1.0,Petroleum Liquids,"Distillate fuel oil, light fuel oil, FO2, diesel oil",Internal combustion engine,Oil,42.013319,-93.575416,2008-07-15,EIA 860M,863
2030,6,CA,San Jose Cogeneration,10548,San Jose State University Fclts Dev &Ops,16732,Commercial,GEN1,5.6,Natural Gas Fired Combustion Turbine,Natural gas,Combustion turbine,Gas,37.336113,-121.878332,2030-06-15,Electric Power Monthly Table 6.6,864
2021,5,MA,Anderson Power Products Division,10553,Anderson Power Products,4385,Industrial Non-CHP,6046,0.3,Petroleum Liquids,"Distillate fuel oil, light fuel oil, FO2, diesel oil",Internal combustion engine,Oil,42.471389,-71.743333,2021-05-15,EIA 860M,865
2021,5,MA,Anderson Power Products Division,10553,Anderson Power Products,4385,Industrial Non-CHP,6035,0.3,Petroleum Liquids,"Distillate fuel oil, light fuel oil, FO2, diesel oil",Internal combustion engine,Oil,42.471389,-71.743333,2021-05-15,EIA 860M,866
2021,5,MA,Anderson Power Products Division,10553,Anderson Power Products,4385,Industrial Non-CHP,6033,0.3,Petroleum Liquids,"Distillate fuel oil, light fuel oil, FO2, diesel oil",Internal combustion engine,Oil,42.471389,-71.743333,2021-05-15,EIA 860M,867
2021,5,MA,Anderson Power Products Division,10553,Anderson Power Products,4385,Industrial Non-CHP,3622,0.1,Petroleum Liquids,"Distillate fuel oil, light fuel oil, FO2, diesel oil",Internal combustion engine,Oil,42.471389,-71.743333,2021-05-15,EIA 860M,868
2017,3,GA,Jesup Plant,10560,Rayonier Advanced Materials,15726,Industrial CHP,GEN3,7.5,Wood/Wood Waste Biomass,Black liquor,Steam turbine,Other,31.6593,-81.8439,2017-03-15,EIA 860M,869
2012,7,FL,Fernandina Plant,10562,Rayonier Advanced Materials,15726,Industrial CHP,GEN3,7.5,Wood/Wood Waste Biomass,"Wood, Wood waste solid",Steam turbine,Other,30.6612,-81.473,2012-07-15,EIA 860M,870
2005,12,FL,Fernandina Plant,10562,Rayonier Advanced Materials,15726,Industrial CHP,GEN2,5.0,Petroleum Liquids,"Residual fuel oil, heavy fuel oil, Petroleum",Steam turbine,Oil,30.6612,-81.473,2005-12-15,EIA 860M,871
2022,6,NJ,Chambers Cogeneration LP,10566,US Operating Services Company,14932,IPP CHP,GEN1,285.0,Conventional Steam Coal,Bituminous coal,Steam turbine,Coal,39.693494,-75.485811,2022-06-15,EIA 860M,872
2007,3,LA,Agrilectric Power Partners Ltd,10593,Agrilectric Power Partners Ltd,135,IPP Non-CHP,GEN2,1.5,Other Waste Biomass,Agricultural byproduct,Steam turbine,Other,30.2012,-93.1269,2007-03-15,EIA 860M,873
2019,10,AR,Georgia-Pacific Crossett LLC,10606,Georgia-Pacific Crossett LLC,4580,Industrial CHP,GEN6,36.0,Wood/Wood Waste Biomass,Black liquor,Steam turbine,Other,33.1421,-91.975,2019-10-15,EIA 860M,874
2019,10,AR,Georgia-Pacific Crossett LLC,10606,Georgia-Pacific Crossett LLC,4580,Industrial CHP,GEN5,30.6,Wood/Wood Waste Biomass,Black liquor,Steam turbine,Other,33.1421,-91.975,2019-10-15,EIA 860M,875
2014,1,VT,Gilman Mill,10608,Ampersand Gilman Hydro LP,56467,IPP Non-CHP,GEN5,4.0,Wood/Wood Waste Biomass,"Wood, Wood waste solid",Steam turbine,Other,44.4122,-71.7228,2014-01-15,EIA 860M,876
2016,6,FL,Georgia-Pacific Palatka Operations,10611,Georgia-Pacific Consr Ops LLC-Palatka,50128,Industrial CHP,GEN2,9.7,Natural Gas Steam Turbine,Natural gas,Steam turbine,Gas,29.6807,-81.6809,2016-06-15,EIA 860M,877
2007,1,FL,Georgia-Pacific Palatka Operations,10611,Georgia-Pacific Consr Ops LLC-Palatka,50128,Industrial CHP,GEN3,14.0,Wood/Wood Waste Biomass,Black liquor,Steam turbine,Other,29.6807,-81.6809,2007-01-15,EIA 860M,878
2021,10,LA,Georgia-Pacific Port Hudson,10612,Georgia-Pacific Cons Op LLC Port Hudson,50129,Industrial CHP,GEN2,60.0,Natural Gas Steam Turbine,Natural gas,Steam turbine,Gas,30.6547,-91.28,2021-10-15,EIA 860M,879
2019,3,LA,Georgia-Pacific Port Hudson,10612,Georgia-Pacific Cons Op LLC Port Hudson,50129,Industrial CHP,GEN1,67.7,Wood/Wood Waste Biomass,Black liquor,Steam turbine,Other,30.6547,-91.28,2019-03-15,EIA 860M,880
2020,3,CA,Civic Center,10623,Los Angeles County,11216,Commercial CHP,GEN1,22.1,Natural Gas Fired Combined Cycle,Natural gas,Combined cycle,Gas,34.0564,-118.2436,2020-03-15,EIA 860M,881
2020,3,CA,Civic Center,10623,Los Angeles County,11216,Commercial CHP,GEN2,12.4,Natural Gas Fired Combined Cycle,Natural gas,Combined cycle,Gas,34.0564,-118.2436,2020-03-15,EIA 860M,882
2017,12,CA,"Corona Energy Partners, Ltd",10635,WCAC Operating Company,60662,IPP CHP,GEN1,47.0,Natural Gas Fired Combustion Turbine,Natural gas,Combustion turbine,Gas,33.8827,-117.5565,2017-12-15,EIA 860M,883
2012,12,TX,Pasadena,10638,Air Products LLC,56304,Industrial CHP,GEN1,6.5,Natural Gas Fired Combustion Turbine,Natural gas,Combustion turbine,Gas,29.7172,-95.1908,2012-12-15,EIA 860M,884
2005,9,LA,New Orleans,10639,Air Products & Chemicals Inc,991,Industrial CHP,GEN1,23.4,Natural Gas Fired Combustion Turbine,Natural gas,Combustion turbine,Gas,30.0,-90.0,2005-09-15,EIA 860M,885
2010,6,LA,New Orleans,10639,Air Products & Chemicals Inc,991,Industrial CHP,GEN2,7.8,Natural Gas Steam Turbine,Natural gas,Steam turbine,Gas,30.0,-90.0,2010-06-15,EIA 860M,886
2020,12,CA,Collins Pine Project,10661,Collins Pine Co,3953,Industrial CHP,GEN4,12.0,Wood/Wood Waste Biomass,"Wood, Wood waste solid",Steam turbine,Other,40.303422,-121.244431,2020-12-15,EIA 860M,887
2022,9,HI,AES Hawaii,10673,AES Hawaii LLC,177,IPP CHP,GEN1,203.0,Conventional Steam Coal,Subbituminous coal,Steam turbine,Coal,21.303419,-158.106528,2022-09-15,EIA 860M,888
2008,1,CA,CES Placerita Power Plant,10677,CES Placerita Inc,178,IPP Non-CHP,UNT1,60.0,Natural Gas Fired Combined Cycle,Natural gas,Combined cycle,Gas,34.3801,-118.4999,2008-01-15,EIA 860M,889
2024,6,MD,AES Warrior Run Cogeneration Facility,10678,AES WR Ltd Partnership,35,IPP CHP,GEN1,229.0,Conventional Steam Coal,Bituminous coal,Steam turbine,Coal,39.595171,-78.745333,2024-06-15,EIA 860M,890
2024,1,CO,Brush Generation Facility,10682,Brush Power LLC,66084,IPP Non-CHP,GT2,23.8,Natural Gas Fired Combustion Turbine,Natural gas,Combustion turbine,Gas,40.2415,-103.631,2024-01-15,EIA 860M,891
2019,8,MI,Graphic Packaging,10698,Graphic Packaging Corp,7475,Industrial CHP,GEN2,1.8,Natural Gas Steam Turbine,Natural gas,Steam turbine,Gas,42.306809,-85.578969,2019-08-15,EIA 860M,892
2019,10,MI,Graphic Packaging,10698,Graphic Packaging Corp,7475,Industrial CHP,GEN1,10.0,Natural Gas Steam Turbine,Natural gas,Steam turbine,Gas,42.306809,-85.578969,2019-10-15,EIA 860M,893
2019,6,AL,Georgia-Pacific Consr Prods LP-Naheola,10699,Georgia-Pacific Consr Prods LP-Naheola,7136,Industrial CHP,GEN2,15.6,Wood/Wood Waste Biomass,Black liquor,Steam turbine,Other,32.2268,-88.0252,2019-06-15,EIA 860M,894
2019,4,AL,Georgia-Pacific Consr Prods LP-Naheola,10699,Georgia-Pacific Consr Prods LP-Naheola,7136,Industrial CHP,GEN1,15.6,Wood/Wood Waste Biomass,Black liquor,Steam turbine,Other,32.2268,-88.0252,2019-04-15,EIA 860M,895
2002,12,ME,Red Shield Envir Old Town Facility,10700,"ND Paper, Inc.",61813,Industrial CHP,TG1,3.5,Petroleum Liquids,"Residual fuel oil, heavy fuel oil, Petroleum",Steam turbine,Oil,44.918063,-68.63554,2002-12-15,EIA 860M,896
2013,12,ME,Red Shield Envir Old Town Facility,10700,"ND Paper, Inc.",61813,Industrial CHP,TG5,9.5,Natural Gas Fired Combustion Turbine,Natural gas,Combustion turbine,Gas,44.918063,-68.63554,2013-12-15,EIA 860M,897
2013,12,ME,Red Shield Envir Old Town Facility,10700,"ND Paper, Inc.",61813,Industrial CHP,TG2,3.0,Petroleum Liquids,"Residual fuel oil, heavy fuel oil, Petroleum",Steam turbine,Oil,44.918063,-68.63554,2013-12-15,EIA 860M,898
2010,11,IA,Prairie Creek,1073,Interstate Power and Light Co,9417,Electric Utility,2,23.0,Conventional Steam Coal,Subbituminous coal,Steam turbine,Coal,41.944039,-91.639167,2010-11-15,EIA 860M,899
2025,12,IA,Prairie Creek,1073,Interstate Power and Light Co,9417,Electric Utility,1,3.6,Conventional Steam Coal,Subbituminous coal,Steam turbine,Coal,41.944039,-91.639167,2025-12-15,Electric Power Monthly Table 6.6,900
2017,12,MO,James River Power Station,2161,City Utilities of Springfield - (MO),17833,Electric Utility,2,22.0,Conventional Steam Coal,Subbituminous coal,Steam turbine,Coal,37.108611,-93.261944,2017-12-15,EIA 860M,901
2017,12,MO,James River Power Station,2161,City Utilities of Springfield - (MO),17833,Electric Utility,3,44.0,Conventional Steam Coal,Subbituminous coal,Steam turbine,Coal,37.108611,-93.261944,2017-12-15,EIA 860M,902
2020,12,MO,James River Power Station,2161,City Utilities of Springfield - (MO),17833,Electric Utility,5,105.0,Natural Gas Steam Turbine,Natural gas,Steam turbine,Gas,37.108611,-93.261944,2020-12-15,EIA 860M,903
2010,10,MO,Main Street (MO),2162,City Utilities of Springfield - (MO),17833,Electric Utility,1,15.3,Petroleum Liquids,"Distillate fuel oil, light fuel oil, FO2, diesel oil",Combustion turbine,Oil,37.2094,-93.2967,2010-10-15,EIA 860M,904
2011,9,MO,Trenton Diesel,2163,Trenton Municipal Utilities - (MO),19150,Electric Utility,4,1.0,Petroleum Liquids,"Distillate fuel oil, light fuel oil, FO2, diesel oil",Internal combustion engine,Oil,40.0661,-93.6042,2011-09-15,EIA 860M,905
2013,4,MO,Trenton Diesel,2163,Trenton Municipal Utilities - (MO),19150,Electric Utility,1,0.4,Petroleum Liquids,"Distillate fuel oil, light fuel oil, FO2, diesel oil",Internal combustion engine,Oil,40.0661,-93.6042,2013-04-15,EIA 860M,906
2010,10,MO,Trenton Diesel,2163,Trenton Municipal Utilities - (MO),19150,Electric Utility,6,1.3,Petroleum Liquids,"Distillate fuel oil, light fuel oil, FO2, diesel oil",Internal combustion engine,Oil,40.0661,-93.6042,2010-10-15,EIA 860M,907
2010,8,MO,Trenton Diesel,2163,Trenton Municipal Utilities - (MO),19150,Electric Utility,7,1.0,Petroleum Liquids,"Distillate fuel oil, light fuel oil, FO2, diesel oil",Internal combustion engine,Oil,40.0661,-93.6042,2010-08-15,EIA 860M,908
2011,7,MO,Trenton Diesel,2163,Trenton Municipal Utilities - (MO),19150,Electric Utility,5,1.1,Petroleum Liquids,"Distillate fuel oil, light fuel oil, FO2, diesel oil",Internal combustion engine,Oil,40.0661,-93.6042,2011-07-15,EIA 860M,909
2013,4,MO,Trenton Diesel,2163,Trenton Municipal Utilities - (MO),19150,Electric Utility,2,0.4,Petroleum Liquids,"Distillate fuel oil, light fuel oil, FO2, diesel oil",Internal combustion engine,Oil,40.0661,-93.6042,2013-04-15,EIA 860M,910
2016,1,MO,Missouri City,2171,City of Independence - (MO),9231,Electric Utility,2,23.0,Conventional Steam Coal,Bituminous coal,Steam turbine,Coal,39.231534,-94.307979,2016-01-15,EIA 860M,911
2016,1,MO,Missouri City,2171,City of Independence - (MO),9231,Electric Utility,1,23.0,Conventional Steam Coal,Bituminous coal,Steam turbine,Coal,39.231534,-94.307979,2016-01-15,EIA 860M,912
2015,3,MT,J E Corette Plant,2187,Talen Montana LLC,15298,IPP Non-CHP,1,172.8,Conventional Steam Coal,Subbituminous coal,Steam turbine,Coal,45.77562,-108.480999,2015-03-15,EIA 860M,913
2022,7,NE,Arnold,2216,Village of Arnold - (NE),871,Electric Utility,2A,0.1,Petroleum Liquids,"Distillate fuel oil, light fuel oil, FO2, diesel oil",Internal combustion engine,Oil,41.421928,-100.19561,2022-07-15,EIA 860M,914
2022,7,NE,Arnold,2216,Village of Arnold - (NE),871,Electric Utility,3,0.2,Petroleum Liquids,"Distillate fuel oil, light fuel oil, FO2, diesel oil",Internal combustion engine,Oil,41.421928,-100.19561,2022-07-15,EIA 860M,915
2022,7,NE,Arnold,2216,Village of Arnold - (NE),871,Electric Utility,4,0.3,Petroleum Liquids,"Distillate fuel oil, light fuel oil, FO2, diesel oil",Internal combustion engine,Oil,41.421928,-100.19561,2022-07-15,EIA 860M,916
2022,7,NE,Arnold,2216,Village of Arnold - (NE),871,Electric Utility,1,0.5,Petroleum Liquids,"Distillate fuel oil, light fuel oil, FO2, diesel oil",Internal combustion engine,Oil,41.421928,-100.19561,2022-07-15,EIA 860M,917
2005,3,NE,Cambridge,2223,City of Cambridge - (NE),2888,Electric Utility,2,0.9,Petroleum Liquids,"Distillate fuel oil, light fuel oil, FO2, diesel oil",Internal combustion engine,Oil,40.286178,-100.176836,2005-03-15,EIA 860M,918
2005,3,NE,Cambridge,2223,City of Cambridge - (NE),2888,Electric Utility,3,1.3,Petroleum Liquids,"Distillate fuel oil, light fuel oil, FO2, diesel oil",Internal combustion engine,Oil,40.286178,-100.176836,2005-03-15,EIA 860M,919
2005,3,NE,Cambridge,2223,City of Cambridge - (NE),2888,Electric Utility,1,0.7,Petroleum Liquids,"Distillate fuel oil, light fuel oil, FO2, diesel oil",Internal combustion engine,Oil,40.286178,-100.176836,2005-03-15,EIA 860M,920
2004,1,NE,Campbell Village,2225,Village of Campbell - (NE),2931,Electric Utility,3,0.1,Petroleum Liquids,"Distillate fuel oil, light fuel oil, FO2, diesel oil",Internal combustion engine,Oil,40.2992,-98.7331,2004-01-15,EIA 860M,921
2004,1,NE,Campbell Village,2225,Village of Campbell - (NE),2931,Electric Utility,2,0.1,Petroleum Liquids,"Distillate fuel oil, light fuel oil, FO2, diesel oil",Internal combustion engine,Oil,40.2992,-98.7331,2004-01-15,EIA 860M,922
2004,1,NE,Campbell Village,2225,Village of Campbell - (NE),2931,Electric Utility,1,0.1,Petroleum Liquids,"Distillate fuel oil, light fuel oil, FO2, diesel oil",Internal combustion engine,Oil,40.2992,-98.7331,2004-01-15,EIA 860M,923
2016,3,NE,Chappell,2230,City of Chappell - (NE),3373,Electric Utility,1,0.2,Petroleum Liquids,"Distillate fuel oil, light fuel oil, FO2, diesel oil",Internal combustion engine,Oil,41.092589,-102.471547,2016-03-15,EIA 860M,924
2013,4,NE,Crete,2231,City of Crete,4527,Electric Utility,1,0.4,Petroleum Liquids,"Distillate fuel oil, light fuel oil, FO2, diesel oil",Internal combustion engine,Oil,40.6253,-96.9601,2013-04-15,EIA 860M,925
2018,3,NE,Deshler,2234,City of Deshler - (NE),5097,Electric Utility,2,0.3,Petroleum Liquids,"Distillate fuel oil, light fuel oil, FO2, diesel oil",Internal combustion engine,Oil,40.1408,-97.7239,2018-03-15,EIA 860M,926
2018,3,NE,Deshler,2234,City of Deshler - (NE),5097,Electric Utility,1A,0.3,Petroleum Liquids,"Distillate fuel oil, light fuel oil, FO2, diesel oil",Internal combustion engine,Oil,40.1408,-97.7239,2018-03-15,EIA 860M,927
2016,9,NE,C W Burdick,2241,City of Grand Island - (NE),40606,Electric Utility,2,24.9,Natural Gas Steam Turbine,Natural gas,Steam turbine,Gas,40.9228,-98.3269,2016-09-15,EIA 860M,928
2016,9,NE,C W Burdick,2241,City of Grand Island - (NE),40606,Electric Utility,1,18.7,Natural Gas Steam Turbine,Natural gas,Steam turbine,Gas,40.9228,-98.3269,2016-09-15,EIA 860M,929
2017,9,NE,C W Burdick,2241,City of Grand Island - (NE),40606,Electric Utility,3,54.4,Natural Gas Steam Turbine,Natural gas,Steam turbine,Gas,40.9228,-98.3269,2017-09-15,EIA 860M,930
2024,12,NE,Kimball,2248,City of Kimball - (NE),10260,Electric Utility,4,1.3,Petroleum Liquids,"Distillate fuel oil, light fuel oil, FO2, diesel oil",Internal combustion engine,Oil,41.2382,-103.6667,2024-12-15,EIA 860M,931
2024,12,NE,Kimball,2248,City of Kimball - (NE),10260,Electric Utility,6,3.9,Petroleum Liquids,"Distillate fuel oil, light fuel oil, FO2, diesel oil",Internal combustion engine,Oil,41.2382,-103.6667,2024-12-15,EIA 860M,932
2023,12,NE,Kimball,2248,City of Kimball - (NE),10260,Electric Utility,1,1.0,Petroleum Liquids,"Distillate fuel oil, light fuel oil, FO2, diesel oil",Internal combustion engine,Oil,41.2382,-103.6667,2023-12-15,EIA 860M,933
2023,12,NE,Kimball,2248,City of Kimball - (NE),10260,Electric Utility,2,1.0,Petroleum Liquids,"Distillate fuel oil, light fuel oil, FO2, diesel oil",Internal combustion engine,Oil,41.2382,-103.6667,2023-12-15,EIA 860M,934
2024,12,NE,Kimball,2248,City of Kimball - (NE),10260,Electric Utility,3,1.3,Petroleum Liquids,"Distillate fuel oil, light fuel oil, FO2, diesel oil",Internal combustion engine,Oil,41.2382,-103.6667,2024-12-15,EIA 860M,935
2023,12,NE,Kimball,2248,City of Kimball - (NE),10260,Electric Utility,5,1.1,Petroleum Liquids,"Distillate fuel oil, light fuel oil, FO2, diesel oil",Internal combustion engine,Oil,41.2382,-103.6667,2023-12-15,EIA 860M,936
2026,12,NE,North Omaha,2291,Omaha Public Power District,14127,Electric Utility,1,63.0,Natural Gas Steam Turbine,Natural gas,Steam turbine,Gas,41.32909,-95.94466,2026-12-15,Electric Power Monthly Table 6.6,937
2026,12,NE,North Omaha,2291,Omaha Public Power District,14127,Electric Utility,2,83.4,Natural Gas Steam Turbine,Natural gas,Steam turbine,Gas,41.32909,-95.94466,2026-12-15,Electric Power Monthly Table 6.6,938
2026,12,NE,North Omaha,2291,Omaha Public Power District,14127,Electric Utility,3,93.6,Natural Gas Steam Turbine,Natural gas,Steam turbine,Gas,41.32909,-95.94466,2026-12-15,Electric Power Monthly Table 6.6,939
2023,1,NE,Plainview Muncipal Power,2297,North Central Public Pwr Dist,13698,Electric Utility,5,1.8,Petroleum Liquids,"Distillate fuel oil, light fuel oil, FO2, diesel oil",Internal combustion engine,Oil,42.35,-97.790556,2023-01-15,EIA 860M,940
2023,1,NE,Plainview Muncipal Power,2297,North Central Public Pwr Dist,13698,Electric Utility,4,1.2,Petroleum Liquids,"Distillate fuel oil, light fuel oil, FO2, diesel oil",Internal combustion engine,Oil,42.35,-97.790556,2023-01-15,EIA 860M,941
2023,1,NE,Plainview Muncipal Power,2297,North Central Public Pwr Dist,13698,Electric Utility,3,0.9,Petroleum Liquids,"Distillate fuel oil, light fuel oil, FO2, diesel oil",Internal combustion engine,Oil,42.35,-97.790556,2023-01-15,EIA 860M,942
2023,1,NE,Plainview Muncipal Power,2297,North Central Public Pwr Dist,13698,Electric Utility,1,1.1,Petroleum Liquids,"Distillate fuel oil, light fuel oil, FO2, diesel oil",Internal combustion engine,Oil,42.35,-97.790556,2023-01-15,EIA 860M,943
2002,2,NE,Red Cloud,2299,City of Red Cloud - (NE),15773,Electric Utility,1,0.5,Petroleum Liquids,"Distillate fuel oil, light fuel oil, FO2, diesel oil",Internal combustion engine,Oil,40.097954,-98.519032,2002-02-15,EIA 860M,944
2023,1,NE,Stuart (NE),2305,City of Stuart - (NE),18230,Electric Utility,3,0.2,Petroleum Liquids,"Distillate fuel oil, light fuel oil, FO2, diesel oil",Internal combustion engine,Oil,42.599377,-99.143707,2023-01-15,EIA 860M,945
2023,1,NE,Stuart (NE),2305,City of Stuart - (NE),18230,Electric Utility,2,0.2,Petroleum Liquids,"Distillate fuel oil, light fuel oil, FO2, diesel oil",Internal combustion engine,Oil,42.599377,-99.143707,2023-01-15,EIA 860M,946
2010,1,NE,Wisner,2316,City of Wisner,20880,Electric Utility,1,0.6,Petroleum Liquids,"Distillate fuel oil, light fuel oil, FO2, diesel oil",Internal combustion engine,Oil,41.988069,-96.915994,2010-01-15,EIA 860M,947
2010,1,NE,Wisner,2316,City of Wisner,20880,Electric Utility,2,0.4,Petroleum Liquids,"Distillate fuel oil, light fuel oil, FO2, diesel oil",Internal combustion engine,Oil,41.988069,-96.915994,2010-01-15,EIA 860M,948
2005,9,NV,Clark (NVE),2322,Nevada Power Co,13407,Electric Utility,1,50.0,Natural Gas Steam Turbine,Natural gas,Steam turbine,Gas,36.0875,-115.0507,2005-09-15,EIA 860M,949
2005,9,NV,Clark (NVE),2322,Nevada Power Co,13407,Electric Utility,2,65.0,Natural Gas Steam Turbine,Natural gas,Steam turbine,Gas,36.0875,-115.0507,2005-09-15,EIA 860M,950
2005,9,NV,Clark (NVE),2322,Nevada Power Co,13407,Electric Utility,3,75.0,Natural Gas Steam Turbine,Natural gas,Steam turbine,Gas,36.0875,-115.0507,2005-09-15,EIA 860M,951
2014,12,NV,Reid Gardner,2324,Nevada Power Co,13407,Electric Utility,2,114.0,Conventional Steam Coal,Bituminous coal,Steam turbine,Coal,36.657347,-114.633263,2014-12-15,EIA 860M,952
2017,3,NV,Reid Gardner,2324,Nevada Power Co,13407,Electric Utility,4,294.8,Conventional Steam Coal,Bituminous coal,Steam turbine,Coal,36.657347,-114.633263,2017-03-15,EIA 860M,953
2014,12,NV,Reid Gardner,2324,Nevada Power Co,13407,Electric Utility,1,114.0,Conventional Steam Coal,Bituminous coal,Steam turbine,Coal,36.657347,-114.633263,2014-12-15,EIA 860M,954
2014,12,NV,Reid Gardner,2324,Nevada Power Co,13407,Electric Utility,3,114.0,Conventional Steam Coal,Bituminous coal,Steam turbine,Coal,36.657347,-114.633263,2014-12-15,EIA 860M,955
2011,12,NV,Sunrise,2326,Nevada Power Co,13407,Electric Utility,2,85.0,Natural Gas Fired Combustion Turbine,Natural gas,Combustion turbine,Gas,36.1384,-115.036,2011-12-15,EIA 860M,956
2011,12,NV,Sunrise,2326,Nevada Power Co,13407,Electric Utility,1,81.6,Natural Gas Steam Turbine,Natural gas,Steam turbine,Gas,36.1384,-115.036,2011-12-15,EIA 860M,957
2028,9,NV,Fort Churchill,2330,Sierra Pacific Power Co,17166,Electric Utility,2,113.0,Natural Gas Steam Turbine,Natural gas,Steam turbine,Gas,39.1281,-119.1322,2028-09-15,Electric Power Monthly Table 6.6,958
2028,9,NV,Fort Churchill,2330,Sierra Pacific Power Co,17166,Electric Utility,1,113.0,Natural Gas Steam Turbine,Natural gas,Steam turbine,Gas,39.1281,-119.1322,2028-09-15,Electric Power Monthly Table 6.6,959
2010,12,NV,Tracy,2336,Sierra Pacific Power Co,17166,Electric Utility,GT1,12.5,Petroleum Liquids,"Distillate fuel oil, light fuel oil, FO2, diesel oil",Combustion turbine,Oil,39.5625,-119.525,2010-12-15,EIA 860M,960
2014,12,NV,Tracy,2336,Sierra Pacific Power Co,17166,Electric Utility,ST2,75.0,Natural Gas Steam Turbine,Natural gas,Steam turbine,Gas,39.5625,-119.525,2014-12-15,EIA 860M,961
2014,12,NV,Tracy,2336,Sierra Pacific Power Co,17166,Electric Utility,ST1,50.0,Natural Gas Steam Turbine,Natural gas,Steam turbine,Gas,39.5625,-119.525,2014-12-15,EIA 860M,962
2010,12,NV,Tracy,2336,Sierra Pacific Power Co,17166,Electric Utility,GT2,12.5,Petroleum Liquids,"Distillate fuel oil, light fuel oil, FO2, diesel oil",Combustion turbine,Oil,39.5625,-119.525,2010-12-15,EIA 860M,963
2012,7,NV,Mohave,2341,Southern California Edison Co,17609,Electric Utility,2,818.1,Conventional Steam Coal,Subbituminous coal,Steam turbine,Coal,35.1458,-114.5917,2012-07-15,EIA 860M,964
2012,7,NV,Mohave,2341,Southern California Edison Co,17609,Electric Utility,1,818.1,Conventional Steam Coal,Subbituminous coal,Steam turbine,Coal,35.1458,-114.5917,2012-07-15,EIA 860M,965
2028,5,NH,Merrimack,2364,Granite Shore Power,62032,IPP,2,330.5,Conventional Steam Coal,Bituminous coal,Steam turbine,Coal,43.1411,-71.4692,2028-05-15,Electric Power Monthly Table 6.6,966
2027,12,NH,Merrimack,2364,Granite Shore Power,62032,IPP,1,108.0,Conventional Steam Coal,Bituminous coal,Steam turbine,Coal,43.1411,-71.4692,2027-12-15,Electric Power Monthly Table 6.6,967
2024,6,NJ,Carlls Corner,2379,Calpine New Jersey Generation LLC,56606,IPP Non-CHP,CA2,41.9,Natural Gas Fired Combustion Turbine,Natural gas,Combustion turbine,Gas,39.4547,-75.2014,2024-06-15,EIA 860M,968
2024,6,NJ,Carlls Corner,2379,Calpine New Jersey Generation LLC,56606,IPP Non-CHP,CA1,41.9,Natural Gas Fired Combustion Turbine,Natural gas,Combustion turbine,Gas,39.4547,-75.2014,2024-06-15,EIA 860M,969
2015,5,NJ,Cedar Station,2380,Calpine New Jersey Generation LLC,56606,IPP Non-CHP,CED2,21.2,Petroleum Liquids,Kerosene,Combustion turbine,Oil,39.6893,-74.2618,2015-05-15,EIA 860M,970
2015,5,NJ,Cedar Station,2380,Calpine New Jersey Generation LLC,56606,IPP Non-CHP,CED1,46.0,Petroleum Liquids,Kerosene,Combustion turbine,Oil,39.6893,-74.2618,2015-05-15,EIA 860M,971
2015,5,NJ,Middle Station,2382,Calpine New Jersey Generation LLC,56606,IPP Non-CHP,MID3,37.2,Petroleum Liquids,Kerosene,Combustion turbine,Oil,39.0269,-74.8772,2015-05-15,EIA 860M,972
2015,5,NJ,Middle Station,2382,Calpine New Jersey Generation LLC,56606,IPP Non-CHP,MID2,21.2,Petroleum Liquids,Kerosene,Combustion turbine,Oil,39.0269,-74.8772,2015-05-15,EIA 860M,973
2015,5,NJ,Middle Station,2382,Calpine New Jersey Generation LLC,56606,IPP Non-CHP,MID1,21.2,Petroleum Liquids,Kerosene,Combustion turbine,Oil,39.0269,-74.8772,2015-05-15,EIA 860M,974
2015,5,NJ,Missouri Avenue,2383,Calpine New Jersey Generation LLC,56606,IPP Non-CHP,MISD,18.6,Petroleum Liquids,Kerosene,Combustion turbine,Oil,39.3662,-74.4441,2015-05-15,EIA 860M,975
2015,5,NJ,Missouri Avenue,2383,Calpine New Jersey Generation LLC,56606,IPP Non-CHP,MISB,18.6,Petroleum Liquids,Kerosene,Combustion turbine,Oil,39.3662,-74.4441,2015-05-15,EIA 860M,976
2015,5,NJ,Missouri Avenue,2383,Calpine New Jersey Generation LLC,56606,IPP Non-CHP,MISC,18.6,Petroleum Liquids,Kerosene,Combustion turbine,Oil,39.3662,-74.4441,2015-05-15,EIA 860M,977
2004,2,NJ,Sayreville,2390,"Sayreville Power, LLC",63034,IPP Non-CHP,5,125.0,Natural Gas Steam Turbine,Natural gas,Steam turbine,Gas,40.476525,-74.352336,2004-02-15,EIA 860M,978
2004,2,NJ,Sayreville,2390,"Sayreville Power, LLC",63034,IPP Non-CHP,4,125.0,Petroleum Liquids,"Distillate fuel oil, light fuel oil, FO2, diesel oil",Steam turbine,Oil,40.476525,-74.352336,2004-02-15,EIA 860M,979
2015,5,NJ,Gilbert,2393,"Gilbert Power, LLC",63033,IPP Non-CHP,C2,24.0,Natural Gas Fired Combustion Turbine,Natural gas,Combustion turbine,Gas,40.565833,-75.163889,2015-05-15,EIA 860M,980
2015,5,NJ,Gilbert,2393,"Gilbert Power, LLC",63033,IPP Non-CHP,C1,24.0,Natural Gas Fired Combustion Turbine,Natural gas,Combustion turbine,Gas,40.565833,-75.163889,2015-05-15,EIA 860M,981
2015,5,NJ,Gilbert,2393,"Gilbert Power, LLC",63033,IPP Non-CHP,C3,24.0,Natural Gas Fired Combustion Turbine,Natural gas,Combustion turbine,Gas,40.565833,-75.163889,2015-05-15,EIA 860M,982
2015,5,NJ,Gilbert,2393,"Gilbert Power, LLC",63033,IPP Non-CHP,C4,24.0,Natural Gas Fired Combustion Turbine,Natural gas,Combustion turbine,Gas,40.565833,-75.163889,2015-05-15,EIA 860M,983
2006,5,NJ,PSEG Bayonne Generating Station,2397,PSEG Fossil LLC,15147,IPP Non-CHP,1,21.2,Petroleum Liquids,Kerosene,Combustion turbine,Oil,40.660833,-74.085278,2006-05-15,EIA 860M,984
2006,5,NJ,PSEG Bayonne Generating Station,2397,PSEG Fossil LLC,15147,IPP Non-CHP,2,21.0,Petroleum Liquids,Kerosene,Combustion turbine,Oil,40.660833,-74.085278,2006-05-15,EIA 860M,985
2015,6,NJ,Bergen Generating Station,2398,Bergen Generating Station,65385,IPP Non-CHP,3,18.6,Natural Gas Fired Combustion Turbine,Natural gas,Combustion turbine,Gas,40.8375,-74.0244,2015-06-15,EIA 860M,986
2014,6,NJ,PSEG Burlington Generating Station,2399,Burlington Generating Station,65386,IPP Non-CHP,92,41.8,Petroleum Liquids,"Distillate fuel oil, light fuel oil, FO2, diesel oil",Combustion turbine,Oil,40.076611,-74.879172,2014-06-15,EIA 860M,987
2015,6,NJ,PSEG Burlington Generating Station,2399,Burlington Generating Station,65386,IPP Non-CHP,114,41.8,Petroleum Liquids,"Distillate fuel oil, light fuel oil, FO2, diesel oil",Combustion turbine,Oil,40.076611,-74.879172,2015-06-15,EIA 860M,988
2015,6,NJ,PSEG Burlington Generating Station,2399,Burlington Generating Station,65386,IPP Non-CHP,8,18.5,Petroleum Liquids,"Distillate fuel oil, light fuel oil, FO2, diesel oil",Combustion turbine,Oil,40.076611,-74.879172,2015-06-15,EIA 860M,989
2014,6,NJ,PSEG Burlington Generating Station,2399,Burlington Generating Station,65386,IPP Non-CHP,91,41.8,Petroleum Liquids,"Distillate fuel oil, light fuel oil, FO2, diesel oil",Combustion turbine,Oil,40.076611,-74.879172,2014-06-15,EIA 860M,990
2015,6,NJ,PSEG Burlington Generating Station,2399,Burlington Generating Station,65386,IPP Non-CHP,111,41.8,Petroleum Liquids,"Distillate fuel oil, light fuel oil, FO2, diesel oil",Combustion turbine,Oil,40.076611,-74.879172,2015-06-15,EIA 860M,991
2014,6,NJ,PSEG Burlington Generating Station,2399,Burlington Generating Station,65386,IPP Non-CHP,93,41.8,Petroleum Liquids,"Distillate fuel oil, light fuel oil, FO2, diesel oil",Combustion turbine,Oil,40.076611,-74.879172,2014-06-15,EIA 860M,992
2004,4,NJ,PSEG Burlington Generating Station,2399,Burlington Generating Station,65386,IPP Non-CHP,104,44.8,Natural Gas Fired Combined Cycle,Natural gas,Combined cycle,Gas,40.076611,-74.879172,2004-04-15,EIA 860M,993
2004,4,NJ,PSEG Burlington Generating Station,2399,Burlington Generating Station,65386,IPP Non-CHP,101,44.8,Natural Gas Fired Combined Cycle,Natural gas,Combined cycle,Gas,40.076611,-74.879172,2004-04-15,EIA 860M,994
2004,4,NJ,PSEG Burlington Generating Station,2399,Burlington Generating Station,65386,IPP Non-CHP,102,44.8,Natural Gas Fired Combined Cycle,Natural gas,Combined cycle,Gas,40.076611,-74.879172,2004-04-15,EIA 860M,995
2004,4,NJ,PSEG Burlington Generating Station,2399,Burlington Generating Station,65386,IPP Non-CHP,103,44.8,Natural Gas Fired Combined Cycle,Natural gas,Combined cycle,Gas,40.076611,-74.879172,2004-04-15,EIA 860M,996
2015,6,NJ,PSEG Burlington Generating Station,2399,Burlington Generating Station,65386,IPP Non-CHP,113,41.8,Petroleum Liquids,"Distillate fuel oil, light fuel oil, FO2, diesel oil",Combustion turbine,Oil,40.076611,-74.879172,2015-06-15,EIA 860M,997
2004,4,NJ,PSEG Burlington Generating Station,2399,Burlington Generating Station,65386,IPP Non-CHP,105,44.9,Natural Gas Fired Combined Cycle,Natural gas,Combined cycle,Gas,40.076611,-74.879172,2004-04-15,EIA 860M,998
2014,6,NJ,PSEG Burlington Generating Station,2399,Burlington Generating Station,65386,IPP Non-CHP,94,41.8,Petroleum Liquids,"Distillate fuel oil, light fuel oil, FO2, diesel oil",Combustion turbine,Oil,40.076611,-74.879172,2014-06-15,EIA 860M,999
2015,6,NJ,PSEG Burlington Generating Station,2399,Burlington Generating Station,65386,IPP Non-CHP,112,41.8,Petroleum Liquids,"Distillate fuel oil, light fuel oil, FO2, diesel oil",Combustion turbine,Oil,40.076611,-74.879172,2015-06-15,EIA 860M,1000
2017,3,NY,Ravenswood,2500,Ravenswood Operations LLC,61130,IPP Non-CHP,GT7,22.0,Natural Gas Fired Combustion Turbine,Natural gas,Combustion turbine,Gas,40.759167,-73.946111,2017-03-15,EIA 860M,1001
2008,10,NY,Ravenswood,2500,Ravenswood Operations LLC,61130,IPP Non-CHP,GT8,25.0,Natural Gas Fired Combustion Turbine,Natural gas,Combustion turbine,Gas,40.759167,-73.946111,2008-10-15,EIA 860M,1002
2020,9,NY,Ravenswood,2500,Ravenswood Operations LLC,61130,IPP Non-CHP,GT6,22.0,Natural Gas Fired Combustion Turbine,Natural gas,Combustion turbine,Gas,40.759167,-73.946111,2020-09-15,EIA 860M,1003
2005,4,NY,Waterside,2502,Consolidated Edison Co-NY Inc,4226,Electric Utility,9,62.5,Petroleum Liquids,"Residual fuel oil, heavy fuel oil, Petroleum",Steam turbine,Oil,40.753333,-73.975833,2005-04-15,EIA 860M,1004
2005,4,NY,Waterside,2502,Consolidated Edison Co-NY Inc,4226,Electric Utility,8,62.5,Petroleum Liquids,"Residual fuel oil, heavy fuel oil, Petroleum",Steam turbine,Oil,40.753333,-73.975833,2005-04-15,EIA 860M,1005
2005,4,NY,Waterside,2502,Consolidated Edison Co-NY Inc,4226,Electric Utility,6,74.8,Petroleum Liquids,"Residual fuel oil, heavy fuel oil, Petroleum",Steam turbine,Oil,40.753333,-73.975833,2005-04-15,EIA 860M,1006
2011,10,NY,E F Barrett,2511,National Grid Generation LLC,56505,Electric Utility,7,18.0,Natural Gas Fired Combustion Turbine,Natural gas,Combustion turbine,Gas,40.616689,-73.647881,2011-10-15,EIA 860M,1007
2012,7,NY,Far Rockaway,2513,National Grid Generation LLC,56505,Electric Utility,4,100.0,Natural Gas Steam Turbine,Natural gas,Steam turbine,Gas,40.61089,-73.761,2012-07-15,EIA 860M,1008
2012,7,NY,Glenwood,2514,National Grid Generation LLC,56505,Electric Utility,4,114.0,Natural Gas Steam Turbine,Natural gas,Steam turbine,Gas,40.827149,-73.647473,2012-07-15,EIA 860M,1009
2012,7,NY,Glenwood,2514,National Grid Generation LLC,56505,Electric Utility,5,114.0,Natural Gas Steam Turbine,Natural gas,Steam turbine,Gas,40.827149,-73.647473,2012-07-15,EIA 860M,1010
2013,5,NY,Montauk,2515,National Grid Generation LLC,56505,Electric Utility,2,2.0,Petroleum Liquids,"Distillate fuel oil, light fuel oil, FO2, diesel oil",Internal combustion engine,Oil,41.0425,-71.957778,2013-05-15,EIA 860M,1011
2013,5,NY,Montauk,2515,National Grid Generation LLC,56505,Electric Utility,3,2.0,Petroleum Liquids,"Distillate fuel oil, light fuel oil, FO2, diesel oil",Internal combustion engine,Oil,41.0425,-71.957778,2013-05-15,EIA 860M,1012
2013,5,NY,Montauk,2515,National Grid Generation LLC,56505,Electric Utility,4,2.0,Petroleum Liquids,"Distillate fuel oil, light fuel oil, FO2, diesel oil",Internal combustion engine,Oil,41.0425,-71.957778,2013-05-15,EIA 860M,1013
2009,12,NY,Greenidge Generation LLC,2527,Greenidge Generation Holdings LLC,25,IPP Non-CHP,3,50.0,Conventional Steam Coal,Bituminous coal,Steam turbine,Coal,42.6789,-76.9483,2009-12-15,EIA 860M,1014
2005,12,NY,Bethlehem Energy Center,2539,GB II New York LLC,65417,IPP Non-CHP,1,100.0,Natural Gas Steam Turbine,Natural gas,Steam turbine,Gas,42.594196,-73.763752,2005-12-15,EIA 860M,1015
2005,12,NY,Bethlehem Energy Center,2539,GB II New York LLC,65417,IPP Non-CHP,2,100.0,Natural Gas Steam Turbine,Natural gas,Steam turbine,Gas,42.594196,-73.763752,2005-12-15,EIA 860M,1016
2005,12,NY,Bethlehem Energy Center,2539,GB II New York LLC,65417,IPP Non-CHP,3,100.0,Natural Gas Steam Turbine,Natural gas,Steam turbine,Gas,42.594196,-73.763752,2005-12-15,EIA 860M,1017
2005,12,NY,Bethlehem Energy Center,2539,GB II New York LLC,65417,IPP Non-CHP,4,100.0,Natural Gas Steam Turbine,Natural gas,Steam turbine,Gas,42.594196,-73.763752,2005-12-15,EIA 860M,1018
2019,1,NY,Dunkirk Generating Plant,2554,Dunkirk Power LLC,13579,IPP Non-CHP,2,96.0,Conventional Steam Coal,Subbituminous coal,Steam turbine,Coal,42.491467,-79.346631,2019-01-15,EIA 860M,1019
2022,4,NY,Dunkirk Generating Plant,2554,Dunkirk Power LLC,13579,IPP Non-CHP,ST4,217.6,Conventional Steam Coal,Subbituminous coal,Steam turbine,Coal,42.491467,-79.346631,2022-04-15,EIA 860M,1020
2022,4,NY,Dunkirk Generating Plant,2554,Dunkirk Power LLC,13579,IPP Non-CHP,1,96.0,Conventional Steam Coal,Subbituminous coal,Steam turbine,Coal,42.491467,-79.346631,2022-04-15,EIA 860M,1021
2022,4,NY,Dunkirk Generating Plant,2554,Dunkirk Power LLC,13579,IPP Non-CHP,3,217.6,Conventional Steam Coal,Subbituminous coal,Steam turbine,Coal,42.491467,-79.346631,2022-04-15,EIA 860M,1022
2003,12,NY,Oswego Harbor Power,2594,Oswego Harbor Power,64701,IPP Non-CHP,3,92.0,Natural Gas Steam Turbine,Natural gas,Steam turbine,Gas,43.4586,-76.5319,2003-12-15,EIA 860M,1023
2016,12,CA,Dynegy Moss Landing Power Plant Hybrid,260,Dynegy -Moss Landing LLC,54802,IPP Non-CHP,7,702.0,Natural Gas Steam Turbine,Natural gas,Steam turbine,Gas,36.804837,-121.782241,2016-12-15,EIA 860M,1024
2016,12,CA,Dynegy Moss Landing Power Plant Hybrid,260,Dynegy -Moss Landing LLC,54802,IPP Non-CHP,6,702.0,Natural Gas Steam Turbine,Natural gas,Steam turbine,Gas,36.804837,-121.782241,2016-12-15,EIA 860M,1025
2011,12,NY,Rochester 3,2640,Rochester Gas & Electric Corp,16183,Electric Utility,13,19.0,Petroleum Liquids,"Distillate fuel oil, light fuel oil, FO2, diesel oil",Combustion turbine,Oil,43.161667,-77.618055,2011-12-15,EIA 860M,1026
2008,4,NY,Rochester 7,2642,Rochester Gas & Electric Corp,16183,Electric Utility,3,62.5,Conventional Steam Coal,Bituminous coal,Steam turbine,Coal,43.268889,-77.629444,2008-04-15,EIA 860M,1027
2008,2,NY,Rochester 7,2642,Rochester Gas & Electric Corp,16183,Electric Utility,1,46.0,Conventional Steam Coal,Bituminous coal,Steam turbine,Coal,43.268889,-77.629444,2008-02-15,EIA 860M,1028
2008,3,NY,Rochester 7,2642,Rochester Gas & Electric Corp,16183,Electric Utility,4,81.6,Conventional Steam Coal,Bituminous coal,Steam turbine,Coal,43.268889,-77.629444,2008-03-15,EIA 860M,1029
2008,3,NY,Rochester 7,2642,Rochester Gas & Electric Corp,16183,Electric Utility,2,62.5,Conventional Steam Coal,Bituminous coal,Steam turbine,Coal,43.268889,-77.629444,2008-03-15,EIA 860M,1030
2014,2,NY,Rochester 9,2644,Rochester Gas & Electric Corp,16183,Electric Utility,2,19.0,Natural Gas Fired Combustion Turbine,Natural gas,Combustion turbine,Gas,43.151,-77.6601,2014-02-15,EIA 860M,1031
2021,5,NY,Plant No 1 Freeport,2678,Village of Freeport - (NY),6775,Electric Utility,4,5.1,Petroleum Liquids,"Distillate fuel oil, light fuel oil, FO2, diesel oil",Internal combustion engine,Oil,40.6561,-73.5922,2021-05-15,EIA 860M,1032
2013,6,NY,Plant No 1 Freeport,2678,Village of Freeport - (NY),6775,Electric Utility,1,2.1,Petroleum Liquids,"Distillate fuel oil, light fuel oil, FO2, diesel oil",Internal combustion engine,Oil,40.6561,-73.5922,2013-06-15,EIA 860M,1033
2004,2,NY,Plant No 2 Freeport,2679,Village of Freeport - (NY),6775,Electric Utility,2,9.6,Petroleum Liquids,"Distillate fuel oil, light fuel oil, FO2, diesel oil",Internal combustion engine,Oil,40.6447,-73.5683,2004-02-15,EIA 860M,1034
2004,2,NY,Plant No 2 Freeport,2679,Village of Freeport - (NY),6775,Electric Utility,1,9.6,Petroleum Liquids,"Distillate fuel oil, light fuel oil, FO2, diesel oil",Internal combustion engine,Oil,40.6447,-73.5683,2004-02-15,EIA 860M,1035
2018,12,NY,Charles P Keller,2695,Village of Rockville Centre - (NY),16217,Electric Utility,7,2.0,Petroleum Liquids,"Distillate fuel oil, light fuel oil, FO2, diesel oil",Internal combustion engine,Oil,40.658333,-73.640556,2018-12-15,EIA 860M,1036
2017,12,NY,Charles P Keller,2695,Village of Rockville Centre - (NY),16217,Electric Utility,8,2.4,Petroleum Liquids,"Distillate fuel oil, light fuel oil, FO2, diesel oil",Internal combustion engine,Oil,40.658333,-73.640556,2017-12-15,EIA 860M,1037
2020,1,NC,Asheville,2706,Duke Energy Progress - (NC),3046,Electric Utility,1,206.6,Conventional Steam Coal,Bituminous coal,Steam turbine,Coal,35.4731,-82.5417,2020-01-15,EIA 860M,1038
2020,1,NC,Asheville,2706,Duke Energy Progress - (NC),3046,Electric Utility,2,207.0,Conventional Steam Coal,Bituminous coal,Steam turbine,Coal,35.4731,-82.5417,2020-01-15,EIA 860M,1039
2012,10,NC,HF Lee Plant,2709,Duke Energy Progress - (NC),3046,Electric Utility,GT3,29.9,Petroleum Liquids,"Distillate fuel oil, light fuel oil, FO2, diesel oil",Combustion turbine,Oil,35.379866,-78.087795,2012-10-15,EIA 860M,1040
2012,10,NC,HF Lee Plant,2709,Duke Energy Progress - (NC),3046,Electric Utility,GT4,29.9,Petroleum Liquids,"Distillate fuel oil, light fuel oil, FO2, diesel oil",Combustion turbine,Oil,35.379866,-78.087795,2012-10-15,EIA 860M,1041
2012,10,NC,HF Lee Plant,2709,Duke Energy Progress - (NC),3046,Electric Utility,GT2,29.9,Petroleum Liquids,"Distillate fuel oil, light fuel oil, FO2, diesel oil",Combustion turbine,Oil,35.379866,-78.087795,2012-10-15,EIA 860M,1042
2012,10,NC,HF Lee Plant,2709,Duke Energy Progress - (NC),3046,Electric Utility,2,75.0,Conventional Steam Coal,Bituminous coal,Steam turbine,Coal,35.379866,-78.087795,2012-10-15,EIA 860M,1043
2012,10,NC,HF Lee Plant,2709,Duke Energy Progress - (NC),3046,Electric Utility,3,252.4,Conventional Steam Coal,Bituminous coal,Steam turbine,Coal,35.379866,-78.087795,2012-10-15,EIA 860M,1044
2012,10,NC,HF Lee Plant,2709,Duke Energy Progress - (NC),3046,Electric Utility,GT1,16.3,Petroleum Liquids,"Distillate fuel oil, light fuel oil, FO2, diesel oil",Combustion turbine,Oil,35.379866,-78.087795,2012-10-15,EIA 860M,1045
2012,10,NC,HF Lee Plant,2709,Duke Energy Progress - (NC),3046,Electric Utility,1,75.0,Conventional Steam Coal,Bituminous coal,Steam turbine,Coal,35.379866,-78.087795,2012-10-15,EIA 860M,1046
2012,10,NC,Morehead,2711,Duke Energy Progress - (NC),3046,Electric Utility,GT1,16.3,Petroleum Liquids,"Distillate fuel oil, light fuel oil, FO2, diesel oil",Combustion turbine,Oil,34.745765,-76.810259,2012-10-15,EIA 860M,1047
2007,12,NC,Roxboro,2712,Duke Energy Progress - (NC),3046,Electric Utility,GT1,16.3,Petroleum Liquids,"Distillate fuel oil, light fuel oil, FO2, diesel oil",Combustion turbine,Oil,36.4833,-79.0731,2007-12-15,EIA 860M,1048
2017,7,NC,L V Sutton Steam,2713,Duke Energy Progress - (NC),3046,Electric Utility,GTA,37.5,Petroleum Liquids,"Distillate fuel oil, light fuel oil, FO2, diesel oil",Combustion turbine,Oil,34.283056,-77.985278,2017-07-15,EIA 860M,1049
2017,7,NC,L V Sutton Steam,2713,Duke Energy Progress - (NC),3046,Electric Utility,GTB,37.5,Petroleum Liquids,"Distillate fuel oil, light fuel oil, FO2, diesel oil",Combustion turbine,Oil,34.283056,-77.985278,2017-07-15,EIA 860M,1050
2017,3,NC,L V Sutton Steam,2713,Duke Energy Progress - (NC),3046,Electric Utility,GT1,16.3,Petroleum Liquids,"Distillate fuel oil, light fuel oil, FO2, diesel oil",Combustion turbine,Oil,34.283056,-77.985278,2017-03-15,EIA 860M,1051
2013,11,NC,L V Sutton Steam,2713,Duke Energy Progress - (NC),3046,Electric Utility,3,446.6,Conventional Steam Coal,Bituminous coal,Steam turbine,Coal,34.283056,-77.985278,2013-11-15,EIA 860M,1052
2013,11,NC,L V Sutton Steam,2713,Duke Energy Progress - (NC),3046,Electric Utility,2,112.5,Conventional Steam Coal,Bituminous coal,Steam turbine,Coal,34.283056,-77.985278,2013-11-15,EIA 860M,1053
2013,11,NC,L V Sutton Steam,2713,Duke Energy Progress - (NC),3046,Electric Utility,1,112.5,Conventional Steam Coal,Bituminous coal,Steam turbine,Coal,34.283056,-77.985278,2013-11-15,EIA 860M,1054
2011,9,NC,W H Weatherspoon,2716,Duke Energy Progress - (NC),3046,Electric Utility,1,46.0,Conventional Steam Coal,Bituminous coal,Steam turbine,Coal,34.587538,-78.97552,2011-09-15,EIA 860M,1055
2011,9,NC,W H Weatherspoon,2716,Duke Energy Progress - (NC),3046,Electric Utility,2,46.0,Conventional Steam Coal,Bituminous coal,Steam turbine,Coal,34.587538,-78.97552,2011-09-15,EIA 860M,1056
2011,9,NC,W H Weatherspoon,2716,Duke Energy Progress - (NC),3046,Electric Utility,3,73.5,Conventional Steam Coal,Bituminous coal,Steam turbine,Coal,34.587538,-78.97552,2011-09-15,EIA 860M,1057
2021,3,NC,G G Allen,2718,"Duke Energy Carolinas, LLC",5416,Electric Utility,3,272.0,Conventional Steam Coal,Bituminous coal,Steam turbine,Coal,35.1897,-81.0122,2021-03-15,EIA 860M,1058
2021,12,NC,G G Allen,2718,"Duke Energy Carolinas, LLC",5416,Electric Utility,4,278.0,Conventional Steam Coal,Bituminous coal,Steam turbine,Coal,35.1897,-81.0122,2021-12-15,EIA 860M,1059
2021,12,NC,G G Allen,2718,"Duke Energy Carolinas, LLC",5416,Electric Utility,2,163.2,Conventional Steam Coal,Bituminous coal,Steam turbine,Coal,35.1897,-81.0122,2021-12-15,EIA 860M,1060
2024,9,NC,G G Allen,2718,"Duke Energy Carolinas, LLC",5416,Electric Utility,5,272.0,Conventional Steam Coal,Bituminous coal,Steam turbine,Coal,35.1897,-81.0122,2024-09-15,EIA 860M,1061
2024,12,NC,G G Allen,2718,"Duke Energy Carolinas, LLC",5416,Electric Utility,1,163.2,Conventional Steam Coal,Bituminous coal,Steam turbine,Coal,35.1897,-81.0122,2024-12-15,EIA 860M,1062
2012,10,NC,Buck,2720,"Duke Energy Carolinas, LLC",5416,Electric Utility,9,34.8,Natural Gas Fired Combustion Turbine,Natural gas,Combustion turbine,Gas,35.7133,-80.3767,2012-10-15,EIA 860M,1063
2011,5,NC,Buck,2720,"Duke Energy Carolinas, LLC",5416,Electric Utility,4,40.0,Conventional Steam Coal,Bituminous coal,Steam turbine,Coal,35.7133,-80.3767,2011-05-15,EIA 860M,1064
2011,5,NC,Buck,2720,"Duke Energy Carolinas, LLC",5416,Electric Utility,3,80.0,Conventional Steam Coal,Bituminous coal,Steam turbine,Coal,35.7133,-80.3767,2011-05-15,EIA 860M,1065
2012,10,NC,Buck,2720,"Duke Energy Carolinas, LLC",5416,Electric Utility,7,34.8,Natural Gas Fired Combustion Turbine,Natural gas,Combustion turbine,Gas,35.7133,-80.3767,2012-10-15,EIA 860M,1066
2012,10,NC,Buck,2720,"Duke Energy Carolinas, LLC",5416,Electric Utility,8,34.8,Natural Gas Fired Combustion Turbine,Natural gas,Combustion turbine,Gas,35.7133,-80.3767,2012-10-15,EIA 860M,1067
2013,5,NC,Buck,2720,"Duke Energy Carolinas, LLC",5416,Electric Utility,6,125.0,Conventional Steam Coal,Bituminous coal,Steam turbine,Coal,35.7133,-80.3767,2013-05-15,EIA 860M,1068
2013,5,NC,Buck,2720,"Duke Energy Carolinas, LLC",5416,Electric Utility,5,125.0,Conventional Steam Coal,Bituminous coal,Steam turbine,Coal,35.7133,-80.3767,2013-05-15,EIA 860M,1069
2011,10,NC,James E. Rogers Energy Complex,2721,"Duke Energy Carolinas, LLC",5416,Electric Utility,4,65.0,Conventional Steam Coal,Bituminous coal,Steam turbine,Coal,35.22,-81.7594,2011-10-15,EIA 860M,1070
2011,10,NC,James E. Rogers Energy Complex,2721,"Duke Energy Carolinas, LLC",5416,Electric Utility,1,40.0,Conventional Steam Coal,Bituminous coal,Steam turbine,Coal,35.22,-81.7594,2011-10-15,EIA 860M,1071
2011,10,NC,James E. Rogers Energy Complex,2721,"Duke Energy Carolinas, LLC",5416,Electric Utility,2,40.0,Conventional Steam Coal,Bituminous coal,Steam turbine,Coal,35.22,-81.7594,2011-10-15,EIA 860M,1072
2011,10,NC,James E. Rogers Energy Complex,2721,"Duke Energy Carolinas, LLC",5416,Electric Utility,3,65.0,Conventional Steam Coal,Bituminous coal,Steam turbine,Coal,35.22,-81.7594,2011-10-15,EIA 860M,1073
2012,10,NC,Dan River,2723,"Duke Energy Carolinas, LLC",5416,Electric Utility,5,35.2,Natural Gas Fired Combustion Turbine,Natural gas,Combustion turbine,Gas,36.4862,-79.7208,2012-10-15,EIA 860M,1074
2012,10,NC,Dan River,2723,"Duke Energy Carolinas, LLC",5416,Electric Utility,4,35.2,Natural Gas Fired Combustion Turbine,Natural gas,Combustion turbine,Gas,36.4862,-79.7208,2012-10-15,EIA 860M,1075
2012,4,NC,Dan River,2723,"Duke Energy Carolinas, LLC",5416,Electric Utility,2,70.0,Conventional Steam Coal,Bituminous coal,Steam turbine,Coal,36.4862,-79.7208,2012-04-15,EIA 860M,1076
2012,4,NC,Dan River,2723,"Duke Energy Carolinas, LLC",5416,Electric Utility,1,70.0,Conventional Steam Coal,Bituminous coal,Steam turbine,Coal,36.4862,-79.7208,2012-04-15,EIA 860M,1077
2012,10,NC,Dan River,2723,"Duke Energy Carolinas, LLC",5416,Electric Utility,6,27.4,Natural Gas Fired Combustion Turbine,Natural gas,Combustion turbine,Gas,36.4862,-79.7208,2012-10-15,EIA 860M,1078
2012,4,NC,Dan River,2723,"Duke Energy Carolinas, LLC",5416,Electric Utility,3,150.0,Conventional Steam Coal,Bituminous coal,Steam turbine,Coal,36.4862,-79.7208,2012-04-15,EIA 860M,1079
2034,12,NC,Marshall (NC),2727,"Duke Energy Carolinas, LLC",5416,Electric Utility,1,370.0,Natural Gas Steam Turbine,Natural gas,Steam turbine,Gas,35.5975,-80.9658,2034-12-15,Electric Power Monthly Table 6.6,1080
2034,12,NC,Marshall (NC),2727,"Duke Energy Carolinas, LLC",5416,Electric Utility,2,370.0,Conventional Steam Coal,Bituminous coal,Steam turbine,Coal,35.5975,-80.9658,2034-12-15,Electric Power Monthly Table 6.6,1081
2011,12,NC,Kitty Hawk,2757,Virginia Electric & Power Co,19876,Electric Utility,GT1,23.8,Petroleum Liquids,"Distillate fuel oil, light fuel oil, FO2, diesel oil",Combustion turbine,Oil,36.0667,-75.6997,2011-12-15,EIA 860M,1082
2011,12,NC,Kitty Hawk,2757,Virginia Electric & Power Co,19876,Electric Utility,GT2,23.8,Petroleum Liquids,"Distillate fuel oil, light fuel oil, FO2, diesel oil",Combustion turbine,Oil,36.0667,-75.6997,2011-12-15,EIA 860M,1083
2022,1,ND,R M Heskett,2790,Montana-Dakota Utilities Co,12199,Electric Utility,2,75.0,Conventional Steam Coal,Lignite coal,Steam turbine,Coal,46.8669,-100.8836,2022-01-15,EIA 860M,1084
2022,2,ND,R M Heskett,2790,Montana-Dakota Utilities Co,12199,Electric Utility,1,40.0,Conventional Steam Coal,Lignite coal,Steam turbine,Coal,46.8669,-100.8836,2022-02-15,EIA 860M,1085
2012,1,ND,Williston,2791,Montana-Dakota Utilities Co,12199,Electric Utility,2,5.0,Natural Gas Fired Combustion Turbine,Natural gas,Combustion turbine,Gas,48.145,-103.1364,2012-01-15,EIA 860M,1086
2012,1,ND,Williston,2791,Montana-Dakota Utilities Co,12199,Electric Utility,3,5.0,Natural Gas Fired Combustion Turbine,Natural gas,Combustion turbine,Gas,48.145,-103.1364,2012-01-15,EIA 860M,1087
2012,12,ND,Grand Forks,2821,"Minnkota Power Coop, Inc",12658,Electric Utility,4,1.0,Petroleum Liquids,"Distillate fuel oil, light fuel oil, FO2, diesel oil",Internal combustion engine,Oil,47.9383,-97.935,2012-12-15,EIA 860M,1088
2012,12,ND,Grand Forks,2821,"Minnkota Power Coop, Inc",12658,Electric Utility,3,0.7,Petroleum Liquids,"Distillate fuel oil, light fuel oil, FO2, diesel oil",Internal combustion engine,Oil,47.9383,-97.935,2012-12-15,EIA 860M,1089
2012,12,ND,Grand Forks,2821,"Minnkota Power Coop, Inc",12658,Electric Utility,2,0.7,Petroleum Liquids,"Distillate fuel oil, light fuel oil, FO2, diesel oil",Internal combustion engine,Oil,47.9383,-97.935,2012-12-15,EIA 860M,1090
2012,12,ND,Grand Forks,2821,"Minnkota Power Coop, Inc",12658,Electric Utility,11,1.1,Petroleum Liquids,"Distillate fuel oil, light fuel oil, FO2, diesel oil",Internal combustion engine,Oil,47.9383,-97.935,2012-12-15,EIA 860M,1091
2012,12,ND,Grand Forks,2821,"Minnkota Power Coop, Inc",12658,Electric Utility,10,1.1,Petroleum Liquids,"Distillate fuel oil, light fuel oil, FO2, diesel oil",Internal combustion engine,Oil,47.9383,-97.935,2012-12-15,EIA 860M,1092
2012,12,ND,Grand Forks,2821,"Minnkota Power Coop, Inc",12658,Electric Utility,1,0.7,Petroleum Liquids,"Distillate fuel oil, light fuel oil, FO2, diesel oil",Internal combustion engine,Oil,47.9383,-97.935,2012-12-15,EIA 860M,1093
2012,12,ND,Grand Forks,2821,"Minnkota Power Coop, Inc",12658,Electric Utility,6,1.0,Petroleum Liquids,"Distillate fuel oil, light fuel oil, FO2, diesel oil",Internal combustion engine,Oil,47.9383,-97.935,2012-12-15,EIA 860M,1094
2012,12,ND,Grand Forks,2821,"Minnkota Power Coop, Inc",12658,Electric Utility,7,1.1,Petroleum Liquids,"Distillate fuel oil, light fuel oil, FO2, diesel oil",Internal combustion engine,Oil,47.9383,-97.935,2012-12-15,EIA 860M,1095
2012,12,ND,Grand Forks,2821,"Minnkota Power Coop, Inc",12658,Electric Utility,8,1.1,Petroleum Liquids,"Distillate fuel oil, light fuel oil, FO2, diesel oil",Internal combustion engine,Oil,47.9383,-97.935,2012-12-15,EIA 860M,1096
2012,12,ND,Grand Forks,2821,"Minnkota Power Coop, Inc",12658,Electric Utility,9,1.1,Petroleum Liquids,"Distillate fuel oil, light fuel oil, FO2, diesel oil",Internal combustion engine,Oil,47.9383,-97.935,2012-12-15,EIA 860M,1097
2012,12,ND,Grand Forks,2821,"Minnkota Power Coop, Inc",12658,Electric Utility,5,1.0,Petroleum Liquids,"Distillate fuel oil, light fuel oil, FO2, diesel oil",Internal combustion engine,Oil,47.9383,-97.935,2012-12-15,EIA 860M,1098
2007,9,ND,Harwood,2822,"Minnkota Power Coop, Inc",12658,Electric Utility,1,1.6,Petroleum Liquids,"Distillate fuel oil, light fuel oil, FO2, diesel oil",Internal combustion engine,Oil,46.9986,-96.9975,2007-09-15,EIA 860M,1099
2012,12,ND,Harwood,2822,"Minnkota Power Coop, Inc",12658,Electric Utility,2,1.6,Petroleum Liquids,"Distillate fuel oil, light fuel oil, FO2, diesel oil",Internal combustion engine,Oil,46.9986,-96.9975,2012-12-15,EIA 860M,1100
2030,6,WI,French Island,4005,Northern States Power Co - Minnesota,13781,Electric Utility,1,9.0,Municipal Solid Waste,Municipal solid waste,Steam turbine,Other,43.8292,-91.2597,2030-06-15,Electric Power Monthly Table 6.6,1101
2030,6,WI,French Island,4005,Northern States Power Co - Minnesota,13781,Electric Utility,2,7.0,Municipal Solid Waste,Municipal solid waste,Steam turbine,Other,43.8292,-91.2597,2030-06-15,Electric Power Monthly Table 6.6,1102
2030,6,WI,French Island,4005,Northern States Power Co - Minnesota,13781,Electric Utility,3,61.0,Petroleum Liquids,"Distillate fuel oil, light fuel oil, FO2, diesel oil",Combustion turbine,Oil,43.8292,-91.2597,2030-06-15,Electric Power Monthly Table 6.6,1103
2030,6,WI,French Island,4005,Northern States Power Co - Minnesota,13781,Electric Utility,4,58.0,Petroleum Liquids,"Distillate fuel oil, light fuel oil, FO2, diesel oil",Combustion turbine,Oil,43.8292,-91.2597,2030-06-15,Electric Power Monthly Table 6.6,1104
2018,6,WI,Wheaton,4014,Northern States Power Co - Minnesota,13781,Electric Utility,5,53.1,Petroleum Liquids,"Distillate fuel oil, light fuel oil, FO2, diesel oil",Combustion turbine,Oil,44.885416,-91.515833,2018-06-15,EIA 860M,1105
2024,1,WI,Wheaton,4014,Northern States Power Co - Minnesota,13781,Electric Utility,6,53.1,Petroleum Liquids,"Distillate fuel oil, light fuel oil, FO2, diesel oil",Combustion turbine,Oil,44.885416,-91.515833,2024-01-15,EIA 860M,1106
2025,5,WI,Wheaton,4014,Northern States Power Co - Minnesota,13781,Electric Utility,4,48.5,Natural Gas Fired Combustion Turbine,Natural gas,Combustion turbine,Gas,44.885416,-91.515833,2025-05-15,EIA 860M,1107
2025,5,WI,Wheaton,4014,Northern States Power Co - Minnesota,13781,Electric Utility,3,48.5,Natural Gas Fired Combustion Turbine,Natural gas,Combustion turbine,Gas,44.885416,-91.515833,2025-05-15,EIA 860M,1108
2025,5,WI,Wheaton,4014,Northern States Power Co - Minnesota,13781,Electric Utility,2,48.5,Natural Gas Fired Combustion Turbine,Natural gas,Combustion turbine,Gas,44.885416,-91.515833,2025-05-15,EIA 860M,1109
2025,5,WI,Wheaton,4014,Northern States Power Co - Minnesota,13781,Electric Utility,1,48.5,Natural Gas Fired Combustion Turbine,Natural gas,Combustion turbine,Gas,44.885416,-91.515833,2025-05-15,EIA 860M,1110
2029,12,CA,Scattergood,404,Los Angeles Department of Water & Power,11208,Electric Utility,1,105.0,Natural Gas Steam Turbine,Natural gas,Steam turbine,Gas,33.918151,-118.427648,2029-12-15,Electric Power Monthly Table 6.6,1111
2029,12,CA,Scattergood,404,Los Angeles Department of Water & Power,11208,Electric Utility,2,156.3,Natural Gas Steam Turbine,Natural gas,Steam turbine,Gas,33.918151,-118.427648,2029-12-15,Electric Power Monthly Table 6.6,1112
2015,12,CA,Scattergood,404,Los Angeles Department of Water & Power,11208,Electric Utility,3,496.8,Natural Gas Steam Turbine,Natural gas,Steam turbine,Gas,33.918151,-118.427648,2015-12-15,EIA 860M,1113
2003,1,WI,Port Washington Generating Station,4040,Wisconsin Electric Power Co,20847,Electric Utility,6,19.6,Petroleum Liquids,"Distillate fuel oil, light fuel oil, FO2, diesel oil",Combustion turbine,Oil,43.3842,-87.8689,2003-01-15,EIA 860M,1114
2003,1,WI,Port Washington Generating Station,4040,Wisconsin Electric Power Co,20847,Electric Utility,4,80.0,Conventional Steam Coal,Bituminous coal,Steam turbine,Coal,43.3842,-87.8689,2003-01-15,EIA 860M,1115
2004,9,WI,Port Washington Generating Station,4040,Wisconsin Electric Power Co,20847,Electric Utility,1,80.0,Conventional Steam Coal,Bituminous coal,Steam turbine,Coal,43.3842,-87.8689,2004-09-15,EIA 860M,1116
2004,9,WI,Port Washington Generating Station,4040,Wisconsin Electric Power Co,20847,Electric Utility,2,80.0,Conventional Steam Coal,Bituminous coal,Steam turbine,Coal,43.3842,-87.8689,2004-09-15,EIA 860M,1117
2004,9,WI,Port Washington Generating Station,4040,Wisconsin Electric Power Co,20847,Electric Utility,3,80.0,Conventional Steam Coal,Bituminous coal,Steam turbine,Coal,43.3842,-87.8689,2004-09-15,EIA 860M,1118
2008,9,WI,South Oak Creek,4041,Wisconsin Electric Power Co,20847,Electric Utility,9,19.6,Natural Gas Fired Combustion Turbine,Natural gas,Combustion turbine,Gas,42.8457,-87.8294,2008-09-15,EIA 860M,1119
2024,5,WI,South Oak Creek,4041,Wisconsin Electric Power Co,20847,Electric Utility,6,299.2,Conventional Steam Coal,Refined coal,Steam turbine,Coal,42.8457,-87.8294,2024-05-15,EIA 860M,1120
2024,5,WI,South Oak Creek,4041,Wisconsin Electric Power Co,20847,Electric Utility,5,299.2,Conventional Steam Coal,Refined coal,Steam turbine,Coal,42.8457,-87.8294,2024-05-15,EIA 860M,1121
2026,12,WI,South Oak Creek,4041,Wisconsin Electric Power Co,20847,Electric Utility,7,306.5,Conventional Steam Coal,Subbituminous coal,Steam turbine,Coal,42.8457,-87.8294,2026-12-15,Electric Power Monthly Table 6.6,1122
2026,12,WI,South Oak Creek,4041,Wisconsin Electric Power Co,20847,Electric Utility,8,309.5,Conventional Steam Coal,Subbituminous coal,Steam turbine,Coal,42.8457,-87.8294,2026-12-15,Electric Power Monthly Table 6.6,1123
2010,4,WI,Blackhawk,4048,Wisconsin Power & Light Co,20856,Electric Utility,4,25.0,Natural Gas Steam Turbine,Natural gas,Steam turbine,Gas,42.50654,-89.032183,2010-04-15,EIA 860M,1124
2010,4,WI,Blackhawk,4048,Wisconsin Power & Light Co,20856,Electric Utility,3,25.0,Natural Gas Steam Turbine,Natural gas,Steam turbine,Gas,42.50654,-89.032183,2010-04-15,EIA 860M,1125
2018,9,WI,Edgewater,4050,Wisconsin Power & Light Co,20856,Electric Utility,4,351.0,Conventional Steam Coal,Subbituminous coal,Steam turbine,Coal,43.715142,-87.705863,2018-09-15,EIA 860M,1126
2015,12,WI,Edgewater,4050,Wisconsin Power & Light Co,20856,Electric Utility,3,69.0,Conventional Steam Coal,Subbituminous coal,Steam turbine,Coal,43.715142,-87.705863,2015-12-15,EIA 860M,1127
2015,12,WI,Nelson Dewey Generating Station,4054,Wisconsin Power & Light Co,20856,Electric Utility,2,113.6,Conventional Steam Coal,Subbituminous coal,Steam turbine,Coal,42.7225,-91.0085,2015-12-15,EIA 860M,1128
2015,12,WI,Nelson Dewey Generating Station,4054,Wisconsin Power & Light Co,20856,Electric Utility,1,113.6,Conventional Steam Coal,Subbituminous coal,Steam turbine,Coal,42.7225,-91.0085,2015-12-15,EIA 860M,1129
2010,4,WI,Rock River,4057,Wisconsin Power & Light Co,20856,Electric Utility,1,75.0,Natural Gas Steam Turbine,Natural gas,Steam turbine,Gas,42.583094,-89.025915,2010-04-15,EIA 860M,1130
2010,4,WI,Rock River,4057,Wisconsin Power & Light Co,20856,Electric Utility,2,75.0,Natural Gas Steam Turbine,Natural gas,Steam turbine,Gas,42.583094,-89.025915,2010-04-15,EIA 860M,1131
2020,6,WI,Rock River,4057,Wisconsin Power & Light Co,20856,Electric Utility,6,56.7,Natural Gas Fired Combustion Turbine,Natural gas,Combustion turbine,Gas,42.583094,-89.025915,2020-06-15,EIA 860M,1132
2020,6,WI,Rock River,4057,Wisconsin Power & Light Co,20856,Electric Utility,4,18.0,Natural Gas Fired Combustion Turbine,Natural gas,Combustion turbine,Gas,42.583094,-89.025915,2020-06-15,EIA 860M,1133
2020,6,WI,Rock River,4057,Wisconsin Power & Light Co,20856,Electric Utility,3,37.5,Natural Gas Fired Combustion Turbine,Natural gas,Combustion turbine,Gas,42.583094,-89.025915,2020-06-15,EIA 860M,1134
2020,6,WI,Rock River,4057,Wisconsin Power & Light Co,20856,Electric Utility,5,56.7,Natural Gas Fired Combustion Turbine,Natural gas,Combustion turbine,Gas,42.583094,-89.025915,2020-06-15,EIA 860M,1135
2020,6,WI,Sheepskin,4059,Wisconsin Power & Light Co,20856,Electric Utility,1,41.7,Natural Gas Fired Combustion Turbine,Natural gas,Combustion turbine,Gas,42.8347,-89.110833,2020-06-15,EIA 860M,1136
2011,10,WI,Eagle River,4062,Wisconsin Public Service Corp,20860,Electric Utility,2,2.0,Petroleum Liquids,"Distillate fuel oil, light fuel oil, FO2, diesel oil",Internal combustion engine,Oil,45.9106,-89.2592,2011-10-15,EIA 860M,1137
2011,10,WI,Eagle River,4062,Wisconsin Public Service Corp,20860,Electric Utility,1,2.0,Petroleum Liquids,"Distillate fuel oil, light fuel oil, FO2, diesel oil",Internal combustion engine,Oil,45.9106,-89.2592,2011-10-15,EIA 860M,1138
2007,12,WI,Pulliam,4072,Wisconsin Public Service Corp,20860,Electric Utility,3,30.0,Conventional Steam Coal,Subbituminous coal,Steam turbine,Coal,44.54,-88.0086,2007-12-15,EIA 860M,1139
2015,6,WI,Pulliam,4072,Wisconsin Public Service Corp,20860,Electric Utility,6,69.0,Conventional Steam Coal,Subbituminous coal,Steam turbine,Coal,44.54,-88.0086,2015-06-15,EIA 860M,1140
2015,6,WI,Pulliam,4072,Wisconsin Public Service Corp,20860,Electric Utility,5,50.0,Conventional Steam Coal,Subbituminous coal,Steam turbine,Coal,44.54,-88.0086,2015-06-15,EIA 860M,1141
2018,10,WI,Pulliam,4072,Wisconsin Public Service Corp,20860,Electric Utility,8,149.6,Conventional Steam Coal,Subbituminous coal,Steam turbine,Coal,44.54,-88.0086,2018-10-15,EIA 860M,1142
2018,10,WI,Pulliam,4072,Wisconsin Public Service Corp,20860,Electric Utility,7,81.6,Conventional Steam Coal,Subbituminous coal,Steam turbine,Coal,44.54,-88.0086,2018-10-15,EIA 860M,1143
2007,12,WI,Pulliam,4072,Wisconsin Public Service Corp,20860,Electric Utility,4,30.0,Conventional Steam Coal,Subbituminous coal,Steam turbine,Coal,44.54,-88.0086,2007-12-15,EIA 860M,1144
2023,6,WI,Weston,4078,Wisconsin Public Service Corp,20860,Electric Utility,31,19.6,Natural Gas Fired Combustion Turbine,Natural gas,Combustion turbine,Gas,44.8606,-89.6553,2023-06-15,EIA 860M,1145
2023,6,WI,Weston,4078,Wisconsin Public Service Corp,20860,Electric Utility,32,56.7,Natural Gas Fired Combustion Turbine,Natural gas,Combustion turbine,Gas,44.8606,-89.6553,2023-06-15,EIA 860M,1146
2015,6,WI,Weston,4078,Wisconsin Public Service Corp,20860,Electric Utility,1,60.0,Conventional Steam Coal,Subbituminous coal,Steam turbine,Coal,44.8606,-89.6553,2015-06-15,EIA 860M,1147
2023,1,WI,Weston,4078,Wisconsin Public Service Corp,20860,Electric Utility,2,81.6,Natural Gas Steam Turbine,Natural gas,Steam turbine,Gas,44.8606,-89.6553,2023-01-15,EIA 860M,1148
2003,12,CA,Valley (CA),408,Los Angeles Department of Water & Power,11208,Electric Utility,4,172.8,Natural Gas Steam Turbine,Natural gas,Steam turbine,Gas,34.244991,-118.391327,2003-12-15,EIA 860M,1149
2003,12,CA,Valley (CA),408,Los Angeles Department of Water & Power,11208,Electric Utility,3,172.8,Natural Gas Steam Turbine,Natural gas,Steam turbine,Gas,34.244991,-118.391327,2003-12-15,EIA 860M,1150
2024,11,WI,Barron,4102,City of Barron - (WI),1278,Electric Utility,9,2.0,Petroleum Liquids,"Distillate fuel oil, light fuel oil, FO2, diesel oil",Internal combustion engine,Oil,45.40193,-91.840382,2024-11-15,EIA 860M,1151
2024,11,WI,Barron,4102,City of Barron - (WI),1278,Electric Utility,1A,1.1,Petroleum Liquids,"Distillate fuel oil, light fuel oil, FO2, diesel oil",Internal combustion engine,Oil,45.40193,-91.840382,2024-11-15,EIA 860M,1152
2024,11,WI,Barron,4102,City of Barron - (WI),1278,Electric Utility,2A,1.1,Petroleum Liquids,"Distillate fuel oil, light fuel oil, FO2, diesel oil",Internal combustion engine,Oil,45.40193,-91.840382,2024-11-15,EIA 860M,1153
2024,11,WI,Barron,4102,City of Barron - (WI),1278,Electric Utility,3A,1.1,Petroleum Liquids,"Distillate fuel oil, light fuel oil, FO2, diesel oil",Internal combustion engine,Oil,45.40193,-91.840382,2024-11-15,EIA 860M,1154
2024,11,WI,Barron,4102,City of Barron - (WI),1278,Electric Utility,4,1.1,Petroleum Liquids,"Distillate fuel oil, light fuel oil, FO2, diesel oil",Internal combustion engine,Oil,45.40193,-91.840382,2024-11-15,EIA 860M,1155
2024,11,WI,Barron,4102,City of Barron - (WI),1278,Electric Utility,8,1.3,Petroleum Liquids,"Distillate fuel oil, light fuel oil, FO2, diesel oil",Internal combustion engine,Oil,45.40193,-91.840382,2024-11-15,EIA 860M,1156
2024,3,WI,Barron,4102,City of Barron - (WI),1278,Electric Utility,7,0.8,Petroleum Liquids,"Distillate fuel oil, light fuel oil, FO2, diesel oil",Internal combustion engine,Oil,45.40193,-91.840382,2024-03-15,EIA 860M,1157
2011,9,WI,Manitowoc,4125,Manitowoc Public Utilities,11571,Electric Utility,4,10.0,Petroleum Coke,Petroleum Coke,Steam turbine,Coal,44.082,-87.6558,2011-09-15,EIA 860M,1158
2003,12,WI,Manitowoc,4125,Manitowoc Public Utilities,11571,Electric Utility,2,5.0,Conventional Steam Coal,Bituminous coal,Steam turbine,Coal,44.082,-87.6558,2003-12-15,EIA 860M,1159
2003,12,WI,Manitowoc,4125,Manitowoc Public Utilities,11571,Electric Utility,3,10.0,Conventional Steam Coal,Bituminous coal,Steam turbine,Coal,44.082,-87.6558,2003-12-15,EIA 860M,1160
2003,12,WI,New Lisbon,4130,City of New Lisbon,13466,Electric Utility,4,0.3,Petroleum Liquids,"Distillate fuel oil, light fuel oil, FO2, diesel oil",Internal combustion engine,Oil,43.8797,-90.1645,2003-12-15,EIA 860M,1161
2003,12,WI,New Lisbon,4130,City of New Lisbon,13466,Electric Utility,3,0.2,Petroleum Liquids,"Distillate fuel oil, light fuel oil, FO2, diesel oil",Internal combustion engine,Oil,43.8797,-90.1645,2003-12-15,EIA 860M,1162
2003,12,WI,New Lisbon,4130,City of New Lisbon,13466,Electric Utility,1,0.1,Petroleum Liquids,"Distillate fuel oil, light fuel oil, FO2, diesel oil",Internal combustion engine,Oil,43.8797,-90.1645,2003-12-15,EIA 860M,1163
2012,3,WI,Alma,4140,Dairyland Power Coop,4716,Electric Utility,1,15.0,Conventional Steam Coal,Bituminous coal,Steam turbine,Coal,44.308333,-91.911111,2012-03-15,EIA 860M,1164
2012,3,WI,Alma,4140,Dairyland Power Coop,4716,Electric Utility,3,15.0,Conventional Steam Coal,Bituminous coal,Steam turbine,Coal,44.308333,-91.911111,2012-03-15,EIA 860M,1165
2014,10,WI,Alma,4140,Dairyland Power Coop,4716,Electric Utility,5,81.6,Conventional Steam Coal,Bituminous coal,Steam turbine,Coal,44.308333,-91.911111,2014-10-15,EIA 860M,1166
2014,9,WI,Alma,4140,Dairyland Power Coop,4716,Electric Utility,4,54.4,Conventional Steam Coal,Bituminous coal,Steam turbine,Coal,44.308333,-91.911111,2014-09-15,EIA 860M,1167
2012,3,WI,Alma,4140,Dairyland Power Coop,4716,Electric Utility,2,15.0,Conventional Steam Coal,Bituminous coal,Steam turbine,Coal,44.308333,-91.911111,2012-03-15,EIA 860M,1168
2021,6,WI,Genoa,4143,Dairyland Power Coop,4716,Electric Utility,ST3,345.6,Conventional Steam Coal,Subbituminous coal,Steam turbine,Coal,43.5589,-91.2325,2021-06-15,EIA 860M,1169
2014,3,WY,Neil Simpson,4150,"Black Hills Power, Inc.",19545,Electric Utility,5,21.7,Conventional Steam Coal,Subbituminous coal,Steam turbine,Coal,44.2872,-105.3878,2014-03-15,EIA 860M,1170
2014,3,WY,Osage (WY),4151,"Black Hills Power, Inc.",19545,Electric Utility,1,11.5,Conventional Steam Coal,Subbituminous coal,Steam turbine,Coal,43.9703,-104.4106,2014-03-15,EIA 860M,1171
2014,3,WY,Osage (WY),4151,"Black Hills Power, Inc.",19545,Electric Utility,2,11.5,Conventional Steam Coal,Subbituminous coal,Steam turbine,Coal,43.9703,-104.4106,2014-03-15,EIA 860M,1172
2014,3,WY,Osage (WY),4151,"Black Hills Power, Inc.",19545,Electric Utility,3,11.5,Conventional Steam Coal,Subbituminous coal,Steam turbine,Coal,43.9703,-104.4106,2014-03-15,EIA 860M,1173
2027,12,WY,Dave Johnston,4158,PacifiCorp,14354,Electric Utility,3,220.0,Conventional Steam Coal,Subbituminous coal,Steam turbine,Coal,42.8378,-105.7769,2027-12-15,Electric Power Monthly Table 6.6,1174
2002,12,CA,Broadway (CA),420,City of Pasadena - (CA),14534,Electric Utility,B1,46.0,Natural Gas Steam Turbine,Natural gas,Steam turbine,Gas,34.1254,-118.148,2002-12-15,EIA 860M,1175
2002,12,CA,Broadway (CA),420,City of Pasadena - (CA),14534,Electric Utility,B2,46.0,Natural Gas Steam Turbine,Natural gas,Steam turbine,Gas,34.1254,-118.148,2002-12-15,EIA 860M,1176
2016,12,CA,Broadway (CA),420,City of Pasadena - (CA),14534,Electric Utility,B3,75.0,Natural Gas Steam Turbine,Natural gas,Steam turbine,Gas,34.1254,-118.148,2016-12-15,EIA 860M,1177
2015,7,AK,Craig (AK),421,Alaska Power and Telephone Co,219,Electric Utility,3A,1.6,Petroleum Liquids,"Distillate fuel oil, light fuel oil, FO2, diesel oil",Internal combustion engine,Oil,55.47691,-133.14869,2015-07-15,EIA 860M,1178
2023,12,AK,Craig (AK),421,Alaska Power and Telephone Co,219,Electric Utility,3B,1.8,Petroleum Liquids,"Distillate fuel oil, light fuel oil, FO2, diesel oil",Internal combustion engine,Oil,55.47691,-133.14869,2023-12-15,EIA 860M,1179
2018,1,AK,Hydaburg,423,Alaska Power and Telephone Co,219,Electric Utility,3A,0.3,Petroleum Liquids,"Distillate fuel oil, light fuel oil, FO2, diesel oil",Internal combustion engine,Oil,55.204937,-132.821435,2018-01-15,EIA 860M,1180
2002,12,UT,Logan City,4251,City of Logan - (UT),11135,Electric Utility,IC5B,1.0,Petroleum Liquids,"Distillate fuel oil, light fuel oil, FO2, diesel oil",Internal combustion engine,Oil,41.725833,-111.8433,2002-12-15,EIA 860M,1181
2002,12,UT,Logan City,4251,City of Logan - (UT),11135,Electric Utility,IC5A,1.0,Petroleum Liquids,"Distillate fuel oil, light fuel oil, FO2, diesel oil",Internal combustion engine,Oil,41.725833,-111.8433,2002-12-15,EIA 860M,1182
2002,12,UT,Logan City,4251,City of Logan - (UT),11135,Electric Utility,IC6,2.2,Petroleum Liquids,"Distillate fuel oil, light fuel oil, FO2, diesel oil",Internal combustion engine,Oil,41.725833,-111.8433,2002-12-15,EIA 860M,1183
2002,12,UT,Logan City,4251,City of Logan - (UT),11135,Electric Utility,IC3,0.1,Petroleum Liquids,"Distillate fuel oil, light fuel oil, FO2, diesel oil",Internal combustion engine,Oil,41.725833,-111.8433,2002-12-15,EIA 860M,1184
2002,12,UT,Logan City,4251,City of Logan - (UT),11135,Electric Utility,IC2,0.1,Petroleum Liquids,"Distillate fuel oil, light fuel oil, FO2, diesel oil",Internal combustion engine,Oil,41.725833,-111.8433,2002-12-15,EIA 860M,1185
2002,12,UT,Logan City,4251,City of Logan - (UT),11135,Electric Utility,IC4,1.2,Petroleum Liquids,"Distillate fuel oil, light fuel oil, FO2, diesel oil",Internal combustion engine,Oil,41.725833,-111.8433,2002-12-15,EIA 860M,1186
2005,12,TX,Spencer,4266,City of Garland - (TX),6958,Electric Utility,1,12.6,Natural Gas Steam Turbine,Natural gas,Steam turbine,Gas,33.1975,-97.1061,2005-12-15,EIA 860M,1187
2005,12,TX,Spencer,4266,City of Garland - (TX),6958,Electric Utility,2,12.6,Natural Gas Steam Turbine,Natural gas,Steam turbine,Gas,33.1975,-97.1061,2005-12-15,EIA 860M,1188
2005,5,TX,Spencer,4266,City of Garland - (TX),6958,Electric Utility,3,22.0,Natural Gas Steam Turbine,Natural gas,Steam turbine,Gas,33.1975,-97.1061,2005-05-15,EIA 860M,1189
2013,12,CO,Pueblo,460,"Black Hills Colorado Electric, LLC",56146,Electric Utility,5,7.5,Natural Gas Steam Turbine,Natural gas,Steam turbine,Gas,38.2667,-104.6144,2013-12-15,EIA 860M,1190
2013,12,CO,Pueblo,460,"Black Hills Colorado Electric, LLC",56146,Electric Utility,6,15.0,Natural Gas Steam Turbine,Natural gas,Steam turbine,Gas,38.2667,-104.6144,2013-12-15,EIA 860M,1191
2013,12,CO,W N Clark,462,"Black Hills Colorado Electric, LLC",56146,Electric Utility,2,25.0,Conventional Steam Coal,Bituminous coal,Steam turbine,Coal,38.4344,-105.25,2013-12-15,EIA 860M,1192
2013,12,CO,W N Clark,462,"Black Hills Colorado Electric, LLC",56146,Electric Utility,1,18.7,Conventional Steam Coal,Bituminous coal,Steam turbine,Coal,38.4344,-105.25,2013-12-15,EIA 860M,1193
2026,12,CO,Alamosa,464,Public Service Co of Colorado,15466,Electric Utility,CT2,14.0,Natural Gas Fired Combustion Turbine,Natural gas,Combustion turbine,Gas,37.4594,-105.8947,2026-12-15,Electric Power Monthly Table 6.6,1194
2026,12,CO,Alamosa,464,Public Service Co of Colorado,15466,Electric Utility,CT1,13.0,Natural Gas Fired Combustion Turbine,Natural gas,Combustion turbine,Gas,37.4594,-105.8947,2026-12-15,Electric Power Monthly Table 6.6,1195
2002,12,CO,Arapahoe,465,Public Service Co of Colorado,15466,Electric Utility,2,44.0,Conventional Steam Coal,Subbituminous coal,Steam turbine,Coal,39.67,-105.0028,2002-12-15,EIA 860M,1196
2002,12,CO,Arapahoe,465,Public Service Co of Colorado,15466,Electric Utility,1,44.0,Conventional Steam Coal,Subbituminous coal,Steam turbine,Coal,39.67,-105.0028,2002-12-15,EIA 860M,1197
2013,12,CO,Arapahoe,465,Public Service Co of Colorado,15466,Electric Utility,4,112.5,Conventional Steam Coal,Subbituminous coal,Steam turbine,Coal,39.67,-105.0028,2013-12-15,EIA 860M,1198
2013,12,CO,Arapahoe,465,Public Service Co of Colorado,15466,Electric Utility,3,40.0,Conventional Steam Coal,Subbituminous coal,Steam turbine,Coal,39.67,-105.0028,2013-12-15,EIA 860M,1199
2010,12,CO,Cameo,468,Public Service Co of Colorado,15466,Electric Utility,1,25.0,Conventional Steam Coal,Bituminous coal,Steam turbine,Coal,39.127778,-108.326111,2010-12-15,EIA 860M,1200
2012,12,ND,Harwood,2822,"Minnkota Power Coop, Inc",12658,Electric Utility,3,1.6,Petroleum Liquids,"Distillate fuel oil, light fuel oil, FO2, diesel oil",Internal combustion engine,Oil,46.9986,-96.9975,2012-12-15,EIA 860M,1201
2028,12,OH,Cardinal,2828,Cardinal Operating Company,61412,IPP,3,620.0,Conventional Steam Coal,Bituminous coal,Steam turbine,Coal,40.2522,-80.6486,2028-12-15,Electric Power Monthly Table 6.6,1202
2014,12,OH,Walter C Beckjord,2830,Duke Energy Ohio Inc,3542,Electric Utility,GT1,52.9,Petroleum Liquids,"Distillate fuel oil, light fuel oil, FO2, diesel oil",Combustion turbine,Oil,38.9917,-84.2981,2014-12-15,EIA 860M,1203
2012,5,OH,Walter C Beckjord,2830,Duke Energy Ohio Inc,3542,Electric Utility,1,115.0,Conventional Steam Coal,Bituminous coal,Steam turbine,Coal,38.9917,-84.2981,2012-05-15,EIA 860M,1204
2014,12,OH,Walter C Beckjord,2830,Duke Energy Ohio Inc,3542,Electric Utility,GT3,52.9,Petroleum Liquids,"Distillate fuel oil, light fuel oil, FO2, diesel oil",Combustion turbine,Oil,38.9917,-84.2981,2014-12-15,EIA 860M,1205
2013,10,OH,Walter C Beckjord,2830,Duke Energy Ohio Inc,3542,Electric Utility,3,125.0,Conventional Steam Coal,Bituminous coal,Steam turbine,Coal,38.9917,-84.2981,2013-10-15,EIA 860M,1206
2013,10,OH,Walter C Beckjord,2830,Duke Energy Ohio Inc,3542,Electric Utility,2,112.5,Conventional Steam Coal,Bituminous coal,Steam turbine,Coal,38.9917,-84.2981,2013-10-15,EIA 860M,1207
2014,2,OH,Walter C Beckjord,2830,Duke Energy Ohio Inc,3542,Electric Utility,4,163.2,Conventional Steam Coal,Bituminous coal,Steam turbine,Coal,38.9917,-84.2981,2014-02-15,EIA 860M,1208
2014,10,OH,Walter C Beckjord,2830,Duke Energy Ohio Inc,3542,Electric Utility,6,460.8,Conventional Steam Coal,Bituminous coal,Steam turbine,Coal,38.9917,-84.2981,2014-10-15,EIA 860M,1209
2014,12,OH,Walter C Beckjord,2830,Duke Energy Ohio Inc,3542,Electric Utility,GT2,52.9,Petroleum Liquids,"Distillate fuel oil, light fuel oil, FO2, diesel oil",Combustion turbine,Oil,38.9917,-84.2981,2014-12-15,EIA 860M,1210
2014,12,OH,Walter C Beckjord,2830,Duke Energy Ohio Inc,3542,Electric Utility,GT4,52.9,Petroleum Liquids,"Distillate fuel oil, light fuel oil, FO2, diesel oil",Combustion turbine,Oil,38.9917,-84.2981,2014-12-15,EIA 860M,1211
2014,10,OH,Walter C Beckjord,2830,Duke Energy Ohio Inc,3542,Electric Utility,5,244.8,Conventional Steam Coal,Bituminous coal,Steam turbine,Coal,38.9917,-84.2981,2014-10-15,EIA 860M,1212
2027,12,OH,Miami Fort,2832,Luminant Miami Fort,59919,IPP,8,510.0,Conventional Steam Coal,Bituminous coal,Steam turbine,Coal,39.1128,-84.8036,2027-12-15,Electric Power Monthly Table 6.6,1213
2027,12,OH,Miami Fort,2832,Luminant Miami Fort,59919,IPP,7,510.0,Conventional Steam Coal,Bituminous coal,Steam turbine,Coal,39.1128,-84.8036,2027-12-15,Electric Power Monthly Table 6.6,1214
2015,6,OH,Miami Fort,2832,Luminant Miami Fort,59919,IPP Non-CHP,6,163.2,Conventional Steam Coal,Bituminous coal,Steam turbine,Coal,39.1128,-84.8036,2015-06-15,EIA 860M,1215
2008,1,OH,Miami Fort,2832,Luminant Miami Fort,59919,IPP Non-CHP,5,100.0,Conventional Steam Coal,Bituminous coal,Steam turbine,Coal,39.1128,-84.8036,2008-01-15,EIA 860M,1216
2002,1,OH,Avon Lake,2836,"GenOn Power Midwest, LP",14165,IPP Non-CHP,6,75.0,Natural Gas Steam Turbine,Natural gas,Steam turbine,Gas,41.504453,-82.054619,2002-01-15,EIA 860M,1217
2016,5,OH,Avon Lake,2836,"GenOn Power Midwest, LP",14165,IPP Non-CHP,7,86.0,Conventional Steam Coal,Bituminous coal,Steam turbine,Coal,41.504453,-82.054619,2016-05-15,EIA 860M,1218
2022,3,OH,Avon Lake,2836,"GenOn Power Midwest, LP",14165,IPP Non-CHP,9,680.0,Conventional Steam Coal,Bituminous coal,Steam turbine,Coal,41.504453,-82.054619,2022-03-15,EIA 860M,1219
2022,3,OH,Avon Lake,2836,"GenOn Power Midwest, LP",14165,IPP Non-CHP,10,32.1,Petroleum Liquids,"Distillate fuel oil, light fuel oil, FO2, diesel oil",Combustion turbine,Oil,41.504453,-82.054619,2022-03-15,EIA 860M,1220
2020,2,OH,FirstEnergy Eastlake,2837,FirstEnergy Generation Corp,6526,IPP Non-CHP,6,32.0,Petroleum Liquids,"Distillate fuel oil, light fuel oil, FO2, diesel oil",Combustion turbine,Oil,41.6711,-81.4425,2020-02-15,EIA 860M,1221
2015,4,OH,FirstEnergy Eastlake,2837,FirstEnergy Generation Corp,6526,IPP Non-CHP,1,123.0,Conventional Steam Coal,Subbituminous coal,Steam turbine,Coal,41.6711,-81.4425,2015-04-15,EIA 860M,1222
2015,4,OH,FirstEnergy Eastlake,2837,FirstEnergy Generation Corp,6526,IPP Non-CHP,2,123.0,Conventional Steam Coal,Subbituminous coal,Steam turbine,Coal,41.6711,-81.4425,2015-04-15,EIA 860M,1223
2015,4,OH,FirstEnergy Eastlake,2837,FirstEnergy Generation Corp,6526,IPP Non-CHP,3,123.0,Conventional Steam Coal,Subbituminous coal,Steam turbine,Coal,41.6711,-81.4425,2015-04-15,EIA 860M,1224
2012,9,OH,FirstEnergy Eastlake,2837,FirstEnergy Generation Corp,6526,IPP Non-CHP,5,680.0,Conventional Steam Coal,Bituminous coal,Steam turbine,Coal,41.6711,-81.4425,2012-09-15,EIA 860M,1225
2012,9,OH,FirstEnergy Eastlake,2837,FirstEnergy Generation Corp,6526,IPP Non-CHP,4,208.0,Conventional Steam Coal,Subbituminous coal,Steam turbine,Coal,41.6711,-81.4425,2012-09-15,EIA 860M,1226
2020,6,OH,Conesville,2840,AEP Generation Resources Inc,58620,IPP Non-CHP,4,841.5,Conventional Steam Coal,Bituminous coal,Steam turbine,Coal,40.1842,-81.8811,2020-06-15,EIA 860M,1227
2019,5,OH,Conesville,2840,AEP Generation Resources Inc,58620,IPP Non-CHP,5,443.9,Conventional Steam Coal,Bituminous coal,Steam turbine,Coal,40.1842,-81.8811,2019-05-15,EIA 860M,1228
2019,5,OH,Conesville,2840,AEP Generation Resources Inc,58620,IPP Non-CHP,6,443.9,Conventional Steam Coal,Bituminous coal,Steam turbine,Coal,40.1842,-81.8811,2019-05-15,EIA 860M,1229
2012,12,OH,Conesville,2840,AEP Generation Resources Inc,58620,IPP Non-CHP,3,161.5,Conventional Steam Coal,Bituminous coal,Steam turbine,Coal,40.1842,-81.8811,2012-12-15,EIA 860M,1230
2005,12,OH,Conesville,2840,AEP Generation Resources Inc,58620,IPP Non-CHP,1,148.0,Conventional Steam Coal,Bituminous coal,Steam turbine,Coal,40.1842,-81.8811,2005-12-15,EIA 860M,1231
2005,12,OH,Conesville,2840,AEP Generation Resources Inc,58620,IPP Non-CHP,2,136.0,Conventional Steam Coal,Bituminous coal,Steam turbine,Coal,40.1842,-81.8811,2005-12-15,EIA 860M,1232
2015,5,OH,Picway,2843,AEP Generation Resources Inc,58620,IPP Non-CHP,5,106.2,Conventional Steam Coal,Bituminous coal,Steam turbine,Coal,39.7933,-83.0097,2015-05-15,EIA 860M,1233
2015,6,OH,O H Hutchings,2848,Kimura Power LLC,61919,IPP Non-CHP,6,69.0,Conventional Steam Coal,Bituminous coal,Steam turbine,Coal,39.6088,-84.2921,2015-06-15,EIA 860M,1234
2015,6,OH,O H Hutchings,2848,Kimura Power LLC,61919,IPP Non-CHP,5,69.0,Conventional Steam Coal,Bituminous coal,Steam turbine,Coal,39.6088,-84.2921,2015-06-15,EIA 860M,1235
2015,6,OH,O H Hutchings,2848,Kimura Power LLC,61919,IPP Non-CHP,3,69.0,Conventional Steam Coal,Bituminous coal,Steam turbine,Coal,39.6088,-84.2921,2015-06-15,EIA 860M,1236
2015,6,OH,O H Hutchings,2848,Kimura Power LLC,61919,IPP Non-CHP,2,69.0,Conventional Steam Coal,Bituminous coal,Steam turbine,Coal,39.6088,-84.2921,2015-06-15,EIA 860M,1237
2015,6,OH,O H Hutchings,2848,Kimura Power LLC,61919,IPP Non-CHP,1,69.0,Conventional Steam Coal,Bituminous coal,Steam turbine,Coal,39.6088,-84.2921,2015-06-15,EIA 860M,1238
2013,6,OH,O H Hutchings,2848,Kimura Power LLC,61919,IPP Non-CHP,4,69.0,Conventional Steam Coal,Bituminous coal,Steam turbine,Coal,39.6088,-84.2921,2013-06-15,EIA 860M,1239
2013,6,OH,FirstEnergy Mad River,2860,FirstEnergy Generation Corp,6526,IPP Non-CHP,CTA,27.0,Petroleum Liquids,"Distillate fuel oil, light fuel oil, FO2, diesel oil",Combustion turbine,Oil,39.9242,-83.8508,2013-06-15,EIA 860M,1240
2013,6,OH,FirstEnergy Mad River,2860,FirstEnergy Generation Corp,6526,IPP Non-CHP,CTB,27.0,Petroleum Liquids,"Distillate fuel oil, light fuel oil, FO2, diesel oil",Combustion turbine,Oil,39.9242,-83.8508,2013-06-15,EIA 860M,1241
2012,10,OH,Niles Power Plant,2861,"Niles Power, LLC",63030,IPP Non-CHP,1,132.8,Conventional Steam Coal,Bituminous coal,Steam turbine,Coal,41.166928,-80.74769,2012-10-15,EIA 860M,1242
2012,6,OH,Niles Power Plant,2861,"Niles Power, LLC",63030,IPP Non-CHP,2,132.8,Conventional Steam Coal,Bituminous coal,Steam turbine,Coal,41.166928,-80.74769,2012-06-15,EIA 860M,1243
2020,5,OH,W H Sammis,2866,Energy Harbor Generation LLC,64226,IPP Non-CHP,3,190.4,Conventional Steam Coal,Bituminous coal,Steam turbine,Coal,40.5317,-80.6319,2020-05-15,EIA 860M,1244
2020,5,OH,W H Sammis,2866,Energy Harbor Generation LLC,64226,IPP Non-CHP,4,190.4,Conventional Steam Coal,Bituminous coal,Steam turbine,Coal,40.5317,-80.6319,2020-05-15,EIA 860M,1245
2020,5,OH,W H Sammis,2866,Energy Harbor Generation LLC,64226,IPP Non-CHP,2,190.4,Conventional Steam Coal,Bituminous coal,Steam turbine,Coal,40.5317,-80.6319,2020-05-15,EIA 860M,1246
2020,5,OH,W H Sammis,2866,Energy Harbor Generation LLC,64226,IPP Non-CHP,1,190.4,Conventional Steam Coal,Bituminous coal,Steam turbine,Coal,40.5317,-80.6319,2020-05-15,EIA 860M,1247
2023,6,OH,W H Sammis,2866,Energy Harbor Generation LLC,64226,IPP Non-CHP,B4,2.5,Petroleum Liquids,"Distillate fuel oil, light fuel oil, FO2, diesel oil",Internal combustion engine,Oil,40.5317,-80.6319,2023-06-15,EIA 860M,1248
2023,6,OH,W H Sammis,2866,Energy Harbor Generation LLC,64226,IPP Non-CHP,B3,2.5,Petroleum Liquids,"Distillate fuel oil, light fuel oil, FO2, diesel oil",Internal combustion engine,Oil,40.5317,-80.6319,2023-06-15,EIA 860M,1249
2023,6,OH,W H Sammis,2866,Energy Harbor Generation LLC,64226,IPP Non-CHP,B2,2.5,Petroleum Liquids,"Distillate fuel oil, light fuel oil, FO2, diesel oil",Internal combustion engine,Oil,40.5317,-80.6319,2023-06-15,EIA 860M,1250
2023,6,OH,W H Sammis,2866,Energy Harbor Generation LLC,64226,IPP Non-CHP,B1,2.5,Petroleum Liquids,"Distillate fuel oil, light fuel oil, FO2, diesel oil",Internal combustion engine,Oil,40.5317,-80.6319,2023-06-15,EIA 860M,1251
2023,6,OH,W H Sammis,2866,Energy Harbor Generation LLC,64226,IPP Non-CHP,6,680.0,Conventional Steam Coal,Bituminous coal,Steam turbine,Coal,40.5317,-80.6319,2023-06-15,EIA 860M,1252
2023,6,OH,W H Sammis,2866,Energy Harbor Generation LLC,64226,IPP Non-CHP,7,680.0,Conventional Steam Coal,Bituminous coal,Steam turbine,Coal,40.5317,-80.6319,2023-06-15,EIA 860M,1253
2023,6,OH,W H Sammis,2866,Energy Harbor Generation LLC,64226,IPP Non-CHP,5,334.0,Conventional Steam Coal,Bituminous coal,Steam turbine,Coal,40.5317,-80.6319,2023-06-15,EIA 860M,1254
2023,6,OH,W H Sammis,2866,Energy Harbor Generation LLC,64226,IPP Non-CHP,A1,2.5,Petroleum Liquids,"Distillate fuel oil, light fuel oil, FO2, diesel oil",Internal combustion engine,Oil,40.5317,-80.6319,2023-06-15,EIA 860M,1255
2003,12,OH,FirstEnergy Toronto,2867,FirstEnergy Generation Corp,6526,IPP Non-CHP,5,35.0,Conventional Steam Coal,Bituminous coal,Steam turbine,Coal,40.4825,-80.604444,2003-12-15,EIA 860M,1256
2003,12,OH,FirstEnergy Toronto,2867,FirstEnergy Generation Corp,6526,IPP Non-CHP,6,69.0,Conventional Steam Coal,Bituminous coal,Steam turbine,Coal,40.4825,-80.604444,2003-12-15,EIA 860M,1257
2003,12,OH,FirstEnergy Toronto,2867,FirstEnergy Generation Corp,6526,IPP Non-CHP,7,69.0,Conventional Steam Coal,Bituminous coal,Steam turbine,Coal,40.4825,-80.604444,2003-12-15,EIA 860M,1258
2015,5,OH,Muskingum River,2872,AEP Generation Resources Inc,58620,IPP Non-CHP,3,237.5,Conventional Steam Coal,Bituminous coal,Steam turbine,Coal,39.5908,-81.6797,2015-05-15,EIA 860M,1259
2015,5,OH,Muskingum River,2872,AEP Generation Resources Inc,58620,IPP Non-CHP,4,237.5,Conventional Steam Coal,Bituminous coal,Steam turbine,Coal,39.5908,-81.6797,2015-05-15,EIA 860M,1260
2015,5,OH,Muskingum River,2872,AEP Generation Resources Inc,58620,IPP Non-CHP,5,615.2,Conventional Steam Coal,Bituminous coal,Steam turbine,Coal,39.5908,-81.6797,2015-05-15,EIA 860M,1261
2015,5,OH,Muskingum River,2872,AEP Generation Resources Inc,58620,IPP Non-CHP,1,219.6,Conventional Steam Coal,Bituminous coal,Steam turbine,Coal,39.5908,-81.6797,2015-05-15,EIA 860M,1262
2015,5,OH,Muskingum River,2872,AEP Generation Resources Inc,58620,IPP Non-CHP,2,219.6,Conventional Steam Coal,Bituminous coal,Steam turbine,Coal,39.5908,-81.6797,2015-05-15,EIA 860M,1263
2012,9,OH,FirstEnergy Bay Shore,2878,"Walleye Power, LLC ",62031,IPP CHP,3,140.6,Conventional Steam Coal,Subbituminous coal,Steam turbine,Coal,41.6917,-83.4378,2012-09-15,EIA 860M,1264
2012,9,OH,FirstEnergy Bay Shore,2878,"Walleye Power, LLC ",62031,IPP CHP,4,217.6,Conventional Steam Coal,Subbituminous coal,Steam turbine,Coal,41.6917,-83.4378,2012-09-15,EIA 860M,1265
2012,9,OH,FirstEnergy Bay Shore,2878,"Walleye Power, LLC ",62031,IPP CHP,2,140.6,Conventional Steam Coal,Subbituminous coal,Steam turbine,Coal,41.6917,-83.4378,2012-09-15,EIA 860M,1266
2022,3,OH,Arcanum,2902,City of Arcanum - (OH),768,Electric Utility,2,0.5,Petroleum Liquids,"Distillate fuel oil, light fuel oil, FO2, diesel oil",Internal combustion engine,Oil,39.9861,-84.5503,2022-03-15,EIA 860M,1267
2022,3,OH,Arcanum,2902,City of Arcanum - (OH),768,Electric Utility,1,0.7,Petroleum Liquids,"Distillate fuel oil, light fuel oil, FO2, diesel oil",Internal combustion engine,Oil,39.9861,-84.5503,2022-03-15,EIA 860M,1268
2007,6,OH,Dover (OH),2914,City of Dover - (OH),5336,Electric Utility,2,4.0,Conventional Steam Coal,Bituminous coal,Steam turbine,Coal,40.520066,-81.46815,2007-06-15,EIA 860M,1269
2021,9,OH,Hamilton (OH),2917,City of Hamilton - (OH),7977,Electric Utility,9,50.6,Natural Gas Steam Turbine,Natural gas,Steam turbine,Gas,39.4098,-84.5543,2021-09-15,EIA 860M,1270
2011,8,OH,Hamilton (OH),2917,City of Hamilton - (OH),7977,Electric Utility,GT1,11.2,Natural Gas Fired Combustion Turbine,Natural gas,Combustion turbine,Gas,39.4098,-84.5543,2011-08-15,EIA 860M,1271
2021,9,OH,Hamilton (OH),2917,City of Hamilton - (OH),7977,Electric Utility,8,25.0,Natural Gas Steam Turbine,Natural gas,Steam turbine,Gas,39.4098,-84.5543,2021-09-15,EIA 860M,1272
2021,9,OH,Hamilton (OH),2917,City of Hamilton - (OH),7977,Electric Utility,5,10.0,Natural Gas Steam Turbine,Natural gas,Steam turbine,Gas,39.4098,-84.5543,2021-09-15,EIA 860M,1273
2021,9,OH,Hamilton (OH),2917,City of Hamilton - (OH),7977,Electric Utility,7,25.0,Natural Gas Steam Turbine,Natural gas,Steam turbine,Gas,39.4098,-84.5543,2021-09-15,EIA 860M,1274
2007,12,OH,Piqua Power Plant,2937,City of Piqua - (OH),15095,Electric Utility,3,4.0,Conventional Steam Coal,Bituminous coal,Steam turbine,Coal,40.133848,-84.237258,2007-12-15,EIA 860M,1275
2007,12,OH,Piqua Power Plant,2937,City of Piqua - (OH),15095,Electric Utility,7,20.0,Conventional Steam Coal,Bituminous coal,Steam turbine,Coal,40.133848,-84.237258,2007-12-15,EIA 860M,1276
2007,12,OH,Piqua Power Plant,2937,City of Piqua - (OH),15095,Electric Utility,6,12.5,Conventional Steam Coal,Bituminous coal,Steam turbine,Coal,40.133848,-84.237258,2007-12-15,EIA 860M,1277
2007,12,OH,Piqua Power Plant,2937,City of Piqua - (OH),15095,Electric Utility,4,7.5,Conventional Steam Coal,Bituminous coal,Steam turbine,Coal,40.133848,-84.237258,2007-12-15,EIA 860M,1278
2007,12,OH,Piqua Power Plant,2937,City of Piqua - (OH),15095,Electric Utility,10,0.8,Conventional Steam Coal,Bituminous coal,Steam turbine,Coal,40.133848,-84.237258,2007-12-15,EIA 860M,1279
2007,12,OH,St Marys,2942,City of St Marys - (OH),17891,Electric Utility,AUX,0.8,Petroleum Liquids,"Distillate fuel oil, light fuel oil, FO2, diesel oil",Combustion turbine,Oil,40.5458,-84.3889,2007-12-15,EIA 860M,1280
2007,12,OH,St Marys,2942,City of St Marys - (OH),17891,Electric Utility,6,10.0,Conventional Steam Coal,Bituminous coal,Steam turbine,Coal,40.5458,-84.3889,2007-12-15,EIA 860M,1281
2007,12,OH,St Marys,2942,City of St Marys - (OH),17891,Electric Utility,5,6.0,Conventional Steam Coal,Bituminous coal,Steam turbine,Coal,40.5458,-84.3889,2007-12-15,EIA 860M,1282
2002,9,OK,Arbuckle,2947,Oklahoma Gas & Electric Co,14063,Electric Utility,1,73.0,Natural Gas Steam Turbine,Natural gas,Steam turbine,Gas,34.511667,-96.979722,2002-09-15,EIA 860M,1283
2012,12,OK,Enid,2950,Oklahoma Gas & Electric Co,14063,Electric Utility,1,15.0,Natural Gas Fired Combustion Turbine,Natural gas,Combustion turbine,Gas,36.37125,-97.87374,2012-12-15,EIA 860M,1284
2012,12,OK,Enid,2950,Oklahoma Gas & Electric Co,14063,Electric Utility,3,15.0,Natural Gas Fired Combustion Turbine,Natural gas,Combustion turbine,Gas,36.37125,-97.87374,2012-12-15,EIA 860M,1285
2012,12,OK,Enid,2950,Oklahoma Gas & Electric Co,14063,Electric Utility,4,15.0,Natural Gas Fired Combustion Turbine,Natural gas,Combustion turbine,Gas,36.37125,-97.87374,2012-12-15,EIA 860M,1286
2012,12,OK,Enid,2950,Oklahoma Gas & Electric Co,14063,Electric Utility,2,15.0,Natural Gas Fired Combustion Turbine,Natural gas,Combustion turbine,Gas,36.37125,-97.87374,2012-12-15,EIA 860M,1287
2017,3,OK,Horseshoe Lake,2951,Oklahoma Gas & Electric Co,14063,Electric Utility,GT7,27.0,Natural Gas Fired Combustion Turbine,Natural gas,Combustion turbine,Gas,35.50866,-97.17969,2017-03-15,EIA 860M,1288
2024,1,OK,Horseshoe Lake,2951,Oklahoma Gas & Electric Co,14063,Electric Utility,6,163.0,Natural Gas Steam Turbine,Natural gas,Steam turbine,Gas,35.50866,-97.17969,2024-01-15,EIA 860M,1289
2010,12,OK,Muskogee,2952,Oklahoma Gas & Electric Co,14063,Electric Utility,3,173.0,Natural Gas Steam Turbine,Natural gas,Steam turbine,Gas,35.76135,-95.28732,2010-12-15,EIA 860M,1290
2017,12,OK,Mustang,2953,Oklahoma Gas & Electric Co,14063,Electric Utility,4,253.0,Natural Gas Steam Turbine,Natural gas,Steam turbine,Gas,35.46988,-97.67498,2017-12-15,EIA 860M,1291
2017,12,OK,Mustang,2953,Oklahoma Gas & Electric Co,14063,Electric Utility,3,133.0,Natural Gas Steam Turbine,Natural gas,Steam turbine,Gas,35.46988,-97.67498,2017-12-15,EIA 860M,1292
2015,12,OK,Mustang,2953,Oklahoma Gas & Electric Co,14063,Electric Utility,2,63.0,Natural Gas Steam Turbine,Natural gas,Steam turbine,Gas,35.46988,-97.67498,2015-12-15,EIA 860M,1293
2015,12,OK,Mustang,2953,Oklahoma Gas & Electric Co,14063,Electric Utility,1,82.0,Natural Gas Steam Turbine,Natural gas,Steam turbine,Gas,35.46988,-97.67498,2015-12-15,EIA 860M,1294
2015,12,OK,Seminole (OK),2956,Oklahoma Gas & Electric Co,14063,Electric Utility,GT1,23.0,Natural Gas Fired Combustion Turbine,Natural gas,Combustion turbine,Gas,34.96645,-96.7258,2015-12-15,EIA 860M,1295
2012,12,OK,Woodward,2958,Oklahoma Gas & Electric Co,14063,Electric Utility,GT1,11.0,Natural Gas Fired Combustion Turbine,Natural gas,Combustion turbine,Gas,36.375389,-99.370179,2012-12-15,EIA 860M,1296
2016,4,OK,Northeastern,2963,Public Service Co of Oklahoma,15474,Electric Utility,4,473.0,Conventional Steam Coal,Subbituminous coal,Steam turbine,Coal,36.4317,-95.7008,2016-04-15,EIA 860M,1297
2012,2,OK,Tulsa,2965,Public Service Co of Oklahoma,15474,Electric Utility,3,95.0,Natural Gas Steam Turbine,Natural gas,Steam turbine,Gas,36.116492,-95.990974,2012-02-15,EIA 860M,1298
2030,1,OK,Weleetka,2966,Public Service Co of Oklahoma,15474,Electric Utility,4,53.0,Natural Gas Fired Combustion Turbine,Natural gas,Combustion turbine,Gas,35.3233,-96.1352,2030-01-15,Electric Power Monthly Table 6.6,1299
2019,3,OK,Weleetka,2966,Public Service Co of Oklahoma,15474,Electric Utility,6,53.0,Natural Gas Fired Combustion Turbine,Natural gas,Combustion turbine,Gas,35.3233,-96.1352,2019-03-15,EIA 860M,1300
2026,12,TN,Cumberland (TN),3399,Tennessee Valley Authority,18642,Electric Utility,2,1231.0,Conventional Steam Coal,Bituminous coal,Steam turbine,Coal,36.3903,-87.6539,2026-12-15,Electric Power Monthly Table 6.6,1301
2031,12,TN,Gallatin (TN),3403,Tennessee Valley Authority,18642,Electric Utility,1,225.0,Conventional Steam Coal,Bituminous coal,Steam turbine,Coal,36.3156,-86.4006,2031-12-15,Electric Power Monthly Table 6.6,1302
2031,12,TN,Gallatin (TN),3403,Tennessee Valley Authority,18642,Electric Utility,GT3,71.5,Natural Gas Fired Combustion Turbine,Natural gas,Combustion turbine,Gas,36.3156,-86.4006,2031-12-15,Electric Power Monthly Table 6.6,1303
2031,12,TN,Gallatin (TN),3403,Tennessee Valley Authority,18642,Electric Utility,2,225.0,Conventional Steam Coal,Subbituminous coal,Steam turbine,Coal,36.3156,-86.4006,2031-12-15,Electric Power Monthly Table 6.6,1304
2031,12,TN,Gallatin (TN),3403,Tennessee Valley Authority,18642,Electric Utility,3,263.0,Conventional Steam Coal,Subbituminous coal,Steam turbine,Coal,36.3156,-86.4006,2031-12-15,Electric Power Monthly Table 6.6,1305
2031,12,TN,Gallatin (TN),3403,Tennessee Valley Authority,18642,Electric Utility,4,263.0,Conventional Steam Coal,Subbituminous coal,Steam turbine,Coal,36.3156,-86.4006,2031-12-15,Electric Power Monthly Table 6.6,1306
2031,12,TN,Gallatin (TN),3403,Tennessee Valley Authority,18642,Electric Utility,GT1,71.5,Natural Gas Fired Combustion Turbine,Natural gas,Combustion turbine,Gas,36.3156,-86.4006,2031-12-15,Electric Power Monthly Table 6.6,1307
2031,12,TN,Gallatin (TN),3403,Tennessee Valley Authority,18642,Electric Utility,GT2,71.5,Natural Gas Fired Combustion Turbine,Natural gas,Combustion turbine,Gas,36.3156,-86.4006,2031-12-15,Electric Power Monthly Table 6.6,1308
2031,12,TN,Gallatin (TN),3403,Tennessee Valley Authority,18642,Electric Utility,GT4,71.5,Natural Gas Fired Combustion Turbine,Natural gas,Combustion turbine,Gas,36.3156,-86.4006,2031-12-15,Electric Power Monthly Table 6.6,1309
2031,12,TN,Gallatin (TN),3403,Tennessee Valley Authority,18642,Electric Utility,GT7,73.4,Natural Gas Fired Combustion Turbine,Natural gas,Combustion turbine,Gas,36.3156,-86.4006,2031-12-15,Electric Power Monthly Table 6.6,1310
2031,12,TN,Gallatin (TN),3403,Tennessee Valley Authority,18642,Electric Utility,GT6,73.4,Natural Gas Fired Combustion Turbine,Natural gas,Combustion turbine,Gas,36.3156,-86.4006,2031-12-15,Electric Power Monthly Table 6.6,1311
2031,12,TN,Gallatin (TN),3403,Tennessee Valley Authority,18642,Electric Utility,GT8,73.4,Natural Gas Fired Combustion Turbine,Natural gas,Combustion turbine,Gas,36.3156,-86.4006,2031-12-15,Electric Power Monthly Table 6.6,1312
2031,12,TN,Gallatin (TN),3403,Tennessee Valley Authority,18642,Electric Utility,GT5,73.4,Natural Gas Fired Combustion Turbine,Natural gas,Combustion turbine,Gas,36.3156,-86.4006,2031-12-15,Electric Power Monthly Table 6.6,1313
2014,6,TN,John Sevier,3405,Tennessee Valley Authority,18642,Electric Utility,4,200.0,Conventional Steam Coal,Bituminous coal,Steam turbine,Coal,36.3767,-82.9639,2014-06-15,EIA 860M,1314
2012,12,TN,John Sevier,3405,Tennessee Valley Authority,18642,Electric Utility,1,200.0,Conventional Steam Coal,Bituminous coal,Steam turbine,Coal,36.3767,-82.9639,2012-12-15,EIA 860M,1315
2012,12,TN,John Sevier,3405,Tennessee Valley Authority,18642,Electric Utility,2,200.0,Conventional Steam Coal,Bituminous coal,Steam turbine,Coal,36.3767,-82.9639,2012-12-15,EIA 860M,1316
2014,6,TN,John Sevier,3405,Tennessee Valley Authority,18642,Electric Utility,3,200.0,Conventional Steam Coal,Bituminous coal,Steam turbine,Coal,36.3767,-82.9639,2014-06-15,EIA 860M,1317
2028,12,TN,Johnsonville,3406,Tennessee Valley Authority,18642,Electric Utility,G12,47.1,Natural Gas Fired Combustion Turbine,Natural gas,Combustion turbine,Gas,36.0278,-87.9861,2028-12-15,Electric Power Monthly Table 6.6,1318
2015,12,TN,Johnsonville,3406,Tennessee Valley Authority,18642,Electric Utility,9,172.8,Conventional Steam Coal,Subbituminous coal,Steam turbine,Coal,36.0278,-87.9861,2015-12-15,EIA 860M,1319
2028,12,TN,Johnsonville,3406,Tennessee Valley Authority,18642,Electric Utility,G13,47.1,Natural Gas Fired Combustion Turbine,Natural gas,Combustion turbine,Gas,36.0278,-87.9861,2028-12-15,Electric Power Monthly Table 6.6,1320
2015,12,TN,Johnsonville,3406,Tennessee Valley Authority,18642,Electric Utility,8,172.8,Conventional Steam Coal,Subbituminous coal,Steam turbine,Coal,36.0278,-87.9861,2015-12-15,EIA 860M,1321
2028,12,TN,Johnsonville,3406,Tennessee Valley Authority,18642,Electric Utility,G11,47.1,Natural Gas Fired Combustion Turbine,Natural gas,Combustion turbine,Gas,36.0278,-87.9861,2028-12-15,Electric Power Monthly Table 6.6,1322
2028,12,TN,Johnsonville,3406,Tennessee Valley Authority,18642,Electric Utility,G10,47.1,Natural Gas Fired Combustion Turbine,Natural gas,Combustion turbine,Gas,36.0278,-87.9861,2028-12-15,Electric Power Monthly Table 6.6,1323
2025,3,TN,Johnsonville,3406,Tennessee Valley Authority,18642,Electric Utility,GT6,68.0,Natural Gas Fired Combustion Turbine,Natural gas,Combustion turbine,Gas,36.0278,-87.9861,2025-03-15,EIA 860M,1324
2015,12,TN,Johnsonville,3406,Tennessee Valley Authority,18642,Electric Utility,7,172.8,Conventional Steam Coal,Subbituminous coal,Steam turbine,Coal,36.0278,-87.9861,2015-12-15,EIA 860M,1325
2028,12,TN,Johnsonville,3406,Tennessee Valley Authority,18642,Electric Utility,G15,47.1,Natural Gas Fired Combustion Turbine,Natural gas,Combustion turbine,Gas,36.0278,-87.9861,2028-12-15,Electric Power Monthly Table 6.6,1326
2028,12,TN,Johnsonville,3406,Tennessee Valley Authority,18642,Electric Utility,G16,47.1,Natural Gas Fired Combustion Turbine,Natural gas,Combustion turbine,Gas,36.0278,-87.9861,2028-12-15,Electric Power Monthly Table 6.6,1327
2028,12,TN,Johnsonville,3406,Tennessee Valley Authority,18642,Electric Utility,GT1,47.1,Natural Gas Fired Combustion Turbine,Natural gas,Combustion turbine,Gas,36.0278,-87.9861,2028-12-15,Electric Power Monthly Table 6.6,1328
2028,12,TN,Johnsonville,3406,Tennessee Valley Authority,18642,Electric Utility,GT2,47.1,Natural Gas Fired Combustion Turbine,Natural gas,Combustion turbine,Gas,36.0278,-87.9861,2028-12-15,Electric Power Monthly Table 6.6,1329
2028,12,TN,Johnsonville,3406,Tennessee Valley Authority,18642,Electric Utility,G14,47.1,Natural Gas Fired Combustion Turbine,Natural gas,Combustion turbine,Gas,36.0278,-87.9861,2028-12-15,Electric Power Monthly Table 6.6,1330
2015,12,TN,Johnsonville,3406,Tennessee Valley Authority,18642,Electric Utility,6,147.0,Conventional Steam Coal,Subbituminous coal,Steam turbine,Coal,36.0278,-87.9861,2015-12-15,EIA 860M,1331
2028,12,TN,Johnsonville,3406,Tennessee Valley Authority,18642,Electric Utility,GT3,47.1,Natural Gas Fired Combustion Turbine,Natural gas,Combustion turbine,Gas,36.0278,-87.9861,2028-12-15,Electric Power Monthly Table 6.6,1332
2015,12,TN,Johnsonville,3406,Tennessee Valley Authority,18642,Electric Utility,10,172.8,Conventional Steam Coal,Subbituminous coal,Steam turbine,Coal,36.0278,-87.9861,2015-12-15,EIA 860M,1333
2015,12,TN,Johnsonville,3406,Tennessee Valley Authority,18642,Electric Utility,5,147.0,Conventional Steam Coal,Subbituminous coal,Steam turbine,Coal,36.0278,-87.9861,2015-12-15,EIA 860M,1334
2025,3,TN,Johnsonville,3406,Tennessee Valley Authority,18642,Electric Utility,GT5,68.0,Natural Gas Fired Combustion Turbine,Natural gas,Combustion turbine,Gas,36.0278,-87.9861,2025-03-15,EIA 860M,1335
2025,3,TN,Johnsonville,3406,Tennessee Valley Authority,18642,Electric Utility,GT7,68.0,Natural Gas Fired Combustion Turbine,Natural gas,Combustion turbine,Gas,36.0278,-87.9861,2025-03-15,EIA 860M,1336
2025,3,TN,Johnsonville,3406,Tennessee Valley Authority,18642,Electric Utility,GT8,68.0,Natural Gas Fired Combustion Turbine,Natural gas,Combustion turbine,Gas,36.0278,-87.9861,2025-03-15,EIA 860M,1337
2025,3,TN,Johnsonville,3406,Tennessee Valley Authority,18642,Electric Utility,GT4,68.0,Natural Gas Fired Combustion Turbine,Natural gas,Combustion turbine,Gas,36.0278,-87.9861,2025-03-15,EIA 860M,1338
2017,12,TN,Johnsonville,3406,Tennessee Valley Authority,18642,Electric Utility,1,125.0,Conventional Steam Coal,Subbituminous coal,Steam turbine,Coal,36.0278,-87.9861,2017-12-15,EIA 860M,1339
2017,12,TN,Johnsonville,3406,Tennessee Valley Authority,18642,Electric Utility,2,125.0,Conventional Steam Coal,Subbituminous coal,Steam turbine,Coal,36.0278,-87.9861,2017-12-15,EIA 860M,1340
2017,12,TN,Johnsonville,3406,Tennessee Valley Authority,18642,Electric Utility,3,125.0,Conventional Steam Coal,Subbituminous coal,Steam turbine,Coal,36.0278,-87.9861,2017-12-15,EIA 860M,1341
2017,12,TN,Johnsonville,3406,Tennessee Valley Authority,18642,Electric Utility,4,125.0,Conventional Steam Coal,Subbituminous coal,Steam turbine,Coal,36.0278,-87.9861,2017-12-15,EIA 860M,1342
2025,3,TN,Johnsonville,3406,Tennessee Valley Authority,18642,Electric Utility,GT9,68.0,Natural Gas Fired Combustion Turbine,Natural gas,Combustion turbine,Gas,36.0278,-87.9861,2025-03-15,EIA 860M,1343
2027,12,TN,Kingston,3407,Tennessee Valley Authority,18642,Electric Utility,4,99.0,Conventional Steam Coal,Subbituminous coal,Steam turbine,Coal,35.8992,-84.5194,2027-12-15,Electric Power Monthly Table 6.6,1344
2027,12,TN,Kingston,3407,Tennessee Valley Authority,18642,Electric Utility,3,105.0,Conventional Steam Coal,Subbituminous coal,Steam turbine,Coal,35.8992,-84.5194,2027-12-15,Electric Power Monthly Table 6.6,1345
2027,12,TN,Kingston,3407,Tennessee Valley Authority,18642,Electric Utility,2,105.0,Conventional Steam Coal,Subbituminous coal,Steam turbine,Coal,35.8992,-84.5194,2027-12-15,Electric Power Monthly Table 6.6,1346
2027,12,TN,Kingston,3407,Tennessee Valley Authority,18642,Electric Utility,1,104.0,Conventional Steam Coal,Subbituminous coal,Steam turbine,Coal,35.8992,-84.5194,2027-12-15,Electric Power Monthly Table 6.6,1347
2026,12,TN,Kingston,3407,Tennessee Valley Authority,18642,Electric Utility,9,147.0,Conventional Steam Coal,Subbituminous coal,Steam turbine,Coal,35.8992,-84.5194,2026-12-15,Electric Power Monthly Table 6.6,1348
2027,12,TN,Kingston,3407,Tennessee Valley Authority,18642,Electric Utility,5,150.0,Conventional Steam Coal,Subbituminous coal,Steam turbine,Coal,35.8992,-84.5194,2027-12-15,Electric Power Monthly Table 6.6,1349
2026,12,TN,Kingston,3407,Tennessee Valley Authority,18642,Electric Utility,8,150.0,Conventional Steam Coal,Subbituminous coal,Steam turbine,Coal,35.8992,-84.5194,2026-12-15,Electric Power Monthly Table 6.6,1350
2026,12,TN,Kingston,3407,Tennessee Valley Authority,18642,Electric Utility,7,147.0,Conventional Steam Coal,Subbituminous coal,Steam turbine,Coal,35.8992,-84.5194,2026-12-15,Electric Power Monthly Table 6.6,1351
2027,12,TN,Kingston,3407,Tennessee Valley Authority,18642,Electric Utility,6,140.0,Conventional Steam Coal,Subbituminous coal,Steam turbine,Coal,35.8992,-84.5194,2027-12-15,Electric Power Monthly Table 6.6,1352
2004,12,CA,Long Beach Generation LLC,341,Long Beach Generation LLC,11181,IPP Non-CHP,CT5,63.0,Natural Gas Fired Combined Cycle,Natural gas,Combined cycle,Gas,33.7641,-118.2248,2004-12-15,EIA 860M,1353
2004,12,CA,Long Beach Generation LLC,341,Long Beach Generation LLC,11181,IPP Non-CHP,CT7,63.0,Natural Gas Fired Combined Cycle,Natural gas,Combined cycle,Gas,33.7641,-118.2248,2004-12-15,EIA 860M,1354
2004,12,CA,Long Beach Generation LLC,341,Long Beach Generation LLC,11181,IPP Non-CHP,CT6,63.0,Natural Gas Fired Combined Cycle,Natural gas,Combined cycle,Gas,33.7641,-118.2248,2004-12-15,EIA 860M,1355
2004,12,CA,Long Beach Generation LLC,341,Long Beach Generation LLC,11181,IPP Non-CHP,ST9,66.4,Natural Gas Fired Combined Cycle,Natural gas,Combined cycle,Gas,33.7641,-118.2248,2004-12-15,EIA 860M,1356
2004,12,CA,Long Beach Generation LLC,341,Long Beach Generation LLC,11181,IPP Non-CHP,ST8,80.0,Natural Gas Fired Combined Cycle,Natural gas,Combined cycle,Gas,33.7641,-118.2248,2004-12-15,EIA 860M,1357
2011,12,TN,Watts Bar Fossil,3419,Tennessee Valley Authority,18642,Electric Utility,ST1,60.0,Conventional Steam Coal,Bituminous coal,Steam turbine,Coal,35.6108,-84.7811,2011-12-15,EIA 860M,1358
2011,12,TN,Watts Bar Fossil,3419,Tennessee Valley Authority,18642,Electric Utility,ST2,60.0,Conventional Steam Coal,Bituminous coal,Steam turbine,Coal,35.6108,-84.7811,2011-12-15,EIA 860M,1359
2011,12,TN,Watts Bar Fossil,3419,Tennessee Valley Authority,18642,Electric Utility,ST3,60.0,Conventional Steam Coal,Bituminous coal,Steam turbine,Coal,35.6108,-84.7811,2011-12-15,EIA 860M,1360
2011,12,TN,Watts Bar Fossil,3419,Tennessee Valley Authority,18642,Electric Utility,ST4,60.0,Conventional Steam Coal,Bituminous coal,Steam turbine,Coal,35.6108,-84.7811,2011-12-15,EIA 860M,1361
2008,9,TX,Laredo,3439,City of San Antonio - (TX),16604,Electric Utility,3,115.2,Natural Gas Steam Turbine,Natural gas,Steam turbine,Gas,27.5667,-99.5089,2008-09-15,EIA 860M,1362
2008,9,TX,Laredo,3439,City of San Antonio - (TX),16604,Electric Utility,2,37.5,Natural Gas Steam Turbine,Natural gas,Steam turbine,Gas,27.5667,-99.5089,2008-09-15,EIA 860M,1363
2008,9,TX,Laredo,3439,City of San Antonio - (TX),16604,Electric Utility,1,34.5,Natural Gas Steam Turbine,Natural gas,Steam turbine,Gas,27.5667,-99.5089,2008-09-15,EIA 860M,1364
2008,5,TX,Nueces Bay,3441,City of San Antonio - (TX),16604,Electric Utility,5,32.5,Natural Gas Steam Turbine,Natural gas,Steam turbine,Gas,27.819412,-97.419203,2008-05-15,EIA 860M,1365
2008,5,TX,Nueces Bay,3441,City of San Antonio - (TX),16604,Electric Utility,6,180.0,Natural Gas Steam Turbine,Natural gas,Steam turbine,Gas,27.819412,-97.419203,2008-05-15,EIA 860M,1366
2009,9,TX,Victoria,3443,"Victoria WLE, LP",60638,IPP Non-CHP,4,75.0,Natural Gas Steam Turbine,Natural gas,Steam turbine,Gas,28.7883,-97.01,2009-09-15,EIA 860M,1367
2008,12,TX,Victoria,3443,"Victoria WLE, LP",60638,IPP Non-CHP,6,261.0,Natural Gas Steam Turbine,Natural gas,Steam turbine,Gas,28.7883,-97.01,2008-12-15,EIA 860M,1368
2018,2,CA,Mandalay,345,"GenOn California South, LP",15908,IPP Non-CHP,1,218.0,Natural Gas Steam Turbine,Natural gas,Steam turbine,Gas,34.2067,-119.2511,2018-02-15,EIA 860M,1369
2018,2,CA,Mandalay,345,"GenOn California South, LP",15908,IPP Non-CHP,03,138.0,Natural Gas Fired Combustion Turbine,Natural gas,Combustion turbine,Gas,34.2067,-119.2511,2018-02-15,EIA 860M,1370
2018,2,CA,Mandalay,345,"GenOn California South, LP",15908,IPP Non-CHP,2,218.0,Natural Gas Steam Turbine,Natural gas,Steam turbine,Gas,34.2067,-119.2511,2018-02-15,EIA 860M,1371
2009,3,TX,Mountain Creek,3453,"Mountain Creek Power, LLC",62026,IPP Non-CHP,2,31.2,Natural Gas Steam Turbine,Natural gas,Steam turbine,Gas,32.7231,-96.9358,2009-03-15,EIA 860M,1372
2009,3,TX,Mountain Creek,3453,"Mountain Creek Power, LLC",62026,IPP Non-CHP,3,74.9,Natural Gas Steam Turbine,Natural gas,Steam turbine,Gas,32.7231,-96.9358,2009-03-15,EIA 860M,1373
2009,5,TX,North Lake,3454,Luminant Generation Company LLC,55983,IPP Non-CHP,1,176.8,Natural Gas Steam Turbine,Natural gas,Steam turbine,Gas,32.950556,-96.975,2009-05-15,EIA 860M,1374
2009,5,TX,North Lake,3454,Luminant Generation Company LLC,55983,IPP Non-CHP,2,170.4,Natural Gas Steam Turbine,Natural gas,Steam turbine,Gas,32.950556,-96.975,2009-05-15,EIA 860M,1375
2009,5,TX,North Lake,3454,Luminant Generation Company LLC,55983,IPP Non-CHP,3,361.3,Natural Gas Steam Turbine,Natural gas,Steam turbine,Gas,32.950556,-96.975,2009-05-15,EIA 860M,1376
2004,3,TX,Parkdale,3455,Luminant Generation Company LLC,55983,IPP Non-CHP,2,125.0,Natural Gas Steam Turbine,Natural gas,Steam turbine,Gas,32.776667,-96.723333,2004-03-15,EIA 860M,1377
2004,3,TX,Parkdale,3455,Luminant Generation Company LLC,55983,IPP Non-CHP,1,79.6,Natural Gas Steam Turbine,Natural gas,Steam turbine,Gas,32.776667,-96.723333,2004-03-15,EIA 860M,1378
2004,3,TX,Parkdale,3455,Luminant Generation Company LLC,55983,IPP Non-CHP,3,136.0,Natural Gas Steam Turbine,Natural gas,Steam turbine,Gas,32.776667,-96.723333,2004-03-15,EIA 860M,1379
2031,12,TX,Newman,3456,El Paso Electric Co,5701,Electric Utility,CT1,67.0,Natural Gas Fired Combined Cycle,Natural gas,Combined cycle,Gas,31.983587,-106.431777,2031-12-15,Electric Power Monthly Table 6.6,1380
2027,12,TX,Newman,3456,El Paso Electric Co,5701,Electric Utility,2,73.0,Natural Gas Steam Turbine,Natural gas,Steam turbine,Gas,31.983587,-106.431777,2027-12-15,Electric Power Monthly Table 6.6,1381
2031,12,TX,Newman,3456,El Paso Electric Co,5701,Electric Utility,CT2,67.0,Natural Gas Fired Combined Cycle,Natural gas,Combined cycle,Gas,31.983587,-106.431777,2031-12-15,Electric Power Monthly Table 6.6,1382
2031,12,TX,Newman,3456,El Paso Electric Co,5701,Electric Utility,4,86.0,Natural Gas Fired Combined Cycle,Natural gas,Combined cycle,Gas,31.983587,-106.431777,2031-12-15,Electric Power Monthly Table 6.6,1383
2027,12,TX,Newman,3456,El Paso Electric Co,5701,Electric Utility,1,73.0,Natural Gas Steam Turbine,Natural gas,Steam turbine,Gas,31.983587,-106.431777,2027-12-15,Electric Power Monthly Table 6.6,1384
2031,12,TX,Newman,3456,El Paso Electric Co,5701,Electric Utility,3,90.0,Natural Gas Steam Turbine,Natural gas,Steam turbine,Gas,31.983587,-106.431777,2031-12-15,Electric Power Monthly Table 6.6,1385
2034,6,TX,Lewis Creek,3457,Entergy Texas Inc.,55937,Electric Utility,1,250.0,Natural Gas Steam Turbine,Natural gas,Steam turbine,Gas,30.4356,-95.5214,2034-06-15,Electric Power Monthly Table 6.6,1386
2034,6,TX,Lewis Creek,3457,Entergy Texas Inc.,55937,Electric Utility,2,250.0,Natural Gas Steam Turbine,Natural gas,Steam turbine,Gas,30.4356,-95.5214,2034-06-15,Electric Power Monthly Table 6.6,1387
2016,10,TX,Sabine,3459,Entergy Texas Inc.,55937,Electric Utility,2,239.4,Natural Gas Steam Turbine,Natural gas,Steam turbine,Gas,30.0242,-93.878,2016-10-15,EIA 860M,1388
2026,6,TX,Sabine,3459,Entergy Texas Inc.,55937,Electric Utility,3,369.3,Natural Gas Steam Turbine,Natural gas,Steam turbine,Gas,30.0242,-93.878,2026-06-15,Electric Power Monthly Table 6.6,1389
2026,6,TX,Sabine,3459,Entergy Texas Inc.,55937,Electric Utility,4,490.1,Natural Gas Steam Turbine,Natural gas,Steam turbine,Gas,30.0242,-93.878,2026-06-15,Electric Power Monthly Table 6.6,1390
2026,10,TX,Sabine,3459,Entergy Texas Inc.,55937,Electric Utility,1,202.5,Natural Gas Steam Turbine,Natural gas,Steam turbine,Gas,30.0242,-93.878,2026-10-15,Electric Power Monthly Table 6.6,1391
2007,7,TX,Cedar Bayou,3460,NRG Texas Power LLC,54888,IPP Non-CHP,3,765.0,Natural Gas Steam Turbine,Natural gas,Steam turbine,Gas,29.75,-94.9256,2007-07-15,EIA 860M,1392
2017,12,TX,Greens Bayou,3464,NRG Texas Power LLC,54888,IPP Non-CHP,5,446.4,Natural Gas Steam Turbine,Natural gas,Steam turbine,Gas,29.822201,-95.219429,2017-12-15,EIA 860M,1393
2009,10,TX,P H Robinson,3466,NRG Texas Power LLC,54888,IPP Non-CHP,2,484.5,Natural Gas Steam Turbine,Natural gas,Steam turbine,Gas,29.486667,-94.979444,2009-10-15,EIA 860M,1394
2009,10,TX,P H Robinson,3466,NRG Texas Power LLC,54888,IPP Non-CHP,1,484.5,Natural Gas Steam Turbine,Natural gas,Steam turbine,Gas,29.486667,-94.979444,2009-10-15,EIA 860M,1395
2009,10,TX,P H Robinson,3466,NRG Texas Power LLC,54888,IPP Non-CHP,3,580.5,Natural Gas Steam Turbine,Natural gas,Steam turbine,Gas,29.486667,-94.979444,2009-10-15,EIA 860M,1396
2009,10,TX,P H Robinson,3466,NRG Texas Power LLC,54888,IPP Non-CHP,4,765.0,Natural Gas Steam Turbine,Natural gas,Steam turbine,Gas,29.486667,-94.979444,2009-10-15,EIA 860M,1397
2019,1,TX,Sam Bertron,3468,NRG Texas Power LLC,54888,IPP Non-CHP,ST2,187.8,Natural Gas Steam Turbine,Natural gas,Steam turbine,Gas,29.726775,-95.059827,2019-01-15,EIA 860M,1398
2019,1,TX,Sam Bertron,3468,NRG Texas Power LLC,54888,IPP Non-CHP,ST1,187.8,Natural Gas Steam Turbine,Natural gas,Steam turbine,Gas,29.726775,-95.059827,2019-01-15,EIA 860M,1399
2017,12,TX,Sam Bertron,3468,NRG Texas Power LLC,54888,IPP Non-CHP,3,225.3,Natural Gas Steam Turbine,Natural gas,Steam turbine,Gas,29.726775,-95.059827,2017-12-15,EIA 860M,1400
2010,12,CO,Cameo,468,Public Service Co of Colorado,15466,Electric Utility,2,50.0,Conventional Steam Coal,Bituminous coal,Steam turbine,Coal,39.127778,-108.326111,2010-12-15,EIA 860M,1401
2011,10,CO,Cherokee,469,Public Service Co of Colorado,15466,Electric Utility,2,125.0,Conventional Steam Coal,Bituminous coal,Steam turbine,Coal,39.807275,-104.964548,2011-10-15,EIA 860M,1402
2027,12,CO,Cherokee,469,Public Service Co of Colorado,15466,Electric Utility,4,310.0,Natural Gas Steam Turbine,Natural gas,Steam turbine,Gas,39.807275,-104.964548,2027-12-15,Electric Power Monthly Table 6.6,1403
2012,4,CO,Cherokee,469,Public Service Co of Colorado,15466,Electric Utility,1,125.0,Conventional Steam Coal,Bituminous coal,Steam turbine,Coal,39.807275,-104.964548,2012-04-15,EIA 860M,1404
2015,8,CO,Cherokee,469,Public Service Co of Colorado,15466,Electric Utility,3,170.5,Conventional Steam Coal,Bituminous coal,Steam turbine,Coal,39.807275,-104.964548,2015-08-15,EIA 860M,1405
2016,4,AL,Colbert,47,Tennessee Valley Authority,18642,Electric Utility,4,200.0,Conventional Steam Coal,Bituminous coal,Steam turbine,Coal,34.7439,-87.8486,2016-04-15,EIA 860M,1406
2016,4,AL,Colbert,47,Tennessee Valley Authority,18642,Electric Utility,1,200.0,Conventional Steam Coal,Bituminous coal,Steam turbine,Coal,34.7439,-87.8486,2016-04-15,EIA 860M,1407
2016,4,AL,Colbert,47,Tennessee Valley Authority,18642,Electric Utility,2,200.0,Conventional Steam Coal,Bituminous coal,Steam turbine,Coal,34.7439,-87.8486,2016-04-15,EIA 860M,1408
2016,4,AL,Colbert,47,Tennessee Valley Authority,18642,Electric Utility,3,200.0,Conventional Steam Coal,Bituminous coal,Steam turbine,Coal,34.7439,-87.8486,2016-04-15,EIA 860M,1409
2016,4,AL,Colbert,47,Tennessee Valley Authority,18642,Electric Utility,5,550.0,Conventional Steam Coal,Bituminous coal,Steam turbine,Coal,34.7439,-87.8486,2016-04-15,EIA 860M,1410
2025,12,CO,Comanche (CO),470,Public Service Co of Colorado,15466,Electric Utility,2,335.0,Conventional Steam Coal,Subbituminous coal,Steam turbine,Coal,38.2081,-104.5747,2025-12-15,Electric Power Monthly Table 6.6,1411
2022,12,CO,Comanche (CO),470,Public Service Co of Colorado,15466,Electric Utility,1,382.5,Conventional Steam Coal,Subbituminous coal,Steam turbine,Coal,38.2081,-104.5747,2022-12-15,EIA 860M,1412
2026,12,CO,Fruita,471,Public Service Co of Colorado,15466,Electric Utility,1,14.0,Natural Gas Fired Combustion Turbine,Natural gas,Combustion turbine,Gas,39.1364,-108.7347,2026-12-15,Electric Power Monthly Table 6.6,1413
2026,12,CO,Valmont,477,Public Service Co of Colorado,15466,Electric Utility,6,43.0,Natural Gas Fired Combustion Turbine,Natural gas,Combustion turbine,Gas,40.0195,-105.202,2026-12-15,Electric Power Monthly Table 6.6,1414
2017,9,CO,Valmont,477,Public Service Co of Colorado,15466,Electric Utility,5,191.7,Conventional Steam Coal,Bituminous coal,Steam turbine,Coal,40.0195,-105.202,2017-09-15,EIA 860M,1415
2021,1,CO,Center,491,City of Center - (CO),3227,Electric Utility,3,0.5,Petroleum Liquids,"Distillate fuel oil, light fuel oil, FO2, diesel oil",Internal combustion engine,Oil,37.753606,-106.10467,2021-01-15,EIA 860M,1416
2021,1,CO,Center,491,City of Center - (CO),3227,Electric Utility,5,1.0,Petroleum Liquids,"Distillate fuel oil, light fuel oil, FO2, diesel oil",Internal combustion engine,Oil,37.753606,-106.10467,2021-01-15,EIA 860M,1417
2022,8,CO,South Plant (CO),492,City of Colorado Springs - (CO),3989,Electric Utility,6,75.0,Conventional Steam Coal,Subbituminous coal,Steam turbine,Coal,38.824444,-104.833333,2022-08-15,EIA 860M,1418
2022,8,CO,South Plant (CO),492,City of Colorado Springs - (CO),3989,Electric Utility,7,132.3,Natural Gas Steam Turbine,Natural gas,Steam turbine,Gas,38.824444,-104.833333,2022-08-15,EIA 860M,1419
2016,12,CO,South Plant (CO),492,City of Colorado Springs - (CO),3989,Electric Utility,5,50.0,Conventional Steam Coal,Subbituminous coal,Steam turbine,Coal,38.824444,-104.833333,2016-12-15,EIA 860M,1420
2013,9,TX,Thomas C Ferguson,4937,Lower Colorado River Authority,11269,Electric Utility,1,446.0,Natural Gas Steam Turbine,Natural gas,Steam turbine,Gas,30.558,-98.3721,2013-09-15,EIA 860M,1421
2019,11,AZ,Navajo,4941,Salt River Project,16572,Electric Utility,NAV1,803.1,Conventional Steam Coal,Bituminous coal,Steam turbine,Coal,36.9047,-111.3886,2019-11-15,EIA 860M,1422
2019,9,AZ,Navajo,4941,Salt River Project,16572,Electric Utility,NAV3,803.1,Conventional Steam Coal,Bituminous coal,Steam turbine,Coal,36.9047,-111.3886,2019-09-15,EIA 860M,1423
2019,11,AZ,Navajo,4941,Salt River Project,16572,Electric Utility,NAV2,803.1,Conventional Steam Coal,Bituminous coal,Steam turbine,Coal,36.9047,-111.3886,2019-11-15,EIA 860M,1424
2014,7,AL,Widows Creek,50,Tennessee Valley Authority,18642,Electric Utility,1,140.6,Conventional Steam Coal,Bituminous coal,Steam turbine,Coal,34.883022,-85.755253,2014-07-15,EIA 860M,1425
2015,9,AL,Widows Creek,50,Tennessee Valley Authority,18642,Electric Utility,8,550.0,Conventional Steam Coal,Bituminous coal,Steam turbine,Coal,34.883022,-85.755253,2015-09-15,EIA 860M,1426
2013,7,AL,Widows Creek,50,Tennessee Valley Authority,18642,Electric Utility,3,140.6,Conventional Steam Coal,Bituminous coal,Steam turbine,Coal,34.883022,-85.755253,2013-07-15,EIA 860M,1427
2014,7,AL,Widows Creek,50,Tennessee Valley Authority,18642,Electric Utility,6,140.6,Conventional Steam Coal,Bituminous coal,Steam turbine,Coal,34.883022,-85.755253,2014-07-15,EIA 860M,1428
2014,7,AL,Widows Creek,50,Tennessee Valley Authority,18642,Electric Utility,4,140.6,Conventional Steam Coal,Bituminous coal,Steam turbine,Coal,34.883022,-85.755253,2014-07-15,EIA 860M,1429
2014,7,AL,Widows Creek,50,Tennessee Valley Authority,18642,Electric Utility,2,140.6,Conventional Steam Coal,Bituminous coal,Steam turbine,Coal,34.883022,-85.755253,2014-07-15,EIA 860M,1430
2015,9,AL,Widows Creek,50,Tennessee Valley Authority,18642,Electric Utility,7,575.0,Conventional Steam Coal,Bituminous coal,Steam turbine,Coal,34.883022,-85.755253,2015-09-15,EIA 860M,1431
2013,7,AL,Widows Creek,50,Tennessee Valley Authority,18642,Electric Utility,5,140.6,Conventional Steam Coal,Bituminous coal,Steam turbine,Coal,34.883022,-85.755253,2013-07-15,EIA 860M,1432
2011,1,LA,Plant 31 Paper Mill,50028,Graphic Packaging International,16064,Industrial CHP,GEN2,6.0,Natural Gas Steam Turbine,Natural gas,Steam turbine,Gas,32.486787,-92.149597,2011-01-15,EIA 860M,1433
2011,1,LA,Plant 31 Paper Mill,50028,Graphic Packaging International,16064,Industrial CHP,GEN3,6.0,Natural Gas Steam Turbine,Natural gas,Steam turbine,Gas,32.486787,-92.149597,2011-01-15,EIA 860M,1434
2011,1,LA,Plant 31 Paper Mill,50028,Graphic Packaging International,16064,Industrial CHP,GEN4,6.0,Natural Gas Steam Turbine,Natural gas,Steam turbine,Gas,32.486787,-92.149597,2011-01-15,EIA 860M,1435
2022,8,MA,Norton Powerhouse,50041,Saint - Gobain Abrasives Inc,16544,Industrial CHP,GEN2,3.1,Natural Gas Steam Turbine,Natural gas,Steam turbine,Gas,42.309555,-71.805218,2022-08-15,EIA 860M,1436
2022,8,MA,Norton Powerhouse,50041,Saint - Gobain Abrasives Inc,16544,Industrial CHP,GEN1,2.5,Natural Gas Steam Turbine,Natural gas,Steam turbine,Gas,42.309555,-71.805218,2022-08-15,EIA 860M,1437
2002,12,CA,San Diego State University,50061,San Diego State University,16625,Commercial CHP,GEN1,2.5,Natural Gas Fired Combined Cycle,Natural gas,Combined cycle,Gas,32.778225,-117.070114,2002-12-15,EIA 860M,1438
2005,5,WA,Washington State University,50083,Washington State University,22040,Commercial CHP,GEN1,2.0,Conventional Steam Coal,Bituminous coal,Steam turbine,Coal,46.729444,-117.170833,2005-05-15,EIA 860M,1439
2020,1,CA,Sierra Pacific Loyalton Facility,50111,ARP-Loyalton Cogen LLC        ,61379,IPP Non-CHP,GEN1,20.0,Wood/Wood Waste Biomass,"Wood, Wood waste solid",Steam turbine,Other,39.6699,-120.2394,2020-01-15,EIA 860M,1440
2018,3,CA,Sierra Pacific Quincy Facility,50112,Sierra Pacific Industries,17164,Industrial Non-CHP,GEN1,20.0,Wood/Wood Waste Biomass,"Wood, Wood waste solid",Steam turbine,Other,39.941165,-120.909211,2018-03-15,EIA 860M,1441
2018,3,CA,Sierra Pacific Quincy Facility,50112,Sierra Pacific Industries,17164,Industrial Non-CHP,GEN2,7.5,Wood/Wood Waste Biomass,"Wood, Wood waste solid",Steam turbine,Other,39.941165,-120.909211,2018-03-15,EIA 860M,1442
2008,3,TX,Hal C Weaver Power Plant,50118,University of Texas at Austin,19537,Commercial CHP,GEN6,12.5,Natural Gas Fired Combined Cycle,Natural gas,Combined cycle,Gas,30.2867,-97.7356,2008-03-15,EIA 860M,1443
2005,2,TX,Newgulf Cogen,50137,Wharton County Generation LLC,65401,IPP Non-CHP,GEN2,12.5,Natural Gas Fired Combined Cycle,Natural gas,Combined cycle,Gas,29.2639,-95.8997,2005-02-15,EIA 860M,1444
2009,2,LA,Dow St Charles Operations,50152,Dow Chemical Co - St Charles,5352,Industrial CHP,IGT,9.6,Natural Gas Fired Combined Cycle,Natural gas,Combined cycle,Gas,29.9861,-90.4414,2009-02-15,EIA 860M,1445
2009,3,LA,Dow St Charles Operations,50152,Dow Chemical Co - St Charles,5352,Industrial CHP,CTG,10.0,Natural Gas Fired Combined Cycle,Natural gas,Combined cycle,Gas,29.9861,-90.4414,2009-03-15,EIA 860M,1446
2014,10,TX,Texas City Plant Union Carbide,50153,Union Carbide Corp-Texas City,39066,Industrial CHP,GTG,40.0,Natural Gas Fired Combustion Turbine,Natural gas,Combustion turbine,Gas,29.37612,-94.946477,2014-10-15,EIA 860M,1447
2024,10,KS,Wichita Plant,50169,Occidental Chemical Corporation,13914,Industrial CHP,GEN1,43.7,Natural Gas Fired Combustion Turbine,Natural gas,Combustion turbine,Gas,37.581339,-97.424133,2024-10-15,EIA 860M,1448
2014,4,NC,International Paper Co. - New Bern Mill,50188,International Paper Co. - New Bern Mill,20511,Industrial CHP,TG1,29.7,Wood/Wood Waste Biomass,Black liquor,Steam turbine,Other,35.212,-77.1144,2014-04-15,EIA 860M,1449
2002,1,NC,Domtar Paper Co LLC Plymouth NC,50189,Domtar Paper Company LLC,55903,Industrial CHP,TG4,7.5,Conventional Steam Coal,Bituminous coal,Steam turbine,Coal,35.8628,-76.7831,2002-01-15,EIA 860M,1450
2006,5,NC,Domtar Paper Co LLC Plymouth NC,50189,Domtar Paper Company LLC,55903,Industrial CHP,TG6,7.5,Conventional Steam Coal,Bituminous coal,Steam turbine,Coal,35.8628,-76.7831,2006-05-15,EIA 860M,1451
2016,1,NC,Domtar Paper Co LLC Plymouth NC,50189,Domtar Paper Company LLC,55903,Industrial CHP,TG8,25.0,Wood/Wood Waste Biomass,Black liquor,Steam turbine,Other,35.8628,-76.7831,2016-01-15,EIA 860M,1452
2020,12,NC,Domtar Paper Co LLC Plymouth NC,50189,Domtar Paper Company LLC,55903,Industrial CHP,TG7,7.5,Wood/Wood Waste Biomass,Black liquor,Steam turbine,Other,35.8628,-76.7831,2020-12-15,EIA 860M,1453
2013,6,WI,Domtar Paper Company Rothschild,50190,Domtar Paper Company Rothschild,55997,Industrial Non-CHP,TG2,5.0,Natural Gas Steam Turbine,Natural gas,Steam turbine,Gas,44.8867,-89.6272,2013-06-15,EIA 860M,1454
2006,10,CO,Holly,502,Town of Holly - (CO),8751,Electric Utility,ARPA,2.2,Petroleum Liquids,"Distillate fuel oil, light fuel oil, FO2, diesel oil",Internal combustion engine,Oil,38.032717,-102.073659,2006-10-15,EIA 860M,1455
2025,3,CA,B Braun Medical,50200,B Braun Medical Inc,1058,Industrial CHP,GEN1,2.8,Natural Gas Fired Combustion Turbine,Natural gas,Combustion turbine,Gas,33.688721,-117.834793,2025-03-15,EIA 860M,1456
2025,3,CA,B Braun Medical,50200,B Braun Medical Inc,1058,Industrial CHP,GEN2,3.3,Natural Gas Fired Combustion Turbine,Natural gas,Combustion turbine,Gas,33.688721,-117.834793,2025-03-15,EIA 860M,1457
2010,1,GA,"Multitrade Rabun Gap, LLC",50201,Multitrade Rabun Gap LLC,56216,IPP Non-CHP,ST1,4.1,Wood/Wood Waste Biomass,"Wood, Wood waste solid",Steam turbine,Other,34.9536,-83.3786,2010-01-15,EIA 860M,1458
2021,12,WA,SDS Lumber Gorge Energy Division,50231,SDS Lumber LLC,64707,Industrial CHP,TG3,5.0,Wood/Wood Waste Biomass,"Wood, Wood waste solid",Steam turbine,Other,45.713079,-121.469178,2021-12-15,EIA 860M,1459
2021,12,WA,SDS Lumber Gorge Energy Division,50231,SDS Lumber LLC,64707,Industrial CHP,TG2,5.0,Wood/Wood Waste Biomass,"Wood, Wood waste solid",Steam turbine,Other,45.713079,-121.469178,2021-12-15,EIA 860M,1460
2017,1,ME,Bucksport Generation LLC,50243,Bucksport Generation LLC,9303,IPP Non-CHP,GEN2,15.6,Wood/Wood Waste Biomass,"Wood, Wood waste solid",Steam turbine,Other,44.5738,-68.8046,2017-01-15,EIA 860M,1461
2018,11,ME,Bucksport Generation LLC,50243,Bucksport Generation LLC,9303,IPP Non-CHP,GEN5,24.0,Natural Gas Steam Turbine,Natural gas,Steam turbine,Gas,44.5738,-68.8046,2018-11-15,EIA 860M,1462
2018,11,ME,Bucksport Generation LLC,50243,Bucksport Generation LLC,9303,IPP Non-CHP,GEN3,72.0,Natural Gas Steam Turbine,Natural gas,Steam turbine,Gas,44.5738,-68.8046,2018-11-15,EIA 860M,1463
2023,5,NC,Canton North Carolina,50244,Blue Ridge Paper Products Inc,23815,Industrial CHP,GN11,7.5,Wood/Wood Waste Biomass,Black liquor,Steam turbine,Other,35.535,-82.8411,2023-05-15,EIA 860M,1464
2023,5,NC,Canton North Carolina,50244,Blue Ridge Paper Products Inc,23815,Industrial CHP,GEN9,7.5,Wood/Wood Waste Biomass,Black liquor,Steam turbine,Other,35.535,-82.8411,2023-05-15,EIA 860M,1465
2023,5,NC,Canton North Carolina,50244,Blue Ridge Paper Products Inc,23815,Industrial CHP,GEN8,7.5,Wood/Wood Waste Biomass,Black liquor,Steam turbine,Other,35.535,-82.8411,2023-05-15,EIA 860M,1466
2023,5,NC,Canton North Carolina,50244,Blue Ridge Paper Products Inc,23815,Industrial CHP,GN12,10.0,Wood/Wood Waste Biomass,Black liquor,Steam turbine,Other,35.535,-82.8411,2023-05-15,EIA 860M,1467
2023,5,NC,Canton North Carolina,50244,Blue Ridge Paper Products Inc,23815,Industrial CHP,GN13,12.5,Wood/Wood Waste Biomass,Black liquor,Steam turbine,Other,35.535,-82.8411,2023-05-15,EIA 860M,1468
2023,6,NC,Canton North Carolina,50244,Blue Ridge Paper Products Inc,23815,Industrial CHP,GN10,7.5,Wood/Wood Waste Biomass,Black liquor,Steam turbine,Other,35.535,-82.8411,2023-06-15,EIA 860M,1469
2005,8,MI,Corewell Health Dearborn Campus,50260,Corewell Health Dearborn Campus,13945,Commercial Non-CHP,300KW,0.3,Petroleum Liquids,"Distillate fuel oil, light fuel oil, FO2, diesel oil",Internal combustion engine,Oil,42.2917,-83.2119,2005-08-15,EIA 860M,1470
2019,9,MI,Corewell Health Dearborn Campus,50260,Corewell Health Dearborn Campus,13945,Commercial Non-CHP,500KW,0.5,Petroleum Liquids,"Distillate fuel oil, light fuel oil, FO2, diesel oil",Internal combustion engine,Oil,42.2917,-83.2119,2019-09-15,EIA 860M,1471
2022,4,MA,Pioneer Valley Resource Recovery,50273,Community Eco Springfield LLC,56125,Commercial Non-CHP,DLV1,9.4,Municipal Solid Waste,Municipal solid waste,Steam turbine,Other,42.0906,-72.5917,2022-04-15,EIA 860M,1472
2013,9,VA,Park 500 Philip Morris USA,50275,Philip Morris USA - Park 500,14465,Industrial CHP,TG2,6.1,Conventional Steam Coal,Bituminous coal,Steam turbine,Coal,37.3389,-77.2806,2013-09-15,EIA 860M,1473
2024,8,NY,Bethpage Power Plant,50292,Calpine Eastern Corp,24457,IPP Non-CHP,GEN4,0.4,Petroleum Liquids,"Distillate fuel oil, light fuel oil, FO2, diesel oil",Internal combustion engine,Oil,40.7469,-73.4994,2024-08-15,EIA 860M,1474
2013,6,CA,Wheelabrator Lassen,50298,Wheelabrator Environmental Systems,20541,IPP CHP,GEN1,38.8,Natural Gas Fired Combustion Turbine,Natural gas,Combustion turbine,Gas,40.4352,-122.2704,2013-06-15,EIA 860M,1475
2019,9,CA,VESI Pomona,50300,"VESI Pomona Energy Storage, Inc.",54736,IPP Non-CHP,GEN1,46.0,Natural Gas Fired Combustion Turbine,Natural gas,Combustion turbine,Gas,34.059444,-117.774167,2019-09-15,EIA 860M,1476
2009,12,AK,Utility Plants Section,50308,Doyon Utilities - Ft. Wainwright,56389,Electric Utility,GEN2,2.5,Conventional Steam Coal,Subbituminous coal,Steam turbine,Coal,64.825601,-147.648627,2009-12-15,EIA 860M,1477
2025,7,IN,Bunge North America East LLC,50316,Bunge North America East LLC,3283,Industrial CHP,3516,2.0,Natural Gas Steam Turbine,Natural gas,Steam turbine,Gas,40.846525,-84.933264,2025-07-15,EIA 860M,1478
2020,4,MI,Par Sterile Products,50318,JHP Pharmaceuticals LLC,55970,Industrial CHP,38-1,2.8,Natural Gas Fired Combustion Turbine,Natural gas,Combustion turbine,Gas,42.68367,-83.11434,2020-04-15,EIA 860M,1479
2009,11,HI,Gay Robinson,50333,Gay & Robinson Inc,7019,Industrial Non-CHP,ST4,4.0,Other Waste Biomass,Agricultural byproduct,Steam turbine,Other,21.9178,-159.6294,2009-11-15,EIA 860M,1480
2009,8,HI,Gay Robinson,50333,Gay & Robinson Inc,7019,Industrial Non-CHP,DSL1,0.4,Petroleum Liquids,"Distillate fuel oil, light fuel oil, FO2, diesel oil",Internal combustion engine,Oil,21.9178,-159.6294,2009-08-15,EIA 860M,1481
2009,8,HI,Gay Robinson,50333,Gay & Robinson Inc,7019,Industrial Non-CHP,DSL4,0.4,Petroleum Liquids,"Distillate fuel oil, light fuel oil, FO2, diesel oil",Internal combustion engine,Oil,21.9178,-159.6294,2009-08-15,EIA 860M,1482
2005,12,LA,PCS Nitrogen Fertilizer LP,50341,PCS Nitrogen LP,15237,Industrial Non-CHP,GEN1,26.0,Natural Gas Fired Combustion Turbine,Natural gas,Combustion turbine,Gas,30.226977,-91.055114,2005-12-15,EIA 860M,1483
2021,11,AL,Sloss Industries Corp,50359,Bluestone Coke LLC,62972,Industrial CHP,10,12.5,Natural Gas Steam Turbine,Natural gas,Steam turbine,Gas,33.568164,-86.79873,2021-11-15,EIA 860M,1484
2021,11,AL,Sloss Industries Corp,50359,Bluestone Coke LLC,62972,Industrial CHP,9,12.5,Natural Gas Steam Turbine,Natural gas,Steam turbine,Gas,33.568164,-86.79873,2021-11-15,EIA 860M,1485
2022,5,NJ,Newark Bay Cogeneration Partnership LP,50385,Newark Bay Cogeneration Partnership LP,55846,IPP Non-CHP,GEN3,42.0,Natural Gas Fired Combined Cycle,Natural gas,Combined cycle,Gas,40.7197,-74.13,2022-05-15,EIA 860M,1486
2022,5,NJ,Newark Bay Cogeneration Partnership LP,50385,Newark Bay Cogeneration Partnership LP,55846,IPP Non-CHP,GEN2,55.0,Natural Gas Fired Combined Cycle,Natural gas,Combined cycle,Gas,40.7197,-74.13,2022-05-15,EIA 860M,1487
2022,5,NJ,Newark Bay Cogeneration Partnership LP,50385,Newark Bay Cogeneration Partnership LP,55846,IPP Non-CHP,GEN1,55.0,Natural Gas Fired Combined Cycle,Natural gas,Combined cycle,Gas,40.7197,-74.13,2022-05-15,EIA 860M,1488
2023,1,CA,Phillips 66 Carbon Plant,50388,Phillips 66 Company,4208,Industrial CHP,GEN1,27.3,Petroleum Coke,Petroleum Coke,Steam turbine,Coal,38.018056,-122.2344,2023-01-15,EIA 860M,1489
2022,5,AK,Eielson AFB Central Heat & Power Plant,50392,U S Air Force-Eielson AFB,22199,Commercial CHP,TG1,2.5,Conventional Steam Coal,Subbituminous coal,Steam turbine,Coal,64.67141,-147.075988,2022-05-15,EIA 860M,1490
2022,5,AK,Eielson AFB Central Heat & Power Plant,50392,U S Air Force-Eielson AFB,22199,Commercial CHP,TG2,2.5,Conventional Steam Coal,Subbituminous coal,Steam turbine,Coal,64.67141,-147.075988,2022-05-15,EIA 860M,1491
2016,12,PA,Pixelle Specialty Solutions LLC - Spring,50397,Pixelle Specialty Solutions LLC - (PA),61988,Industrial CHP,GEN2,5.9,Natural Gas Steam Turbine,Natural gas,Steam turbine,Gas,39.870935,-76.868117,2016-12-15,EIA 860M,1492
2002,8,GA,International Paper Savanna Mill,50398,International Paper Co,30002,Industrial CHP,GEN5,7.5,Wood/Wood Waste Biomass,"Wood, Wood waste solid",Steam turbine,Other,32.100354,-81.124248,2002-08-15,EIA 860M,1493
2002,2,CO,Julesburg,504,City of Julesburg - (CO),9928,Electric Utility,2,0.9,Petroleum Liquids,"Distillate fuel oil, light fuel oil, FO2, diesel oil",Internal combustion engine,Oil,40.9505,-102.2795,2002-02-15,EIA 860M,1494
2019,9,PA,Chester Operations,50410,Kimberly-Clark Corp,10273,Industrial CHP,5,67.0,Petroleum Coke,Petroleum Coke,Steam turbine,Coal,39.843743,-75.358801,2019-09-15,EIA 860M,1495
2008,3,MN,Olmsted Waste Energy,50413,Olmsted County Public Works,21995,Commercial CHP,DG1,0.8,Petroleum Liquids,"Distillate fuel oil, light fuel oil, FO2, diesel oil",Internal combustion engine,Oil,44.026072,-92.432313,2008-03-15,EIA 860M,1496
2002,12,MI,University of Michigan,50431,University of Michigan,19588,Commercial CHP,TG2,4.0,Natural Gas Steam Turbine,Natural gas,Steam turbine,Gas,42.281167,-83.734617,2002-12-15,EIA 860M,1497
2024,12,OH,Procter & Gamble Cincinnati Plant,50456,Procter & Gamble Co,15400,Industrial CHP,GEN1,12.5,Natural Gas Steam Turbine,Natural gas,Steam turbine,Gas,39.175,-84.5042,2024-12-15,EIA 860M,1498
2023,9,FL,Buckeye Florida LP,50466,Buckeye Florida Ltd Partners,2522,Industrial CHP,GEN2,7.8,Wood/Wood Waste Biomass,Black liquor,Steam turbine,Other,30.0688,-83.5253,2023-09-15,EIA 860M,1499
2023,9,FL,Buckeye Florida LP,50466,Buckeye Florida Ltd Partners,2522,Industrial CHP,GEN5,11.0,Wood/Wood Waste Biomass,Black liquor,Steam turbine,Other,30.0688,-83.5253,2023-09-15,EIA 860M,1500
2032,12,UT,Gadsby,3648,PacifiCorp,14354,Electric Utility,3,104.5,Natural Gas Steam Turbine,Natural gas,Steam turbine,Gas,40.7686,-111.9289,2032-12-15,Electric Power Monthly Table 6.6,1501
2011,3,UT,Bountiful City,3665,City of Bountiful,2010,Electric Utility,7,0.1,Petroleum Liquids,"Distillate fuel oil, light fuel oil, FO2, diesel oil",Internal combustion engine,Oil,40.886867,-111.885332,2011-03-15,EIA 860M,1502
2002,12,UT,Hydro III,3675,City of Logan - (UT),11135,Electric Utility,IC1,0.6,Petroleum Liquids,"Distillate fuel oil, light fuel oil, FO2, diesel oil",Internal combustion engine,Oil,41.746364,-111.746023,2002-12-15,EIA 860M,1503
2025,4,VT,Rutland,3723,Green Mountain Power Corp,7601,Electric Utility,GT5,13.2,Petroleum Liquids,"Distillate fuel oil, light fuel oil, FO2, diesel oil",Internal combustion engine,Oil,43.603,-72.9923,2025-04-15,EIA 860M,1504
2007,7,VT,Newport Diesels,3730,Great Bay Hydro Corp,49852,IPP Non-CHP,8,1.1,Petroleum Liquids,"Distillate fuel oil, light fuel oil, FO2, diesel oil",Internal combustion engine,Oil,44.938056,-72.18,2007-07-15,EIA 860M,1505
2007,7,VT,Newport Diesels,3730,Great Bay Hydro Corp,49852,IPP Non-CHP,10,1.1,Petroleum Liquids,"Distillate fuel oil, light fuel oil, FO2, diesel oil",Internal combustion engine,Oil,44.938056,-72.18,2007-07-15,EIA 860M,1506
2007,7,VT,Newport Diesels,3730,Great Bay Hydro Corp,49852,IPP Non-CHP,4,0.9,Petroleum Liquids,"Distillate fuel oil, light fuel oil, FO2, diesel oil",Internal combustion engine,Oil,44.938056,-72.18,2007-07-15,EIA 860M,1507
2007,7,VT,Newport Diesels,3730,Great Bay Hydro Corp,49852,IPP Non-CHP,5,0.9,Petroleum Liquids,"Distillate fuel oil, light fuel oil, FO2, diesel oil",Internal combustion engine,Oil,44.938056,-72.18,2007-07-15,EIA 860M,1508
2007,7,VT,Newport Diesels,3730,Great Bay Hydro Corp,49852,IPP Non-CHP,7,0.9,Petroleum Liquids,"Distillate fuel oil, light fuel oil, FO2, diesel oil",Internal combustion engine,Oil,44.938056,-72.18,2007-07-15,EIA 860M,1509
2007,7,VT,Newport Diesels,3730,Great Bay Hydro Corp,49852,IPP Non-CHP,9,1.1,Petroleum Liquids,"Distillate fuel oil, light fuel oil, FO2, diesel oil",Internal combustion engine,Oil,44.938056,-72.18,2007-07-15,EIA 860M,1510
2007,7,VT,Newport Diesels,3730,Great Bay Hydro Corp,49852,IPP Non-CHP,6,0.9,Petroleum Liquids,"Distillate fuel oil, light fuel oil, FO2, diesel oil",Internal combustion engine,Oil,44.938056,-72.18,2007-07-15,EIA 860M,1511
2007,5,VT,Essex Junction 19,3737,Green Mountain Power Corp,7601,Electric Utility,IC6,1.0,Petroleum Liquids,"Distillate fuel oil, light fuel oil, FO2, diesel oil",Internal combustion engine,Oil,44.4821,-73.1164,2007-05-15,EIA 860M,1512
2007,5,VT,Essex Junction 19,3737,Green Mountain Power Corp,7601,Electric Utility,IC7,1.0,Petroleum Liquids,"Distillate fuel oil, light fuel oil, FO2, diesel oil",Internal combustion engine,Oil,44.4821,-73.1164,2007-05-15,EIA 860M,1513
2007,5,VT,Essex Junction 19,3737,Green Mountain Power Corp,7601,Electric Utility,IC8,1.0,Petroleum Liquids,"Distillate fuel oil, light fuel oil, FO2, diesel oil",Internal combustion engine,Oil,44.4821,-73.1164,2007-05-15,EIA 860M,1514
2007,5,VT,Essex Junction 19,3737,Green Mountain Power Corp,7601,Electric Utility,IC5,1.0,Petroleum Liquids,"Distillate fuel oil, light fuel oil, FO2, diesel oil",Internal combustion engine,Oil,44.4821,-73.1164,2007-05-15,EIA 860M,1515
2002,2,CA,Magnolia,375,City of Burbank Water and Power,2507,Electric Utility,M4,34.5,Natural Gas Steam Turbine,Natural gas,Steam turbine,Gas,34.178056,-118.315556,2002-02-15,EIA 860M,1516
2002,2,CA,Magnolia,375,City of Burbank Water and Power,2507,Electric Utility,M3,20.0,Natural Gas Steam Turbine,Natural gas,Steam turbine,Gas,34.178056,-118.315556,2002-02-15,EIA 860M,1517
2002,9,CA,Magnolia,375,City of Burbank Water and Power,2507,Electric Utility,M2,10.0,Natural Gas Fired Combined Cycle,Natural gas,Combined cycle,Gas,34.178056,-118.315556,2002-09-15,EIA 860M,1518
2003,12,CA,Magnolia,375,City of Burbank Water and Power,2507,Electric Utility,M5,23.1,Natural Gas Fired Combustion Turbine,Natural gas,Combustion turbine,Gas,34.178056,-118.315556,2003-12-15,EIA 860M,1519
2013,12,VT,West Charleston,3753,"Barton Village, Inc",1299,Electric Utility,IC3,1.4,Petroleum Liquids,"Distillate fuel oil, light fuel oil, FO2, diesel oil",Internal combustion engine,Oil,44.887379,-72.055357,2013-12-15,EIA 860M,1520
2013,12,VT,West Charleston,3753,"Barton Village, Inc",1299,Electric Utility,IC4,1.4,Petroleum Liquids,"Distillate fuel oil, light fuel oil, FO2, diesel oil",Internal combustion engine,Oil,44.887379,-72.055357,2013-12-15,EIA 860M,1521
2023,5,CA,Grayson,377,City of Glendale - (CA),7294,Electric Utility,1,20.0,Natural Gas Fired Combined Cycle,Natural gas,Combined cycle,Gas,34.1556,-118.2782,2023-05-15,EIA 860M,1522
2023,5,CA,Grayson,377,City of Glendale - (CA),7294,Electric Utility,2,20.0,Natural Gas Fired Combined Cycle,Natural gas,Combined cycle,Gas,34.1556,-118.2782,2023-05-15,EIA 860M,1523
2002,11,CA,Grayson,377,City of Glendale - (CA),7294,Electric Utility,7,31.0,Natural Gas Fired Combustion Turbine,Natural gas,Combustion turbine,Gas,34.1556,-118.2782,2002-11-15,EIA 860M,1524
2004,3,CA,Grayson,377,City of Glendale - (CA),7294,Electric Utility,6,22.0,Natural Gas Fired Combustion Turbine,Natural gas,Combustion turbine,Gas,34.1556,-118.2782,2004-03-15,EIA 860M,1525
2023,3,CA,Grayson,377,City of Glendale - (CA),7294,Electric Utility,3,23.0,Natural Gas Steam Turbine,Natural gas,Steam turbine,Gas,34.1556,-118.2782,2023-03-15,EIA 860M,1526
2023,4,CA,Grayson,377,City of Glendale - (CA),7294,Electric Utility,8A,25.4,Natural Gas Fired Combined Cycle,Natural gas,Combined cycle,Gas,34.1556,-118.2782,2023-04-15,EIA 860M,1527
2023,4,CA,Grayson,377,City of Glendale - (CA),7294,Electric Utility,5,50.0,Natural Gas Steam Turbine,Natural gas,Steam turbine,Gas,34.1556,-118.2782,2023-04-15,EIA 860M,1528
2023,5,CA,Grayson,377,City of Glendale - (CA),7294,Electric Utility,8BC,55.1,Natural Gas Fired Combined Cycle,Natural gas,Combined cycle,Gas,34.1556,-118.2782,2023-05-15,EIA 860M,1529
2023,5,CA,Grayson,377,City of Glendale - (CA),7294,Electric Utility,4,50.0,Natural Gas Steam Turbine,Natural gas,Steam turbine,Gas,34.1556,-118.2782,2023-05-15,EIA 860M,1530
2030,5,VA,Clinch River,3775,Appalachian Power Co,733,Electric Utility,2,230.0,Natural Gas Steam Turbine,Natural gas,Steam turbine,Gas,36.9333,-82.1997,2030-05-15,Electric Power Monthly Table 6.6,1531
2030,5,VA,Clinch River,3775,Appalachian Power Co,733,Electric Utility,1,230.0,Natural Gas Steam Turbine,Natural gas,Steam turbine,Gas,36.9333,-82.1997,2030-05-15,Electric Power Monthly Table 6.6,1532
2015,12,VA,Clinch River,3775,Appalachian Power Co,733,Electric Utility,3,237.5,Conventional Steam Coal,Bituminous coal,Steam turbine,Coal,36.9333,-82.1997,2015-12-15,EIA 860M,1533
2015,6,VA,Glen Lyn,3776,Appalachian Power Co,733,Electric Utility,5,100.0,Conventional Steam Coal,Bituminous coal,Steam turbine,Coal,37.3706,-80.8633,2015-06-15,EIA 860M,1534
2015,6,VA,Glen Lyn,3776,Appalachian Power Co,733,Electric Utility,6,237.5,Conventional Steam Coal,Bituminous coal,Steam turbine,Coal,37.3706,-80.8633,2015-06-15,EIA 860M,1535
2019,3,VA,Bremo Bluff,3796,Virginia Electric & Power Co,19876,Electric Utility,3,69.0,Natural Gas Steam Turbine,Natural gas,Steam turbine,Gas,37.7089,-78.2878,2019-03-15,EIA 860M,1536
2019,3,VA,Bremo Bluff,3796,Virginia Electric & Power Co,19876,Electric Utility,4,185.2,Natural Gas Steam Turbine,Natural gas,Steam turbine,Gas,37.7089,-78.2878,2019-03-15,EIA 860M,1537
2023,5,VA,Chesterfield,3797,Virginia Electric & Power Co,19876,Electric Utility,5,359.0,Conventional Steam Coal,Bituminous coal,Steam turbine,Coal,37.3822,-77.3833,2023-05-15,EIA 860M,1538
2019,3,VA,Chesterfield,3797,Virginia Electric & Power Co,19876,Electric Utility,4,187.5,Conventional Steam Coal,Bituminous coal,Steam turbine,Coal,37.3822,-77.3833,2019-03-15,EIA 860M,1539
2019,3,VA,Chesterfield,3797,Virginia Electric & Power Co,19876,Electric Utility,3,112.5,Conventional Steam Coal,Bituminous coal,Steam turbine,Coal,37.3822,-77.3833,2019-03-15,EIA 860M,1540
2023,5,VA,Chesterfield,3797,Virginia Electric & Power Co,19876,Electric Utility,6,693.9,Conventional Steam Coal,Bituminous coal,Steam turbine,Coal,37.3822,-77.3833,2023-05-15,EIA 860M,1541
2011,12,VA,Chesapeake,3803,Virginia Electric & Power Co,19876,Electric Utility,8,23.8,Petroleum Liquids,"Distillate fuel oil, light fuel oil, FO2, diesel oil",Combustion turbine,Oil,36.7711,-76.3019,2011-12-15,EIA 860M,1542
2011,12,VA,Chesapeake,3803,Virginia Electric & Power Co,19876,Electric Utility,7,23.8,Petroleum Liquids,"Distillate fuel oil, light fuel oil, FO2, diesel oil",Combustion turbine,Oil,36.7711,-76.3019,2011-12-15,EIA 860M,1543
2011,12,VA,Chesapeake,3803,Virginia Electric & Power Co,19876,Electric Utility,10,23.8,Petroleum Liquids,"Distillate fuel oil, light fuel oil, FO2, diesel oil",Combustion turbine,Oil,36.7711,-76.3019,2011-12-15,EIA 860M,1544
2015,1,VA,Chesapeake,3803,Virginia Electric & Power Co,19876,Electric Utility,ST4,239.3,Conventional Steam Coal,Bituminous coal,Steam turbine,Coal,36.7711,-76.3019,2015-01-15,EIA 860M,1545
2015,1,VA,Chesapeake,3803,Virginia Electric & Power Co,19876,Electric Utility,ST2,112.5,Conventional Steam Coal,Bituminous coal,Steam turbine,Coal,36.7711,-76.3019,2015-01-15,EIA 860M,1546
2015,1,VA,Chesapeake,3803,Virginia Electric & Power Co,19876,Electric Utility,ST1,112.5,Conventional Steam Coal,Bituminous coal,Steam turbine,Coal,36.7711,-76.3019,2015-01-15,EIA 860M,1547
2015,1,VA,Chesapeake,3803,Virginia Electric & Power Co,19876,Electric Utility,3,185.2,Conventional Steam Coal,Bituminous coal,Steam turbine,Coal,36.7711,-76.3019,2015-01-15,EIA 860M,1548
2019,6,VA,Chesapeake,3803,Virginia Electric & Power Co,19876,Electric Utility,GT2,16.3,Petroleum Liquids,"Distillate fuel oil, light fuel oil, FO2, diesel oil",Combustion turbine,Oil,36.7711,-76.3019,2019-06-15,EIA 860M,1549
2011,12,VA,Chesapeake,3803,Virginia Electric & Power Co,19876,Electric Utility,9,23.8,Petroleum Liquids,"Distillate fuel oil, light fuel oil, FO2, diesel oil",Combustion turbine,Oil,36.7711,-76.3019,2011-12-15,EIA 860M,1550
2020,12,VA,Possum Point,3804,Virginia Electric & Power Co,19876,Electric Utility,5,882.0,Petroleum Liquids,"Residual fuel oil, heavy fuel oil, Petroleum",Steam turbine,Oil,38.5367,-77.2806,2020-12-15,EIA 860M,1551
2019,3,VA,Possum Point,3804,Virginia Electric & Power Co,19876,Electric Utility,3,113.6,Natural Gas Steam Turbine,Natural gas,Steam turbine,Gas,38.5367,-77.2806,2019-03-15,EIA 860M,1552
2019,3,VA,Possum Point,3804,Virginia Electric & Power Co,19876,Electric Utility,4,239.3,Natural Gas Steam Turbine,Natural gas,Steam turbine,Gas,38.5367,-77.2806,2019-03-15,EIA 860M,1553
2002,3,VA,Possum Point,3804,Virginia Electric & Power Co,19876,Electric Utility,1,69.0,Petroleum Liquids,"Residual fuel oil, heavy fuel oil, Petroleum",Steam turbine,Oil,38.5367,-77.2806,2002-03-15,EIA 860M,1554
2002,3,VA,Possum Point,3804,Virginia Electric & Power Co,19876,Electric Utility,2,69.0,Petroleum Liquids,"Residual fuel oil, heavy fuel oil, Petroleum",Steam turbine,Oil,38.5367,-77.2806,2002-03-15,EIA 860M,1555
2019,3,VA,Yorktown,3809,Virginia Electric & Power Co,19876,Electric Utility,2,187.5,Conventional Steam Coal,Bituminous coal,Steam turbine,Coal,37.2144,-76.4611,2019-03-15,EIA 860M,1556
2019,3,VA,Yorktown,3809,Virginia Electric & Power Co,19876,Electric Utility,1,187.5,Conventional Steam Coal,Bituminous coal,Steam turbine,Coal,37.2144,-76.4611,2019-03-15,EIA 860M,1557
2023,5,VA,Yorktown,3809,Virginia Electric & Power Co,19876,Electric Utility,3,882.0,Natural Gas Steam Turbine,Natural gas,Steam turbine,Gas,37.2144,-76.4611,2023-05-15,EIA 860M,1558
2009,12,CA,Brawley,383,Imperial Irrigation District,9216,Electric Utility,GT2,11.5,Petroleum Liquids,"Distillate fuel oil, light fuel oil, FO2, diesel oil",Combustion turbine,Oil,32.968889,-115.534444,2009-12-15,EIA 860M,1559
2009,12,CA,Brawley,383,Imperial Irrigation District,9216,Electric Utility,GT1,11.5,Petroleum Liquids,"Distillate fuel oil, light fuel oil, FO2, diesel oil",Combustion turbine,Oil,32.968889,-115.534444,2009-12-15,EIA 860M,1560
2023,9,IL,Joliet 29,384,Midwest Generations EME LLC,12384,IPP Non-CHP,7,660.0,Natural Gas Steam Turbine,Natural gas,Steam turbine,Gas,41.494636,-88.123827,2023-09-15,EIA 860M,1561
2023,9,IL,Joliet 29,384,Midwest Generations EME LLC,12384,IPP Non-CHP,8,660.0,Natural Gas Steam Turbine,Natural gas,Steam turbine,Gas,41.494636,-88.123827,2023-09-15,EIA 860M,1562
2020,12,WA,Transalta Centralia Generation,3845,TransAlta Centralia Gen LLC,19099,IPP Non-CHP,1,729.9,Conventional Steam Coal,Refined coal,Steam turbine,Coal,46.755938,-122.859764,2020-12-15,EIA 860M,1563
2013,1,WA,Transalta Centralia Generation,3845,TransAlta Centralia Gen LLC,19099,IPP Non-CHP,30,60.5,Natural Gas Fired Combined Cycle,Natural gas,Combined cycle,Gas,46.755938,-122.859764,2013-01-15,EIA 860M,1564
2013,1,WA,Transalta Centralia Generation,3845,TransAlta Centralia Gen LLC,19099,IPP Non-CHP,40,60.5,Natural Gas Fired Combined Cycle,Natural gas,Combined cycle,Gas,46.755938,-122.859764,2013-01-15,EIA 860M,1565
2013,1,WA,Transalta Centralia Generation,3845,TransAlta Centralia Gen LLC,19099,IPP Non-CHP,70,80.0,Natural Gas Fired Combined Cycle,Natural gas,Combined cycle,Gas,46.755938,-122.859764,2013-01-15,EIA 860M,1566
2013,1,WA,Transalta Centralia Generation,3845,TransAlta Centralia Gen LLC,19099,IPP Non-CHP,50,60.5,Natural Gas Fired Combined Cycle,Natural gas,Combined cycle,Gas,46.755938,-122.859764,2013-01-15,EIA 860M,1567
2013,1,WA,Transalta Centralia Generation,3845,TransAlta Centralia Gen LLC,19099,IPP Non-CHP,60,60.5,Natural Gas Fired Combined Cycle,Natural gas,Combined cycle,Gas,46.755938,-122.859764,2013-01-15,EIA 860M,1568
2010,9,CA,El Centro Hybrid,389,Imperial Irrigation District,9216,Electric Utility,3,50.0,Natural Gas Steam Turbine,Natural gas,Steam turbine,Gas,32.802222,-115.54,2010-09-15,EIA 860M,1569
2005,12,WA,Steam plant,3920,City of Tacoma - (WA),18429,Electric Utility,2,25.0,Wood/Wood Waste Biomass,"Wood, Wood waste solid",Steam turbine,Other,47.277778,-122.4,2005-12-15,EIA 860M,1570
2005,12,WA,Steam plant,3920,City of Tacoma - (WA),18429,Electric Utility,1,25.0,Wood/Wood Waste Biomass,"Wood, Wood waste solid",Steam turbine,Other,47.277778,-122.4,2005-12-15,EIA 860M,1571
2017,12,WV,Kanawha River,3936,Appalachian Power Co,733,Electric Utility,1,219.6,Conventional Steam Coal,Bituminous coal,Steam turbine,Coal,38.2056,-81.4211,2017-12-15,EIA 860M,1572
2017,12,WV,Kanawha River,3936,Appalachian Power Co,733,Electric Utility,2,219.6,Conventional Steam Coal,Bituminous coal,Steam turbine,Coal,38.2056,-81.4211,2017-12-15,EIA 860M,1573
2015,11,WV,Philip Sporn,3938,Appalachian Power Co,733,Electric Utility,1,152.5,Conventional Steam Coal,Bituminous coal,Steam turbine,Coal,38.9669,-81.9231,2015-11-15,EIA 860M,1574
2015,11,WV,Philip Sporn,3938,Appalachian Power Co,733,Electric Utility,2,152.5,Conventional Steam Coal,Bituminous coal,Steam turbine,Coal,38.9669,-81.9231,2015-11-15,EIA 860M,1575
2015,11,WV,Philip Sporn,3938,Appalachian Power Co,733,Electric Utility,3,152.5,Conventional Steam Coal,Bituminous coal,Steam turbine,Coal,38.9669,-81.9231,2015-11-15,EIA 860M,1576
2015,11,WV,Philip Sporn,3938,Appalachian Power Co,733,Electric Utility,4,152.5,Conventional Steam Coal,Bituminous coal,Steam turbine,Coal,38.9669,-81.9231,2015-11-15,EIA 860M,1577
2012,2,WV,Philip Sporn,3938,Appalachian Power Co,733,Electric Utility,5,495.5,Conventional Steam Coal,Bituminous coal,Steam turbine,Coal,38.9669,-81.9231,2012-02-15,EIA 860M,1578
2012,9,WV,FirstEnergy Albright,3942,Monongahela Power Co,12796,Electric Utility,2,69.0,Conventional Steam Coal,Bituminous coal,Steam turbine,Coal,39.488611,-79.636944,2012-09-15,EIA 860M,1579
2012,9,WV,FirstEnergy Albright,3942,Monongahela Power Co,12796,Electric Utility,3,140.2,Conventional Steam Coal,Bituminous coal,Steam turbine,Coal,39.488611,-79.636944,2012-09-15,EIA 860M,1580
2012,9,WV,FirstEnergy Albright,3942,Monongahela Power Co,12796,Electric Utility,1,69.0,Conventional Steam Coal,Bituminous coal,Steam turbine,Coal,39.488611,-79.636944,2012-09-15,EIA 860M,1581
2012,9,WV,FirstEnergy Rivesville,3945,Monongahela Power Co,12796,Electric Utility,5,35.0,Conventional Steam Coal,Bituminous coal,Steam turbine,Coal,39.531389,-80.113056,2012-09-15,EIA 860M,1582
2012,9,WV,FirstEnergy Rivesville,3945,Monongahela Power Co,12796,Electric Utility,6,74.7,Conventional Steam Coal,Bituminous coal,Steam turbine,Coal,39.531389,-80.113056,2012-09-15,EIA 860M,1583
2012,9,WV,FirstEnergy Willow Island,3946,Monongahela Power Co,12796,Electric Utility,1,50.0,Conventional Steam Coal,Bituminous coal,Steam turbine,Coal,39.367222,-81.3,2012-09-15,EIA 860M,1584
2012,9,WV,FirstEnergy Willow Island,3946,Monongahela Power Co,12796,Electric Utility,2,163.2,Conventional Steam Coal,Bituminous coal,Steam turbine,Coal,39.367222,-81.3,2012-09-15,EIA 860M,1585
2015,5,WV,Kammer,3947,AEP Generation Resources Inc,58620,IPP Non-CHP,3,237.5,Conventional Steam Coal,Bituminous coal,Steam turbine,Coal,39.8461,-80.8186,2015-05-15,EIA 860M,1586
2015,5,WV,Kammer,3947,AEP Generation Resources Inc,58620,IPP Non-CHP,2,237.5,Conventional Steam Coal,Bituminous coal,Steam turbine,Coal,39.8461,-80.8186,2015-05-15,EIA 860M,1587
2015,5,WV,Kammer,3947,AEP Generation Resources Inc,58620,IPP Non-CHP,1,237.5,Conventional Steam Coal,Bituminous coal,Steam turbine,Coal,39.8461,-80.8186,2015-05-15,EIA 860M,1588
2019,5,WI,Bay Front,3982,Northern States Power Co - Minnesota,13781,Electric Utility,4,20.0,Wood/Wood Waste Biomass,"Wood, Wood waste solid",Steam turbine,Other,46.587222,-90.9017,2019-05-15,EIA 860M,1589
2017,12,WI,Northern States Flambeau,3984,Northern States Power Co - Minnesota,13781,Electric Utility,1,16.3,Natural Gas Fired Combustion Turbine,Natural gas,Combustion turbine,Gas,45.9356,-90.4468,2017-12-15,EIA 860M,1590
2002,10,CA,Harbor,399,Los Angeles Department of Water & Power,11208,Electric Utility,GT7,23.5,Natural Gas Fired Combustion Turbine,Natural gas,Combustion turbine,Gas,33.7706,-118.2656,2002-10-15,EIA 860M,1591
2002,10,CA,Harbor,399,Los Angeles Department of Water & Power,11208,Electric Utility,GT6,23.5,Natural Gas Fired Combustion Turbine,Natural gas,Combustion turbine,Gas,33.7706,-118.2656,2002-10-15,EIA 860M,1592
2011,12,WI,Blount Street,3992,Madison Gas & Electric Co,11479,Electric Utility,3,34.5,Conventional Steam Coal,Bituminous coal,Steam turbine,Coal,43.0789,-89.3744,2011-12-15,EIA 860M,1593
2011,12,WI,Blount Street,3992,Madison Gas & Electric Co,11479,Electric Utility,4,20.0,Conventional Steam Coal,Bituminous coal,Steam turbine,Coal,43.0789,-89.3744,2011-12-15,EIA 860M,1594
2011,12,WI,Blount Street,3992,Madison Gas & Electric Co,11479,Electric Utility,5,23.0,Conventional Steam Coal,Bituminous coal,Steam turbine,Coal,43.0789,-89.3744,2011-12-15,EIA 860M,1595
2006,1,WI,Blount Street,3992,Madison Gas & Electric Co,11479,Electric Utility,1,10.0,Conventional Steam Coal,Bituminous coal,Steam turbine,Coal,43.0789,-89.3744,2006-01-15,EIA 860M,1596
2013,6,CA,Haynes,400,Los Angeles Department of Water & Power,11208,Electric Utility,6,343.0,Natural Gas Steam Turbine,Natural gas,Steam turbine,Gas,33.764741,-118.09913,2013-06-15,EIA 860M,1597
2013,6,CA,Haynes,400,Los Angeles Department of Water & Power,11208,Electric Utility,5,343.0,Natural Gas Steam Turbine,Natural gas,Steam turbine,Gas,33.764741,-118.09913,2013-06-15,EIA 860M,1598
2004,9,CA,Haynes,400,Los Angeles Department of Water & Power,11208,Electric Utility,3,230.0,Natural Gas Steam Turbine,Natural gas,Steam turbine,Gas,33.764741,-118.09913,2004-09-15,EIA 860M,1599
2003,12,CA,Haynes,400,Los Angeles Department of Water & Power,11208,Electric Utility,4,230.0,Natural Gas Steam Turbine,Natural gas,Steam turbine,Gas,33.764741,-118.09913,2003-12-15,EIA 860M,1600
2017,12,TX,Sam Bertron,3468,NRG Texas Power LLC,54888,IPP Non-CHP,GT2,16.3,Natural Gas Fired Combustion Turbine,Natural gas,Combustion turbine,Gas,29.726775,-95.059827,2017-12-15,EIA 860M,1601
2009,4,TX,Sam Bertron,3468,NRG Texas Power LLC,54888,IPP Non-CHP,GT1,32.6,Natural Gas Fired Combustion Turbine,Natural gas,Combustion turbine,Gas,29.726775,-95.059827,2009-04-15,EIA 860M,1602
2017,12,TX,Sam Bertron,3468,NRG Texas Power LLC,54888,IPP Non-CHP,4,225.3,Natural Gas Steam Turbine,Natural gas,Steam turbine,Gas,29.726775,-95.059827,2017-12-15,EIA 860M,1603
2005,12,TX,T H Wharton,3469,NRG Texas Power LLC,54888,IPP Non-CHP,2,247.8,Natural Gas Steam Turbine,Natural gas,Steam turbine,Gas,29.9417,-95.5306,2005-12-15,EIA 860M,1604
2006,3,TX,Webster,3471,NRG Texas Power LLC,54888,IPP Non-CHP,3,410.0,Natural Gas Steam Turbine,Natural gas,Steam turbine,Gas,29.525833,-95.108055,2006-03-15,EIA 860M,1605
2006,3,TX,Webster,3471,NRG Texas Power LLC,54888,IPP Non-CHP,GT1,16.3,Natural Gas Fired Combustion Turbine,Natural gas,Combustion turbine,Gas,29.525833,-95.108055,2006-03-15,EIA 860M,1606
2018,12,TX,Knox Lee,3476,Southwestern Electric Power Co,17698,Electric Utility,4,74.0,Natural Gas Steam Turbine,Natural gas,Steam turbine,Gas,32.3766,-94.6415,2018-12-15,EIA 860M,1607
2020,5,TX,Knox Lee,3476,Southwestern Electric Power Co,17698,Electric Utility,3,38.0,Natural Gas Steam Turbine,Natural gas,Steam turbine,Gas,32.3766,-94.6415,2020-05-15,EIA 860M,1608
2020,5,TX,Knox Lee,3476,Southwestern Electric Power Co,17698,Electric Utility,2,38.0,Natural Gas Steam Turbine,Natural gas,Steam turbine,Gas,32.3766,-94.6415,2020-05-15,EIA 860M,1609
2020,5,TX,Lone Star,3477,Southwestern Electric Power Co,17698,Electric Utility,1,40.0,Natural Gas Steam Turbine,Natural gas,Steam turbine,Gas,32.9215,-94.7226,2020-05-15,EIA 860M,1610
2056,12,TX,Jones,3482,Southwestern Public Service Co,17718,Electric Utility,3,166.0,Natural Gas Fired Combustion Turbine,Natural gas,Combustion turbine,Gas,33.5239,-101.7392,2056-12-15,Electric Power Monthly Table 6.6,1611
2034,12,TX,Jones,3482,Southwestern Public Service Co,17718,Electric Utility,2,243.0,Natural Gas Steam Turbine,Natural gas,Steam turbine,Gas,33.5239,-101.7392,2034-12-15,Electric Power Monthly Table 6.6,1612
2031,12,TX,Jones,3482,Southwestern Public Service Co,17718,Electric Utility,1,243.0,Natural Gas Steam Turbine,Natural gas,Steam turbine,Gas,33.5239,-101.7392,2031-12-15,Electric Power Monthly Table 6.6,1613
2058,12,TX,Jones,3482,Southwestern Public Service Co,17718,Electric Utility,4,168.0,Natural Gas Fired Combustion Turbine,Natural gas,Combustion turbine,Gas,33.5239,-101.7392,2058-12-15,Electric Power Monthly Table 6.6,1614
2013,9,TX,Moore County,3483,Southwestern Public Service Co,17718,Electric Utility,3,49.0,Natural Gas Steam Turbine,Natural gas,Steam turbine,Gas,35.9667,-101.865,2013-09-15,EIA 860M,1615
2030,12,TX,Nichols,3484,Southwestern Public Service Co,17718,Electric Utility,3,244.0,Natural Gas Steam Turbine,Natural gas,Steam turbine,Gas,35.283357,-101.746423,2030-12-15,Electric Power Monthly Table 6.6,1616
2027,12,TX,Nichols,3484,Southwestern Public Service Co,17718,Electric Utility,2,106.0,Natural Gas Steam Turbine,Natural gas,Steam turbine,Gas,35.283357,-101.746423,2027-12-15,Electric Power Monthly Table 6.6,1617
2027,12,TX,Plant X,3485,Southwestern Public Service Co,17718,Electric Utility,4,190.0,Natural Gas Steam Turbine,Natural gas,Steam turbine,Gas,34.1661,-102.4114,2027-12-15,Electric Power Monthly Table 6.6,1618
2023,12,TX,Plant X,3485,Southwestern Public Service Co,17718,Electric Utility,2,98.0,Natural Gas Steam Turbine,Natural gas,Steam turbine,Gas,34.1661,-102.4114,2023-12-15,EIA 860M,1619
2023,12,TX,Plant X,3485,Southwestern Public Service Co,17718,Electric Utility,1,48.0,Natural Gas Steam Turbine,Natural gas,Steam turbine,Gas,34.1661,-102.4114,2023-12-15,EIA 860M,1620
2022,12,TX,Plant X,3485,Southwestern Public Service Co,17718,Electric Utility,3,98.0,Natural Gas Steam Turbine,Natural gas,Steam turbine,Gas,34.1661,-102.4114,2022-12-15,EIA 860M,1621
2012,9,TX,Riverview,3487,Southwestern Public Service Co,17718,Electric Utility,6,28.6,Natural Gas Fired Combustion Turbine,Natural gas,Combustion turbine,Gas,35.712222,-101.411944,2012-09-15,EIA 860M,1622
2012,8,TX,Eagle Mountain,3489,Luminant Generation Company LLC,55983,IPP Non-CHP,1,122.5,Natural Gas Steam Turbine,Natural gas,Steam turbine,Gas,32.9056,-97.4792,2012-08-15,EIA 860M,1623
2012,8,TX,Eagle Mountain,3489,Luminant Generation Company LLC,55983,IPP Non-CHP,2,187.5,Natural Gas Steam Turbine,Natural gas,Steam turbine,Gas,32.9056,-97.4792,2012-08-15,EIA 860M,1624
2012,8,TX,Eagle Mountain,3489,Luminant Generation Company LLC,55983,IPP Non-CHP,3,396.1,Natural Gas Steam Turbine,Natural gas,Steam turbine,Gas,32.9056,-97.4792,2012-08-15,EIA 860M,1625
2009,12,TX,Handley,3491,"Constellation Power, Inc",6035,IPP Non-CHP,1,43.7,Natural Gas Steam Turbine,Natural gas,Steam turbine,Gas,32.7283,-97.2192,2009-12-15,EIA 860M,1626
2009,12,TX,Handley,3491,"Constellation Power, Inc",6035,IPP Non-CHP,2,74.8,Natural Gas Steam Turbine,Natural gas,Steam turbine,Gas,32.7283,-97.2192,2009-12-15,EIA 860M,1627
2004,3,TX,Morgan Creek,3492,Luminant Generation Company LLC,55983,IPP Non-CHP,4,75.0,Natural Gas Steam Turbine,Natural gas,Steam turbine,Gas,32.3358,-100.9156,2004-03-15,EIA 860M,1628
2004,3,TX,Morgan Creek,3492,Luminant Generation Company LLC,55983,IPP Non-CHP,3,46.0,Natural Gas Steam Turbine,Natural gas,Steam turbine,Gas,32.3358,-100.9156,2004-03-15,EIA 860M,1629
2004,3,TX,Morgan Creek,3492,Luminant Generation Company LLC,55983,IPP Non-CHP,2,18.4,Natural Gas Steam Turbine,Natural gas,Steam turbine,Gas,32.3358,-100.9156,2004-03-15,EIA 860M,1630
2012,2,TX,Morgan Creek,3492,Luminant Generation Company LLC,55983,IPP Non-CHP,5,170.4,Natural Gas Steam Turbine,Natural gas,Steam turbine,Gas,32.3358,-100.9156,2012-02-15,EIA 860M,1631
2012,2,TX,Morgan Creek,3492,Luminant Generation Company LLC,55983,IPP Non-CHP,6,517.5,Natural Gas Steam Turbine,Natural gas,Steam turbine,Gas,32.3358,-100.9156,2012-02-15,EIA 860M,1632
2004,3,TX,North Main,3493,Luminant Generation Company LLC,55983,IPP Non-CHP,4,81.2,Natural Gas Steam Turbine,Natural gas,Steam turbine,Gas,32.760556,-97.336389,2004-03-15,EIA 860M,1633
2016,2,TX,Permian Basin,3494,Luminant Generation Company LLC,55983,IPP Non-CHP,5,114.9,Natural Gas Steam Turbine,Natural gas,Steam turbine,Gas,31.5839,-102.9633,2016-02-15,EIA 860M,1634
2016,2,TX,Permian Basin,3494,Luminant Generation Company LLC,55983,IPP Non-CHP,6,535.5,Natural Gas Steam Turbine,Natural gas,Steam turbine,Gas,31.5839,-102.9633,2016-02-15,EIA 860M,1635
2018,2,TX,Big Brown,3497,Luminant Generation Company LLC,55983,IPP Non-CHP,2,593.4,Conventional Steam Coal,Subbituminous coal,Steam turbine,Coal,31.8206,-96.0544,2018-02-15,EIA 860M,1636
2018,2,TX,Big Brown,3497,Luminant Generation Company LLC,55983,IPP Non-CHP,1,593.4,Conventional Steam Coal,Subbituminous coal,Steam turbine,Coal,31.8206,-96.0544,2018-02-15,EIA 860M,1637
2027,1,CA,Ormond Beach,350,"Ormond Beach Power, LLC",63843,IPP,2,750.0,Natural Gas Steam Turbine,Natural gas,Steam turbine,Gas,34.1292,-119.1689,2027-01-15,Electric Power Monthly Table 6.6,1638
2027,1,CA,Ormond Beach,350,"Ormond Beach Power, LLC",63843,IPP,1,741.0,Natural Gas Steam Turbine,Natural gas,Steam turbine,Gas,34.1292,-119.1689,2027-01-15,Electric Power Monthly Table 6.6,1639
2004,3,TX,River Crest,3503,Luminant Generation Company LLC,55983,IPP Non-CHP,1,112.5,Natural Gas Steam Turbine,Natural gas,Steam turbine,Gas,33.393056,-95.146667,2004-03-15,EIA 860M,1640
2022,3,TX,Decker Creek,3548,Austin Energy,1015,Electric Utility,2,405.0,Natural Gas Steam Turbine,Natural gas,Steam turbine,Gas,30.3033,-97.6128,2022-03-15,EIA 860M,1641
2020,10,TX,Decker Creek,3548,Austin Energy,1015,Electric Utility,1,321.0,Natural Gas Steam Turbine,Natural gas,Steam turbine,Gas,30.3033,-97.6128,2020-10-15,EIA 860M,1642
2007,9,TX,Holly Street,3549,Austin Energy,1015,Electric Utility,4,193.0,Natural Gas Steam Turbine,Natural gas,Steam turbine,Gas,30.25,-97.716667,2007-09-15,EIA 860M,1643
2007,9,TX,Holly Street,3549,Austin Energy,1015,Electric Utility,3,165.0,Natural Gas Steam Turbine,Natural gas,Steam turbine,Gas,30.25,-97.716667,2007-09-15,EIA 860M,1644
2004,12,TX,Holly Street,3549,Austin Energy,1015,Electric Utility,1,100.0,Natural Gas Steam Turbine,Natural gas,Steam turbine,Gas,30.25,-97.716667,2004-12-15,EIA 860M,1645
2004,12,TX,Holly Street,3549,Austin Energy,1015,Electric Utility,2,100.0,Natural Gas Steam Turbine,Natural gas,Steam turbine,Gas,30.25,-97.716667,2004-12-15,EIA 860M,1646
2019,5,TX,Silas Ray,3559,Brownsville Public Utilities Board,2409,Electric Utility,DG-7b,1.3,Petroleum Liquids,"Distillate fuel oil, light fuel oil, FO2, diesel oil",Internal combustion engine,Oil,25.9131,-97.5214,2019-05-15,EIA 860M,1647
2019,5,TX,Silas Ray,3559,Brownsville Public Utilities Board,2409,Electric Utility,DG-2,1.3,Petroleum Liquids,"Distillate fuel oil, light fuel oil, FO2, diesel oil",Internal combustion engine,Oil,25.9131,-97.5214,2019-05-15,EIA 860M,1648
2019,5,TX,Silas Ray,3559,Brownsville Public Utilities Board,2409,Electric Utility,DG-7a,1.3,Petroleum Liquids,"Distillate fuel oil, light fuel oil, FO2, diesel oil",Internal combustion engine,Oil,25.9131,-97.5214,2019-05-15,EIA 860M,1649
2016,4,TX,Silas Ray,3559,Brownsville Public Utilities Board,2409,Electric Utility,5,24.0,Natural Gas Steam Turbine,Natural gas,Steam turbine,Gas,25.9131,-97.5214,2016-04-15,EIA 860M,1650
2023,12,CA,AES Redondo Beach LLC,356,AES Redondo Beach LLC,22484,IPP Non-CHP,8,495.0,Natural Gas Steam Turbine,Natural gas,Steam turbine,Gas,33.8504,-118.395,2023-12-15,EIA 860M,1651
2023,12,CA,AES Redondo Beach LLC,356,AES Redondo Beach LLC,22484,IPP Non-CHP,5,163.2,Natural Gas Steam Turbine,Natural gas,Steam turbine,Gas,33.8504,-118.395,2023-12-15,EIA 860M,1652
2023,12,CA,AES Redondo Beach LLC,356,AES Redondo Beach LLC,22484,IPP Non-CHP,6,163.2,Natural Gas Steam Turbine,Natural gas,Steam turbine,Gas,33.8504,-118.395,2023-12-15,EIA 860M,1653
2019,10,CA,AES Redondo Beach LLC,356,AES Redondo Beach LLC,22484,IPP Non-CHP,7,495.0,Natural Gas Steam Turbine,Natural gas,Steam turbine,Gas,33.8504,-118.395,2019-10-15,EIA 860M,1654
2014,7,TX,Bryan (TX),3561,City of Bryan - (TX),2442,Electric Utility,5,25.0,Natural Gas Steam Turbine,Natural gas,Steam turbine,Gas,30.64741,-96.372316,2014-07-15,EIA 860M,1655
2014,7,TX,Bryan (TX),3561,City of Bryan - (TX),2442,Electric Utility,6,54.0,Natural Gas Steam Turbine,Natural gas,Steam turbine,Gas,30.64741,-96.372316,2014-07-15,EIA 860M,1656
2014,7,TX,Bryan (TX),3561,City of Bryan - (TX),2442,Electric Utility,4,24.0,Natural Gas Steam Turbine,Natural gas,Steam turbine,Gas,30.64741,-96.372316,2014-07-15,EIA 860M,1657
2014,7,TX,Bryan (TX),3561,City of Bryan - (TX),2442,Electric Utility,3,13.0,Natural Gas Steam Turbine,Natural gas,Steam turbine,Gas,30.64741,-96.372316,2014-07-15,EIA 860M,1658
2005,5,TX,C E Newman,3574,City of Garland - (TX),6958,Electric Utility,3,18.7,Natural Gas Steam Turbine,Natural gas,Steam turbine,Gas,32.9125,-96.6231,2005-05-15,EIA 860M,1659
2005,5,TX,C E Newman,3574,City of Garland - (TX),6958,Electric Utility,4,18.7,Natural Gas Steam Turbine,Natural gas,Steam turbine,Gas,32.9125,-96.6231,2005-05-15,EIA 860M,1660
2005,5,TX,C E Newman,3574,City of Garland - (TX),6958,Electric Utility,2,7.5,Natural Gas Steam Turbine,Natural gas,Steam turbine,Gas,32.9125,-96.6231,2005-05-15,EIA 860M,1661
2005,5,TX,C E Newman,3574,City of Garland - (TX),6958,Electric Utility,1,7.5,Natural Gas Steam Turbine,Natural gas,Steam turbine,Gas,32.9125,-96.6231,2005-05-15,EIA 860M,1662
2011,2,TX,C E Newman,3574,City of Garland - (TX),6958,Electric Utility,5,44.0,Natural Gas Steam Turbine,Natural gas,Steam turbine,Gas,32.9125,-96.6231,2011-02-15,EIA 860M,1663
2002,12,CA,Mountainview Generating Station,358,Southern California Edison Co,17609,Electric Utility,2,65.3,Natural Gas Steam Turbine,Natural gas,Steam turbine,Gas,34.0818,-117.2418,2002-12-15,EIA 860M,1664
2002,12,CA,Mountainview Generating Station,358,Southern California Edison Co,17609,Electric Utility,1,65.3,Natural Gas Steam Turbine,Natural gas,Steam turbine,Gas,34.0818,-117.2418,2002-12-15,EIA 860M,1665
2023,10,TX,Ty Cooke,3602,City of Lubbock - (TX),11292,Electric Utility,1,44.0,Natural Gas Steam Turbine,Natural gas,Steam turbine,Gas,33.5211,-101.7906,2023-10-15,EIA 860M,1666
2012,8,TX,Ty Cooke,3602,City of Lubbock - (TX),11292,Electric Utility,GT1,12.5,Natural Gas Fired Combustion Turbine,Natural gas,Combustion turbine,Gas,33.5211,-101.7906,2012-08-15,EIA 860M,1667
2023,10,TX,Ty Cooke,3602,City of Lubbock - (TX),11292,Electric Utility,GT3,22.0,Natural Gas Fired Combustion Turbine,Natural gas,Combustion turbine,Gas,33.5211,-101.7906,2023-10-15,EIA 860M,1668
2023,10,TX,Ty Cooke,3602,City of Lubbock - (TX),11292,Electric Utility,2,53.6,Natural Gas Steam Turbine,Natural gas,Steam turbine,Gas,33.5211,-101.7906,2023-10-15,EIA 860M,1669
2023,10,TX,Ty Cooke,3602,City of Lubbock - (TX),11292,Electric Utility,GT2,18.5,Natural Gas Fired Combustion Turbine,Natural gas,Combustion turbine,Gas,33.5211,-101.7906,2023-10-15,EIA 860M,1670
2015,12,TX,J Robert Massengale,3604,City of Lubbock - (TX),11292,Electric Utility,5,11.5,Natural Gas Steam Turbine,Natural gas,Steam turbine,Gas,33.6039,-101.8408,2015-12-15,EIA 860M,1671
2023,10,TX,J Robert Massengale,3604,City of Lubbock - (TX),11292,Electric Utility,8,40.0,Natural Gas Fired Combined Cycle,Natural gas,Combined cycle,Gas,33.6039,-101.8408,2023-10-15,EIA 860M,1672
2023,10,TX,J Robert Massengale,3604,City of Lubbock - (TX),11292,Electric Utility,7,22.0,Natural Gas Fired Combined Cycle,Natural gas,Combined cycle,Gas,33.6039,-101.8408,2023-10-15,EIA 860M,1673
2023,10,TX,J Robert Massengale,3604,City of Lubbock - (TX),11292,Electric Utility,6A,22.0,Natural Gas Fired Combined Cycle,Natural gas,Combined cycle,Gas,33.6039,-101.8408,2023-10-15,EIA 860M,1674
2015,12,TX,J Robert Massengale,3604,City of Lubbock - (TX),11292,Electric Utility,4,11.5,Natural Gas Steam Turbine,Natural gas,Steam turbine,Gas,33.6039,-101.8408,2015-12-15,EIA 860M,1675
2013,6,TX,Leon Creek,3609,City of San Antonio - (TX),16604,Electric Utility,3,75.0,Natural Gas Steam Turbine,Natural gas,Steam turbine,Gas,29.3525,-98.5761,2013-06-15,EIA 860M,1676
2013,6,TX,Leon Creek,3609,City of San Antonio - (TX),16604,Electric Utility,4,113.7,Natural Gas Steam Turbine,Natural gas,Steam turbine,Gas,29.3525,-98.5761,2013-06-15,EIA 860M,1677
2003,10,TX,Mission Road,3610,City of San Antonio - (TX),16604,Electric Utility,3,113.6,Natural Gas Steam Turbine,Natural gas,Steam turbine,Gas,29.398333,-98.489166,2003-10-15,EIA 860M,1678
2029,3,TX,O W Sommers,3611,City of San Antonio - (TX),16604,Electric Utility,2,410.0,Natural Gas Steam Turbine,Natural gas,Steam turbine,Gas,29.308056,-98.3242,2029-03-15,Electric Power Monthly Table 6.6,1679
2027,3,TX,O W Sommers,3611,City of San Antonio - (TX),16604,Electric Utility,1,420.0,Natural Gas Steam Turbine,Natural gas,Steam turbine,Gas,29.308056,-98.3242,2027-03-15,Electric Power Monthly Table 6.6,1680
2007,10,TX,W B Tuttle,3613,City of San Antonio - (TX),16604,Electric Utility,2,113.6,Natural Gas Steam Turbine,Natural gas,Steam turbine,Gas,29.53,-98.4181,2007-10-15,EIA 860M,1681
2011,3,TX,W B Tuttle,3613,City of San Antonio - (TX),16604,Electric Utility,4,191.7,Natural Gas Steam Turbine,Natural gas,Steam turbine,Gas,29.53,-98.4181,2011-03-15,EIA 860M,1682
2011,3,TX,W B Tuttle,3613,City of San Antonio - (TX),16604,Electric Utility,3,113.6,Natural Gas Steam Turbine,Natural gas,Steam turbine,Gas,29.53,-98.4181,2011-03-15,EIA 860M,1683
2011,3,TX,W B Tuttle,3613,City of San Antonio - (TX),16604,Electric Utility,1,75.0,Natural Gas Steam Turbine,Natural gas,Steam turbine,Gas,29.53,-98.4181,2011-03-15,EIA 860M,1684
2009,1,TX,North Texas,3627,Brazos Electric Power Coop Inc,2172,Electric Utility,3,38.0,Natural Gas Steam Turbine,Natural gas,Steam turbine,Gas,32.77878,-97.694542,2009-01-15,EIA 860M,1685
2014,12,TX,North Texas,3627,Brazos Electric Power Coop Inc,2172,Electric Utility,2,16.5,Natural Gas Steam Turbine,Natural gas,Steam turbine,Gas,32.77878,-97.694542,2014-12-15,EIA 860M,1686
2014,12,TX,North Texas,3627,Brazos Electric Power Coop Inc,2172,Electric Utility,1,16.5,Natural Gas Steam Turbine,Natural gas,Steam turbine,Gas,32.77878,-97.694542,2014-12-15,EIA 860M,1687
2017,8,TX,Pearsall,3630,"South Texas Electric Coop, Inc",17583,Electric Utility,1,22.0,Natural Gas Steam Turbine,Natural gas,Steam turbine,Gas,28.9275,-99.0919,2017-08-15,EIA 860M,1688
2017,8,TX,Pearsall,3630,"South Texas Electric Coop, Inc",17583,Electric Utility,3,22.0,Natural Gas Steam Turbine,Natural gas,Steam turbine,Gas,28.9275,-99.0919,2017-08-15,EIA 860M,1689
2017,8,TX,Pearsall,3630,"South Texas Electric Coop, Inc",17583,Electric Utility,2,22.0,Natural Gas Steam Turbine,Natural gas,Steam turbine,Gas,28.9275,-99.0919,2017-08-15,EIA 860M,1690
2021,2,TX,Sam Rayburn,3631,"South Texas Electric Coop, Inc",17583,Electric Utility,1,11.2,Natural Gas Fired Combustion Turbine,Natural gas,Combustion turbine,Gas,28.8947,-97.135,2021-02-15,EIA 860M,1691
2021,2,TX,Sam Rayburn,3631,"South Texas Electric Coop, Inc",17583,Electric Utility,2,11.2,Natural Gas Fired Combustion Turbine,Natural gas,Combustion turbine,Gas,28.8947,-97.135,2021-02-15,EIA 860M,1692
2012,6,TX,Sam Rayburn,3631,"South Texas Electric Coop, Inc",17583,Electric Utility,3,25.0,Natural Gas Steam Turbine,Natural gas,Steam turbine,Gas,28.8947,-97.135,2012-06-15,EIA 860M,1693
2015,4,UT,Carbon,3644,PacifiCorp,14354,Electric Utility,1,75.0,Conventional Steam Coal,Bituminous coal,Steam turbine,Coal,39.7272,-110.8644,2015-04-15,EIA 860M,1694
2015,4,UT,Carbon,3644,PacifiCorp,14354,Electric Utility,2,113.6,Conventional Steam Coal,Bituminous coal,Steam turbine,Coal,39.7272,-110.8644,2015-04-15,EIA 860M,1695
2032,12,UT,Gadsby,3648,PacifiCorp,14354,Electric Utility,5,39.6,Natural Gas Fired Combustion Turbine,Natural gas,Combustion turbine,Gas,40.7686,-111.9289,2032-12-15,Electric Power Monthly Table 6.6,1696
2032,12,UT,Gadsby,3648,PacifiCorp,14354,Electric Utility,6,36.9,Natural Gas Fired Combustion Turbine,Natural gas,Combustion turbine,Gas,40.7686,-111.9289,2032-12-15,Electric Power Monthly Table 6.6,1697
2032,12,UT,Gadsby,3648,PacifiCorp,14354,Electric Utility,4,39.6,Natural Gas Fired Combustion Turbine,Natural gas,Combustion turbine,Gas,40.7686,-111.9289,2032-12-15,Electric Power Monthly Table 6.6,1698
2032,12,UT,Gadsby,3648,PacifiCorp,14354,Electric Utility,1,64.0,Natural Gas Steam Turbine,Natural gas,Steam turbine,Gas,40.7686,-111.9289,2032-12-15,Electric Power Monthly Table 6.6,1699
2032,12,UT,Gadsby,3648,PacifiCorp,14354,Electric Utility,2,69.0,Natural Gas Steam Turbine,Natural gas,Steam turbine,Gas,40.7686,-111.9289,2032-12-15,Electric Power Monthly Table 6.6,1700
2015,6,NJ,PSEG Edison Generating Station,2400,PSEG Fossil LLC,15147,IPP Non-CHP,24,41.8,Natural Gas Fired Combustion Turbine,Natural gas,Combustion turbine,Gas,40.4911,-74.3956,2015-06-15,EIA 860M,1701
2017,6,SC,Darlington County,3250,Duke Energy Progress - (NC),3046,Electric Utility,9,66.8,Petroleum Liquids,"Distillate fuel oil, light fuel oil, FO2, diesel oil",Combustion turbine,Oil,34.4185,-80.1657,2017-06-15,EIA 860M,1702
2020,3,SC,Darlington County,3250,Duke Energy Progress - (NC),3046,Electric Utility,4,65.8,Petroleum Liquids,"Distillate fuel oil, light fuel oil, FO2, diesel oil",Combustion turbine,Oil,34.4185,-80.1657,2020-03-15,EIA 860M,1703
2020,3,SC,Darlington County,3250,Duke Energy Progress - (NC),3046,Electric Utility,6,65.8,Petroleum Liquids,"Distillate fuel oil, light fuel oil, FO2, diesel oil",Combustion turbine,Oil,34.4185,-80.1657,2020-03-15,EIA 860M,1704
2020,3,SC,Darlington County,3250,Duke Energy Progress - (NC),3046,Electric Utility,7,66.8,Natural Gas Fired Combustion Turbine,Natural gas,Combustion turbine,Gas,34.4185,-80.1657,2020-03-15,EIA 860M,1705
2020,3,SC,Darlington County,3250,Duke Energy Progress - (NC),3046,Electric Utility,8,65.8,Petroleum Liquids,"Distillate fuel oil, light fuel oil, FO2, diesel oil",Combustion turbine,Oil,34.4185,-80.1657,2020-03-15,EIA 860M,1706
2012,10,SC,H B Robinson,3251,Duke Energy Progress - (NC),3046,Electric Utility,1,206.6,Conventional Steam Coal,Bituminous coal,Steam turbine,Coal,34.4017,-80.1589,2012-10-15,EIA 860M,1707
2013,3,SC,H B Robinson,3251,Duke Energy Progress - (NC),3046,Electric Utility,GT1,16.3,Natural Gas Fired Combustion Turbine,Natural gas,Combustion turbine,Gas,34.4017,-80.1589,2013-03-15,EIA 860M,1708
2022,3,SC,W S Lee,3264,"Duke Energy Carolinas, LLC",5416,Electric Utility,3,163.2,Natural Gas Steam Turbine,Natural gas,Steam turbine,Gas,34.6022,-82.435,2022-03-15,EIA 860M,1709
2014,11,SC,W S Lee,3264,"Duke Energy Carolinas, LLC",5416,Electric Utility,1,90.0,Conventional Steam Coal,Bituminous coal,Steam turbine,Coal,34.6022,-82.435,2014-11-15,EIA 860M,1710
2014,11,SC,W S Lee,3264,"Duke Energy Carolinas, LLC",5416,Electric Utility,2,90.0,Conventional Steam Coal,Bituminous coal,Steam turbine,Coal,34.6022,-82.435,2014-11-15,EIA 860M,1711
2007,1,SC,W S Lee,3264,"Duke Energy Carolinas, LLC",5416,Electric Utility,4,35.1,Natural Gas Fired Combustion Turbine,Natural gas,Combustion turbine,Gas,34.6022,-82.435,2007-01-15,EIA 860M,1712
2007,1,SC,W S Lee,3264,"Duke Energy Carolinas, LLC",5416,Electric Utility,5,35.1,Natural Gas Fired Combustion Turbine,Natural gas,Combustion turbine,Gas,34.6022,-82.435,2007-01-15,EIA 860M,1713
2007,1,SC,W S Lee,3264,"Duke Energy Carolinas, LLC",5416,Electric Utility,6,35.1,Natural Gas Fired Combustion Turbine,Natural gas,Combustion turbine,Gas,34.6022,-82.435,2007-01-15,EIA 860M,1714
2008,1,SC,Burton,3277,"Dominion Energy South Carolina, Inc",17539,Electric Utility,1,11.5,Natural Gas Fired Combustion Turbine,Natural gas,Combustion turbine,Gas,32.436111,-80.721388,2008-01-15,EIA 860M,1715
2008,1,SC,Burton,3277,"Dominion Energy South Carolina, Inc",17539,Electric Utility,2,11.5,Natural Gas Fired Combustion Turbine,Natural gas,Combustion turbine,Gas,32.436111,-80.721388,2008-01-15,EIA 860M,1716
2008,1,SC,Burton,3277,"Dominion Energy South Carolina, Inc",17539,Electric Utility,3,11.5,Natural Gas Fired Combustion Turbine,Natural gas,Combustion turbine,Gas,32.436111,-80.721388,2008-01-15,EIA 860M,1717
2012,12,SC,Canadys Steam,3280,"Dominion Energy South Carolina, Inc",17539,Electric Utility,1,136.0,Conventional Steam Coal,Bituminous coal,Steam turbine,Coal,33.0647,-80.6228,2012-12-15,EIA 860M,1718
2013,11,SC,Canadys Steam,3280,"Dominion Energy South Carolina, Inc",17539,Electric Utility,3,217.6,Conventional Steam Coal,Bituminous coal,Steam turbine,Coal,33.0647,-80.6228,2013-11-15,EIA 860M,1719
2013,11,SC,Canadys Steam,3280,"Dominion Energy South Carolina, Inc",17539,Electric Utility,2,136.0,Conventional Steam Coal,Bituminous coal,Steam turbine,Coal,33.0647,-80.6228,2013-11-15,EIA 860M,1720
2025,12,SC,Coit GT,3281,"Dominion Energy South Carolina, Inc",17539,Electric Utility,1,14.0,Petroleum Liquids,"Distillate fuel oil, light fuel oil, FO2, diesel oil",Combustion turbine,Oil,33.980254,-81.04067,2025-12-15,Electric Power Monthly Table 6.6,1721
2025,12,SC,Coit GT,3281,"Dominion Energy South Carolina, Inc",17539,Electric Utility,2,12.0,Petroleum Liquids,"Distillate fuel oil, light fuel oil, FO2, diesel oil",Combustion turbine,Oil,33.980254,-81.04067,2025-12-15,Electric Power Monthly Table 6.6,1722
2008,1,SC,Faber Place,3284,"Dominion Energy South Carolina, Inc",17539,Electric Utility,1,11.5,Natural Gas Fired Combustion Turbine,Natural gas,Combustion turbine,Gas,32.783333,-79.983333,2008-01-15,EIA 860M,1723
2022,3,SC,Hardeeville,3286,"Dominion Energy South Carolina, Inc",17539,Electric Utility,1,16.3,Petroleum Liquids,"Distillate fuel oil, light fuel oil, FO2, diesel oil",Combustion turbine,Oil,32.298805,-81.073866,2022-03-15,EIA 860M,1724
2014,12,CA,Coolwater,329,"GenOn California South, LP",15908,IPP Non-CHP,31,85.0,Natural Gas Fired Combined Cycle,Natural gas,Combined cycle,Gas,34.8606,-116.8539,2014-12-15,EIA 860M,1725
2014,12,CA,Coolwater,329,"GenOn California South, LP",15908,IPP Non-CHP,42,85.0,Natural Gas Fired Combined Cycle,Natural gas,Combined cycle,Gas,34.8606,-116.8539,2014-12-15,EIA 860M,1726
2014,12,CA,Coolwater,329,"GenOn California South, LP",15908,IPP Non-CHP,41,85.0,Natural Gas Fired Combined Cycle,Natural gas,Combined cycle,Gas,34.8606,-116.8539,2014-12-15,EIA 860M,1727
2014,12,CA,Coolwater,329,"GenOn California South, LP",15908,IPP Non-CHP,40,120.0,Natural Gas Fired Combined Cycle,Natural gas,Combined cycle,Gas,34.8606,-116.8539,2014-12-15,EIA 860M,1728
2014,12,CA,Coolwater,329,"GenOn California South, LP",15908,IPP Non-CHP,30,120.0,Natural Gas Fired Combined Cycle,Natural gas,Combined cycle,Gas,34.8606,-116.8539,2014-12-15,EIA 860M,1729
2014,12,CA,Coolwater,329,"GenOn California South, LP",15908,IPP Non-CHP,32,85.0,Natural Gas Fired Combined Cycle,Natural gas,Combined cycle,Gas,34.8606,-116.8539,2014-12-15,EIA 860M,1730
2014,12,CA,Coolwater,329,"GenOn California South, LP",15908,IPP Non-CHP,1,65.3,Natural Gas Steam Turbine,Natural gas,Steam turbine,Gas,34.8606,-116.8539,2014-12-15,EIA 860M,1731
2014,12,CA,Coolwater,329,"GenOn California South, LP",15908,IPP Non-CHP,2,82.0,Natural Gas Steam Turbine,Natural gas,Steam turbine,Gas,34.8606,-116.8539,2014-12-15,EIA 860M,1732
2023,3,SC,Parr GT,3291,"Dominion Energy South Carolina, Inc",17539,Electric Utility,GT1,19.6,Natural Gas Fired Combustion Turbine,Natural gas,Combustion turbine,Gas,34.2642,-81.3308,2023-03-15,EIA 860M,1733
2023,3,SC,Parr GT,3291,"Dominion Energy South Carolina, Inc",17539,Electric Utility,GT2,19.6,Natural Gas Fired Combustion Turbine,Natural gas,Combustion turbine,Gas,34.2642,-81.3308,2023-03-15,EIA 860M,1734
2023,3,SC,Parr GT,3291,"Dominion Energy South Carolina, Inc",17539,Electric Utility,GT4,22.3,Natural Gas Fired Combustion Turbine,Natural gas,Combustion turbine,Gas,34.2642,-81.3308,2023-03-15,EIA 860M,1735
2023,3,SC,Parr GT,3291,"Dominion Energy South Carolina, Inc",17539,Electric Utility,GT3,22.3,Natural Gas Fired Combustion Turbine,Natural gas,Combustion turbine,Gas,34.2642,-81.3308,2023-03-15,EIA 860M,1736
2022,9,SC,Williams,3298,"South Carolina Genertg Co, Inc",17554,Electric Utility,1,26.9,Natural Gas Fired Combustion Turbine,Natural gas,Combustion turbine,Gas,33.0158,-79.9297,2022-09-15,EIA 860M,1737
2022,9,SC,Williams,3298,"South Carolina Genertg Co, Inc",17554,Electric Utility,2,26.9,Natural Gas Fired Combustion Turbine,Natural gas,Combustion turbine,Gas,33.0158,-79.9297,2022-09-15,EIA 860M,1738
2015,12,CA,El Segundo Power,330,NRG El Segundo Operations Inc,13584,IPP Non-CHP,4,342.0,Natural Gas Steam Turbine,Natural gas,Steam turbine,Gas,33.910556,-118.425,2015-12-15,EIA 860M,1739
2013,7,CA,El Segundo Power,330,NRG El Segundo Operations Inc,13584,IPP Non-CHP,3,342.0,Natural Gas Steam Turbine,Natural gas,Steam turbine,Gas,33.910556,-118.425,2013-07-15,EIA 860M,1740
2002,12,CA,El Segundo Power,330,NRG El Segundo Operations Inc,13584,IPP Non-CHP,1,156.2,Natural Gas Steam Turbine,Natural gas,Steam turbine,Gas,33.910556,-118.425,2002-12-15,EIA 860M,1741
2002,12,CA,El Segundo Power,330,NRG El Segundo Operations Inc,13584,IPP Non-CHP,2,156.2,Natural Gas Steam Turbine,Natural gas,Steam turbine,Gas,33.910556,-118.425,2002-12-15,EIA 860M,1742
2013,1,SC,Rocky River (SC),3305,City of Abbeville - (SC),34,Electric Utility,IC1,1.1,Petroleum Liquids,"Distillate fuel oil, light fuel oil, FO2, diesel oil",Internal combustion engine,Oil,34.2572,-82.6097,2013-01-15,EIA 860M,1743
2003,10,CA,Etiwanda Generating Station,331,"GenOn California South, LP",15908,IPP Non-CHP,2,123.0,Natural Gas Steam Turbine,Natural gas,Steam turbine,Gas,34.09118,-117.52663,2003-10-15,EIA 860M,1744
2003,10,CA,Etiwanda Generating Station,331,"GenOn California South, LP",15908,IPP Non-CHP,1,123.0,Natural Gas Steam Turbine,Natural gas,Steam turbine,Gas,34.09118,-117.52663,2003-10-15,EIA 860M,1745
2003,12,CA,Etiwanda Generating Station,331,"GenOn California South, LP",15908,IPP Non-CHP,5,138.1,Natural Gas Fired Combustion Turbine,Natural gas,Combustion turbine,Gas,34.09118,-117.52663,2003-12-15,EIA 860M,1746
2018,5,CA,Etiwanda Generating Station,331,"GenOn California South, LP",15908,IPP Non-CHP,4,333.0,Natural Gas Steam Turbine,Natural gas,Steam turbine,Gas,34.09118,-117.52663,2018-05-15,EIA 860M,1747
2018,5,CA,Etiwanda Generating Station,331,"GenOn California South, LP",15908,IPP Non-CHP,3,333.0,Natural Gas Steam Turbine,Natural gas,Steam turbine,Gas,34.09118,-117.52663,2018-05-15,EIA 860M,1748
2012,12,SC,Dolphus M Grainger,3317,South Carolina Public Service Authority,17543,Electric Utility,1,81.6,Conventional Steam Coal,Bituminous coal,Steam turbine,Coal,33.826655,-79.053368,2012-12-15,EIA 860M,1749
2012,12,SC,Dolphus M Grainger,3317,South Carolina Public Service Authority,17543,Electric Utility,2,81.6,Conventional Steam Coal,Bituminous coal,Steam turbine,Coal,33.826655,-79.053368,2012-12-15,EIA 860M,1750
2033,12,SC,Hilton Head,3318,South Carolina Public Service Authority,17543,Electric Utility,1,16.0,Petroleum Liquids,"Distillate fuel oil, light fuel oil, FO2, diesel oil",Combustion turbine,Oil,32.208871,-80.698754,2033-12-15,Electric Power Monthly Table 6.6,1751
2033,12,SC,Hilton Head,3318,South Carolina Public Service Authority,17543,Electric Utility,2,16.0,Petroleum Liquids,"Distillate fuel oil, light fuel oil, FO2, diesel oil",Combustion turbine,Oil,32.208871,-80.698754,2033-12-15,Electric Power Monthly Table 6.6,1752
2033,12,SC,Hilton Head,3318,South Carolina Public Service Authority,17543,Electric Utility,3,52.0,Petroleum Liquids,"Distillate fuel oil, light fuel oil, FO2, diesel oil",Combustion turbine,Oil,32.208871,-80.698754,2033-12-15,Electric Power Monthly Table 6.6,1753
2012,12,SC,Jefferies,3319,South Carolina Public Service Authority,17543,Electric Utility,4,172.8,Conventional Steam Coal,Bituminous coal,Steam turbine,Coal,33.244404,-79.990909,2012-12-15,EIA 860M,1754
2015,10,SC,Jefferies,3319,South Carolina Public Service Authority,17543,Electric Utility,1,50.0,Petroleum Liquids,Waste oil,Steam turbine,Oil,33.244404,-79.990909,2015-10-15,EIA 860M,1755
2015,10,SC,Jefferies,3319,South Carolina Public Service Authority,17543,Electric Utility,2,50.0,Petroleum Liquids,Waste oil,Steam turbine,Oil,33.244404,-79.990909,2015-10-15,EIA 860M,1756
2012,12,SC,Jefferies,3319,South Carolina Public Service Authority,17543,Electric Utility,3,172.8,Conventional Steam Coal,Bituminous coal,Steam turbine,Coal,33.244404,-79.990909,2012-12-15,EIA 860M,1757
2033,12,SC,Myrtle Beach,3320,South Carolina Public Service Authority,17543,Electric Utility,1,8.0,Petroleum Liquids,"Distillate fuel oil, light fuel oil, FO2, diesel oil",Combustion turbine,Oil,33.708283,-78.924146,2033-12-15,Electric Power Monthly Table 6.6,1758
2033,12,SC,Myrtle Beach,3320,South Carolina Public Service Authority,17543,Electric Utility,2,8.0,Petroleum Liquids,"Distillate fuel oil, light fuel oil, FO2, diesel oil",Combustion turbine,Oil,33.708283,-78.924146,2033-12-15,Electric Power Monthly Table 6.6,1759
2033,12,SC,Myrtle Beach,3320,South Carolina Public Service Authority,17543,Electric Utility,5,19.0,Petroleum Liquids,"Distillate fuel oil, light fuel oil, FO2, diesel oil",Combustion turbine,Oil,33.708283,-78.924146,2033-12-15,Electric Power Monthly Table 6.6,1760
2033,12,SC,Myrtle Beach,3320,South Carolina Public Service Authority,17543,Electric Utility,3,19.0,Petroleum Liquids,"Distillate fuel oil, light fuel oil, FO2, diesel oil",Combustion turbine,Oil,33.708283,-78.924146,2033-12-15,Electric Power Monthly Table 6.6,1761
2033,12,SC,Myrtle Beach,3320,South Carolina Public Service Authority,17543,Electric Utility,4,19.0,Petroleum Liquids,"Distillate fuel oil, light fuel oil, FO2, diesel oil",Combustion turbine,Oil,33.708283,-78.924146,2033-12-15,Electric Power Monthly Table 6.6,1762
2014,3,SD,Ben French,3325,"Black Hills Power, Inc.",19545,Electric Utility,ST1,25.0,Conventional Steam Coal,Subbituminous coal,Steam turbine,Coal,44.087235,-103.260959,2014-03-15,EIA 860M,1763
2014,6,SD,Highmore,3343,NorthWestern Energy - (SD),13809,Electric Utility,2,1.3,Petroleum Liquids,"Distillate fuel oil, light fuel oil, FO2, diesel oil",Internal combustion engine,Oil,44.5217,-99.5269,2014-06-15,EIA 860M,1764
2014,6,SD,Highmore,3343,NorthWestern Energy - (SD),13809,Electric Utility,1,0.6,Petroleum Liquids,"Distillate fuel oil, light fuel oil, FO2, diesel oil",Internal combustion engine,Oil,44.5217,-99.5269,2014-06-15,EIA 860M,1765
2014,6,SD,Highmore,3343,NorthWestern Energy - (SD),13809,Electric Utility,3,2.7,Petroleum Liquids,"Distillate fuel oil, light fuel oil, FO2, diesel oil",Internal combustion engine,Oil,44.5217,-99.5269,2014-06-15,EIA 860M,1766
2022,4,SD,Huron,3344,NorthWestern Energy - (SD),13809,Electric Utility,1,15.0,Natural Gas Fired Combustion Turbine,Natural gas,Combustion turbine,Gas,44.369507,-98.17223,2022-04-15,EIA 860M,1767
2019,12,SD,Huron,3344,NorthWestern Energy - (SD),13809,Electric Utility,2A,42.9,Natural Gas Fired Combustion Turbine,Natural gas,Combustion turbine,Gas,44.369507,-98.17223,2019-12-15,EIA 860M,1768
2008,9,SD,Mobile Unit,3346,NorthWestern Energy - (SD),13809,Electric Utility,1,0.5,Petroleum Liquids,"Distillate fuel oil, light fuel oil, FO2, diesel oil",Internal combustion engine,Oil,44.3784,-98.4629,2008-09-15,EIA 860M,1769
2019,12,SD,Mobile Unit,3346,NorthWestern Energy - (SD),13809,Electric Utility,3,2.0,Petroleum Liquids,"Distillate fuel oil, light fuel oil, FO2, diesel oil",Internal combustion engine,Oil,44.3784,-98.4629,2019-12-15,EIA 860M,1770
2019,12,SD,Mobile Unit,3346,NorthWestern Energy - (SD),13809,Electric Utility,2,1.7,Petroleum Liquids,"Distillate fuel oil, light fuel oil, FO2, diesel oil",Internal combustion engine,Oil,44.3784,-98.4629,2019-12-15,EIA 860M,1771
2004,4,SD,Webster IC,3348,NorthWestern Energy - (SD),13809,Electric Utility,2,1.9,Petroleum Liquids,"Distillate fuel oil, light fuel oil, FO2, diesel oil",Internal combustion engine,Oil,45.33,-97.331111,2004-04-15,EIA 860M,1772
2002,3,SD,Webster IC,3348,NorthWestern Energy - (SD),13809,Electric Utility,1,0.7,Petroleum Liquids,"Distillate fuel oil, light fuel oil, FO2, diesel oil",Internal combustion engine,Oil,45.33,-97.331111,2002-03-15,EIA 860M,1773
2002,10,CA,AES Huntington Beach LLC,335,AES Huntington Beach LLC,23693,IPP Non-CHP,5,133.0,Natural Gas Fired Combustion Turbine,Natural gas,Combustion turbine,Gas,33.6439,-117.9792,2002-10-15,EIA 860M,1774
2012,11,CA,AES Huntington Beach LLC,335,AES Huntington Beach LLC,23693,IPP Non-CHP,3,225.0,Natural Gas Steam Turbine,Natural gas,Steam turbine,Gas,33.6439,-117.9792,2012-11-15,EIA 860M,1775
2026,12,CA,AES Huntington Beach LLC,335,AES Huntington Beach LLC,23693,IPP,2,225.8,Natural Gas Steam Turbine,Natural gas,Steam turbine,Gas,33.6439,-117.9792,2026-12-15,Electric Power Monthly Table 6.6,1776
2019,12,CA,AES Huntington Beach LLC,335,AES Huntington Beach LLC,23693,IPP Non-CHP,1,218.0,Natural Gas Steam Turbine,Natural gas,Steam turbine,Gas,33.6439,-117.9792,2019-12-15,EIA 860M,1777
2012,11,CA,AES Huntington Beach LLC,335,AES Huntington Beach LLC,23693,IPP Non-CHP,4,227.0,Natural Gas Steam Turbine,Natural gas,Steam turbine,Gas,33.6439,-117.9792,2012-11-15,EIA 860M,1778
2025,5,TN,Allen,3393,Tennessee Valley Authority,18642,Electric Utility,GT3,23.9,Petroleum Liquids,"Distillate fuel oil, light fuel oil, FO2, diesel oil",Combustion turbine,Oil,35.074087,-90.14868,2025-05-15,EIA 860M,1779
2025,5,TN,Allen,3393,Tennessee Valley Authority,18642,Electric Utility,G11,23.9,Petroleum Liquids,"Distillate fuel oil, light fuel oil, FO2, diesel oil",Combustion turbine,Oil,35.074087,-90.14868,2025-05-15,EIA 860M,1780
2025,5,TN,Allen,3393,Tennessee Valley Authority,18642,Electric Utility,G13,23.9,Petroleum Liquids,"Distillate fuel oil, light fuel oil, FO2, diesel oil",Combustion turbine,Oil,35.074087,-90.14868,2025-05-15,EIA 860M,1781
2025,5,TN,Allen,3393,Tennessee Valley Authority,18642,Electric Utility,G12,23.9,Petroleum Liquids,"Distillate fuel oil, light fuel oil, FO2, diesel oil",Combustion turbine,Oil,35.074087,-90.14868,2025-05-15,EIA 860M,1782
2025,5,TN,Allen,3393,Tennessee Valley Authority,18642,Electric Utility,G10,23.9,Petroleum Liquids,"Distillate fuel oil, light fuel oil, FO2, diesel oil",Combustion turbine,Oil,35.074087,-90.14868,2025-05-15,EIA 860M,1783
2025,5,TN,Allen,3393,Tennessee Valley Authority,18642,Electric Utility,G15,23.9,Petroleum Liquids,"Distillate fuel oil, light fuel oil, FO2, diesel oil",Combustion turbine,Oil,35.074087,-90.14868,2025-05-15,EIA 860M,1784
2025,5,TN,Allen,3393,Tennessee Valley Authority,18642,Electric Utility,G16,23.9,Petroleum Liquids,"Distillate fuel oil, light fuel oil, FO2, diesel oil",Combustion turbine,Oil,35.074087,-90.14868,2025-05-15,EIA 860M,1785
2025,5,TN,Allen,3393,Tennessee Valley Authority,18642,Electric Utility,G17,59.6,Petroleum Liquids,"Distillate fuel oil, light fuel oil, FO2, diesel oil",Combustion turbine,Oil,35.074087,-90.14868,2025-05-15,EIA 860M,1786
2025,5,TN,Allen,3393,Tennessee Valley Authority,18642,Electric Utility,G18,59.6,Petroleum Liquids,"Distillate fuel oil, light fuel oil, FO2, diesel oil",Combustion turbine,Oil,35.074087,-90.14868,2025-05-15,EIA 860M,1787
2025,5,TN,Allen,3393,Tennessee Valley Authority,18642,Electric Utility,GT1,23.9,Petroleum Liquids,"Distillate fuel oil, light fuel oil, FO2, diesel oil",Combustion turbine,Oil,35.074087,-90.14868,2025-05-15,EIA 860M,1788
2025,5,TN,Allen,3393,Tennessee Valley Authority,18642,Electric Utility,GT2,23.9,Petroleum Liquids,"Distillate fuel oil, light fuel oil, FO2, diesel oil",Combustion turbine,Oil,35.074087,-90.14868,2025-05-15,EIA 860M,1789
2025,5,TN,Allen,3393,Tennessee Valley Authority,18642,Electric Utility,GT4,23.9,Petroleum Liquids,"Distillate fuel oil, light fuel oil, FO2, diesel oil",Combustion turbine,Oil,35.074087,-90.14868,2025-05-15,EIA 860M,1790
2025,5,TN,Allen,3393,Tennessee Valley Authority,18642,Electric Utility,G14,23.9,Petroleum Liquids,"Distillate fuel oil, light fuel oil, FO2, diesel oil",Combustion turbine,Oil,35.074087,-90.14868,2025-05-15,EIA 860M,1791
2025,5,TN,Allen,3393,Tennessee Valley Authority,18642,Electric Utility,GT6,23.9,Petroleum Liquids,"Distillate fuel oil, light fuel oil, FO2, diesel oil",Combustion turbine,Oil,35.074087,-90.14868,2025-05-15,EIA 860M,1792
2025,5,TN,Allen,3393,Tennessee Valley Authority,18642,Electric Utility,GT5,23.9,Petroleum Liquids,"Distillate fuel oil, light fuel oil, FO2, diesel oil",Combustion turbine,Oil,35.074087,-90.14868,2025-05-15,EIA 860M,1793
2018,3,TN,Allen,3393,Tennessee Valley Authority,18642,Electric Utility,2,330.0,Conventional Steam Coal,Subbituminous coal,Steam turbine,Coal,35.074087,-90.14868,2018-03-15,EIA 860M,1794
2018,3,TN,Allen,3393,Tennessee Valley Authority,18642,Electric Utility,1,330.0,Conventional Steam Coal,Subbituminous coal,Steam turbine,Coal,35.074087,-90.14868,2018-03-15,EIA 860M,1795
2018,3,TN,Allen,3393,Tennessee Valley Authority,18642,Electric Utility,3,330.0,Conventional Steam Coal,Subbituminous coal,Steam turbine,Coal,35.074087,-90.14868,2018-03-15,EIA 860M,1796
2025,5,TN,Allen,3393,Tennessee Valley Authority,18642,Electric Utility,GT8,23.9,Petroleum Liquids,"Distillate fuel oil, light fuel oil, FO2, diesel oil",Combustion turbine,Oil,35.074087,-90.14868,2025-05-15,EIA 860M,1797
2025,5,TN,Allen,3393,Tennessee Valley Authority,18642,Electric Utility,GT7,23.9,Petroleum Liquids,"Distillate fuel oil, light fuel oil, FO2, diesel oil",Combustion turbine,Oil,35.074087,-90.14868,2025-05-15,EIA 860M,1798
2025,5,TN,Allen,3393,Tennessee Valley Authority,18642,Electric Utility,GT9,23.9,Petroleum Liquids,"Distillate fuel oil, light fuel oil, FO2, diesel oil",Combustion turbine,Oil,35.074087,-90.14868,2025-05-15,EIA 860M,1799
2023,9,TN,Bull Run,3396,Tennessee Valley Authority,18642,Electric Utility,1,950.0,Conventional Steam Coal,Bituminous coal,Steam turbine,Coal,36.0211,-84.1567,2023-09-15,EIA 860M,1800
2028,12,TN,Cumberland (TN),3399,Tennessee Valley Authority,18642,Electric Utility,1,1239.0,Conventional Steam Coal,Bituminous coal,Steam turbine,Coal,36.3903,-87.6539,2028-12-15,Electric Power Monthly Table 6.6,1801
2015,6,NJ,PSEG Edison Generating Station,2400,PSEG Fossil LLC,15147,IPP Non-CHP,11,41.8,Natural Gas Fired Combustion Turbine,Natural gas,Combustion turbine,Gas,40.4911,-74.3956,2015-06-15,EIA 860M,1802
2015,6,NJ,PSEG Edison Generating Station,2400,PSEG Fossil LLC,15147,IPP Non-CHP,12,41.8,Natural Gas Fired Combustion Turbine,Natural gas,Combustion turbine,Gas,40.4911,-74.3956,2015-06-15,EIA 860M,1803
2015,6,NJ,PSEG Edison Generating Station,2400,PSEG Fossil LLC,15147,IPP Non-CHP,13,41.8,Natural Gas Fired Combustion Turbine,Natural gas,Combustion turbine,Gas,40.4911,-74.3956,2015-06-15,EIA 860M,1804
2015,6,NJ,PSEG Edison Generating Station,2400,PSEG Fossil LLC,15147,IPP Non-CHP,14,41.8,Natural Gas Fired Combustion Turbine,Natural gas,Combustion turbine,Gas,40.4911,-74.3956,2015-06-15,EIA 860M,1805
2015,6,NJ,PSEG Edison Generating Station,2400,PSEG Fossil LLC,15147,IPP Non-CHP,21,41.8,Natural Gas Fired Combustion Turbine,Natural gas,Combustion turbine,Gas,40.4911,-74.3956,2015-06-15,EIA 860M,1806
2015,6,NJ,PSEG Edison Generating Station,2400,PSEG Fossil LLC,15147,IPP Non-CHP,22,41.8,Natural Gas Fired Combustion Turbine,Natural gas,Combustion turbine,Gas,40.4911,-74.3956,2015-06-15,EIA 860M,1807
2015,6,NJ,PSEG Edison Generating Station,2400,PSEG Fossil LLC,15147,IPP Non-CHP,23,41.8,Natural Gas Fired Combustion Turbine,Natural gas,Combustion turbine,Gas,40.4911,-74.3956,2015-06-15,EIA 860M,1808
2015,6,NJ,PSEG Edison Generating Station,2400,PSEG Fossil LLC,15147,IPP Non-CHP,33,41.8,Natural Gas Fired Combustion Turbine,Natural gas,Combustion turbine,Gas,40.4911,-74.3956,2015-06-15,EIA 860M,1809
2015,6,NJ,PSEG Edison Generating Station,2400,PSEG Fossil LLC,15147,IPP Non-CHP,31,41.8,Natural Gas Fired Combustion Turbine,Natural gas,Combustion turbine,Gas,40.4911,-74.3956,2015-06-15,EIA 860M,1810
2015,6,NJ,PSEG Edison Generating Station,2400,PSEG Fossil LLC,15147,IPP Non-CHP,32,41.8,Natural Gas Fired Combustion Turbine,Natural gas,Combustion turbine,Gas,40.4911,-74.3956,2015-06-15,EIA 860M,1811
2015,6,NJ,PSEG Edison Generating Station,2400,PSEG Fossil LLC,15147,IPP Non-CHP,34,41.8,Natural Gas Fired Combustion Turbine,Natural gas,Combustion turbine,Gas,40.4911,-74.3956,2015-06-15,EIA 860M,1812
2022,6,NJ,PSEG Essex Generating Station,2401,Essex Generating Station,65387,IPP Non-CHP,9,93.6,Natural Gas Fired Combustion Turbine,Natural gas,Combustion turbine,Gas,40.7372,-74.1206,2022-06-15,EIA 860M,1813
2015,6,NJ,PSEG Essex Generating Station,2401,Essex Generating Station,65387,IPP Non-CHP,113,41.8,Natural Gas Fired Combustion Turbine,Natural gas,Combustion turbine,Gas,40.7372,-74.1206,2015-06-15,EIA 860M,1814
2015,6,NJ,PSEG Essex Generating Station,2401,Essex Generating Station,65387,IPP Non-CHP,114,41.8,Natural Gas Fired Combustion Turbine,Natural gas,Combustion turbine,Gas,40.7372,-74.1206,2015-06-15,EIA 860M,1815
2015,6,NJ,PSEG Essex Generating Station,2401,Essex Generating Station,65387,IPP Non-CHP,104,41.8,Natural Gas Fired Combustion Turbine,Natural gas,Combustion turbine,Gas,40.7372,-74.1206,2015-06-15,EIA 860M,1816
2015,6,NJ,PSEG Essex Generating Station,2401,Essex Generating Station,65387,IPP Non-CHP,103,41.8,Natural Gas Fired Combustion Turbine,Natural gas,Combustion turbine,Gas,40.7372,-74.1206,2015-06-15,EIA 860M,1817
2015,6,NJ,PSEG Essex Generating Station,2401,Essex Generating Station,65387,IPP Non-CHP,102,41.8,Natural Gas Fired Combustion Turbine,Natural gas,Combustion turbine,Gas,40.7372,-74.1206,2015-06-15,EIA 860M,1818
2015,6,NJ,PSEG Essex Generating Station,2401,Essex Generating Station,65387,IPP Non-CHP,101,41.8,Natural Gas Fired Combustion Turbine,Natural gas,Combustion turbine,Gas,40.7372,-74.1206,2015-06-15,EIA 860M,1819
2015,6,NJ,PSEG Essex Generating Station,2401,Essex Generating Station,65387,IPP Non-CHP,112,41.8,Natural Gas Fired Combustion Turbine,Natural gas,Combustion turbine,Gas,40.7372,-74.1206,2015-06-15,EIA 860M,1820
2015,6,NJ,PSEG Essex Generating Station,2401,Essex Generating Station,65387,IPP Non-CHP,111,41.8,Natural Gas Fired Combustion Turbine,Natural gas,Combustion turbine,Gas,40.7372,-74.1206,2015-06-15,EIA 860M,1821
2015,5,NJ,PSEG Essex Generating Station,2401,Essex Generating Station,65387,IPP Non-CHP,121,41.8,Natural Gas Fired Combustion Turbine,Natural gas,Combustion turbine,Gas,40.7372,-74.1206,2015-05-15,EIA 860M,1822
2015,5,NJ,PSEG Essex Generating Station,2401,Essex Generating Station,65387,IPP Non-CHP,122,41.8,Natural Gas Fired Combustion Turbine,Natural gas,Combustion turbine,Gas,40.7372,-74.1206,2015-05-15,EIA 860M,1823
2015,5,NJ,PSEG Essex Generating Station,2401,Essex Generating Station,65387,IPP Non-CHP,123,41.8,Natural Gas Fired Combustion Turbine,Natural gas,Combustion turbine,Gas,40.7372,-74.1206,2015-05-15,EIA 860M,1824
2015,5,NJ,PSEG Essex Generating Station,2401,Essex Generating Station,65387,IPP Non-CHP,124,41.8,Natural Gas Fired Combustion Turbine,Natural gas,Combustion turbine,Gas,40.7372,-74.1206,2015-05-15,EIA 860M,1825
2012,6,NJ,PSEG Kearny Generating Station,2404,Kearny Generating Station,65388,IPP Non-CHP,10,146.2,Natural Gas Fired Combustion Turbine,Natural gas,Combustion turbine,Gas,40.737283,-74.096464,2012-06-15,EIA 860M,1826
2005,6,NJ,PSEG Kearny Generating Station,2404,Kearny Generating Station,65388,IPP Non-CHP,7,147.0,Petroleum Liquids,"Residual fuel oil, heavy fuel oil, Petroleum",Steam turbine,Oil,40.737283,-74.096464,2005-06-15,EIA 860M,1827
2014,8,NJ,PSEG Kearny Generating Station,2404,Kearny Generating Station,65388,IPP Non-CHP,9,18.5,Natural Gas Fired Combustion Turbine,Natural gas,Combustion turbine,Gas,40.737283,-74.096464,2014-08-15,EIA 860M,1828
2012,6,NJ,PSEG Kearny Generating Station,2404,Kearny Generating Station,65388,IPP Non-CHP,11,146.2,Natural Gas Fired Combustion Turbine,Natural gas,Combustion turbine,Gas,40.737283,-74.096464,2012-06-15,EIA 860M,1829
2005,6,NJ,PSEG Kearny Generating Station,2404,Kearny Generating Station,65388,IPP Non-CHP,8,147.0,Petroleum Liquids,"Residual fuel oil, heavy fuel oil, Petroleum",Steam turbine,Oil,40.737283,-74.096464,2005-06-15,EIA 860M,1830
2006,5,NJ,PSEG Linden Generating Station,2406,Linden Combined Cycle,65389,IPP Non-CHP,2,181.4,Petroleum Liquids,"Residual fuel oil, heavy fuel oil, Petroleum",Steam turbine,Oil,40.6217,-74.2072,2006-05-15,EIA 860M,1831
2006,5,NJ,PSEG Linden Generating Station,2406,Linden Combined Cycle,65389,IPP Non-CHP,3,18.5,Natural Gas Fired Combustion Turbine,Natural gas,Combustion turbine,Gas,40.6217,-74.2072,2006-05-15,EIA 860M,1832
2006,5,NJ,PSEG Linden Generating Station,2406,Linden Combined Cycle,65389,IPP Non-CHP,1,181.4,Petroleum Liquids,"Residual fuel oil, heavy fuel oil, Petroleum",Steam turbine,Oil,40.6217,-74.2072,2006-05-15,EIA 860M,1833
2015,6,NJ,PSEG National Park Generating Station,2409,PSEG Fossil LLC,15147,IPP Non-CHP,1,18.5,Petroleum Liquids,Kerosene,Combustion turbine,Oil,39.86,-75.1853,2015-06-15,EIA 860M,1834
2018,5,NJ,PSEG Sewaren Generating Station,2411,Sewaren Generating Station,65391,IPP Non-CHP,1,110.7,Natural Gas Steam Turbine,Natural gas,Steam turbine,Gas,40.5558,-74.2469,2018-05-15,EIA 860M,1835
2018,5,NJ,PSEG Sewaren Generating Station,2411,Sewaren Generating Station,65391,IPP Non-CHP,2,107.5,Natural Gas Steam Turbine,Natural gas,Steam turbine,Gas,40.5558,-74.2469,2018-05-15,EIA 860M,1836
2018,5,NJ,PSEG Sewaren Generating Station,2411,Sewaren Generating Station,65391,IPP Non-CHP,3,107.5,Natural Gas Steam Turbine,Natural gas,Steam turbine,Gas,40.5558,-74.2469,2018-05-15,EIA 860M,1837
2018,5,NJ,PSEG Sewaren Generating Station,2411,Sewaren Generating Station,65391,IPP Non-CHP,4,126.5,Natural Gas Steam Turbine,Natural gas,Steam turbine,Gas,40.5558,-74.2469,2018-05-15,EIA 860M,1838
2015,6,NJ,PSEG Sewaren Generating Station,2411,Sewaren Generating Station,65391,IPP Non-CHP,6,115.2,Petroleum Liquids,Kerosene,Combustion turbine,Oil,40.5558,-74.2469,2015-06-15,EIA 860M,1839
2008,12,NJ,Howard Down,2434,City of Vineland - (NJ),19856,Electric Utility,6,5.0,Petroleum Liquids,"Residual fuel oil, heavy fuel oil, Petroleum",Steam turbine,Oil,39.4889,-75.0347,2008-12-15,EIA 860M,1840
2008,12,NJ,Howard Down,2434,City of Vineland - (NJ),19856,Electric Utility,7,7.5,Petroleum Liquids,"Residual fuel oil, heavy fuel oil, Petroleum",Steam turbine,Oil,39.4889,-75.0347,2008-12-15,EIA 860M,1841
2008,12,NJ,Howard Down,2434,City of Vineland - (NJ),19856,Electric Utility,5,4.0,Petroleum Liquids,"Residual fuel oil, heavy fuel oil, Petroleum",Steam turbine,Oil,39.4889,-75.0347,2008-12-15,EIA 860M,1842
2009,6,NJ,Howard Down,2434,City of Vineland - (NJ),19856,Electric Utility,8,12.5,Petroleum Liquids,"Residual fuel oil, heavy fuel oil, Petroleum",Steam turbine,Oil,39.4889,-75.0347,2009-06-15,EIA 860M,1843
2010,6,NJ,Howard Down,2434,City of Vineland - (NJ),19856,Electric Utility,9,16.5,Petroleum Liquids,"Residual fuel oil, heavy fuel oil, Petroleum",Steam turbine,Oil,39.4889,-75.0347,2010-06-15,EIA 860M,1844
2012,9,NJ,Howard Down,2434,City of Vineland - (NJ),19856,Electric Utility,10,25.0,Petroleum Liquids,"Residual fuel oil, heavy fuel oil, Petroleum",Steam turbine,Oil,39.4889,-75.0347,2012-09-15,EIA 860M,1845
2013,12,NM,Four Corners,2442,Arizona Public Service Co,803,Electric Utility,1,190.0,Conventional Steam Coal,Bituminous coal,Steam turbine,Coal,36.69,-108.4814,2013-12-15,EIA 860M,1846
2013,12,NM,Four Corners,2442,Arizona Public Service Co,803,Electric Utility,2,190.0,Conventional Steam Coal,Bituminous coal,Steam turbine,Coal,36.69,-108.4814,2013-12-15,EIA 860M,1847
2013,12,NM,Four Corners,2442,Arizona Public Service Co,803,Electric Utility,3,253.4,Conventional Steam Coal,Bituminous coal,Steam turbine,Coal,36.69,-108.4814,2013-12-15,EIA 860M,1848
2031,12,NM,Four Corners,2442,Arizona Public Service Co,803,Electric Utility,4,770.0,Conventional Steam Coal,Bituminous coal,Steam turbine,Coal,36.69,-108.4814,2031-12-15,Electric Power Monthly Table 6.6,1849
2031,12,NM,Four Corners,2442,Arizona Public Service Co,803,Electric Utility,5,770.0,Conventional Steam Coal,Bituminous coal,Steam turbine,Coal,36.69,-108.4814,2031-12-15,Electric Power Monthly Table 6.6,1850
2026,12,NM,Rio Grande,2444,El Paso Electric Co,5701,Electric Utility,6,45.0,Natural Gas Steam Turbine,Natural gas,Steam turbine,Gas,31.8047,-106.5472,2026-12-15,Electric Power Monthly Table 6.6,1851
2027,12,NM,Rio Grande,2444,El Paso Electric Co,5701,Electric Utility,7,46.0,Natural Gas Steam Turbine,Natural gas,Steam turbine,Gas,31.8047,-106.5472,2027-12-15,Electric Power Monthly Table 6.6,1852
2033,12,NM,Rio Grande,2444,El Paso Electric Co,5701,Electric Utility,8,139.0,Natural Gas Steam Turbine,Natural gas,Steam turbine,Gas,31.8047,-106.5472,2033-12-15,Electric Power Monthly Table 6.6,1853
2026,12,NM,Maddox,2446,Southwestern Public Service Co,17718,Electric Utility,2,61.0,Natural Gas Fired Combustion Turbine,Natural gas,Combustion turbine,Gas,32.714224,-103.301469,2026-12-15,Electric Power Monthly Table 6.6,1854
2026,12,NM,Maddox,2446,Southwestern Public Service Co,17718,Electric Utility,3,10.0,Natural Gas Fired Combustion Turbine,Natural gas,Combustion turbine,Gas,32.714224,-103.301469,2026-12-15,Electric Power Monthly Table 6.6,1855
2028,12,NM,Maddox,2446,Southwestern Public Service Co,17718,Electric Utility,1,117.0,Natural Gas Steam Turbine,Natural gas,Steam turbine,Gas,32.714224,-103.301469,2028-12-15,Electric Power Monthly Table 6.6,1856
2011,4,NM,Las Vegas,2447,Public Service Co of NM,15473,Electric Utility,1,20.0,Petroleum Liquids,"Distillate fuel oil, light fuel oil, FO2, diesel oil",Combustion turbine,Oil,35.5997,-105.2269,2011-04-15,EIA 860M,1857
2017,12,NM,San Juan,2451,Public Service Co of NM,15473,Electric Utility,3,555.0,Conventional Steam Coal,Bituminous coal,Steam turbine,Coal,36.8006,-108.4386,2017-12-15,EIA 860M,1858
2017,12,NM,San Juan,2451,Public Service Co of NM,15473,Electric Utility,2,369.0,Conventional Steam Coal,Bituminous coal,Steam turbine,Coal,36.8006,-108.4386,2017-12-15,EIA 860M,1859
2022,6,NM,San Juan,2451,Public Service Co of NM,15473,Electric Utility,1,369.0,Conventional Steam Coal,Refined coal,Steam turbine,Coal,36.8006,-108.4386,2022-06-15,EIA 860M,1860
2022,9,NM,San Juan,2451,Public Service Co of NM,15473,Electric Utility,4,555.0,Conventional Steam Coal,Refined coal,Steam turbine,Coal,36.8006,-108.4386,2022-09-15,EIA 860M,1861
2017,12,NM,Carlsbad,2453,Southwestern Public Service Co,17718,Electric Utility,5,16.3,Natural Gas Fired Combustion Turbine,Natural gas,Combustion turbine,Gas,32.418,-104.21556,2017-12-15,EIA 860M,1862
2040,12,NM,Cunningham,2454,Southwestern Public Service Co,17718,Electric Utility,3,106.0,Natural Gas Fired Combustion Turbine,Natural gas,Combustion turbine,Gas,32.7131,-103.3533,2040-12-15,Electric Power Monthly Table 6.6,1863
2027,12,NM,Cunningham,2454,Southwestern Public Service Co,17718,Electric Utility,2,183.0,Natural Gas Steam Turbine,Natural gas,Steam turbine,Gas,32.7131,-103.3533,2027-12-15,Electric Power Monthly Table 6.6,1864
2040,12,NM,Cunningham,2454,Southwestern Public Service Co,17718,Electric Utility,4,101.0,Natural Gas Fired Combustion Turbine,Natural gas,Combustion turbine,Gas,32.7131,-103.3533,2040-12-15,Electric Power Monthly Table 6.6,1865
2024,1,NM,Cunningham,2454,Southwestern Public Service Co,17718,Electric Utility,1,75.0,Natural Gas Steam Turbine,Natural gas,Steam turbine,Gas,32.7131,-103.3533,2024-01-15,EIA 860M,1866
2010,9,CA,Humboldt Bay,246,Pacific Gas & Electric Co.,14328,Electric Utility,ST2,51.2,Natural Gas Steam Turbine,Natural gas,Steam turbine,Gas,40.7415,-124.2103,2010-09-15,EIA 860M,1867
2010,9,CA,Humboldt Bay,246,Pacific Gas & Electric Co.,14328,Electric Utility,ST1,51.2,Natural Gas Steam Turbine,Natural gas,Steam turbine,Gas,40.7415,-124.2103,2010-09-15,EIA 860M,1868
2012,11,NM,Animas,2465,City of Farmington - (NM),6204,Electric Utility,3,9.0,Natural Gas Steam Turbine,Natural gas,Steam turbine,Gas,36.725138,-108.19202,2012-11-15,EIA 860M,1869
2012,11,NM,Animas,2465,City of Farmington - (NM),6204,Electric Utility,ST4,16.5,Natural Gas Steam Turbine,Natural gas,Steam turbine,Gas,36.725138,-108.19202,2012-11-15,EIA 860M,1870
2015,3,NM,Animas,2465,City of Farmington - (NM),6204,Electric Utility,2,3.0,Natural Gas Fired Combined Cycle,Natural gas,Combined cycle,Gas,36.725138,-108.19202,2015-03-15,EIA 860M,1871
2015,3,NM,Animas,2465,City of Farmington - (NM),6204,Electric Utility,1,3.0,Natural Gas Fired Combined Cycle,Natural gas,Combined cycle,Gas,36.725138,-108.19202,2015-03-15,EIA 860M,1872
2020,10,NM,Animas,2465,City of Farmington - (NM),6204,Electric Utility,GT1,18.6,Natural Gas Fired Combustion Turbine,Natural gas,Combustion turbine,Gas,36.725138,-108.19202,2020-10-15,EIA 860M,1873
2006,2,NM,Tucumcari,2469,Southwestern Public Service Co,17718,Electric Utility,5,1.0,Petroleum Liquids,"Distillate fuel oil, light fuel oil, FO2, diesel oil",Internal combustion engine,Oil,35.168056,-103.718055,2006-02-15,EIA 860M,1874
2006,2,NM,Tucumcari,2469,Southwestern Public Service Co,17718,Electric Utility,4,2.2,Petroleum Liquids,"Distillate fuel oil, light fuel oil, FO2, diesel oil",Internal combustion engine,Oil,35.168056,-103.718055,2006-02-15,EIA 860M,1875
2006,2,NM,Tucumcari,2469,Southwestern Public Service Co,17718,Electric Utility,6,4.1,Petroleum Liquids,"Distillate fuel oil, light fuel oil, FO2, diesel oil",Internal combustion engine,Oil,35.168056,-103.718055,2006-02-15,EIA 860M,1876
2006,2,NM,Tucumcari,2469,Southwestern Public Service Co,17718,Electric Utility,8,3.0,Petroleum Liquids,"Distillate fuel oil, light fuel oil, FO2, diesel oil",Internal combustion engine,Oil,35.168056,-103.718055,2006-02-15,EIA 860M,1877
2010,12,NM,Tucumcari,2469,Southwestern Public Service Co,17718,Electric Utility,9,4.8,Petroleum Liquids,"Distillate fuel oil, light fuel oil, FO2, diesel oil",Internal combustion engine,Oil,35.168056,-103.718055,2010-12-15,EIA 860M,1878
2010,12,NM,Tucumcari,2469,Southwestern Public Service Co,17718,Electric Utility,3,1.0,Petroleum Liquids,"Distillate fuel oil, light fuel oil, FO2, diesel oil",Internal combustion engine,Oil,35.168056,-103.718055,2010-12-15,EIA 860M,1879
2024,3,NY,South Cairo,2485,Central Hudson Gas & Elec Corp,3249,Electric Utility,GT1,21.3,Petroleum Liquids,Kerosene,Combustion turbine,Oil,42.291275,-73.986452,2024-03-15,EIA 860M,1880
2026,5,NY,Coxsackie,2487,Central Hudson Gas & Elec Corp,3249,Electric Utility,GT1,19.8,Natural Gas Fired Combustion Turbine,Natural gas,Combustion turbine,Gas,42.350889,-73.815798,2026-05-15,Electric Power Monthly Table 6.6,1881
2010,2,NY,Charles Poletti,2491,New York Power Authority,15296,Electric Utility,6,883.0,Petroleum Liquids,"Residual fuel oil, heavy fuel oil, Petroleum",Steam turbine,Oil,40.776389,-73.910833,2010-02-15,EIA 860M,1882
2022,11,NY,Hudson Avenue,2496,Consolidated Edison Co-NY Inc,4226,Electric Utility,GT3,16.3,Petroleum Liquids,Kerosene,Combustion turbine,Oil,40.7052,-73.9807,2022-11-15,EIA 860M,1883
2022,11,NY,Hudson Avenue,2496,Consolidated Edison Co-NY Inc,4226,Electric Utility,GT5,16.3,Petroleum Liquids,Kerosene,Combustion turbine,Oil,40.7052,-73.9807,2022-11-15,EIA 860M,1884
2019,9,NY,Hudson Avenue,2496,Consolidated Edison Co-NY Inc,4226,Electric Utility,4,16.3,Petroleum Liquids,Kerosene,Combustion turbine,Oil,40.7052,-73.9807,2019-09-15,EIA 860M,1885
2004,10,NY,Hudson Avenue,2496,Consolidated Edison Co-NY Inc,4226,Electric Utility,10,60.0,Petroleum Liquids,"Residual fuel oil, heavy fuel oil, Petroleum",Steam turbine,Oil,40.7052,-73.9807,2004-10-15,EIA 860M,1886
2023,5,NY,Ravenswood,2500,Ravenswood Operations LLC,61130,IPP Non-CHP,GT10,25.0,Natural Gas Fired Combustion Turbine,Natural gas,Combustion turbine,Gas,40.759167,-73.946111,2023-05-15,EIA 860M,1887
2021,12,NY,Ravenswood,2500,Ravenswood Operations LLC,61130,IPP Non-CHP,GT24,42.9,Natural Gas Fired Combustion Turbine,Natural gas,Combustion turbine,Gas,40.759167,-73.946111,2021-12-15,EIA 860M,1888
2021,12,NY,Ravenswood,2500,Ravenswood Operations LLC,61130,IPP Non-CHP,GT23,42.9,Natural Gas Fired Combustion Turbine,Natural gas,Combustion turbine,Gas,40.759167,-73.946111,2021-12-15,EIA 860M,1889
2021,12,NY,Ravenswood,2500,Ravenswood Operations LLC,61130,IPP Non-CHP,GT22,42.9,Natural Gas Fired Combustion Turbine,Natural gas,Combustion turbine,Gas,40.759167,-73.946111,2021-12-15,EIA 860M,1890
2021,12,NY,Ravenswood,2500,Ravenswood Operations LLC,61130,IPP Non-CHP,GT21,42.9,Natural Gas Fired Combustion Turbine,Natural gas,Combustion turbine,Gas,40.759167,-73.946111,2021-12-15,EIA 860M,1891
2023,5,NY,Ravenswood,2500,Ravenswood Operations LLC,61130,IPP Non-CHP,GT11,25.0,Natural Gas Fired Combustion Turbine,Natural gas,Combustion turbine,Gas,40.759167,-73.946111,2023-05-15,EIA 860M,1892
2021,12,NY,Ravenswood,2500,Ravenswood Operations LLC,61130,IPP Non-CHP,GT34,42.9,Natural Gas Fired Combustion Turbine,Natural gas,Combustion turbine,Gas,40.759167,-73.946111,2021-12-15,EIA 860M,1893
2023,5,NY,Ravenswood,2500,Ravenswood Operations LLC,61130,IPP Non-CHP,GT1,16.0,Natural Gas Fired Combustion Turbine,Natural gas,Combustion turbine,Gas,40.759167,-73.946111,2023-05-15,EIA 860M,1894
2020,9,NY,Ravenswood,2500,Ravenswood Operations LLC,61130,IPP Non-CHP,GT4,21.1,Natural Gas Fired Combustion Turbine,Natural gas,Combustion turbine,Gas,40.759167,-73.946111,2020-09-15,EIA 860M,1895
2020,9,NY,Ravenswood,2500,Ravenswood Operations LLC,61130,IPP Non-CHP,GT5,21.1,Natural Gas Fired Combustion Turbine,Natural gas,Combustion turbine,Gas,40.759167,-73.946111,2020-09-15,EIA 860M,1896
2021,12,NY,Ravenswood,2500,Ravenswood Operations LLC,61130,IPP Non-CHP,GT32,42.9,Natural Gas Fired Combustion Turbine,Natural gas,Combustion turbine,Gas,40.759167,-73.946111,2021-12-15,EIA 860M,1897
2021,12,NY,Ravenswood,2500,Ravenswood Operations LLC,61130,IPP Non-CHP,GT31,42.9,Natural Gas Fired Combustion Turbine,Natural gas,Combustion turbine,Gas,40.759167,-73.946111,2021-12-15,EIA 860M,1898
2020,9,NY,Ravenswood,2500,Ravenswood Operations LLC,61130,IPP Non-CHP,GT9,25.0,Natural Gas Fired Combustion Turbine,Natural gas,Combustion turbine,Gas,40.759167,-73.946111,2020-09-15,EIA 860M,1899
2017,11,NY,Ravenswood,2500,Ravenswood Operations LLC,61130,IPP Non-CHP,GT33,42.9,Natural Gas Fired Combustion Turbine,Natural gas,Combustion turbine,Gas,40.759167,-73.946111,2017-11-15,EIA 860M,1900
2030,1,OK,Weleetka,2966,Public Service Co of Oklahoma,15474,Electric Utility,5,53.0,Natural Gas Fired Combustion Turbine,Natural gas,Combustion turbine,Gas,35.3233,-96.1352,2030-01-15,Electric Power Monthly Table 6.6,1901
2015,8,AL,Barry,3,Alabama Power Co,195,Electric Utility,3,272.0,Conventional Steam Coal,Bituminous coal,Steam turbine,Coal,31.0069,-88.0103,2015-08-15,EIA 860M,1902
2022,3,OK,Boomer Lake Station,3000,Stillwater Utilities Authority,18125,Electric Utility,3,2.0,Petroleum Liquids,"Distillate fuel oil, light fuel oil, FO2, diesel oil",Internal combustion engine,Oil,36.1438,-97.0681,2022-03-15,EIA 860M,1903
2022,3,OK,Boomer Lake Station,3000,Stillwater Utilities Authority,18125,Electric Utility,4,2.0,Petroleum Liquids,"Distillate fuel oil, light fuel oil, FO2, diesel oil",Internal combustion engine,Oil,36.1438,-97.0681,2022-03-15,EIA 860M,1904
2022,3,OK,Boomer Lake Station,3000,Stillwater Utilities Authority,18125,Electric Utility,5,2.0,Petroleum Liquids,"Distillate fuel oil, light fuel oil, FO2, diesel oil",Internal combustion engine,Oil,36.1438,-97.0681,2022-03-15,EIA 860M,1905
2015,6,OK,Boomer Lake Station,3000,Stillwater Utilities Authority,18125,Electric Utility,1,10.0,Natural Gas Steam Turbine,Natural gas,Steam turbine,Gas,36.1438,-97.0681,2015-06-15,EIA 860M,1906
2016,6,OK,Boomer Lake Station,3000,Stillwater Utilities Authority,18125,Electric Utility,2,12.7,Natural Gas Steam Turbine,Natural gas,Steam turbine,Gas,36.1438,-97.0681,2016-06-15,EIA 860M,1907
2024,12,OK,Anadarko Plant,3006,"Western Farmers Elec Coop, Inc",20447,Electric Utility,2,17.3,Natural Gas Steam Turbine,Natural gas,Steam turbine,Gas,35.0847,-98.23,2024-12-15,EIA 860M,1908
2024,12,OK,Anadarko Plant,3006,"Western Farmers Elec Coop, Inc",20447,Electric Utility,3,50.0,Natural Gas Steam Turbine,Natural gas,Steam turbine,Gas,35.0847,-98.23,2024-12-15,EIA 860M,1909
2024,12,OK,Anadarko Plant,3006,"Western Farmers Elec Coop, Inc",20447,Electric Utility,1,17.3,Natural Gas Steam Turbine,Natural gas,Steam turbine,Gas,35.0847,-98.23,2024-12-15,EIA 860M,1910
2017,4,CA,Encina,302,NRG Cabrillo Power Ops Inc,13960,IPP Non-CHP,ST1,110.0,Natural Gas Steam Turbine,Natural gas,Steam turbine,Gas,33.140507,-117.333916,2017-04-15,EIA 860M,1911
2018,12,CA,Encina,302,NRG Cabrillo Power Ops Inc,13960,IPP Non-CHP,2,110.0,Natural Gas Steam Turbine,Natural gas,Steam turbine,Gas,33.140507,-117.333916,2018-12-15,EIA 860M,1912
2018,12,CA,Encina,302,NRG Cabrillo Power Ops Inc,13960,IPP Non-CHP,3,110.0,Natural Gas Steam Turbine,Natural gas,Steam turbine,Gas,33.140507,-117.333916,2018-12-15,EIA 860M,1913
2018,12,CA,Encina,302,NRG Cabrillo Power Ops Inc,13960,IPP Non-CHP,4,306.0,Natural Gas Steam Turbine,Natural gas,Steam turbine,Gas,33.140507,-117.333916,2018-12-15,EIA 860M,1914
2018,12,CA,Encina,302,NRG Cabrillo Power Ops Inc,13960,IPP Non-CHP,5,345.6,Natural Gas Steam Turbine,Natural gas,Steam turbine,Gas,33.140507,-117.333916,2018-12-15,EIA 860M,1915
2018,12,CA,Encina,302,NRG Cabrillo Power Ops Inc,13960,IPP Non-CHP,GT1,18.0,Natural Gas Fired Combustion Turbine,Natural gas,Combustion turbine,Gas,33.140507,-117.333916,2018-12-15,EIA 860M,1916
2014,5,PA,Brunot Island,3096,"Brunot Island Power, LLC",63032,IPP Non-CHP,1B,25.5,Petroleum Liquids,"Distillate fuel oil, light fuel oil, FO2, diesel oil",Combustion turbine,Oil,40.464851,-80.043761,2014-05-15,EIA 860M,1917
2014,5,PA,Brunot Island,3096,"Brunot Island Power, LLC",63032,IPP Non-CHP,1C,25.5,Petroleum Liquids,"Distillate fuel oil, light fuel oil, FO2, diesel oil",Combustion turbine,Oil,40.464851,-80.043761,2014-05-15,EIA 860M,1918
2014,3,PA,Elrama Power Plant,3098,"GenOn Power Midwest, LP",14165,IPP Non-CHP,2,100.0,Conventional Steam Coal,Bituminous coal,Steam turbine,Coal,40.251829,-79.918022,2014-03-15,EIA 860M,1919
2014,3,PA,Elrama Power Plant,3098,"GenOn Power Midwest, LP",14165,IPP Non-CHP,4,185.0,Conventional Steam Coal,Bituminous coal,Steam turbine,Coal,40.251829,-79.918022,2014-03-15,EIA 860M,1920
2014,3,PA,Elrama Power Plant,3098,"GenOn Power Midwest, LP",14165,IPP Non-CHP,3,125.0,Conventional Steam Coal,Bituminous coal,Steam turbine,Coal,40.251829,-79.918022,2014-03-15,EIA 860M,1921
2014,3,PA,Elrama Power Plant,3098,"GenOn Power Midwest, LP",14165,IPP Non-CHP,1,100.0,Conventional Steam Coal,Bituminous coal,Steam turbine,Coal,40.251829,-79.918022,2014-03-15,EIA 860M,1922
2002,12,PA,F R Phillips,3099,"GenOn Power Midwest, LP",14165,IPP Non-CHP,2,81.0,Conventional Steam Coal,Bituminous coal,Steam turbine,Coal,40.575833,-80.228611,2002-12-15,EIA 860M,1923
2002,12,PA,F R Phillips,3099,"GenOn Power Midwest, LP",14165,IPP Non-CHP,3,81.0,Conventional Steam Coal,Bituminous coal,Steam turbine,Coal,40.575833,-80.228611,2002-12-15,EIA 860M,1924
2002,12,PA,F R Phillips,3099,"GenOn Power Midwest, LP",14165,IPP Non-CHP,1,69.0,Conventional Steam Coal,Bituminous coal,Steam turbine,Coal,40.575833,-80.228611,2002-12-15,EIA 860M,1925
2002,12,PA,F R Phillips,3099,"GenOn Power Midwest, LP",14165,IPP Non-CHP,4,179.0,Conventional Steam Coal,Bituminous coal,Steam turbine,Coal,40.575833,-80.228611,2002-12-15,EIA 860M,1926
2013,6,PA,Portland (PA),3113,"Portland Power, LLC",63039,IPP Non-CHP,2,255.0,Conventional Steam Coal,Bituminous coal,Steam turbine,Coal,40.910205,-75.079398,2013-06-15,EIA 860M,1927
2014,6,PA,Portland (PA),3113,"Portland Power, LLC",63039,IPP Non-CHP,1,172.0,Petroleum Liquids,"Distillate fuel oil, light fuel oil, FO2, diesel oil",Steam turbine,Oil,40.910205,-75.079398,2014-06-15,EIA 860M,1928
2013,9,PA,Titus,3115,"Titus Power, LLC",63041,IPP Non-CHP,2,75.0,Conventional Steam Coal,Bituminous coal,Steam turbine,Coal,40.3056,-75.9081,2013-09-15,EIA 860M,1929
2013,9,PA,Titus,3115,"Titus Power, LLC",63041,IPP Non-CHP,1,75.0,Conventional Steam Coal,Bituminous coal,Steam turbine,Coal,40.3056,-75.9081,2013-09-15,EIA 860M,1930
2013,9,PA,Titus,3115,"Titus Power, LLC",63041,IPP Non-CHP,3,75.0,Conventional Steam Coal,Bituminous coal,Steam turbine,Coal,40.3056,-75.9081,2013-09-15,EIA 860M,1931
2023,8,PA,Homer City Generating Station,3122,"Homer City Generation, L.P.",58615,IPP Non-CHP,2,660.0,Conventional Steam Coal,Bituminous coal,Steam turbine,Coal,40.512825,-79.196107,2023-08-15,EIA 860M,1932
2024,4,PA,Homer City Generating Station,3122,"Homer City Generation, L.P.",58615,IPP Non-CHP,1,660.0,Conventional Steam Coal,Bituminous coal,Steam turbine,Coal,40.512825,-79.196107,2024-04-15,EIA 860M,1933
2023,7,PA,Homer City Generating Station,3122,"Homer City Generation, L.P.",58615,IPP Non-CHP,3,692.0,Conventional Steam Coal,Bituminous coal,Steam turbine,Coal,40.512825,-79.196107,2023-07-15,EIA 860M,1934
2003,11,PA,Seward (PA),3130,Seward Generating LLC,61781,IPP Non-CHP,4,62.0,Conventional Steam Coal,Bituminous coal,Steam turbine,Coal,40.40625,-79.03366,2003-11-15,EIA 860M,1935
2003,11,PA,Seward (PA),3130,Seward Generating LLC,61781,IPP Non-CHP,5,156.2,Conventional Steam Coal,Bituminous coal,Steam turbine,Coal,40.40625,-79.03366,2003-11-15,EIA 860M,1936
2002,9,PA,Warren,3132,"Warren Generation, LLC",63045,IPP Non-CHP,1,42.0,Conventional Steam Coal,Bituminous coal,Steam turbine,Coal,41.835947,-79.188668,2002-09-15,EIA 860M,1937
2002,9,PA,Warren,3132,"Warren Generation, LLC",63045,IPP Non-CHP,2,42.0,Conventional Steam Coal,Bituminous coal,Steam turbine,Coal,41.835947,-79.188668,2002-09-15,EIA 860M,1938
2022,6,PA,TalenEnergy Martin Creek LLC Allentown,3139,TalenEnergy Martins Creek LLC,15276,IPP Non-CHP,CTG1,16.0,Petroleum Liquids,"Distillate fuel oil, light fuel oil, FO2, diesel oil",Combustion turbine,Oil,40.608388,-75.45599,2022-06-15,EIA 860M,1939
2022,6,PA,TalenEnergy Martin Creek LLC Allentown,3139,TalenEnergy Martins Creek LLC,15276,IPP Non-CHP,CTG2,16.0,Petroleum Liquids,"Distillate fuel oil, light fuel oil, FO2, diesel oil",Combustion turbine,Oil,40.608388,-75.45599,2022-06-15,EIA 860M,1940
2022,6,PA,TalenEnergy Martin Creek LLC Allentown,3139,TalenEnergy Martins Creek LLC,15276,IPP Non-CHP,CTG3,16.0,Petroleum Liquids,"Distillate fuel oil, light fuel oil, FO2, diesel oil",Combustion turbine,Oil,40.608388,-75.45599,2022-06-15,EIA 860M,1941
2022,6,PA,TalenEnergy Martin Creek LLC Allentown,3139,TalenEnergy Martins Creek LLC,15276,IPP Non-CHP,CTG4,16.0,Petroleum Liquids,"Distillate fuel oil, light fuel oil, FO2, diesel oil",Combustion turbine,Oil,40.608388,-75.45599,2022-06-15,EIA 860M,1942
2018,2,PA,Brunner Island,3140,Brunner Island LLC,15537,IPP Non-CHP,BID3,2.7,Petroleum Liquids,"Distillate fuel oil, light fuel oil, FO2, diesel oil",Internal combustion engine,Oil,40.096111,-76.6962,2018-02-15,EIA 860M,1943
2018,2,PA,Brunner Island,3140,Brunner Island LLC,15537,IPP Non-CHP,BID2,2.7,Petroleum Liquids,"Distillate fuel oil, light fuel oil, FO2, diesel oil",Internal combustion engine,Oil,40.096111,-76.6962,2018-02-15,EIA 860M,1944
2018,2,PA,Brunner Island,3140,Brunner Island LLC,15537,IPP Non-CHP,BID1,2.7,Petroleum Liquids,"Distillate fuel oil, light fuel oil, FO2, diesel oil",Internal combustion engine,Oil,40.096111,-76.6962,2018-02-15,EIA 860M,1945
2022,4,PA,TalenEnergy Martins Creek LLC Fishbach,3142,TalenEnergy Martins Creek LLC,15276,IPP Non-CHP,UNT1,18.5,Petroleum Liquids,"Distillate fuel oil, light fuel oil, FO2, diesel oil",Combustion turbine,Oil,40.689064,-76.219639,2022-04-15,EIA 860M,1946
2022,4,PA,TalenEnergy Martins Creek LLC Fishbach,3142,TalenEnergy Martins Creek LLC,15276,IPP Non-CHP,UNT2,18.5,Petroleum Liquids,"Distillate fuel oil, light fuel oil, FO2, diesel oil",Combustion turbine,Oil,40.689064,-76.219639,2022-04-15,EIA 860M,1947
2022,6,PA,TalenEnergy Martins Creek LLC Harrisburg,3143,TalenEnergy Martins Creek LLC,15276,IPP Non-CHP,CTG1,16.0,Petroleum Liquids,"Distillate fuel oil, light fuel oil, FO2, diesel oil",Combustion turbine,Oil,40.257865,-76.857897,2022-06-15,EIA 860M,1948
2022,6,PA,TalenEnergy Martins Creek LLC Harrisburg,3143,TalenEnergy Martins Creek LLC,15276,IPP Non-CHP,CTG2,16.0,Petroleum Liquids,"Distillate fuel oil, light fuel oil, FO2, diesel oil",Combustion turbine,Oil,40.257865,-76.857897,2022-06-15,EIA 860M,1949
2022,6,PA,TalenEnergy Martins Creek LLC Harrisburg,3143,TalenEnergy Martins Creek LLC,15276,IPP Non-CHP,CTG3,16.0,Petroleum Liquids,"Distillate fuel oil, light fuel oil, FO2, diesel oil",Combustion turbine,Oil,40.257865,-76.857897,2022-06-15,EIA 860M,1950
2016,7,PA,TalenEnergy Martins Creek LLC Harrisburg,3143,TalenEnergy Martins Creek LLC,15276,IPP Non-CHP,CTG4,16.0,Petroleum Liquids,"Distillate fuel oil, light fuel oil, FO2, diesel oil",Combustion turbine,Oil,40.257865,-76.857897,2016-07-15,EIA 860M,1951
2022,6,PA,TalenEnergy Martins Creek LLC Harwood,3144,TalenEnergy Martins Creek LLC,15276,IPP Non-CHP,CTG2,16.0,Petroleum Liquids,"Distillate fuel oil, light fuel oil, FO2, diesel oil",Combustion turbine,Oil,40.9353,-76.0284,2022-06-15,EIA 860M,1952
2022,6,PA,TalenEnergy Martins Creek LLC Harwood,3144,TalenEnergy Martins Creek LLC,15276,IPP Non-CHP,CTG1,16.0,Petroleum Liquids,"Distillate fuel oil, light fuel oil, FO2, diesel oil",Combustion turbine,Oil,40.9353,-76.0284,2022-06-15,EIA 860M,1953
2022,4,PA,TalenEnergy Martins Creek LLC Jenkins,3146,TalenEnergy Martins Creek LLC,15276,IPP Non-CHP,CTG2,16.0,Petroleum Liquids,"Distillate fuel oil, light fuel oil, FO2, diesel oil",Combustion turbine,Oil,41.282405,-75.816439,2022-04-15,EIA 860M,1954
2022,4,PA,TalenEnergy Martins Creek LLC Jenkins,3146,TalenEnergy Martins Creek LLC,15276,IPP Non-CHP,CTG1,16.0,Petroleum Liquids,"Distillate fuel oil, light fuel oil, FO2, diesel oil",Combustion turbine,Oil,41.282405,-75.816439,2022-04-15,EIA 860M,1955
2022,4,PA,TalenEnergy Martins Creek LLC Lock Haven,3147,TalenEnergy Martins Creek LLC,15276,IPP Non-CHP,CTG,18.5,Petroleum Liquids,"Distillate fuel oil, light fuel oil, FO2, diesel oil",Combustion turbine,Oil,41.1189,-77.4709,2022-04-15,EIA 860M,1956
2007,9,PA,TalenEnergy Martins Creek,3148,TalenEnergy Martins Creek LLC,15276,IPP Non-CHP,1,156.2,Conventional Steam Coal,Bituminous coal,Steam turbine,Coal,40.797762,-75.105416,2007-09-15,EIA 860M,1957
2023,6,PA,TalenEnergy Martins Creek,3148,TalenEnergy Martins Creek LLC,15276,IPP Non-CHP,CTG1,23.6,Natural Gas Fired Combustion Turbine,Natural gas,Combustion turbine,Gas,40.797762,-75.105416,2023-06-15,EIA 860M,1958
2007,9,PA,TalenEnergy Martins Creek,3148,TalenEnergy Martins Creek LLC,15276,IPP Non-CHP,2,156.2,Conventional Steam Coal,Bituminous coal,Steam turbine,Coal,40.797762,-75.105416,2007-09-15,EIA 860M,1959
2007,9,PA,TalenEnergy Martins Creek,3148,TalenEnergy Martins Creek LLC,15276,IPP Non-CHP,MCD1,2.7,Petroleum Liquids,"Distillate fuel oil, light fuel oil, FO2, diesel oil",Internal combustion engine,Oil,40.797762,-75.105416,2007-09-15,EIA 860M,1960
2022,6,PA,TalenEnergy Martins Creek,3148,TalenEnergy Martins Creek LLC,15276,IPP Non-CHP,CTG3,22.3,Natural Gas Fired Combustion Turbine,Natural gas,Combustion turbine,Gas,40.797762,-75.105416,2022-06-15,EIA 860M,1961
2023,6,PA,TalenEnergy Martins Creek,3148,TalenEnergy Martins Creek LLC,15276,IPP Non-CHP,CTG4,23.6,Natural Gas Fired Combustion Turbine,Natural gas,Combustion turbine,Gas,40.797762,-75.105416,2023-06-15,EIA 860M,1962
2023,6,PA,TalenEnergy Martins Creek,3148,TalenEnergy Martins Creek LLC,15276,IPP Non-CHP,CTG2,23.6,Natural Gas Fired Combustion Turbine,Natural gas,Combustion turbine,Gas,40.797762,-75.105416,2023-06-15,EIA 860M,1963
2007,9,PA,TalenEnergy Martins Creek,3148,TalenEnergy Martins Creek LLC,15276,IPP Non-CHP,MCD2,2.7,Petroleum Liquids,"Distillate fuel oil, light fuel oil, FO2, diesel oil",Internal combustion engine,Oil,40.797762,-75.105416,2007-09-15,EIA 860M,1964
2019,2,PA,TalenEnergy Montour,3149,TalenEnergy Montour LLC,15534,IPP Non-CHP,11,17.2,Conventional Steam Coal,Refined coal,Steam turbine,Coal,41.0714,-76.6672,2019-02-15,EIA 860M,1965
2026,12,CA,AES Alamitos LLC,315,AES Alamitos LLC,22148,IPP,4,335.0,Natural Gas Steam Turbine,Natural gas,Steam turbine,Gas,33.7688,-118.1009,2026-12-15,Electric Power Monthly Table 6.6,1966
2026,12,CA,AES Alamitos LLC,315,AES Alamitos LLC,22148,IPP,5,480.0,Natural Gas Steam Turbine,Natural gas,Steam turbine,Gas,33.7688,-118.1009,2026-12-15,Electric Power Monthly Table 6.6,1967
2026,12,CA,AES Alamitos LLC,315,AES Alamitos LLC,22148,IPP,3,327.0,Natural Gas Steam Turbine,Natural gas,Steam turbine,Gas,33.7688,-118.1009,2026-12-15,Electric Power Monthly Table 6.6,1968
2019,12,CA,AES Alamitos LLC,315,AES Alamitos LLC,22148,IPP Non-CHP,6,495.0,Natural Gas Steam Turbine,Natural gas,Steam turbine,Gas,33.7688,-118.1009,2019-12-15,EIA 860M,1969
2003,12,CA,AES Alamitos LLC,315,AES Alamitos LLC,22148,IPP Non-CHP,7,133.0,Natural Gas Fired Combustion Turbine,Natural gas,Combustion turbine,Gas,33.7688,-118.1009,2003-12-15,EIA 860M,1970
2019,12,CA,AES Alamitos LLC,315,AES Alamitos LLC,22148,IPP Non-CHP,1,156.0,Natural Gas Steam Turbine,Natural gas,Steam turbine,Gas,33.7688,-118.1009,2019-12-15,EIA 860M,1971
2019,12,CA,AES Alamitos LLC,315,AES Alamitos LLC,22148,IPP Non-CHP,2,156.0,Natural Gas Steam Turbine,Natural gas,Steam turbine,Gas,33.7688,-118.1009,2019-12-15,EIA 860M,1972
2014,7,PA,Sunbury Generation LP,3152,Sunbury Generation LP,22001,IPP Non-CHP,4,156.2,Conventional Steam Coal,Bituminous coal,Steam turbine,Coal,40.8361,-76.825,2014-07-15,EIA 860M,1973
2014,7,PA,Sunbury Generation LP,3152,Sunbury Generation LP,22001,IPP Non-CHP,3,103.5,Conventional Steam Coal,Bituminous coal,Steam turbine,Coal,40.8361,-76.825,2014-07-15,EIA 860M,1974
2014,7,PA,Sunbury Generation LP,3152,Sunbury Generation LP,22001,IPP Non-CHP,1,89.1,Conventional Steam Coal,Bituminous coal,Steam turbine,Coal,40.8361,-76.825,2014-07-15,EIA 860M,1975
2014,7,PA,Sunbury Generation LP,3152,Sunbury Generation LP,22001,IPP Non-CHP,2,89.1,Conventional Steam Coal,Bituminous coal,Steam turbine,Coal,40.8361,-76.825,2014-07-15,EIA 860M,1976
2022,4,PA,TalenEnergy Martins Creek LLC West Shore,3154,TalenEnergy Martins Creek LLC,15276,IPP Non-CHP,CTG2,18.5,Petroleum Liquids,"Distillate fuel oil, light fuel oil, FO2, diesel oil",Combustion turbine,Oil,40.1908,-76.94579,2022-04-15,EIA 860M,1977
2022,4,PA,TalenEnergy Martins Creek LLC West Shore,3154,TalenEnergy Martins Creek LLC,15276,IPP Non-CHP,CTG1,18.5,Petroleum Liquids,"Distillate fuel oil, light fuel oil, FO2, diesel oil",Combustion turbine,Oil,40.1908,-76.94579,2022-04-15,EIA 860M,1978
2022,4,PA,TalenEnergy Martins Creek LLC Williamspo,3155,TalenEnergy Martins Creek LLC,15276,IPP Non-CHP,CTG1,16.0,Petroleum Liquids,"Distillate fuel oil, light fuel oil, FO2, diesel oil",Combustion turbine,Oil,41.2361,-77.00755,2022-04-15,EIA 860M,1979
2022,4,PA,TalenEnergy Martins Creek LLC Williamspo,3155,TalenEnergy Martins Creek LLC,15276,IPP Non-CHP,CTG2,16.0,Petroleum Liquids,"Distillate fuel oil, light fuel oil, FO2, diesel oil",Combustion turbine,Oil,41.2361,-77.00755,2022-04-15,EIA 860M,1980
2006,11,PA,Delaware Generating Station,3160,"Constellation Power, Inc",6035,IPP Non-CHP,1,2.7,Petroleum Liquids,"Distillate fuel oil, light fuel oil, FO2, diesel oil",Internal combustion engine,Oil,39.968021,-75.125203,2006-11-15,EIA 860M,1981
2004,2,PA,Delaware Generating Station,3160,"Constellation Power, Inc",6035,IPP Non-CHP,8,156.2,Petroleum Liquids,"Residual fuel oil, heavy fuel oil, Petroleum",Steam turbine,Oil,39.968021,-75.125203,2004-02-15,EIA 860M,1982
2004,2,PA,Delaware Generating Station,3160,"Constellation Power, Inc",6035,IPP Non-CHP,7,156.2,Petroleum Liquids,"Residual fuel oil, heavy fuel oil, Petroleum",Steam turbine,Oil,39.968021,-75.125203,2004-02-15,EIA 860M,1983
2011,5,PA,Eddystone Generating Station,3161,"Constellation Power, Inc",6035,IPP Non-CHP,1,353.6,Conventional Steam Coal,Bituminous coal,Steam turbine,Coal,39.858,-75.323,2011-05-15,EIA 860M,1984
2012,5,PA,Eddystone Generating Station,3161,"Constellation Power, Inc",6035,IPP Non-CHP,2,353.6,Conventional Steam Coal,Bituminous coal,Steam turbine,Coal,39.858,-75.323,2012-05-15,EIA 860M,1985
2025,11,PA,Eddystone Generating Station,3161,"Constellation Power, Inc",6035,IPP,3,380.0,Natural Gas Steam Turbine,Natural gas,Steam turbine,Gas,39.858,-75.323,2025-11-15,Electric Power Monthly Table 6.6,1986
2025,11,PA,Eddystone Generating Station,3161,"Constellation Power, Inc",6035,IPP,4,380.0,Natural Gas Steam Turbine,Natural gas,Steam turbine,Gas,39.858,-75.323,2025-11-15,Electric Power Monthly Table 6.6,1987
2012,12,PA,Schuylkill Generating Station,3169,"Constellation Power, Inc",6035,IPP Non-CHP,1,190.4,Petroleum Liquids,"Residual fuel oil, heavy fuel oil, Petroleum",Steam turbine,Oil,39.9419,-75.1883,2012-12-15,EIA 860M,1988
2012,12,PA,Schuylkill Generating Station,3169,"Constellation Power, Inc",6035,IPP Non-CHP,IC1,2.7,Petroleum Liquids,"Distillate fuel oil, light fuel oil, FO2, diesel oil",Internal combustion engine,Oil,39.9419,-75.1883,2012-12-15,EIA 860M,1989
2012,9,PA,FirstEnergy Armstrong Power Station,3178,Allegheny Energy Supply Co LLC,23279,IPP Non-CHP,2,163.2,Conventional Steam Coal,Bituminous coal,Steam turbine,Coal,40.929167,-79.465556,2012-09-15,EIA 860M,1990
2012,9,PA,FirstEnergy Armstrong Power Station,3178,Allegheny Energy Supply Co LLC,23279,IPP Non-CHP,1,163.2,Conventional Steam Coal,Bituminous coal,Steam turbine,Coal,40.929167,-79.465556,2012-09-15,EIA 860M,1991
2013,10,PA,Hatfields Ferry Power Station,3179,Allegheny Energy Supply Co LLC,23279,IPP Non-CHP,1,576.0,Conventional Steam Coal,Bituminous coal,Steam turbine,Coal,39.855556,-79.9275,2013-10-15,EIA 860M,1992
2013,10,PA,Hatfields Ferry Power Station,3179,Allegheny Energy Supply Co LLC,23279,IPP Non-CHP,2,576.0,Conventional Steam Coal,Bituminous coal,Steam turbine,Coal,39.855556,-79.9275,2013-10-15,EIA 860M,1993
2013,10,PA,Hatfields Ferry Power Station,3179,Allegheny Energy Supply Co LLC,23279,IPP Non-CHP,3,576.0,Conventional Steam Coal,Bituminous coal,Steam turbine,Coal,39.855556,-79.9275,2013-10-15,EIA 860M,1994
2020,3,SC,Darlington County,3250,Duke Energy Progress - (NC),3046,Electric Utility,2,65.8,Petroleum Liquids,"Distillate fuel oil, light fuel oil, FO2, diesel oil",Combustion turbine,Oil,34.4185,-80.1657,2020-03-15,EIA 860M,1995
2020,3,SC,Darlington County,3250,Duke Energy Progress - (NC),3046,Electric Utility,3,66.8,Natural Gas Fired Combustion Turbine,Natural gas,Combustion turbine,Gas,34.4185,-80.1657,2020-03-15,EIA 860M,1996
2015,11,SC,Darlington County,3250,Duke Energy Progress - (NC),3046,Electric Utility,11,66.8,Petroleum Liquids,"Distillate fuel oil, light fuel oil, FO2, diesel oil",Combustion turbine,Oil,34.4185,-80.1657,2015-11-15,EIA 860M,1997
2018,5,SC,Darlington County,3250,Duke Energy Progress - (NC),3046,Electric Utility,5,66.8,Natural Gas Fired Combustion Turbine,Natural gas,Combustion turbine,Gas,34.4185,-80.1657,2018-05-15,EIA 860M,1998
2020,3,SC,Darlington County,3250,Duke Energy Progress - (NC),3046,Electric Utility,10,65.8,Petroleum Liquids,"Distillate fuel oil, light fuel oil, FO2, diesel oil",Combustion turbine,Oil,34.4185,-80.1657,2020-03-15,EIA 860M,1999
2020,3,SC,Darlington County,3250,Duke Energy Progress - (NC),3046,Electric Utility,1,66.8,Natural Gas Fired Combustion Turbine,Natural gas,Combustion turbine,Gas,34.4185,-80.1657,2020-03-15,EIA 860M,2000
2021,6,IA,Alliant SBD 8501 Aegon LI,54714,Industrial Energy Applications Inc,361,IPP Non-CHP,1265,1.0,Petroleum Liquids,"Distillate fuel oil, light fuel oil, FO2, diesel oil",Internal combustion engine,Oil,42.02425,-91.70405,2021-06-15,EIA 860M,2001
2014,5,IA,Alliant SBD 8601 Quad Graphics,54720,Industrial Energy Applications Inc,361,IPP Non-CHP,2736,1.5,Petroleum Liquids,"Distillate fuel oil, light fuel oil, FO2, diesel oil",Internal combustion engine,Oil,41.7958,-92.0592,2014-05-15,EIA 860M,2002
2014,5,IA,Alliant SBD 8601 Quad Graphics,54720,Industrial Energy Applications Inc,361,IPP Non-CHP,3489,1.0,Petroleum Liquids,"Distillate fuel oil, light fuel oil, FO2, diesel oil",Internal combustion engine,Oil,41.7958,-92.0592,2014-05-15,EIA 860M,2003
2014,5,IA,Alliant SBD 8601 Quad Graphics,54720,Industrial Energy Applications Inc,361,IPP Non-CHP,7164,1.1,Petroleum Liquids,"Distillate fuel oil, light fuel oil, FO2, diesel oil",Internal combustion engine,Oil,41.7958,-92.0592,2014-05-15,EIA 860M,2004
2021,1,AL,Yellowhammer Gas Plant,54730,W&T Offshore Inc,57139,Industrial Non-CHP,701,3.4,Natural Gas Fired Combustion Turbine,Natural gas,Combustion turbine,Gas,30.403538,-88.12833,2021-01-15,EIA 860M,2005
2025,3,IN,Hendricks Regional Health,54731,Hendricks Regional Health,8453,Commercial Non-CHP,GEO3,0.3,Petroleum Liquids,"Distillate fuel oil, light fuel oil, FO2, diesel oil",Internal combustion engine,Oil,39.761513,-86.501588,2025-03-15,EIA 860M,2006
2025,3,IN,Hendricks Regional Health,54731,Hendricks Regional Health,8453,Commercial Non-CHP,GEO2,0.5,Petroleum Liquids,"Distillate fuel oil, light fuel oil, FO2, diesel oil",Internal combustion engine,Oil,39.761513,-86.501588,2025-03-15,EIA 860M,2007
2025,3,IN,Hendricks Regional Health,54731,Hendricks Regional Health,8453,Commercial Non-CHP,GEO1,0.5,Petroleum Liquids,"Distillate fuel oil, light fuel oil, FO2, diesel oil",Internal combustion engine,Oil,39.761513,-86.501588,2025-03-15,EIA 860M,2008
2017,1,NM,Freeport McMoRan,54734,Freeport McMoRan Inc,14989,Industrial Non-CHP,10,3.0,Petroleum Liquids,"Distillate fuel oil, light fuel oil, FO2, diesel oil",Internal combustion engine,Oil,32.66176,-108.3628,2017-01-15,EIA 860M,2009
2017,1,NM,Freeport McMoRan,54734,Freeport McMoRan Inc,14989,Industrial Non-CHP,6,3.0,Petroleum Liquids,"Distillate fuel oil, light fuel oil, FO2, diesel oil",Internal combustion engine,Oil,32.66176,-108.3628,2017-01-15,EIA 860M,2010
2017,1,NM,Freeport McMoRan,54734,Freeport McMoRan Inc,14989,Industrial Non-CHP,9,3.0,Petroleum Liquids,"Distillate fuel oil, light fuel oil, FO2, diesel oil",Internal combustion engine,Oil,32.66176,-108.3628,2017-01-15,EIA 860M,2011
2017,1,NM,Freeport McMoRan,54734,Freeport McMoRan Inc,14989,Industrial Non-CHP,2,3.0,Petroleum Liquids,"Distillate fuel oil, light fuel oil, FO2, diesel oil",Internal combustion engine,Oil,32.66176,-108.3628,2017-01-15,EIA 860M,2012
2017,1,NM,Freeport McMoRan,54734,Freeport McMoRan Inc,14989,Industrial Non-CHP,5,3.0,Petroleum Liquids,"Distillate fuel oil, light fuel oil, FO2, diesel oil",Internal combustion engine,Oil,32.66176,-108.3628,2017-01-15,EIA 860M,2013
2023,12,TX,Port Neches Plant,54748,Air Liquide Large Industries U S LP,327,Industrial CHP,G1,38.0,Natural Gas Fired Combustion Turbine,Natural gas,Combustion turbine,Gas,29.97876,-93.952294,2023-12-15,EIA 860M,2014
2003,10,AL,WestRock Demopolis Mill,54763,"WestRock Mill Company, LLC",59976,Industrial CHP,ITG,10.0,Wood/Wood Waste Biomass,Black liquor,Steam turbine,Other,32.4541,-87.9759,2003-10-15,EIA 860M,2015
2012,5,AL,WestRock Demopolis Mill,54763,"WestRock Mill Company, LLC",59976,Industrial CHP,3TG,19.0,Wood/Wood Waste Biomass,Black liquor,Steam turbine,Other,32.4541,-87.9759,2012-05-15,EIA 860M,2016
2023,3,VA,Boydton Plank Road Cogen Plant Hybrid,54766,Dinwiddie Power Inc,5178,IPP Non-CHP,GEN28,0.3,Petroleum Liquids,"Distillate fuel oil, light fuel oil, FO2, diesel oil",Internal combustion engine,Oil,37.193584,-77.467185,2023-03-15,EIA 860M,2017
2023,3,VA,Boydton Plank Road Cogen Plant Hybrid,54766,Dinwiddie Power Inc,5178,IPP Non-CHP,GEN34,0.3,Petroleum Liquids,"Distillate fuel oil, light fuel oil, FO2, diesel oil",Internal combustion engine,Oil,37.193584,-77.467185,2023-03-15,EIA 860M,2018
2023,3,VA,Boydton Plank Road Cogen Plant Hybrid,54766,Dinwiddie Power Inc,5178,IPP Non-CHP,GEN4,0.3,Petroleum Liquids,"Distillate fuel oil, light fuel oil, FO2, diesel oil",Internal combustion engine,Oil,37.193584,-77.467185,2023-03-15,EIA 860M,2019
2023,3,VA,Boydton Plank Road Cogen Plant Hybrid,54766,Dinwiddie Power Inc,5178,IPP Non-CHP,GEN5,0.3,Petroleum Liquids,"Distillate fuel oil, light fuel oil, FO2, diesel oil",Internal combustion engine,Oil,37.193584,-77.467185,2023-03-15,EIA 860M,2020
2023,3,VA,Boydton Plank Road Cogen Plant Hybrid,54766,Dinwiddie Power Inc,5178,IPP Non-CHP,GEN6,0.3,Petroleum Liquids,"Distillate fuel oil, light fuel oil, FO2, diesel oil",Internal combustion engine,Oil,37.193584,-77.467185,2023-03-15,EIA 860M,2021
2023,3,VA,Boydton Plank Road Cogen Plant Hybrid,54766,Dinwiddie Power Inc,5178,IPP Non-CHP,GEN7,0.3,Petroleum Liquids,"Distillate fuel oil, light fuel oil, FO2, diesel oil",Internal combustion engine,Oil,37.193584,-77.467185,2023-03-15,EIA 860M,2022
2023,3,VA,Boydton Plank Road Cogen Plant Hybrid,54766,Dinwiddie Power Inc,5178,IPP Non-CHP,GEN8,0.3,Petroleum Liquids,"Distillate fuel oil, light fuel oil, FO2, diesel oil",Internal combustion engine,Oil,37.193584,-77.467185,2023-03-15,EIA 860M,2023
2023,3,VA,Boydton Plank Road Cogen Plant Hybrid,54766,Dinwiddie Power Inc,5178,IPP Non-CHP,GEN9,0.3,Petroleum Liquids,"Distillate fuel oil, light fuel oil, FO2, diesel oil",Internal combustion engine,Oil,37.193584,-77.467185,2023-03-15,EIA 860M,2024
2023,3,VA,Boydton Plank Road Cogen Plant Hybrid,54766,Dinwiddie Power Inc,5178,IPP Non-CHP,GEN1,0.3,Petroleum Liquids,"Distillate fuel oil, light fuel oil, FO2, diesel oil",Internal combustion engine,Oil,37.193584,-77.467185,2023-03-15,EIA 860M,2025
2023,3,VA,Boydton Plank Road Cogen Plant Hybrid,54766,Dinwiddie Power Inc,5178,IPP Non-CHP,GEN10,0.3,Petroleum Liquids,"Distillate fuel oil, light fuel oil, FO2, diesel oil",Internal combustion engine,Oil,37.193584,-77.467185,2023-03-15,EIA 860M,2026
2023,3,VA,Boydton Plank Road Cogen Plant Hybrid,54766,Dinwiddie Power Inc,5178,IPP Non-CHP,GEN11,0.3,Petroleum Liquids,"Distillate fuel oil, light fuel oil, FO2, diesel oil",Internal combustion engine,Oil,37.193584,-77.467185,2023-03-15,EIA 860M,2027
2023,3,VA,Boydton Plank Road Cogen Plant Hybrid,54766,Dinwiddie Power Inc,5178,IPP Non-CHP,GEN12,0.3,Petroleum Liquids,"Distillate fuel oil, light fuel oil, FO2, diesel oil",Internal combustion engine,Oil,37.193584,-77.467185,2023-03-15,EIA 860M,2028
2023,3,VA,Boydton Plank Road Cogen Plant Hybrid,54766,Dinwiddie Power Inc,5178,IPP Non-CHP,GEN13,0.3,Petroleum Liquids,"Distillate fuel oil, light fuel oil, FO2, diesel oil",Internal combustion engine,Oil,37.193584,-77.467185,2023-03-15,EIA 860M,2029
2023,3,VA,Boydton Plank Road Cogen Plant Hybrid,54766,Dinwiddie Power Inc,5178,IPP Non-CHP,GEN14,0.3,Petroleum Liquids,"Distillate fuel oil, light fuel oil, FO2, diesel oil",Internal combustion engine,Oil,37.193584,-77.467185,2023-03-15,EIA 860M,2030
2023,3,VA,Boydton Plank Road Cogen Plant Hybrid,54766,Dinwiddie Power Inc,5178,IPP Non-CHP,GEN15,0.3,Petroleum Liquids,"Distillate fuel oil, light fuel oil, FO2, diesel oil",Internal combustion engine,Oil,37.193584,-77.467185,2023-03-15,EIA 860M,2031
2023,3,VA,Boydton Plank Road Cogen Plant Hybrid,54766,Dinwiddie Power Inc,5178,IPP Non-CHP,GEN16,0.3,Petroleum Liquids,"Distillate fuel oil, light fuel oil, FO2, diesel oil",Internal combustion engine,Oil,37.193584,-77.467185,2023-03-15,EIA 860M,2032
2023,3,VA,Boydton Plank Road Cogen Plant Hybrid,54766,Dinwiddie Power Inc,5178,IPP Non-CHP,GEN26,0.3,Petroleum Liquids,"Distillate fuel oil, light fuel oil, FO2, diesel oil",Internal combustion engine,Oil,37.193584,-77.467185,2023-03-15,EIA 860M,2033
2023,3,VA,Boydton Plank Road Cogen Plant Hybrid,54766,Dinwiddie Power Inc,5178,IPP Non-CHP,GEN29,0.3,Petroleum Liquids,"Distillate fuel oil, light fuel oil, FO2, diesel oil",Internal combustion engine,Oil,37.193584,-77.467185,2023-03-15,EIA 860M,2034
2023,3,VA,Boydton Plank Road Cogen Plant Hybrid,54766,Dinwiddie Power Inc,5178,IPP Non-CHP,GEN3,0.3,Petroleum Liquids,"Distillate fuel oil, light fuel oil, FO2, diesel oil",Internal combustion engine,Oil,37.193584,-77.467185,2023-03-15,EIA 860M,2035
2023,3,VA,Boydton Plank Road Cogen Plant Hybrid,54766,Dinwiddie Power Inc,5178,IPP Non-CHP,GEN30,0.3,Petroleum Liquids,"Distillate fuel oil, light fuel oil, FO2, diesel oil",Internal combustion engine,Oil,37.193584,-77.467185,2023-03-15,EIA 860M,2036
2023,3,VA,Boydton Plank Road Cogen Plant Hybrid,54766,Dinwiddie Power Inc,5178,IPP Non-CHP,GEN31,0.3,Petroleum Liquids,"Distillate fuel oil, light fuel oil, FO2, diesel oil",Internal combustion engine,Oil,37.193584,-77.467185,2023-03-15,EIA 860M,2037
2023,3,VA,Boydton Plank Road Cogen Plant Hybrid,54766,Dinwiddie Power Inc,5178,IPP Non-CHP,GEN24,0.3,Petroleum Liquids,"Distillate fuel oil, light fuel oil, FO2, diesel oil",Internal combustion engine,Oil,37.193584,-77.467185,2023-03-15,EIA 860M,2038
2023,3,VA,Boydton Plank Road Cogen Plant Hybrid,54766,Dinwiddie Power Inc,5178,IPP Non-CHP,GEN27,0.3,Petroleum Liquids,"Distillate fuel oil, light fuel oil, FO2, diesel oil",Internal combustion engine,Oil,37.193584,-77.467185,2023-03-15,EIA 860M,2039
2023,3,VA,Boydton Plank Road Cogen Plant Hybrid,54766,Dinwiddie Power Inc,5178,IPP Non-CHP,GEN23,0.3,Petroleum Liquids,"Distillate fuel oil, light fuel oil, FO2, diesel oil",Internal combustion engine,Oil,37.193584,-77.467185,2023-03-15,EIA 860M,2040
2023,3,VA,Boydton Plank Road Cogen Plant Hybrid,54766,Dinwiddie Power Inc,5178,IPP Non-CHP,GEN21,0.3,Petroleum Liquids,"Distillate fuel oil, light fuel oil, FO2, diesel oil",Internal combustion engine,Oil,37.193584,-77.467185,2023-03-15,EIA 860M,2041
2023,3,VA,Boydton Plank Road Cogen Plant Hybrid,54766,Dinwiddie Power Inc,5178,IPP Non-CHP,GEN20,0.3,Petroleum Liquids,"Distillate fuel oil, light fuel oil, FO2, diesel oil",Internal combustion engine,Oil,37.193584,-77.467185,2023-03-15,EIA 860M,2042
2023,3,VA,Boydton Plank Road Cogen Plant Hybrid,54766,Dinwiddie Power Inc,5178,IPP Non-CHP,GEN2,0.3,Petroleum Liquids,"Distillate fuel oil, light fuel oil, FO2, diesel oil",Internal combustion engine,Oil,37.193584,-77.467185,2023-03-15,EIA 860M,2043
2023,3,VA,Boydton Plank Road Cogen Plant Hybrid,54766,Dinwiddie Power Inc,5178,IPP Non-CHP,GEN19,0.3,Petroleum Liquids,"Distillate fuel oil, light fuel oil, FO2, diesel oil",Internal combustion engine,Oil,37.193584,-77.467185,2023-03-15,EIA 860M,2044
2023,3,VA,Boydton Plank Road Cogen Plant Hybrid,54766,Dinwiddie Power Inc,5178,IPP Non-CHP,GEN18,0.3,Petroleum Liquids,"Distillate fuel oil, light fuel oil, FO2, diesel oil",Internal combustion engine,Oil,37.193584,-77.467185,2023-03-15,EIA 860M,2045
2023,3,VA,Boydton Plank Road Cogen Plant Hybrid,54766,Dinwiddie Power Inc,5178,IPP Non-CHP,GEN17,0.3,Petroleum Liquids,"Distillate fuel oil, light fuel oil, FO2, diesel oil",Internal combustion engine,Oil,37.193584,-77.467185,2023-03-15,EIA 860M,2046
2023,3,VA,Boydton Plank Road Cogen Plant Hybrid,54766,Dinwiddie Power Inc,5178,IPP Non-CHP,GEN22,0.3,Petroleum Liquids,"Distillate fuel oil, light fuel oil, FO2, diesel oil",Internal combustion engine,Oil,37.193584,-77.467185,2023-03-15,EIA 860M,2047
2023,3,VA,Boydton Plank Road Cogen Plant Hybrid,54766,Dinwiddie Power Inc,5178,IPP Non-CHP,GEN25,0.3,Petroleum Liquids,"Distillate fuel oil, light fuel oil, FO2, diesel oil",Internal combustion engine,Oil,37.193584,-77.467185,2023-03-15,EIA 860M,2048
2023,3,VA,Boydton Plank Road Cogen Plant Hybrid,54766,Dinwiddie Power Inc,5178,IPP Non-CHP,GEN32,0.3,Petroleum Liquids,"Distillate fuel oil, light fuel oil, FO2, diesel oil",Internal combustion engine,Oil,37.193584,-77.467185,2023-03-15,EIA 860M,2049
2023,3,VA,Boydton Plank Road Cogen Plant Hybrid,54766,Dinwiddie Power Inc,5178,IPP Non-CHP,GEN33,0.3,Petroleum Liquids,"Distillate fuel oil, light fuel oil, FO2, diesel oil",Internal combustion engine,Oil,37.193584,-77.467185,2023-03-15,EIA 860M,2050
2020,5,IA,University of Iowa Main Power Plant,54775,University of Iowa,19539,Commercial CHP,GEN2,3.0,Natural Gas Steam Turbine,Natural gas,Steam turbine,Gas,41.6572,-91.54,2020-05-15,EIA 860M,2051
2020,5,IA,University of Iowa Main Power Plant,54775,University of Iowa,19539,Commercial CHP,GEN1,3.0,Natural Gas Steam Turbine,Natural gas,Steam turbine,Gas,41.6572,-91.54,2020-05-15,EIA 860M,2052
2003,12,IL,University of Illinois Abbott Power Plt,54780,University of Illinois,19528,Commercial CHP,T5,3.0,Natural Gas Steam Turbine,Natural gas,Steam turbine,Gas,40.105169,-88.241528,2003-12-15,EIA 860M,2053
2027,3,NY,Seneca Energy,54782,Seneca Energy II,17283,IPP,GEN9,0.8,Landfill Gas,Landfill gas,Internal combustion engine,Gas,42.9281,-76.8408,2027-03-15,Electric Power Monthly Table 6.6,2054
2027,3,NY,Seneca Energy,54782,Seneca Energy II,17283,IPP,GE11,0.8,Landfill Gas,Landfill gas,Internal combustion engine,Gas,42.9281,-76.8408,2027-03-15,Electric Power Monthly Table 6.6,2055
2027,3,NY,Seneca Energy,54782,Seneca Energy II,17283,IPP,GE12,0.8,Landfill Gas,Landfill gas,Internal combustion engine,Gas,42.9281,-76.8408,2027-03-15,Electric Power Monthly Table 6.6,2056
2027,3,NY,Seneca Energy,54782,Seneca Energy II,17283,IPP,GE13,0.8,Landfill Gas,Landfill gas,Internal combustion engine,Gas,42.9281,-76.8408,2027-03-15,Electric Power Monthly Table 6.6,2057
2027,3,NY,Seneca Energy,54782,Seneca Energy II,17283,IPP,GE10,0.8,Landfill Gas,Landfill gas,Internal combustion engine,Gas,42.9281,-76.8408,2027-03-15,Electric Power Monthly Table 6.6,2058
2027,3,NY,Seneca Energy,54782,Seneca Energy II,17283,IPP,GEN5,0.8,Landfill Gas,Landfill gas,Internal combustion engine,Gas,42.9281,-76.8408,2027-03-15,Electric Power Monthly Table 6.6,2059
2027,3,NY,Seneca Energy,54782,Seneca Energy II,17283,IPP,GE14,0.8,Landfill Gas,Landfill gas,Internal combustion engine,Gas,42.9281,-76.8408,2027-03-15,Electric Power Monthly Table 6.6,2060
2027,3,NY,Seneca Energy,54782,Seneca Energy II,17283,IPP,GEN6,0.8,Landfill Gas,Landfill gas,Internal combustion engine,Gas,42.9281,-76.8408,2027-03-15,Electric Power Monthly Table 6.6,2061
2027,3,NY,Seneca Energy,54782,Seneca Energy II,17283,IPP,GEN8,0.8,Landfill Gas,Landfill gas,Internal combustion engine,Gas,42.9281,-76.8408,2027-03-15,Electric Power Monthly Table 6.6,2062
2027,3,NY,Seneca Energy,54782,Seneca Energy II,17283,IPP,GEN7,0.8,Landfill Gas,Landfill gas,Internal combustion engine,Gas,42.9281,-76.8408,2027-03-15,Electric Power Monthly Table 6.6,2063
2017,3,AL,Georgia-Pacific Brewton Mill,54789,Georgia-Pacific Brewton LLC,55932,Industrial CHP,1TG,12.5,Wood/Wood Waste Biomass,Black liquor,Steam turbine,Other,31.077,-87.1116,2017-03-15,EIA 860M,2064
2020,4,NY,New York University Central Plant,54808,New York University,13491,Commercial CHP,D3,0.8,Petroleum Liquids,"Distillate fuel oil, light fuel oil, FO2, diesel oil",Internal combustion engine,Oil,40.7899,-73.9233,2020-04-15,EIA 860M,2065
2020,4,NY,New York University Central Plant,54808,New York University,13491,Commercial CHP,D4,0.8,Petroleum Liquids,"Distillate fuel oil, light fuel oil, FO2, diesel oil",Internal combustion engine,Oil,40.7899,-73.9233,2020-04-15,EIA 860M,2066
2020,4,NY,New York University Central Plant,54808,New York University,13491,Commercial CHP,D5,0.8,Petroleum Liquids,"Distillate fuel oil, light fuel oil, FO2, diesel oil",Internal combustion engine,Oil,40.7899,-73.9233,2020-04-15,EIA 860M,2067
2020,4,NY,New York University Central Plant,54808,New York University,13491,Commercial CHP,D6,0.8,Petroleum Liquids,"Distillate fuel oil, light fuel oil, FO2, diesel oil",Internal combustion engine,Oil,40.7899,-73.9233,2020-04-15,EIA 860M,2068
2020,4,NY,New York University Central Plant,54808,New York University,13491,Commercial CHP,D7,0.8,Petroleum Liquids,"Distillate fuel oil, light fuel oil, FO2, diesel oil",Internal combustion engine,Oil,40.7899,-73.9233,2020-04-15,EIA 860M,2069
2020,4,NY,New York University Central Plant,54808,New York University,13491,Commercial CHP,D2,0.8,Petroleum Liquids,"Distillate fuel oil, light fuel oil, FO2, diesel oil",Internal combustion engine,Oil,40.7899,-73.9233,2020-04-15,EIA 860M,2070
2020,4,NY,New York University Central Plant,54808,New York University,13491,Commercial CHP,DI,0.8,Petroleum Liquids,"Distillate fuel oil, light fuel oil, FO2, diesel oil",Internal combustion engine,Oil,40.7899,-73.9233,2020-04-15,EIA 860M,2071
2024,9,NY,New York University Central Plant,54808,New York University,13491,Commercial CHP,T1,2.4,Natural Gas Fired Combined Cycle,Natural gas,Combined cycle,Gas,40.7899,-73.9233,2024-09-15,EIA 860M,2072
2022,9,WA,University of Washington Power Plant,54809,University of Washington,19664,Commercial CHP,TG2,5.0,Natural Gas Steam Turbine,Natural gas,Steam turbine,Gas,47.6539,-122.3036,2022-09-15,EIA 860M,2073
2015,10,GA,Shepherd Center,54813,Shepherd Center,17069,IPP Non-CHP,5,0.6,Petroleum Liquids,"Distillate fuel oil, light fuel oil, FO2, diesel oil",Internal combustion engine,Oil,33.8111,-84.3928,2015-10-15,EIA 860M,2074
2017,12,GA,Shepherd Center,54813,Shepherd Center,17069,IPP Non-CHP,6,0.6,Petroleum Liquids,"Distillate fuel oil, light fuel oil, FO2, diesel oil",Internal combustion engine,Oil,33.8111,-84.3928,2017-12-15,EIA 860M,2075
2016,3,NM,Milagro Cogeneration Plant,54814,Harvest Midstream Co,28473,IPP CHP,GENA,30.4,Natural Gas Fired Combustion Turbine,Natural gas,Combustion turbine,Gas,36.7367,-107.9417,2016-03-15,EIA 860M,2076
2016,3,NM,Milagro Cogeneration Plant,54814,Harvest Midstream Co,28473,IPP CHP,GENB,30.4,Natural Gas Fired Combustion Turbine,Natural gas,Combustion turbine,Gas,36.7367,-107.9417,2016-03-15,EIA 860M,2077
2016,3,NM,Milagro Cogeneration Plant,54814,Harvest Midstream Co,28473,IPP CHP,GO1B,30.4,Natural Gas Fired Combustion Turbine,Natural gas,Combustion turbine,Gas,36.7367,-107.9417,2016-03-15,EIA 860M,2078
2016,3,NM,Milagro Cogeneration Plant,54814,Harvest Midstream Co,28473,IPP CHP,GO1A,30.4,Natural Gas Fired Combustion Turbine,Natural gas,Combustion turbine,Gas,36.7367,-107.9417,2016-03-15,EIA 860M,2079
2009,8,AK,Fort Greely Power Plant,54834,Doyon Utilities - Fort Greely,19272,Commercial Non-CHP,EN-2,1.0,Petroleum Liquids,"Distillate fuel oil, light fuel oil, FO2, diesel oil",Internal combustion engine,Oil,63.973572,-145.716581,2009-08-15,EIA 860M,2080
2009,8,AK,Fort Greely Power Plant,54834,Doyon Utilities - Fort Greely,19272,Commercial Non-CHP,EN-1,1.0,Petroleum Liquids,"Distillate fuel oil, light fuel oil, FO2, diesel oil",Internal combustion engine,Oil,63.973572,-145.716581,2009-08-15,EIA 860M,2081
2009,8,AK,Fort Greely Power Plant,54834,Doyon Utilities - Fort Greely,19272,Commercial Non-CHP,EN-3,1.0,Petroleum Liquids,"Distillate fuel oil, light fuel oil, FO2, diesel oil",Internal combustion engine,Oil,63.973572,-145.716581,2009-08-15,EIA 860M,2082
2013,4,GA,South Georgia Medical Center Inc,54848,Lowndes County Hospital Authority,11284,Commercial Non-CHP,GEN1,0.4,Petroleum Liquids,"Distillate fuel oil, light fuel oil, FO2, diesel oil",Internal combustion engine,Oil,30.8625,-83.2894,2013-04-15,EIA 860M,2083
2013,4,GA,South Georgia Medical Center Inc,54848,Lowndes County Hospital Authority,11284,Commercial Non-CHP,GEN2,0.4,Petroleum Liquids,"Distillate fuel oil, light fuel oil, FO2, diesel oil",Internal combustion engine,Oil,30.8625,-83.2894,2013-04-15,EIA 860M,2084
2013,4,GA,South Georgia Medical Center Inc,54848,Lowndes County Hospital Authority,11284,Commercial Non-CHP,GEN3,0.4,Petroleum Liquids,"Distillate fuel oil, light fuel oil, FO2, diesel oil",Internal combustion engine,Oil,30.8625,-83.2894,2013-04-15,EIA 860M,2085
2013,7,WI,MMSD Jones Island Wastewater,54851,Milwaukee Metro Sewerage Dist,12619,Commercial CHP,GEN2,17.5,Natural Gas Fired Combustion Turbine,Natural gas,Combustion turbine,Gas,43.0214,-87.9014,2013-07-15,EIA 860M,2086
2008,6,WI,Niagara Mill,54857,Verso Corporation,55965,Industrial CHP,2ST,9.3,Conventional Steam Coal,Bituminous coal,Steam turbine,Coal,45.7725,-87.9936,2008-06-15,EIA 860M,2087
2008,6,WI,Niagara Mill,54857,Verso Corporation,55965,Industrial CHP,1ST,2.5,Conventional Steam Coal,Bituminous coal,Steam turbine,Coal,45.7725,-87.9936,2008-06-15,EIA 860M,2088
2016,10,NC,CenturyLink Regional HQ,54882,"Franklin Charter, LLC",65034,Commercial Non-CHP,GEN1,1.0,Petroleum Liquids,"Distillate fuel oil, light fuel oil, FO2, diesel oil",Internal combustion engine,Oil,36.0205,-78.516,2016-10-15,EIA 860M,2089
2021,11,NC,CenturyLink Regional HQ,54882,"Franklin Charter, LLC",65034,Commercial Non-CHP,GEN2,1.0,Petroleum Liquids,"Distillate fuel oil, light fuel oil, FO2, diesel oil",Internal combustion engine,Oil,36.0205,-78.516,2021-11-15,EIA 860M,2090
2009,1,WI,Kimberly Mill,54885,City of Kaukauna,10056,Electric Utility,3TB,15.9,Natural Gas Steam Turbine,Natural gas,Steam turbine,Gas,44.2769,-88.3344,2009-01-15,EIA 860M,2091
2009,1,WI,Kimberly Mill,54885,City of Kaukauna,10056,Electric Utility,4TB,19.3,Natural Gas Steam Turbine,Natural gas,Steam turbine,Gas,44.2769,-88.3344,2009-01-15,EIA 860M,2092
2024,6,IL,Presence Saint Mary of Nazareth Hospital,54886,Presence Health,15917,Commercial Non-CHP,GEN4,0.9,Petroleum Liquids,"Distillate fuel oil, light fuel oil, FO2, diesel oil",Internal combustion engine,Oil,41.9031,-87.6831,2024-06-15,EIA 860M,2093
2024,6,IL,Presence Saint Mary of Nazareth Hospital,54886,Presence Health,15917,Commercial Non-CHP,GEN5,0.9,Petroleum Liquids,"Distillate fuel oil, light fuel oil, FO2, diesel oil",Internal combustion engine,Oil,41.9031,-87.6831,2024-06-15,EIA 860M,2094
2021,4,MA,Mass Inst Tech Cntrl Utilities/Cogen Plt,54907,Massachusetts Inst of Tech,11820,Commercial CHP,CTG1,21.2,Natural Gas Fired Combustion Turbine,Natural gas,Combustion turbine,Gas,42.360986,-71.093876,2021-04-15,EIA 860M,2095
2004,4,NJ,Anheuser-Busch Newark Brewery,54913,Anheuser-Busch Inc,623,Industrial CHP,GEN1,6.5,Natural Gas Fired Combustion Turbine,Natural gas,Combustion turbine,Gas,40.735833,-74.173055,2004-04-15,EIA 860M,2096
2004,4,NJ,Anheuser-Busch Newark Brewery,54913,Anheuser-Busch Inc,623,Industrial CHP,GEN2,6.5,Natural Gas Fired Combustion Turbine,Natural gas,Combustion turbine,Gas,40.735833,-74.173055,2004-04-15,EIA 860M,2097
2027,2,MS,Ergon Refining Vicksburg,54918,Ergon Refining Inc,6667,Industrial,TMO1,4.5,Natural Gas Fired Combustion Turbine,Natural gas,Combustion turbine,Gas,32.388271,-90.908344,2027-02-15,Electric Power Monthly Table 6.6,2098
2003,11,IA,Alliant SBD 9403 Aegon DC,54929,Industrial Energy Applications Inc,361,IPP Non-CHP,6110,1.6,Petroleum Liquids,"Distillate fuel oil, light fuel oil, FO2, diesel oil",Internal combustion engine,Oil,41.9167,-91.6542,2003-11-15,EIA 860M,2099
2011,3,IA,Alliant SBD 9402 Climax,54930,Industrial Energy Applications Inc,361,IPP Non-CHP,5500,1.6,Petroleum Liquids,"Distillate fuel oil, light fuel oil, FO2, diesel oil",Internal combustion engine,Oil,40.58415,-91.42453,2011-03-15,EIA 860M,2100
2004,6,IA,Iowa State University,54201,Iowa State University,9434,Commercial CHP,1,3.0,Conventional Steam Coal,Bituminous coal,Steam turbine,Coal,42.0275,-93.6394,2004-06-15,EIA 860M,2101
2023,10,MO,MU Combined Heat and Power Plant,50969,Curators of the University of Missouri,34359,Commercial CHP,GEN1,6.2,Natural Gas Steam Turbine,Natural gas,Steam turbine,Gas,38.9461,-92.3328,2023-10-15,EIA 860M,2102
2023,11,MO,MU Combined Heat and Power Plant,50969,Curators of the University of Missouri,34359,Commercial CHP,GEN6,0.5,Petroleum Liquids,"Distillate fuel oil, light fuel oil, FO2, diesel oil",Internal combustion engine,Oil,38.9461,-92.3328,2023-11-15,EIA 860M,2103
2012,2,TX,Motiva Enterprises Port Arthur Refinery,50973,Motiva Enterprises LLC,12981,Industrial CHP,GN26,18.8,Natural Gas Fired Combined Cycle,Natural gas,Combined cycle,Gas,29.888462,-93.950984,2012-02-15,EIA 860M,2104
2011,2,TX,Motiva Enterprises Port Arthur Refinery,50973,Motiva Enterprises LLC,12981,Industrial CHP,GN27,21.3,Natural Gas Fired Combined Cycle,Natural gas,Combined cycle,Gas,29.888462,-93.950984,2011-02-15,EIA 860M,2105
2020,12,FL,Indiantown Cogeneration LP,50976,Florida Power & Light Co,6452,Electric Utility,GEN1,395.4,Conventional Steam Coal,Bituminous coal,Steam turbine,Coal,27.0389,-80.5125,2020-12-15,EIA 860M,2106
2021,6,WI,Marathon Electric,50990,Marathon Electric Mfg Corp,11637,Industrial Non-CHP,P2-4,0.9,Petroleum Liquids,"Distillate fuel oil, light fuel oil, FO2, diesel oil",Internal combustion engine,Oil,44.9783,-89.6328,2021-06-15,EIA 860M,2107
2018,7,WI,Marathon Electric,50990,Marathon Electric Mfg Corp,11637,Industrial Non-CHP,P1-1,0.4,Petroleum Liquids,"Distillate fuel oil, light fuel oil, FO2, diesel oil",Internal combustion engine,Oil,44.9783,-89.6328,2018-07-15,EIA 860M,2108
2018,7,WI,Marathon Electric,50990,Marathon Electric Mfg Corp,11637,Industrial Non-CHP,P1-2,0.4,Petroleum Liquids,"Distillate fuel oil, light fuel oil, FO2, diesel oil",Internal combustion engine,Oil,44.9783,-89.6328,2018-07-15,EIA 860M,2109
2021,6,WI,Marathon Electric,50990,Marathon Electric Mfg Corp,11637,Industrial Non-CHP,P2-3,0.9,Petroleum Liquids,"Distillate fuel oil, light fuel oil, FO2, diesel oil",Internal combustion engine,Oil,44.9783,-89.6328,2021-06-15,EIA 860M,2110
2009,12,WI,Marathon Electric,50990,Marathon Electric Mfg Corp,11637,Industrial Non-CHP,P3-5,0.7,Petroleum Liquids,"Distillate fuel oil, light fuel oil, FO2, diesel oil",Internal combustion engine,Oil,44.9783,-89.6328,2009-12-15,EIA 860M,2111
2021,12,LA,Dolet Hills,51,Cleco Power LLC,3265,Electric Utility,1,720.7,Conventional Steam Coal,Lignite coal,Steam turbine,Coal,32.030556,-93.569167,2021-12-15,EIA 860M,2112
2024,12,LA,Enterprise Sugar Factory,51008,"M.A. Patout & Son Limited, LLC",11415,Industrial CHP,2000,2.0,Other Waste Biomass,Agricultural byproduct,Steam turbine,Other,29.903611,-91.725556,2024-12-15,EIA 860M,2113
2017,1,CO,Trinidad (CO),511,City of Trinidad - (CO),19204,Electric Utility,1,3.7,Conventional Steam Coal,Bituminous coal,Steam turbine,Coal,37.178979,-104.487492,2017-01-15,EIA 860M,2114
2002,11,LA,Plaquemine Operations,52005,Dow Chemical Co,5347,Industrial CHP,GEN2,53.0,Natural Gas Fired Combined Cycle,Natural gas,Combined cycle,Gas,30.318611,-91.2325,2002-11-15,EIA 860M,2115
2002,11,LA,Plaquemine Operations,52005,Dow Chemical Co,5347,Industrial CHP,GEN1,53.0,Natural Gas Fired Combined Cycle,Natural gas,Combined cycle,Gas,30.318611,-91.2325,2002-11-15,EIA 860M,2116
2011,6,LA,LaO Energy Systems,52006,Dow Chemical Co,5347,Industrial CHP,GEN8,125.0,Natural Gas Fired Combined Cycle,Natural gas,Combined cycle,Gas,30.3186,-91.2325,2011-06-15,EIA 860M,2117
2016,9,LA,LaO Energy Systems,52006,Dow Chemical Co,5347,Industrial CHP,GEN7,125.0,Natural Gas Fired Combined Cycle,Natural gas,Combined cycle,Gas,30.3186,-91.2325,2016-09-15,EIA 860M,2118
2024,12,LA,LaO Energy Systems,52006,Dow Chemical Co,5347,Industrial CHP,GEN2,88.0,Natural Gas Fired Combined Cycle,Natural gas,Combined cycle,Gas,30.3186,-91.2325,2024-12-15,EIA 860M,2119
2024,12,LA,LaO Energy Systems,52006,Dow Chemical Co,5347,Industrial CHP,GEN6,76.5,Natural Gas Fired Combined Cycle,Natural gas,Combined cycle,Gas,30.3186,-91.2325,2024-12-15,EIA 860M,2120
2024,10,LA,LaO Energy Systems,52006,Dow Chemical Co,5347,Industrial CHP,GEN4,76.5,Natural Gas Fired Combined Cycle,Natural gas,Combined cycle,Gas,30.3186,-91.2325,2024-10-15,EIA 860M,2121
2024,4,LA,LaO Energy Systems,52006,Dow Chemical Co,5347,Industrial CHP,GEN5,76.5,Natural Gas Fired Combined Cycle,Natural gas,Combined cycle,Gas,30.3186,-91.2325,2024-04-15,EIA 860M,2122
2024,12,LA,LaO Energy Systems,52006,Dow Chemical Co,5347,Industrial CHP,GEN3,90.0,Natural Gas Fired Combined Cycle,Natural gas,Combined cycle,Gas,30.3186,-91.2325,2024-12-15,EIA 860M,2123
2024,4,LA,LaO Energy Systems,52006,Dow Chemical Co,5347,Industrial CHP,GEN1,57.0,Natural Gas Fired Combined Cycle,Natural gas,Combined cycle,Gas,30.3186,-91.2325,2024-04-15,EIA 860M,2124
2020,7,FL,Harvest Power Orlando,59151,Harvest Power Orlando LLC,58969,Commercial CHP,CHP 2,1.6,Other Waste Biomass,"Other biomass gas (digester gas, methane, and Other biomass gases)",Internal combustion engine,Other,28.376111,-81.590556,2020-07-15,EIA 860M,2125
2019,3,VA,Mecklenburg Power Station,52007,Virginia Electric & Power Co,19876,Electric Utility,GEN1,69.9,Conventional Steam Coal,Bituminous coal,Steam turbine,Coal,36.6,-78.53,2019-03-15,EIA 860M,2126
2019,3,VA,Mecklenburg Power Station,52007,Virginia Electric & Power Co,19876,Electric Utility,GEN2,69.9,Conventional Steam Coal,Bituminous coal,Steam turbine,Coal,36.6,-78.53,2019-03-15,EIA 860M,2127
2072,8,FL,Lee County Solid Waste Energy,52010,Lee County Board-Commissioners,10875,IPP,GEN2,16.0,Municipal Solid Waste,Municipal solid waste,Steam turbine,Other,26.631549,-81.760656,2072-08-15,Electric Power Monthly Table 6.6,2128
2029,9,FL,Lee County Solid Waste Energy,52010,Lee County Board-Commissioners,10875,IPP,GEN1,39.0,Municipal Solid Waste,Municipal solid waste,Steam turbine,Other,26.631549,-81.760656,2029-09-15,Electric Power Monthly Table 6.6,2129
2024,12,IL,ITT Cogen Facility,52021,"ITT Energy Tech Partners, LLC",65792,Commercial CHP,GEN2,3.7,Natural Gas Fired Combustion Turbine,Natural gas,Combustion turbine,Gas,41.83442,-87.628465,2024-12-15,EIA 860M,2130
2024,12,IL,ITT Cogen Facility,52021,"ITT Energy Tech Partners, LLC",65792,Commercial CHP,GEN1,3.7,Natural Gas Fired Combustion Turbine,Natural gas,Combustion turbine,Gas,41.83442,-87.628465,2024-12-15,EIA 860M,2131
2017,6,IL,Bunge Oil,52034,CSL Behring LLC,8683,Industrial CHP,1,3.5,Natural Gas Fired Combustion Turbine,Natural gas,Combustion turbine,Gas,41.15461,-87.85478,2017-06-15,EIA 860M,2132
2014,3,TN,Vanderbilt University Power Plant,52048,Vanderbilt University,19724,Commercial CHP,GEN2,4.5,Conventional Steam Coal,Bituminous coal,Steam turbine,Coal,36.145896,-86.803833,2014-03-15,EIA 860M,2133
2014,11,TN,Vanderbilt University Power Plant,52048,Vanderbilt University,19724,Commercial CHP,GEN1,6.5,Conventional Steam Coal,Bituminous coal,Steam turbine,Coal,36.145896,-86.803833,2014-11-15,EIA 860M,2134
2016,3,TN,Vanderbilt University Power Plant,52048,Vanderbilt University,19724,Commercial CHP,GT1,5.2,Natural Gas Fired Combustion Turbine,Natural gas,Combustion turbine,Gas,36.145896,-86.803833,2016-03-15,EIA 860M,2135
2022,7,NY,Nassau Energy Corp,52056,Nassau Energy Corp,19153,IPP CHP,ST1,12.0,Natural Gas Fired Combined Cycle,Natural gas,Combined cycle,Gas,40.7264,-73.5892,2022-07-15,EIA 860M,2136
2022,7,NY,Nassau Energy Corp,52056,Nassau Energy Corp,19153,IPP CHP,GT1,43.0,Natural Gas Fired Combined Cycle,Natural gas,Combined cycle,Gas,40.7264,-73.5892,2022-07-15,EIA 860M,2137
2027,12,CT,Hartford Hospital Cogeneration,52061,"Cartier Energy, LLC",65384,Commercial,GEN3,6.2,Natural Gas Fired Combined Cycle,Natural gas,Combined cycle,Gas,41.7631,-72.6733,2027-12-15,Electric Power Monthly Table 6.6,2138
2029,6,CT,Hartford Hospital Cogeneration,52061,"Cartier Energy, LLC",65384,Commercial,GEN4,1.4,Other Natural Gas,Natural gas,Fuel cell,Gas,41.7631,-72.6733,2029-06-15,Electric Power Monthly Table 6.6,2139
2006,12,TX,Sandow No 5,52071,Luminant Generation Company LLC,55983,IPP Non-CHP,GEN2,121.0,Conventional Steam Coal,Lignite coal,Steam turbine,Coal,30.5681,-97.0614,2006-12-15,EIA 860M,2140
2023,12,VA,Rockville 1 & 2,56692,Industrial Power Generating Company LLC,55938,IPP Non-CHP,2H,0.3,Petroleum Liquids,"Distillate fuel oil, light fuel oil, FO2, diesel oil",Internal combustion engine,Oil,37.7036,-77.6639,2023-12-15,EIA 860M,2141
2018,1,TX,Sandow No 5,52071,Luminant Generation Company LLC,55983,IPP Non-CHP,5,661.5,Conventional Steam Coal,Lignite coal,Steam turbine,Coal,30.5681,-97.0614,2018-01-15,EIA 860M,2142
2006,12,TX,Sandow No 5,52071,Luminant Generation Company LLC,55983,IPP Non-CHP,GEN1,121.0,Conventional Steam Coal,Lignite coal,Steam turbine,Coal,30.5681,-97.0614,2006-12-15,EIA 860M,2143
2006,12,TX,Sandow No 5,52071,Luminant Generation Company LLC,55983,IPP Non-CHP,GEN3,121.0,Conventional Steam Coal,Lignite coal,Steam turbine,Coal,30.5681,-97.0614,2006-12-15,EIA 860M,2144
2012,1,VA,Radford Army Ammunition Plant,52072,U.S. Army - Radford,22218,Industrial CHP,GEN4,6.0,Natural Gas Steam Turbine,Natural gas,Steam turbine,Gas,37.180441,-80.542767,2012-01-15,EIA 860M,2145
2024,4,CA,UCLA So Campus Cogen Project,52073,University of California-LA,19524,Commercial CHP,GEN1,14.5,Natural Gas Fired Combined Cycle,Natural gas,Combined cycle,Gas,34.0692,-118.4439,2024-04-15,EIA 860M,2146
2023,9,FL,Buckeye Florida LP,50466,Buckeye Florida Ltd Partners,2522,Industrial CHP,GEN4,16.9,Wood/Wood Waste Biomass,Black liquor,Steam turbine,Other,30.0688,-83.5253,2023-09-15,EIA 860M,2147
2021,7,IA,Iowa State University,54201,Iowa State University,9434,Commercial CHP,GEN4,6.2,Natural Gas Steam Turbine,Natural gas,Steam turbine,Gas,42.0275,-93.6394,2021-07-15,EIA 860M,2148
2012,6,CA,McKittrick Cogen,52076,Chevron USA Inc,54713,Industrial CHP,GEN3,3.2,Natural Gas Fired Combustion Turbine,Natural gas,Combustion turbine,Gas,35.3161,-119.6597,2012-06-15,EIA 860M,2149
2012,6,CA,McKittrick Cogen,52076,Chevron USA Inc,54713,Industrial CHP,GEN1,3.2,Natural Gas Fired Combustion Turbine,Natural gas,Combustion turbine,Gas,35.3161,-119.6597,2012-06-15,EIA 860M,2150
2012,6,CA,McKittrick Cogen,52076,Chevron USA Inc,54713,Industrial CHP,GEN2,3.2,Natural Gas Fired Combustion Turbine,Natural gas,Combustion turbine,Gas,35.3161,-119.6597,2012-06-15,EIA 860M,2151
2021,4,CA,Lost Hills Cogeneration Plant,52077,AERA Energy LLC,164,Industrial CHP,GEN4,3.5,Natural Gas Fired Combustion Turbine,Natural gas,Combustion turbine,Gas,35.666111,-119.766944,2021-04-15,EIA 860M,2152
2003,12,VA,Celanese Acetate LLC,52089,Celanese Acetate LLC,57151,Industrial CHP,DEG1,2.6,Petroleum Liquids,"Distillate fuel oil, light fuel oil, FO2, diesel oil",Internal combustion engine,Oil,37.3439,-80.765,2003-12-15,EIA 860M,2153
2011,3,CA,Kern River Fee B Cogen,52092,Chevron USA Inc,54713,Industrial CHP,GEN1,3.7,Natural Gas Fired Combustion Turbine,Natural gas,Combustion turbine,Gas,35.440481,-119.007726,2011-03-15,EIA 860M,2154
2011,3,CA,Kern River Fee A Cogen,52094,Chevron USA Inc,54713,Industrial CHP,GEN1,3.7,Natural Gas Fired Combustion Turbine,Natural gas,Combustion turbine,Gas,35.459849,-119.013573,2011-03-15,EIA 860M,2155
2011,3,CA,Kern River Fee A Cogen,52094,Chevron USA Inc,54713,Industrial CHP,GEN2,3.7,Natural Gas Fired Combustion Turbine,Natural gas,Combustion turbine,Gas,35.459849,-119.013573,2011-03-15,EIA 860M,2156
2011,3,CA,Kern River Fee C Cogen,52095,Chevron USA Inc,54713,Industrial CHP,GEN1,4.2,Natural Gas Fired Combustion Turbine,Natural gas,Combustion turbine,Gas,35.464253,-118.996337,2011-03-15,EIA 860M,2157
2011,3,CA,Kern River Fee C Cogen,52095,Chevron USA Inc,54713,Industrial CHP,GEN2,3.7,Natural Gas Fired Combustion Turbine,Natural gas,Combustion turbine,Gas,35.464253,-118.996337,2011-03-15,EIA 860M,2158
2019,3,VA,Multitrade of Pittsylvania LP,52118,Virginia Electric & Power Co,19876,Electric Utility,GEN1,45.0,Wood/Wood Waste Biomass,"Wood, Wood waste solid",Steam turbine,Other,37.104141,-79.276958,2019-03-15,EIA 860M,2159
2019,3,VA,Multitrade of Pittsylvania LP,52118,Virginia Electric & Power Co,19876,Electric Utility,GEN2,45.0,Wood/Wood Waste Biomass,"Wood, Wood waste solid",Steam turbine,Other,37.104141,-79.276958,2019-03-15,EIA 860M,2160
2023,6,TX,Freeport Energy,52120,Olin Blue Cube Operations,59875,Industrial CHP,G-37,75.0,Natural Gas Fired Combustion Turbine,Natural gas,Combustion turbine,Gas,28.991289,-95.407481,2023-06-15,EIA 860M,2161
2009,10,TX,Freeport Energy,52120,Olin Blue Cube Operations,59875,Industrial CHP,G-36,119.0,Natural Gas Fired Combined Cycle,Natural gas,Combined cycle,Gas,28.991289,-95.407481,2009-10-15,EIA 860M,2162
2007,1,TX,Freeport Energy,52120,Olin Blue Cube Operations,59875,Industrial CHP,G-33,49.0,Natural Gas Fired Combined Cycle,Natural gas,Combined cycle,Gas,28.991289,-95.407481,2007-01-15,EIA 860M,2163
2003,11,TX,Freeport Energy,52120,Olin Blue Cube Operations,59875,Industrial CHP,G-45,119.0,Natural Gas Fired Combined Cycle,Natural gas,Combined cycle,Gas,28.991289,-95.407481,2003-11-15,EIA 860M,2164
2003,2,TX,Freeport Energy,52120,Olin Blue Cube Operations,59875,Industrial CHP,G-42,50.0,Natural Gas Fired Combined Cycle,Natural gas,Combined cycle,Gas,28.991289,-95.407481,2003-02-15,EIA 860M,2165
2003,1,TX,Freeport Energy,52120,Olin Blue Cube Operations,59875,Industrial CHP,G-31,50.0,Natural Gas Fired Combined Cycle,Natural gas,Combined cycle,Gas,28.991289,-95.407481,2003-01-15,EIA 860M,2166
2009,11,TX,Freeport Energy,52120,Olin Blue Cube Operations,59875,Industrial CHP,G-35,119.0,Natural Gas Fired Combined Cycle,Natural gas,Combined cycle,Gas,28.991289,-95.407481,2009-11-15,EIA 860M,2167
2011,8,TX,Freeport Energy,52120,Olin Blue Cube Operations,59875,Industrial CHP,G-62,94.5,Natural Gas Fired Combined Cycle,Natural gas,Combined cycle,Gas,28.991289,-95.407481,2011-08-15,EIA 860M,2168
2026,1,WY,Elk Basin Gasoline Plant,52127,Contango Oil and Gas,64954,Industrial,GEN1,0.8,Other Gases,Other gas,Steam turbine,Gas,44.9806,-108.8428,2026-01-15,Electric Power Monthly Table 6.6,2169
2004,12,TX,Power Station 3,52131,South Houston Green Power LLC,17566,Industrial CHP,307A,22.0,Natural Gas Fired Combined Cycle,Natural gas,Combined cycle,Gas,29.379444,-94.916666,2004-12-15,EIA 860M,2170
2004,12,TX,Power Station 3,52131,South Houston Green Power LLC,17566,Industrial CHP,307D,22.0,Natural Gas Fired Combined Cycle,Natural gas,Combined cycle,Gas,29.379444,-94.916666,2004-12-15,EIA 860M,2171
2004,12,TX,Power Station 3,52131,South Houston Green Power LLC,17566,Industrial CHP,307C,15.6,Natural Gas Fired Combined Cycle,Natural gas,Combined cycle,Gas,29.379444,-94.916666,2004-12-15,EIA 860M,2172
2004,12,TX,Power Station 3,52131,South Houston Green Power LLC,17566,Industrial CHP,307B,22.0,Natural Gas Fired Combined Cycle,Natural gas,Combined cycle,Gas,29.379444,-94.916666,2004-12-15,EIA 860M,2173
2004,12,TX,Power Station 3,52131,South Houston Green Power LLC,17566,Industrial CHP,307E,15.6,Natural Gas Fired Combined Cycle,Natural gas,Combined cycle,Gas,29.379444,-94.916666,2004-12-15,EIA 860M,2174
2004,12,TX,Power Station 3,52131,South Houston Green Power LLC,17566,Industrial CHP,307F,20.7,Natural Gas Fired Combined Cycle,Natural gas,Combined cycle,Gas,29.379444,-94.916666,2004-12-15,EIA 860M,2175
2021,10,VA,Elkton,52148,Merck & Co Inc,12320,Industrial CHP,GEN2,0.9,Petroleum Liquids,"Distillate fuel oil, light fuel oil, FO2, diesel oil",Internal combustion engine,Oil,38.3836,-78.6528,2021-10-15,EIA 860M,2176
2017,8,PA,West Point (PA),52149,Merck & Co Inc-West Point,12303,Industrial CHP,GEN6,1.2,Petroleum Liquids,"Distillate fuel oil, light fuel oil, FO2, diesel oil",Internal combustion engine,Oil,40.217963,-75.298823,2017-08-15,EIA 860M,2177
2014,12,PA,West Point (PA),52149,Merck & Co Inc-West Point,12303,Industrial CHP,GEN1,3.0,Natural Gas Steam Turbine,Natural gas,Steam turbine,Gas,40.217963,-75.298823,2014-12-15,EIA 860M,2178
2010,6,VA,International Paper Franklin Mill,52152,International Paper,9348,Industrial CHP,GEN3,2.5,Wood/Wood Waste Biomass,Black liquor,Steam turbine,Other,36.6803,-76.9128,2010-06-15,EIA 860M,2179
2010,6,VA,International Paper Franklin Mill,52152,International Paper,9348,Industrial CHP,GEN6,9.3,Wood/Wood Waste Biomass,Black liquor,Steam turbine,Other,36.6803,-76.9128,2010-06-15,EIA 860M,2180
2010,6,VA,International Paper Franklin Mill,52152,International Paper,9348,Industrial CHP,GEN7,15.6,Wood/Wood Waste Biomass,Black liquor,Steam turbine,Other,36.6803,-76.9128,2010-06-15,EIA 860M,2181
2010,6,VA,International Paper Franklin Mill,52152,International Paper,9348,Industrial CHP,GEN1,5.0,Wood/Wood Waste Biomass,Black liquor,Steam turbine,Other,36.6803,-76.9128,2010-06-15,EIA 860M,2182
2010,6,VA,International Paper Franklin Mill,52152,International Paper,9348,Industrial CHP,GEN2,3.7,Wood/Wood Waste Biomass,Black liquor,Steam turbine,Other,36.6803,-76.9128,2010-06-15,EIA 860M,2183
2010,6,VA,International Paper Franklin Mill,52152,International Paper,9348,Industrial CHP,GEN8,27.5,Wood/Wood Waste Biomass,Black liquor,Steam turbine,Other,36.6803,-76.9128,2010-06-15,EIA 860M,2184
2018,6,VA,International Paper Franklin Mill,52152,International Paper,9348,Industrial CHP,GE10,46.4,Natural Gas Fired Combustion Turbine,Natural gas,Combustion turbine,Gas,36.6803,-76.9128,2018-06-15,EIA 860M,2185
2006,10,NY,Riverbay,52168,Riverbay Corp,24210,Commercial CHP,GEN1,6.0,Petroleum Liquids,"Residual fuel oil, heavy fuel oil, Petroleum",Steam turbine,Oil,40.869972,-73.824437,2006-10-15,EIA 860M,2186
2028,12,CO,Hayden,525,Public Service Co of Colorado,15466,Electric Utility,1,179.0,Conventional Steam Coal,Bituminous coal,Steam turbine,Coal,40.4856,-107.185,2028-12-15,Electric Power Monthly Table 6.6,2187
2027,12,CO,Hayden,525,Public Service Co of Colorado,15466,Electric Utility,2,262.0,Conventional Steam Coal,Bituminous coal,Steam turbine,Coal,40.4856,-107.185,2027-12-15,Electric Power Monthly Table 6.6,2188
2019,9,CO,Nucla,527,"Tri-State G & T Assn, Inc",30151,Electric Utility,1,11.5,Conventional Steam Coal,Bituminous coal,Steam turbine,Coal,38.2383,-108.5069,2019-09-15,EIA 860M,2189
2019,9,CO,Nucla,527,"Tri-State G & T Assn, Inc",30151,Electric Utility,ST4,79.3,Conventional Steam Coal,Bituminous coal,Steam turbine,Coal,38.2383,-108.5069,2019-09-15,EIA 860M,2190
2019,9,CO,Nucla,527,"Tri-State G & T Assn, Inc",30151,Electric Utility,3,11.5,Conventional Steam Coal,Bituminous coal,Steam turbine,Coal,38.2383,-108.5069,2019-09-15,EIA 860M,2191
2019,9,CO,Nucla,527,"Tri-State G & T Assn, Inc",30151,Electric Utility,2,11.5,Conventional Steam Coal,Bituminous coal,Steam turbine,Coal,38.2383,-108.5069,2019-09-15,EIA 860M,2192
2015,7,FL,Wheelabrator North Broward,54033,WM Renewable Energy LLC,54842,IPP Non-CHP,GEN1,67.6,Municipal Solid Waste,Municipal solid waste,Steam turbine,Other,26.2878,-80.1581,2015-07-15,EIA 860M,2193
2021,3,RI,Pawtucket Power Associates,54056,Pawtucket Power Associates LP,14584,IPP Non-CHP,GEN1,41.8,Natural Gas Fired Combined Cycle,Natural gas,Combined cycle,Gas,41.861531,-71.406856,2021-03-15,EIA 860M,2194
2021,3,RI,Pawtucket Power Associates,54056,Pawtucket Power Associates LP,14584,IPP Non-CHP,GEN2,27.0,Natural Gas Fired Combined Cycle,Natural gas,Combined cycle,Gas,41.861531,-71.406856,2021-03-15,EIA 860M,2195
2021,1,VA,Spruance Operating Services LLC,54081,Veolia Energy Operating Service,61854,IPP CHP,GEN2,57.4,Conventional Steam Coal,Bituminous coal,Steam turbine,Coal,37.4556,-77.4308,2021-01-15,EIA 860M,2196
2021,1,VA,Spruance Operating Services LLC,54081,Veolia Energy Operating Service,61854,IPP CHP,GEN1,57.4,Conventional Steam Coal,Bituminous coal,Steam turbine,Coal,37.4556,-77.4308,2021-01-15,EIA 860M,2197
2023,3,ME,Androscoggin Mill,54085,Pixelle Androscoggin LLC,55738,Industrial CHP,GEN2,25.0,Natural Gas Steam Turbine,Natural gas,Steam turbine,Gas,44.506273,-70.239474,2023-03-15,EIA 860M,2198
2023,3,ME,Androscoggin Mill,54085,Pixelle Androscoggin LLC,55738,Industrial CHP,GEN1,25.0,Natural Gas Steam Turbine,Natural gas,Steam turbine,Gas,44.506273,-70.239474,2023-03-15,EIA 860M,2199
2023,3,ME,Androscoggin Mill,54085,Pixelle Androscoggin LLC,55738,Industrial CHP,GEN3,30.0,Natural Gas Steam Turbine,Natural gas,Steam turbine,Gas,44.506273,-70.239474,2023-03-15,EIA 860M,2200
2019,5,LA,Mansfield Mill,54091,IPC-Mansfield Mill,9312,Industrial CHP,GEN4,25.0,Natural Gas Fired Combustion Turbine,Natural gas,Combustion turbine,Gas,32.1575,-93.5562,2019-05-15,EIA 860M,2201
2025,7,GA,Georgia-Pacific Cedar Springs,54101,Georgia-Pacific Cedar Springs LLC,7172,Industrial CHP,GEN1,50.0,Wood/Wood Waste Biomass,Black liquor,Steam turbine,Other,31.166,-85.0951,2025-07-15,EIA 860M,2202
2025,7,GA,Georgia-Pacific Cedar Springs,54101,Georgia-Pacific Cedar Springs LLC,7172,Industrial CHP,GEN2,51.2,Wood/Wood Waste Biomass,Black liquor,Steam turbine,Other,31.166,-85.0951,2025-07-15,EIA 860M,2203
2013,3,WI,Port Edwards Mill,54103,Domtar Industries Inc,5033,Industrial Non-CHP,GEN4,1.9,Petroleum Liquids,"Residual fuel oil, heavy fuel oil, Petroleum",Steam turbine,Oil,44.3364,-89.8672,2013-03-15,EIA 860M,2204
2013,3,WI,Port Edwards Mill,54103,Domtar Industries Inc,5033,Industrial Non-CHP,GEN7,5.0,Petroleum Liquids,"Residual fuel oil, heavy fuel oil, Petroleum",Steam turbine,Oil,44.3364,-89.8672,2013-03-15,EIA 860M,2205
2020,12,CA,Sonoma County Fuel Cell,57793,The County of Sonoma,57108,Commercial CHP,FC-1,1.4,Other Natural Gas,Natural gas,Fuel cell,Gas,38.466666,-122.723436,2020-12-15,EIA 860M,2206
2019,1,AL,U S Alliance Coosa Pines,54216,Bowater Newport Coosa Pines Op,2053,Industrial CHP,AOW6,12.5,Natural Gas Steam Turbine,Natural gas,Steam turbine,Gas,33.328107,-86.356825,2019-01-15,EIA 860M,2207
2011,10,VT,Middlebury College,57804,Middlebury College Biomass,57123,Commercial CHP,1,0.2,Wood/Wood Waste Biomass,"Wood, Wood waste solid",Steam turbine,Other,44.0075,-73.176944,2011-10-15,EIA 860M,2208
2008,11,AL,U S Alliance Coosa Pines,54216,Bowater Newport Coosa Pines Op,2053,Industrial CHP,AOW1,5.0,Conventional Steam Coal,Bituminous coal,Steam turbine,Coal,33.328107,-86.356825,2008-11-15,EIA 860M,2209
2023,12,VA,Rockville 1 & 2,56692,Industrial Power Generating Company LLC,55938,IPP Non-CHP,1J,0.3,Petroleum Liquids,"Distillate fuel oil, light fuel oil, FO2, diesel oil",Internal combustion engine,Oil,37.7036,-77.6639,2023-12-15,EIA 860M,2210
2020,11,CA,Coca Cola American Canyon,57807,Bloom Energy 2009 PPA,56778,IPP Non-CHP,COK01,1.1,Other Natural Gas,Natural gas,Fuel cell,Gas,38.190705,-122.275067,2020-11-15,EIA 860M,2211
2023,12,VA,Rockville 1 & 2,56692,Industrial Power Generating Company LLC,55938,IPP Non-CHP,1I,0.3,Petroleum Liquids,"Distillate fuel oil, light fuel oil, FO2, diesel oil",Internal combustion engine,Oil,37.7036,-77.6639,2023-12-15,EIA 860M,2212
2023,12,VA,Rockville 1 & 2,56692,Industrial Power Generating Company LLC,55938,IPP Non-CHP,2K,0.3,Petroleum Liquids,"Distillate fuel oil, light fuel oil, FO2, diesel oil",Internal combustion engine,Oil,37.7036,-77.6639,2023-12-15,EIA 860M,2213
2022,1,CA,Lockheed Martin Sunnyvale,57808,Bloom Energy,57128,IPP Non-CHP,LOK00,1.1,Other Natural Gas,Natural gas,Fuel cell,Gas,37.413056,-122.028056,2022-01-15,EIA 860M,2214
2023,12,VA,Rockville 1 & 2,56692,Industrial Power Generating Company LLC,55938,IPP Non-CHP,2J,0.3,Petroleum Liquids,"Distillate fuel oil, light fuel oil, FO2, diesel oil",Internal combustion engine,Oil,37.7036,-77.6639,2023-12-15,EIA 860M,2215
2008,11,AL,U S Alliance Coosa Pines,54216,Bowater Newport Coosa Pines Op,2053,Industrial CHP,AOW2,5.0,Conventional Steam Coal,Bituminous coal,Steam turbine,Coal,33.328107,-86.356825,2008-11-15,EIA 860M,2216
2008,11,AL,U S Alliance Coosa Pines,54216,Bowater Newport Coosa Pines Op,2053,Industrial CHP,AOW4,5.0,Conventional Steam Coal,Bituminous coal,Steam turbine,Coal,33.328107,-86.356825,2008-11-15,EIA 860M,2217
2008,11,AL,U S Alliance Coosa Pines,54216,Bowater Newport Coosa Pines Op,2053,Industrial CHP,AOW5,5.0,Conventional Steam Coal,Bituminous coal,Steam turbine,Coal,33.328107,-86.356825,2008-11-15,EIA 860M,2218
2003,1,AL,U S Alliance Coosa Pines,54216,Bowater Newport Coosa Pines Op,2053,Industrial CHP,AOW3,5.0,Conventional Steam Coal,Bituminous coal,Steam turbine,Coal,33.328107,-86.356825,2003-01-15,EIA 860M,2219
2011,1,NM,Blanco Compressor Station,54221,Enterprise Products Optg LP,29925,Industrial Non-CHP,1,1.5,Natural Gas Steam Turbine,Natural gas,Steam turbine,Gas,36.731111,-107.962778,2011-01-15,EIA 860M,2220
2011,1,NM,Blanco Compressor Station,54221,Enterprise Products Optg LP,29925,Industrial Non-CHP,2,1.5,Natural Gas Steam Turbine,Natural gas,Steam turbine,Gas,36.731111,-107.962778,2011-01-15,EIA 860M,2221
2010,1,MA,Gillette SBMC,54225,The Gillette Company,7209,Industrial CHP,TG1,7.1,Natural Gas Steam Turbine,Natural gas,Steam turbine,Gas,42.3436,-71.0559,2010-01-15,EIA 860M,2222
2011,1,MA,Erving Paper Mills,54228,Erving Paper Mills Inc,5989,Industrial CHP,1,2.5,Petroleum Liquids,"Residual fuel oil, heavy fuel oil, Petroleum",Steam turbine,Oil,42.5983,-72.3875,2011-01-15,EIA 860M,2223
2005,1,CT,Pfizer Groton Plant,54236,Pfizer Inc,14928,Industrial CHP,TG 1,2.5,Natural Gas Steam Turbine,Natural gas,Steam turbine,Gas,41.3315,-72.0786,2005-01-15,EIA 860M,2224
2015,6,CT,Pfizer Groton Plant,54236,Pfizer Inc,14928,Industrial CHP,TG 2,2.5,Natural Gas Steam Turbine,Natural gas,Steam turbine,Gas,41.3315,-72.0786,2015-06-15,EIA 860M,2225
2008,2,LA,Louisiana Tech University Power Plant,54240,Louisiana Tech University,11233,Commercial CHP,TG2,5.0,Natural Gas Steam Turbine,Natural gas,Steam turbine,Gas,32.5256,-92.6497,2008-02-15,EIA 860M,2226
2002,12,LA,Louisiana Tech University Power Plant,54240,Louisiana Tech University,11233,Commercial CHP,TG1,2.5,Natural Gas Steam Turbine,Natural gas,Steam turbine,Gas,32.5256,-92.6497,2002-12-15,EIA 860M,2227
2022,6,OH,Akron Recycle Energy Plant,54265,Akron Energy Systems LLC,58835,Commercial CHP,2,2.0,Natural Gas Steam Turbine,Natural gas,Steam turbine,Gas,41.073336,-81.530642,2022-06-15,EIA 860M,2228
2022,6,OH,Akron Recycle Energy Plant,54265,Akron Energy Systems LLC,58835,Commercial CHP,1,2.0,Natural Gas Steam Turbine,Natural gas,Steam turbine,Gas,41.073336,-81.530642,2022-06-15,EIA 860M,2229
2015,6,WA,HF Sinclair Puget Sound Refining,54268,HF Sinclair Corporation,64469,Industrial CHP,STG1,27.0,Natural Gas Fired Combined Cycle,Natural gas,Combined cycle,Gas,48.4708,-122.56,2015-06-15,EIA 860M,2230
2032,12,NV,Saguaro Power,54271,Saguaro Power Co,16553,Electric CHP,CTG1,36.0,Natural Gas Fired Combined Cycle,Natural gas,Combined cycle,Gas,36.0417,-115.0117,2032-12-15,Electric Power Monthly Table 6.6,2231
2032,12,NV,Saguaro Power,54271,Saguaro Power Co,16553,Electric CHP,CTG2,36.0,Natural Gas Fired Combined Cycle,Natural gas,Combined cycle,Gas,36.0417,-115.0117,2032-12-15,Electric Power Monthly Table 6.6,2232
2023,9,FL,Buckeye Florida LP,50466,Buckeye Florida Ltd Partners,2522,Industrial CHP,GEN6,29.8,Wood/Wood Waste Biomass,Black liquor,Steam turbine,Other,30.0688,-83.5253,2023-09-15,EIA 860M,2233
2032,12,NV,Saguaro Power,54271,Saguaro Power Co,16553,Electric CHP,STG,29.0,Natural Gas Fired Combined Cycle,Natural gas,Combined cycle,Gas,36.0417,-115.0117,2032-12-15,Electric Power Monthly Table 6.6,2234
2005,6,MN,West Group Data Center,54294,"Ryan Companies US, Inc.",66753,Commercial Non-CHP,2180,2.0,Petroleum Liquids,"Distillate fuel oil, light fuel oil, FO2, diesel oil",Internal combustion engine,Oil,44.8256,-93.1139,2005-06-15,EIA 860M,2235
2005,6,MN,West Group Data Center,54294,"Ryan Companies US, Inc.",66753,Commercial Non-CHP,2178,1.5,Petroleum Liquids,"Distillate fuel oil, light fuel oil, FO2, diesel oil",Internal combustion engine,Oil,44.8256,-93.1139,2005-06-15,EIA 860M,2236
2005,6,MN,West Group Data Center,54294,"Ryan Companies US, Inc.",66753,Commercial Non-CHP,2179,1.5,Petroleum Liquids,"Distillate fuel oil, light fuel oil, FO2, diesel oil",Internal combustion engine,Oil,44.8256,-93.1139,2005-06-15,EIA 860M,2237
2021,3,VA,Birchwood Power,54304,Birchwood Power Partners LP,1735,IPP Non-CHP,1,258.3,Conventional Steam Coal,Bituminous coal,Steam turbine,Coal,38.2667,-77.3147,2021-03-15,EIA 860M,2238
2003,1,IL,Archer Daniels Midland Taylorville,54312,Archer Daniels Midland Co,772,Industrial CHP,GEN1,4.6,Natural Gas Fired Combustion Turbine,Natural gas,Combustion turbine,Gas,39.599722,-89.3,2003-01-15,EIA 860M,2239
2015,1,OH,Morton Salt Rittman,54335,Morton Salt Inc,12986,Industrial CHP,GEN1,1.5,Conventional Steam Coal,Bituminous coal,Steam turbine,Coal,40.9692,-81.7756,2015-01-15,EIA 860M,2240
2024,12,TX,Rio Grande Valley Sugar Growers,54338,"Rio Grande Valley Sugar Growers, Inc.",16098,Industrial CHP,GENA,2.5,Other Waste Biomass,Agricultural byproduct,Steam turbine,Other,26.269683,-97.867012,2024-12-15,EIA 860M,2241
2024,12,TX,Rio Grande Valley Sugar Growers,54338,"Rio Grande Valley Sugar Growers, Inc.",16098,Industrial CHP,GENB,2.5,Other Waste Biomass,Agricultural byproduct,Steam turbine,Other,26.269683,-97.867012,2024-12-15,EIA 860M,2242
2024,12,TX,Rio Grande Valley Sugar Growers,54338,"Rio Grande Valley Sugar Growers, Inc.",16098,Industrial CHP,GENC,2.5,Other Waste Biomass,Agricultural byproduct,Steam turbine,Other,26.269683,-97.867012,2024-12-15,EIA 860M,2243
2024,12,TX,Rio Grande Valley Sugar Growers,54338,"Rio Grande Valley Sugar Growers, Inc.",16098,Industrial CHP,GEND,16.0,Other Waste Biomass,Agricultural byproduct,Steam turbine,Other,26.269683,-97.867012,2024-12-15,EIA 860M,2244
2024,12,TX,Rio Grande Valley Sugar Growers,54338,"Rio Grande Valley Sugar Growers, Inc.",16098,Industrial CHP,GENE,1.4,Petroleum Liquids,"Distillate fuel oil, light fuel oil, FO2, diesel oil",Internal combustion engine,Oil,26.269683,-97.867012,2024-12-15,EIA 860M,2245
2030,10,NV,Nevada Cogen Associates 2 Black Mountain,54349,Nevada Cogeneration Assoc # 2,13365,Electric CHP,GTB,21.7,Natural Gas Fired Combined Cycle,Natural gas,Combined cycle,Gas,36.2253,-114.8783,2030-10-15,Electric Power Monthly Table 6.6,2246
2030,10,NV,Nevada Cogen Associates 2 Black Mountain,54349,Nevada Cogeneration Assoc # 2,13365,Electric CHP,GTC,21.7,Natural Gas Fired Combined Cycle,Natural gas,Combined cycle,Gas,36.2253,-114.8783,2030-10-15,Electric Power Monthly Table 6.6,2247
2030,10,NV,Nevada Cogen Associates 2 Black Mountain,54349,Nevada Cogeneration Assoc # 2,13365,Electric CHP,STM,28.0,Natural Gas Fired Combined Cycle,Natural gas,Combined cycle,Gas,36.2253,-114.8783,2030-10-15,Electric Power Monthly Table 6.6,2248
2030,10,NV,Nevada Cogen Associates 2 Black Mountain,54349,Nevada Cogeneration Assoc # 2,13365,Electric CHP,GTA,21.7,Natural Gas Fired Combined Cycle,Natural gas,Combined cycle,Gas,36.2253,-114.8783,2030-10-15,Electric Power Monthly Table 6.6,2249
2032,12,NV,Nevada Cogen Assoc#1 GarnetVly,54350,Nevada Cogeneration Assoc # 1,13399,Electric CHP,GTA,20.5,Natural Gas Fired Combined Cycle,Natural gas,Combined cycle,Gas,36.343229,-114.920686,2032-12-15,Electric Power Monthly Table 6.6,2250
2032,12,NV,Nevada Cogen Assoc#1 GarnetVly,54350,Nevada Cogeneration Assoc # 1,13399,Electric CHP,GTB,20.5,Natural Gas Fired Combined Cycle,Natural gas,Combined cycle,Gas,36.343229,-114.920686,2032-12-15,Electric Power Monthly Table 6.6,2251
2021,6,IN,"Hidden View Dairy, LLC",59260,"Hidden View Dairy, LLC",59093,Industrial Non-CHP,HV2-2,0.8,Other Waste Biomass,"Other biomass gas (digester gas, methane, and Other biomass gases)",Internal combustion engine,Other,41.032778,-87.0725,2021-06-15,EIA 860M,2252
2016,5,IN,"Hidden View Dairy, LLC",59260,"Hidden View Dairy, LLC",59093,Industrial Non-CHP,HV2,0.4,Other Waste Biomass,"Other biomass gas (digester gas, methane, and Other biomass gases)",Internal combustion engine,Other,41.032778,-87.0725,2016-05-15,EIA 860M,2253
2023,12,VA,Rockville 1 & 2,56692,Industrial Power Generating Company LLC,55938,IPP Non-CHP,1G,0.3,Petroleum Liquids,"Distillate fuel oil, light fuel oil, FO2, diesel oil",Internal combustion engine,Oil,37.7036,-77.6639,2023-12-15,EIA 860M,2254
2017,3,CA,Adobe San Jose,57811,Bloom Energy,57128,IPP Non-CHP,ADB01,0.4,Other Natural Gas,Natural gas,Fuel cell,Gas,37.330556,-121.893056,2017-03-15,EIA 860M,2255
2023,12,VA,Rockville 1 & 2,56692,Industrial Power Generating Company LLC,55938,IPP Non-CHP,1H,0.3,Petroleum Liquids,"Distillate fuel oil, light fuel oil, FO2, diesel oil",Internal combustion engine,Oil,37.7036,-77.6639,2023-12-15,EIA 860M,2256
2019,6,IN,"Hidden View Dairy, LLC",59260,"Hidden View Dairy, LLC",59093,Industrial Non-CHP,HV1,0.9,Other Waste Biomass,"Other biomass gas (digester gas, methane, and Other biomass gases)",Internal combustion engine,Other,41.032778,-87.0725,2019-06-15,EIA 860M,2257
2032,12,NV,Nevada Cogen Assoc#1 GarnetVly,54350,Nevada Cogeneration Assoc # 1,13399,Electric CHP,GTC,20.5,Natural Gas Fired Combined Cycle,Natural gas,Combined cycle,Gas,36.343229,-114.920686,2032-12-15,Electric Power Monthly Table 6.6,2258
2023,9,FL,Buckeye Florida LP,50466,Buckeye Florida Ltd Partners,2522,Industrial CHP,GEN3,7.5,Wood/Wood Waste Biomass,Black liquor,Steam turbine,Other,30.0688,-83.5253,2023-09-15,EIA 860M,2259
2017,2,CA,Adobe San Jose,57811,Bloom Energy,57128,IPP Non-CHP,ADB00,0.8,Other Natural Gas,Natural gas,Fuel cell,Gas,37.330556,-121.893056,2017-02-15,EIA 860M,2260
2004,2,TX,Deer Park Plant,50471,Oxy Vinyls LP,14254,Industrial CHP,GEN4,81.0,Natural Gas Fired Combined Cycle,Natural gas,Combined cycle,Gas,29.71,-95.112777,2004-02-15,EIA 860M,2261
2004,2,TX,Deer Park Plant,50471,Oxy Vinyls LP,14254,Industrial CHP,GEN3,10.0,Natural Gas Fired Combined Cycle,Natural gas,Combined cycle,Gas,29.71,-95.112777,2004-02-15,EIA 860M,2262
2016,5,IN,Wabash Valley Power IGCC,57842,"Wabash Valley Power Assn, Inc",40211,Electric Utility,1,112.5,Petroleum Coke,Synthesis Gas from Petroleum Coke,Combined cycle,Coal,39.53,-87.4247,2016-05-15,EIA 860M,2263
2004,2,TX,Deer Park Plant,50471,Oxy Vinyls LP,14254,Industrial CHP,GEN2,10.0,Natural Gas Fired Combined Cycle,Natural gas,Combined cycle,Gas,29.71,-95.112777,2004-02-15,EIA 860M,2264
2032,12,NV,Nevada Cogen Assoc#1 GarnetVly,54350,Nevada Cogeneration Assoc # 1,13399,Electric CHP,STM,24.0,Natural Gas Fired Combined Cycle,Natural gas,Combined cycle,Gas,36.343229,-114.920686,2032-12-15,Electric Power Monthly Table 6.6,2265
2023,12,CA,Verizon-Torrance,59261,Bloom Energy,57128,IPP Non-CHP,VZ300,1.0,Other Natural Gas,Natural gas,Fuel cell,Gas,33.850556,-118.304167,2023-12-15,EIA 860M,2266
2023,1,MT,Sidney MT Plant,57914,Sidney Sugars Incorporated,57296,Industrial CHP,1,2.0,Conventional Steam Coal,Lignite coal,Steam turbine,Coal,47.717222,-104.135556,2023-01-15,EIA 860M,2267
2004,2,TX,Deer Park Plant,50471,Oxy Vinyls LP,14254,Industrial CHP,GEN1,10.0,Natural Gas Fired Combined Cycle,Natural gas,Combined cycle,Gas,29.71,-95.112777,2004-02-15,EIA 860M,2268
2005,12,IL,Fuyao Glass Illinois Inc.,54360,"Fuyao Glass Illinois, Inc",60194,Industrial Non-CHP,1200,1.2,Petroleum Liquids,"Distillate fuel oil, light fuel oil, FO2, diesel oil",Internal combustion engine,Oil,39.77896,-88.901629,2005-12-15,EIA 860M,2269
2020,7,UT,eBay - South Jordan,59281,Bloom Energy,57128,IPP Non-CHP,EBY03,3.8,Other Natural Gas,Natural gas,Fuel cell,Gas,40.560556,-112.047778,2020-07-15,EIA 860M,2270
2023,12,VA,Rockville 1 & 2,56692,Industrial Power Generating Company LLC,55938,IPP Non-CHP,2F,0.3,Petroleum Liquids,"Distillate fuel oil, light fuel oil, FO2, diesel oil",Internal combustion engine,Oil,37.7036,-77.6639,2023-12-15,EIA 860M,2271
2023,1,MT,Sidney MT Plant,57914,Sidney Sugars Incorporated,57296,Industrial CHP,2,2.0,Conventional Steam Coal,Lignite coal,Steam turbine,Coal,47.717222,-104.135556,2023-01-15,EIA 860M,2272
2006,5,FL,Clewiston Sugar House,50482,United States Sugar Corp,19365,Industrial CHP,DGN,1.0,Petroleum Liquids,"Distillate fuel oil, light fuel oil, FO2, diesel oil",Internal combustion engine,Oil,26.7351,-80.9377,2006-05-15,EIA 860M,2273
2029,11,TX,Works 4,54364,Vitro Architectural Glass,60538,Industrial,L2G,2.0,Petroleum Liquids,"Distillate fuel oil, light fuel oil, FO2, diesel oil",Internal combustion engine,Oil,34.003489,-98.553539,2029-11-15,Electric Power Monthly Table 6.6,2274
2020,7,UT,eBay - South Jordan,59281,Bloom Energy,57128,IPP Non-CHP,EBY00,6.0,Other Natural Gas,Natural gas,Fuel cell,Gas,40.560556,-112.047778,2020-07-15,EIA 860M,2275
2016,9,MD,Green Machine,59282,Bloom Energy,57128,IPP Non-CHP,BBX00,1.7,Other Natural Gas,Natural gas,Fuel cell,Gas,39.108889,-76.771389,2016-09-15,EIA 860M,2276
2018,12,CA,City of Tulare Water Facility,59395,City of Tulare Water Pollution Control,59173,Commercial Non-CHP,C2550,0.5,Other Waste Biomass,"Other biomass gas (digester gas, methane, and Other biomass gases)",Internal combustion engine,Other,36.185,-119.375,2018-12-15,EIA 860M,2277
2017,8,CA,City of Tulare Water Facility,59395,City of Tulare Water Pollution Control,59173,Commercial Non-CHP,DFC30,1.4,Other Waste Biomass,"Other biomass gas (digester gas, methane, and Other biomass gases)",Fuel cell,Other,36.185,-119.375,2017-08-15,EIA 860M,2278
2014,1,DE,Indian River Generating Station,594,Indian River Operations Inc,9332,IPP Non-CHP,3,176.8,Conventional Steam Coal,Bituminous coal,Steam turbine,Coal,38.5857,-75.2341,2014-01-15,EIA 860M,2279
2025,2,DE,Indian River Generating Station,594,Indian River Operations Inc,9332,IPP Non-CHP,4,445.5,Conventional Steam Coal,Bituminous coal,Steam turbine,Coal,38.5857,-75.2341,2025-02-15,EIA 860M,2280
2013,7,DE,Indian River Generating Station,594,Indian River Operations Inc,9332,IPP Non-CHP,2,81.6,Conventional Steam Coal,Bituminous coal,Steam turbine,Coal,38.5857,-75.2341,2013-07-15,EIA 860M,2281
2026,6,DE,Indian River Generating Station,594,Indian River Operations Inc,9332,IPP,10,16.1,Petroleum Liquids,"Distillate fuel oil, light fuel oil, FO2, diesel oil",Combustion turbine,Oil,38.5857,-75.2341,2026-06-15,Electric Power Monthly Table 6.6,2282
2013,7,DE,Indian River Generating Station,594,Indian River Operations Inc,9332,IPP Non-CHP,1,81.6,Conventional Steam Coal,Bituminous coal,Steam turbine,Coal,38.5857,-75.2341,2013-07-15,EIA 860M,2283
2016,4,MI,East. Michigan Univ. Heating Plant,59452,East. Michigan Univ. Heating Plant,59218,Commercial CHP,COGEN,3.5,Natural Gas Fired Combustion Turbine,Natural gas,Combustion turbine,Gas,42.248889,-83.628889,2016-04-15,EIA 860M,2284
2020,6,NY,Albany Medical Ctr Cogen Plant,59453,Albany Medical Center,59219,Commercial Non-CHP,GTG1,4.6,Natural Gas Fired Combustion Turbine,Natural gas,Combustion turbine,Gas,42.655,-73.7777,2020-06-15,EIA 860M,2285
2024,10,NY,Albany Medical Ctr Cogen Plant,59453,Albany Medical Center,59219,Commercial Non-CHP,GTG1A,4.3,Natural Gas Fired Combustion Turbine,Natural gas,Combustion turbine,Gas,42.655,-73.7777,2024-10-15,EIA 860M,2286
2023,11,CA,P Plant,59456,Qualcomm Incorporated,59222,Commercial CHP,P-TG5,4.6,Natural Gas Fired Combustion Turbine,Natural gas,Combustion turbine,Gas,32.894722,-117.198056,2023-11-15,EIA 860M,2287
2020,5,WI,Clean Fuel Dane Community Digester,59559,Clean Fuel Partners Dane,59878,IPP CHP,GEN#1,1.0,Other Waste Biomass,"Other biomass gas (digester gas, methane, and Other biomass gases)",Internal combustion engine,Other,43.217222,-89.479167,2020-05-15,EIA 860M,2288
2020,5,WI,Clean Fuel Dane Community Digester,59559,Clean Fuel Partners Dane,59878,IPP CHP,GEN#2,1.0,Other Waste Biomass,"Other biomass gas (digester gas, methane, and Other biomass gases)",Internal combustion engine,Other,43.217222,-89.479167,2020-05-15,EIA 860M,2289
2023,6,MA,Framingham State University Plant,59717,Framingham State University,59484,Commercial Non-CHP,TOW1,0.2,Petroleum Liquids,"Distillate fuel oil, light fuel oil, FO2, diesel oil",Internal combustion engine,Oil,42.297949,-71.436065,2023-06-15,EIA 860M,2290
2033,8,DE,Croda Atlas Point CHP,59783,Croda Inc.,59550,Industrial,91199,2.0,Landfill Gas,Landfill gas,Internal combustion engine,Gas,39.693333,-75.543056,2033-08-15,Electric Power Monthly Table 6.6,2291
2033,8,DE,Croda Atlas Point CHP,59783,Croda Inc.,59550,Industrial,91198,1.1,Landfill Gas,Landfill gas,Internal combustion engine,Gas,39.693333,-75.543056,2033-08-15,Electric Power Monthly Table 6.6,2292
2033,8,DE,Croda Atlas Point CHP,59783,Croda Inc.,59550,Industrial,91197,1.1,Landfill Gas,Landfill gas,Internal combustion engine,Gas,39.693333,-75.543056,2033-08-15,Electric Power Monthly Table 6.6,2293
2023,9,CA,Amazon San Bernardino,59800,Bloom Energy,57128,IPP Non-CHP,AMZ00,1.1,Other Natural Gas,Natural gas,Fuel cell,Gas,34.088408,-117.245839,2023-09-15,EIA 860M,2294
2023,12,CT,IBM Southbury,59801,Bloom Energy,57128,IPP Non-CHP,IBM00,1.1,Other Natural Gas,Natural gas,Fuel cell,Gas,41.472492,-73.207043,2023-12-15,EIA 860M,2295
2024,6,CA,Starbucks - Evolution Fresh,59804,Bloom Energy,57128,IPP Non-CHP,SBK00,1.1,Other Natural Gas,Natural gas,Fuel cell,Gas,34.093684,-117.551044,2024-06-15,EIA 860M,2296
2024,7,CA,Yahoo! - HQ,59805,Bloom Energy,57128,IPP Non-CHP,YAH00,1.1,Other Natural Gas,Natural gas,Fuel cell,Gas,37.415419,-122.025747,2024-07-15,EIA 860M,2297
2021,5,DE,McKee Run,599,NAES Corporation - (DE),54899,IPP Non-CHP,3,113.6,Natural Gas Steam Turbine,Natural gas,Steam turbine,Gas,39.176222,-75.546628,2021-05-15,EIA 860M,2298
2017,5,DE,McKee Run,599,NAES Corporation - (DE),54899,IPP Non-CHP,1,18.8,Natural Gas Steam Turbine,Natural gas,Steam turbine,Gas,39.176222,-75.546628,2017-05-15,EIA 860M,2299
2017,5,DE,McKee Run,599,NAES Corporation - (DE),54899,IPP Non-CHP,2,18.8,Natural Gas Steam Turbine,Natural gas,Steam turbine,Gas,39.176222,-75.546628,2017-05-15,EIA 860M,2300
2021,12,WI,FCPC Renewable Generation,59931,"FCPC Renewable Generation, LLC",59688,IPP CHP,GEN1,1.1,Other Waste Biomass,"Other biomass gas (digester gas, methane, and Other biomass gases)",Internal combustion engine,Other,43.030016,-87.940914,2021-12-15,EIA 860M,2301
2021,12,WI,FCPC Renewable Generation,59931,"FCPC Renewable Generation, LLC",59688,IPP CHP,GEN2,1.1,Other Waste Biomass,"Other biomass gas (digester gas, methane, and Other biomass gases)",Internal combustion engine,Other,43.030016,-87.940914,2021-12-15,EIA 860M,2302
2035,8,CT,UI RCP New Haven Fuel Cell,60040,United Illuminating Co,19497,Electric Utility,NHFC,2.5,Other Natural Gas,Natural gas,Fuel cell,Gas,41.288803,-72.898622,2035-08-15,Electric Power Monthly Table 6.6,2303
2035,11,CT,UI RCP Bridgeport Seaside,60054,United Illuminating Co,19497,Electric Utility,BPFC,2.5,Other Natural Gas,Natural gas,Fuel cell,Gas,41.157591,-73.208084,2035-11-15,Electric Power Monthly Table 6.6,2304
2024,7,CA,Dinuba Energy,60100,Dinuba Energy,59849,IPP Non-CHP,G-1,11.5,Wood/Wood Waste Biomass,"Wood, Wood waste solid",Steam turbine,Other,36.571485,-119.419176,2024-07-15,EIA 860M,2305
2036,2,CT,UDR Glastonbury Fuel Cell,60109,"UIL Distributed Resources, LLC",59885,IPP,UDRFC,2.5,Other Natural Gas,Natural gas,Fuel cell,Gas,41.716998,-72.536077,2036-02-15,Electric Power Monthly Table 6.6,2306
2022,8,CA,UCI Fuel Cell,60120,"UCI Fuel Cell, LLC",59892,IPP CHP,MB-16,1.4,Other Natural Gas,Natural gas,Fuel cell,Gas,33.788,-117.8901,2022-08-15,EIA 860M,2307
2003,12,CA,Olive,6013,City of Burbank Water and Power,2507,Electric Utility,O4,37.8,Natural Gas Fired Combustion Turbine,Natural gas,Combustion turbine,Gas,34.1764,-118.3147,2003-12-15,EIA 860M,2308
2003,12,CA,Olive,6013,City of Burbank Water and Power,2507,Electric Utility,O3,24.4,Natural Gas Fired Combustion Turbine,Natural gas,Combustion turbine,Gas,34.1764,-118.3147,2003-12-15,EIA 860M,2309
2019,12,IL,Duck Creek,6016,Illinois Power Resources Generating LLC,49756,IPP Non-CHP,1,441.0,Conventional Steam Coal,Refined coal,Steam turbine,Coal,40.4663,-89.9841,2019-12-15,EIA 860M,2310
2027,12,IL,Newton,6017,Illinois Power Generating Co,520,IPP,1,595.0,Conventional Steam Coal,Subbituminous coal,Steam turbine,Coal,38.9361,-88.2781,2027-12-15,Electric Power Monthly Table 6.6,2311
2016,9,IL,Newton,6017,Illinois Power Generating Co,520,IPP Non-CHP,2,617.4,Conventional Steam Coal,Refined coal,Steam turbine,Coal,38.9361,-88.2781,2016-09-15,EIA 860M,2312
2022,5,OH,W H Zimmer,6019,Dynegy W H Zimmer,59920,IPP Non-CHP,ST1,1425.6,Conventional Steam Coal,Refined coal,Steam turbine,Coal,38.8675,-84.2289,2022-05-15,EIA 860M,2313
2029,5,MD,Brandon Shores,602,Brandon Shores LLC,60421,IPP,1,635.0,Conventional Steam Coal,Bituminous coal,Steam turbine,Coal,39.182073,-76.537151,2029-05-15,Electric Power Monthly Table 6.6,2314
2029,5,MD,Brandon Shores,602,Brandon Shores LLC,60421,IPP,2,638.0,Conventional Steam Coal,Bituminous coal,Steam turbine,Coal,39.182073,-76.537151,2029-05-15,Electric Power Monthly Table 6.6,2315
2025,12,CO,Craig (CO),6021,"Tri-State G & T Assn, Inc",30151,Electric Utility,1,427.0,Conventional Steam Coal,Subbituminous coal,Steam turbine,Coal,40.4627,-107.5912,2025-12-15,Electric Power Monthly Table 6.6,2316
2028,9,CO,Craig (CO),6021,"Tri-State G & T Assn, Inc",30151,Electric Utility,2,410.0,Conventional Steam Coal,Subbituminous coal,Steam turbine,Coal,40.4627,-107.5912,2028-09-15,Electric Power Monthly Table 6.6,2317
2029,12,CO,Craig (CO),6021,"Tri-State G & T Assn, Inc",30151,Electric Utility,3,448.0,Conventional Steam Coal,Subbituminous coal,Steam turbine,Coal,40.4627,-107.5912,2029-12-15,Electric Power Monthly Table 6.6,2318
2020,8,AK,Ambler,60243,"Alaska Village Elec Coop, Inc",221,Electric Utility,1,0.4,Petroleum Liquids,"Distillate fuel oil, light fuel oil, FO2, diesel oil",Internal combustion engine,Oil,67.08798,-157.856719,2020-08-15,EIA 860M,2319
2020,12,AK,New Stuyahok,60245,"Alaska Village Elec Coop, Inc",221,Electric Utility,3,0.5,Petroleum Liquids,"Distillate fuel oil, light fuel oil, FO2, diesel oil",Internal combustion engine,Oil,59.448358,-157.325528,2020-12-15,EIA 860M,2320
2023,12,AK,New Stuyahok,60245,"Alaska Village Elec Coop, Inc",221,Electric Utility,2,0.5,Petroleum Liquids,"Distillate fuel oil, light fuel oil, FO2, diesel oil",Internal combustion engine,Oil,59.448358,-157.325528,2023-12-15,EIA 860M,2321
2004,10,IL,Collins,6025,Midwest Generations EME LLC,12384,IPP Non-CHP,1,544.9,Natural Gas Steam Turbine,Natural gas,Steam turbine,Gas,41.346111,-88.392777,2004-10-15,EIA 860M,2322
2004,10,IL,Collins,6025,Midwest Generations EME LLC,12384,IPP Non-CHP,2,544.9,Natural Gas Steam Turbine,Natural gas,Steam turbine,Gas,41.346111,-88.392777,2004-10-15,EIA 860M,2323
2004,10,IL,Collins,6025,Midwest Generations EME LLC,12384,IPP Non-CHP,3,518.9,Natural Gas Steam Turbine,Natural gas,Steam turbine,Gas,41.346111,-88.392777,2004-10-15,EIA 860M,2324
2004,10,IL,Collins,6025,Midwest Generations EME LLC,12384,IPP Non-CHP,4,520.7,Natural Gas Steam Turbine,Natural gas,Steam turbine,Gas,41.346111,-88.392777,2004-10-15,EIA 860M,2325
2004,10,IL,Collins,6025,Midwest Generations EME LLC,12384,IPP Non-CHP,5,520.7,Natural Gas Steam Turbine,Natural gas,Steam turbine,Gas,41.346111,-88.392777,2004-10-15,EIA 860M,2326
2018,1,AK,Brevig Mission,60260,"Alaska Village Elec Coop, Inc",221,Electric Utility,3,0.5,Petroleum Liquids,"Distillate fuel oil, light fuel oil, FO2, diesel oil",Internal combustion engine,Oil,65.331716,-166.479506,2018-01-15,EIA 860M,2327
2016,1,ND,Coal Creek,6030,Rainbow Energy Center,65146,Electric Utility,3,2.0,Petroleum Liquids,"Distillate fuel oil, light fuel oil, FO2, diesel oil",Internal combustion engine,Oil,47.377743,-101.157058,2016-01-15,EIA 860M,2328
2028,12,MI,Belle River,6034,DTE Electric Company,5109,Electric Utility,ST2,635.0,Conventional Steam Coal,Subbituminous coal,Steam turbine,Coal,42.7756,-82.495,2028-12-15,Electric Power Monthly Table 6.6,2329
2028,12,MI,Belle River,6034,DTE Electric Company,5109,Electric Utility,ST1,635.0,Conventional Steam Coal,Subbituminous coal,Steam turbine,Coal,42.7756,-82.495,2028-12-15,Electric Power Monthly Table 6.6,2330
2018,12,FL,Martin,6043,Florida Power & Light Co,6452,Electric Utility,2,934.5,Petroleum Liquids,"Residual fuel oil, heavy fuel oil, Petroleum",Steam turbine,Oil,27.0536,-80.5628,2018-12-15,EIA 860M,2331
2018,12,FL,Martin,6043,Florida Power & Light Co,6452,Electric Utility,1,934.5,Petroleum Liquids,"Residual fuel oil, heavy fuel oil, Petroleum",Steam turbine,Oil,27.0536,-80.5628,2018-12-15,EIA 860M,2332
2016,12,FL,DeBary,6046,"Duke Energy Florida, LLC",6455,Electric Utility,P1,66.8,Petroleum Liquids,"Distillate fuel oil, light fuel oil, FO2, diesel oil",Combustion turbine,Oil,28.903863,-81.332329,2016-12-15,EIA 860M,2333
2025,9,MA,West Tisbury Generating Facility,6049,Vineyard Reliability LLC,64488,IPP Non-CHP,UN2,2.7,Petroleum Liquids,"Distillate fuel oil, light fuel oil, FO2, diesel oil",Internal combustion engine,Oil,41.392486,-70.620089,2025-09-15,EIA 860M,2334
2025,9,MA,West Tisbury Generating Facility,6049,Vineyard Reliability LLC,64488,IPP Non-CHP,UN1,2.7,Petroleum Liquids,"Distillate fuel oil, light fuel oil, FO2, diesel oil",Internal combustion engine,Oil,41.392486,-70.620089,2025-09-15,EIA 860M,2335
2022,9,GA,Wansley,6052,Georgia Power Co,7140,Electric Utility,1,952.0,Conventional Steam Coal,Bituminous coal,Steam turbine,Coal,33.41342,-85.032329,2022-09-15,EIA 860M,2336
2022,9,GA,Wansley,6052,Georgia Power Co,7140,Electric Utility,2,952.0,Conventional Steam Coal,Bituminous coal,Steam turbine,Coal,33.41342,-85.032329,2022-09-15,EIA 860M,2337
2022,9,GA,Wansley,6052,Georgia Power Co,7140,Electric Utility,5A,52.8,Petroleum Liquids,"Distillate fuel oil, light fuel oil, FO2, diesel oil",Combustion turbine,Oil,33.41342,-85.032329,2022-09-15,EIA 860M,2338
2028,12,HI,Kahului,6056,Maui Electric Co Ltd,11843,Electric Utility,2,4.8,Petroleum Liquids,"Residual fuel oil, heavy fuel oil, Petroleum",Steam turbine,Oil,20.896884,-156.462696,2028-12-15,Electric Power Monthly Table 6.6,2339
2028,12,HI,Kahului,6056,Maui Electric Co Ltd,11843,Electric Utility,1,4.7,Petroleum Liquids,"Residual fuel oil, heavy fuel oil, Petroleum",Steam turbine,Oil,20.896884,-156.462696,2028-12-15,Electric Power Monthly Table 6.6,2340
2028,12,HI,Kahului,6056,Maui Electric Co Ltd,11843,Electric Utility,3,11.0,Petroleum Liquids,"Residual fuel oil, heavy fuel oil, Petroleum",Steam turbine,Oil,20.896884,-156.462696,2028-12-15,Electric Power Monthly Table 6.6,2341
2028,12,HI,Kahului,6056,Maui Electric Co Ltd,11843,Electric Utility,4,11.9,Petroleum Liquids,"Residual fuel oil, heavy fuel oil, Petroleum",Steam turbine,Oil,20.896884,-156.462696,2028-12-15,Electric Power Monthly Table 6.6,2342
2036,12,CT,UI RCP Woodbridge FC,60593,United Illuminating Co,19497,Electric Utility,WBFC,2.2,Other Natural Gas,Natural gas,Fuel cell,Gas,41.358035,-73.007805,2036-12-15,Electric Power Monthly Table 6.6,2343
2018,11,MS,R D Morrow,6061,Cooperative Energy,17568,Electric Utility,2,200.0,Conventional Steam Coal,Bituminous coal,Steam turbine,Coal,31.2186,-89.394,2018-11-15,EIA 860M,2344
2018,11,MS,R D Morrow,6061,Cooperative Energy,17568,Electric Utility,1,200.0,Conventional Steam Coal,Bituminous coal,Steam turbine,Coal,31.2186,-89.394,2018-11-15,EIA 860M,2345
2027,12,MS,Victor J Daniel Jr,6073,Mississippi Power Co,12686,Electric Utility,1,502.0,Conventional Steam Coal,Subbituminous coal,Steam turbine,Coal,30.5322,-88.5553,2027-12-15,Electric Power Monthly Table 6.6,2346
2027,12,MS,Victor J Daniel Jr,6073,Mississippi Power Co,12686,Electric Utility,2,502.0,Conventional Steam Coal,Subbituminous coal,Steam turbine,Coal,30.5322,-88.5553,2027-12-15,Electric Power Monthly Table 6.6,2347
2020,1,MT,Colstrip,6076,Talen Montana LLC,15298,IPP Non-CHP,1,358.0,Conventional Steam Coal,Subbituminous coal,Steam turbine,Coal,45.8831,-106.614,2020-01-15,EIA 860M,2348
2020,1,MT,Colstrip,6076,Talen Montana LLC,15298,IPP Non-CHP,2,358.0,Conventional Steam Coal,Subbituminous coal,Steam turbine,Coal,45.8831,-106.614,2020-01-15,EIA 860M,2349
2020,3,NY,Somerset Operating Co LLC,6082,Somerset Operating Co LLC,22129,IPP Non-CHP,1,655.1,Conventional Steam Coal,Bituminous coal,Steam turbine,Coal,43.358889,-78.604722,2020-03-15,EIA 860M,2350
2021,10,IN,R M Schahfer,6085,Northern Indiana Pub Serv Co,13756,Electric Utility,15,556.4,Conventional Steam Coal,Subbituminous coal,Steam turbine,Coal,41.2164,-87.0261,2021-10-15,EIA 860M,2351
2025,12,IN,R M Schahfer,6085,Northern Indiana Pub Serv Co,13756,Electric Utility,17,361.0,Conventional Steam Coal,Bituminous coal,Steam turbine,Coal,41.2164,-87.0261,2025-12-15,Electric Power Monthly Table 6.6,2352
2021,10,IN,R M Schahfer,6085,Northern Indiana Pub Serv Co,13756,Electric Utility,14,540.0,Conventional Steam Coal,Subbituminous coal,Steam turbine,Coal,41.2164,-87.0261,2021-10-15,EIA 860M,2353
2025,12,IN,R M Schahfer,6085,Northern Indiana Pub Serv Co,13756,Electric Utility,18,361.0,Conventional Steam Coal,Bituminous coal,Steam turbine,Coal,41.2164,-87.0261,2025-12-15,Electric Power Monthly Table 6.6,2354
2021,3,MT,Lewis & Clark,6089,Montana-Dakota Utilities Co,12199,Electric Utility,1,50.0,Conventional Steam Coal,Lignite coal,Steam turbine,Coal,47.6785,-104.15665,2021-03-15,EIA 860M,2355
2010,6,FL,Cape Canaveral,609,Florida Power & Light Co,6452,Electric Utility,1,402.0,Petroleum Liquids,"Residual fuel oil, heavy fuel oil, Petroleum",Steam turbine,Oil,28.4698,-80.7644,2010-06-15,EIA 860M,2356
2010,6,FL,Cape Canaveral,609,Florida Power & Light Co,6452,Electric Utility,2,402.0,Petroleum Liquids,"Residual fuel oil, heavy fuel oil, Petroleum",Steam turbine,Oil,28.4698,-80.7644,2010-06-15,EIA 860M,2357
2023,12,MN,Sherburne County,6090,Northern States Power Co - Minnesota,13781,Electric Utility,2,765.3,Conventional Steam Coal,Subbituminous coal,Steam turbine,Coal,45.3808,-93.8931,2023-12-15,EIA 860M,2358
2034,12,MN,Sherburne County,6090,Northern States Power Co - Minnesota,13781,Electric Utility,3,876.0,Conventional Steam Coal,Subbituminous coal,Steam turbine,Coal,45.3808,-93.8931,2034-12-15,Electric Power Monthly Table 6.6,2359
2026,12,MN,Sherburne County,6090,Northern States Power Co - Minnesota,13781,Electric Utility,1,680.0,Conventional Steam Coal,Subbituminous coal,Steam turbine,Coal,45.3808,-93.8931,2026-12-15,Electric Power Monthly Table 6.6,2360
2019,2,PA,FirstEnergy Bruce Mansfield,6094,FirstEnergy Generation Corp,6526,IPP Non-CHP,2,913.7,Conventional Steam Coal,Refined coal,Steam turbine,Coal,40.6348,-80.4159,2019-02-15,EIA 860M,2361
2019,2,PA,FirstEnergy Bruce Mansfield,6094,FirstEnergy Generation Corp,6526,IPP Non-CHP,1,913.7,Conventional Steam Coal,Refined coal,Steam turbine,Coal,40.6348,-80.4159,2019-02-15,EIA 860M,2362
2019,11,PA,FirstEnergy Bruce Mansfield,6094,FirstEnergy Generation Corp,6526,IPP Non-CHP,3,913.7,Conventional Steam Coal,Refined coal,Steam turbine,Coal,40.6348,-80.4159,2019-11-15,EIA 860M,2363
2012,11,FL,Cutler,610,Florida Power & Light Co,6452,Electric Utility,6,162.0,Natural Gas Steam Turbine,Natural gas,Steam turbine,Gas,25.6321,-80.2989,2012-11-15,EIA 860M,2364
2012,11,FL,Cutler,610,Florida Power & Light Co,6452,Electric Utility,5,74.5,Natural Gas Steam Turbine,Natural gas,Steam turbine,Gas,25.6321,-80.2989,2012-11-15,EIA 860M,2365
2019,7,CA,Pacific Ethanol Stockton Cogen Plant,61027,Pacific Ethanol Stockton,60658,Industrial Non-CHP,PESCT,4.8,Natural Gas Fired Combustion Turbine,Natural gas,Combustion turbine,Gas,37.9418,-121.3383,2019-07-15,EIA 860M,2366
2020,10,OR,Boardman,6106,Portland General Electric Co,15248,Electric Utility,1,642.2,Conventional Steam Coal,Subbituminous coal,Steam turbine,Coal,45.693182,-119.808819,2020-10-15,EIA 860M,2367
2019,4,OH,City of Shelby Electric Distribution,61076,City of Shelby - (OH),17043,Electric Utility,PSG1,1.8,Petroleum Liquids,"Distillate fuel oil, light fuel oil, FO2, diesel oil",Internal combustion engine,Oil,40.896088,-82.66564,2019-04-15,EIA 860M,2368
2011,3,IA,Alliant SBD 9402 Climax,54930,Industrial Energy Applications Inc,361,IPP Non-CHP,5400,1.6,Petroleum Liquids,"Distillate fuel oil, light fuel oil, FO2, diesel oil",Internal combustion engine,Oil,40.58415,-91.42453,2011-03-15,EIA 860M,2369
2011,3,IA,Alliant SBD 9402 Climax,54930,Industrial Energy Applications Inc,361,IPP Non-CHP,5300,1.6,Petroleum Liquids,"Distillate fuel oil, light fuel oil, FO2, diesel oil",Internal combustion engine,Oil,40.58415,-91.42453,2011-03-15,EIA 860M,2370
2011,3,IA,Alliant SBD 9402 Climax,54930,Industrial Energy Applications Inc,361,IPP Non-CHP,5200,1.6,Petroleum Liquids,"Distillate fuel oil, light fuel oil, FO2, diesel oil",Internal combustion engine,Oil,40.58415,-91.42453,2011-03-15,EIA 860M,2371
2011,3,IA,Alliant SBD 9402 Climax,54930,Industrial Energy Applications Inc,361,IPP Non-CHP,5100,1.6,Petroleum Liquids,"Distillate fuel oil, light fuel oil, FO2, diesel oil",Internal combustion engine,Oil,40.58415,-91.42453,2011-03-15,EIA 860M,2372
2022,7,CT,CT Resource Rec Authority Facility,54945,NAES Corp,4426,IPP Non-CHP,NO 5,45.0,Municipal Solid Waste,Municipal solid waste,Steam turbine,Other,41.750521,-72.652982,2022-07-15,EIA 860M,2373
2022,7,CT,CT Resource Rec Authority Facility,54945,NAES Corp,4426,IPP Non-CHP,NO 6,45.0,Municipal Solid Waste,Municipal solid waste,Steam turbine,Other,41.750521,-72.652982,2022-07-15,EIA 860M,2374
2002,1,MI,Cargill Salt,54965,Cargill Inc,2769,Industrial CHP,DCT,1.2,Conventional Steam Coal,Bituminous coal,Steam turbine,Coal,42.8183,-82.4856,2002-01-15,EIA 860M,2375
2021,11,IA,Alliant SBD 9302 Aegon NP,54967,Industrial Energy Applications Inc,361,IPP Non-CHP,7906,1.2,Petroleum Liquids,"Distillate fuel oil, light fuel oil, FO2, diesel oil",Internal combustion engine,Oil,42.0264,-91.7042,2021-11-15,EIA 860M,2376
2003,1,AL,Crestwood Dothan,54985,Crestwood Corp,4468,IPP Non-CHP,P83,5.0,Natural Gas Steam Turbine,Natural gas,Steam turbine,Gas,31.262356,-85.402737,2003-01-15,EIA 860M,2377
2024,7,VA,Wheelabrator Portsmouth,54998,Wheelabrator Environmental Systems,20541,Commercial CHP,1420,20.0,Municipal Solid Waste,Municipal solid waste,Steam turbine,Other,36.8083,-76.3036,2024-07-15,EIA 860M,2378
2024,7,VA,Wheelabrator Portsmouth,54998,Wheelabrator Environmental Systems,20541,Commercial CHP,1430,20.0,Municipal Solid Waste,Municipal solid waste,Steam turbine,Other,36.8083,-76.3036,2024-07-15,EIA 860M,2379
2024,7,VA,Wheelabrator Portsmouth,54998,Wheelabrator Environmental Systems,20541,Commercial CHP,1410,20.0,Municipal Solid Waste,Municipal solid waste,Steam turbine,Other,36.8083,-76.3036,2024-07-15,EIA 860M,2380
2019,8,TX,Yates Gas Plant,55025,Kinder Morgan Yates Operation,49774,Industrial CHP,GEN2,2.8,Natural Gas Fired Combustion Turbine,Natural gas,Combustion turbine,Gas,30.8847,-101.9208,2019-08-15,EIA 860M,2381
2019,4,TX,Yates Gas Plant,55025,Kinder Morgan Yates Operation,49774,Industrial CHP,GEN1,2.8,Natural Gas Fired Combustion Turbine,Natural gas,Combustion turbine,Gas,30.8847,-101.9208,2019-04-15,EIA 860M,2382
2026,6,NE,Papillion Creek Wastewater,55027,City of Omaha,13157,Commercial,953,0.5,Other Waste Biomass,"Other biomass gas (digester gas, methane, and Other biomass gases)",Internal combustion engine,Other,41.0772,-95.87,2026-06-15,Electric Power Monthly Table 6.6,2383
2026,6,NE,Papillion Creek Wastewater,55027,City of Omaha,13157,Commercial,952,0.5,Other Waste Biomass,"Other biomass gas (digester gas, methane, and Other biomass gases)",Internal combustion engine,Other,41.0772,-95.87,2026-06-15,Electric Power Monthly Table 6.6,2384
2026,6,NE,Papillion Creek Wastewater,55027,City of Omaha,13157,Commercial,951,0.5,Other Waste Biomass,"Other biomass gas (digester gas, methane, and Other biomass gases)",Internal combustion engine,Other,41.0772,-95.87,2026-06-15,Electric Power Monthly Table 6.6,2385
2015,7,CA,Sierra Pacific Anderson Facility,55049,Sierra Pacific Industries,17164,Industrial CHP,GEN1,4.0,Wood/Wood Waste Biomass,"Wood, Wood waste solid",Steam turbine,Other,40.4731,-122.3206,2015-07-15,EIA 860M,2386
2005,11,TX,Black Hawk Station,55064,Borger Energy Associates LP,23913,IPP CHP,UNT2,126.9,Natural Gas Fired Combustion Turbine,Natural gas,Combustion turbine,Gas,35.6957,-101.36,2005-11-15,EIA 860M,2387
2016,1,IL,MPEA Energy Center,55067,Metropolitan Pier and Exposition Auth,54704,IPP Non-CHP,GEN3,1.1,Natural Gas Fired Combustion Turbine,Natural gas,Combustion turbine,Gas,41.852709,-87.61851,2016-01-15,EIA 860M,2388
2016,1,IL,MPEA Energy Center,55067,Metropolitan Pier and Exposition Auth,54704,IPP Non-CHP,GEN1,1.1,Natural Gas Fired Combustion Turbine,Natural gas,Combustion turbine,Gas,41.852709,-87.61851,2016-01-15,EIA 860M,2389
2016,1,IL,MPEA Energy Center,55067,Metropolitan Pier and Exposition Auth,54704,IPP Non-CHP,GEN2,1.1,Natural Gas Fired Combustion Turbine,Natural gas,Combustion turbine,Gas,41.852709,-87.61851,2016-01-15,EIA 860M,2390
2027,4,NV,Desert Star Energy Center,55077,Desert Star Energy Center SDG&E,5695,Electric Utility,ED01,140.0,Natural Gas Fired Combined Cycle,Natural gas,Combined cycle,Gas,35.788889,-114.994167,2027-04-15,Electric Power Monthly Table 6.6,2391
2027,4,NV,Desert Star Energy Center,55077,Desert Star Energy Center SDG&E,5695,Electric Utility,ED02,140.0,Natural Gas Fired Combined Cycle,Natural gas,Combined cycle,Gas,35.788889,-114.994167,2027-04-15,Electric Power Monthly Table 6.6,2392
2027,4,NV,Desert Star Energy Center,55077,Desert Star Energy Center SDG&E,5695,Electric Utility,ED03,170.0,Natural Gas Fired Combined Cycle,Natural gas,Combined cycle,Gas,35.788889,-114.994167,2027-04-15,Electric Power Monthly Table 6.6,2393
2020,12,LA,NRG Sterlington Power,55099,NRG Sterlington Power LLC,13886,IPP Non-CHP,01,25.0,Natural Gas Fired Combustion Turbine,Natural gas,Combustion turbine,Gas,32.6889,-92.0811,2020-12-15,EIA 860M,2394
2020,12,LA,NRG Sterlington Power,55099,NRG Sterlington Power LLC,13886,IPP Non-CHP,10,16.0,Natural Gas Fired Combustion Turbine,Natural gas,Combustion turbine,Gas,32.6889,-92.0811,2020-12-15,EIA 860M,2395
2020,12,LA,NRG Sterlington Power,55099,NRG Sterlington Power LLC,13886,IPP Non-CHP,09,17.0,Natural Gas Fired Combustion Turbine,Natural gas,Combustion turbine,Gas,32.6889,-92.0811,2020-12-15,EIA 860M,2396
2020,12,LA,NRG Sterlington Power,55099,NRG Sterlington Power LLC,13886,IPP Non-CHP,08,25.0,Natural Gas Fired Combustion Turbine,Natural gas,Combustion turbine,Gas,32.6889,-92.0811,2020-12-15,EIA 860M,2397
2020,12,LA,NRG Sterlington Power,55099,NRG Sterlington Power LLC,13886,IPP Non-CHP,07,28.7,Natural Gas Fired Combustion Turbine,Natural gas,Combustion turbine,Gas,32.6889,-92.0811,2020-12-15,EIA 860M,2398
2020,12,LA,NRG Sterlington Power,55099,NRG Sterlington Power LLC,13886,IPP Non-CHP,06,21.8,Natural Gas Fired Combustion Turbine,Natural gas,Combustion turbine,Gas,32.6889,-92.0811,2020-12-15,EIA 860M,2399
2020,12,LA,NRG Sterlington Power,55099,NRG Sterlington Power LLC,13886,IPP Non-CHP,04,25.0,Natural Gas Fired Combustion Turbine,Natural gas,Combustion turbine,Gas,32.6889,-92.0811,2020-12-15,EIA 860M,2400
2020,12,LA,NRG Sterlington Power,55099,NRG Sterlington Power LLC,13886,IPP Non-CHP,03,25.0,Natural Gas Fired Combustion Turbine,Natural gas,Combustion turbine,Gas,32.6889,-92.0811,2020-12-15,EIA 860M,2401
2020,12,LA,NRG Sterlington Power,55099,NRG Sterlington Power LLC,13886,IPP Non-CHP,02,25.0,Natural Gas Fired Combustion Turbine,Natural gas,Combustion turbine,Gas,32.6889,-92.0811,2020-12-15,EIA 860M,2402
2020,3,TX,Sabine Cogen,55104,Sabine Cogen LP,16668,IPP CHP,CTG2,37.4,Natural Gas Fired Combined Cycle,Natural gas,Combined cycle,Gas,30.0444,-93.771389,2020-03-15,EIA 860M,2403
2020,3,TX,Sabine Cogen,55104,Sabine Cogen LP,16668,IPP CHP,CTG1,37.4,Natural Gas Fired Combined Cycle,Natural gas,Combined cycle,Gas,30.0444,-93.771389,2020-03-15,EIA 860M,2404
2020,3,TX,Sabine Cogen,55104,Sabine Cogen LP,16668,IPP CHP,STG,31.7,Natural Gas Fired Combined Cycle,Natural gas,Combined cycle,Gas,30.0444,-93.771389,2020-03-15,EIA 860M,2405
2010,7,CA,Aera South Belridge Cogen Facility,55185,AERA Energy LLC,164,Industrial CHP,GENA,3.0,Natural Gas Fired Combustion Turbine,Natural gas,Combustion turbine,Gas,35.4292,-119.6864,2010-07-15,EIA 860M,2406
2010,7,CA,Aera South Belridge Cogen Facility,55185,AERA Energy LLC,164,Industrial CHP,GENB,3.0,Natural Gas Fired Combustion Turbine,Natural gas,Combustion turbine,Gas,35.4292,-119.6864,2010-07-15,EIA 860M,2407
2010,7,CA,Aera South Belridge Cogen Facility,55185,AERA Energy LLC,164,Industrial CHP,GENC,3.0,Natural Gas Fired Combustion Turbine,Natural gas,Combustion turbine,Gas,35.4292,-119.6864,2010-07-15,EIA 860M,2408
2026,7,IL,Elwood Energy LLC,55199,Elwood Energy LLC,5259,IPP,GT4,150.0,Natural Gas Fired Combustion Turbine,Natural gas,Combustion turbine,Gas,41.4388,-88.1236,2026-07-15,Electric Power Monthly Table 6.6,2409
2026,6,IL,Elwood Energy LLC,55199,Elwood Energy LLC,5259,IPP,GT6,150.0,Natural Gas Fired Combustion Turbine,Natural gas,Combustion turbine,Gas,41.4388,-88.1236,2026-06-15,Electric Power Monthly Table 6.6,2410
2025,6,IL,Elwood Energy LLC,55199,Elwood Energy LLC,5259,IPP Non-CHP,GT9,192.0,Natural Gas Fired Combustion Turbine,Natural gas,Combustion turbine,Gas,41.4388,-88.1236,2025-06-15,EIA 860M,2411
2025,6,IL,Elwood Energy LLC,55199,Elwood Energy LLC,5259,IPP Non-CHP,GT8,192.0,Natural Gas Fired Combustion Turbine,Natural gas,Combustion turbine,Gas,41.4388,-88.1236,2025-06-15,EIA 860M,2412
2027,3,TX,Works 4,54364,Vitro Architectural Glass,60538,Industrial,L1G,2.0,Petroleum Liquids,"Distillate fuel oil, light fuel oil, FO2, diesel oil",Internal combustion engine,Oil,34.003489,-98.553539,2027-03-15,Electric Power Monthly Table 6.6,2413
2007,12,FL,Clewiston Sugar House,50482,United States Sugar Corp,19365,Industrial CHP,TG4,6.0,Other Waste Biomass,Agricultural byproduct,Steam turbine,Other,26.7351,-80.9377,2007-12-15,EIA 860M,2414
2023,3,VA,Rockville 1 & 2,56692,Industrial Power Generating Company LLC,55938,IPP Non-CHP,1F,0.3,Petroleum Liquids,"Distillate fuel oil, light fuel oil, FO2, diesel oil",Internal combustion engine,Oil,37.7036,-77.6639,2023-03-15,EIA 860M,2415
2024,3,OH,East Campus Utility Plant,57929,University of Cincinnati,57281,Commercial Non-CHP,STG,1.3,Natural Gas Steam Turbine,Natural gas,Steam turbine,Gas,39.137935,-84.504948,2024-03-15,EIA 860M,2416
2026,7,IL,Elwood Energy LLC,55199,Elwood Energy LLC,5259,IPP,GT1,150.0,Natural Gas Fired Combustion Turbine,Natural gas,Combustion turbine,Gas,41.4388,-88.1236,2026-07-15,Electric Power Monthly Table 6.6,2417
2026,7,IL,Elwood Energy LLC,55199,Elwood Energy LLC,5259,IPP,GT2,150.0,Natural Gas Fired Combustion Turbine,Natural gas,Combustion turbine,Gas,41.4388,-88.1236,2026-07-15,Electric Power Monthly Table 6.6,2418
2026,7,IL,Elwood Energy LLC,55199,Elwood Energy LLC,5259,IPP,GT5,150.0,Natural Gas Fired Combustion Turbine,Natural gas,Combustion turbine,Gas,41.4388,-88.1236,2026-07-15,Electric Power Monthly Table 6.6,2419
2026,7,IL,Elwood Energy LLC,55199,Elwood Energy LLC,5259,IPP,GT3,150.0,Natural Gas Fired Combustion Turbine,Natural gas,Combustion turbine,Gas,41.4388,-88.1236,2026-07-15,Electric Power Monthly Table 6.6,2420
2026,6,IL,Elwood Energy LLC,55199,Elwood Energy LLC,5259,IPP,GT7,150.0,Natural Gas Fired Combustion Turbine,Natural gas,Combustion turbine,Gas,41.4388,-88.1236,2026-06-15,Electric Power Monthly Table 6.6,2421
2023,5,NY,Astoria Gas Turbines,55243,NRG Astoria Gas Turbine Operations Inc,13582,IPP Non-CHP,4-3,41.9,Natural Gas Fired Combustion Turbine,Natural gas,Combustion turbine,Gas,40.787,-73.9048,2023-05-15,EIA 860M,2422
2018,10,NY,Astoria Gas Turbines,55243,NRG Astoria Gas Turbine Operations Inc,13582,IPP Non-CHP,8,16.3,Petroleum Liquids,Kerosene,Combustion turbine,Oil,40.787,-73.9048,2018-10-15,EIA 860M,2423
2002,12,NY,Astoria Gas Turbines,55243,NRG Astoria Gas Turbine Operations Inc,13582,IPP Non-CHP,9,19.2,Petroleum Liquids,Kerosene,Combustion turbine,Oil,40.787,-73.9048,2002-12-15,EIA 860M,2424
2019,5,NY,Astoria Gas Turbines,55243,NRG Astoria Gas Turbine Operations Inc,13582,IPP Non-CHP,11,23.8,Petroleum Liquids,Kerosene,Combustion turbine,Oil,40.787,-73.9048,2019-05-15,EIA 860M,2425
2018,12,NY,Astoria Gas Turbines,55243,NRG Astoria Gas Turbine Operations Inc,13582,IPP Non-CHP,12,23.8,Petroleum Liquids,Kerosene,Combustion turbine,Oil,40.787,-73.9048,2018-12-15,EIA 860M,2426
2018,10,NY,Astoria Gas Turbines,55243,NRG Astoria Gas Turbine Operations Inc,13582,IPP Non-CHP,10,23.8,Petroleum Liquids,Kerosene,Combustion turbine,Oil,40.787,-73.9048,2018-10-15,EIA 860M,2427
2018,12,NY,Astoria Gas Turbines,55243,NRG Astoria Gas Turbine Operations Inc,13582,IPP Non-CHP,7,16.3,Petroleum Liquids,Kerosene,Combustion turbine,Oil,40.787,-73.9048,2018-12-15,EIA 860M,2428
2023,5,NY,Astoria Gas Turbines,55243,NRG Astoria Gas Turbine Operations Inc,13582,IPP Non-CHP,4-4,41.9,Natural Gas Fired Combustion Turbine,Natural gas,Combustion turbine,Gas,40.787,-73.9048,2023-05-15,EIA 860M,2429
2023,5,NY,Astoria Gas Turbines,55243,NRG Astoria Gas Turbine Operations Inc,13582,IPP Non-CHP,3-3,41.9,Natural Gas Fired Combustion Turbine,Natural gas,Combustion turbine,Gas,40.787,-73.9048,2023-05-15,EIA 860M,2430
2023,5,NY,Astoria Gas Turbines,55243,NRG Astoria Gas Turbine Operations Inc,13582,IPP Non-CHP,4-1,41.9,Natural Gas Fired Combustion Turbine,Natural gas,Combustion turbine,Gas,40.787,-73.9048,2023-05-15,EIA 860M,2431
2023,5,NY,Astoria Gas Turbines,55243,NRG Astoria Gas Turbine Operations Inc,13582,IPP Non-CHP,3-4,41.9,Natural Gas Fired Combustion Turbine,Natural gas,Combustion turbine,Gas,40.787,-73.9048,2023-05-15,EIA 860M,2432
2018,12,NY,Astoria Gas Turbines,55243,NRG Astoria Gas Turbine Operations Inc,13582,IPP Non-CHP,5,16.3,Petroleum Liquids,Kerosene,Combustion turbine,Oil,40.787,-73.9048,2018-12-15,EIA 860M,2433
2023,5,NY,Astoria Gas Turbines,55243,NRG Astoria Gas Turbine Operations Inc,13582,IPP Non-CHP,3-2,41.9,Natural Gas Fired Combustion Turbine,Natural gas,Combustion turbine,Gas,40.787,-73.9048,2023-05-15,EIA 860M,2434
2023,5,NY,Astoria Gas Turbines,55243,NRG Astoria Gas Turbine Operations Inc,13582,IPP Non-CHP,3-1,41.9,Natural Gas Fired Combustion Turbine,Natural gas,Combustion turbine,Gas,40.787,-73.9048,2023-05-15,EIA 860M,2435
2023,5,NY,Astoria Gas Turbines,55243,NRG Astoria Gas Turbine Operations Inc,13582,IPP Non-CHP,2-4,41.9,Natural Gas Fired Combustion Turbine,Natural gas,Combustion turbine,Gas,40.787,-73.9048,2023-05-15,EIA 860M,2436
2023,5,NY,Astoria Gas Turbines,55243,NRG Astoria Gas Turbine Operations Inc,13582,IPP Non-CHP,2-3,41.9,Natural Gas Fired Combustion Turbine,Natural gas,Combustion turbine,Gas,40.787,-73.9048,2023-05-15,EIA 860M,2437
2023,5,NY,Astoria Gas Turbines,55243,NRG Astoria Gas Turbine Operations Inc,13582,IPP Non-CHP,2-2,41.9,Natural Gas Fired Combustion Turbine,Natural gas,Combustion turbine,Gas,40.787,-73.9048,2023-05-15,EIA 860M,2438
2023,5,NY,Astoria Gas Turbines,55243,NRG Astoria Gas Turbine Operations Inc,13582,IPP Non-CHP,2-1,41.9,Natural Gas Fired Combustion Turbine,Natural gas,Combustion turbine,Gas,40.787,-73.9048,2023-05-15,EIA 860M,2439
2023,5,NY,Astoria Gas Turbines,55243,NRG Astoria Gas Turbine Operations Inc,13582,IPP Non-CHP,4-2,41.9,Natural Gas Fired Combustion Turbine,Natural gas,Combustion turbine,Gas,40.787,-73.9048,2023-05-15,EIA 860M,2440
2018,12,NY,Astoria Gas Turbines,55243,NRG Astoria Gas Turbine Operations Inc,13582,IPP Non-CHP,13,23.8,Petroleum Liquids,Kerosene,Combustion turbine,Oil,40.787,-73.9048,2018-12-15,EIA 860M,2441
2018,3,IL,Tuscola Station,55245,"DTE Tuscola, LLC",19145,Industrial CHP,TG2,6.0,Natural Gas Steam Turbine,Natural gas,Steam turbine,Gas,39.798175,-88.349771,2018-03-15,EIA 860M,2442
2019,1,IL,Tuscola Station,55245,"DTE Tuscola, LLC",19145,Industrial CHP,TG1,6.0,Natural Gas Steam Turbine,Natural gas,Steam turbine,Gas,39.798175,-88.349771,2019-01-15,EIA 860M,2443
2021,10,IL,Tuscola Station,55245,"DTE Tuscola, LLC",19145,Industrial CHP,TG3,6.0,Natural Gas Steam Turbine,Natural gas,Steam turbine,Gas,39.798175,-88.349771,2021-10-15,EIA 860M,2444
2024,3,IL,Southeast Chicago Energy Project,55281,"Constellation Power, Inc",6035,IPP Non-CHP,GT10,50.9,Natural Gas Fired Combustion Turbine,Natural gas,Combustion turbine,Gas,41.7181,-87.5449,2024-03-15,EIA 860M,2445
2024,3,IL,Southeast Chicago Energy Project,55281,"Constellation Power, Inc",6035,IPP Non-CHP,GT11,50.9,Natural Gas Fired Combustion Turbine,Natural gas,Combustion turbine,Gas,41.7181,-87.5449,2024-03-15,EIA 860M,2446
2024,3,IL,Southeast Chicago Energy Project,55281,"Constellation Power, Inc",6035,IPP Non-CHP,GT05,50.9,Natural Gas Fired Combustion Turbine,Natural gas,Combustion turbine,Gas,41.7181,-87.5449,2024-03-15,EIA 860M,2447
2024,3,IL,Southeast Chicago Energy Project,55281,"Constellation Power, Inc",6035,IPP Non-CHP,GT06,50.9,Natural Gas Fired Combustion Turbine,Natural gas,Combustion turbine,Gas,41.7181,-87.5449,2024-03-15,EIA 860M,2448
2024,3,IL,Southeast Chicago Energy Project,55281,"Constellation Power, Inc",6035,IPP Non-CHP,GT07,50.9,Natural Gas Fired Combustion Turbine,Natural gas,Combustion turbine,Gas,41.7181,-87.5449,2024-03-15,EIA 860M,2449
2024,3,IL,Southeast Chicago Energy Project,55281,"Constellation Power, Inc",6035,IPP Non-CHP,GT08,50.9,Natural Gas Fired Combustion Turbine,Natural gas,Combustion turbine,Gas,41.7181,-87.5449,2024-03-15,EIA 860M,2450
2024,3,IL,Southeast Chicago Energy Project,55281,"Constellation Power, Inc",6035,IPP Non-CHP,GT09,50.9,Natural Gas Fired Combustion Turbine,Natural gas,Combustion turbine,Gas,41.7181,-87.5449,2024-03-15,EIA 860M,2451
2024,3,IL,Southeast Chicago Energy Project,55281,"Constellation Power, Inc",6035,IPP Non-CHP,GT12,50.9,Natural Gas Fired Combustion Turbine,Natural gas,Combustion turbine,Gas,41.7181,-87.5449,2024-03-15,EIA 860M,2452
2023,1,GA,Baconton Power Plant,55304,Baconton Power LLC,2671,IPP Non-CHP,CT4,60.5,Natural Gas Fired Combustion Turbine,Natural gas,Combustion turbine,Gas,31.3869,-84.08,2023-01-15,EIA 860M,2453
2023,1,GA,Baconton Power Plant,55304,Baconton Power LLC,2671,IPP Non-CHP,CT6,60.5,Natural Gas Fired Combustion Turbine,Natural gas,Combustion turbine,Gas,31.3869,-84.08,2023-01-15,EIA 860M,2454
2012,4,TX,Air Products Port Arthur,55309,Air Products LLC,56304,Industrial CHP,GEN2,3.0,Natural Gas Fired Combined Cycle,Natural gas,Combined cycle,Gas,29.866497,-93.96515,2012-04-15,EIA 860M,2455
2007,12,IA,Alliant SBD 9702 Cedar Graphics,55315,Industrial Energy Applications Inc,361,IPP Non-CHP,GEN1,1.0,Petroleum Liquids,"Distillate fuel oil, light fuel oil, FO2, diesel oil",Internal combustion engine,Oil,42.041667,-91.675,2007-12-15,EIA 860M,2456
2010,3,GA,Athens Regional Medical Center,55319,Piedmont Athens Regional Medical Center,38021,Commercial Non-CHP,CU1,0.7,Petroleum Liquids,"Distillate fuel oil, light fuel oil, FO2, diesel oil",Internal combustion engine,Oil,33.9625,-83.3981,2010-03-15,EIA 860M,2457
2013,5,NC,Water Filter Plant #2,55534,City of Morganton - (NC),12944,Electric Utility,3516,1.6,Petroleum Liquids,"Distillate fuel oil, light fuel oil, FO2, diesel oil",Internal combustion engine,Oil,35.737748,-81.7278,2013-05-15,EIA 860M,2458
2013,1,CA,Escondido Energy Center,55538,"Wellhead Services, Inc",20323,IPP Non-CHP,GEN1,44.0,Natural Gas Fired Combustion Turbine,Natural gas,Combustion turbine,Gas,33.1261,-117.1172,2013-01-15,EIA 860M,2459
2018,1,NY,Binghamton Cogen,55600,City of Binghamton,61469,IPP CHP,1,47.7,Natural Gas Fired Combustion Turbine,Natural gas,Combustion turbine,Gas,42.107192,-75.927782,2018-01-15,EIA 860M,2460
2012,4,ND,Walhalla,55638,Archer Daniels Midland Co,772,Industrial CHP,GEN1,2.0,Conventional Steam Coal,Subbituminous coal,Steam turbine,Coal,48.908944,-97.886521,2012-04-15,EIA 860M,2461
2043,12,WA,Chehalis Generating Facility,55662,PacifiCorp,14354,Electric Utility,CT2,160.0,Natural Gas Fired Combined Cycle,Natural gas,Combined cycle,Gas,46.6225,-122.9131,2043-12-15,Electric Power Monthly Table 6.6,2462
2043,12,WA,Chehalis Generating Facility,55662,PacifiCorp,14354,Electric Utility,CA,157.0,Natural Gas Fired Combined Cycle,Natural gas,Combined cycle,Gas,46.6225,-122.9131,2043-12-15,Electric Power Monthly Table 6.6,2463
2043,12,WA,Chehalis Generating Facility,55662,PacifiCorp,14354,Electric Utility,CT1,160.0,Natural Gas Fired Combined Cycle,Natural gas,Combined cycle,Gas,46.6225,-122.9131,2043-12-15,Electric Power Monthly Table 6.6,2464
2020,1,CA,Inland Empire Energy Center,55853,Inland Empire Energy Ctr LLC,9155,IPP Non-CHP,2,409.5,Natural Gas Fired Combined Cycle,Natural gas,Combined cycle,Gas,33.738839,-117.170369,2020-01-15,EIA 860M,2465
2020,1,CA,Inland Empire Energy Center,55853,Inland Empire Energy Ctr LLC,9155,IPP Non-CHP,1,409.5,Natural Gas Fired Combined Cycle,Natural gas,Combined cycle,Gas,33.738839,-117.170369,2020-01-15,EIA 860M,2466
2013,1,CA,Gates Peaker,55875,"Wellhead Services, Inc",20323,IPP Non-CHP,GEN1,46.5,Natural Gas Fired Combustion Turbine,Natural gas,Combustion turbine,Gas,36.152715,-120.148245,2013-01-15,EIA 860M,2467
2013,3,GA,Kamin LLC Wrens Mine,55961,Kamin LLC,56024,Industrial Non-CHP,WM1,1.0,Petroleum Liquids,"Distillate fuel oil, light fuel oil, FO2, diesel oil",Internal combustion engine,Oil,33.3319,-82.4522,2013-03-15,EIA 860M,2468
2013,3,GA,Kamin LLC Wrens Mine,55961,Kamin LLC,56024,Industrial Non-CHP,WM2,1.0,Petroleum Liquids,"Distillate fuel oil, light fuel oil, FO2, diesel oil",Internal combustion engine,Oil,33.3319,-82.4522,2013-03-15,EIA 860M,2469
2022,3,OK,Stillwater Water Treatment Plant,55987,Stillwater Utilities Authority,18125,Electric Utility,6,2.0,Petroleum Liquids,"Distillate fuel oil, light fuel oil, FO2, diesel oil",Internal combustion engine,Oil,36.2039,-97.0739,2022-03-15,EIA 860M,2470
2022,12,WI,Danbury Diesel,55998,Northwestern Wisconsin Elec Co,13815,Electric Utility,IC1,0.5,Petroleum Liquids,"Distillate fuel oil, light fuel oil, FO2, diesel oil",Internal combustion engine,Oil,46.002834,-92.371377,2022-12-15,EIA 860M,2471
2022,12,WI,Danbury Diesel,55998,Northwestern Wisconsin Elec Co,13815,Electric Utility,GT1,6.7,Petroleum Liquids,"Distillate fuel oil, light fuel oil, FO2, diesel oil",Combustion turbine,Oil,46.002834,-92.371377,2022-12-15,EIA 860M,2472
2022,4,NE,Western Sugar Coop - Scottsbluff,57937,Western Sugar Cooperative,57315,Industrial CHP,SCBF,5.3,Natural Gas Steam Turbine,Natural gas,Steam turbine,Gas,41.85887,-103.63438,2022-04-15,EIA 860M,2473
2019,9,OH,Wausau Paper Middletown,57940,Wausau Paper Middletown,57317,Industrial CHP,G3,7.5,Conventional Steam Coal,Bituminous coal,Steam turbine,Coal,39.519989,-84.406153,2019-09-15,EIA 860M,2474
2017,12,FL,Clewiston Sugar House,50482,United States Sugar Corp,19365,Industrial CHP,TG5,21.6,Other Waste Biomass,Agricultural byproduct,Steam turbine,Other,26.7351,-80.9377,2017-12-15,EIA 860M,2475
2018,1,TX,Works 4,54364,Vitro Architectural Glass,60538,Industrial Non-CHP,L2PG,1.1,Petroleum Liquids,"Distillate fuel oil, light fuel oil, FO2, diesel oil",Internal combustion engine,Oil,34.003489,-98.553539,2018-01-15,EIA 860M,2476
2023,3,VA,Rockville 1 & 2,56692,Industrial Power Generating Company LLC,55938,IPP Non-CHP,1D,0.3,Petroleum Liquids,"Distillate fuel oil, light fuel oil, FO2, diesel oil",Internal combustion engine,Oil,37.7036,-77.6639,2023-03-15,EIA 860M,2477
2019,2,WY,Western Sugar Coop - Torrington,57967,Western Sugar Cooperative,57315,Industrial CHP,GEGEN,2.0,Natural Gas Steam Turbine,Natural gas,Steam turbine,Gas,42.0469,-104.1863,2019-02-15,EIA 860M,2478
2027,6,CA,SF Southeast Cogen Plant,57971,City & County of San Francisco,16612,Commercial,COGEN,1.5,Other Waste Biomass,"Other biomass gas (digester gas, methane, and Other biomass gases)",Internal combustion engine,Other,37.739722,-122.3925,2027-06-15,Electric Power Monthly Table 6.6,2479
2021,11,PA,Vitro Architectural Glass (PA),58051,Vitro Architectural Glass (PA),57425,Industrial Non-CHP,L1,2.0,Petroleum Liquids,"Distillate fuel oil, light fuel oil, FO2, diesel oil",Internal combustion engine,Oil,40.126389,-77.164444,2021-11-15,EIA 860M,2480
2021,8,CA,"Irwindale Brew Yard, LLC",58056,"Irwindale Brew Yard, LLC",63952,Industrial Non-CHP,JEN2,0.5,Other Waste Biomass,"Other biomass gas (digester gas, methane, and Other biomass gases)",Internal combustion engine,Other,34.121667,-117.938333,2021-08-15,EIA 860M,2481
2022,12,CA,Paramount Refinery,58058,Paramount Petroleum Corporation,57438,Industrial CHP,1,6.7,Natural Gas Fired Combustion Turbine,Natural gas,Combustion turbine,Gas,33.9,-118.151389,2022-12-15,EIA 860M,2482
2017,1,IN,SABIC Innovative Plastics Mt. Vernon,58063,"SABIC IP Mt. Vernon, LLC",57440,Industrial CHP,1,5.5,Conventional Steam Coal,Bituminous coal,Steam turbine,Coal,37.910278,-87.926111,2017-01-15,EIA 860M,2483
2020,2,CA,Fullerton Mill CHP,58083,Kimberly-Clark Worldwide Inc,57463,Industrial CHP,GTG1,19.0,Natural Gas Fired Combined Cycle,Natural gas,Combined cycle,Gas,33.861667,-117.893056,2020-02-15,EIA 860M,2484
2020,2,CA,Fullerton Mill CHP,58083,Kimberly-Clark Worldwide Inc,57463,Industrial CHP,STG1,2.0,Natural Gas Fired Combined Cycle,Natural gas,Combined cycle,Gas,33.861667,-117.893056,2020-02-15,EIA 860M,2485
2023,5,CT,North Main Street,581,City of Norwich - (CT),13831,Electric Utility,5,19.0,Petroleum Liquids,"Distillate fuel oil, light fuel oil, FO2, diesel oil",Combustion turbine,Oil,41.52679,-72.064935,2023-05-15,EIA 860M,2486
2013,4,OR,Georgia-Pacific Toledo Mill,58109,Georgia-Pacific Toledo LLC,57492,Industrial CHP,TG1,18.5,Wood/Wood Waste Biomass,Black liquor,Steam turbine,Other,44.611944,-123.931944,2013-04-15,EIA 860M,2487
2034,12,NM,Quay County,58125,Southwestern Public Service Co,17718,Electric Utility,1,17.0,Petroleum Liquids,"Distillate fuel oil, light fuel oil, FO2, diesel oil",Combustion turbine,Oil,35.182778,-103.731111,2034-12-15,Electric Power Monthly Table 6.6,2488
2022,9,ID,Rock Creek Dairy,58142,New Energy One LLC,58098,IPP Non-CHP,CHP2,1.6,Other Waste Biomass,"Other biomass gas (digester gas, methane, and Other biomass gases)",Internal combustion engine,Other,42.500278,-114.615,2022-09-15,EIA 860M,2489
2022,9,ID,Rock Creek Dairy,58142,New Energy One LLC,58098,IPP Non-CHP,CHP1,1.6,Other Waste Biomass,"Other biomass gas (digester gas, methane, and Other biomass gases)",Internal combustion engine,Other,42.500278,-114.615,2022-09-15,EIA 860M,2490
2021,4,TX,Central Utility Plant - Texas A&M,58151,"Texas A&M, Utilities & Energy Services",58113,Commercial CHP,STG04,5.0,Natural Gas Fired Combined Cycle,Natural gas,Combined cycle,Gas,30.617778,-96.343333,2021-04-15,EIA 860M,2491
2015,12,NY,Mercy Medical Center,58163,Mercy Medical Center,58133,Commercial Non-CHP,2,0.4,Petroleum Liquids,"Distillate fuel oil, light fuel oil, FO2, diesel oil",Internal combustion engine,Oil,40.688333,-73.630833,2015-12-15,EIA 860M,2492
2018,12,NY,Mercy Medical Center,58163,Mercy Medical Center,58133,Commercial Non-CHP,3,0.4,Petroleum Liquids,"Distillate fuel oil, light fuel oil, FO2, diesel oil",Internal combustion engine,Oil,40.688333,-73.630833,2018-12-15,EIA 860M,2493
2020,9,NY,Mercy Medical Center,58163,Mercy Medical Center,58133,Commercial Non-CHP,1,0.1,Petroleum Liquids,"Distillate fuel oil, light fuel oil, FO2, diesel oil",Internal combustion engine,Oil,40.688333,-73.630833,2020-09-15,EIA 860M,2494
2020,10,NY,Mercy Medical Center,58163,Mercy Medical Center,58133,Commercial Non-CHP,6,0.2,Petroleum Liquids,"Distillate fuel oil, light fuel oil, FO2, diesel oil",Internal combustion engine,Oil,40.688333,-73.630833,2020-10-15,EIA 860M,2495
2020,10,NY,Mercy Medical Center,58163,Mercy Medical Center,58133,Commercial Non-CHP,4,0.7,Petroleum Liquids,"Distillate fuel oil, light fuel oil, FO2, diesel oil",Internal combustion engine,Oil,40.688333,-73.630833,2020-10-15,EIA 860M,2496
2020,7,NY,Mercy Medical Center,58163,Mercy Medical Center,58133,Commercial Non-CHP,7,0.3,Petroleum Liquids,"Distillate fuel oil, light fuel oil, FO2, diesel oil",Internal combustion engine,Oil,40.688333,-73.630833,2020-07-15,EIA 860M,2497
2020,12,NY,Mercy Medical Center,58163,Mercy Medical Center,58133,Commercial Non-CHP,5,0.3,Petroleum Liquids,"Distillate fuel oil, light fuel oil, FO2, diesel oil",Internal combustion engine,Oil,40.688333,-73.630833,2020-12-15,EIA 860M,2498
2016,11,TN,MTSU Power Co-Gen Plant,58179,Middle Tennessee State University,58100,Commercial CHP,SG-01,2.0,Petroleum Liquids,"Distillate fuel oil, light fuel oil, FO2, diesel oil",Internal combustion engine,Oil,35.851389,-86.365,2016-11-15,EIA 860M,2499
2016,11,TN,MTSU Power Co-Gen Plant,58179,Middle Tennessee State University,58100,Commercial CHP,SG-02,2.0,Petroleum Liquids,"Distillate fuel oil, light fuel oil, FO2, diesel oil",Internal combustion engine,Oil,35.851389,-86.365,2016-11-15,EIA 860M,2500
2016,11,TN,MTSU Power Co-Gen Plant,58179,Middle Tennessee State University,58100,Commercial CHP,SG-03,2.0,Petroleum Liquids,"Distillate fuel oil, light fuel oil, FO2, diesel oil",Internal combustion engine,Oil,35.851389,-86.365,2016-11-15,EIA 860M,2501
2016,11,TN,MTSU Power Co-Gen Plant,58179,Middle Tennessee State University,58100,Commercial CHP,SG-05,2.0,Petroleum Liquids,"Distillate fuel oil, light fuel oil, FO2, diesel oil",Internal combustion engine,Oil,35.851389,-86.365,2016-11-15,EIA 860M,2502
2016,11,TN,MTSU Power Co-Gen Plant,58179,Middle Tennessee State University,58100,Commercial CHP,SG-04,2.0,Petroleum Liquids,"Distillate fuel oil, light fuel oil, FO2, diesel oil",Internal combustion engine,Oil,35.851389,-86.365,2016-11-15,EIA 860M,2503
2013,6,KS,Prairie Horizon Agri Energy,58183,Prairie Horizon Agri Energy LLC,58157,Industrial CHP,T5687,1.8,Natural Gas Steam Turbine,Natural gas,Steam turbine,Gas,39.761111,-99.305833,2013-06-15,EIA 860M,2504
2021,6,MA,Amherst College Co Gen,58185,Amherst College,58152,Commercial CHP,STG,0.5,Natural Gas Steam Turbine,Natural gas,Steam turbine,Gas,42.371667,-72.512222,2021-06-15,EIA 860M,2505
2015,3,PA,West Campus Steam Plant,58194,Penn State University,58159,Commercial CHP,WC 3,3.5,Conventional Steam Coal,Bituminous coal,Steam turbine,Coal,40.792778,-77.864722,2015-03-15,EIA 860M,2506
2015,3,PA,West Campus Steam Plant,58194,Penn State University,58159,Commercial CHP,WC 2,2.5,Conventional Steam Coal,Bituminous coal,Steam turbine,Coal,40.792778,-77.864722,2015-03-15,EIA 860M,2507
2027,8,MI,Cargill Salt Hersey,58196,Cargill Salt Hersey,58170,Industrial,ST1,2.1,Natural Gas Steam Turbine,Natural gas,Steam turbine,Gas,43.834167,-85.355833,2027-08-15,Electric Power Monthly Table 6.6,2508
2020,8,LA,Burnside Alumina Plant,58200,Almatis Burnside Inc.,58173,Industrial CHP,GEN2,4.0,Natural Gas Steam Turbine,Natural gas,Steam turbine,Gas,30.134167,-90.9175,2020-08-15,EIA 860M,2509
2020,8,LA,Burnside Alumina Plant,58200,Almatis Burnside Inc.,58173,Industrial CHP,GEN3,4.0,Natural Gas Steam Turbine,Natural gas,Steam turbine,Gas,30.134167,-90.9175,2020-08-15,EIA 860M,2510
2020,8,LA,Burnside Alumina Plant,58200,Almatis Burnside Inc.,58173,Industrial CHP,GEN1,4.0,Natural Gas Steam Turbine,Natural gas,Steam turbine,Gas,30.134167,-90.9175,2020-08-15,EIA 860M,2511
2012,10,SC,Buzzard Roost GT,58212,"Duke Energy Carolinas, LLC",5416,Electric Utility,13,17.8,Natural Gas Fired Combustion Turbine,Natural gas,Combustion turbine,Gas,34.171389,-81.911667,2012-10-15,EIA 860M,2512
2012,10,SC,Buzzard Roost GT,58212,"Duke Energy Carolinas, LLC",5416,Electric Utility,10,17.8,Natural Gas Fired Combustion Turbine,Natural gas,Combustion turbine,Gas,34.171389,-81.911667,2012-10-15,EIA 860M,2513
2012,10,SC,Buzzard Roost GT,58212,"Duke Energy Carolinas, LLC",5416,Electric Utility,11,17.8,Natural Gas Fired Combustion Turbine,Natural gas,Combustion turbine,Gas,34.171389,-81.911667,2012-10-15,EIA 860M,2514
2023,12,VA,Rockville 1 & 2,56692,Industrial Power Generating Company LLC,55938,IPP Non-CHP,1M,0.3,Petroleum Liquids,"Distillate fuel oil, light fuel oil, FO2, diesel oil",Internal combustion engine,Oil,37.7036,-77.6639,2023-12-15,EIA 860M,2515
2014,1,WY,Sinclair Oil Refinery,54374,HF Sinclair Parco Refining LLC,24205,Industrial CHP,NO1,0.4,Natural Gas Steam Turbine,Natural gas,Steam turbine,Gas,41.77952,-107.10972,2014-01-15,EIA 860M,2516
2006,5,FL,Clewiston Sugar House,50482,United States Sugar Corp,19365,Industrial CHP,DGS,1.0,Petroleum Liquids,"Distillate fuel oil, light fuel oil, FO2, diesel oil",Internal combustion engine,Oil,26.7351,-80.9377,2006-05-15,EIA 860M,2517
2012,10,SC,Buzzard Roost GT,58212,"Duke Energy Carolinas, LLC",5416,Electric Utility,12,17.8,Natural Gas Fired Combustion Turbine,Natural gas,Combustion turbine,Gas,34.171389,-81.911667,2012-10-15,EIA 860M,2518
2007,12,FL,Clewiston Sugar House,50482,United States Sugar Corp,19365,Industrial CHP,TG3,3.1,Other Waste Biomass,Agricultural byproduct,Steam turbine,Other,26.7351,-80.9377,2007-12-15,EIA 860M,2519
2007,11,CT,Devon Station,544,Devon Power LLC,22350,IPP Non-CHP,7,103.5,Petroleum Liquids,"Residual fuel oil, heavy fuel oil, Petroleum",Steam turbine,Oil,41.209797,-73.108976,2007-11-15,EIA 860M,2520
2004,1,FL,Clewiston Sugar House,50482,United States Sugar Corp,19365,Industrial CHP,TG2,3.5,Other Waste Biomass,Agricultural byproduct,Steam turbine,Other,26.7351,-80.9377,2004-01-15,EIA 860M,2521
2012,10,SC,Buzzard Roost GT,58212,"Duke Energy Carolinas, LLC",5416,Electric Utility,6,22.7,Natural Gas Fired Combustion Turbine,Natural gas,Combustion turbine,Gas,34.171389,-81.911667,2012-10-15,EIA 860M,2522
2007,11,CT,Devon Station,544,Devon Power LLC,22350,IPP Non-CHP,8,103.5,Petroleum Liquids,"Residual fuel oil, heavy fuel oil, Petroleum",Steam turbine,Oil,41.209797,-73.108976,2007-11-15,EIA 860M,2523
2004,1,FL,Clewiston Sugar House,50482,United States Sugar Corp,19365,Industrial CHP,TG1,5.0,Other Waste Biomass,Agricultural byproduct,Steam turbine,Other,26.7351,-80.9377,2004-01-15,EIA 860M,2524
2023,3,VA,Rockville 1 & 2,56692,Industrial Power Generating Company LLC,55938,IPP Non-CHP,1C,0.3,Petroleum Liquids,"Distillate fuel oil, light fuel oil, FO2, diesel oil",Internal combustion engine,Oil,37.7036,-77.6639,2023-03-15,EIA 860M,2525
2012,10,SC,Buzzard Roost GT,58212,"Duke Energy Carolinas, LLC",5416,Electric Utility,7,22.7,Natural Gas Fired Combustion Turbine,Natural gas,Combustion turbine,Gas,34.171389,-81.911667,2012-10-15,EIA 860M,2526
2011,5,WI,Capitol Heat and Power,54406,State of Wisconsin,18028,Commercial Non-CHP,2,1.5,Natural Gas Steam Turbine,Natural gas,Steam turbine,Gas,43.078512,-89.377261,2011-05-15,EIA 860M,2527
2018,9,WV,Axiall Natrium Plant,50491,Westlake Chemical Natrium Plant,60586,Industrial CHP,GEN3,7.5,Natural Gas Steam Turbine,Natural gas,Steam turbine,Gas,39.7475,-80.8547,2018-09-15,EIA 860M,2528
2023,3,VA,Rockville 1 & 2,56692,Industrial Power Generating Company LLC,55938,IPP Non-CHP,1B,0.3,Petroleum Liquids,"Distillate fuel oil, light fuel oil, FO2, diesel oil",Internal combustion engine,Oil,37.7036,-77.6639,2023-03-15,EIA 860M,2529
2012,10,SC,Buzzard Roost GT,58212,"Duke Energy Carolinas, LLC",5416,Electric Utility,8,22.7,Natural Gas Fired Combustion Turbine,Natural gas,Combustion turbine,Gas,34.171389,-81.911667,2012-10-15,EIA 860M,2530
2011,5,WI,Capitol Heat and Power,54406,State of Wisconsin,18028,Commercial Non-CHP,1,1.5,Natural Gas Steam Turbine,Natural gas,Steam turbine,Gas,43.078512,-89.377261,2011-05-15,EIA 860M,2531
2018,6,NJ,Bayonne Plant Holding LLC,50497,"Morris Energy Operations Company, LLC",56516,IPP CHP,STG1,61.4,Natural Gas Fired Combined Cycle,Natural gas,Combined cycle,Gas,40.655325,-74.112442,2018-06-15,EIA 860M,2532
2023,3,VA,Rockville 1 & 2,56692,Industrial Power Generating Company LLC,55938,IPP Non-CHP,1A,0.3,Petroleum Liquids,"Distillate fuel oil, light fuel oil, FO2, diesel oil",Internal combustion engine,Oil,37.7036,-77.6639,2023-03-15,EIA 860M,2533
2012,10,SC,Buzzard Roost GT,58212,"Duke Energy Carolinas, LLC",5416,Electric Utility,9,22.7,Natural Gas Fired Combustion Turbine,Natural gas,Combustion turbine,Gas,34.171389,-81.911667,2012-10-15,EIA 860M,2534
2015,10,CA,Western Power & Steam Inc,54410,Western Power and Steam II LLC,63997,Industrial CHP,STG,8.3,Natural Gas Fired Combined Cycle,Natural gas,Combined cycle,Gas,35.440539,-119.012861,2015-10-15,EIA 860M,2535
2018,6,NJ,Bayonne Plant Holding LLC,50497,"Morris Energy Operations Company, LLC",56516,IPP CHP,GTG3,43.4,Natural Gas Fired Combined Cycle,Natural gas,Combined cycle,Gas,40.655325,-74.112442,2018-06-15,EIA 860M,2536
2012,10,SC,Buzzard Roost GT,58212,"Duke Energy Carolinas, LLC",5416,Electric Utility,14,17.8,Natural Gas Fired Combustion Turbine,Natural gas,Combustion turbine,Gas,34.171389,-81.911667,2012-10-15,EIA 860M,2537
2023,12,VA,Rockville 1 & 2,56692,Industrial Power Generating Company LLC,55938,IPP Non-CHP,2U,0.3,Petroleum Liquids,"Distillate fuel oil, light fuel oil, FO2, diesel oil",Internal combustion engine,Oil,37.7036,-77.6639,2023-12-15,EIA 860M,2538
2012,10,SC,Buzzard Roost GT,58212,"Duke Energy Carolinas, LLC",5416,Electric Utility,15,17.8,Natural Gas Fired Combustion Turbine,Natural gas,Combustion turbine,Gas,34.171389,-81.911667,2012-10-15,EIA 860M,2539
2023,12,VA,Rockville 1 & 2,56692,Industrial Power Generating Company LLC,55938,IPP Non-CHP,2T,0.3,Petroleum Liquids,"Distillate fuel oil, light fuel oil, FO2, diesel oil",Internal combustion engine,Oil,37.7036,-77.6639,2023-12-15,EIA 860M,2540
2021,11,WI,GL Dairy Biogas,58219,GL Dairy Biogas LLC,58186,IPP Non-CHP,1426,1.4,Other Waste Biomass,"Other biomass gas (digester gas, methane, and Other biomass gases)",Internal combustion engine,Other,43.124444,-89.545,2021-11-15,EIA 860M,2541
2023,12,VA,Rockville 1 & 2,56692,Industrial Power Generating Company LLC,55938,IPP Non-CHP,2N,0.3,Petroleum Liquids,"Distillate fuel oil, light fuel oil, FO2, diesel oil",Internal combustion engine,Oil,37.7036,-77.6639,2023-12-15,EIA 860M,2542
2021,6,WI,GL Dairy Biogas,58219,GL Dairy Biogas LLC,58186,IPP Non-CHP,633,0.6,Other Waste Biomass,"Other biomass gas (digester gas, methane, and Other biomass gases)",Internal combustion engine,Other,43.124444,-89.545,2021-06-15,EIA 860M,2543
2023,12,VA,Rockville 1 & 2,56692,Industrial Power Generating Company LLC,55938,IPP Non-CHP,2S,0.3,Petroleum Liquids,"Distillate fuel oil, light fuel oil, FO2, diesel oil",Internal combustion engine,Oil,37.7036,-77.6639,2023-12-15,EIA 860M,2544
2023,9,CA,CBS Television City,58253,"Televison City Studios, LLC.",63330,Commercial Non-CHP,GEN2,0.4,Other Natural Gas,Natural gas,Fuel cell,Gas,34.075,-118.36,2023-09-15,EIA 860M,2545
2023,12,VA,Rockville 1 & 2,56692,Industrial Power Generating Company LLC,55938,IPP Non-CHP,2R,0.3,Petroleum Liquids,"Distillate fuel oil, light fuel oil, FO2, diesel oil",Internal combustion engine,Oil,37.7036,-77.6639,2023-12-15,EIA 860M,2546
2023,9,CA,CBS Television City,58253,"Televison City Studios, LLC.",63330,Commercial Non-CHP,GEN3,0.4,Other Natural Gas,Natural gas,Fuel cell,Gas,34.075,-118.36,2023-09-15,EIA 860M,2547
2023,12,VA,Rockville 1 & 2,56692,Industrial Power Generating Company LLC,55938,IPP Non-CHP,2D,0.3,Petroleum Liquids,"Distillate fuel oil, light fuel oil, FO2, diesel oil",Internal combustion engine,Oil,37.7036,-77.6639,2023-12-15,EIA 860M,2548
2023,9,CA,CBS Television City,58253,"Televison City Studios, LLC.",63330,Commercial Non-CHP,GEN4,0.4,Other Natural Gas,Natural gas,Fuel cell,Gas,34.075,-118.36,2023-09-15,EIA 860M,2549
2023,12,VA,Rockville 1 & 2,56692,Industrial Power Generating Company LLC,55938,IPP Non-CHP,2C,0.3,Petroleum Liquids,"Distillate fuel oil, light fuel oil, FO2, diesel oil",Internal combustion engine,Oil,37.7036,-77.6639,2023-12-15,EIA 860M,2550
2018,1,IA,NCAH Central Utility Plant,58265,National Centers for Animal Health,58247,Commercial CHP,S-7A,1.0,Natural Gas Fired Combustion Turbine,Natural gas,Combustion turbine,Gas,42.046111,-93.579444,2018-01-15,EIA 860M,2551
2023,12,VA,Rockville 1 & 2,56692,Industrial Power Generating Company LLC,55938,IPP Non-CHP,2B,0.3,Petroleum Liquids,"Distillate fuel oil, light fuel oil, FO2, diesel oil",Internal combustion engine,Oil,37.7036,-77.6639,2023-12-15,EIA 860M,2552
2014,9,IA,NCAH Central Utility Plant,58265,National Centers for Animal Health,58247,Commercial CHP,EP-2,0.6,Petroleum Liquids,"Distillate fuel oil, light fuel oil, FO2, diesel oil",Internal combustion engine,Oil,42.046111,-93.579444,2014-09-15,EIA 860M,2553
2023,8,IA,NCAH Central Utility Plant,58265,National Centers for Animal Health,58247,Commercial CHP,EP-6,0.8,Petroleum Liquids,"Distillate fuel oil, light fuel oil, FO2, diesel oil",Internal combustion engine,Oil,42.046111,-93.579444,2023-08-15,EIA 860M,2554
2018,6,NJ,Bayonne Plant Holding LLC,50497,"Morris Energy Operations Company, LLC",56516,IPP CHP,GTG2,43.4,Natural Gas Fired Combined Cycle,Natural gas,Combined cycle,Gas,40.655325,-74.112442,2018-06-15,EIA 860M,2555
2010,11,IA,John Deere Dubuque Works,54414,John Deere Dubuque Works,9765,Industrial Non-CHP,GEN2,3.5,Conventional Steam Coal,Bituminous coal,Steam turbine,Coal,42.5734,-90.6926,2010-11-15,EIA 860M,2556
2023,12,CA,Roll Delano 2,58296,Bloom Energy,57128,IPP Non-CHP,ROL6,1.6,Other Natural Gas,Natural gas,Fuel cell,Gas,35.739722,-119.238056,2023-12-15,EIA 860M,2557
2010,11,IA,John Deere Dubuque Works,54414,John Deere Dubuque Works,9765,Industrial Non-CHP,GEN4,7.5,Conventional Steam Coal,Bituminous coal,Steam turbine,Coal,42.5734,-90.6926,2010-11-15,EIA 860M,2558
2018,6,NJ,Bayonne Plant Holding LLC,50497,"Morris Energy Operations Company, LLC",56516,IPP CHP,GTG1,43.4,Natural Gas Fired Combined Cycle,Natural gas,Combined cycle,Gas,40.655325,-74.112442,2018-06-15,EIA 860M,2559
2023,12,VA,Rockville 1 & 2,56692,Industrial Power Generating Company LLC,55938,IPP Non-CHP,2A,0.3,Petroleum Liquids,"Distillate fuel oil, light fuel oil, FO2, diesel oil",Internal combustion engine,Oil,37.7036,-77.6639,2023-12-15,EIA 860M,2560
2023,12,CA,Roll Lost Hills,58298,Bloom Energy,57128,IPP Non-CHP,ROL3,1.1,Other Natural Gas,Natural gas,Fuel cell,Gas,35.653056,-119.889722,2023-12-15,EIA 860M,2561
2016,12,FL,Fort Myers,612,Florida Power & Light Co,6452,Electric Utility,G10,62.0,Petroleum Liquids,"Distillate fuel oil, light fuel oil, FO2, diesel oil",Combustion turbine,Oil,26.6967,-81.7831,2016-12-15,EIA 860M,2562
2009,10,IA,John Deere Dubuque Works,54414,John Deere Dubuque Works,9765,Industrial Non-CHP,GEN3,3.0,Conventional Steam Coal,Bituminous coal,Steam turbine,Coal,42.5734,-90.6926,2009-10-15,EIA 860M,2563
2021,3,CT,Capitol District Energy Center,50498,Capitol District Energy Center,2956,IPP CHP,GTG,39.8,Natural Gas Fired Combined Cycle,Natural gas,Combined cycle,Gas,41.7639,-72.6925,2021-03-15,EIA 860M,2564
2023,12,VA,Rockville 1 & 2,56692,Industrial Power Generating Company LLC,55938,IPP Non-CHP,1O,0.3,Petroleum Liquids,"Distillate fuel oil, light fuel oil, FO2, diesel oil",Internal combustion engine,Oil,37.7036,-77.6639,2023-12-15,EIA 860M,2565
2020,9,CA,Xilinx San Jose,58299,Bloom Energy,57128,IPP Non-CHP,XLX,1.1,Other Natural Gas,Natural gas,Fuel cell,Gas,37.252778,-121.934167,2020-09-15,EIA 860M,2566
2016,12,FL,Fort Myers,612,Florida Power & Light Co,6452,Electric Utility,8,62.0,Petroleum Liquids,"Distillate fuel oil, light fuel oil, FO2, diesel oil",Combustion turbine,Oil,26.6967,-81.7831,2016-12-15,EIA 860M,2567
2020,2,MI,Cadillac Renewable Energy,54415,Cadillac Renewable Energy LLC,55600,IPP Non-CHP,GEN1,44.0,Wood/Wood Waste Biomass,"Wood, Wood waste solid",Steam turbine,Other,44.26169,-85.435224,2020-02-15,EIA 860M,2568
2021,3,CT,Capitol District Energy Center,50498,Capitol District Energy Center,2956,IPP CHP,STG,30.7,Natural Gas Fired Combined Cycle,Natural gas,Combined cycle,Gas,41.7639,-72.6925,2021-03-15,EIA 860M,2569
2023,12,VA,Rockville 1 & 2,56692,Industrial Power Generating Company LLC,55938,IPP Non-CHP,2Q,0.3,Petroleum Liquids,"Distillate fuel oil, light fuel oil, FO2, diesel oil",Internal combustion engine,Oil,37.7036,-77.6639,2023-12-15,EIA 860M,2570
2023,3,CA,Honda Torrance,58300,Bloom Energy,57128,IPP Non-CHP,HON,1.1,Other Natural Gas,Natural gas,Fuel cell,Gas,33.838056,-118.315,2023-03-15,EIA 860M,2571
2016,12,FL,Fort Myers,612,Florida Power & Light Co,6452,Electric Utility,7,62.0,Petroleum Liquids,"Distillate fuel oil, light fuel oil, FO2, diesel oil",Combustion turbine,Oil,26.6967,-81.7831,2016-12-15,EIA 860M,2572
2011,7,AK,Unisea G 2,54422,Unisea Inc,19553,Industrial Non-CHP,CAT2,0.9,Petroleum Liquids,"Distillate fuel oil, light fuel oil, FO2, diesel oil",Internal combustion engine,Oil,53.8796,-166.5532,2011-07-15,EIA 860M,2573
2025,11,CA,Equilon Los Angeles Refining,50530,Tesoro Refining and Marketing Company,55985,Industrial,GEN1,25.2,Other Gases,Other gas,Combustion turbine,Gas,33.791667,-118.234722,2025-11-15,Electric Power Monthly Table 6.6,2574
2023,12,VA,Rockville 1 & 2,56692,Industrial Power Generating Company LLC,55938,IPP Non-CHP,2P,0.3,Petroleum Liquids,"Distillate fuel oil, light fuel oil, FO2, diesel oil",Internal combustion engine,Oil,37.7036,-77.6639,2023-12-15,EIA 860M,2575
2016,12,FL,Fort Myers,612,Florida Power & Light Co,6452,Electric Utility,GT2,62.0,Petroleum Liquids,"Distillate fuel oil, light fuel oil, FO2, diesel oil",Combustion turbine,Oil,26.6967,-81.7831,2016-12-15,EIA 860M,2576
2016,12,FL,Fort Myers,612,Florida Power & Light Co,6452,Electric Utility,5,62.0,Petroleum Liquids,"Distillate fuel oil, light fuel oil, FO2, diesel oil",Combustion turbine,Oil,26.6967,-81.7831,2016-12-15,EIA 860M,2577
2016,12,FL,Fort Myers,612,Florida Power & Light Co,6452,Electric Utility,4,62.0,Petroleum Liquids,"Distillate fuel oil, light fuel oil, FO2, diesel oil",Combustion turbine,Oil,26.6967,-81.7831,2016-12-15,EIA 860M,2578
2016,12,FL,Fort Myers,612,Florida Power & Light Co,6452,Electric Utility,3,62.0,Petroleum Liquids,"Distillate fuel oil, light fuel oil, FO2, diesel oil",Combustion turbine,Oil,26.6967,-81.7831,2016-12-15,EIA 860M,2579
2016,12,FL,Fort Myers,612,Florida Power & Light Co,6452,Electric Utility,12,62.0,Petroleum Liquids,"Distillate fuel oil, light fuel oil, FO2, diesel oil",Combustion turbine,Oil,26.6967,-81.7831,2016-12-15,EIA 860M,2580
2016,12,FL,Fort Myers,612,Florida Power & Light Co,6452,Electric Utility,11,62.0,Petroleum Liquids,"Distillate fuel oil, light fuel oil, FO2, diesel oil",Combustion turbine,Oil,26.6967,-81.7831,2016-12-15,EIA 860M,2581
2016,12,FL,Fort Myers,612,Florida Power & Light Co,6452,Electric Utility,6,62.0,Petroleum Liquids,"Distillate fuel oil, light fuel oil, FO2, diesel oil",Combustion turbine,Oil,26.6967,-81.7831,2016-12-15,EIA 860M,2582
2019,7,GA,McIntosh,6124,Georgia Power Co,7140,Electric Utility,1,177.6,Conventional Steam Coal,Subbituminous coal,Steam turbine,Coal,32.356287,-81.168347,2019-07-15,EIA 860M,2583
2018,8,IN,Orme Park Water Treatment Plant,61266,Johnson County Rural E M C,9778,Electric Utility,ORME,1.5,Petroleum Liquids,"Distillate fuel oil, light fuel oil, FO2, diesel oil",Internal combustion engine,Oil,39.61952,-86.20709,2018-08-15,EIA 860M,2584
2018,12,FL,Lauderdale,613,Florida Power & Light Co,6452,Electric Utility,4GT1,185.0,Natural Gas Fired Combined Cycle,Natural gas,Combined cycle,Gas,26.0686,-80.1984,2018-12-15,EIA 860M,2585
2018,12,FL,Lauderdale,613,Florida Power & Light Co,6452,Electric Utility,5GT2,185.0,Natural Gas Fired Combined Cycle,Natural gas,Combined cycle,Gas,26.0686,-80.1984,2018-12-15,EIA 860M,2586
2018,12,FL,Lauderdale,613,Florida Power & Light Co,6452,Electric Utility,ST4,151.2,Natural Gas Fired Combined Cycle,Natural gas,Combined cycle,Gas,26.0686,-80.1984,2018-12-15,EIA 860M,2587
2018,12,FL,Lauderdale,613,Florida Power & Light Co,6452,Electric Utility,ST5,151.2,Natural Gas Fired Combined Cycle,Natural gas,Combined cycle,Gas,26.0686,-80.1984,2018-12-15,EIA 860M,2588
2016,12,FL,Lauderdale,613,Florida Power & Light Co,6452,Electric Utility,1,34.2,Natural Gas Fired Combustion Turbine,Natural gas,Combustion turbine,Gas,26.0686,-80.1984,2016-12-15,EIA 860M,2589
2016,12,FL,Lauderdale,613,Florida Power & Light Co,6452,Electric Utility,10,34.2,Natural Gas Fired Combustion Turbine,Natural gas,Combustion turbine,Gas,26.0686,-80.1984,2016-12-15,EIA 860M,2590
2016,12,FL,Lauderdale,613,Florida Power & Light Co,6452,Electric Utility,11,34.2,Natural Gas Fired Combustion Turbine,Natural gas,Combustion turbine,Gas,26.0686,-80.1984,2016-12-15,EIA 860M,2591
2016,12,FL,Lauderdale,613,Florida Power & Light Co,6452,Electric Utility,17,34.2,Natural Gas Fired Combustion Turbine,Natural gas,Combustion turbine,Gas,26.0686,-80.1984,2016-12-15,EIA 860M,2592
2018,12,FL,Lauderdale,613,Florida Power & Light Co,6452,Electric Utility,4GT2,185.0,Natural Gas Fired Combined Cycle,Natural gas,Combined cycle,Gas,26.0686,-80.1984,2018-12-15,EIA 860M,2593
2018,12,FL,Lauderdale,613,Florida Power & Light Co,6452,Electric Utility,5GT1,185.0,Natural Gas Fired Combined Cycle,Natural gas,Combined cycle,Gas,26.0686,-80.1984,2018-12-15,EIA 860M,2594
2016,12,FL,Lauderdale,613,Florida Power & Light Co,6452,Electric Utility,16,34.2,Natural Gas Fired Combustion Turbine,Natural gas,Combustion turbine,Gas,26.0686,-80.1984,2016-12-15,EIA 860M,2595
2024,12,CA,Juniper Networks Sunnyvale,58301,Bloom Energy,57128,IPP Non-CHP,JPR,1.1,Other Natural Gas,Natural gas,Fuel cell,Gas,37.406944,-122.026944,2024-12-15,EIA 860M,2596
2022,12,WI,Danbury Diesel,55998,Northwestern Wisconsin Elec Co,13815,Electric Utility,IC2,0.6,Petroleum Liquids,"Distillate fuel oil, light fuel oil, FO2, diesel oil",Internal combustion engine,Oil,46.002834,-92.371377,2022-12-15,EIA 860M,2597
2016,12,FL,Lauderdale,613,Florida Power & Light Co,6452,Electric Utility,9,34.2,Natural Gas Fired Combustion Turbine,Natural gas,Combustion turbine,Gas,26.0686,-80.1984,2016-12-15,EIA 860M,2598
2016,12,FL,Lauderdale,613,Florida Power & Light Co,6452,Electric Utility,6,34.2,Natural Gas Fired Combustion Turbine,Natural gas,Combustion turbine,Gas,26.0686,-80.1984,2016-12-15,EIA 860M,2599
2016,12,FL,Lauderdale,613,Florida Power & Light Co,6452,Electric Utility,23,34.2,Natural Gas Fired Combustion Turbine,Natural gas,Combustion turbine,Gas,26.0686,-80.1984,2016-12-15,EIA 860M,2600
2016,12,FL,Lauderdale,613,Florida Power & Light Co,6452,Electric Utility,18,34.2,Natural Gas Fired Combustion Turbine,Natural gas,Combustion turbine,Gas,26.0686,-80.1984,2016-12-15,EIA 860M,2601
2016,12,FL,Lauderdale,613,Florida Power & Light Co,6452,Electric Utility,22,34.2,Natural Gas Fired Combustion Turbine,Natural gas,Combustion turbine,Gas,26.0686,-80.1984,2016-12-15,EIA 860M,2602
2016,12,FL,Lauderdale,613,Florida Power & Light Co,6452,Electric Utility,14,34.2,Natural Gas Fired Combustion Turbine,Natural gas,Combustion turbine,Gas,26.0686,-80.1984,2016-12-15,EIA 860M,2603
2016,12,FL,Lauderdale,613,Florida Power & Light Co,6452,Electric Utility,15,34.2,Natural Gas Fired Combustion Turbine,Natural gas,Combustion turbine,Gas,26.0686,-80.1984,2016-12-15,EIA 860M,2604
2016,12,FL,Lauderdale,613,Florida Power & Light Co,6452,Electric Utility,8,34.2,Natural Gas Fired Combustion Turbine,Natural gas,Combustion turbine,Gas,26.0686,-80.1984,2016-12-15,EIA 860M,2605
2016,12,FL,Lauderdale,613,Florida Power & Light Co,6452,Electric Utility,21,34.2,Natural Gas Fired Combustion Turbine,Natural gas,Combustion turbine,Gas,26.0686,-80.1984,2016-12-15,EIA 860M,2606
2016,12,FL,Lauderdale,613,Florida Power & Light Co,6452,Electric Utility,24,34.2,Natural Gas Fired Combustion Turbine,Natural gas,Combustion turbine,Gas,26.0686,-80.1984,2016-12-15,EIA 860M,2607
2016,12,FL,Lauderdale,613,Florida Power & Light Co,6452,Electric Utility,4,34.2,Natural Gas Fired Combustion Turbine,Natural gas,Combustion turbine,Gas,26.0686,-80.1984,2016-12-15,EIA 860M,2608
2016,12,FL,Lauderdale,613,Florida Power & Light Co,6452,Electric Utility,13,34.2,Natural Gas Fired Combustion Turbine,Natural gas,Combustion turbine,Gas,26.0686,-80.1984,2016-12-15,EIA 860M,2609
2016,12,FL,Lauderdale,613,Florida Power & Light Co,6452,Electric Utility,12,34.2,Natural Gas Fired Combustion Turbine,Natural gas,Combustion turbine,Gas,26.0686,-80.1984,2016-12-15,EIA 860M,2610
2016,12,FL,Lauderdale,613,Florida Power & Light Co,6452,Electric Utility,19,34.2,Natural Gas Fired Combustion Turbine,Natural gas,Combustion turbine,Gas,26.0686,-80.1984,2016-12-15,EIA 860M,2611
2016,12,FL,Lauderdale,613,Florida Power & Light Co,6452,Electric Utility,2,34.2,Natural Gas Fired Combustion Turbine,Natural gas,Combustion turbine,Gas,26.0686,-80.1984,2016-12-15,EIA 860M,2612
2016,12,FL,Lauderdale,613,Florida Power & Light Co,6452,Electric Utility,20,34.2,Natural Gas Fired Combustion Turbine,Natural gas,Combustion turbine,Gas,26.0686,-80.1984,2016-12-15,EIA 860M,2613
2016,12,FL,Lauderdale,613,Florida Power & Light Co,6452,Electric Utility,7,34.2,Natural Gas Fired Combustion Turbine,Natural gas,Combustion turbine,Gas,26.0686,-80.1984,2016-12-15,EIA 860M,2614
2023,10,IN,A B Brown,6137,Southern Indiana Gas & Elec Co,17633,Electric Utility,2,265.2,Conventional Steam Coal,Bituminous coal,Steam turbine,Coal,37.9053,-87.715,2023-10-15,EIA 860M,2615
2023,10,IN,A B Brown,6137,Southern Indiana Gas & Elec Co,17633,Electric Utility,1,265.2,Conventional Steam Coal,Bituminous coal,Steam turbine,Coal,37.9053,-87.715,2023-10-15,EIA 860M,2616
2023,2,NY,Northern Westchester Hospital,61378,Northern Westchester Hospital,61013,Commercial Non-CHP,5,0.8,Petroleum Liquids,"Distillate fuel oil, light fuel oil, FO2, diesel oil",Internal combustion engine,Oil,41.196839,-73.725695,2023-02-15,EIA 860M,2617
2023,2,NY,Northern Westchester Hospital,61378,Northern Westchester Hospital,61013,Commercial Non-CHP,4,0.8,Petroleum Liquids,"Distillate fuel oil, light fuel oil, FO2, diesel oil",Internal combustion engine,Oil,41.196839,-73.725695,2023-02-15,EIA 860M,2618
2016,4,TX,Welsh,6139,Southwestern Electric Power Co,17698,Electric Utility,2,558.0,Conventional Steam Coal,Subbituminous coal,Steam turbine,Coal,33.05522,-94.839993,2016-04-15,EIA 860M,2619
2023,6,NY,NYC-HH - CONEY ISLAND HOSPITAL,61413,NYC-HH Coney Island Hospital,61049,Commercial Non-CHP,GEN4,0.3,Petroleum Liquids,"Distillate fuel oil, light fuel oil, FO2, diesel oil",Internal combustion engine,Oil,40.58549,-73.965581,2023-06-15,EIA 860M,2620
2021,12,NY,The Mount Sinai Hospital,61416,Mount Sinai Hospital,61053,Commercial Non-CHP,GP9,0.9,Petroleum Liquids,"Distillate fuel oil, light fuel oil, FO2, diesel oil",Internal combustion engine,Oil,40.78999,-73.953689,2021-12-15,EIA 860M,2621
2020,12,MO,Kansas City International,6144,Evergy Missouri West,12698,Electric Utility,1,18.0,Natural Gas Fired Combustion Turbine,Natural gas,Combustion turbine,Gas,39.297252,-94.693153,2020-12-15,EIA 860M,2622
2020,12,MO,Kansas City International,6144,Evergy Missouri West,12698,Electric Utility,2,18.0,Natural Gas Fired Combustion Turbine,Natural gas,Combustion turbine,Gas,39.297252,-94.693153,2020-12-15,EIA 860M,2623
2018,1,TX,Monticello,6147,Luminant Generation Company LLC,55983,IPP Non-CHP,3,793.2,Conventional Steam Coal,Subbituminous coal,Steam turbine,Coal,33.0917,-95.0417,2018-01-15,EIA 860M,2624
2018,1,TX,Monticello,6147,Luminant Generation Company LLC,55983,IPP Non-CHP,1,593.4,Conventional Steam Coal,Subbituminous coal,Steam turbine,Coal,33.0917,-95.0417,2018-01-15,EIA 860M,2625
2018,1,TX,Monticello,6147,Luminant Generation Company LLC,55983,IPP Non-CHP,2,593.4,Conventional Steam Coal,Subbituminous coal,Steam turbine,Coal,33.0917,-95.0417,2018-01-15,EIA 860M,2626
2024,10,MO,Rush Island,6155,Union Electric Co - (MO),19436,Electric Utility,1,621.0,Conventional Steam Coal,Subbituminous coal,Steam turbine,Coal,38.131248,-90.263157,2024-10-15,EIA 860M,2627
2024,10,MO,Rush Island,6155,Union Electric Co - (MO),19436,Electric Utility,2,621.0,Conventional Steam Coal,Subbituminous coal,Steam turbine,Coal,38.131248,-90.263157,2024-10-15,EIA 860M,2628
2019,8,NY,Mount Sinai Beth Israel,61569,Mount Sinai Beth Israel,61165,Commercial Non-CHP,EGEN3,1.0,Petroleum Liquids,"Distillate fuel oil, light fuel oil, FO2, diesel oil",Internal combustion engine,Oil,40.732666,-73.981597,2019-08-15,EIA 860M,2629
2020,1,NY,Mount Sinai Beth Israel,61569,Mount Sinai Beth Israel,61165,Commercial Non-CHP,EGEN6,0.3,Petroleum Liquids,"Distillate fuel oil, light fuel oil, FO2, diesel oil",Internal combustion engine,Oil,40.732666,-73.981597,2020-01-15,EIA 860M,2630
2014,1,NY,Mount Sinai Beth Israel,61569,Mount Sinai Beth Israel,61165,Commercial Non-CHP,EGEN2,0.3,Petroleum Liquids,"Distillate fuel oil, light fuel oil, FO2, diesel oil",Internal combustion engine,Oil,40.732666,-73.981597,2014-01-15,EIA 860M,2631
2028,12,IN,Rockport,6166,Indiana Michigan Power Co,9324,Electric Utility,2,1300.0,Conventional Steam Coal,Subbituminous coal,Steam turbine,Coal,37.9256,-87.0372,2028-12-15,Electric Power Monthly Table 6.6,2632
2028,12,IN,Rockport,6166,Indiana Michigan Power Co,9324,Electric Utility,1,1300.0,Conventional Steam Coal,Subbituminous coal,Steam turbine,Coal,37.9256,-87.0372,2028-12-15,Electric Power Monthly Table 6.6,2633
2024,2,AK,Slana Generating Station ,61685,Alaska Power and Telephone Co,219,Electric Utility,2,0.4,Petroleum Liquids,"Distillate fuel oil, light fuel oil, FO2, diesel oil",Internal combustion engine,Oil,62.592756,-143.588869,2024-02-15,EIA 860M,2634
2021,1,AK,Slana Generating Station ,61685,Alaska Power and Telephone Co,219,Electric Utility,3,0.4,Petroleum Liquids,"Distillate fuel oil, light fuel oil, FO2, diesel oil",Internal combustion engine,Oil,62.592756,-143.588869,2021-01-15,EIA 860M,2635
2016,12,FL,Port Everglades,617,Florida Power & Light Co,6452,Electric Utility,11,34.2,Natural Gas Fired Combustion Turbine,Natural gas,Combustion turbine,Gas,26.0856,-80.1253,2016-12-15,EIA 860M,2636
2016,12,FL,Port Everglades,617,Florida Power & Light Co,6452,Electric Utility,9,34.2,Natural Gas Fired Combustion Turbine,Natural gas,Combustion turbine,Gas,26.0856,-80.1253,2016-12-15,EIA 860M,2637
2013,1,FL,Port Everglades,617,Florida Power & Light Co,6452,Electric Utility,ST3,402.0,Petroleum Liquids,"Residual fuel oil, heavy fuel oil, Petroleum",Steam turbine,Oil,26.0856,-80.1253,2013-01-15,EIA 860M,2638
2016,12,FL,Port Everglades,617,Florida Power & Light Co,6452,Electric Utility,7,34.2,Natural Gas Fired Combustion Turbine,Natural gas,Combustion turbine,Gas,26.0856,-80.1253,2016-12-15,EIA 860M,2639
2016,12,FL,Port Everglades,617,Florida Power & Light Co,6452,Electric Utility,10,34.2,Natural Gas Fired Combustion Turbine,Natural gas,Combustion turbine,Gas,26.0856,-80.1253,2016-12-15,EIA 860M,2640
2016,12,FL,Port Everglades,617,Florida Power & Light Co,6452,Electric Utility,GT1,34.2,Natural Gas Fired Combustion Turbine,Natural gas,Combustion turbine,Gas,26.0856,-80.1253,2016-12-15,EIA 860M,2641
2016,12,FL,Port Everglades,617,Florida Power & Light Co,6452,Electric Utility,GT2,34.2,Natural Gas Fired Combustion Turbine,Natural gas,Combustion turbine,Gas,26.0856,-80.1253,2016-12-15,EIA 860M,2642
2016,12,FL,Port Everglades,617,Florida Power & Light Co,6452,Electric Utility,GT3,34.2,Natural Gas Fired Combustion Turbine,Natural gas,Combustion turbine,Gas,26.0856,-80.1253,2016-12-15,EIA 860M,2643
2016,12,FL,Port Everglades,617,Florida Power & Light Co,6452,Electric Utility,6,34.2,Natural Gas Fired Combustion Turbine,Natural gas,Combustion turbine,Gas,26.0856,-80.1253,2016-12-15,EIA 860M,2644
2016,12,FL,Port Everglades,617,Florida Power & Light Co,6452,Electric Utility,GT4,34.2,Natural Gas Fired Combustion Turbine,Natural gas,Combustion turbine,Gas,26.0856,-80.1253,2016-12-15,EIA 860M,2645
2016,12,FL,Port Everglades,617,Florida Power & Light Co,6452,Electric Utility,GT5,34.2,Natural Gas Fired Combustion Turbine,Natural gas,Combustion turbine,Gas,26.0856,-80.1253,2016-12-15,EIA 860M,2646
2016,12,FL,Port Everglades,617,Florida Power & Light Co,6452,Electric Utility,8,34.2,Natural Gas Fired Combustion Turbine,Natural gas,Combustion turbine,Gas,26.0856,-80.1253,2016-12-15,EIA 860M,2647
2013,1,FL,Port Everglades,617,Florida Power & Light Co,6452,Electric Utility,ST4,402.0,Petroleum Liquids,"Residual fuel oil, heavy fuel oil, Petroleum",Steam turbine,Oil,26.0856,-80.1253,2013-01-15,EIA 860M,2648
2016,12,FL,Port Everglades,617,Florida Power & Light Co,6452,Electric Utility,12,34.2,Natural Gas Fired Combustion Turbine,Natural gas,Combustion turbine,Gas,26.0856,-80.1253,2016-12-15,EIA 860M,2649
2012,11,FL,Port Everglades,617,Florida Power & Light Co,6452,Electric Utility,ST1,248.0,Petroleum Liquids,"Residual fuel oil, heavy fuel oil, Petroleum",Steam turbine,Oil,26.0856,-80.1253,2012-11-15,EIA 860M,2650
2012,11,FL,Port Everglades,617,Florida Power & Light Co,6452,Electric Utility,ST2,248.0,Petroleum Liquids,"Residual fuel oil, heavy fuel oil, Petroleum",Steam turbine,Oil,26.0856,-80.1253,2012-11-15,EIA 860M,2651
2032,12,AZ,Coronado,6177,Salt River Project,16572,Electric Utility,CO1,380.0,Conventional Steam Coal,Subbituminous coal,Steam turbine,Coal,34.5789,-109.2708,2032-12-15,Electric Power Monthly Table 6.6,2652
2032,12,AZ,Coronado,6177,Salt River Project,16572,Electric Utility,CO2,382.0,Conventional Steam Coal,Subbituminous coal,Steam turbine,Coal,34.5789,-109.2708,2032-12-15,Electric Power Monthly Table 6.6,2653
2023,1,TX,J T Deely,6181,City of San Antonio - (TX),16604,Electric Utility,1,486.0,Conventional Steam Coal,Subbituminous coal,Steam turbine,Coal,29.308056,-98.3228,2023-01-15,EIA 860M,2654
2023,1,TX,J T Deely,6181,City of San Antonio - (TX),16604,Electric Utility,2,446.0,Conventional Steam Coal,Subbituminous coal,Steam turbine,Coal,29.308056,-98.3228,2023-01-15,EIA 860M,2655
2011,2,FL,Riviera,619,Florida Power & Light Co,6452,Electric Utility,3,310.4,Petroleum Liquids,"Residual fuel oil, heavy fuel oil, Petroleum",Steam turbine,Oil,26.7653,-80.0525,2011-02-15,EIA 860M,2656
2011,2,FL,Riviera,619,Florida Power & Light Co,6452,Electric Utility,4,310.4,Petroleum Liquids,"Residual fuel oil, heavy fuel oil, Petroleum",Steam turbine,Oil,26.7653,-80.0525,2011-02-15,EIA 860M,2657
2006,12,FL,Portland (FL),6192,PowerSouth Energy Cooperative,189,Electric Utility,1,11.0,Petroleum Liquids,"Distillate fuel oil, light fuel oil, FO2, diesel oil",Combustion turbine,Oil,30.573611,-86.215833,2006-12-15,EIA 860M,2658
2036,12,TX,Harrington,6193,Southwestern Public Service Co,17718,Electric Utility,1,339.0,Natural Gas Steam Turbine,Natural gas,Steam turbine,Gas,35.29816,-101.747187,2036-12-15,Electric Power Monthly Table 6.6,2659
2038,12,TX,Harrington,6193,Southwestern Public Service Co,17718,Electric Utility,2,339.0,Natural Gas Steam Turbine,Natural gas,Steam turbine,Gas,35.29816,-101.747187,2038-12-15,Electric Power Monthly Table 6.6,2660
2040,12,TX,Harrington,6193,Southwestern Public Service Co,17718,Electric Utility,3,340.0,Natural Gas Steam Turbine,Natural gas,Steam turbine,Gas,35.29816,-101.747187,2040-12-15,Electric Power Monthly Table 6.6,2661
2028,12,TX,Tolk,6194,Southwestern Public Service Co,17718,Electric Utility,1,532.0,Conventional Steam Coal,Subbituminous coal,Steam turbine,Coal,34.186494,-102.56999,2028-12-15,Electric Power Monthly Table 6.6,2662
2028,12,TX,Tolk,6194,Southwestern Public Service Co,17718,Electric Utility,2,535.0,Conventional Steam Coal,Subbituminous coal,Steam turbine,Coal,34.186494,-102.56999,2028-12-15,Electric Power Monthly Table 6.6,2663
2012,11,FL,Sanford,620,Florida Power & Light Co,6452,Electric Utility,3,156.2,Petroleum Liquids,"Residual fuel oil, heavy fuel oil, Petroleum",Steam turbine,Oil,28.8419,-81.3256,2012-11-15,EIA 860M,2664
2022,9,NY,Brooklyn Hospital Center,62002,Brooklyn Hospital Center,61584,Commercial Non-CHP,SR4,0.5,Petroleum Liquids,"Distillate fuel oil, light fuel oil, FO2, diesel oil",Internal combustion engine,Oil,40.690544,-73.97793,2022-09-15,EIA 860M,2665
2020,1,WI,Holsum Irish Dairy,62019,Holsum Irish Dairy,61595,Industrial Non-CHP,GEN 1,0.5,Other Waste Biomass,"Other biomass gas (digester gas, methane, and Other biomass gases)",Internal combustion engine,Other,44.054,-88.085007,2020-01-15,EIA 860M,2666
2020,1,WI,Holsum Irish Dairy,62019,Holsum Irish Dairy,61595,Industrial Non-CHP,GEN 2,0.5,Other Waste Biomass,"Other biomass gas (digester gas, methane, and Other biomass gases)",Internal combustion engine,Other,44.054,-88.085007,2020-01-15,EIA 860M,2667
2019,8,NY,Kingsbrook Jewish Medical Center,62050,Kingsbrook Jewish Medical Center,61618,Commercial Non-CHP,115WA,0.1,Petroleum Liquids,"Distillate fuel oil, light fuel oil, FO2, diesel oil",Internal combustion engine,Oil,40.659328,-73.933752,2019-08-15,EIA 860M,2668
2021,5,NY,St Johns Riverside Hospital,62051,St Johns Riverside Hospital,61619,Commercial Non-CHP,EG200,0.2,Petroleum Liquids,"Distillate fuel oil, light fuel oil, FO2, diesel oil",Internal combustion engine,Oil,40.968929,-73.886589,2021-05-15,EIA 860M,2669
2021,5,NY,St Johns Riverside Hospital,62051,St Johns Riverside Hospital,61619,Commercial Non-CHP,EG400,0.4,Petroleum Liquids,"Distillate fuel oil, light fuel oil, FO2, diesel oil",Internal combustion engine,Oil,40.968929,-73.886589,2021-05-15,EIA 860M,2670
2021,5,NY,St Johns Riverside Hospital,62051,St Johns Riverside Hospital,61619,Commercial Non-CHP,EG300,0.3,Petroleum Liquids,"Distillate fuel oil, light fuel oil, FO2, diesel oil",Internal combustion engine,Oil,40.968929,-73.886589,2021-05-15,EIA 860M,2671
2009,12,FL,Turkey Point,621,Florida Power & Light Co,6452,Electric Utility,IC1,2.7,Petroleum Liquids,"Distillate fuel oil, light fuel oil, FO2, diesel oil",Internal combustion engine,Oil,25.4356,-80.3308,2009-12-15,EIA 860M,2672
2009,12,FL,Turkey Point,621,Florida Power & Light Co,6452,Electric Utility,IC2,2.7,Petroleum Liquids,"Distillate fuel oil, light fuel oil, FO2, diesel oil",Internal combustion engine,Oil,25.4356,-80.3308,2009-12-15,EIA 860M,2673
2009,12,FL,Turkey Point,621,Florida Power & Light Co,6452,Electric Utility,IC3,2.7,Petroleum Liquids,"Distillate fuel oil, light fuel oil, FO2, diesel oil",Internal combustion engine,Oil,25.4356,-80.3308,2009-12-15,EIA 860M,2674
2017,4,WA,McKinley Paper Co. - Washington Mill,58352,McKinley Paper Co. - Washington Mill,58341,Industrial Non-CHP,G-11,20.0,Wood/Wood Waste Biomass,"Wood, Wood waste solid",Steam turbine,Other,48.134722,-123.465556,2017-04-15,EIA 860M,2675
2014,7,CT,CJTS Energy Center,58365,Ameresco Select Inc,58300,Commercial CHP,UNIT2,0.2,Other Natural Gas,Natural gas,Fuel cell,Gas,41.552778,-72.625,2014-07-15,EIA 860M,2676
2013,4,CT,CJTS Energy Center,58365,Ameresco Select Inc,58300,Commercial CHP,UNIT4,0.2,Other Natural Gas,Natural gas,Fuel cell,Gas,41.552778,-72.625,2013-04-15,EIA 860M,2677
2014,7,CT,CJTS Energy Center,58365,Ameresco Select Inc,58300,Commercial CHP,UNIT1,0.2,Other Natural Gas,Natural gas,Fuel cell,Gas,41.552778,-72.625,2014-07-15,EIA 860M,2678
2014,7,CT,CJTS Energy Center,58365,Ameresco Select Inc,58300,Commercial CHP,UNIT5,0.2,Other Natural Gas,Natural gas,Fuel cell,Gas,41.552778,-72.625,2014-07-15,EIA 860M,2679
2013,4,CT,CJTS Energy Center,58365,Ameresco Select Inc,58300,Commercial CHP,UNIT6,0.2,Other Natural Gas,Natural gas,Fuel cell,Gas,41.552778,-72.625,2013-04-15,EIA 860M,2680
2023,9,CT,CJTS Energy Center,58365,Ameresco Select Inc,58300,Commercial CHP,UNIT7,0.4,Other Natural Gas,Natural gas,Fuel cell,Gas,41.552778,-72.625,2023-09-15,EIA 860M,2681
2014,7,CT,CJTS Energy Center,58365,Ameresco Select Inc,58300,Commercial CHP,UNIT3,0.2,Other Natural Gas,Natural gas,Fuel cell,Gas,41.552778,-72.625,2014-07-15,EIA 860M,2682
2018,7,SC,Central Energy Facility,58400,Clemson University - Main Campus,58384,Commercial Non-CHP,GT02,4.5,Natural Gas Fired Combustion Turbine,Natural gas,Combustion turbine,Gas,34.679444,-82.840278,2018-07-15,EIA 860M,2683
2018,8,CA,CSU Northridge Plant,58422,"California State University, Northridge",58416,Commercial Non-CHP,CP1,0.2,Natural Gas Fired Combustion Turbine,Natural gas,Combustion turbine,Gas,34.243333,-118.530556,2018-08-15,EIA 860M,2684
2018,8,CA,CSU Northridge Plant,58422,"California State University, Northridge",58416,Commercial Non-CHP,64,0.3,Other Natural Gas,Natural gas,Fuel cell,Gas,34.243333,-118.530556,2018-08-15,EIA 860M,2685
2018,8,CA,CSU Northridge Plant,58422,"California State University, Northridge",58416,Commercial Non-CHP,67,0.3,Other Natural Gas,Natural gas,Fuel cell,Gas,34.243333,-118.530556,2018-08-15,EIA 860M,2686
2018,8,CA,CSU Northridge Plant,58422,"California State University, Northridge",58416,Commercial Non-CHP,65,0.3,Other Natural Gas,Natural gas,Fuel cell,Gas,34.243333,-118.530556,2018-08-15,EIA 860M,2687
2018,8,CA,CSU Northridge Plant,58422,"California State University, Northridge",58416,Commercial Non-CHP,63,0.3,Other Natural Gas,Natural gas,Fuel cell,Gas,34.243333,-118.530556,2018-08-15,EIA 860M,2688
2023,9,CA,CBS Studio Center,58440,Crestmark Bank,59413,Commercial Non-CHP,9560,0.4,Other Natural Gas,Natural gas,Fuel cell,Gas,34.145,-118.390833,2023-09-15,EIA 860M,2689
2023,9,CA,CBS Studio Center,58440,Crestmark Bank,59413,Commercial Non-CHP,9585,0.4,Other Natural Gas,Natural gas,Fuel cell,Gas,34.145,-118.390833,2023-09-15,EIA 860M,2690
2023,9,CA,CBS Studio Center,58440,Crestmark Bank,59413,Commercial Non-CHP,9587,0.4,Other Natural Gas,Natural gas,Fuel cell,Gas,34.145,-118.390833,2023-09-15,EIA 860M,2691
2023,9,CA,CBS Studio Center,58440,Crestmark Bank,59413,Commercial Non-CHP,9580,0.4,Other Natural Gas,Natural gas,Fuel cell,Gas,34.145,-118.390833,2023-09-15,EIA 860M,2692
2020,10,AL,Lowman Energy Center,56,PowerSouth Energy Cooperative,189,Electric Utility,3,236.0,Conventional Steam Coal,Bituminous coal,Steam turbine,Coal,31.488019,-87.910747,2020-10-15,EIA 860M,2693
2023,9,CA,CBS Studio Center,58440,Crestmark Bank,59413,Commercial Non-CHP,9583,0.4,Other Natural Gas,Natural gas,Fuel cell,Gas,34.145,-118.390833,2023-09-15,EIA 860M,2694
2020,10,AL,Lowman Energy Center,56,PowerSouth Energy Cooperative,189,Electric Utility,2,236.0,Conventional Steam Coal,Bituminous coal,Steam turbine,Coal,31.488019,-87.910747,2020-10-15,EIA 860M,2695
2020,10,AL,Lowman Energy Center,56,PowerSouth Energy Cooperative,189,Electric Utility,1,66.0,Conventional Steam Coal,Bituminous coal,Steam turbine,Coal,31.488019,-87.910747,2020-10-15,EIA 860M,2696
2016,6,VA,Harrisonburg Power Plant,56006,City of Harrisonburg - (VA),8198,Electric Utility,ST-1,2.5,Natural Gas Steam Turbine,Natural gas,Steam turbine,Gas,38.4319,-78.8642,2016-06-15,EIA 860M,2697
2025,5,MD,UMCP CHP Plant,56038,Trigen-Cinergy Solutions College Park,19165,IPP CHP,3,5.4,Natural Gas Steam Turbine,Natural gas,Steam turbine,Gas,38.985844,-76.935478,2025-05-15,EIA 860M,2698
2023,9,CA,CBS Studio Center,58440,Crestmark Bank,59413,Commercial Non-CHP,9581,0.4,Other Natural Gas,Natural gas,Fuel cell,Gas,34.145,-118.390833,2023-09-15,EIA 860M,2699
2025,5,MD,UMCP CHP Plant,56038,Trigen-Cinergy Solutions College Park,19165,IPP CHP,2,11.0,Natural Gas Fired Combustion Turbine,Natural gas,Combustion turbine,Gas,38.985844,-76.935478,2025-05-15,EIA 860M,2700
2025,11,CA,Equilon Los Angeles Refining,50530,Tesoro Refining and Marketing Company,55985,Industrial,GEN3,10.8,Other Gases,Other gas,Steam turbine,Gas,33.791667,-118.234722,2025-11-15,Electric Power Monthly Table 6.6,2701
2011,7,AK,Unisea G 2,54422,Unisea Inc,19553,Industrial Non-CHP,CAT1,0.8,Petroleum Liquids,"Distillate fuel oil, light fuel oil, FO2, diesel oil",Internal combustion engine,Oil,53.8796,-166.5532,2011-07-15,EIA 860M,2702
2021,6,CA,Los Angeles Refinery Wilmington,54451,Phillips 66 - Los Angeles,38215,Industrial CHP,G1,10.0,Other Natural Gas,Natural gas,,Gas,33.7686,-118.2867,2021-06-15,EIA 860M,2703
2018,3,CA,Sierra Pacific Sonora,54517,Sierra Pacific Industries,17164,Industrial Non-CHP,GEN2,7.5,Wood/Wood Waste Biomass,"Wood, Wood waste solid",Steam turbine,Other,37.966389,-120.317777,2018-03-15,EIA 860M,2704
2010,1,LA,Formosa Plastics,54518,Formosa Plastics Corp,6564,Industrial CHP,GT1,38.2,Natural Gas Fired Combustion Turbine,Natural gas,Combustion turbine,Gas,30.4992,-91.1872,2010-01-15,EIA 860M,2705
2003,10,TX,Village Creek Water Reclamation Facility,54520,Ft Worth City of,6831,Commercial CHP,3,1.1,Other Waste Biomass,"Other biomass gas (digester gas, methane, and Other biomass gases)",Internal combustion engine,Other,32.775093,-97.14209,2003-10-15,EIA 860M,2706
2019,1,FL,Wheelabrator Ridge Energy,54529,Wheelabrator Environmental Systems,20541,IPP Non-CHP,0001,45.5,Wood/Wood Waste Biomass,"Wood, Wood waste solid",Steam turbine,Other,28.0274,-81.8475,2019-01-15,EIA 860M,2707
2007,4,WA,Longview Fibre,54562,Longview Fibre Co,11169,Industrial CHP,3,3.5,Wood/Wood Waste Biomass,Black liquor,Steam turbine,Other,46.103887,-122.918429,2007-04-15,EIA 860M,2708
2007,4,WA,Longview Fibre,54562,Longview Fibre Co,11169,Industrial CHP,2,2.5,Wood/Wood Waste Biomass,Black liquor,Steam turbine,Other,46.103887,-122.918429,2007-04-15,EIA 860M,2709
2018,6,WA,Longview Fibre,54562,Longview Fibre Co,11169,Industrial CHP,4,10.0,Wood/Wood Waste Biomass,Black liquor,Steam turbine,Other,46.103887,-122.918429,2018-06-15,EIA 860M,2710
2007,4,WA,Longview Fibre,54562,Longview Fibre Co,11169,Industrial CHP,5,6.0,Wood/Wood Waste Biomass,Black liquor,Steam turbine,Other,46.103887,-122.918429,2007-04-15,EIA 860M,2711
2002,10,WA,Longview Fibre,54562,Longview Fibre Co,11169,Industrial CHP,8,68.0,Natural Gas Fired Combustion Turbine,Natural gas,Combustion turbine,Gas,46.103887,-122.918429,2002-10-15,EIA 860M,2712
2020,9,NY,General Mills Inc,54564,General Mills Inc,7092,Industrial CHP,GEN1,3.8,Natural Gas Fired Combustion Turbine,Natural gas,Combustion turbine,Gas,42.870968,-78.875549,2020-09-15,EIA 860M,2713
2006,2,GA,YKK USA Chestney,54566,YKK USA Inc,21116,Industrial Non-CHP,PPD2,0.4,Petroleum Liquids,"Distillate fuel oil, light fuel oil, FO2, diesel oil",Internal combustion engine,Oil,32.8061,-83.5456,2006-02-15,EIA 860M,2714
2006,2,GA,YKK USA Chestney,54566,YKK USA Inc,21116,Industrial Non-CHP,PPD1,0.4,Petroleum Liquids,"Distillate fuel oil, light fuel oil, FO2, diesel oil",Internal combustion engine,Oil,32.8061,-83.5456,2006-02-15,EIA 860M,2715
2010,3,GA,YKK USA Chestney,54566,YKK USA Inc,21116,Industrial Non-CHP,GEN3,1.7,Petroleum Liquids,"Distillate fuel oil, light fuel oil, FO2, diesel oil",Internal combustion engine,Oil,32.8061,-83.5456,2010-03-15,EIA 860M,2716
2010,3,GA,YKK USA Chestney,54566,YKK USA Inc,21116,Industrial Non-CHP,GEN2,1.7,Petroleum Liquids,"Distillate fuel oil, light fuel oil, FO2, diesel oil",Internal combustion engine,Oil,32.8061,-83.5456,2010-03-15,EIA 860M,2717
2010,3,GA,YKK USA Chestney,54566,YKK USA Inc,21116,Industrial Non-CHP,GEN1,1.6,Petroleum Liquids,"Distillate fuel oil, light fuel oil, FO2, diesel oil",Internal combustion engine,Oil,32.8061,-83.5456,2010-03-15,EIA 860M,2718
2016,2,CA,Buena Vista Biomass Power,58472,Buena Vista Biomass LLC,58460,IPP Non-CHP,1,22.5,Wood/Wood Waste Biomass,"Wood, Wood waste solid",Steam turbine,Other,38.277778,-120.913611,2016-02-15,EIA 860M,2719
2002,12,NJ,Bayville Central Facility,54569,Ocean County Utilities Auth,13943,Commercial CHP,SBG1,0.6,Petroleum Liquids,"Distillate fuel oil, light fuel oil, FO2, diesel oil",Internal combustion engine,Oil,39.909424,-74.178041,2002-12-15,EIA 860M,2720
2015,6,NY,Montefieor Medical Center Moses Division,58507,Montefiore Medical Center Moses Division,58487,Commercial CHP,EMG05,0.5,Petroleum Liquids,"Distillate fuel oil, light fuel oil, FO2, diesel oil",Internal combustion engine,Oil,40.881389,-73.880278,2015-06-15,EIA 860M,2721
2007,12,MA,Tanner Street Generation,54586,"BT Generation Holdings, LLC",65159,IPP Non-CHP,V643,65.5,Natural Gas Fired Combined Cycle,Natural gas,Combined cycle,Gas,42.632124,-71.313235,2007-12-15,EIA 860M,2722
2017,6,NY,Montefieor Medical Center Moses Division,58507,Montefiore Medical Center Moses Division,58487,Commercial CHP,ES007,3.5,Natural Gas Fired Combustion Turbine,Natural gas,Combustion turbine,Gas,40.881389,-73.880278,2017-06-15,EIA 860M,2723
2024,10,MA,Tanner Street Generation,54586,"BT Generation Holdings, LLC",65159,IPP Non-CHP,VAX,27.1,Natural Gas Fired Combined Cycle,Natural gas,Combined cycle,Gas,42.632124,-71.313235,2024-10-15,EIA 860M,2724
2015,5,CA,Sierra Nevada Brewing Co Hybrid,58585,Sierra Nevada Brewing Co,58544,Industrial CHP,FCE,1.0,Other Natural Gas,Natural gas,Fuel cell,Gas,39.724167,-121.815278,2015-05-15,EIA 860M,2725
2024,10,MA,Tanner Street Generation,54586,"BT Generation Holdings, LLC",65159,IPP Non-CHP,TRENT,57.9,Natural Gas Fired Combined Cycle,Natural gas,Combined cycle,Gas,42.632124,-71.313235,2024-10-15,EIA 860M,2726
2021,7,NH,Indeck Energy-Alexandria,58595,"Indeck Energy-Alexandria, LLC",58550,IPP Non-CHP,GEN1,16.0,Wood/Wood Waste Biomass,"Wood, Wood waste solid",Steam turbine,Other,43.560833,-71.780556,2021-07-15,EIA 860M,2727
2013,12,CA,Santa Rita Jail Hybrid,58625,County of Alameda GSA,58549,IPP CHP,SRJFC,1.0,Other Natural Gas,Natural gas,Fuel cell,Gas,37.719167,-121.886944,2013-12-15,EIA 860M,2728
2023,12,VA,Rockville 1 & 2,56692,Industrial Power Generating Company LLC,55938,IPP Non-CHP,2O,0.3,Petroleum Liquids,"Distillate fuel oil, light fuel oil, FO2, diesel oil",Internal combustion engine,Oil,37.7036,-77.6639,2023-12-15,EIA 860M,2729
2025,5,MD,UMCP CHP Plant,56038,Trigen-Cinergy Solutions College Park,19165,IPP CHP,1,11.0,Natural Gas Fired Combustion Turbine,Natural gas,Combustion turbine,Gas,38.985844,-76.935478,2025-05-15,EIA 860M,2730
2009,1,WA,Port Townsend Paper,50544,Port Townsend Paper Co,26840,Industrial CHP,GEN2,3.0,Wood/Wood Waste Biomass,Black liquor,Steam turbine,Other,48.0931,-122.7958,2009-01-15,EIA 860M,2731
2019,12,WI,Holsum Elm Dairy,58663,Holsum Elm Dairy,58605,Industrial CHP,GEN1,0.6,Other Waste Biomass,"Other biomass gas (digester gas, methane, and Other biomass gases)",Internal combustion engine,Other,44.115,-88.217222,2019-12-15,EIA 860M,2732
2016,4,WA,Port Townsend Paper,50544,Port Townsend Paper Co,26840,Industrial CHP,GEN4,3.0,Wood/Wood Waste Biomass,Black liquor,Steam turbine,Other,48.0931,-122.7958,2016-04-15,EIA 860M,2733
2007,11,NC,"High Point, Jackson Lake",56058,North Carolina Mun Power Agny #1,13630,Electric Utility,1,1.8,Petroleum Liquids,"Distillate fuel oil, light fuel oil, FO2, diesel oil",Internal combustion engine,Oil,35.944444,-79.943055,2007-11-15,EIA 860M,2734
2023,12,VA,Rockville 1 & 2,56692,Industrial Power Generating Company LLC,55938,IPP Non-CHP,1N,0.3,Petroleum Liquids,"Distillate fuel oil, light fuel oil, FO2, diesel oil",Internal combustion engine,Oil,37.7036,-77.6639,2023-12-15,EIA 860M,2735
2020,9,CO,La Junta,506,City of La Junta - (CO),10536,Electric Utility,2,0.7,Petroleum Liquids,"Distillate fuel oil, light fuel oil, FO2, diesel oil",Internal combustion engine,Oil,37.9876,-103.5468,2020-09-15,EIA 860M,2736
2019,12,WI,Holsum Elm Dairy,58663,Holsum Elm Dairy,58605,Industrial CHP,GEN2,0.6,Other Waste Biomass,"Other biomass gas (digester gas, methane, and Other biomass gases)",Internal combustion engine,Other,44.115,-88.217222,2019-12-15,EIA 860M,2737
2012,9,NC,Gastonia Rankin Lake,56060,North Carolina Mun Power Agny #1,13630,Electric Utility,1,1.8,Petroleum Liquids,"Distillate fuel oil, light fuel oil, FO2, diesel oil",Internal combustion engine,Oil,35.2242,-81.1228,2012-09-15,EIA 860M,2738
2023,3,VA,Rockville 1 & 2,56692,Industrial Power Generating Company LLC,55938,IPP Non-CHP,1E,0.3,Petroleum Liquids,"Distillate fuel oil, light fuel oil, FO2, diesel oil",Internal combustion engine,Oil,37.7036,-77.6639,2023-03-15,EIA 860M,2739
2020,9,CO,La Junta,506,City of La Junta - (CO),10536,Electric Utility,3,0.4,Petroleum Liquids,"Distillate fuel oil, light fuel oil, FO2, diesel oil",Internal combustion engine,Oil,37.9876,-103.5468,2020-09-15,EIA 860M,2740
2014,11,FL,Central District Wastewater Treat Plant,54623,Miami Dade Water & Sewer Dept,12411,Commercial CHP,2,1.2,Other Waste Biomass,"Other biomass gas (digester gas, methane, and Other biomass gases)",Internal combustion engine,Other,25.748565,-80.152791,2014-11-15,EIA 860M,2741
2021,6,OH,Wooster Renewable Energy,59072,Wooster Renewable Energy LLC,58892,Industrial Non-CHP,WRE 1,1.0,Other Waste Biomass,"Other biomass gas (digester gas, methane, and Other biomass gases)",Internal combustion engine,Other,40.785,-81.951389,2021-06-15,EIA 860M,2742
2012,9,NC,Gastonia Duke Street,56061,North Carolina Mun Power Agny #1,13630,Electric Utility,1,1.8,Petroleum Liquids,"Distillate fuel oil, light fuel oil, FO2, diesel oil",Internal combustion engine,Oil,35.223381,-81.13306,2012-09-15,EIA 860M,2743
2023,12,VA,Rockville 1 & 2,56692,Industrial Power Generating Company LLC,55938,IPP Non-CHP,2M,0.3,Petroleum Liquids,"Distillate fuel oil, light fuel oil, FO2, diesel oil",Internal combustion engine,Oil,37.7036,-77.6639,2023-12-15,EIA 860M,2744
2020,9,CO,La Junta,506,City of La Junta - (CO),10536,Electric Utility,7,3.5,Petroleum Liquids,"Distillate fuel oil, light fuel oil, FO2, diesel oil",Internal combustion engine,Oil,37.9876,-103.5468,2020-09-15,EIA 860M,2745
2014,10,FL,Central District Wastewater Treat Plant,54623,Miami Dade Water & Sewer Dept,12411,Commercial CHP,1,1.2,Other Waste Biomass,"Other biomass gas (digester gas, methane, and Other biomass gases)",Internal combustion engine,Other,25.748565,-80.152791,2014-10-15,EIA 860M,2746
2020,4,CA,"SC 1 Data Center, Phase 2",59074,Xeres Ventures LLC,58893,Commercial Non-CHP,EG8A,2.2,Petroleum Liquids,"Distillate fuel oil, light fuel oil, FO2, diesel oil",Internal combustion engine,Oil,37.361667,-121.943611,2020-04-15,EIA 860M,2747
2012,10,NC,Maiden Finger Street,56065,North Carolina Mun Power Agny #1,13630,Electric Utility,1,1.8,Petroleum Liquids,"Distillate fuel oil, light fuel oil, FO2, diesel oil",Internal combustion engine,Oil,35.5753,-81.2278,2012-10-15,EIA 860M,2748
2023,12,VA,Rockville 1 & 2,56692,Industrial Power Generating Company LLC,55938,IPP Non-CHP,2G,0.3,Petroleum Liquids,"Distillate fuel oil, light fuel oil, FO2, diesel oil",Internal combustion engine,Oil,37.7036,-77.6639,2023-12-15,EIA 860M,2749
2030,6,LA,Geismar Cogen,56787,Air Liquide Large Industries U S LP,327,Industrial,GTG,72.5,Natural Gas Fired Combustion Turbine,Natural gas,Combustion turbine,Gas,30.209,-90.9921,2030-06-15,Electric Power Monthly Table 6.6,2750
2014,1,CT,Bridgeport Station,568,"Generation Bridge II Connecticut, LLC",65448,IPP Non-CHP,2,163.0,Petroleum Liquids,"Residual fuel oil, heavy fuel oil, Petroleum",Steam turbine,Oil,41.1706,-73.1844,2014-01-15,EIA 860M,2751
2021,6,CT,Bridgeport Station,568,"Generation Bridge II Connecticut, LLC",65448,IPP Non-CHP,3,400.0,Conventional Steam Coal,Subbituminous coal,Steam turbine,Coal,41.1706,-73.1844,2021-06-15,EIA 860M,2752
2021,10,CT,Bridgeport Station,568,"Generation Bridge II Connecticut, LLC",65448,IPP Non-CHP,4,18.6,Petroleum Liquids,Kerosene,Combustion turbine,Oil,41.1706,-73.1844,2021-10-15,EIA 860M,2753
2021,9,AZ,IRC Generator Facility,56899,"Garkane Energy Coop, Inc",6957,Electric Utility,291,1.5,Petroleum Liquids,"Distillate fuel oil, light fuel oil, FO2, diesel oil",Internal combustion engine,Oil,36.9708,-112.5264,2021-09-15,EIA 860M,2754
2021,9,AZ,IRC Generator Facility,56899,"Garkane Energy Coop, Inc",6957,Electric Utility,290,1.5,Petroleum Liquids,"Distillate fuel oil, light fuel oil, FO2, diesel oil",Internal combustion engine,Oil,36.9708,-112.5264,2021-09-15,EIA 860M,2755
2007,9,WI,Fairbanks Morse Engine,56937,Fairbanks Morse Engine,56175,Industrial Non-CHP,GEN7,3.1,Petroleum Liquids,"Distillate fuel oil, light fuel oil, FO2, diesel oil",Internal combustion engine,Oil,42.51846,-89.0287,2007-09-15,EIA 860M,2756
2021,11,WI,Fairbanks Morse Engine,56937,Fairbanks Morse Engine,56175,Industrial Non-CHP,IPE,1.5,Petroleum Liquids,"Distillate fuel oil, light fuel oil, FO2, diesel oil",Internal combustion engine,Oil,42.51846,-89.0287,2021-11-15,EIA 860M,2757
2021,5,CA,CSU East Bay,57042,Pacific Gas & Electric Co.,14328,Electric Utility,1,1.4,Other Natural Gas,Natural gas,Fuel cell,Gas,37.658889,-122.059444,2021-05-15,EIA 860M,2758
2021,5,CA,SF State University,57043,Pacific Gas & Electric Co.,14328,Electric Utility,2,1.4,Other Natural Gas,Natural gas,Fuel cell,Gas,37.723889,-122.4775,2021-05-15,EIA 860M,2759
2021,5,CA,SF State University,57043,Pacific Gas & Electric Co.,14328,Electric Utility,1,0.2,Other Natural Gas,Natural gas,Fuel cell,Gas,37.723889,-122.4775,2021-05-15,EIA 860M,2760
2015,8,AK,Noatak,57051,"Alaska Village Elec Coop, Inc",221,Electric Utility,UNIT5,0.4,Petroleum Liquids,"Distillate fuel oil, light fuel oil, FO2, diesel oil",Internal combustion engine,Oil,67.570931,-162.965728,2015-08-15,EIA 860M,2761
2022,6,AK,Noatak,57051,"Alaska Village Elec Coop, Inc",221,Electric Utility,UNIT4,0.5,Petroleum Liquids,"Distillate fuel oil, light fuel oil, FO2, diesel oil",Internal combustion engine,Oil,67.570931,-162.965728,2022-06-15,EIA 860M,2762
2019,5,AK,Savoonga,57052,"Alaska Village Elec Coop, Inc",221,Electric Utility,UNIT2,0.5,Petroleum Liquids,"Distillate fuel oil, light fuel oil, FO2, diesel oil",Internal combustion engine,Oil,63.695267,-170.475661,2019-05-15,EIA 860M,2763
2016,8,AK,Alakanuk,57053,"Alaska Village Elec Coop, Inc",221,Electric Utility,UNIT2,0.5,Petroleum Liquids,"Distillate fuel oil, light fuel oil, FO2, diesel oil",Internal combustion engine,Oil,62.6833,-164.6544,2016-08-15,EIA 860M,2764
2020,7,FL,Harvest Power Orlando,59151,Harvest Power Orlando LLC,58969,Commercial CHP,CHP 1,1.6,Other Waste Biomass,"Other biomass gas (digester gas, methane, and Other biomass gases)",Internal combustion engine,Other,28.376111,-81.590556,2020-07-15,EIA 860M,2765
2016,8,AK,Alakanuk,57053,"Alaska Village Elec Coop, Inc",221,Electric Utility,UNIT3,0.4,Petroleum Liquids,"Distillate fuel oil, light fuel oil, FO2, diesel oil",Internal combustion engine,Oil,62.6833,-164.6544,2016-08-15,EIA 860M,2766
2012,9,NC,Lexington Hickory Street,56066,North Carolina Mun Power Agny #1,13630,Electric Utility,1,1.8,Petroleum Liquids,"Distillate fuel oil, light fuel oil, FO2, diesel oil",Internal combustion engine,Oil,35.8075,-80.2653,2012-09-15,EIA 860M,2767
2012,5,FL,Central District Wastewater Treat Plant,54623,Miami Dade Water & Sewer Dept,12411,Commercial CHP,3,1.2,Other Waste Biomass,"Other biomass gas (digester gas, methane, and Other biomass gases)",Internal combustion engine,Other,25.748565,-80.152791,2012-05-15,EIA 860M,2768
2020,9,CO,La Junta,506,City of La Junta - (CO),10536,Electric Utility,6,3.0,Petroleum Liquids,"Distillate fuel oil, light fuel oil, FO2, diesel oil",Internal combustion engine,Oil,37.9876,-103.5468,2020-09-15,EIA 860M,2769
2020,9,CO,La Junta,506,City of La Junta - (CO),10536,Electric Utility,8,3.5,Petroleum Liquids,"Distillate fuel oil, light fuel oil, FO2, diesel oil",Internal combustion engine,Oil,37.9876,-103.5468,2020-09-15,EIA 860M,2770
2012,5,FL,Central District Wastewater Treat Plant,54623,Miami Dade Water & Sewer Dept,12411,Commercial CHP,4,1.2,Other Waste Biomass,"Other biomass gas (digester gas, methane, and Other biomass gases)",Internal combustion engine,Other,25.748565,-80.152791,2012-05-15,EIA 860M,2771
2012,4,IA,Alliant SBD 9801 Aegon Martha's Way,56072,Industrial Energy Applications Inc,361,IPP Non-CHP,01,1.1,Petroleum Liquids,"Distillate fuel oil, light fuel oil, FO2, diesel oil",Internal combustion engine,Oil,42.0453,-91.6969,2012-04-15,EIA 860M,2772
2016,8,AK,Alakanuk,57053,"Alaska Village Elec Coop, Inc",221,Electric Utility,UNIT1,0.4,Petroleum Liquids,"Distillate fuel oil, light fuel oil, FO2, diesel oil",Internal combustion engine,Oil,62.6833,-164.6544,2016-08-15,EIA 860M,2773
2020,9,CO,La Junta,506,City of La Junta - (CO),10536,Electric Utility,9,5.1,Petroleum Liquids,"Distillate fuel oil, light fuel oil, FO2, diesel oil",Internal combustion engine,Oil,37.9876,-103.5468,2020-09-15,EIA 860M,2774
2024,11,CA,Mt Poso Cogeneration,54626,Mt Poso Cogeneration Co,13060,IPP CHP,TG01,62.0,Wood/Wood Waste Biomass,"Wood, Wood waste solid",Steam turbine,Other,35.576323,-119.006245,2024-11-15,EIA 860M,2775
2003,1,CO,La Junta,506,City of La Junta - (CO),10536,Electric Utility,1,0.6,Petroleum Liquids,"Distillate fuel oil, light fuel oil, FO2, diesel oil",Internal combustion engine,Oil,37.9876,-103.5468,2003-01-15,EIA 860M,2776
2020,12,IA,Alliant SBD 9901 Wells Fargo,56074,Industrial Energy Applications Inc,361,IPP Non-CHP,01,1.1,Petroleum Liquids,"Distillate fuel oil, light fuel oil, FO2, diesel oil",Internal combustion engine,Oil,41.9244,-91.63852,2020-12-15,EIA 860M,2777
2021,6,AR,Riceland Foods Cogeneration Plant,56079,Riceland Foods Inc.,15597,IPP CHP,STEC,18.0,Other Waste Biomass,Other biomass solid,Steam turbine,Other,34.5136,-91.5331,2021-06-15,EIA 860M,2778
2017,2,CA,SJ/SC WPCP,56080,San Jose/Santa Clara Water P C,16657,Commercial CHP,E2,0.8,Other Waste Biomass,"Other biomass gas (digester gas, methane, and Other biomass gases)",Internal combustion engine,Other,37.4344,-121.9464,2017-02-15,EIA 860M,2779
2015,4,CA,SJ/SC WPCP,56080,San Jose/Santa Clara Water P C,16657,Commercial CHP,E3,0.8,Other Waste Biomass,"Other biomass gas (digester gas, methane, and Other biomass gases)",Internal combustion engine,Other,37.4344,-121.9464,2015-04-15,EIA 860M,2780
2008,3,CA,SJ/SC WPCP,56080,San Jose/Santa Clara Water P C,16657,Commercial CHP,E6,1.8,Other Waste Biomass,"Other biomass gas (digester gas, methane, and Other biomass gases)",Internal combustion engine,Other,37.4344,-121.9464,2008-03-15,EIA 860M,2781
2017,2,CA,SJ/SC WPCP,56080,San Jose/Santa Clara Water P C,16657,Commercial CHP,E5,1.8,Other Waste Biomass,"Other biomass gas (digester gas, methane, and Other biomass gases)",Internal combustion engine,Other,37.4344,-121.9464,2017-02-15,EIA 860M,2782
2008,2,CA,SJ/SC WPCP,56080,San Jose/Santa Clara Water P C,16657,Commercial CHP,E1,0.8,Other Waste Biomass,"Other biomass gas (digester gas, methane, and Other biomass gases)",Internal combustion engine,Other,37.4344,-121.9464,2008-02-15,EIA 860M,2783
2023,5,MO,Sub 2 Generating Station,56126,City of Macon - (MO),11460,Electric Utility,1,1.8,Petroleum Liquids,"Distillate fuel oil, light fuel oil, FO2, diesel oil",Internal combustion engine,Oil,39.7503,-92.5,2023-05-15,EIA 860M,2784
2023,5,MO,Sub 2 Generating Station,56126,City of Macon - (MO),11460,Electric Utility,2,1.8,Petroleum Liquids,"Distillate fuel oil, light fuel oil, FO2, diesel oil",Internal combustion engine,Oil,39.7503,-92.5,2023-05-15,EIA 860M,2785
2023,5,MO,Sub 3 Generating Station,56128,City of Macon - (MO),11460,Electric Utility,4,1.8,Petroleum Liquids,"Distillate fuel oil, light fuel oil, FO2, diesel oil",Internal combustion engine,Oil,39.761389,-92.453333,2023-05-15,EIA 860M,2786
2023,5,MO,Sub 3 Generating Station,56128,City of Macon - (MO),11460,Electric Utility,3,1.8,Petroleum Liquids,"Distillate fuel oil, light fuel oil, FO2, diesel oil",Internal combustion engine,Oil,39.761389,-92.453333,2023-05-15,EIA 860M,2787
2023,5,MO,Sub 3 Generating Station,56128,City of Macon - (MO),11460,Electric Utility,2,1.8,Petroleum Liquids,"Distillate fuel oil, light fuel oil, FO2, diesel oil",Internal combustion engine,Oil,39.761389,-92.453333,2023-05-15,EIA 860M,2788
2023,5,MO,Sub 3 Generating Station,56128,City of Macon - (MO),11460,Electric Utility,1,1.8,Petroleum Liquids,"Distillate fuel oil, light fuel oil, FO2, diesel oil",Internal combustion engine,Oil,39.761389,-92.453333,2023-05-15,EIA 860M,2789
2009,5,SC,Cornell Dubilier,56130,South Carolina Public Service Authority,17543,Electric Utility,1,2.9,Petroleum Liquids,"Distillate fuel oil, light fuel oil, FO2, diesel oil",Internal combustion engine,Oil,34.815833,-82.698611,2009-05-15,EIA 860M,2790
2007,9,AK,False Island,56146,Alaska Power and Telephone Co,219,Electric Utility,3,0.3,Petroleum Liquids,"Distillate fuel oil, light fuel oil, FO2, diesel oil",Internal combustion engine,Oil,55.48918,-133.1345,2007-09-15,EIA 860M,2791
2022,6,NC,International Paper Riegelwood Mill,54656,International Paper Co-Riegelwood,9210,Industrial CHP,NO 1,7.5,Wood/Wood Waste Biomass,Black liquor,Steam turbine,Other,34.3533,-78.2137,2022-06-15,EIA 860M,2792
2016,10,UT,Kennecott Power Plant,56163,Kennecott Utah Copper,49805,Industrial CHP,2,25.0,Conventional Steam Coal,Bituminous coal,Steam turbine,Coal,40.7119,-112.1225,2016-10-15,EIA 860M,2793
2014,3,AK,Stebbins,57055,"Alaska Village Elec Coop, Inc",221,Electric Utility,UNIT1,0.5,Petroleum Liquids,"Distillate fuel oil, light fuel oil, FO2, diesel oil",Internal combustion engine,Oil,63.521047,-162.286322,2014-03-15,EIA 860M,2794
2019,12,UT,Kennecott Power Plant,56163,Kennecott Utah Copper,49805,Industrial CHP,4,82.0,Conventional Steam Coal,Bituminous coal,Steam turbine,Coal,40.7119,-112.1225,2019-12-15,EIA 860M,2795
2018,7,NC,International Paper Riegelwood Mill,54656,International Paper Co-Riegelwood,9210,Industrial CHP,NO 2,10.0,Wood/Wood Waste Biomass,Black liquor,Steam turbine,Other,34.3533,-78.2137,2018-07-15,EIA 860M,2796
2003,1,CO,La Junta,506,City of La Junta - (CO),10536,Electric Utility,5,1.2,Petroleum Liquids,"Distillate fuel oil, light fuel oil, FO2, diesel oil",Internal combustion engine,Oil,37.9876,-103.5468,2003-01-15,EIA 860M,2797
2020,9,CO,La Junta,506,City of La Junta - (CO),10536,Electric Utility,4,1.0,Petroleum Liquids,"Distillate fuel oil, light fuel oil, FO2, diesel oil",Internal combustion engine,Oil,37.9876,-103.5468,2020-09-15,EIA 860M,2798
2009,9,TX,TXU Sweetwater Generating Plant,50615,Luminant Generation Company LLC,55983,IPP CHP,STG1,101.0,Natural Gas Fired Combined Cycle,Natural gas,Combined cycle,Gas,32.492831,-100.364973,2009-09-15,EIA 860M,2799
2012,5,TX,TXU Sweetwater Generating Plant,50615,Luminant Generation Company LLC,55983,IPP CHP,GT03,99.0,Natural Gas Fired Combined Cycle,Natural gas,Combined cycle,Gas,32.492831,-100.364973,2012-05-15,EIA 860M,2800
2012,5,TX,TXU Sweetwater Generating Plant,50615,Luminant Generation Company LLC,55983,IPP CHP,GT02,99.0,Natural Gas Fired Combined Cycle,Natural gas,Combined cycle,Gas,32.492831,-100.364973,2012-05-15,EIA 860M,2801
2012,5,TX,TXU Sweetwater Generating Plant,50615,Luminant Generation Company LLC,55983,IPP CHP,GT01,45.0,Natural Gas Fired Combined Cycle,Natural gas,Combined cycle,Gas,32.492831,-100.364973,2012-05-15,EIA 860M,2802
2019,6,WI,Park Falls Industrial Management,50620,"Park Falls Industrial Management, LLC",54876,Industrial CHP,GEN1,5.7,Wood/Wood Waste Biomass,"Wood, Wood waste solid",Steam turbine,Other,45.9356,-90.4472,2019-06-15,EIA 860M,2803
2014,4,RI,Central Power Plant,50621,State of Rhode Island,18000,Commercial CHP,GEN3,2.0,Petroleum Liquids,"Distillate fuel oil, light fuel oil, FO2, diesel oil",Steam turbine,Oil,41.744973,-71.458415,2014-04-15,EIA 860M,2804
2004,1,RI,Central Power Plant,50621,State of Rhode Island,18000,Commercial CHP,GEN1,0.7,Petroleum Liquids,"Residual fuel oil, heavy fuel oil, Petroleum",Steam turbine,Oil,41.744973,-71.458415,2004-01-15,EIA 860M,2805
2020,5,CA,Gaviota Oil Plant,50623,Freeport McMoRan Oil & Gas,15174,Industrial CHP,GENA,3.5,Natural Gas Fired Combustion Turbine,Natural gas,Combustion turbine,Gas,34.475067,-120.205107,2020-05-15,EIA 860M,2806
2020,5,CA,Gaviota Oil Plant,50623,Freeport McMoRan Oil & Gas,15174,Industrial CHP,GENB,3.5,Natural Gas Fired Combustion Turbine,Natural gas,Combustion turbine,Gas,34.475067,-120.205107,2020-05-15,EIA 860M,2807
2020,5,CA,Gaviota Oil Plant,50623,Freeport McMoRan Oil & Gas,15174,Industrial CHP,GENC,3.5,Natural Gas Fired Combustion Turbine,Natural gas,Combustion turbine,Gas,34.475067,-120.205107,2020-05-15,EIA 860M,2808
2020,5,CA,Gaviota Oil Plant,50623,Freeport McMoRan Oil & Gas,15174,Industrial CHP,GEND,3.5,Natural Gas Fired Combustion Turbine,Natural gas,Combustion turbine,Gas,34.475067,-120.205107,2020-05-15,EIA 860M,2809
2024,12,CA,Covanta Stanislaus Energy,50632,Covanta Stanislaus Inc,4498,Commercial Non-CHP,GEN1,24.0,Municipal Solid Waste,Municipal solid waste,Steam turbine,Other,37.3853,-121.141,2024-12-15,EIA 860M,2810
2014,12,MN,Brainerd Public Utilities,50636,Brainerd Public Utilities,2138,Electric Utility,VPLS,0.6,Conventional Steam Coal,Bituminous coal,Steam turbine,Coal,46.3758,-94.1817,2014-12-15,EIA 860M,2811
2050,12,OK,Reworld Tulsa,50660,Reworld Tulsa LLC,56316,Commercial,GEN1,15.6,Municipal Solid Waste,Municipal solid waste,Steam turbine,Other,36.1319,-96.0181,2050-12-15,Electric Power Monthly Table 6.6,2812
2023,12,IL,INEOS Naperville Cogeneration Plant,50722,INEOS US Chemicals Company - Naperville Campus,64451,Commercial CHP,GEN1,8.3,Natural Gas Fired Combustion Turbine,Natural gas,Combustion turbine,Gas,41.8108,-88.1486,2023-12-15,EIA 860M,2813
2002,11,LA,ExxonMobil Garden City Gas Plant,50728,Exxon Mobil Production Co,6529,Industrial CHP,3,0.6,Natural Gas Steam Turbine,Natural gas,Steam turbine,Gas,29.7,-91.55,2002-11-15,EIA 860M,2814
2002,11,LA,ExxonMobil Garden City Gas Plant,50728,Exxon Mobil Production Co,6529,Industrial CHP,4,0.8,Natural Gas Fired Combustion Turbine,Natural gas,Combustion turbine,Gas,29.7,-91.55,2002-11-15,EIA 860M,2815
2002,11,LA,ExxonMobil Garden City Gas Plant,50728,Exxon Mobil Production Co,6529,Industrial CHP,1,0.6,Natural Gas Steam Turbine,Natural gas,Steam turbine,Gas,29.7,-91.55,2002-11-15,EIA 860M,2816
2002,11,LA,ExxonMobil Garden City Gas Plant,50728,Exxon Mobil Production Co,6529,Industrial CHP,2,0.6,Natural Gas Steam Turbine,Natural gas,Steam turbine,Gas,29.7,-91.55,2002-11-15,EIA 860M,2817
2020,6,FL,Telogia Power,50774,Telogia Power LLC,54827,IPP Non-CHP,GEN1,14.0,Wood/Wood Waste Biomass,"Wood, Wood waste solid",Steam turbine,Other,30.3349,-84.8182,2020-06-15,EIA 860M,2818
2023,10,NJ,Parlin Power Plant,50799,"Consolidated Edison Energy, Inc.",61536,IPP Non-CHP,GEN3,21.6,Natural Gas Fired Combined Cycle,Natural gas,Combined cycle,Gas,40.460717,-74.327161,2023-10-15,EIA 860M,2819
2023,10,NJ,Parlin Power Plant,50799,"Consolidated Edison Energy, Inc.",61536,IPP Non-CHP,GEN4,21.6,Natural Gas Fired Combined Cycle,Natural gas,Combined cycle,Gas,40.460717,-74.327161,2023-10-15,EIA 860M,2820
2023,10,NJ,Parlin Power Plant,50799,"Consolidated Edison Energy, Inc.",61536,IPP Non-CHP,GEN2,45.9,Natural Gas Fired Combined Cycle,Natural gas,Combined cycle,Gas,40.460717,-74.327161,2023-10-15,EIA 860M,2821
2023,10,NJ,Parlin Power Plant,50799,"Consolidated Edison Energy, Inc.",61536,IPP Non-CHP,GEN1,45.9,Natural Gas Fired Combined Cycle,Natural gas,Combined cycle,Gas,40.460717,-74.327161,2023-10-15,EIA 860M,2822
2011,11,CO,Lamar Plant,508,City of Lamar - (CO),10633,Electric Utility,4,25.0,Conventional Steam Coal,Subbituminous coal,Steam turbine,Coal,38.033327,-102.537915,2011-11-15,EIA 860M,2823
2014,9,CO,Lamar Plant,508,City of Lamar - (CO),10633,Electric Utility,6,18.5,Conventional Steam Coal,Subbituminous coal,Steam turbine,Coal,38.033327,-102.537915,2014-09-15,EIA 860M,2824
2014,9,CO,Lamar Plant,508,City of Lamar - (CO),10633,Electric Utility,5,4.2,Natural Gas Fired Combustion Turbine,Natural gas,Combustion turbine,Gas,38.033327,-102.537915,2014-09-15,EIA 860M,2825
2022,6,FL,WestRock Panama City Mill,50807,WestRock Corp-Panama City,18157,Industrial CHP,GEN6,20.0,Wood/Wood Waste Biomass,"Wood, Wood waste solid",Steam turbine,Other,30.141984,-85.621103,2022-06-15,EIA 860M,2826
2022,6,FL,WestRock Panama City Mill,50807,WestRock Corp-Panama City,18157,Industrial CHP,GEN3,4.0,Wood/Wood Waste Biomass,Black liquor,Steam turbine,Other,30.141984,-85.621103,2022-06-15,EIA 860M,2827
2022,6,FL,WestRock Panama City Mill,50807,WestRock Corp-Panama City,18157,Industrial CHP,GEN4,10.0,Wood/Wood Waste Biomass,Black liquor,Steam turbine,Other,30.141984,-85.621103,2022-06-15,EIA 860M,2828
2014,3,AK,Stebbins,57055,"Alaska Village Elec Coop, Inc",221,Electric Utility,UNIT2,0.4,Petroleum Liquids,"Distillate fuel oil, light fuel oil, FO2, diesel oil",Internal combustion engine,Oil,63.521047,-162.286322,2014-03-15,EIA 860M,2829
2016,10,UT,Kennecott Power Plant,56163,Kennecott Utah Copper,49805,Industrial CHP,3,25.0,Conventional Steam Coal,Bituminous coal,Steam turbine,Coal,40.7119,-112.1225,2016-10-15,EIA 860M,2830
2005,12,NM,Chino Mines,54667,FreePort-McMoRan-Corp-Chino Mines,3670,Industrial Non-CHP,8,30.0,Natural Gas Steam Turbine,Natural gas,Steam turbine,Gas,32.6956,-108.1225,2005-12-15,EIA 860M,2831
2004,12,NM,Chino Mines,54667,FreePort-McMoRan-Corp-Chino Mines,3670,Industrial Non-CHP,4,7.5,Natural Gas Steam Turbine,Natural gas,Steam turbine,Gas,32.6956,-108.1225,2004-12-15,EIA 860M,2832
2005,12,NM,Chino Mines,54667,FreePort-McMoRan-Corp-Chino Mines,3670,Industrial Non-CHP,5,10.0,Natural Gas Steam Turbine,Natural gas,Steam turbine,Gas,32.6956,-108.1225,2005-12-15,EIA 860M,2833
2021,2,SC,Spartanburg Water System,54675,Spartanburg Commissioners PW,17664,Commercial Non-CHP,DI3,1.3,Petroleum Liquids,"Distillate fuel oil, light fuel oil, FO2, diesel oil",Internal combustion engine,Oil,35.1103,-81.9675,2021-02-15,EIA 860M,2834
2011,6,SC,Spartanburg Water System,54675,Spartanburg Commissioners PW,17664,Commercial Non-CHP,DI1,1.6,Petroleum Liquids,"Distillate fuel oil, light fuel oil, FO2, diesel oil",Internal combustion engine,Oil,35.1103,-81.9675,2011-06-15,EIA 860M,2835
2003,1,ID,Amalgamated Sugar LLC Nampa,54690,Amalgamated Sugar Co-Nampa,24206,Industrial CHP,500,0.5,Natural Gas Steam Turbine,Natural gas,Steam turbine,Gas,43.6058,-116.5753,2003-01-15,EIA 860M,2836
2004,12,PA,York Generation Company LLC,54693,York Generation Company LLC,18458,IPP CHP,GT#4,8.3,Natural Gas Fired Combined Cycle,Natural gas,Combined cycle,Gas,39.985641,-76.676158,2004-12-15,EIA 860M,2837
2004,12,PA,York Generation Company LLC,54693,York Generation Company LLC,18458,IPP CHP,GT#3,8.3,Natural Gas Fired Combined Cycle,Natural gas,Combined cycle,Gas,39.985641,-76.676158,2004-12-15,EIA 860M,2838
2021,9,PA,York Generation Company LLC,54693,York Generation Company LLC,18458,IPP CHP,GT#1,8.3,Natural Gas Fired Combined Cycle,Natural gas,Combined cycle,Gas,39.985641,-76.676158,2021-09-15,EIA 860M,2839
2021,9,PA,York Generation Company LLC,54693,York Generation Company LLC,18458,IPP CHP,GT#5,8.3,Natural Gas Fired Combined Cycle,Natural gas,Combined cycle,Gas,39.985641,-76.676158,2021-09-15,EIA 860M,2840
2021,9,PA,York Generation Company LLC,54693,York Generation Company LLC,18458,IPP CHP,GT#6,8.3,Natural Gas Fired Combined Cycle,Natural gas,Combined cycle,Gas,39.985641,-76.676158,2021-09-15,EIA 860M,2841
2021,9,PA,York Generation Company LLC,54693,York Generation Company LLC,18458,IPP CHP,ST#1,9.5,Natural Gas Fired Combined Cycle,Natural gas,Combined cycle,Gas,39.985641,-76.676158,2021-09-15,EIA 860M,2842
2021,9,PA,York Generation Company LLC,54693,York Generation Company LLC,18458,IPP CHP,GT#2,8.3,Natural Gas Fired Combined Cycle,Natural gas,Combined cycle,Gas,39.985641,-76.676158,2021-09-15,EIA 860M,2843
2021,9,PA,York Generation Company LLC,54693,York Generation Company LLC,18458,IPP CHP,ST#2,9.5,Natural Gas Fired Combined Cycle,Natural gas,Combined cycle,Gas,39.985641,-76.676158,2021-09-15,EIA 860M,2844
2021,6,IA,Alliant SBD 8501 Aegon LI,54714,Industrial Energy Applications Inc,361,IPP Non-CHP,1794,1.1,Petroleum Liquids,"Distillate fuel oil, light fuel oil, FO2, diesel oil",Internal combustion engine,Oil,42.02425,-91.70405,2021-06-15,EIA 860M,2845
2021,6,IA,Alliant SBD 8501 Aegon LI,54714,Industrial Energy Applications Inc,361,IPP Non-CHP,1270,1.0,Petroleum Liquids,"Distillate fuel oil, light fuel oil, FO2, diesel oil",Internal combustion engine,Oil,42.02425,-91.70405,2021-06-15,EIA 860M,2846
2015,10,LA,Westrock Hodge (LA),50810,Westrock (LA),18155,Industrial CHP,NO 6,5.0,Wood/Wood Waste Biomass,Black liquor,Steam turbine,Other,32.2752,-92.7277,2015-10-15,EIA 860M,2847
2014,3,AK,Stebbins,57055,"Alaska Village Elec Coop, Inc",221,Electric Utility,UNIT3,0.3,Petroleum Liquids,"Distillate fuel oil, light fuel oil, FO2, diesel oil",Internal combustion engine,Oil,63.521047,-162.286322,2014-03-15,EIA 860M,2848
2016,10,UT,Kennecott Power Plant,56163,Kennecott Utah Copper,49805,Industrial CHP,1,50.0,Conventional Steam Coal,Bituminous coal,Steam turbine,Coal,40.7119,-112.1225,2016-10-15,EIA 860M,2849
2019,11,AR,Columbia Flooring Melbourne,56182,Unilin Flooring NC LLC-Columbia Flooring,49831,Industrial CHP,Kato,2.0,Wood/Wood Waste Biomass,"Wood, Wood waste solid",Steam turbine,Other,36.060514,-91.919802,2019-11-15,EIA 860M,2850
2006,10,MI,Modular Power LLC,56183,Michigan South Central Power Agency,12807,Electric Utility,1,1.6,Petroleum Liquids,"Distillate fuel oil, light fuel oil, FO2, diesel oil",Internal combustion engine,Oil,41.926111,-85.010277,2006-10-15,EIA 860M,2851
2006,10,MI,Modular Power LLC,56183,Michigan South Central Power Agency,12807,Electric Utility,6,1.6,Petroleum Liquids,"Distillate fuel oil, light fuel oil, FO2, diesel oil",Internal combustion engine,Oil,41.926111,-85.010277,2006-10-15,EIA 860M,2852
2006,10,MI,Modular Power LLC,56183,Michigan South Central Power Agency,12807,Electric Utility,3,1.6,Petroleum Liquids,"Distillate fuel oil, light fuel oil, FO2, diesel oil",Internal combustion engine,Oil,41.926111,-85.010277,2006-10-15,EIA 860M,2853
2006,10,MI,Modular Power LLC,56183,Michigan South Central Power Agency,12807,Electric Utility,5,1.8,Petroleum Liquids,"Distillate fuel oil, light fuel oil, FO2, diesel oil",Internal combustion engine,Oil,41.926111,-85.010277,2006-10-15,EIA 860M,2854
2006,10,MI,Modular Power LLC,56183,Michigan South Central Power Agency,12807,Electric Utility,4,1.6,Petroleum Liquids,"Distillate fuel oil, light fuel oil, FO2, diesel oil",Internal combustion engine,Oil,41.926111,-85.010277,2006-10-15,EIA 860M,2855
2006,10,MI,Modular Power LLC,56183,Michigan South Central Power Agency,12807,Electric Utility,9,1.6,Petroleum Liquids,"Distillate fuel oil, light fuel oil, FO2, diesel oil",Internal combustion engine,Oil,41.926111,-85.010277,2006-10-15,EIA 860M,2856
2006,1,LA,Westrock Hodge (LA),50810,Westrock (LA),18155,Industrial CHP,NO 4,3.0,Wood/Wood Waste Biomass,Black liquor,Steam turbine,Other,32.2752,-92.7277,2006-01-15,EIA 860M,2857
2006,10,MI,Modular Power LLC,56183,Michigan South Central Power Agency,12807,Electric Utility,8,1.6,Petroleum Liquids,"Distillate fuel oil, light fuel oil, FO2, diesel oil",Internal combustion engine,Oil,41.926111,-85.010277,2006-10-15,EIA 860M,2858
2006,10,MI,Modular Power LLC,56183,Michigan South Central Power Agency,12807,Electric Utility,7,1.6,Petroleum Liquids,"Distillate fuel oil, light fuel oil, FO2, diesel oil",Internal combustion engine,Oil,41.926111,-85.010277,2006-10-15,EIA 860M,2859
2006,10,MI,Modular Power LLC,56183,Michigan South Central Power Agency,12807,Electric Utility,2,1.8,Petroleum Liquids,"Distillate fuel oil, light fuel oil, FO2, diesel oil",Internal combustion engine,Oil,41.926111,-85.010277,2006-10-15,EIA 860M,2860
2004,5,CT,"Waterside Power, LLC",56189,"Waterside Power, LLC",49840,IPP Non-CHP,1,23.2,Petroleum Liquids,"Distillate fuel oil, light fuel oil, FO2, diesel oil",Combustion turbine,Oil,41.0372,-73.5564,2004-05-15,EIA 860M,2861
2006,2,CT,"Waterside Power, LLC",56189,"Waterside Power, LLC",49840,IPP Non-CHP,6,23.2,Petroleum Liquids,"Distillate fuel oil, light fuel oil, FO2, diesel oil",Combustion turbine,Oil,41.0372,-73.5564,2006-02-15,EIA 860M,2862
2004,5,CT,"Waterside Power, LLC",56189,"Waterside Power, LLC",49840,IPP Non-CHP,2,23.2,Petroleum Liquids,"Distillate fuel oil, light fuel oil, FO2, diesel oil",Combustion turbine,Oil,41.0372,-73.5564,2004-05-15,EIA 860M,2863
2021,11,OR,Alden Bailey Power Plant,56223,Clatskanie Peoples Util Dist,28541,Electric Utility,LOKI,10.9,Natural Gas Fired Combustion Turbine,Natural gas,Combustion turbine,Gas,46.158402,-123.40596,2021-11-15,EIA 860M,2864
2003,8,GA,Emory Hillandale Hospital,56231,DeKalb Regional Health System,50109,Commercial Non-CHP,03,1.5,Petroleum Liquids,"Distillate fuel oil, light fuel oil, FO2, diesel oil",Internal combustion engine,Oil,33.7036,-84.1494,2003-08-15,EIA 860M,2865
2024,4,CA,Southeast Resource Recovery,50837,SERRF Joint Powers Authority,16899,IPP CHP,GEN1,35.6,Municipal Solid Waste,Municipal solid waste,Steam turbine,Other,33.759236,-118.239922,2024-04-15,EIA 860M,2866
2024,12,MN,West Group Data Center F,56247,"Ryan Companies US, Inc.",66753,Commercial Non-CHP,1,2.0,Petroleum Liquids,"Distillate fuel oil, light fuel oil, FO2, diesel oil",Internal combustion engine,Oil,44.8283,-93.1167,2024-12-15,EIA 860M,2867
2006,12,LA,"Atlantic Alumina, Gramercy Operations",50846,Atalco Gramercy LLC,56097,Industrial CHP,GT1,16.0,Natural Gas Fired Combustion Turbine,Natural gas,Combustion turbine,Gas,30.054,-90.6693,2006-12-15,EIA 860M,2868
2023,2,AK,Quinhagak,57057,"Alaska Village Elec Coop, Inc",221,Electric Utility,UNIT1,0.4,Petroleum Liquids,"Distillate fuel oil, light fuel oil, FO2, diesel oil",Internal combustion engine,Oil,59.747436,-161.910647,2023-02-15,EIA 860M,2869
2019,8,AK,Quinhagak,57057,"Alaska Village Elec Coop, Inc",221,Electric Utility,UNIT3,0.4,Petroleum Liquids,"Distillate fuel oil, light fuel oil, FO2, diesel oil",Internal combustion engine,Oil,59.747436,-161.910647,2019-08-15,EIA 860M,2870
2018,4,AK,Pilot Station,57058,"Alaska Village Elec Coop, Inc",221,Electric Utility,UNIT1,0.4,Petroleum Liquids,"Distillate fuel oil, light fuel oil, FO2, diesel oil",Internal combustion engine,Oil,61.936456,-162.880706,2018-04-15,EIA 860M,2871
2022,7,AK,Pilot Station,57058,"Alaska Village Elec Coop, Inc",221,Electric Utility,UNIT3,0.3,Petroleum Liquids,"Distillate fuel oil, light fuel oil, FO2, diesel oil",Internal combustion engine,Oil,61.936456,-162.880706,2022-07-15,EIA 860M,2872
2019,6,AK,Elim,57060,"Alaska Village Elec Coop, Inc",221,Electric Utility,UNIT3,1.0,Petroleum Liquids,"Distillate fuel oil, light fuel oil, FO2, diesel oil",Internal combustion engine,Oil,64.616558,-162.263717,2019-06-15,EIA 860M,2873
2024,7,AK,Elim,57060,"Alaska Village Elec Coop, Inc",221,Electric Utility,UNIT2,0.4,Petroleum Liquids,"Distillate fuel oil, light fuel oil, FO2, diesel oil",Internal combustion engine,Oil,64.616558,-162.263717,2024-07-15,EIA 860M,2874
2015,8,AK,St. Michael,57061,"Alaska Village Elec Coop, Inc",221,Electric Utility,UNIT2,0.3,Petroleum Liquids,"Distillate fuel oil, light fuel oil, FO2, diesel oil",Internal combustion engine,Oil,63.4775,-162.0383,2015-08-15,EIA 860M,2875
2015,8,AK,St. Michael,57061,"Alaska Village Elec Coop, Inc",221,Electric Utility,UNIT1,0.5,Petroleum Liquids,"Distillate fuel oil, light fuel oil, FO2, diesel oil",Internal combustion engine,Oil,63.4775,-162.0383,2015-08-15,EIA 860M,2876
2015,8,AK,St. Michael,57061,"Alaska Village Elec Coop, Inc",221,Electric Utility,UNIT3,0.2,Petroleum Liquids,"Distillate fuel oil, light fuel oil, FO2, diesel oil",Internal combustion engine,Oil,63.4775,-162.0383,2015-08-15,EIA 860M,2877
2022,7,AK,Gambell,57062,"Alaska Village Elec Coop, Inc",221,Electric Utility,1A,0.3,Petroleum Liquids,"Distillate fuel oil, light fuel oil, FO2, diesel oil",Internal combustion engine,Oil,63.777058,-171.712439,2022-07-15,EIA 860M,2878
2006,8,AK,Gambell,57062,"Alaska Village Elec Coop, Inc",221,Electric Utility,UNIT1,0.3,Petroleum Liquids,"Distillate fuel oil, light fuel oil, FO2, diesel oil",Internal combustion engine,Oil,63.777058,-171.712439,2006-08-15,EIA 860M,2879
2023,12,AK,Kivalina,57065,"Alaska Village Elec Coop, Inc",221,Electric Utility,UNIT4,0.4,Petroleum Liquids,"Distillate fuel oil, light fuel oil, FO2, diesel oil",Internal combustion engine,Oil,67.726644,-164.538447,2023-12-15,EIA 860M,2880
2017,12,AK,Kasigluk,57066,"Alaska Village Elec Coop, Inc",221,Electric Utility,UNIT1,0.4,Petroleum Liquids,"Distillate fuel oil, light fuel oil, FO2, diesel oil",Internal combustion engine,Oil,60.8731,-162.5197,2017-12-15,EIA 860M,2881
2019,9,AK,Toksook Bay,57067,"Alaska Village Elec Coop, Inc",221,Electric Utility,UNIT1,0.4,Petroleum Liquids,"Distillate fuel oil, light fuel oil, FO2, diesel oil",Internal combustion engine,Oil,60.530142,-165.108575,2019-09-15,EIA 860M,2882
2018,12,GA,South Columbus Water Resource Facility,57076,Columbus Water Works,56367,Commercial CHP,GEN2,1.8,Other Waste Biomass,"Other biomass gas (digester gas, methane, and Other biomass gases)",Internal combustion engine,Other,32.4119,-84.9761,2018-12-15,EIA 860M,2883
2018,12,GA,South Columbus Water Resource Facility,57076,Columbus Water Works,56367,Commercial CHP,GEN1,1.8,Other Waste Biomass,"Other biomass gas (digester gas, methane, and Other biomass gases)",Internal combustion engine,Other,32.4119,-84.9761,2018-12-15,EIA 860M,2884
2023,11,WA,WestRock (WA),57099,WestRock (WA),59348,Industrial CHP,STG1,64.0,Wood/Wood Waste Biomass,Black liquor,Steam turbine,Other,47.266069,-122.428288,2023-11-15,EIA 860M,2885
2024,12,MA,Newark America Mill,57103,Newark America,56406,Industrial CHP,1,6.3,Natural Gas Steam Turbine,Natural gas,Steam turbine,Gas,42.561007,-71.848805,2024-12-15,EIA 860M,2886
2022,12,CA,Mesquite Lake Water & Power Plant 1,57154,Mesquite Lake Water & Power Plant 1,59186,IPP Non-CHP,1209,18.1,Wood/Wood Waste Biomass,"Wood, Wood waste solid",Steam turbine,Other,32.906569,-115.513747,2022-12-15,EIA 860M,2887
2021,1,OH,Bridgewater Dairy Anaerobic Digester,57173,Weaver Bridgewater Dairy,56498,Industrial Non-CHP,1,0.6,Other Waste Biomass,"Other biomass gas (digester gas, methane, and Other biomass gases)",Internal combustion engine,Other,41.6292,-84.6694,2021-01-15,EIA 860M,2888
2021,1,OH,Bridgewater Dairy Anaerobic Digester,57173,Weaver Bridgewater Dairy,56498,Industrial Non-CHP,2,0.6,Other Waste Biomass,"Other biomass gas (digester gas, methane, and Other biomass gases)",Internal combustion engine,Other,41.6292,-84.6694,2021-01-15,EIA 860M,2889
2039,10,CT,HSCo CHP,57179,"Cartier Energy, LLC",65384,Commercial,1,3.5,Natural Gas Fired Combustion Turbine,Natural gas,Combustion turbine,Gas,41.7614,-72.6686,2039-10-15,Electric Power Monthly Table 6.6,2890
2024,12,MN,Thomson Reuters Data Center Bldg H,57208,"Ryan Companies US, Inc.",66753,Commercial Non-CHP,3,2.0,Petroleum Liquids,"Distillate fuel oil, light fuel oil, FO2, diesel oil",Internal combustion engine,Oil,44.8289,-93.1167,2024-12-15,EIA 860M,2891
2024,12,MN,Thomson Reuters Data Center Bldg H,57208,"Ryan Companies US, Inc.",66753,Commercial Non-CHP,4,2.0,Petroleum Liquids,"Distillate fuel oil, light fuel oil, FO2, diesel oil",Internal combustion engine,Oil,44.8289,-93.1167,2024-12-15,EIA 860M,2892
2024,12,MN,Thomson Reuters Data Center Bldg H,57208,"Ryan Companies US, Inc.",66753,Commercial Non-CHP,1,2.0,Petroleum Liquids,"Distillate fuel oil, light fuel oil, FO2, diesel oil",Internal combustion engine,Oil,44.8289,-93.1167,2024-12-15,EIA 860M,2893
2024,12,MN,West Group Data Center F,56247,"Ryan Companies US, Inc.",66753,Commercial Non-CHP,4,2.0,Petroleum Liquids,"Distillate fuel oil, light fuel oil, FO2, diesel oil",Internal combustion engine,Oil,44.8283,-93.1167,2024-12-15,EIA 860M,2894
2010,2,LA,"Atlantic Alumina, Gramercy Operations",50846,Atalco Gramercy LLC,56097,Industrial CHP,GT2,16.0,Natural Gas Fired Combustion Turbine,Natural gas,Combustion turbine,Gas,30.054,-90.6693,2010-02-15,EIA 860M,2895
2021,3,NJ,Elmwood Park Power LLC,50852,Elmwood Park Power LLC,63363,IPP Non-CHP,GEN2,22.9,Natural Gas Fired Combined Cycle,Natural gas,Combined cycle,Gas,40.905337,-74.130448,2021-03-15,EIA 860M,2896
2021,3,NJ,Elmwood Park Power LLC,50852,Elmwood Park Power LLC,63363,IPP Non-CHP,GEN1,66.6,Natural Gas Fired Combined Cycle,Natural gas,Combined cycle,Gas,40.905337,-74.130448,2021-03-15,EIA 860M,2897
2013,9,NH,Wheelabrator Claremont Facility,50872,Wheelabrator Environmental Systems,20541,IPP Non-CHP,GEN1,4.5,Municipal Solid Waste,Municipal solid waste,Steam turbine,Other,43.344,-72.3773,2013-09-15,EIA 860M,2898
2020,2,PA,Wheelabrator Frackville Energy,50879,Wheelabrator Environmental Systems,20541,IPP CHP,GEN1,48.0,Conventional Steam Coal,Waste coal,Steam turbine,Coal,40.782377,-76.176184,2020-02-15,EIA 860M,2899
2007,12,CA,Wheelabrator Shasta,50881,"Shasta Sustainable Resource Management, Inc.",64579,IPP Non-CHP,GEN4,7.8,Wood/Wood Waste Biomass,"Wood, Wood waste solid",Steam turbine,Other,40.428329,-122.279248,2007-12-15,EIA 860M,2900
2013,10,VA,Covington Facility,50900,WestRock Corp,20508,Industrial CHP,GEN1,10.5,Conventional Steam Coal,Bituminous coal,Steam turbine,Coal,37.799722,-79.9947,2013-10-15,EIA 860M,2901
2013,12,VA,Covington Facility,50900,WestRock Corp,20508,Industrial CHP,GEN2,10.5,Conventional Steam Coal,Bituminous coal,Steam turbine,Coal,37.799722,-79.9947,2013-12-15,EIA 860M,2902
2009,1,VA,Covington Facility,50900,WestRock Corp,20508,Industrial CHP,GEN6,5.5,Wood/Wood Waste Biomass,Black liquor,Steam turbine,Other,37.799722,-79.9947,2009-01-15,EIA 860M,2903
2009,2,NM,Univ New Mexico Cogen Plant,50905,University of New Mexico,21964,Commercial CHP,1,2.5,Natural Gas Fired Combustion Turbine,Natural gas,Combustion turbine,Gas,35.120278,-106.609722,2009-02-15,EIA 860M,2904
2003,5,NM,Ford Utilities Center,50906,University of New Mexico,21964,Commercial CHP,2,1.5,Natural Gas Steam Turbine,Natural gas,Steam turbine,Gas,35.084078,-106.625191,2003-05-15,EIA 860M,2905
2016,8,IA,Des Moines Wastewater Reclamation Fac,50932,Des Moines Metro WRF,5089,Commercial CHP,01,0.6,Other Waste Biomass,"Other biomass gas (digester gas, methane, and Other biomass gases)",Internal combustion engine,Other,41.573415,-93.557743,2016-08-15,EIA 860M,2906
2016,8,IA,Des Moines Wastewater Reclamation Fac,50932,Des Moines Metro WRF,5089,Commercial CHP,03,0.6,Other Waste Biomass,"Other biomass gas (digester gas, methane, and Other biomass gases)",Internal combustion engine,Other,41.573415,-93.557743,2016-08-15,EIA 860M,2907
2016,8,IA,Des Moines Wastewater Reclamation Fac,50932,Des Moines Metro WRF,5089,Commercial CHP,02,0.6,Other Waste Biomass,"Other biomass gas (digester gas, methane, and Other biomass gases)",Internal combustion engine,Other,41.573415,-93.557743,2016-08-15,EIA 860M,2908
2012,12,WI,Rhinelander Mill,50933,Ahlstrom-Munksjo,61707,Industrial CHP,GEN3,4.0,Natural Gas Steam Turbine,Natural gas,Steam turbine,Gas,45.6394,-89.4205,2012-12-15,EIA 860M,2909
2024,2,IN,Caterpillar,50935,Caterpillar Inc,3179,Industrial Non-CHP,3512,0.9,Petroleum Liquids,"Distillate fuel oil, light fuel oil, FO2, diesel oil",Internal combustion engine,Oil,40.4175,-86.8447,2024-02-15,EIA 860M,2910
2024,2,IN,Caterpillar,50935,Caterpillar Inc,3179,Industrial Non-CHP,3516,1.2,Petroleum Liquids,"Distillate fuel oil, light fuel oil, FO2, diesel oil",Internal combustion engine,Oil,40.4175,-86.8447,2024-02-15,EIA 860M,2911
2022,9,MI,William Beaumont Hospital,50937,William Beaumont Hospital,20680,Commercial Non-CHP,GENB,1.9,Petroleum Liquids,"Distillate fuel oil, light fuel oil, FO2, diesel oil",Internal combustion engine,Oil,42.5175,-83.1919,2022-09-15,EIA 860M,2912
2022,9,MI,William Beaumont Hospital,50937,William Beaumont Hospital,20680,Commercial Non-CHP,GENA,1.9,Petroleum Liquids,"Distillate fuel oil, light fuel oil, FO2, diesel oil",Internal combustion engine,Oil,42.5175,-83.1919,2022-09-15,EIA 860M,2913
2003,12,CA,Wheelabrator Martell,50950,Wheelabrator Environmental Systems,20541,Industrial CHP,GEN1,23.0,Wood/Wood Waste Biomass,"Wood, Wood waste solid",Steam turbine,Other,38.367222,-120.804444,2003-12-15,EIA 860M,2914
2023,11,MA,Rousselot Inc,50955,Rousselot Inc,5623,Industrial CHP,GEN3,3.7,Natural Gas Steam Turbine,Natural gas,Steam turbine,Gas,42.521747,-70.938657,2023-11-15,EIA 860M,2915
2023,11,MA,Rousselot Inc,50955,Rousselot Inc,5623,Industrial CHP,GEN2,1.5,Natural Gas Steam Turbine,Natural gas,Steam turbine,Gas,42.521747,-70.938657,2023-11-15,EIA 860M,2916
2023,11,MA,Rousselot Inc,50955,Rousselot Inc,5623,Industrial CHP,GEN1,1.5,Natural Gas Steam Turbine,Natural gas,Steam turbine,Gas,42.521747,-70.938657,2023-11-15,EIA 860M,2917
2022,5,TN,Bowater Newsprint Calhoun Operation,50956,Resolute Forest Products,23931,Industrial CHP,GEN3,25.0,Wood/Wood Waste Biomass,Black liquor,Steam turbine,Other,35.2964,-84.7569,2022-05-15,EIA 860M,2918
2022,5,TN,Bowater Newsprint Calhoun Operation,50956,Resolute Forest Products,23931,Industrial CHP,GEN2,19.2,Wood/Wood Waste Biomass,Black liquor,Steam turbine,Other,35.2964,-84.7569,2022-05-15,EIA 860M,2919
2022,5,TN,Bowater Newsprint Calhoun Operation,50956,Resolute Forest Products,23931,Industrial CHP,GEN1,19.0,Wood/Wood Waste Biomass,Black liquor,Steam turbine,Other,35.2964,-84.7569,2022-05-15,EIA 860M,2920
2003,3,CA,Naval Hospital Medical Center,50963,Department of the Navy,2844,Commercial CHP,1TG,0.8,Natural Gas Fired Combustion Turbine,Natural gas,Combustion turbine,Gas,32.7261,-117.1464,2003-03-15,EIA 860M,2921
2003,4,CA,Naval Hospital Medical Center,50963,Department of the Navy,2844,Commercial CHP,3TG,0.8,Natural Gas Fired Combustion Turbine,Natural gas,Combustion turbine,Gas,32.7261,-117.1464,2003-04-15,EIA 860M,2922
2003,4,CA,Naval Hospital Medical Center,50963,Department of the Navy,2844,Commercial CHP,2TG,0.8,Natural Gas Fired Combustion Turbine,Natural gas,Combustion turbine,Gas,32.7261,-117.1464,2003-04-15,EIA 860M,2923
2019,3,VA,Bellmeade Power Station,50966,Virginia Electric & Power Co,19876,Electric Utility,3,110.0,Natural Gas Fired Combined Cycle,Natural gas,Combined cycle,Gas,37.4964,-77.4317,2019-03-15,EIA 860M,2924
2019,3,VA,Bellmeade Power Station,50966,Virginia Electric & Power Co,19876,Electric Utility,1,110.0,Natural Gas Fired Combined Cycle,Natural gas,Combined cycle,Gas,37.4964,-77.4317,2019-03-15,EIA 860M,2925
2019,3,VA,Bellmeade Power Station,50966,Virginia Electric & Power Co,19876,Electric Utility,2,110.0,Natural Gas Fired Combined Cycle,Natural gas,Combined cycle,Gas,37.4964,-77.4317,2019-03-15,EIA 860M,2926
2024,12,MN,Thomson Reuters Data Center Bldg H,57208,"Ryan Companies US, Inc.",66753,Commercial Non-CHP,2,2.0,Petroleum Liquids,"Distillate fuel oil, light fuel oil, FO2, diesel oil",Internal combustion engine,Oil,44.8289,-93.1167,2024-12-15,EIA 860M,2927
2024,12,MN,West Group Data Center F,56247,"Ryan Companies US, Inc.",66753,Commercial Non-CHP,3,2.0,Petroleum Liquids,"Distillate fuel oil, light fuel oil, FO2, diesel oil",Internal combustion engine,Oil,44.8283,-93.1167,2024-12-15,EIA 860M,2928
2024,12,MN,West Group Data Center F,56247,"Ryan Companies US, Inc.",66753,Commercial Non-CHP,2,2.0,Petroleum Liquids,"Distillate fuel oil, light fuel oil, FO2, diesel oil",Internal combustion engine,Oil,44.8283,-93.1167,2024-12-15,EIA 860M,2929
2018,2,CT,"John Street 1, 3, 4 & 5",56256,Connecticut Mun Elec Engy Coop,4180,Electric Utility,JS 3,1.8,Petroleum Liquids,"Distillate fuel oil, light fuel oil, FO2, diesel oil",Internal combustion engine,Oil,41.4458,-72.8364,2018-02-15,EIA 860M,2930
2018,2,CT,"John Street 1, 3, 4 & 5",56256,Connecticut Mun Elec Engy Coop,4180,Electric Utility,JS 5,1.8,Petroleum Liquids,"Distillate fuel oil, light fuel oil, FO2, diesel oil",Internal combustion engine,Oil,41.4458,-72.8364,2018-02-15,EIA 860M,2931
2018,2,CT,"John Street 1, 3, 4 & 5",56256,Connecticut Mun Elec Engy Coop,4180,Electric Utility,JS 4,1.8,Petroleum Liquids,"Distillate fuel oil, light fuel oil, FO2, diesel oil",Internal combustion engine,Oil,41.4458,-72.8364,2018-02-15,EIA 860M,2932
2011,2,CT,"John Street 1, 3, 4 & 5",56256,Connecticut Mun Elec Engy Coop,4180,Electric Utility,JS 1,1.8,Petroleum Liquids,"Distillate fuel oil, light fuel oil, FO2, diesel oil",Internal combustion engine,Oil,41.4458,-72.8364,2011-02-15,EIA 860M,2933
2020,4,WI,WPPI Hartford DG,56266,WPPI Energy,20858,Electric Utility,1,1.1,Petroleum Liquids,"Distillate fuel oil, light fuel oil, FO2, diesel oil",Internal combustion engine,Oil,43.3358,-88.4097,2020-04-15,EIA 860M,2934
2023,6,CT,South Meadow,563,NAES Corp,4426,IPP Non-CHP,13,41.8,Petroleum Liquids,Kerosene,Combustion turbine,Oil,41.7495,-72.6524,2023-06-15,EIA 860M,2935
2023,6,CT,South Meadow,563,NAES Corp,4426,IPP Non-CHP,12,41.8,Petroleum Liquids,Kerosene,Combustion turbine,Oil,41.7495,-72.6524,2023-06-15,EIA 860M,2936
2023,6,CT,South Meadow,563,NAES Corp,4426,IPP Non-CHP,11,41.8,Petroleum Liquids,Kerosene,Combustion turbine,Oil,41.7495,-72.6524,2023-06-15,EIA 860M,2937
2023,6,CT,South Meadow,563,NAES Corp,4426,IPP Non-CHP,14,41.8,Petroleum Liquids,Kerosene,Combustion turbine,Oil,41.7495,-72.6524,2023-06-15,EIA 860M,2938
2010,4,HI,Ewa Nui Substation DG,56330,Hawaiian Electric Co Inc,19547,Electric Utility,DG2,1.6,Petroleum Liquids,"Distillate fuel oil, light fuel oil, FO2, diesel oil",Internal combustion engine,Oil,21.3756,-158.0478,2010-04-15,EIA 860M,2939
2010,4,HI,Ewa Nui Substation DG,56330,Hawaiian Electric Co Inc,19547,Electric Utility,DG1,1.6,Petroleum Liquids,"Distillate fuel oil, light fuel oil, FO2, diesel oil",Internal combustion engine,Oil,21.3756,-158.0478,2010-04-15,EIA 860M,2940
2010,4,HI,Ewa Nui Substation DG,56330,Hawaiian Electric Co Inc,19547,Electric Utility,DG3,1.6,Petroleum Liquids,"Distillate fuel oil, light fuel oil, FO2, diesel oil",Internal combustion engine,Oil,21.3756,-158.0478,2010-04-15,EIA 860M,2941
2010,4,HI,Ewa Nui Substation DG,56330,Hawaiian Electric Co Inc,19547,Electric Utility,DG4,1.6,Petroleum Liquids,"Distillate fuel oil, light fuel oil, FO2, diesel oil",Internal combustion engine,Oil,21.3756,-158.0478,2010-04-15,EIA 860M,2942
2010,4,HI,Ewa Nui Substation DG,56330,Hawaiian Electric Co Inc,19547,Electric Utility,DG5,1.6,Petroleum Liquids,"Distillate fuel oil, light fuel oil, FO2, diesel oil",Internal combustion engine,Oil,21.3756,-158.0478,2010-04-15,EIA 860M,2943
2010,4,HI,Ewa Nui Substation DG,56330,Hawaiian Electric Co Inc,19547,Electric Utility,DG6,1.6,Petroleum Liquids,"Distillate fuel oil, light fuel oil, FO2, diesel oil",Internal combustion engine,Oil,21.3756,-158.0478,2010-04-15,EIA 860M,2944
2010,4,HI,Iwilei Tank Farm DG,56331,Hawaiian Electric Co Inc,19547,Electric Utility,DG2,1.6,Petroleum Liquids,"Distillate fuel oil, light fuel oil, FO2, diesel oil",Internal combustion engine,Oil,21.3169,-157.8764,2010-04-15,EIA 860M,2945
2010,4,HI,Iwilei Tank Farm DG,56331,Hawaiian Electric Co Inc,19547,Electric Utility,DG3,1.6,Petroleum Liquids,"Distillate fuel oil, light fuel oil, FO2, diesel oil",Internal combustion engine,Oil,21.3169,-157.8764,2010-04-15,EIA 860M,2946
2010,4,HI,Iwilei Tank Farm DG,56331,Hawaiian Electric Co Inc,19547,Electric Utility,DG1,1.6,Petroleum Liquids,"Distillate fuel oil, light fuel oil, FO2, diesel oil",Internal combustion engine,Oil,21.3169,-157.8764,2010-04-15,EIA 860M,2947
2010,4,HI,Helemano Substation DG,56332,Hawaiian Electric Co Inc,19547,Electric Utility,DG1,1.6,Petroleum Liquids,"Distillate fuel oil, light fuel oil, FO2, diesel oil",Internal combustion engine,Oil,21.5292,-158.0458,2010-04-15,EIA 860M,2948
2010,4,HI,Helemano Substation DG,56332,Hawaiian Electric Co Inc,19547,Electric Utility,DG3,1.6,Petroleum Liquids,"Distillate fuel oil, light fuel oil, FO2, diesel oil",Internal combustion engine,Oil,21.5292,-158.0458,2010-04-15,EIA 860M,2949
2010,4,HI,Helemano Substation DG,56332,Hawaiian Electric Co Inc,19547,Electric Utility,DG2,1.6,Petroleum Liquids,"Distillate fuel oil, light fuel oil, FO2, diesel oil",Internal combustion engine,Oil,21.5292,-158.0458,2010-04-15,EIA 860M,2950
2024,9,VA,Danville New Design Plant,56363,City of Danville - (VA),4794,Electric Utility,GEN 1,1.8,Petroleum Liquids,"Distillate fuel oil, light fuel oil, FO2, diesel oil",Internal combustion engine,Oil,36.63161,-79.39775,2024-09-15,EIA 860M,2951
2020,7,VA,Danville Westover Plant,56365,City of Danville - (VA),4794,Electric Utility,GEN1,1.8,Petroleum Liquids,"Distillate fuel oil, light fuel oil, FO2, diesel oil",Internal combustion engine,Oil,36.6114,-79.4631,2020-07-15,EIA 860M,2952
2020,9,ID,Cargill Dry Creek Biofactory,57344,"AgPower DCD, LLC",58992,Industrial CHP,GS1,0.8,Other Waste Biomass,"Other biomass gas (digester gas, methane, and Other biomass gases)",Internal combustion engine,Other,42.424937,-114.229225,2020-09-15,EIA 860M,2953
2020,9,ID,Cargill Dry Creek Biofactory,57344,"AgPower DCD, LLC",58992,Industrial CHP,GS2,0.8,Other Waste Biomass,"Other biomass gas (digester gas, methane, and Other biomass gases)",Internal combustion engine,Other,42.424937,-114.229225,2020-09-15,EIA 860M,2954
2020,9,ID,Cargill Dry Creek Biofactory,57344,"AgPower DCD, LLC",58992,Industrial CHP,GS3,0.8,Other Waste Biomass,"Other biomass gas (digester gas, methane, and Other biomass gases)",Internal combustion engine,Other,42.424937,-114.229225,2020-09-15,EIA 860M,2955
2031,3,CA,Caltech Central,57460,Bloom Energy 2009 PPA,56778,IPP,CL01,0.1,Other Natural Gas,Natural gas,Fuel cell,Gas,34.1358,-118.1267,2031-03-15,Electric Power Monthly Table 6.6,2956
2031,3,CA,Caltech Central,57460,Bloom Energy 2009 PPA,56778,IPP,CL00,0.1,Other Natural Gas,Natural gas,Fuel cell,Gas,34.1358,-118.1267,2031-03-15,Electric Power Monthly Table 6.6,2957
2031,3,CA,Caltech Central,57460,Bloom Energy 2009 PPA,56778,IPP,CL03,0.1,Other Natural Gas,Natural gas,Fuel cell,Gas,34.1358,-118.1267,2031-03-15,Electric Power Monthly Table 6.6,2958
2031,3,CA,Caltech Central,57460,Bloom Energy 2009 PPA,56778,IPP,CL04,0.1,Other Natural Gas,Natural gas,Fuel cell,Gas,34.1358,-118.1267,2031-03-15,Electric Power Monthly Table 6.6,2959
2031,3,CA,Caltech Central,57460,Bloom Energy 2009 PPA,56778,IPP,CL05,0.1,Other Natural Gas,Natural gas,Fuel cell,Gas,34.1358,-118.1267,2031-03-15,Electric Power Monthly Table 6.6,2960
2031,3,CA,Caltech Central,57460,Bloom Energy 2009 PPA,56778,IPP,CL06,0.1,Other Natural Gas,Natural gas,Fuel cell,Gas,34.1358,-118.1267,2031-03-15,Electric Power Monthly Table 6.6,2961
2031,3,CA,Caltech Central,57460,Bloom Energy 2009 PPA,56778,IPP,CL07,0.1,Other Natural Gas,Natural gas,Fuel cell,Gas,34.1358,-118.1267,2031-03-15,Electric Power Monthly Table 6.6,2962
2031,3,CA,Caltech Central,57460,Bloom Energy 2009 PPA,56778,IPP,CL08,0.1,Other Natural Gas,Natural gas,Fuel cell,Gas,34.1358,-118.1267,2031-03-15,Electric Power Monthly Table 6.6,2963
2031,3,CA,Caltech Central,57460,Bloom Energy 2009 PPA,56778,IPP,CL09,0.1,Other Natural Gas,Natural gas,Fuel cell,Gas,34.1358,-118.1267,2031-03-15,Electric Power Monthly Table 6.6,2964
2031,3,CA,Caltech Central,57460,Bloom Energy 2009 PPA,56778,IPP,CL10,0.1,Other Natural Gas,Natural gas,Fuel cell,Gas,34.1358,-118.1267,2031-03-15,Electric Power Monthly Table 6.6,2965
2031,3,CA,Caltech Central,57460,Bloom Energy 2009 PPA,56778,IPP,CL02,0.1,Other Natural Gas,Natural gas,Fuel cell,Gas,34.1358,-118.1267,2031-03-15,Electric Power Monthly Table 6.6,2966
2023,11,AL,Westervelt Moundville Cogen,57467,The Westervelt Co,56785,Industrial CHP,TG1,13.0,Wood/Wood Waste Biomass,"Wood, Wood waste solid",Steam turbine,Other,32.960714,-87.655419,2023-11-15,EIA 860M,2967
2023,12,CA,Cal State Univ San Bernardino FC01,57544,Southern California Edison Co,17609,Electric Utility,FC01,1.4,Other Natural Gas,Natural gas,Fuel cell,Gas,34.185833,-117.324167,2023-12-15,EIA 860M,2968
2012,3,CA,Algonquin Power Sanger LLC,57564,Algonquin Power Sanger LLC,56905,IPP Non-CHP,STG,12.5,Natural Gas Fired Combined Cycle,Natural gas,Combined cycle,Gas,36.6842,-119.5522,2012-03-15,EIA 860M,2969
2015,8,IN,"Bos Dairy, LLC",57625,"Bos Dairy, LLC",56953,Industrial Non-CHP,BOS1,0.4,Other Waste Biomass,"Other biomass gas (digester gas, methane, and Other biomass gases)",Internal combustion engine,Other,41.1153,-87.2328,2015-08-15,EIA 860M,2970
2025,5,CT,Norden 1-3,57689,Third Taxing District of Norwalk,57015,Electric Utility,NORD1,2.0,Petroleum Liquids,"Distillate fuel oil, light fuel oil, FO2, diesel oil",Internal combustion engine,Oil,41.1117,-73.3928,2025-05-15,EIA 860M,2971
2025,5,CT,Norden 1-3,57689,Third Taxing District of Norwalk,57015,Electric Utility,NORD2,2.0,Petroleum Liquids,"Distillate fuel oil, light fuel oil, FO2, diesel oil",Internal combustion engine,Oil,41.1117,-73.3928,2025-05-15,EIA 860M,2972
2025,5,CT,Norden 1-3,57689,Third Taxing District of Norwalk,57015,Electric Utility,NORD3,2.0,Petroleum Liquids,"Distillate fuel oil, light fuel oil, FO2, diesel oil",Internal combustion engine,Oil,41.1117,-73.3928,2025-05-15,EIA 860M,2973
2021,12,CA,UCSD Fuel Cell Plant,57735,BioFuels Point Loma LLC,57047,IPP Non-CHP,UCSD,3.0,Other Natural Gas,Natural gas,Fuel cell,Gas,32.877222,-117.234722,2021-12-15,EIA 860M,2974
2021,12,CA,South Bay Fuel Cell Plant,57770,BioFuels Point Loma LLC,57047,IPP Non-CHP,SBFC,1.5,Other Natural Gas,Natural gas,Fuel cell,Gas,32.543333,-117.067778,2021-12-15,EIA 860M,2975
2013,2,TX,Domain Integrated Energy System,56373,Austin Energy,1015,Electric Utility,DOMG1,5.0,Natural Gas Fired Combustion Turbine,Natural gas,Combustion turbine,Gas,30.397419,-97.724992,2013-02-15,EIA 860M,2976
2026,3,OR,Dry Creek LFG to Energy Project,56461,Oregon Environmental Industries LLC,54878,Commercial,DC1,1.5,Landfill Gas,Landfill gas,Internal combustion engine,Gas,42.3844,-122.7718,2026-03-15,Electric Power Monthly Table 6.6,2977
2026,3,OR,Dry Creek LFG to Energy Project,56461,Oregon Environmental Industries LLC,54878,Commercial,DC2,1.5,Landfill Gas,Landfill gas,Internal combustion engine,Gas,42.3844,-122.7718,2026-03-15,Electric Power Monthly Table 6.6,2978
2011,11,IL,Geneva Generation Facility,56462,City of Geneva- (IL),7096,Electric Utility,GEN6,2.0,Petroleum Liquids,"Distillate fuel oil, light fuel oil, FO2, diesel oil",Internal combustion engine,Oil,41.8911,-88.2711,2011-11-15,EIA 860M,2979
2019,3,VA,Dean Drive Area Electric Generators,56491,City of Manassas - (VA),11560,Electric Utility,PG1,1.6,Petroleum Liquids,"Distillate fuel oil, light fuel oil, FO2, diesel oil",Internal combustion engine,Oil,38.7486,-77.4908,2019-03-15,EIA 860M,2980
2019,3,VA,Dean Drive Area Electric Generators,56491,City of Manassas - (VA),11560,Electric Utility,PG2,1.6,Petroleum Liquids,"Distillate fuel oil, light fuel oil, FO2, diesel oil",Internal combustion engine,Oil,38.7486,-77.4908,2019-03-15,EIA 860M,2981
2010,4,HI,Kalaeoloa Pole Yard DG,56514,Hawaiian Electric Co Inc,19547,Electric Utility,DG2,1.6,Petroleum Liquids,"Distillate fuel oil, light fuel oil, FO2, diesel oil",Internal combustion engine,Oil,21.3014,-158.0958,2010-04-15,EIA 860M,2982
2010,4,HI,Kalaeoloa Pole Yard DG,56514,Hawaiian Electric Co Inc,19547,Electric Utility,DG1,1.6,Petroleum Liquids,"Distillate fuel oil, light fuel oil, FO2, diesel oil",Internal combustion engine,Oil,21.3014,-158.0958,2010-04-15,EIA 860M,2983
2010,4,HI,Kalaeoloa Pole Yard DG,56514,Hawaiian Electric Co Inc,19547,Electric Utility,DG3,1.6,Petroleum Liquids,"Distillate fuel oil, light fuel oil, FO2, diesel oil",Internal combustion engine,Oil,21.3014,-158.0958,2010-04-15,EIA 860M,2984
2010,4,HI,CEIP Substation Distributed Generation,56515,Hawaiian Electric Co Inc,19547,Electric Utility,DG2,1.6,Petroleum Liquids,"Distillate fuel oil, light fuel oil, FO2, diesel oil",Internal combustion engine,Oil,21.3278,-158.0964,2010-04-15,EIA 860M,2985
2010,4,HI,CEIP Substation Distributed Generation,56515,Hawaiian Electric Co Inc,19547,Electric Utility,DG3,1.6,Petroleum Liquids,"Distillate fuel oil, light fuel oil, FO2, diesel oil",Internal combustion engine,Oil,21.3278,-158.0964,2010-04-15,EIA 860M,2986
2010,4,HI,CEIP Substation Distributed Generation,56515,Hawaiian Electric Co Inc,19547,Electric Utility,DG1,1.6,Petroleum Liquids,"Distillate fuel oil, light fuel oil, FO2, diesel oil",Internal combustion engine,Oil,21.3278,-158.0964,2010-04-15,EIA 860M,2987
2012,3,MO,Elm Street Substation Generators,56597,City of Farmington - (MO),6205,Electric Utility,EP04,2.0,Petroleum Liquids,"Distillate fuel oil, light fuel oil, FO2, diesel oil",Internal combustion engine,Oil,37.7814,-90.4156,2012-03-15,EIA 860M,2988
2012,3,MO,Walton Street Substation,56598,City of Farmington - (MO),6205,Electric Utility,EP05,2.0,Petroleum Liquids,"Distillate fuel oil, light fuel oil, FO2, diesel oil",Internal combustion engine,Oil,37.7881,-90.4336,2012-03-15,EIA 860M,2989
2012,3,MO,Walton Street Substation,56598,City of Farmington - (MO),6205,Electric Utility,EP06,2.0,Petroleum Liquids,"Distillate fuel oil, light fuel oil, FO2, diesel oil",Internal combustion engine,Oil,37.7881,-90.4336,2012-03-15,EIA 860M,2990
2012,3,MO,Jefferson Street Substation,56599,City of Farmington - (MO),6205,Electric Utility,EP08,2.0,Petroleum Liquids,"Distillate fuel oil, light fuel oil, FO2, diesel oil",Internal combustion engine,Oil,37.7694,-90.4258,2012-03-15,EIA 860M,2991
2012,3,MO,Jefferson Street Substation,56599,City of Farmington - (MO),6205,Electric Utility,EP09,2.0,Petroleum Liquids,"Distillate fuel oil, light fuel oil, FO2, diesel oil",Internal combustion engine,Oil,37.7694,-90.4258,2012-03-15,EIA 860M,2992
2012,3,MO,Jefferson Street Substation,56599,City of Farmington - (MO),6205,Electric Utility,EP10,2.0,Petroleum Liquids,"Distillate fuel oil, light fuel oil, FO2, diesel oil",Internal combustion engine,Oil,37.7694,-90.4258,2012-03-15,EIA 860M,2993
2012,2,CA,Turlock Irrigation District Fuel Cell,56631,Turlock Irrigation District,19281,Electric Utility,TFC,1.2,Other Waste Biomass,"Other biomass gas (digester gas, methane, and Other biomass gases)",Fuel cell,Other,37.4833,-120.8675,2012-02-15,EIA 860M,2994
2018,10,MD,NIH Cogeneration Facility,56668,National Institutes of Health,55917,Commercial Non-CHP,CGTG,22.0,Natural Gas Fired Combustion Turbine,Natural gas,Combustion turbine,Gas,39.0,-77.0939,2018-10-15,EIA 860M,2995
2023,12,VA,Rockville 1 & 2,56692,Industrial Power Generating Company LLC,55938,IPP Non-CHP,2L,0.3,Petroleum Liquids,"Distillate fuel oil, light fuel oil, FO2, diesel oil",Internal combustion engine,Oil,37.7036,-77.6639,2023-12-15,EIA 860M,2996
2023,12,VA,Rockville 1 & 2,56692,Industrial Power Generating Company LLC,55938,IPP Non-CHP,1L,0.3,Petroleum Liquids,"Distillate fuel oil, light fuel oil, FO2, diesel oil",Internal combustion engine,Oil,37.7036,-77.6639,2023-12-15,EIA 860M,2997
2023,12,VA,Rockville 1 & 2,56692,Industrial Power Generating Company LLC,55938,IPP Non-CHP,1K,0.3,Petroleum Liquids,"Distillate fuel oil, light fuel oil, FO2, diesel oil",Internal combustion engine,Oil,37.7036,-77.6639,2023-12-15,EIA 860M,2998
2023,12,VA,Rockville 1 & 2,56692,Industrial Power Generating Company LLC,55938,IPP Non-CHP,2E,0.3,Petroleum Liquids,"Distillate fuel oil, light fuel oil, FO2, diesel oil",Internal combustion engine,Oil,37.7036,-77.6639,2023-12-15,EIA 860M,2999
2023,12,VA,Rockville 1 & 2,56692,Industrial Power Generating Company LLC,55938,IPP Non-CHP,2I,0.3,Petroleum Liquids,"Distillate fuel oil, light fuel oil, FO2, diesel oil",Internal combustion engine,Oil,37.7036,-77.6639,2023-12-15,EIA 860M,3000
2029,12,WI,Columbia (WI),8023,Wisconsin Power & Light Co,20856,Electric Utility,2,568.0,Conventional Steam Coal,Subbituminous coal,Steam turbine,Coal,43.4864,-89.4203,2029-12-15,Electric Power Monthly Table 6.6,3001
2012,12,MN,Montgomery,8025,Interstate Power and Light Co,9417,Electric Utility,1,28.8,Petroleum Liquids,"Distillate fuel oil, light fuel oil, FO2, diesel oil",Combustion turbine,Oil,44.4421,-93.565,2012-12-15,EIA 860M,3002
2025,5,MN,Blue Lake,8027,Northern States Power Co - Minnesota,13781,Electric Utility,3,56.7,Petroleum Liquids,"Distillate fuel oil, light fuel oil, FO2, diesel oil",Combustion turbine,Oil,44.7855,-93.4315,2025-05-15,EIA 860M,3003
2025,5,MN,Blue Lake,8027,Northern States Power Co - Minnesota,13781,Electric Utility,4,56.7,Petroleum Liquids,"Distillate fuel oil, light fuel oil, FO2, diesel oil",Combustion turbine,Oil,44.7855,-93.4315,2025-05-15,EIA 860M,3004
2025,5,MN,Blue Lake,8027,Northern States Power Co - Minnesota,13781,Electric Utility,1,56.7,Petroleum Liquids,"Distillate fuel oil, light fuel oil, FO2, diesel oil",Combustion turbine,Oil,44.7855,-93.4315,2025-05-15,EIA 860M,3005
2025,5,MN,Blue Lake,8027,Northern States Power Co - Minnesota,13781,Electric Utility,2,56.7,Petroleum Liquids,"Distillate fuel oil, light fuel oil, FO2, diesel oil",Combustion turbine,Oil,44.7855,-93.4315,2025-05-15,EIA 860M,3006
2021,12,WY,Arvada,8028,Basin Electric Power Coop,1307,Electric Utility,3,7.5,Natural Gas Fired Combustion Turbine,Natural gas,Combustion turbine,Gas,44.69,-106.1092,2021-12-15,EIA 860M,3007
2017,3,WI,Juneau,8050,Wisconsin River Power Company,20863,Electric Utility,31,16.0,Petroleum Liquids,"Distillate fuel oil, light fuel oil, FO2, diesel oil",Combustion turbine,Oil,44.0575,-90.0242,2017-03-15,EIA 860M,3008
2035,6,MS,Gerald Andrus,8054,Entergy Mississippi LLC,12685,Electric Utility,1,706.5,Natural Gas Steam Turbine,Natural gas,Steam turbine,Gas,33.35,-91.1167,2035-06-15,Electric Power Monthly Table 6.6,3009
2028,6,LA,Waterford 1 & 2,8056,Entergy Louisiana LLC,11241,Electric Utility,2,418.1,Natural Gas Steam Turbine,Natural gas,Steam turbine,Gas,29.998884,-90.47684,2028-06-15,Electric Power Monthly Table 6.6,3010
2024,3,LA,Waterford 1 & 2,8056,Entergy Louisiana LLC,11241,Electric Utility,1,445.5,Natural Gas Steam Turbine,Natural gas,Steam turbine,Gas,29.998884,-90.47684,2024-03-15,EIA 860M,3011
2013,12,TX,DeCordova Steam Electric Station,8063,Luminant Generation Company LLC,55983,IPP Non-CHP,1,799.2,Natural Gas Steam Turbine,Natural gas,Steam turbine,Gas,32.403056,-97.700556,2013-12-15,EIA 860M,3012
2026,12,CO,Fort Lupton,8067,Public Service Co of Colorado,15466,Electric Utility,2,44.0,Natural Gas Fired Combustion Turbine,Natural gas,Combustion turbine,Gas,40.0922,-104.796,2026-12-15,Electric Power Monthly Table 6.6,3013
2026,12,CO,Fort Lupton,8067,Public Service Co of Colorado,15466,Electric Utility,1,44.0,Natural Gas Fired Combustion Turbine,Natural gas,Combustion turbine,Gas,40.0922,-104.796,2026-12-15,Electric Power Monthly Table 6.6,3014
2027,1,CA,Ellwood,8076,"Ellwood Power, LLC",63844,IPP,01,54.0,Natural Gas Fired Combustion Turbine,Natural gas,Combustion turbine,Gas,34.431419,-119.900055,2027-01-15,Electric Power Monthly Table 6.6,3015
2004,2,HI,Keahole,8083,Hawaii Electric Light Co Inc,8287,Electric Utility,18,2.5,Petroleum Liquids,"Distillate fuel oil, light fuel oil, FO2, diesel oil",Internal combustion engine,Oil,19.7317,-156.0283,2004-02-15,EIA 860M,3016
2004,2,HI,Keahole,8083,Hawaii Electric Light Co Inc,8287,Electric Utility,19,2.5,Petroleum Liquids,"Distillate fuel oil, light fuel oil, FO2, diesel oil",Internal combustion engine,Oil,19.7317,-156.0283,2004-02-15,EIA 860M,3017
2004,5,HI,Keahole,8083,Hawaii Electric Light Co Inc,8287,Electric Utility,20,2.5,Petroleum Liquids,"Distillate fuel oil, light fuel oil, FO2, diesel oil",Internal combustion engine,Oil,19.7317,-156.0283,2004-05-15,EIA 860M,3018
2005,4,MN,Halstad,8105,City of Halstad - (MN),7969,Electric Utility,3,0.2,Petroleum Liquids,"Distillate fuel oil, light fuel oil, FO2, diesel oil",Internal combustion engine,Oil,47.350064,-96.831911,2005-04-15,EIA 860M,3019
2005,4,MN,Halstad,8105,City of Halstad - (MN),7969,Electric Utility,2,0.3,Petroleum Liquids,"Distillate fuel oil, light fuel oil, FO2, diesel oil",Internal combustion engine,Oil,47.350064,-96.831911,2005-04-15,EIA 860M,3020
2005,4,MN,Halstad,8105,City of Halstad - (MN),7969,Electric Utility,1,0.6,Petroleum Liquids,"Distillate fuel oil, light fuel oil, FO2, diesel oil",Internal combustion engine,Oil,47.350064,-96.831911,2005-04-15,EIA 860M,3021
2016,7,IA,Tipton,8106,City of Tipton - (IA),18947,Electric Utility,4,0.3,Petroleum Liquids,"Distillate fuel oil, light fuel oil, FO2, diesel oil",Internal combustion engine,Oil,41.7717,-91.1321,2016-07-15,EIA 860M,3022
2011,4,IA,Hopkinton,8108,City of Hopkinton - (IA),8847,Electric Utility,IC3,1.2,Petroleum Liquids,"Distillate fuel oil, light fuel oil, FO2, diesel oil",Internal combustion engine,Oil,42.343542,-91.2471,2011-04-15,EIA 860M,3023
2011,5,IA,Hopkinton,8108,City of Hopkinton - (IA),8847,Electric Utility,IC2,1.7,Petroleum Liquids,"Distillate fuel oil, light fuel oil, FO2, diesel oil",Internal combustion engine,Oil,42.343542,-91.2471,2011-05-15,EIA 860M,3024
2002,1,MO,Stanberry,8110,City of Stanberry - (MO),17946,Electric Utility,3,0.3,Petroleum Liquids,"Distillate fuel oil, light fuel oil, FO2, diesel oil",Internal combustion engine,Oil,40.212746,-94.542359,2002-01-15,EIA 860M,3025
2002,1,MO,Stanberry,8110,City of Stanberry - (MO),17946,Electric Utility,4,0.3,Petroleum Liquids,"Distillate fuel oil, light fuel oil, FO2, diesel oil",Internal combustion engine,Oil,40.212746,-94.542359,2002-01-15,EIA 860M,3026
2029,12,CO,Ray D Nixon,8219,City of Colorado Springs - (CO),3989,Electric Utility,1,195.0,Conventional Steam Coal,Subbituminous coal,Steam turbine,Coal,38.633451,-104.70577,2029-12-15,Electric Power Monthly Table 6.6,3027
2027,12,AZ,Springerville,8223,Tucson Electric Power Co,24211,Electric Utility,1,381.0,Conventional Steam Coal,Subbituminous coal,Steam turbine,Coal,34.3186,-109.1639,2027-12-15,Electric Power Monthly Table 6.6,3028
2032,12,AZ,Springerville,8223,Tucson Electric Power Co,24211,Electric Utility,2,406.0,Conventional Steam Coal,Subbituminous coal,Steam turbine,Coal,34.3186,-109.1639,2032-12-15,Electric Power Monthly Table 6.6,3029
2022,3,PA,Cheswick Power Plant,8226,"GenOn Power Midwest, LP",14165,IPP Non-CHP,1,637.0,Conventional Steam Coal,Bituminous coal,Steam turbine,Coal,40.5383,-79.7906,2022-03-15,EIA 860M,3030
2022,12,IL,E D Edwards,856,Illinois Power Resources Generating LLC,49756,IPP Non-CHP,2,280.5,Conventional Steam Coal,Subbituminous coal,Steam turbine,Coal,40.5958,-89.6631,2022-12-15,EIA 860M,3031
2015,12,IL,E D Edwards,856,Illinois Power Resources Generating LLC,49756,IPP Non-CHP,1,136.0,Conventional Steam Coal,Subbituminous coal,Steam turbine,Coal,40.5958,-89.6631,2015-12-15,EIA 860M,3032
2022,12,IL,E D Edwards,856,Illinois Power Resources Generating LLC,49756,IPP Non-CHP,3,363.8,Conventional Steam Coal,Subbituminous coal,Steam turbine,Coal,40.5958,-89.6631,2022-12-15,EIA 860M,3033
2009,4,IL,Sterling Avenue,860,Illinois Power Resources Generating LLC,49756,IPP Non-CHP,2,18.0,Natural Gas Fired Combustion Turbine,Natural gas,Combustion turbine,Gas,40.625278,-89.631111,2009-04-15,EIA 860M,3034
2009,4,IL,Sterling Avenue,860,Illinois Power Resources Generating LLC,49756,IPP Non-CHP,1,18.0,Natural Gas Fired Combustion Turbine,Natural gas,Combustion turbine,Gas,40.625278,-89.631111,2009-04-15,EIA 860M,3035
2019,11,IL,Coffeen,861,Illinois Power Generating Co,520,IPP Non-CHP,2,616.5,Conventional Steam Coal,Refined coal,Steam turbine,Coal,39.0586,-89.4031,2019-11-15,EIA 860M,3036
2019,11,IL,Coffeen,861,Illinois Power Generating Co,520,IPP Non-CHP,1,388.9,Conventional Steam Coal,Refined coal,Steam turbine,Coal,39.0586,-89.4031,2019-11-15,EIA 860M,3037
2024,4,IL,Grand Tower Energy Center LLC,862,Mainline Generation LLC,59371,IPP Non-CHP,2,223.2,Natural Gas Fired Combined Cycle,Natural gas,Combined cycle,Gas,37.6577,-89.511161,2024-04-15,EIA 860M,3038
2024,4,IL,Grand Tower Energy Center LLC,862,Mainline Generation LLC,59371,IPP Non-CHP,4,113.6,Natural Gas Fired Combined Cycle,Natural gas,Combined cycle,Gas,37.6577,-89.511161,2024-04-15,EIA 860M,3039
2024,4,IL,Grand Tower Energy Center LLC,862,Mainline Generation LLC,59371,IPP Non-CHP,3,80.9,Natural Gas Fired Combined Cycle,Natural gas,Combined cycle,Gas,37.6577,-89.511161,2024-04-15,EIA 860M,3040
2024,4,IL,Grand Tower Energy Center LLC,862,Mainline Generation LLC,59371,IPP Non-CHP,1,223.2,Natural Gas Fired Combined Cycle,Natural gas,Combined cycle,Gas,37.6577,-89.511161,2024-04-15,EIA 860M,3041
2003,1,IL,Bloom,865,Midwest Generations EME LLC,12384,IPP Non-CHP,342,19.0,Petroleum Liquids,"Distillate fuel oil, light fuel oil, FO2, diesel oil",Combustion turbine,Oil,42.057222,-87.869444,2003-01-15,EIA 860M,3042
2003,1,IL,Bloom,865,Midwest Generations EME LLC,12384,IPP Non-CHP,344,19.0,Petroleum Liquids,"Distillate fuel oil, light fuel oil, FO2, diesel oil",Combustion turbine,Oil,42.057222,-87.869444,2003-01-15,EIA 860M,3043
2003,1,IL,Bloom,865,Midwest Generations EME LLC,12384,IPP Non-CHP,341,19.0,Petroleum Liquids,"Distillate fuel oil, light fuel oil, FO2, diesel oil",Combustion turbine,Oil,42.057222,-87.869444,2003-01-15,EIA 860M,3044
2003,1,IL,Bloom,865,Midwest Generations EME LLC,12384,IPP Non-CHP,331,19.0,Petroleum Liquids,"Distillate fuel oil, light fuel oil, FO2, diesel oil",Combustion turbine,Oil,42.057222,-87.869444,2003-01-15,EIA 860M,3045
2003,1,IL,Bloom,865,Midwest Generations EME LLC,12384,IPP Non-CHP,332,19.0,Petroleum Liquids,"Distillate fuel oil, light fuel oil, FO2, diesel oil",Combustion turbine,Oil,42.057222,-87.869444,2003-01-15,EIA 860M,3046
2003,1,IL,Bloom,865,Midwest Generations EME LLC,12384,IPP Non-CHP,333,19.0,Petroleum Liquids,"Distillate fuel oil, light fuel oil, FO2, diesel oil",Combustion turbine,Oil,42.057222,-87.869444,2003-01-15,EIA 860M,3047
2003,1,IL,Bloom,865,Midwest Generations EME LLC,12384,IPP Non-CHP,334,19.0,Petroleum Liquids,"Distillate fuel oil, light fuel oil, FO2, diesel oil",Combustion turbine,Oil,42.057222,-87.869444,2003-01-15,EIA 860M,3048
2003,1,IL,Bloom,865,Midwest Generations EME LLC,12384,IPP Non-CHP,343,19.0,Petroleum Liquids,"Distillate fuel oil, light fuel oil, FO2, diesel oil",Combustion turbine,Oil,42.057222,-87.869444,2003-01-15,EIA 860M,3049
2004,12,IL,Calumet,866,Midwest Generations EME LLC,12384,IPP Non-CHP,344,19.0,Natural Gas Fired Combustion Turbine,Natural gas,Combustion turbine,Gas,41.713611,-87.542778,2004-12-15,EIA 860M,3050
2004,12,IL,Calumet,866,Midwest Generations EME LLC,12384,IPP Non-CHP,333,18.4,Natural Gas Fired Combustion Turbine,Natural gas,Combustion turbine,Gas,41.713611,-87.542778,2004-12-15,EIA 860M,3051
2004,12,IL,Calumet,866,Midwest Generations EME LLC,12384,IPP Non-CHP,332,18.4,Natural Gas Fired Combustion Turbine,Natural gas,Combustion turbine,Gas,41.713611,-87.542778,2004-12-15,EIA 860M,3052
2004,12,IL,Calumet,866,Midwest Generations EME LLC,12384,IPP Non-CHP,342,19.0,Natural Gas Fired Combustion Turbine,Natural gas,Combustion turbine,Gas,41.713611,-87.542778,2004-12-15,EIA 860M,3053
2004,12,IL,Calumet,866,Midwest Generations EME LLC,12384,IPP Non-CHP,331,18.4,Natural Gas Fired Combustion Turbine,Natural gas,Combustion turbine,Gas,41.713611,-87.542778,2004-12-15,EIA 860M,3054
2004,12,IL,Calumet,866,Midwest Generations EME LLC,12384,IPP Non-CHP,341,19.0,Natural Gas Fired Combustion Turbine,Natural gas,Combustion turbine,Gas,41.713611,-87.542778,2004-12-15,EIA 860M,3055
2004,12,IL,Calumet,866,Midwest Generations EME LLC,12384,IPP Non-CHP,343,19.0,Natural Gas Fired Combustion Turbine,Natural gas,Combustion turbine,Gas,41.713611,-87.542778,2004-12-15,EIA 860M,3056
2004,12,IL,Calumet,866,Midwest Generations EME LLC,12384,IPP Non-CHP,314,18.4,Natural Gas Fired Combustion Turbine,Natural gas,Combustion turbine,Gas,41.713611,-87.542778,2004-12-15,EIA 860M,3057
2004,12,IL,Calumet,866,Midwest Generations EME LLC,12384,IPP Non-CHP,324,18.4,Natural Gas Fired Combustion Turbine,Natural gas,Combustion turbine,Gas,41.713611,-87.542778,2004-12-15,EIA 860M,3058
2004,12,IL,Calumet,866,Midwest Generations EME LLC,12384,IPP Non-CHP,323,18.4,Natural Gas Fired Combustion Turbine,Natural gas,Combustion turbine,Gas,41.713611,-87.542778,2004-12-15,EIA 860M,3059
2004,12,IL,Calumet,866,Midwest Generations EME LLC,12384,IPP Non-CHP,322,18.4,Natural Gas Fired Combustion Turbine,Natural gas,Combustion turbine,Gas,41.713611,-87.542778,2004-12-15,EIA 860M,3060
2004,12,IL,Calumet,866,Midwest Generations EME LLC,12384,IPP Non-CHP,311,18.4,Natural Gas Fired Combustion Turbine,Natural gas,Combustion turbine,Gas,41.713611,-87.542778,2004-12-15,EIA 860M,3061
2004,12,IL,Calumet,866,Midwest Generations EME LLC,12384,IPP Non-CHP,312,18.4,Natural Gas Fired Combustion Turbine,Natural gas,Combustion turbine,Gas,41.713611,-87.542778,2004-12-15,EIA 860M,3062
2004,12,IL,Calumet,866,Midwest Generations EME LLC,12384,IPP Non-CHP,313,18.4,Natural Gas Fired Combustion Turbine,Natural gas,Combustion turbine,Gas,41.713611,-87.542778,2004-12-15,EIA 860M,3063
2004,12,IL,Calumet,866,Midwest Generations EME LLC,12384,IPP Non-CHP,321,18.4,Natural Gas Fired Combustion Turbine,Natural gas,Combustion turbine,Gas,41.713611,-87.542778,2004-12-15,EIA 860M,3064
2020,11,NM,Escalante,87,"Tri-State G & T Assn, Inc",30151,Electric Utility,1,257.0,Conventional Steam Coal,Subbituminous coal,Steam turbine,Coal,35.4159,-108.082,2020-11-15,EIA 860M,3065
2004,12,IL,Electric Junction,870,Midwest Generations EME LLC,12384,IPP Non-CHP,321,19.0,Natural Gas Fired Combustion Turbine,Natural gas,Combustion turbine,Gas,41.8333,-88.0833,2004-12-15,EIA 860M,3066
2004,12,IL,Electric Junction,870,Midwest Generations EME LLC,12384,IPP Non-CHP,344,19.0,Natural Gas Fired Combustion Turbine,Natural gas,Combustion turbine,Gas,41.8333,-88.0833,2004-12-15,EIA 860M,3067
2004,12,IL,Electric Junction,870,Midwest Generations EME LLC,12384,IPP Non-CHP,313,19.0,Natural Gas Fired Combustion Turbine,Natural gas,Combustion turbine,Gas,41.8333,-88.0833,2004-12-15,EIA 860M,3068
2004,12,IL,Electric Junction,870,Midwest Generations EME LLC,12384,IPP Non-CHP,312,19.0,Natural Gas Fired Combustion Turbine,Natural gas,Combustion turbine,Gas,41.8333,-88.0833,2004-12-15,EIA 860M,3069
2004,12,IL,Electric Junction,870,Midwest Generations EME LLC,12384,IPP Non-CHP,311,19.0,Natural Gas Fired Combustion Turbine,Natural gas,Combustion turbine,Gas,41.8333,-88.0833,2004-12-15,EIA 860M,3070
2004,12,IL,Electric Junction,870,Midwest Generations EME LLC,12384,IPP Non-CHP,314,19.0,Natural Gas Fired Combustion Turbine,Natural gas,Combustion turbine,Gas,41.8333,-88.0833,2004-12-15,EIA 860M,3071
2004,12,IL,Electric Junction,870,Midwest Generations EME LLC,12384,IPP Non-CHP,343,19.0,Natural Gas Fired Combustion Turbine,Natural gas,Combustion turbine,Gas,41.8333,-88.0833,2004-12-15,EIA 860M,3072
2004,12,IL,Electric Junction,870,Midwest Generations EME LLC,12384,IPP Non-CHP,322,19.0,Natural Gas Fired Combustion Turbine,Natural gas,Combustion turbine,Gas,41.8333,-88.0833,2004-12-15,EIA 860M,3073
2004,12,IL,Electric Junction,870,Midwest Generations EME LLC,12384,IPP Non-CHP,324,19.0,Natural Gas Fired Combustion Turbine,Natural gas,Combustion turbine,Gas,41.8333,-88.0833,2004-12-15,EIA 860M,3074
2004,12,IL,Electric Junction,870,Midwest Generations EME LLC,12384,IPP Non-CHP,331,19.0,Natural Gas Fired Combustion Turbine,Natural gas,Combustion turbine,Gas,41.8333,-88.0833,2004-12-15,EIA 860M,3075
2004,12,IL,Electric Junction,870,Midwest Generations EME LLC,12384,IPP Non-CHP,332,19.0,Natural Gas Fired Combustion Turbine,Natural gas,Combustion turbine,Gas,41.8333,-88.0833,2004-12-15,EIA 860M,3076
2004,12,IL,Electric Junction,870,Midwest Generations EME LLC,12384,IPP Non-CHP,333,19.0,Natural Gas Fired Combustion Turbine,Natural gas,Combustion turbine,Gas,41.8333,-88.0833,2004-12-15,EIA 860M,3077
2004,12,IL,Electric Junction,870,Midwest Generations EME LLC,12384,IPP Non-CHP,334,19.0,Natural Gas Fired Combustion Turbine,Natural gas,Combustion turbine,Gas,41.8333,-88.0833,2004-12-15,EIA 860M,3078
2004,12,IL,Electric Junction,870,Midwest Generations EME LLC,12384,IPP Non-CHP,341,19.0,Natural Gas Fired Combustion Turbine,Natural gas,Combustion turbine,Gas,41.8333,-88.0833,2004-12-15,EIA 860M,3079
2004,12,IL,Electric Junction,870,Midwest Generations EME LLC,12384,IPP Non-CHP,323,19.0,Natural Gas Fired Combustion Turbine,Natural gas,Combustion turbine,Gas,41.8333,-88.0833,2004-12-15,EIA 860M,3080
2004,12,IL,Electric Junction,870,Midwest Generations EME LLC,12384,IPP Non-CHP,342,19.0,Natural Gas Fired Combustion Turbine,Natural gas,Combustion turbine,Gas,41.8333,-88.0833,2004-12-15,EIA 860M,3081
2023,6,IL,Joliet 9,874,Midwest Generations EME LLC,12384,IPP Non-CHP,6,360.4,Natural Gas Steam Turbine,Natural gas,Steam turbine,Gas,41.4931,-88.1153,2023-06-15,EIA 860M,3082
2004,12,IL,Joliet 9,874,Midwest Generations EME LLC,12384,IPP Non-CHP,311,18.4,Natural Gas Fired Combustion Turbine,Natural gas,Combustion turbine,Gas,41.4931,-88.1153,2004-12-15,EIA 860M,3083
2004,12,IL,Joliet 9,874,Midwest Generations EME LLC,12384,IPP Non-CHP,312,18.4,Natural Gas Fired Combustion Turbine,Natural gas,Combustion turbine,Gas,41.4931,-88.1153,2004-12-15,EIA 860M,3084
2004,12,IL,Joliet 9,874,Midwest Generations EME LLC,12384,IPP Non-CHP,313,18.4,Natural Gas Fired Combustion Turbine,Natural gas,Combustion turbine,Gas,41.4931,-88.1153,2004-12-15,EIA 860M,3085
2004,12,IL,Joliet 9,874,Midwest Generations EME LLC,12384,IPP Non-CHP,314,18.4,Natural Gas Fired Combustion Turbine,Natural gas,Combustion turbine,Gas,41.4931,-88.1153,2004-12-15,EIA 860M,3086
2004,12,IL,Joliet 9,874,Midwest Generations EME LLC,12384,IPP Non-CHP,322,18.4,Natural Gas Fired Combustion Turbine,Natural gas,Combustion turbine,Gas,41.4931,-88.1153,2004-12-15,EIA 860M,3087
2004,12,IL,Joliet 9,874,Midwest Generations EME LLC,12384,IPP Non-CHP,321,18.4,Natural Gas Fired Combustion Turbine,Natural gas,Combustion turbine,Gas,41.4931,-88.1153,2004-12-15,EIA 860M,3088
2004,12,IL,Joliet 9,874,Midwest Generations EME LLC,12384,IPP Non-CHP,324,18.4,Natural Gas Fired Combustion Turbine,Natural gas,Combustion turbine,Gas,41.4931,-88.1153,2004-12-15,EIA 860M,3089
2004,12,IL,Joliet 9,874,Midwest Generations EME LLC,12384,IPP Non-CHP,323,18.4,Natural Gas Fired Combustion Turbine,Natural gas,Combustion turbine,Gas,41.4931,-88.1153,2004-12-15,EIA 860M,3090
2027,12,IL,Kincaid Generation LLC,876,Dynegy Kincaid Generation,59918,IPP,1,556.0,Conventional Steam Coal,Subbituminous coal,Steam turbine,Coal,39.590556,-89.496389,2027-12-15,Electric Power Monthly Table 6.6,3091
2027,12,IL,Kincaid Generation LLC,876,Dynegy Kincaid Generation,59918,IPP,2,556.0,Conventional Steam Coal,Subbituminous coal,Steam turbine,Coal,39.590556,-89.496389,2027-12-15,Electric Power Monthly Table 6.6,3092
2004,12,IL,Sabrooke,882,Midwest Generations EME LLC,12384,IPP Non-CHP,341,19.0,Petroleum Liquids,"Distillate fuel oil, light fuel oil, FO2, diesel oil",Combustion turbine,Oil,42.216944,-89.052222,2004-12-15,EIA 860M,3093
2004,12,IL,Sabrooke,882,Midwest Generations EME LLC,12384,IPP Non-CHP,311,18.4,Petroleum Liquids,"Distillate fuel oil, light fuel oil, FO2, diesel oil",Combustion turbine,Oil,42.216944,-89.052222,2004-12-15,EIA 860M,3094
2004,12,IL,Sabrooke,882,Midwest Generations EME LLC,12384,IPP Non-CHP,312,18.4,Petroleum Liquids,"Distillate fuel oil, light fuel oil, FO2, diesel oil",Combustion turbine,Oil,42.216944,-89.052222,2004-12-15,EIA 860M,3095
2004,12,IL,Sabrooke,882,Midwest Generations EME LLC,12384,IPP Non-CHP,321,18.4,Petroleum Liquids,"Distillate fuel oil, light fuel oil, FO2, diesel oil",Combustion turbine,Oil,42.216944,-89.052222,2004-12-15,EIA 860M,3096
2004,12,IL,Sabrooke,882,Midwest Generations EME LLC,12384,IPP Non-CHP,322,18.4,Petroleum Liquids,"Distillate fuel oil, light fuel oil, FO2, diesel oil",Combustion turbine,Oil,42.216944,-89.052222,2004-12-15,EIA 860M,3097
2004,12,IL,Sabrooke,882,Midwest Generations EME LLC,12384,IPP Non-CHP,331,19.0,Petroleum Liquids,"Distillate fuel oil, light fuel oil, FO2, diesel oil",Combustion turbine,Oil,42.216944,-89.052222,2004-12-15,EIA 860M,3098
2004,12,IL,Sabrooke,882,Midwest Generations EME LLC,12384,IPP Non-CHP,332,19.0,Petroleum Liquids,"Distillate fuel oil, light fuel oil, FO2, diesel oil",Combustion turbine,Oil,42.216944,-89.052222,2004-12-15,EIA 860M,3099
2004,12,IL,Sabrooke,882,Midwest Generations EME LLC,12384,IPP Non-CHP,342,19.0,Petroleum Liquids,"Distillate fuel oil, light fuel oil, FO2, diesel oil",Combustion turbine,Oil,42.216944,-89.052222,2004-12-15,EIA 860M,3100
2022,6,IL,Waukegan,883,Midwest Generations EME LLC,12384,IPP Non-CHP,8,355.3,Conventional Steam Coal,Subbituminous coal,Steam turbine,Coal,42.3833,-87.8133,2022-06-15,EIA 860M,3101
2022,6,IL,Waukegan,883,Midwest Generations EME LLC,12384,IPP Non-CHP,7,326.4,Conventional Steam Coal,Subbituminous coal,Steam turbine,Coal,42.3833,-87.8133,2022-06-15,EIA 860M,3102
2007,12,IL,Waukegan,883,Midwest Generations EME LLC,12384,IPP Non-CHP,6,121.0,Conventional Steam Coal,Subbituminous coal,Steam turbine,Coal,42.3833,-87.8133,2007-12-15,EIA 860M,3103
2022,6,IL,Will County,884,Midwest Generations EME LLC,12384,IPP Non-CHP,4,598.4,Conventional Steam Coal,Subbituminous coal,Steam turbine,Coal,41.6334,-88.0629,2022-06-15,EIA 860M,3104
2024,12,AK,Emmonak,6314,"Alaska Village Elec Coop, Inc",221,Electric Utility,2A,0.5,Petroleum Liquids,"Distillate fuel oil, light fuel oil, FO2, diesel oil",Internal combustion engine,Oil,62.777694,-164.531517,2024-12-15,EIA 860M,3105
2016,6,AK,Emmonak,6314,"Alaska Village Elec Coop, Inc",221,Electric Utility,5a,0.5,Petroleum Liquids,"Distillate fuel oil, light fuel oil, FO2, diesel oil",Internal combustion engine,Oil,62.777694,-164.531517,2016-06-15,EIA 860M,3106
2018,4,AK,Hooper Bay,6319,"Alaska Village Elec Coop, Inc",221,Electric Utility,3A,0.3,Petroleum Liquids,"Distillate fuel oil, light fuel oil, FO2, diesel oil",Internal combustion engine,Oil,61.530858,-166.101944,2018-04-15,EIA 860M,3107
2013,7,AK,Hooper Bay,6319,"Alaska Village Elec Coop, Inc",221,Electric Utility,4A,0.3,Petroleum Liquids,"Distillate fuel oil, light fuel oil, FO2, diesel oil",Internal combustion engine,Oil,61.530858,-166.101944,2013-07-15,EIA 860M,3108
2016,6,AK,Hooper Bay,6319,"Alaska Village Elec Coop, Inc",221,Electric Utility,5,0.5,Petroleum Liquids,"Distillate fuel oil, light fuel oil, FO2, diesel oil",Internal combustion engine,Oil,61.530858,-166.101944,2016-06-15,EIA 860M,3109
2024,9,AK,Kiana,6323,"Alaska Village Elec Coop, Inc",221,Electric Utility,3B,0.4,Petroleum Liquids,"Distillate fuel oil, light fuel oil, FO2, diesel oil",Internal combustion engine,Oil,66.973889,-160.428592,2024-09-15,EIA 860M,3110
2024,4,AK,Kiana,6323,"Alaska Village Elec Coop, Inc",221,Electric Utility,1B,0.3,Petroleum Liquids,"Distillate fuel oil, light fuel oil, FO2, diesel oil",Internal combustion engine,Oil,66.973889,-160.428592,2024-04-15,EIA 860M,3111
2019,8,AK,Kiana,6323,"Alaska Village Elec Coop, Inc",221,Electric Utility,3A,0.3,Petroleum Liquids,"Distillate fuel oil, light fuel oil, FO2, diesel oil",Internal combustion engine,Oil,66.973889,-160.428592,2019-08-15,EIA 860M,3112
2003,12,AK,Mountain Village,6329,"Alaska Village Elec Coop, Inc",221,Electric Utility,5,0.5,Petroleum Liquids,"Distillate fuel oil, light fuel oil, FO2, diesel oil",Internal combustion engine,Oil,62.085569,-163.729072,2003-12-15,EIA 860M,3113
2015,12,AK,Mountain Village,6329,"Alaska Village Elec Coop, Inc",221,Electric Utility,4,0.6,Petroleum Liquids,"Distillate fuel oil, light fuel oil, FO2, diesel oil",Internal combustion engine,Oil,62.085569,-163.729072,2015-12-15,EIA 860M,3114
2005,3,AK,Mountain Village,6329,"Alaska Village Elec Coop, Inc",221,Electric Utility,3A,0.3,Petroleum Liquids,"Distillate fuel oil, light fuel oil, FO2, diesel oil",Internal combustion engine,Oil,62.085569,-163.729072,2005-03-15,EIA 860M,3115
2023,5,AK,Mountain Village,6329,"Alaska Village Elec Coop, Inc",221,Electric Utility,3B,0.5,Petroleum Liquids,"Distillate fuel oil, light fuel oil, FO2, diesel oil",Internal combustion engine,Oil,62.085569,-163.729072,2023-05-15,EIA 860M,3116
2017,7,AK,Noorvik,6330,"Alaska Village Elec Coop, Inc",221,Electric Utility,2A,0.4,Petroleum Liquids,"Distillate fuel oil, light fuel oil, FO2, diesel oil",Internal combustion engine,Oil,66.834519,-161.038717,2017-07-15,EIA 860M,3117
2003,12,AK,Noorvik,6330,"Alaska Village Elec Coop, Inc",221,Electric Utility,3,0.3,Petroleum Liquids,"Distillate fuel oil, light fuel oil, FO2, diesel oil",Internal combustion engine,Oil,66.834519,-161.038717,2003-12-15,EIA 860M,3118
2006,2,AK,Nunapitchuk,6333,"Alaska Village Elec Coop, Inc",221,Electric Utility,2,0.3,Petroleum Liquids,"Distillate fuel oil, light fuel oil, FO2, diesel oil",Internal combustion engine,Oil,60.89588,-162.459756,2006-02-15,EIA 860M,3119
2006,2,AK,Nunapitchuk,6333,"Alaska Village Elec Coop, Inc",221,Electric Utility,3,0.3,Petroleum Liquids,"Distillate fuel oil, light fuel oil, FO2, diesel oil",Internal combustion engine,Oil,60.89588,-162.459756,2006-02-15,EIA 860M,3120
2006,2,AK,Nunapitchuk,6333,"Alaska Village Elec Coop, Inc",221,Electric Utility,4,0.6,Petroleum Liquids,"Distillate fuel oil, light fuel oil, FO2, diesel oil",Internal combustion engine,Oil,60.89588,-162.459756,2006-02-15,EIA 860M,3121
2004,6,AK,Nunapitchuk,6333,"Alaska Village Elec Coop, Inc",221,Electric Utility,5,0.5,Petroleum Liquids,"Distillate fuel oil, light fuel oil, FO2, diesel oil",Internal combustion engine,Oil,60.89588,-162.459756,2004-06-15,EIA 860M,3122
2006,12,AK,St Marys IC,6338,"Alaska Village Elec Coop, Inc",221,Electric Utility,1,0.6,Petroleum Liquids,"Distillate fuel oil, light fuel oil, FO2, diesel oil",Internal combustion engine,Oil,62.051525,-163.172567,2006-12-15,EIA 860M,3123
2022,11,AK,St Marys IC,6338,"Alaska Village Elec Coop, Inc",221,Electric Utility,2,0.6,Petroleum Liquids,"Distillate fuel oil, light fuel oil, FO2, diesel oil",Internal combustion engine,Oil,62.051525,-163.172567,2022-11-15,EIA 860M,3124
2022,11,AK,St Marys IC,6338,"Alaska Village Elec Coop, Inc",221,Electric Utility,1B,0.5,Petroleum Liquids,"Distillate fuel oil, light fuel oil, FO2, diesel oil",Internal combustion engine,Oil,62.051525,-163.172567,2022-11-15,EIA 860M,3125
2022,11,AK,St Marys IC,6338,"Alaska Village Elec Coop, Inc",221,Electric Utility,3,0.9,Petroleum Liquids,"Distillate fuel oil, light fuel oil, FO2, diesel oil",Internal combustion engine,Oil,62.051525,-163.172567,2022-11-15,EIA 860M,3126
2009,6,FL,P L Bartow,634,"Duke Energy Florida, LLC",6455,Electric Utility,ST1,127.5,Petroleum Liquids,"Residual fuel oil, heavy fuel oil, Petroleum",Steam turbine,Oil,27.859535,-82.601759,2009-06-15,EIA 860M,3127
2009,6,FL,P L Bartow,634,"Duke Energy Florida, LLC",6455,Electric Utility,ST2,127.5,Petroleum Liquids,"Residual fuel oil, heavy fuel oil, Petroleum",Steam turbine,Oil,27.859535,-82.601759,2009-06-15,EIA 860M,3128
2009,6,FL,P L Bartow,634,"Duke Energy Florida, LLC",6455,Electric Utility,ST3,239.3,Petroleum Liquids,"Residual fuel oil, heavy fuel oil, Petroleum",Steam turbine,Oil,27.859535,-82.601759,2009-06-15,EIA 860M,3129
2003,6,AK,Selawik,6341,"Alaska Village Elec Coop, Inc",221,Electric Utility,1,0.3,Petroleum Liquids,"Distillate fuel oil, light fuel oil, FO2, diesel oil",Internal combustion engine,Oil,66.606778,-160.014808,2003-06-15,EIA 860M,3130
2014,3,AK,Selawik,6341,"Alaska Village Elec Coop, Inc",221,Electric Utility,3A,0.8,Petroleum Liquids,"Distillate fuel oil, light fuel oil, FO2, diesel oil",Internal combustion engine,Oil,66.606778,-160.014808,2014-03-15,EIA 860M,3131
2020,12,AK,Selawik,6341,"Alaska Village Elec Coop, Inc",221,Electric Utility,1A,0.3,Petroleum Liquids,"Distillate fuel oil, light fuel oil, FO2, diesel oil",Internal combustion engine,Oil,66.606778,-160.014808,2020-12-15,EIA 860M,3132
2005,4,AK,Selawik,6341,"Alaska Village Elec Coop, Inc",221,Electric Utility,2,0.7,Petroleum Liquids,"Distillate fuel oil, light fuel oil, FO2, diesel oil",Internal combustion engine,Oil,66.606778,-160.014808,2005-04-15,EIA 860M,3133
2003,6,AK,Selawik,6341,"Alaska Village Elec Coop, Inc",221,Electric Utility,3,0.3,Petroleum Liquids,"Distillate fuel oil, light fuel oil, FO2, diesel oil",Internal combustion engine,Oil,66.606778,-160.014808,2003-06-15,EIA 860M,3134
2013,8,AK,Selawik,6341,"Alaska Village Elec Coop, Inc",221,Electric Utility,2A,0.5,Petroleum Liquids,"Distillate fuel oil, light fuel oil, FO2, diesel oil",Internal combustion engine,Oil,66.606778,-160.014808,2013-08-15,EIA 860M,3135
2006,7,AK,Shishmaref,6345,"Alaska Village Elec Coop, Inc",221,Electric Utility,4,0.5,Petroleum Liquids,"Distillate fuel oil, light fuel oil, FO2, diesel oil",Internal combustion engine,Oil,66.255072,-166.073589,2006-07-15,EIA 860M,3136
2024,3,AK,Shishmaref,6345,"Alaska Village Elec Coop, Inc",221,Electric Utility,4A,0.5,Petroleum Liquids,"Distillate fuel oil, light fuel oil, FO2, diesel oil",Internal combustion engine,Oil,66.255072,-166.073589,2024-03-15,EIA 860M,3137
2002,4,AK,Shishmaref,6345,"Alaska Village Elec Coop, Inc",221,Electric Utility,3,0.3,Petroleum Liquids,"Distillate fuel oil, light fuel oil, FO2, diesel oil",Internal combustion engine,Oil,66.255072,-166.073589,2002-04-15,EIA 860M,3138
2004,8,AK,Togiak,6348,"Alaska Village Elec Coop, Inc",221,Electric Utility,2,0.3,Petroleum Liquids,"Distillate fuel oil, light fuel oil, FO2, diesel oil",Internal combustion engine,Oil,59.059744,-160.380278,2004-08-15,EIA 860M,3139
2004,9,AK,Togiak,6348,"Alaska Village Elec Coop, Inc",221,Electric Utility,5,0.5,Petroleum Liquids,"Distillate fuel oil, light fuel oil, FO2, diesel oil",Internal combustion engine,Oil,59.059744,-160.380278,2004-09-15,EIA 860M,3140
2014,5,AK,Togiak,6348,"Alaska Village Elec Coop, Inc",221,Electric Utility,4a,0.5,Petroleum Liquids,"Distillate fuel oil, light fuel oil, FO2, diesel oil",Internal combustion engine,Oil,59.059744,-160.380278,2014-05-15,EIA 860M,3141
2019,4,AK,Togiak,6348,"Alaska Village Elec Coop, Inc",221,Electric Utility,5A,0.8,Petroleum Liquids,"Distillate fuel oil, light fuel oil, FO2, diesel oil",Internal combustion engine,Oil,59.059744,-160.380278,2019-04-15,EIA 860M,3142
2019,4,AK,Togiak,6348,"Alaska Village Elec Coop, Inc",221,Electric Utility,4B,0.8,Petroleum Liquids,"Distillate fuel oil, light fuel oil, FO2, diesel oil",Internal combustion engine,Oil,59.059744,-160.380278,2019-04-15,EIA 860M,3143
2019,4,AK,Togiak,6348,"Alaska Village Elec Coop, Inc",221,Electric Utility,4,0.3,Petroleum Liquids,"Distillate fuel oil, light fuel oil, FO2, diesel oil",Internal combustion engine,Oil,59.059744,-160.380278,2019-04-15,EIA 860M,3144
2019,4,AK,Togiak,6348,"Alaska Village Elec Coop, Inc",221,Electric Utility,2a,0.5,Petroleum Liquids,"Distillate fuel oil, light fuel oil, FO2, diesel oil",Internal combustion engine,Oil,59.059744,-160.380278,2019-04-15,EIA 860M,3145
2020,11,NY,Vassar Brothers Medical Center,63550,Vassar Brothers Medical Center,63274,Commercial Non-CHP,SC-67,0.3,Petroleum Liquids,"Distillate fuel oil, light fuel oil, FO2, diesel oil",Internal combustion engine,Oil,41.693606,-73.934817,2020-11-15,EIA 860M,3146
2020,1,NY,Richmond University Medical Center,63553,Richmond University Medical Center,63277,Commercial Non-CHP,CU750,0.8,Petroleum Liquids,"Distillate fuel oil, light fuel oil, FO2, diesel oil",Internal combustion engine,Oil,40.63589,-74.10579,2020-01-15,EIA 860M,3147
2023,5,MI,Sixth Street Gas Turbine,6356,City of Holland,8723,Electric Utility,1,24.0,Petroleum Liquids,"Distillate fuel oil, light fuel oil, FO2, diesel oil",Combustion turbine,Oil,42.792645,-86.103583,2023-05-15,EIA 860M,3148
2023,1,NY,NYP-Westchester,63580,NYPH - Lawrence,63291,Commercial Non-CHP,CM175,0.2,Petroleum Liquids,"Distillate fuel oil, light fuel oil, FO2, diesel oil",Internal combustion engine,Oil,40.94233,-73.83686,2023-01-15,EIA 860M,3149
2021,9,NY,Montefiore-New Rochelle,63602,Montefiore-New Rochelle,63325,Commercial Non-CHP,EG150,0.2,Petroleum Liquids,"Distillate fuel oil, light fuel oil, FO2, diesel oil",Internal combustion engine,Oil,40.91261,-73.78781,2021-09-15,EIA 860M,3150
2024,6,CA,Extreme San Ignacio,63604,Bloom Energy,57128,Commercial Non-CHP,EXN02,1.0,Other Natural Gas,Natural gas,Fuel cell,Gas,37.237,-121.78532,2024-06-15,EIA 860M,3151
2024,3,CA,Extreme Via Del Oro,63607,Bloom Energy,57128,Commercial Non-CHP,EXN01,1.2,Other Natural Gas,Natural gas,Fuel cell,Gas,37.23811,-121.78532,2024-03-15,EIA 860M,3152
2020,3,CT,Norwalk Hospital Plant,63673,Norwalk Hospital,63392,Commercial CHP,EU-02,1.3,Natural Gas Fired Combustion Turbine,Natural gas,Combustion turbine,Gas,41.110861,-73.421968,2020-03-15,EIA 860M,3153
2014,5,CT,Norwalk Hospital Plant,63673,Norwalk Hospital,63392,Commercial CHP,EU-01,1.3,Natural Gas Fired Combustion Turbine,Natural gas,Combustion turbine,Gas,41.110861,-73.421968,2014-05-15,EIA 860M,3154
2016,3,FL,Rio Pinar,637,"Duke Energy Florida, LLC",6455,Electric Utility,P1,19.2,Petroleum Liquids,"Distillate fuel oil, light fuel oil, FO2, diesel oil",Combustion turbine,Oil,28.541515,-81.254067,2016-03-15,EIA 860M,3155
2016,12,FL,Suwannee River,638,"Duke Energy Florida, LLC",6455,Electric Utility,2,37.5,Natural Gas Steam Turbine,Natural gas,Steam turbine,Gas,30.376389,-83.180556,2016-12-15,EIA 860M,3156
2016,12,FL,Suwannee River,638,"Duke Energy Florida, LLC",6455,Electric Utility,3,75.0,Natural Gas Steam Turbine,Natural gas,Steam turbine,Gas,30.376389,-83.180556,2016-12-15,EIA 860M,3157
2016,12,FL,Suwannee River,638,"Duke Energy Florida, LLC",6455,Electric Utility,1,34.5,Natural Gas Steam Turbine,Natural gas,Steam turbine,Gas,30.376389,-83.180556,2016-12-15,EIA 860M,3158
2021,5,MD,Smith Island,6391,A & N Electric Coop,84,Electric Utility,3,1.2,Petroleum Liquids,"Distillate fuel oil, light fuel oil, FO2, diesel oil",Internal combustion engine,Oil,37.9955,-76.038881,2021-05-15,EIA 860M,3159
2003,3,FL,Gulf Clean Energy Center,641,Florida Power & Light Co,6452,Electric Utility,1,28.1,Natural Gas Steam Turbine,Natural gas,Steam turbine,Gas,30.5661,-87.2244,2003-03-15,EIA 860M,3160
2006,5,FL,Gulf Clean Energy Center,641,Florida Power & Light Co,6452,Electric Utility,3,37.5,Natural Gas Steam Turbine,Natural gas,Steam turbine,Gas,30.5661,-87.2244,2006-05-15,EIA 860M,3161
2006,5,FL,Gulf Clean Energy Center,641,Florida Power & Light Co,6452,Electric Utility,2,28.1,Natural Gas Steam Turbine,Natural gas,Steam turbine,Gas,30.5661,-87.2244,2006-05-15,EIA 860M,3162
2015,4,FL,Scholz,642,Florida Power & Light Co,6452,Electric Utility,2,49.0,Conventional Steam Coal,Bituminous coal,Steam turbine,Coal,30.6692,-84.8869,2015-04-15,EIA 860M,3163
2015,4,FL,Scholz,642,Florida Power & Light Co,6452,Electric Utility,1,49.0,Conventional Steam Coal,Bituminous coal,Steam turbine,Coal,30.6692,-84.8869,2015-04-15,EIA 860M,3164
2024,5,NY,Lincoln Medical and Mental Health Center,64291,Lincoln Medical and Mental Health Center,63873,Commercial Non-CHP,B1,1.0,Petroleum Liquids,"Distillate fuel oil, light fuel oil, FO2, diesel oil",Internal combustion engine,Oil,40.816971,-73.92411,2024-05-15,EIA 860M,3165
2016,3,FL,Lansing Smith,643,Florida Power & Light Co,6452,Electric Utility,1,149.6,Conventional Steam Coal,Bituminous coal,Steam turbine,Coal,30.2686,-85.7003,2016-03-15,EIA 860M,3166
2016,3,FL,Lansing Smith,643,Florida Power & Light Co,6452,Electric Utility,2,190.4,Conventional Steam Coal,Bituminous coal,Steam turbine,Coal,30.2686,-85.7003,2016-03-15,EIA 860M,3167
2023,11,NY,White Plains Hospital Medical Center,64440,White Plains Hospital Medical Center,64093,Commercial Non-CHP,ENG1A,0.5,Petroleum Liquids,"Distillate fuel oil, light fuel oil, FO2, diesel oil",Internal combustion engine,Oil,41.032,-73.75296,2023-11-15,EIA 860M,3168
2021,9,NY,White Plains Hospital Medical Center,64440,White Plains Hospital Medical Center,64093,Commercial Non-CHP,ENGN1,0.3,Petroleum Liquids,"Distillate fuel oil, light fuel oil, FO2, diesel oil",Internal combustion engine,Oil,41.032,-73.75296,2021-09-15,EIA 860M,3169
2008,12,FL,Big Bend,645,Tampa Electric Co,18454,Electric Utility,GT3,78.7,Petroleum Liquids,"Distillate fuel oil, light fuel oil, FO2, diesel oil",Combustion turbine,Oil,27.7944,-82.4036,2008-12-15,EIA 860M,3170
2008,12,FL,Big Bend,645,Tampa Electric Co,18454,Electric Utility,GT2,78.7,Petroleum Liquids,"Distillate fuel oil, light fuel oil, FO2, diesel oil",Combustion turbine,Oil,27.7944,-82.4036,2008-12-15,EIA 860M,3171
2040,1,FL,Big Bend,645,Tampa Electric Co,18454,Electric Utility,ST4,380.0,Conventional Steam Coal,Bituminous coal,Steam turbine,Coal,27.7944,-82.4036,2040-01-15,Electric Power Monthly Table 6.6,3172
2021,12,FL,Big Bend,645,Tampa Electric Co,18454,Electric Utility,ST2,445.5,Conventional Steam Coal,Bituminous coal,Steam turbine,Coal,27.7944,-82.4036,2021-12-15,EIA 860M,3173
2023,4,FL,Big Bend,645,Tampa Electric Co,18454,Electric Utility,ST3,445.5,Natural Gas Steam Turbine,Natural gas,Steam turbine,Gas,27.7944,-82.4036,2023-04-15,EIA 860M,3174
2008,12,FL,Big Bend,645,Tampa Electric Co,18454,Electric Utility,GT1,18.0,Petroleum Liquids,"Distillate fuel oil, light fuel oil, FO2, diesel oil",Combustion turbine,Oil,27.7944,-82.4036,2008-12-15,EIA 860M,3175
2003,1,FL,Hookers Point,647,Tampa Electric Co,18454,Electric Utility,5,81.6,Petroleum Liquids,"Residual fuel oil, heavy fuel oil, Petroleum",Steam turbine,Oil,27.9375,-82.444444,2003-01-15,EIA 860M,3176
2003,1,FL,Hookers Point,647,Tampa Electric Co,18454,Electric Utility,4,49.0,Petroleum Liquids,"Residual fuel oil, heavy fuel oil, Petroleum",Steam turbine,Oil,27.9375,-82.444444,2003-01-15,EIA 860M,3177
2003,1,FL,Hookers Point,647,Tampa Electric Co,18454,Electric Utility,3,34.5,Petroleum Liquids,"Residual fuel oil, heavy fuel oil, Petroleum",Steam turbine,Oil,27.9375,-82.444444,2003-01-15,EIA 860M,3178
2003,1,FL,Hookers Point,647,Tampa Electric Co,18454,Electric Utility,2,34.5,Petroleum Liquids,"Residual fuel oil, heavy fuel oil, Petroleum",Steam turbine,Oil,27.9375,-82.444444,2003-01-15,EIA 860M,3179
2003,1,FL,Hookers Point,647,Tampa Electric Co,18454,Electric Utility,1,33.0,Petroleum Liquids,"Residual fuel oil, heavy fuel oil, Petroleum",Steam turbine,Oil,27.9375,-82.444444,2003-01-15,EIA 860M,3180
2019,2,HI,Port Allen (HI),6474,Kauai Island Utility Cooperative,10071,Electric Utility,ST1,10.0,Petroleum Liquids,"Distillate fuel oil, light fuel oil, FO2, diesel oil",Steam turbine,Oil,21.899583,-159.585042,2019-02-15,EIA 860M,3181
2015,12,HI,Shipman,6478,Hawaii Electric Light Co Inc,8287,Electric Utility,4,7.5,Petroleum Liquids,"Residual fuel oil, heavy fuel oil, Petroleum",Steam turbine,Oil,19.7239,-155.069,2015-12-15,EIA 860M,3182
2015,12,HI,Shipman,6478,Hawaii Electric Light Co Inc,8287,Electric Utility,3,7.5,Petroleum Liquids,"Residual fuel oil, heavy fuel oil, Petroleum",Steam turbine,Oil,19.7239,-155.069,2015-12-15,EIA 860M,3183
2025,11,UT,Intermountain Power Project,6481,Los Angeles Department of Water & Power,11208,Electric Utility,2,820.0,Conventional Steam Coal,Bituminous coal,Steam turbine,Coal,39.509731,-112.58018,2025-11-15,EIA 860M,3184
2025,10,UT,Intermountain Power Project,6481,Los Angeles Department of Water & Power,11208,Electric Utility,1,820.0,Conventional Steam Coal,Bituminous coal,Steam turbine,Coal,39.509731,-112.58018,2025-10-15,EIA 860M,3185
2024,12,PA,North Wales Diesel,64983,North Wales Diesel,64429,Commercial Non-CHP,GEN4,1.8,Petroleum Liquids,"Distillate fuel oil, light fuel oil, FO2, diesel oil",Internal combustion engine,Oil,40.203333,-75.316396,2024-12-15,EIA 860M,3186
2024,12,PA,North Wales Diesel,64983,North Wales Diesel,64429,Commercial Non-CHP,GEN2,1.8,Petroleum Liquids,"Distillate fuel oil, light fuel oil, FO2, diesel oil",Internal combustion engine,Oil,40.203333,-75.316396,2024-12-15,EIA 860M,3187
2024,12,PA,North Wales Diesel,64983,North Wales Diesel,64429,Commercial Non-CHP,GEN1,1.8,Petroleum Liquids,"Distillate fuel oil, light fuel oil, FO2, diesel oil",Internal combustion engine,Oil,40.203333,-75.316396,2024-12-15,EIA 860M,3188
2024,12,PA,North Wales Diesel,64983,North Wales Diesel,64429,Commercial Non-CHP,GEN3,1.8,Petroleum Liquids,"Distillate fuel oil, light fuel oil, FO2, diesel oil",Internal combustion engine,Oil,40.203333,-75.316396,2024-12-15,EIA 860M,3189
2011,1,NV,Battle Mountain,6509,Sierra Pacific Power Co,17166,Electric Utility,3,2.0,Petroleum Liquids,"Distillate fuel oil, light fuel oil, FO2, diesel oil",Internal combustion engine,Oil,40.6253,-116.9131,2011-01-15,EIA 860M,3190
2011,1,NV,Battle Mountain,6509,Sierra Pacific Power Co,17166,Electric Utility,2,2.0,Petroleum Liquids,"Distillate fuel oil, light fuel oil, FO2, diesel oil",Internal combustion engine,Oil,40.6253,-116.9131,2011-01-15,EIA 860M,3191
2011,1,NV,Battle Mountain,6509,Sierra Pacific Power Co,17166,Electric Utility,4,2.0,Petroleum Liquids,"Distillate fuel oil, light fuel oil, FO2, diesel oil",Internal combustion engine,Oil,40.6253,-116.9131,2011-01-15,EIA 860M,3192
2011,1,NV,Battle Mountain,6509,Sierra Pacific Power Co,17166,Electric Utility,1,2.0,Petroleum Liquids,"Distillate fuel oil, light fuel oil, FO2, diesel oil",Internal combustion engine,Oil,40.6253,-116.9131,2011-01-15,EIA 860M,3193
2028,9,NV,Brunswick,6510,Sierra Pacific Power Co,17166,Electric Utility,1,2.0,Petroleum Liquids,"Distillate fuel oil, light fuel oil, FO2, diesel oil",Internal combustion engine,Oil,39.1522,-119.7478,2028-09-15,Electric Power Monthly Table 6.6,3194
2028,9,NV,Brunswick,6510,Sierra Pacific Power Co,17166,Electric Utility,2,2.0,Petroleum Liquids,"Distillate fuel oil, light fuel oil, FO2, diesel oil",Internal combustion engine,Oil,39.1522,-119.7478,2028-09-15,Electric Power Monthly Table 6.6,3195
2028,9,NV,Brunswick,6510,Sierra Pacific Power Co,17166,Electric Utility,3,2.0,Petroleum Liquids,"Distillate fuel oil, light fuel oil, FO2, diesel oil",Internal combustion engine,Oil,39.1522,-119.7478,2028-09-15,Electric Power Monthly Table 6.6,3196
2013,1,NV,Gabbs,6514,Sierra Pacific Power Co,17166,Electric Utility,1,2.7,Petroleum Liquids,"Distillate fuel oil, light fuel oil, FO2, diesel oil",Internal combustion engine,Oil,38.7714,-117.6869,2013-01-15,EIA 860M,3197
2013,1,NV,Gabbs,6514,Sierra Pacific Power Co,17166,Electric Utility,2,2.7,Petroleum Liquids,"Distillate fuel oil, light fuel oil, FO2, diesel oil",Internal combustion engine,Oil,38.7714,-117.6869,2013-01-15,EIA 860M,3198
2018,9,CO,Rocky Ford,6516,"Black Hills Colorado Electric, LLC",56146,Electric Utility,IC1,2.0,Petroleum Liquids,"Distillate fuel oil, light fuel oil, FO2, diesel oil",Internal combustion engine,Oil,38.0492,-103.7136,2018-09-15,EIA 860M,3199
2008,3,CA,Kings Beach,6518,Liberty Utilities (CalPeco Electric) LLC,57222,Electric Utility,4,2.7,Petroleum Liquids,"Distillate fuel oil, light fuel oil, FO2, diesel oil",Internal combustion engine,Oil,39.245833,-120.027222,2008-03-15,EIA 860M,3200
2008,3,CA,Kings Beach,6518,Liberty Utilities (CalPeco Electric) LLC,57222,Electric Utility,1,2.7,Petroleum Liquids,"Distillate fuel oil, light fuel oil, FO2, diesel oil",Internal combustion engine,Oil,39.245833,-120.027222,2008-03-15,EIA 860M,3201
2008,3,CA,Kings Beach,6518,Liberty Utilities (CalPeco Electric) LLC,57222,Electric Utility,2,2.7,Petroleum Liquids,"Distillate fuel oil, light fuel oil, FO2, diesel oil",Internal combustion engine,Oil,39.245833,-120.027222,2008-03-15,EIA 860M,3202
2008,3,CA,Kings Beach,6518,Liberty Utilities (CalPeco Electric) LLC,57222,Electric Utility,3,2.7,Petroleum Liquids,"Distillate fuel oil, light fuel oil, FO2, diesel oil",Internal combustion engine,Oil,39.245833,-120.027222,2008-03-15,EIA 860M,3203
2008,3,CA,Kings Beach,6518,Liberty Utilities (CalPeco Electric) LLC,57222,Electric Utility,6,2.7,Petroleum Liquids,"Distillate fuel oil, light fuel oil, FO2, diesel oil",Internal combustion engine,Oil,39.245833,-120.027222,2008-03-15,EIA 860M,3204
2008,3,CA,Kings Beach,6518,Liberty Utilities (CalPeco Electric) LLC,57222,Electric Utility,5,2.7,Petroleum Liquids,"Distillate fuel oil, light fuel oil, FO2, diesel oil",Internal combustion engine,Oil,39.245833,-120.027222,2008-03-15,EIA 860M,3205
2021,9,VT,Vergennes 9,6519,Green Mountain Power Corp,7601,Electric Utility,6,2.0,Petroleum Liquids,"Distillate fuel oil, light fuel oil, FO2, diesel oil",Internal combustion engine,Oil,44.1664,-73.2575,2021-09-15,EIA 860M,3206
2021,9,VT,Vergennes 9,6519,Green Mountain Power Corp,7601,Electric Utility,5,2.0,Petroleum Liquids,"Distillate fuel oil, light fuel oil, FO2, diesel oil",Internal combustion engine,Oil,44.1664,-73.2575,2021-09-15,EIA 860M,3207
2007,1,CA,Portola,6524,Sierra Pacific Power Co,17166,Electric Utility,1,2.0,Petroleum Liquids,"Distillate fuel oil, light fuel oil, FO2, diesel oil",Internal combustion engine,Oil,39.816944,-120.463333,2007-01-15,EIA 860M,3208
2009,12,FL,Turkey Point,621,Florida Power & Light Co,6452,Electric Utility,IC4,2.7,Petroleum Liquids,"Distillate fuel oil, light fuel oil, FO2, diesel oil",Internal combustion engine,Oil,25.4356,-80.3308,2009-12-15,EIA 860M,3209
2009,12,FL,Turkey Point,621,Florida Power & Light Co,6452,Electric Utility,IC5,2.7,Petroleum Liquids,"Distillate fuel oil, light fuel oil, FO2, diesel oil",Internal combustion engine,Oil,25.4356,-80.3308,2009-12-15,EIA 860M,3210
2016,10,FL,Turkey Point,621,Florida Power & Light Co,6452,Electric Utility,ST1,402.0,Natural Gas Steam Turbine,Natural gas,Steam turbine,Gas,25.4356,-80.3308,2016-10-15,EIA 860M,3211
2013,12,FL,Turkey Point,621,Florida Power & Light Co,6452,Electric Utility,ST2,402.0,Petroleum Liquids,"Residual fuel oil, heavy fuel oil, Petroleum",Steam turbine,Oil,25.4356,-80.3308,2013-12-15,EIA 860M,3212
2035,12,WA,Northeast (WA),6210,Avista Corp,20169,Electric Utility,1,45.0,Natural Gas Fired Combustion Turbine,Natural gas,Combustion turbine,Gas,47.73511,-117.370538,2035-12-15,Electric Power Monthly Table 6.6,3213
2021,1,CA,Dynegy Oakland Power Plant,6211,"Dynegy Oakland, LLC",54803,IPP Non-CHP,GEN2,74.5,Petroleum Liquids,Jet fuel,Combustion turbine,Other,37.79675,-122.28185,2021-01-15,EIA 860M,3214
2007,3,CA,Mobile GT,6212,Pacific Gas & Electric Co.,14328,Electric Utility,1,13.3,Petroleum Liquids,"Distillate fuel oil, light fuel oil, FO2, diesel oil",Combustion turbine,Oil,40.741389,-124.210278,2007-03-15,EIA 860M,3215
2010,9,CA,Mobile GT,6212,Pacific Gas & Electric Co.,14328,Electric Utility,2,13.3,Petroleum Liquids,"Distillate fuel oil, light fuel oil, FO2, diesel oil",Combustion turbine,Oil,40.741389,-124.210278,2010-09-15,EIA 860M,3216
2010,9,CA,Mobile GT,6212,Pacific Gas & Electric Co.,14328,Electric Utility,3,13.3,Petroleum Liquids,"Distillate fuel oil, light fuel oil, FO2, diesel oil",Combustion turbine,Oil,40.741389,-124.210278,2010-09-15,EIA 860M,3217
2009,12,IA,Durant,6220,City of Durant - (IA),5529,Electric Utility,5,0.5,Petroleum Liquids,"Distillate fuel oil, light fuel oil, FO2, diesel oil",Internal combustion engine,Oil,41.59976,-90.91195,2009-12-15,EIA 860M,3218
2009,12,IA,Durant,6220,City of Durant - (IA),5529,Electric Utility,4,0.5,Petroleum Liquids,"Distillate fuel oil, light fuel oil, FO2, diesel oil",Internal combustion engine,Oil,41.59976,-90.91195,2009-12-15,EIA 860M,3219
2018,2,IA,Durant,6220,City of Durant - (IA),5529,Electric Utility,6A,2.0,Petroleum Liquids,"Distillate fuel oil, light fuel oil, FO2, diesel oil",Internal combustion engine,Oil,41.59976,-90.91195,2018-02-15,EIA 860M,3220
2035,12,MO,Empire Energy Center,6223,Empire District Electric Co,5860,Electric Utility,2,82.0,Natural Gas Fired Combustion Turbine,Natural gas,Combustion turbine,Gas,37.1385,-94.1041,2035-12-15,Electric Power Monthly Table 6.6,3221
2035,12,MO,Empire Energy Center,6223,Empire District Electric Co,5860,Electric Utility,1,80.0,Natural Gas Fired Combustion Turbine,Natural gas,Combustion turbine,Gas,37.1385,-94.1041,2035-12-15,Electric Power Monthly Table 6.6,3222
2020,1,NY,Westchester County Medical Center,62270,Westchester County Medical Center,61802,Commercial Non-CHP,DT250,0.3,Petroleum Liquids,"Distillate fuel oil, light fuel oil, FO2, diesel oil",Internal combustion engine,Oil,41.08921,-73.80443,2020-01-15,EIA 860M,3223
2020,12,NY,Westchester County Medical Center,62270,Westchester County Medical Center,61802,Commercial Non-CHP,CATR4,0.3,Petroleum Liquids,"Distillate fuel oil, light fuel oil, FO2, diesel oil",Internal combustion engine,Oil,41.08921,-73.80443,2020-12-15,EIA 860M,3224
2003,12,NE,Mobile,6229,Nebraska Public Power District,13337,Electric Utility,3,1.0,Petroleum Liquids,"Distillate fuel oil, light fuel oil, FO2, diesel oil",Internal combustion engine,Oil,40.883013,-97.601363,2003-12-15,EIA 860M,3225
2011,12,IL,Pittsfield,6237,"Prairie Power, Inc",40307,Electric Utility,2,1.0,Petroleum Liquids,"Distillate fuel oil, light fuel oil, FO2, diesel oil",Internal combustion engine,Oil,39.6436,-90.6353,2011-12-15,EIA 860M,3226
2011,12,IL,Pittsfield,6237,"Prairie Power, Inc",40307,Electric Utility,3,1.0,Petroleum Liquids,"Distillate fuel oil, light fuel oil, FO2, diesel oil",Internal combustion engine,Oil,39.6436,-90.6353,2011-12-15,EIA 860M,3227
2011,12,IL,Pittsfield,6237,"Prairie Power, Inc",40307,Electric Utility,1,1.0,Petroleum Liquids,"Distillate fuel oil, light fuel oil, FO2, diesel oil",Internal combustion engine,Oil,39.6436,-90.6353,2011-12-15,EIA 860M,3228
2011,12,IL,Pittsfield,6237,"Prairie Power, Inc",40307,Electric Utility,4,3.0,Petroleum Liquids,"Distillate fuel oil, light fuel oil, FO2, diesel oil",Internal combustion engine,Oil,39.6436,-90.6353,2011-12-15,EIA 860M,3229
2011,12,IL,Pittsfield,6237,"Prairie Power, Inc",40307,Electric Utility,5,3.0,Petroleum Liquids,"Distillate fuel oil, light fuel oil, FO2, diesel oil",Internal combustion engine,Oil,39.6436,-90.6353,2011-12-15,EIA 860M,3230
2012,6,IL,Pearl Station,6238,"Prairie Power, Inc",40307,Electric Utility,1,22.0,Conventional Steam Coal,Bituminous coal,Steam turbine,Coal,39.449185,-90.614119,2012-06-15,EIA 860M,3231
2021,12,NY,Albert Einstein College of Medicine,62398,Albert Einstein College of Medicine,61936,Commercial Non-CHP,CM111,0.2,Petroleum Liquids,"Distillate fuel oil, light fuel oil, FO2, diesel oil",Internal combustion engine,Oil,40.85132,-73.8483,2021-12-15,EIA 860M,3232
2020,10,FL,Avon Park,624,"Duke Energy Florida, LLC",6455,Electric Utility,P2,33.7,Petroleum Liquids,"Distillate fuel oil, light fuel oil, FO2, diesel oil",Combustion turbine,Oil,27.579444,-81.492778,2020-10-15,EIA 860M,3233
2020,10,FL,Avon Park,624,"Duke Energy Florida, LLC",6455,Electric Utility,P1,33.7,Natural Gas Fired Combustion Turbine,Natural gas,Combustion turbine,Gas,27.579444,-81.492778,2020-10-15,EIA 860M,3234
2019,6,NY,NYP-Hudson Valley Hospital Center,62421,NYP-Hudson Valley Hospital Center,61947,Commercial Non-CHP,300DS,0.3,Petroleum Liquids,"Distillate fuel oil, light fuel oil, FO2, diesel oil",Internal combustion engine,Oil,41.286739,-73.888802,2019-06-15,EIA 860M,3235
2020,2,NY,Mount Sinai South Nassau Hospital,62447,Mount Sinai South Nassau Hospital,61956,Commercial Non-CHP,2,0.8,Petroleum Liquids,"Distillate fuel oil, light fuel oil, FO2, diesel oil",Internal combustion engine,Oil,40.651614,-73.62993,2020-02-15,EIA 860M,3236
2020,2,NY,Mount Sinai South Nassau Hospital,62447,Mount Sinai South Nassau Hospital,61956,Commercial Non-CHP,1,1.1,Petroleum Liquids,"Distillate fuel oil, light fuel oil, FO2, diesel oil",Internal combustion engine,Oil,40.651614,-73.62993,2020-02-15,EIA 860M,3237
2014,12,FL,Putnam,6246,Florida Power & Light Co,6452,Electric Utility,2ST,120.0,Natural Gas Fired Combined Cycle,Natural gas,Combined cycle,Gas,29.628338,-81.585084,2014-12-15,EIA 860M,3238
2014,12,FL,Putnam,6246,Florida Power & Light Co,6452,Electric Utility,1GT2,85.0,Natural Gas Fired Combined Cycle,Natural gas,Combined cycle,Gas,29.628338,-81.585084,2014-12-15,EIA 860M,3239
2014,12,FL,Putnam,6246,Florida Power & Light Co,6452,Electric Utility,2GT2,85.0,Natural Gas Fired Combined Cycle,Natural gas,Combined cycle,Gas,29.628338,-81.585084,2014-12-15,EIA 860M,3240
2014,12,FL,Putnam,6246,Florida Power & Light Co,6452,Electric Utility,1GT1,85.0,Natural Gas Fired Combined Cycle,Natural gas,Combined cycle,Gas,29.628338,-81.585084,2014-12-15,EIA 860M,3241
2014,12,FL,Putnam,6246,Florida Power & Light Co,6452,Electric Utility,2GT1,85.0,Natural Gas Fired Combined Cycle,Natural gas,Combined cycle,Gas,29.628338,-81.585084,2014-12-15,EIA 860M,3242
2014,12,FL,Putnam,6246,Florida Power & Light Co,6452,Electric Utility,1ST,120.0,Natural Gas Fired Combined Cycle,Natural gas,Combined cycle,Gas,29.628338,-81.585084,2014-12-15,EIA 860M,3243
2030,12,SC,Winyah,6249,South Carolina Public Service Authority,17543,Electric Utility,3,285.0,Conventional Steam Coal,Bituminous coal,Steam turbine,Coal,33.33184,-79.357236,2030-12-15,Electric Power Monthly Table 6.6,3244
2030,12,SC,Winyah,6249,South Carolina Public Service Authority,17543,Electric Utility,2,285.0,Conventional Steam Coal,Bituminous coal,Steam turbine,Coal,33.33184,-79.357236,2030-12-15,Electric Power Monthly Table 6.6,3245
2030,12,SC,Winyah,6249,South Carolina Public Service Authority,17543,Electric Utility,1,275.0,Conventional Steam Coal,Bituminous coal,Steam turbine,Coal,33.33184,-79.357236,2030-12-15,Electric Power Monthly Table 6.6,3246
2030,12,SC,Winyah,6249,South Carolina Public Service Authority,17543,Electric Utility,4,285.0,Conventional Steam Coal,Bituminous coal,Steam turbine,Coal,33.33184,-79.357236,2030-12-15,Electric Power Monthly Table 6.6,3247
2022,1,GA,Scherer,6257,Georgia Power Co,7140,Electric Utility,4,891.0,Conventional Steam Coal,Subbituminous coal,Steam turbine,Coal,33.0606,-83.8075,2022-01-15,EIA 860M,3248
2018,12,FL,Crystal River,628,"Duke Energy Florida, LLC",6455,Electric Utility,1,440.5,Conventional Steam Coal,Bituminous coal,Steam turbine,Coal,28.9656,-82.6977,2018-12-15,EIA 860M,3249
2018,12,FL,Crystal River,628,"Duke Energy Florida, LLC",6455,Electric Utility,2,523.8,Conventional Steam Coal,Bituminous coal,Steam turbine,Coal,28.9656,-82.6977,2018-12-15,EIA 860M,3250
2004,4,AK,Kodiak Microgrid,6281,Kodiak Electric Assn Inc,10433,Electric Utility,6,2.0,Petroleum Liquids,"Distillate fuel oil, light fuel oil, FO2, diesel oil",Internal combustion engine,Oil,57.789956,-152.396982,2004-04-15,EIA 860M,3251
2004,4,AK,Kodiak Microgrid,6281,Kodiak Electric Assn Inc,10433,Electric Utility,3,5.2,Petroleum Liquids,"Distillate fuel oil, light fuel oil, FO2, diesel oil",Internal combustion engine,Oil,57.789956,-152.396982,2004-04-15,EIA 860M,3252
2003,7,AK,Kodiak Microgrid,6281,Kodiak Electric Assn Inc,10433,Electric Utility,2,5.2,Petroleum Liquids,"Distillate fuel oil, light fuel oil, FO2, diesel oil",Internal combustion engine,Oil,57.789956,-152.396982,2003-07-15,EIA 860M,3253
2002,4,AK,Kodiak Microgrid,6281,Kodiak Electric Assn Inc,10433,Electric Utility,7,2.0,Petroleum Liquids,"Distillate fuel oil, light fuel oil, FO2, diesel oil",Internal combustion engine,Oil,57.789956,-152.396982,2002-04-15,EIA 860M,3254
2002,4,AK,Kodiak Microgrid,6281,Kodiak Electric Assn Inc,10433,Electric Utility,8,2.6,Petroleum Liquids,"Distillate fuel oil, light fuel oil, FO2, diesel oil",Internal combustion engine,Oil,57.789956,-152.396982,2002-04-15,EIA 860M,3255
2002,4,AK,Kodiak Microgrid,6281,Kodiak Electric Assn Inc,10433,Electric Utility,9,2.0,Petroleum Liquids,"Distillate fuel oil, light fuel oil, FO2, diesel oil",Internal combustion engine,Oil,57.789956,-152.396982,2002-04-15,EIA 860M,3256
2017,10,AK,Port Lions Microgrid,6282,Kodiak Electric Assn Inc,10433,Electric Utility,3,0.2,Petroleum Liquids,"Distillate fuel oil, light fuel oil, FO2, diesel oil",Internal combustion engine,Oil,57.864775,-152.855441,2017-10-15,EIA 860M,3257
2017,10,AK,Port Lions Microgrid,6282,Kodiak Electric Assn Inc,10433,Electric Utility,1,0.3,Petroleum Liquids,"Distillate fuel oil, light fuel oil, FO2, diesel oil",Internal combustion engine,Oil,57.864775,-152.855441,2017-10-15,EIA 860M,3258
2017,10,AK,Port Lions Microgrid,6282,Kodiak Electric Assn Inc,10433,Electric Utility,2,0.3,Petroleum Liquids,"Distillate fuel oil, light fuel oil, FO2, diesel oil",Internal combustion engine,Oil,57.864775,-152.855441,2017-10-15,EIA 860M,3259
2017,10,AK,Port Lions Microgrid,6282,Kodiak Electric Assn Inc,10433,Electric Utility,4,0.2,Petroleum Liquids,"Distillate fuel oil, light fuel oil, FO2, diesel oil",Internal combustion engine,Oil,57.864775,-152.855441,2017-10-15,EIA 860M,3260
2017,9,AK,Seldovia,6283,Homer Electric Assn Inc,19558,Electric Utility,6,1.2,Petroleum Liquids,"Distillate fuel oil, light fuel oil, FO2, diesel oil",Internal combustion engine,Oil,59.439542,-151.713439,2017-09-15,EIA 860M,3261
2003,9,AK,Seldovia,6283,Homer Electric Assn Inc,19558,Electric Utility,2,0.6,Petroleum Liquids,"Distillate fuel oil, light fuel oil, FO2, diesel oil",Internal combustion engine,Oil,59.439542,-151.713439,2003-09-15,EIA 860M,3262
2003,9,AK,Seldovia,6283,Homer Electric Assn Inc,19558,Electric Utility,3,0.6,Petroleum Liquids,"Distillate fuel oil, light fuel oil, FO2, diesel oil",Internal combustion engine,Oil,59.439542,-151.713439,2003-09-15,EIA 860M,3263
2003,9,AK,Seldovia,6283,Homer Electric Assn Inc,19558,Electric Utility,1,0.3,Petroleum Liquids,"Distillate fuel oil, light fuel oil, FO2, diesel oil",Internal combustion engine,Oil,59.439542,-151.713439,2003-09-15,EIA 860M,3264
2003,9,AK,Seldovia,6283,Homer Electric Assn Inc,19558,Electric Utility,4,0.6,Petroleum Liquids,"Distillate fuel oil, light fuel oil, FO2, diesel oil",Internal combustion engine,Oil,59.439542,-151.713439,2003-09-15,EIA 860M,3265
2016,3,FL,G E Turner,629,"Duke Energy Florida, LLC",6455,Electric Utility,P4,71.2,Petroleum Liquids,"Distillate fuel oil, light fuel oil, FO2, diesel oil",Combustion turbine,Oil,28.869577,-81.273957,2016-03-15,EIA 860M,3266
2016,3,FL,G E Turner,629,"Duke Energy Florida, LLC",6455,Electric Utility,P1,19.2,Petroleum Liquids,"Distillate fuel oil, light fuel oil, FO2, diesel oil",Combustion turbine,Oil,28.869577,-81.273957,2016-03-15,EIA 860M,3267
2015,7,FL,G E Turner,629,"Duke Energy Florida, LLC",6455,Electric Utility,P3,71.2,Petroleum Liquids,"Distillate fuel oil, light fuel oil, FO2, diesel oil",Combustion turbine,Oil,28.869577,-81.273957,2015-07-15,EIA 860M,3268
2016,3,FL,G E Turner,629,"Duke Energy Florida, LLC",6455,Electric Utility,P2,19.2,Petroleum Liquids,"Distillate fuel oil, light fuel oil, FO2, diesel oil",Combustion turbine,Oil,28.869577,-81.273957,2016-03-15,EIA 860M,3269
2015,8,AK,International,6293,Chugach Electric Assn Inc,3522,Electric Utility,3,16.3,Natural Gas Fired Combustion Turbine,Natural gas,Combustion turbine,Gas,61.168972,-149.911038,2015-08-15,EIA 860M,3270
2020,8,AK,International,6293,Chugach Electric Assn Inc,3522,Electric Utility,2,15.0,Natural Gas Fired Combustion Turbine,Natural gas,Combustion turbine,Gas,61.168972,-149.911038,2020-08-15,EIA 860M,3271
2023,5,AK,International,6293,Chugach Electric Assn Inc,3522,Electric Utility,1,15.0,Natural Gas Fired Combustion Turbine,Natural gas,Combustion turbine,Gas,61.168972,-149.911038,2023-05-15,EIA 860M,3272
2010,5,AK,Unalakleet,6299,Unalakleet Valley Elec Coop,40548,Electric Utility,3,0.4,Petroleum Liquids,"Distillate fuel oil, light fuel oil, FO2, diesel oil",Internal combustion engine,Oil,63.876789,-160.790414,2010-05-15,EIA 860M,3273
2010,5,AK,Unalakleet,6299,Unalakleet Valley Elec Coop,40548,Electric Utility,4,0.4,Petroleum Liquids,"Distillate fuel oil, light fuel oil, FO2, diesel oil",Internal combustion engine,Oil,63.876789,-160.790414,2010-05-15,EIA 860M,3274
2010,5,AK,Unalakleet,6299,Unalakleet Valley Elec Coop,40548,Electric Utility,2,0.4,Petroleum Liquids,"Distillate fuel oil, light fuel oil, FO2, diesel oil",Internal combustion engine,Oil,63.876789,-160.790414,2010-05-15,EIA 860M,3275
2010,5,AK,Unalakleet,6299,Unalakleet Valley Elec Coop,40548,Electric Utility,1,0.4,Petroleum Liquids,"Distillate fuel oil, light fuel oil, FO2, diesel oil",Internal combustion engine,Oil,63.876789,-160.790414,2010-05-15,EIA 860M,3276
2019,3,FL,Higgins,630,"Duke Energy Florida, LLC",6455,Electric Utility,P1,33.7,Natural Gas Fired Combustion Turbine,Natural gas,Combustion turbine,Gas,28.003262,-82.661507,2019-03-15,EIA 860M,3277
2019,12,FL,Higgins,630,"Duke Energy Florida, LLC",6455,Electric Utility,P4,42.9,Natural Gas Fired Combustion Turbine,Natural gas,Combustion turbine,Gas,28.003262,-82.661507,2019-12-15,EIA 860M,3278
2019,12,FL,Higgins,630,"Duke Energy Florida, LLC",6455,Electric Utility,P2,33.7,Natural Gas Fired Combustion Turbine,Natural gas,Combustion turbine,Gas,28.003262,-82.661507,2019-12-15,EIA 860M,3279
2019,12,FL,Higgins,630,"Duke Energy Florida, LLC",6455,Electric Utility,P3,42.9,Natural Gas Fired Combustion Turbine,Natural gas,Combustion turbine,Gas,28.003262,-82.661507,2019-12-15,EIA 860M,3280
2004,8,AK,Naknek,6301,"Naknek Electric Assn, Inc",13201,Electric Utility,6,0.4,Petroleum Liquids,"Distillate fuel oil, light fuel oil, FO2, diesel oil",Internal combustion engine,Oil,58.730417,-157.007222,2004-08-15,EIA 860M,3281
2004,8,AK,Naknek,6301,"Naknek Electric Assn, Inc",13201,Electric Utility,5,0.4,Petroleum Liquids,"Distillate fuel oil, light fuel oil, FO2, diesel oil",Internal combustion engine,Oil,58.730417,-157.007222,2004-08-15,EIA 860M,3282
2004,8,AK,Naknek,6301,"Naknek Electric Assn, Inc",13201,Electric Utility,7,0.4,Petroleum Liquids,"Distillate fuel oil, light fuel oil, FO2, diesel oil",Internal combustion engine,Oil,58.730417,-157.007222,2004-08-15,EIA 860M,3283
2012,7,AK,Kotzebue Hybrid,6304,Kotzebue Electric Assn Inc,10451,Electric Utility,12,1.0,Petroleum Liquids,"Distillate fuel oil, light fuel oil, FO2, diesel oil",Internal combustion engine,Oil,66.837778,-162.556944,2012-07-15,EIA 860M,3284
2004,10,AK,Kotzebue Hybrid,6304,Kotzebue Electric Assn Inc,10451,Electric Utility,9,2.1,Petroleum Liquids,"Distillate fuel oil, light fuel oil, FO2, diesel oil",Internal combustion engine,Oil,66.837778,-162.556944,2004-10-15,EIA 860M,3285
2013,8,AK,Kotzebue Hybrid,6304,Kotzebue Electric Assn Inc,10451,Electric Utility,11,1.0,Petroleum Liquids,"Distillate fuel oil, light fuel oil, FO2, diesel oil",Internal combustion engine,Oil,66.837778,-162.556944,2013-08-15,EIA 860M,3286
2019,5,AK,Glennallen,6305,"Copper Valley Elec Assn, Inc",4329,Electric Utility,5,0.5,Petroleum Liquids,"Distillate fuel oil, light fuel oil, FO2, diesel oil",Internal combustion engine,Oil,62.110415,-145.532529,2019-05-15,EIA 860M,3287
2019,5,AK,Glennallen,6305,"Copper Valley Elec Assn, Inc",4329,Electric Utility,4,0.5,Petroleum Liquids,"Distillate fuel oil, light fuel oil, FO2, diesel oil",Internal combustion engine,Oil,62.110415,-145.532529,2019-05-15,EIA 860M,3288
2019,5,AK,Glennallen,6305,"Copper Valley Elec Assn, Inc",4329,Electric Utility,3,0.5,Petroleum Liquids,"Distillate fuel oil, light fuel oil, FO2, diesel oil",Internal combustion engine,Oil,62.110415,-145.532529,2019-05-15,EIA 860M,3289
2008,7,AK,Glennallen,6305,"Copper Valley Elec Assn, Inc",4329,Electric Utility,2,0.3,Petroleum Liquids,"Distillate fuel oil, light fuel oil, FO2, diesel oil",Internal combustion engine,Oil,62.110415,-145.532529,2008-07-15,EIA 860M,3290
2008,7,AK,Glennallen,6305,"Copper Valley Elec Assn, Inc",4329,Electric Utility,1,0.3,Petroleum Liquids,"Distillate fuel oil, light fuel oil, FO2, diesel oil",Internal combustion engine,Oil,62.110415,-145.532529,2008-07-15,EIA 860M,3291
2018,1,AK,Valdez,6306,"Copper Valley Elec Assn, Inc",4329,Electric Utility,7,2.8,Petroleum Liquids,"Distillate fuel oil, light fuel oil, FO2, diesel oil",Combustion turbine,Oil,61.1303,-146.3647,2018-01-15,EIA 860M,3292
2016,6,AK,Valdez,6306,"Copper Valley Elec Assn, Inc",4329,Electric Utility,1,0.5,Petroleum Liquids,"Distillate fuel oil, light fuel oil, FO2, diesel oil",Internal combustion engine,Oil,61.1303,-146.3647,2016-06-15,EIA 860M,3293
2016,6,AK,Valdez,6306,"Copper Valley Elec Assn, Inc",4329,Electric Utility,2,0.5,Petroleum Liquids,"Distillate fuel oil, light fuel oil, FO2, diesel oil",Internal combustion engine,Oil,61.1303,-146.3647,2016-06-15,EIA 860M,3294
2016,6,AK,Valdez,6306,"Copper Valley Elec Assn, Inc",4329,Electric Utility,3,0.5,Petroleum Liquids,"Distillate fuel oil, light fuel oil, FO2, diesel oil",Internal combustion engine,Oil,61.1303,-146.3647,2016-06-15,EIA 860M,3295
2021,7,MO,Hannibal - Oakwood Substation,63097,Hannibal Board of Public Works Power Plant,62901,Electric Utility,EP-01,2.0,Petroleum Liquids,"Distillate fuel oil, light fuel oil, FO2, diesel oil",Internal combustion engine,Oil,39.679842,-91.3988,2021-07-15,EIA 860M,3296
2021,7,MO,Hannibal - Oakwood Substation,63097,Hannibal Board of Public Works Power Plant,62901,Electric Utility,EP-04,2.0,Petroleum Liquids,"Distillate fuel oil, light fuel oil, FO2, diesel oil",Internal combustion engine,Oil,39.679842,-91.3988,2021-07-15,EIA 860M,3297
2021,7,MO,Hannibal - Oakwood Substation,63097,Hannibal Board of Public Works Power Plant,62901,Electric Utility,EP-03,2.0,Petroleum Liquids,"Distillate fuel oil, light fuel oil, FO2, diesel oil",Internal combustion engine,Oil,39.679842,-91.3988,2021-07-15,EIA 860M,3298
2021,7,MO,Hannibal - Oakwood Substation,63097,Hannibal Board of Public Works Power Plant,62901,Electric Utility,EP-08,2.0,Petroleum Liquids,"Distillate fuel oil, light fuel oil, FO2, diesel oil",Internal combustion engine,Oil,39.679842,-91.3988,2021-07-15,EIA 860M,3299
2021,7,MO,Hannibal - Oakwood Substation,63097,Hannibal Board of Public Works Power Plant,62901,Electric Utility,EP-07,2.0,Petroleum Liquids,"Distillate fuel oil, light fuel oil, FO2, diesel oil",Internal combustion engine,Oil,39.679842,-91.3988,2021-07-15,EIA 860M,3300
2021,7,MO,Hannibal - Oakwood Substation,63097,Hannibal Board of Public Works Power Plant,62901,Electric Utility,EP-02,2.0,Petroleum Liquids,"Distillate fuel oil, light fuel oil, FO2, diesel oil",Internal combustion engine,Oil,39.679842,-91.3988,2021-07-15,EIA 860M,3301
2021,7,MO,Hannibal - Oakwood Substation,63097,Hannibal Board of Public Works Power Plant,62901,Electric Utility,EP-06,2.0,Petroleum Liquids,"Distillate fuel oil, light fuel oil, FO2, diesel oil",Internal combustion engine,Oil,39.679842,-91.3988,2021-07-15,EIA 860M,3302
2021,7,MO,Hannibal - Oakwood Substation,63097,Hannibal Board of Public Works Power Plant,62901,Electric Utility,EP-05,2.0,Petroleum Liquids,"Distillate fuel oil, light fuel oil, FO2, diesel oil",Internal combustion engine,Oil,39.679842,-91.3988,2021-07-15,EIA 860M,3303
2021,7,MO,Hannibal - Water Treatment Plant,63098,Hannibal Board of Public Works Power Plant,62901,Electric Utility,EP-09,2.0,Petroleum Liquids,"Distillate fuel oil, light fuel oil, FO2, diesel oil",Internal combustion engine,Oil,39.723032,-91.374428,2021-07-15,EIA 860M,3304
2021,7,MO,Hannibal - Wastewater Treatment Plant,63099,Hannibal Board of Public Works Power Plant,62901,Electric Utility,EP-10,2.0,Petroleum Liquids,"Distillate fuel oil, light fuel oil, FO2, diesel oil",Internal combustion engine,Oil,39.699516,-91.37138,2021-07-15,EIA 860M,3305
2009,10,AK,Chevak,6311,"Alaska Village Elec Coop, Inc",221,Electric Utility,1,0.4,Petroleum Liquids,"Distillate fuel oil, light fuel oil, FO2, diesel oil",Internal combustion engine,Oil,61.525297,-165.590152,2009-10-15,EIA 860M,3306
2009,10,AK,Chevak,6311,"Alaska Village Elec Coop, Inc",221,Electric Utility,2,0.3,Petroleum Liquids,"Distillate fuel oil, light fuel oil, FO2, diesel oil",Internal combustion engine,Oil,61.525297,-165.590152,2009-10-15,EIA 860M,3307
2009,10,AK,Chevak,6311,"Alaska Village Elec Coop, Inc",221,Electric Utility,3,0.3,Petroleum Liquids,"Distillate fuel oil, light fuel oil, FO2, diesel oil",Internal combustion engine,Oil,61.525297,-165.590152,2009-10-15,EIA 860M,3308
2011,8,AK,Emmonak,6314,"Alaska Village Elec Coop, Inc",221,Electric Utility,2,0.3,Petroleum Liquids,"Distillate fuel oil, light fuel oil, FO2, diesel oil",Internal combustion engine,Oil,62.777694,-164.531517,2011-08-15,EIA 860M,3309
2005,4,AK,Emmonak,6314,"Alaska Village Elec Coop, Inc",221,Electric Utility,4,0.3,Petroleum Liquids,"Distillate fuel oil, light fuel oil, FO2, diesel oil",Internal combustion engine,Oil,62.777694,-164.531517,2005-04-15,EIA 860M,3310
2005,4,AK,Emmonak,6314,"Alaska Village Elec Coop, Inc",221,Electric Utility,5,0.5,Petroleum Liquids,"Distillate fuel oil, light fuel oil, FO2, diesel oil",Internal combustion engine,Oil,62.777694,-164.531517,2005-04-15,EIA 860M,3311
2024,12,AK,Emmonak,6314,"Alaska Village Elec Coop, Inc",221,Electric Utility,5B,1.3,Petroleum Liquids,"Distillate fuel oil, light fuel oil, FO2, diesel oil",Internal combustion engine,Oil,62.777694,-164.531517,2024-12-15,EIA 860M,3312
2007,1,CA,Portola,6524,Sierra Pacific Power Co,17166,Electric Utility,2,2.0,Petroleum Liquids,"Distillate fuel oil, light fuel oil, FO2, diesel oil",Internal combustion engine,Oil,39.816944,-120.463333,2007-01-15,EIA 860M,3313
2007,1,CA,Portola,6524,Sierra Pacific Power Co,17166,Electric Utility,3,2.0,Petroleum Liquids,"Distillate fuel oil, light fuel oil, FO2, diesel oil",Internal combustion engine,Oil,39.816944,-120.463333,2007-01-15,EIA 860M,3314
2011,1,NV,Valley Road,6530,Sierra Pacific Power Co,17166,Electric Utility,1,2.0,Petroleum Liquids,"Distillate fuel oil, light fuel oil, FO2, diesel oil",Internal combustion engine,Oil,39.5472,-119.795,2011-01-15,EIA 860M,3315
2011,1,NV,Valley Road,6530,Sierra Pacific Power Co,17166,Electric Utility,2,2.0,Petroleum Liquids,"Distillate fuel oil, light fuel oil, FO2, diesel oil",Internal combustion engine,Oil,39.5472,-119.795,2011-01-15,EIA 860M,3316
2011,1,NV,Valley Road,6530,Sierra Pacific Power Co,17166,Electric Utility,3,2.0,Petroleum Liquids,"Distillate fuel oil, light fuel oil, FO2, diesel oil",Internal combustion engine,Oil,39.5472,-119.795,2011-01-15,EIA 860M,3317
2011,1,NV,Winnemucca,6533,Sierra Pacific Power Co,17166,Electric Utility,1,14.9,Natural Gas Fired Combustion Turbine,Natural gas,Combustion turbine,Gas,40.9581,-117.7375,2011-01-15,EIA 860M,3318
2011,12,UT,Little Mountain,6553,PacifiCorp,14354,Electric Utility,1,16.0,Natural Gas Fired Combustion Turbine,Natural gas,Combustion turbine,Gas,41.250607,-112.249441,2011-12-15,EIA 860M,3319
2021,4,AK,McGrath,6555,McGrath Light & Power Co,12119,Electric Utility,6,0.6,Petroleum Liquids,"Distillate fuel oil, light fuel oil, FO2, diesel oil",Internal combustion engine,Oil,62.95699,-155.594997,2021-04-15,EIA 860M,3320
2010,10,AK,McGrath,6555,McGrath Light & Power Co,12119,Electric Utility,5,0.6,Petroleum Liquids,"Distillate fuel oil, light fuel oil, FO2, diesel oil",Internal combustion engine,Oil,62.95699,-155.594997,2010-10-15,EIA 860M,3321
2010,10,AK,McGrath,6555,McGrath Light & Power Co,12119,Electric Utility,4,0.2,Petroleum Liquids,"Distillate fuel oil, light fuel oil, FO2, diesel oil",Internal combustion engine,Oil,62.95699,-155.594997,2010-10-15,EIA 860M,3322
2010,10,AK,McGrath,6555,McGrath Light & Power Co,12119,Electric Utility,3,0.2,Petroleum Liquids,"Distillate fuel oil, light fuel oil, FO2, diesel oil",Internal combustion engine,Oil,62.95699,-155.594997,2010-10-15,EIA 860M,3323
2021,4,AK,McGrath,6555,McGrath Light & Power Co,12119,Electric Utility,7,0.6,Petroleum Liquids,"Distillate fuel oil, light fuel oil, FO2, diesel oil",Internal combustion engine,Oil,62.95699,-155.594997,2021-04-15,EIA 860M,3324
2021,4,AK,McGrath,6555,McGrath Light & Power Co,12119,Electric Utility,3A,0.5,Petroleum Liquids,"Distillate fuel oil, light fuel oil, FO2, diesel oil",Internal combustion engine,Oil,62.95699,-155.594997,2021-04-15,EIA 860M,3325
2021,4,AK,McGrath,6555,McGrath Light & Power Co,12119,Electric Utility,4A,0.5,Petroleum Liquids,"Distillate fuel oil, light fuel oil, FO2, diesel oil",Internal combustion engine,Oil,62.95699,-155.594997,2021-04-15,EIA 860M,3326
2016,3,LA,D G Hunter,6558,City of Alexandria - (LA),298,Electric Utility,4,85.0,Natural Gas Steam Turbine,Natural gas,Steam turbine,Gas,31.3207,-92.4613,2016-03-15,EIA 860M,3327
2005,1,LA,D G Hunter,6558,City of Alexandria - (LA),298,Electric Utility,2,17.5,Natural Gas Steam Turbine,Natural gas,Steam turbine,Gas,31.3207,-92.4613,2005-01-15,EIA 860M,3328
2005,1,LA,D G Hunter,6558,City of Alexandria - (LA),298,Electric Utility,1,17.5,Natural Gas Steam Turbine,Natural gas,Steam turbine,Gas,31.3207,-92.4613,2005-01-15,EIA 860M,3329
2016,3,LA,D G Hunter,6558,City of Alexandria - (LA),298,Electric Utility,3,55.0,Natural Gas Steam Turbine,Natural gas,Steam turbine,Gas,31.3207,-92.4613,2016-03-15,EIA 860M,3330
2016,12,AK,George M Sullivan Generation Plant 2,6559,Chugach Electric Assn Inc,3522,Electric Utility,6,33.0,Natural Gas Fired Combined Cycle,Natural gas,Combined cycle,Gas,61.229713,-149.716744,2016-12-15,EIA 860M,3331
2016,12,AK,George M Sullivan Generation Plant 2,6559,Chugach Electric Assn Inc,3522,Electric Utility,5,38.1,Natural Gas Fired Combined Cycle,Natural gas,Combined cycle,Gas,61.229713,-149.716744,2016-12-15,EIA 860M,3332
2004,6,MD,Berlin,6565,Town of Berlin - (MD),1615,Electric Utility,3A,1.8,Petroleum Liquids,"Distillate fuel oil, light fuel oil, FO2, diesel oil",Internal combustion engine,Oil,38.327778,-75.217222,2004-06-15,EIA 860M,3333
2019,6,MD,Berlin,6565,Town of Berlin - (MD),1615,Electric Utility,2A,1.8,Petroleum Liquids,"Distillate fuel oil, light fuel oil, FO2, diesel oil",Internal combustion engine,Oil,38.327778,-75.217222,2019-06-15,EIA 860M,3334
2020,5,MD,Berlin,6565,Town of Berlin - (MD),1615,Electric Utility,4A,1.8,Petroleum Liquids,"Distillate fuel oil, light fuel oil, FO2, diesel oil",Internal combustion engine,Oil,38.327778,-75.217222,2020-05-15,EIA 860M,3335
2024,5,AK,Bethel,6566,"Alaska Village Elec Coop, Inc",221,Electric Utility,6,2.1,Petroleum Liquids,"Distillate fuel oil, light fuel oil, FO2, diesel oil",Internal combustion engine,Oil,60.7897,-161.787778,2024-05-15,EIA 860M,3336
2002,1,RI,Block Island,6567,Block Island Utility District,1857,Electric Utility,21,1.6,Petroleum Liquids,"Distillate fuel oil, light fuel oil, FO2, diesel oil",Internal combustion engine,Oil,41.175556,-71.5711,2002-01-15,EIA 860M,3337
2005,1,RI,Block Island,6567,Block Island Utility District,1857,Electric Utility,11,1.0,Petroleum Liquids,"Distillate fuel oil, light fuel oil, FO2, diesel oil",Internal combustion engine,Oil,41.175556,-71.5711,2005-01-15,EIA 860M,3338
2012,6,RI,Block Island,6567,Block Island Utility District,1857,Electric Utility,19,1.1,Petroleum Liquids,"Distillate fuel oil, light fuel oil, FO2, diesel oil",Internal combustion engine,Oil,41.175556,-71.5711,2012-06-15,EIA 860M,3339
2016,7,RI,Block Island,6567,Block Island Utility District,1857,Electric Utility,22,1.3,Petroleum Liquids,"Distillate fuel oil, light fuel oil, FO2, diesel oil",Internal combustion engine,Oil,41.175556,-71.5711,2016-07-15,EIA 860M,3340
2017,1,RI,Block Island,6567,Block Island Utility District,1857,Electric Utility,26,1.8,Petroleum Liquids,"Distillate fuel oil, light fuel oil, FO2, diesel oil",Internal combustion engine,Oil,41.175556,-71.5711,2017-01-15,EIA 860M,3341
2017,8,KS,Johnson,6579,City of Johnson - (KS),9776,Electric Utility,7,1.5,Petroleum Liquids,"Distillate fuel oil, light fuel oil, FO2, diesel oil",Internal combustion engine,Oil,37.566881,-101.751065,2017-08-15,EIA 860M,3342
2017,8,KS,Johnson,6579,City of Johnson - (KS),9776,Electric Utility,IC6,1.5,Petroleum Liquids,"Distillate fuel oil, light fuel oil, FO2, diesel oil",Internal combustion engine,Oil,37.566881,-101.751065,2017-08-15,EIA 860M,3343
2017,8,KS,Johnson,6579,City of Johnson - (KS),9776,Electric Utility,5,0.3,Petroleum Liquids,"Distillate fuel oil, light fuel oil, FO2, diesel oil",Internal combustion engine,Oil,37.566881,-101.751065,2017-08-15,EIA 860M,3344
2017,8,KS,Johnson,6579,City of Johnson - (KS),9776,Electric Utility,4,0.5,Petroleum Liquids,"Distillate fuel oil, light fuel oil, FO2, diesel oil",Internal combustion engine,Oil,37.566881,-101.751065,2017-08-15,EIA 860M,3345
2017,8,KS,Johnson,6579,City of Johnson - (KS),9776,Electric Utility,2,0.9,Petroleum Liquids,"Distillate fuel oil, light fuel oil, FO2, diesel oil",Internal combustion engine,Oil,37.566881,-101.751065,2017-08-15,EIA 860M,3346
2017,8,KS,Johnson,6579,City of Johnson - (KS),9776,Electric Utility,1,0.6,Petroleum Liquids,"Distillate fuel oil, light fuel oil, FO2, diesel oil",Internal combustion engine,Oil,37.566881,-101.751065,2017-08-15,EIA 860M,3347
2006,9,FL,Cudjoe,6582,Utility Board of Key West City,50079,Electric Utility,2,2.7,Petroleum Liquids,"Distillate fuel oil, light fuel oil, FO2, diesel oil",Internal combustion engine,Oil,24.579167,-81.685,2006-09-15,EIA 860M,3348
2006,9,FL,Cudjoe,6582,Utility Board of Key West City,50079,Electric Utility,3,2.3,Petroleum Liquids,"Distillate fuel oil, light fuel oil, FO2, diesel oil",Internal combustion engine,Oil,24.579167,-81.685,2006-09-15,EIA 860M,3349
2009,12,FL,Stock Island,6584,Utility Board of Key West City,50079,Electric Utility,IC1,2.5,Petroleum Liquids,"Distillate fuel oil, light fuel oil, FO2, diesel oil",Internal combustion engine,Oil,24.563333,-81.7342,2009-12-15,EIA 860M,3350
2009,12,FL,Stock Island,6584,Utility Board of Key West City,50079,Electric Utility,IC2,2.5,Petroleum Liquids,"Distillate fuel oil, light fuel oil, FO2, diesel oil",Internal combustion engine,Oil,24.563333,-81.7342,2009-12-15,EIA 860M,3351
2009,12,FL,Stock Island,6584,Utility Board of Key West City,50079,Electric Utility,IC3,2.5,Petroleum Liquids,"Distillate fuel oil, light fuel oil, FO2, diesel oil",Internal combustion engine,Oil,24.563333,-81.7342,2009-12-15,EIA 860M,3352
2010,6,MA,Commercial Street,6585,Town of Marblehead - (MA),11624,Electric Utility,2,1.1,Petroleum Liquids,"Distillate fuel oil, light fuel oil, FO2, diesel oil",Internal combustion engine,Oil,42.495833,-70.854722,2010-06-15,EIA 860M,3353
2022,6,AK,Skagway,66,Alaska Power and Telephone Co,219,Electric Utility,8A,0.5,Petroleum Liquids,"Distillate fuel oil, light fuel oil, FO2, diesel oil",Internal combustion engine,Oil,59.4545,-135.3131,2022-06-15,EIA 860M,3354
2031,10,FL,Deerhaven Generating Station,663,Gainesville Regional Utilities,6909,Electric Utility,GT1,17.5,Natural Gas Fired Combustion Turbine,Natural gas,Combustion turbine,Gas,29.7592,-82.3878,2031-10-15,Electric Power Monthly Table 6.6,3355
2031,10,FL,Deerhaven Generating Station,663,Gainesville Regional Utilities,6909,Electric Utility,GT2,17.5,Natural Gas Fired Combustion Turbine,Natural gas,Combustion turbine,Gas,29.7592,-82.3878,2031-10-15,Electric Power Monthly Table 6.6,3356
2036,12,FL,Deerhaven Generating Station,663,Gainesville Regional Utilities,6909,Electric Utility,2,232.0,Natural Gas Steam Turbine,Natural gas,Steam turbine,Gas,29.7592,-82.3878,2036-12-15,Electric Power Monthly Table 6.6,3357
2027,12,FL,Deerhaven Generating Station,663,Gainesville Regional Utilities,6909,Electric Utility,1,76.0,Natural Gas Steam Turbine,Natural gas,Steam turbine,Gas,29.7592,-82.3878,2027-12-15,Electric Power Monthly Table 6.6,3358
2006,12,AK,Yakutat,6637,"Alaska Village Elec Coop, Inc",221,Electric Utility,5,0.3,Petroleum Liquids,"Distillate fuel oil, light fuel oil, FO2, diesel oil",Internal combustion engine,Oil,59.544553,-139.724306,2006-12-15,EIA 860M,3359
2014,8,AK,Yakutat,6637,"Alaska Village Elec Coop, Inc",221,Electric Utility,4A,1.1,Petroleum Liquids,"Distillate fuel oil, light fuel oil, FO2, diesel oil",Internal combustion engine,Oil,59.544553,-139.724306,2014-08-15,EIA 860M,3360
2013,10,FL,John R Kelly,664,Gainesville Regional Utilities,6909,Electric Utility,GT3,16.3,Natural Gas Fired Combustion Turbine,Natural gas,Combustion turbine,Gas,29.6461,-82.3208,2013-10-15,EIA 860M,3361
2013,10,FL,John R Kelly,664,Gainesville Regional Utilities,6909,Electric Utility,GT2,16.3,Natural Gas Fired Combustion Turbine,Natural gas,Combustion turbine,Gas,29.6461,-82.3208,2013-10-15,EIA 860M,3362
2013,10,FL,John R Kelly,664,Gainesville Regional Utilities,6909,Electric Utility,GT1,16.3,Natural Gas Fired Combustion Turbine,Natural gas,Combustion turbine,Gas,29.6461,-82.3208,2013-10-15,EIA 860M,3363
2013,10,FL,John R Kelly,664,Gainesville Regional Utilities,6909,Electric Utility,7,25.0,Natural Gas Steam Turbine,Natural gas,Steam turbine,Gas,29.6461,-82.3208,2013-10-15,EIA 860M,3364
2021,6,FL,John R Kelly,664,Gainesville Regional Utilities,6909,Electric Utility,8,50.0,Natural Gas Fired Combined Cycle,Natural gas,Combined cycle,Gas,29.6461,-82.3208,2021-06-15,EIA 860M,3365
2018,1,TX,Sandow No 4,6648,Luminant Generation Company LLC,55983,IPP Non-CHP,4,590.6,Conventional Steam Coal,Lignite coal,Steam turbine,Coal,30.565871,-97.064032,2018-01-15,EIA 860M,3366
2009,4,FL,J D Kennedy,666,JEA,9617,Electric Utility,GT3,56.2,Petroleum Liquids,"Distillate fuel oil, light fuel oil, FO2, diesel oil",Combustion turbine,Oil,30.364818,-81.625967,2009-04-15,EIA 860M,3367
2008,4,FL,J D Kennedy,666,JEA,9617,Electric Utility,GT5,56.2,Petroleum Liquids,"Distillate fuel oil, light fuel oil, FO2, diesel oil",Combustion turbine,Oil,30.364818,-81.625967,2008-04-15,EIA 860M,3368
2008,4,FL,J D Kennedy,666,JEA,9617,Electric Utility,GT4,56.2,Petroleum Liquids,"Distillate fuel oil, light fuel oil, FO2, diesel oil",Combustion turbine,Oil,30.364818,-81.625967,2008-04-15,EIA 860M,3369
2011,12,AK,Pelican,6702,Pelican Utility,29297,Electric Utility,IC1,0.3,Petroleum Liquids,"Distillate fuel oil, light fuel oil, FO2, diesel oil",Internal combustion engine,Oil,57.957197,-136.220095,2011-12-15,EIA 860M,3370
2024,5,AK,Pelican,6702,Pelican Utility,29297,Electric Utility,IC8,0.2,Petroleum Liquids,"Distillate fuel oil, light fuel oil, FO2, diesel oil",Internal combustion engine,Oil,57.957197,-136.220095,2024-05-15,EIA 860M,3371
2011,12,AK,Pelican,6702,Pelican Utility,29297,Electric Utility,IC2,0.1,Petroleum Liquids,"Distillate fuel oil, light fuel oil, FO2, diesel oil",Internal combustion engine,Oil,57.957197,-136.220095,2011-12-15,EIA 860M,3372
2011,12,AK,Pelican,6702,Pelican Utility,29297,Electric Utility,IC3,0.2,Petroleum Liquids,"Distillate fuel oil, light fuel oil, FO2, diesel oil",Internal combustion engine,Oil,57.957197,-136.220095,2011-12-15,EIA 860M,3373
2011,12,AK,Pelican,6702,Pelican Utility,29297,Electric Utility,IC4,0.2,Petroleum Liquids,"Distillate fuel oil, light fuel oil, FO2, diesel oil",Internal combustion engine,Oil,57.957197,-136.220095,2011-12-15,EIA 860M,3374
2011,12,AK,Pelican,6702,Pelican Utility,29297,Electric Utility,IC5,0.4,Petroleum Liquids,"Distillate fuel oil, light fuel oil, FO2, diesel oil",Internal combustion engine,Oil,57.957197,-136.220095,2011-12-15,EIA 860M,3375
2002,1,LA,Thibodaux,6706,Entergy Louisiana LLC,11241,Electric Utility,9,21.0,Natural Gas Steam Turbine,Natural gas,Steam turbine,Gas,29.799167,-90.809722,2002-01-15,EIA 860M,3376
2003,1,FL,Larsen Memorial,675,City of Lakeland - (FL),10623,Electric Utility,6,25.0,Natural Gas Steam Turbine,Natural gas,Steam turbine,Gas,28.0491,-81.9238,2003-01-15,EIA 860M,3377
2015,12,FL,C D McIntosh Jr,676,City of Lakeland - (FL),10623,Electric Utility,ST1,103.5,Natural Gas Steam Turbine,Natural gas,Steam turbine,Gas,28.0801,-81.9229,2015-12-15,EIA 860M,3378
2020,6,FL,C D McIntosh Jr,676,City of Lakeland - (FL),10623,Electric Utility,ST2,126.0,Natural Gas Steam Turbine,Natural gas,Steam turbine,Gas,28.0801,-81.9229,2020-06-15,EIA 860M,3379
2021,4,FL,C D McIntosh Jr,676,City of Lakeland - (FL),10623,Electric Utility,3,363.8,Conventional Steam Coal,Bituminous coal,Steam turbine,Coal,28.0801,-81.9229,2021-04-15,EIA 860M,3380
2029,12,CO,Rawhide,6761,Platte River Power Authority,15143,Electric Utility,1,280.0,Conventional Steam Coal,Subbituminous coal,Steam turbine,Coal,40.860905,-105.021207,2029-12-15,Electric Power Monthly Table 6.6,3381
2022,10,NJ,West Station (NJ),6776,City of Vineland - (NJ),19856,Electric Utility,1,27.0,Petroleum Liquids,"Distillate fuel oil, light fuel oil, FO2, diesel oil",Combustion turbine,Oil,39.4912,-75.0486,2022-10-15,EIA 860M,3382
2013,12,FL,Smith Street,679,New Smyrna Beach Utilities Commission,56152,Electric Utility,4,1.0,Petroleum Liquids,"Distillate fuel oil, light fuel oil, FO2, diesel oil",Internal combustion engine,Oil,29.0219,-80.9644,2013-12-15,EIA 860M,3383
2013,12,FL,Smith Street,679,New Smyrna Beach Utilities Commission,56152,Electric Utility,3,0.8,Petroleum Liquids,"Distillate fuel oil, light fuel oil, FO2, diesel oil",Internal combustion engine,Oil,29.0219,-80.9644,2013-12-15,EIA 860M,3384
2013,12,FL,Smith Street,679,New Smyrna Beach Utilities Commission,56152,Electric Utility,6,1.8,Petroleum Liquids,"Distillate fuel oil, light fuel oil, FO2, diesel oil",Internal combustion engine,Oil,29.0219,-80.9644,2013-12-15,EIA 860M,3385
2013,12,FL,Smith Street,679,New Smyrna Beach Utilities Commission,56152,Electric Utility,11,2.0,Petroleum Liquids,"Distillate fuel oil, light fuel oil, FO2, diesel oil",Internal combustion engine,Oil,29.0219,-80.9644,2013-12-15,EIA 860M,3386
2013,12,FL,Smith Street,679,New Smyrna Beach Utilities Commission,56152,Electric Utility,7,1.8,Petroleum Liquids,"Distillate fuel oil, light fuel oil, FO2, diesel oil",Internal combustion engine,Oil,29.0219,-80.9644,2013-12-15,EIA 860M,3387
2013,12,FL,Smith Street,679,New Smyrna Beach Utilities Commission,56152,Electric Utility,8,1.1,Petroleum Liquids,"Distillate fuel oil, light fuel oil, FO2, diesel oil",Internal combustion engine,Oil,29.0219,-80.9644,2013-12-15,EIA 860M,3388
2013,12,FL,Smith Street,679,New Smyrna Beach Utilities Commission,56152,Electric Utility,9,2.0,Petroleum Liquids,"Distillate fuel oil, light fuel oil, FO2, diesel oil",Internal combustion engine,Oil,29.0219,-80.9644,2013-12-15,EIA 860M,3389
2013,12,FL,Smith Street,679,New Smyrna Beach Utilities Commission,56152,Electric Utility,10,2.0,Petroleum Liquids,"Distillate fuel oil, light fuel oil, FO2, diesel oil",Internal combustion engine,Oil,29.0219,-80.9644,2013-12-15,EIA 860M,3390
2013,12,FL,W E Swoope,681,New Smyrna Beach Utilities Commission,56152,Electric Utility,2,0.9,Petroleum Liquids,"Distillate fuel oil, light fuel oil, FO2, diesel oil",Internal combustion engine,Oil,29.0219,-80.9644,2013-12-15,EIA 860M,3391
2013,12,FL,W E Swoope,681,New Smyrna Beach Utilities Commission,56152,Electric Utility,3,2.0,Petroleum Liquids,"Distillate fuel oil, light fuel oil, FO2, diesel oil",Internal combustion engine,Oil,29.0219,-80.9644,2013-12-15,EIA 860M,3392
2013,12,FL,W E Swoope,681,New Smyrna Beach Utilities Commission,56152,Electric Utility,4,2.2,Petroleum Liquids,"Distillate fuel oil, light fuel oil, FO2, diesel oil",Internal combustion engine,Oil,29.0219,-80.9644,2013-12-15,EIA 860M,3393
2017,5,FL,Arvah B Hopkins,688,City of Tallahassee - (FL),18445,Electric Utility,GT2,27.0,Natural Gas Fired Combustion Turbine,Natural gas,Combustion turbine,Gas,30.4522,-84.4,2017-05-15,EIA 860M,3394
2018,11,FL,Arvah B Hopkins,688,City of Tallahassee - (FL),18445,Electric Utility,1,75.0,Natural Gas Steam Turbine,Natural gas,Steam turbine,Gas,30.4522,-84.4,2018-11-15,EIA 860M,3395
2017,5,FL,Arvah B Hopkins,688,City of Tallahassee - (FL),18445,Electric Utility,GT1,16.3,Natural Gas Fired Combustion Turbine,Natural gas,Combustion turbine,Gas,30.4522,-84.4,2017-05-15,EIA 860M,3396
2018,10,FL,S O Purdom,689,City of Tallahassee - (FL),18445,Electric Utility,GT2,15.0,Natural Gas Fired Combustion Turbine,Natural gas,Combustion turbine,Gas,30.162304,-84.200673,2018-10-15,EIA 860M,3397
2013,12,FL,S O Purdom,689,City of Tallahassee - (FL),18445,Electric Utility,7,50.0,Natural Gas Steam Turbine,Natural gas,Steam turbine,Gas,30.162304,-84.200673,2013-12-15,EIA 860M,3398
2017,10,FL,S O Purdom,689,City of Tallahassee - (FL),18445,Electric Utility,GT1,15.0,Natural Gas Fired Combustion Turbine,Natural gas,Combustion turbine,Gas,30.162304,-84.200673,2017-10-15,EIA 860M,3399
2021,3,AK,Haines,69,Alaska Power and Telephone Co,219,Electric Utility,10,1.2,Petroleum Liquids,"Distillate fuel oil, light fuel oil, FO2, diesel oil",Internal combustion engine,Oil,59.235931,-135.446228,2021-03-15,EIA 860M,3400
2004,6,AK,Haines,69,Alaska Power and Telephone Co,219,Electric Utility,9,1.1,Petroleum Liquids,"Distillate fuel oil, light fuel oil, FO2, diesel oil",Internal combustion engine,Oil,59.235931,-135.446228,2004-06-15,EIA 860M,3401
2007,1,FL,Marathon Generating Plant,696,"Florida Keys El Coop Assn, Inc",6443,Electric Utility,5,3.0,Petroleum Liquids,"Distillate fuel oil, light fuel oil, FO2, diesel oil",Internal combustion engine,Oil,24.710833,-81.0927,2007-01-15,EIA 860M,3402
2018,11,FL,Marathon Generating Plant,696,"Florida Keys El Coop Assn, Inc",6443,Electric Utility,6,2.5,Petroleum Liquids,"Distillate fuel oil, light fuel oil, FO2, diesel oil",Internal combustion engine,Oil,24.710833,-81.0927,2018-11-15,EIA 860M,3403
2018,11,FL,Marathon Generating Plant,696,"Florida Keys El Coop Assn, Inc",6443,Electric Utility,7,2.5,Petroleum Liquids,"Distillate fuel oil, light fuel oil, FO2, diesel oil",Internal combustion engine,Oil,24.710833,-81.0927,2018-11-15,EIA 860M,3404
2018,11,FL,Marathon Generating Plant,696,"Florida Keys El Coop Assn, Inc",6443,Electric Utility,3,3.0,Petroleum Liquids,"Distillate fuel oil, light fuel oil, FO2, diesel oil",Internal combustion engine,Oil,24.710833,-81.0927,2018-11-15,EIA 860M,3405
2018,11,FL,Marathon Generating Plant,696,"Florida Keys El Coop Assn, Inc",6443,Electric Utility,4,3.0,Petroleum Liquids,"Distillate fuel oil, light fuel oil, FO2, diesel oil",Internal combustion engine,Oil,24.710833,-81.0927,2018-11-15,EIA 860M,3406
2023,1,AL,Gadsden,7,Alabama Power Co,195,Electric Utility,2,69.0,Natural Gas Steam Turbine,Natural gas,Steam turbine,Gas,34.0128,-85.9708,2023-01-15,EIA 860M,3407
2023,1,AL,Gadsden,7,Alabama Power Co,195,Electric Utility,1,69.0,Natural Gas Steam Turbine,Natural gas,Steam turbine,Gas,34.0128,-85.9708,2023-01-15,EIA 860M,3408
2013,4,GA,Bowen,703,Georgia Power Co,7140,Electric Utility,6,41.8,Petroleum Liquids,"Distillate fuel oil, light fuel oil, FO2, diesel oil",Combustion turbine,Oil,34.1256,-84.9222,2013-04-15,EIA 860M,3409
2019,7,GA,Hammond,708,Georgia Power Co,7140,Electric Utility,3,125.0,Conventional Steam Coal,Bituminous coal,Steam turbine,Coal,34.2528,-85.3456,2019-07-15,EIA 860M,3410
2019,7,GA,Hammond,708,Georgia Power Co,7140,Electric Utility,1,125.0,Conventional Steam Coal,Bituminous coal,Steam turbine,Coal,34.2528,-85.3456,2019-07-15,EIA 860M,3411
2019,7,GA,Hammond,708,Georgia Power Co,7140,Electric Utility,2,125.0,Conventional Steam Coal,Bituminous coal,Steam turbine,Coal,34.2528,-85.3456,2019-07-15,EIA 860M,3412
2019,7,GA,Hammond,708,Georgia Power Co,7140,Electric Utility,4,578.0,Conventional Steam Coal,Bituminous coal,Steam turbine,Coal,34.2528,-85.3456,2019-07-15,EIA 860M,3413
2015,4,GA,Harllee Branch,709,Georgia Power Co,7140,Electric Utility,3,544.0,Conventional Steam Coal,Bituminous coal,Steam turbine,Coal,33.195,-83.2983,2015-04-15,EIA 860M,3414
2015,4,GA,Harllee Branch,709,Georgia Power Co,7140,Electric Utility,1,299.2,Conventional Steam Coal,Bituminous coal,Steam turbine,Coal,33.195,-83.2983,2015-04-15,EIA 860M,3415
2013,9,GA,Harllee Branch,709,Georgia Power Co,7140,Electric Utility,2,359.0,Conventional Steam Coal,Bituminous coal,Steam turbine,Coal,33.195,-83.2983,2013-09-15,EIA 860M,3416
2010,12,IL,Will County,884,Midwest Generations EME LLC,12384,IPP Non-CHP,2,183.7,Conventional Steam Coal,Subbituminous coal,Steam turbine,Coal,41.6334,-88.0629,2010-12-15,EIA 860M,3417
2015,4,GA,Harllee Branch,709,Georgia Power Co,7140,Electric Utility,4,544.0,Conventional Steam Coal,Bituminous coal,Steam turbine,Coal,33.195,-83.2983,2015-04-15,EIA 860M,3418
2013,7,AK,NSB Point Lay Utility,7486,North Slope Borough Power & Light,26616,Electric Utility,PG4A,0.3,Petroleum Liquids,"Distillate fuel oil, light fuel oil, FO2, diesel oil",Internal combustion engine,Oil,69.740833,-163.005833,2013-07-15,EIA 860M,3419
2013,7,AK,NSB Point Lay Utility,7486,North Slope Borough Power & Light,26616,Electric Utility,PG5,0.3,Petroleum Liquids,"Distillate fuel oil, light fuel oil, FO2, diesel oil",Internal combustion engine,Oil,69.740833,-163.005833,2013-07-15,EIA 860M,3420
2013,7,AK,NSB Point Lay Utility,7486,North Slope Borough Power & Light,26616,Electric Utility,PG6,0.3,Petroleum Liquids,"Distillate fuel oil, light fuel oil, FO2, diesel oil",Internal combustion engine,Oil,69.740833,-163.005833,2013-07-15,EIA 860M,3421
2002,11,AK,NSB Point Lay Utility,7486,North Slope Borough Power & Light,26616,Electric Utility,PG4,0.2,Petroleum Liquids,"Distillate fuel oil, light fuel oil, FO2, diesel oil",Internal combustion engine,Oil,69.740833,-163.005833,2002-11-15,EIA 860M,3422
2010,9,AK,NSB Anaktuvuk Pass,7487,North Slope Borough Power & Light,26616,Electric Utility,4,0.1,Petroleum Liquids,"Distillate fuel oil, light fuel oil, FO2, diesel oil",Internal combustion engine,Oil,68.13795,-151.741017,2010-09-15,EIA 860M,3423
2003,9,AK,NSB Anaktuvuk Pass,7487,North Slope Borough Power & Light,26616,Electric Utility,5,0.1,Petroleum Liquids,"Distillate fuel oil, light fuel oil, FO2, diesel oil",Internal combustion engine,Oil,68.13795,-151.741017,2003-09-15,EIA 860M,3424
2003,1,AK,NSB Wainwright Utility,7488,North Slope Borough Power & Light,26616,Electric Utility,PG4,0.3,Petroleum Liquids,"Distillate fuel oil, light fuel oil, FO2, diesel oil",Internal combustion engine,Oil,70.642877,-160.020461,2003-01-15,EIA 860M,3425
2016,12,AK,Hank Nikkels Plant 1,75,Chugach Electric Assn Inc,3522,Electric Utility,1,12.5,Natural Gas Fired Combustion Turbine,Natural gas,Combustion turbine,Gas,61.2221,-149.8661,2016-12-15,EIA 860M,3426
2004,8,AK,Hank Nikkels Plant 1,75,Chugach Electric Assn Inc,3522,Electric Utility,3,16.3,Natural Gas Fired Combustion Turbine,Natural gas,Combustion turbine,Gas,61.2221,-149.8661,2004-08-15,EIA 860M,3427
2010,1,AK,Hank Nikkels Plant 1,75,Chugach Electric Assn Inc,3522,Electric Utility,D2,1.1,Petroleum Liquids,"Distillate fuel oil, light fuel oil, FO2, diesel oil",Internal combustion engine,Oil,61.2221,-149.8661,2010-01-15,EIA 860M,3428
2010,1,AK,Hank Nikkels Plant 1,75,Chugach Electric Assn Inc,3522,Electric Utility,D1,1.1,Petroleum Liquids,"Distillate fuel oil, light fuel oil, FO2, diesel oil",Internal combustion engine,Oil,61.2221,-149.8661,2010-01-15,EIA 860M,3429
2016,12,AK,Hank Nikkels Plant 1,75,Chugach Electric Assn Inc,3522,Electric Utility,2,12.5,Natural Gas Fired Combustion Turbine,Natural gas,Combustion turbine,Gas,61.2221,-149.8661,2016-12-15,EIA 860M,3430
2011,7,AK,Dutch Harbor,7502,City of Unalaska - (AK),19454,Electric Utility,1,0.3,Petroleum Liquids,"Distillate fuel oil, light fuel oil, FO2, diesel oil",Internal combustion engine,Oil,53.892459,-166.538185,2011-07-15,EIA 860M,3431
2011,7,AK,Dutch Harbor,7502,City of Unalaska - (AK),19454,Electric Utility,3,0.6,Petroleum Liquids,"Distillate fuel oil, light fuel oil, FO2, diesel oil",Internal combustion engine,Oil,53.892459,-166.538185,2011-07-15,EIA 860M,3432
2011,7,AK,Dutch Harbor,7502,City of Unalaska - (AK),19454,Electric Utility,4,0.9,Petroleum Liquids,"Distillate fuel oil, light fuel oil, FO2, diesel oil",Internal combustion engine,Oil,53.892459,-166.538185,2011-07-15,EIA 860M,3433
2011,7,AK,Dutch Harbor,7502,City of Unalaska - (AK),19454,Electric Utility,5,0.6,Petroleum Liquids,"Distillate fuel oil, light fuel oil, FO2, diesel oil",Internal combustion engine,Oil,53.892459,-166.538185,2011-07-15,EIA 860M,3434
2011,7,AK,Dutch Harbor,7502,City of Unalaska - (AK),19454,Electric Utility,6,1.4,Petroleum Liquids,"Distillate fuel oil, light fuel oil, FO2, diesel oil",Internal combustion engine,Oil,53.892459,-166.538185,2011-07-15,EIA 860M,3435
2011,7,AK,Dutch Harbor,7502,City of Unalaska - (AK),19454,Electric Utility,2,0.3,Petroleum Liquids,"Distillate fuel oil, light fuel oil, FO2, diesel oil",Internal combustion engine,Oil,53.892459,-166.538185,2011-07-15,EIA 860M,3436
2019,10,MN,Fergus Control Ctr,7505,Otter Tail Power Co,14232,Electric Utility,1,2.0,Petroleum Liquids,"Distillate fuel oil, light fuel oil, FO2, diesel oil",Internal combustion engine,Oil,46.280657,-96.070449,2019-10-15,EIA 860M,3437
2012,12,WV,North Branch (WV),7537,Virginia Electric & Power Co,19876,Electric Utility,1,80.0,Conventional Steam Coal,Waste coal,Steam turbine,Coal,39.2633,-79.3308,2012-12-15,EIA 860M,3438
2016,4,WI,Milwaukee County,7549,Wisconsin Electric Power Co,20847,Electric Utility,1,11.0,Conventional Steam Coal,Subbituminous coal,Steam turbine,Coal,43.046,-88.0281,2016-04-15,EIA 860M,3439
2018,6,OH,Bowling Green,7575,"American Mun Power-Ohio, Inc",40577,Electric Utility,1,1.6,Petroleum Liquids,"Distillate fuel oil, light fuel oil, FO2, diesel oil",Internal combustion engine,Oil,41.3822,-83.6113,2018-06-15,EIA 860M,3440
2018,8,OH,Bowling Green,7575,"American Mun Power-Ohio, Inc",40577,Electric Utility,2,7.2,Petroleum Liquids,"Distillate fuel oil, light fuel oil, FO2, diesel oil",Internal combustion engine,Oil,41.3822,-83.6113,2018-08-15,EIA 860M,3441
2018,6,OH,Engle,7576,"American Mun Power-Ohio, Inc",40577,Electric Utility,16,9.0,Petroleum Liquids,"Distillate fuel oil, light fuel oil, FO2, diesel oil",Internal combustion engine,Oil,41.1428,-81.4706,2018-06-15,EIA 860M,3442
2018,6,OH,Jackson (OH),7577,"American Mun Power-Ohio, Inc",40577,Electric Utility,12,3.6,Petroleum Liquids,"Distillate fuel oil, light fuel oil, FO2, diesel oil",Internal combustion engine,Oil,39.0441,-82.6101,2018-06-15,EIA 860M,3443
2018,6,OH,Napoleon,7578,"American Mun Power-Ohio, Inc",40577,Electric Utility,3,1.8,Petroleum Liquids,"Distillate fuel oil, light fuel oil, FO2, diesel oil",Internal combustion engine,Oil,41.4106,-84.0967,2018-06-15,EIA 860M,3444
2018,6,OH,Napoleon,7578,"American Mun Power-Ohio, Inc",40577,Electric Utility,2,1.8,Petroleum Liquids,"Distillate fuel oil, light fuel oil, FO2, diesel oil",Internal combustion engine,Oil,41.4106,-84.0967,2018-06-15,EIA 860M,3445
2018,6,OH,Napoleon,7578,"American Mun Power-Ohio, Inc",40577,Electric Utility,1,1.8,Petroleum Liquids,"Distillate fuel oil, light fuel oil, FO2, diesel oil",Internal combustion engine,Oil,41.4106,-84.0967,2018-06-15,EIA 860M,3446
2018,6,OH,Niles,7579,"American Mun Power-Ohio, Inc",40577,Electric Utility,13,5.4,Petroleum Liquids,"Distillate fuel oil, light fuel oil, FO2, diesel oil",Internal combustion engine,Oil,41.168,-80.7529,2018-06-15,EIA 860M,3447
2018,6,OH,Wadsworth,7580,"American Mun Power-Ohio, Inc",40577,Electric Utility,13,5.4,Petroleum Liquids,"Distillate fuel oil, light fuel oil, FO2, diesel oil",Internal combustion engine,Oil,41.003889,-81.762222,2018-06-15,EIA 860M,3448
2018,6,IA,Red Cedar,7595,Interstate Power and Light Co,9417,Electric Utility,1,22.5,Natural Gas Fired Combustion Turbine,Natural gas,Combustion turbine,Gas,41.969145,-91.668889,2018-06-15,EIA 860M,3449
2011,6,WI,Oneida Casino,7602,Wisconsin Public Service Corp,20860,Electric Utility,1,2.0,Petroleum Liquids,"Distillate fuel oil, light fuel oil, FO2, diesel oil",Internal combustion engine,Oil,44.4967,-88.1283,2011-06-15,EIA 860M,3450
2011,6,WI,Oneida Casino,7602,Wisconsin Public Service Corp,20860,Electric Utility,2,2.0,Petroleum Liquids,"Distillate fuel oil, light fuel oil, FO2, diesel oil",Internal combustion engine,Oil,44.4967,-88.1283,2011-06-15,EIA 860M,3451
2022,12,OK,Ponca,762,Oklahoma Municipal Power Authority,14077,Electric Utility,2,48.0,Natural Gas Steam Turbine,Natural gas,Steam turbine,Gas,36.71979,-97.085758,2022-12-15,EIA 860M,3452
2011,10,WA,Everett Cogen,7627,Kimberly-Clark Corp,10273,IPP CHP,1,42.0,Wood/Wood Waste Biomass,"Wood, Wood waste solid",Steam turbine,Other,47.9785,-122.2217,2011-10-15,EIA 860M,3453
2019,12,CA,Anaheim GT,7693,City of Anaheim - (CA),590,Electric Utility,1,49.2,Natural Gas Fired Combustion Turbine,Natural gas,Combustion turbine,Gas,33.853542,-117.856286,2019-12-15,EIA 860M,3454
2010,11,IA,Agency GT,7706,Interstate Power and Light Co,9417,Electric Utility,4,19.7,Natural Gas Fired Combustion Turbine,Natural gas,Combustion turbine,Gas,40.816736,-91.146667,2010-11-15,EIA 860M,3455
2010,11,IA,Agency GT,7706,Interstate Power and Light Co,9417,Electric Utility,1,19.7,Natural Gas Fired Combustion Turbine,Natural gas,Combustion turbine,Gas,40.816736,-91.146667,2010-11-15,EIA 860M,3456
2010,11,IA,Agency GT,7706,Interstate Power and Light Co,9417,Electric Utility,2,19.7,Natural Gas Fired Combustion Turbine,Natural gas,Combustion turbine,Gas,40.816736,-91.146667,2010-11-15,EIA 860M,3457
2010,11,IA,Agency GT,7706,Interstate Power and Light Co,9417,Electric Utility,3,19.7,Natural Gas Fired Combustion Turbine,Natural gas,Combustion turbine,Gas,40.816736,-91.146667,2010-11-15,EIA 860M,3458
2025,12,FL,Pea Ridge,7715,Florida Power & Light Co,6452,Electric Utility,3,4.0,Natural Gas Fired Combustion Turbine,Natural gas,Combustion turbine,Gas,30.59208,-87.135391,2025-12-15,Electric Power Monthly Table 6.6,3459
2025,12,FL,Pea Ridge,7715,Florida Power & Light Co,6452,Electric Utility,2,4.0,Natural Gas Fired Combustion Turbine,Natural gas,Combustion turbine,Gas,30.59208,-87.135391,2025-12-15,Electric Power Monthly Table 6.6,3460
2025,12,FL,Pea Ridge,7715,Florida Power & Light Co,6452,Electric Utility,1,4.0,Natural Gas Fired Combustion Turbine,Natural gas,Combustion turbine,Gas,30.59208,-87.135391,2025-12-15,Electric Power Monthly Table 6.6,3461
2014,4,CO,SECC,7730,City of Colorado Springs - (CO),3989,Electric Utility,1,1.5,Petroleum Liquids,"Distillate fuel oil, light fuel oil, FO2, diesel oil",Internal combustion engine,Oil,38.881667,-104.818056,2014-04-15,EIA 860M,3462
2023,7,SC,Kapstone,7737,WestRock North Charleston,63284,IPP CHP,1,99.2,Wood/Wood Waste Biomass,"Wood, Wood waste solid",Steam turbine,Other,32.9,-79.9667,2023-07-15,EIA 860M,3463
2010,3,UT,Bloomington Power Plant,7767,City of St George,17874,Electric Utility,7,1.7,Petroleum Liquids,"Distillate fuel oil, light fuel oil, FO2, diesel oil",Internal combustion engine,Oil,37.041997,-113.626736,2010-03-15,EIA 860M,3464
2022,3,IL,1515 S Caron Road,7770,Rochelle Municipal Utilities,16179,Electric Utility,GT1,4.2,Natural Gas Fired Combustion Turbine,Natural gas,Combustion turbine,Gas,41.9084,-89.0466,2022-03-15,EIA 860M,3465
2022,9,OH,Arcanum Peaking,7781,"American Mun Power-Ohio, Inc",40577,Electric Utility,1,1.8,Petroleum Liquids,"Distillate fuel oil, light fuel oil, FO2, diesel oil",Internal combustion engine,Oil,39.9867,-84.5513,2022-09-15,EIA 860M,3466
2018,3,MI,Pine Street,7806,Village of Sebewaing - (MI),16873,Electric Utility,1,1.1,Petroleum Liquids,"Distillate fuel oil, light fuel oil, FO2, diesel oil",Internal combustion engine,Oil,43.740164,-83.449953,2018-03-15,EIA 860M,3467
2018,3,MI,Pine Street,7806,Village of Sebewaing - (MI),16873,Electric Utility,3,1.1,Petroleum Liquids,"Distillate fuel oil, light fuel oil, FO2, diesel oil",Internal combustion engine,Oil,43.740164,-83.449953,2018-03-15,EIA 860M,3468
2018,3,MI,Pine Street,7806,Village of Sebewaing - (MI),16873,Electric Utility,4,1.1,Petroleum Liquids,"Distillate fuel oil, light fuel oil, FO2, diesel oil",Internal combustion engine,Oil,43.740164,-83.449953,2018-03-15,EIA 860M,3469
2003,9,WI,Argyle,7810,City of Argyle - (WI),792,Electric Utility,2A,1.1,Petroleum Liquids,"Distillate fuel oil, light fuel oil, FO2, diesel oil",Internal combustion engine,Oil,42.7019,-89.8697,2003-09-15,EIA 860M,3470
2003,9,WI,Argyle,7810,City of Argyle - (WI),792,Electric Utility,4,1.1,Petroleum Liquids,"Distillate fuel oil, light fuel oil, FO2, diesel oil",Internal combustion engine,Oil,42.7019,-89.8697,2003-09-15,EIA 860M,3471
2024,5,IL,Freedom Power Project,7842,Southwestern Electric Coop Inc - (IL),17697,Electric Utility,CT1,71.0,Natural Gas Fired Combustion Turbine,Natural gas,Combustion turbine,Gas,39.103333,-88.85898,2024-05-15,EIA 860M,3472
2022,8,IL,MEPI GT Facility,7858,Midwest Electric Power Inc,12159,IPP Non-CHP,1,64.5,Natural Gas Fired Combustion Turbine,Natural gas,Combustion turbine,Gas,37.2175,-88.8661,2022-08-15,EIA 860M,3473
2022,8,IL,MEPI GT Facility,7858,Midwest Electric Power Inc,12159,IPP Non-CHP,2,64.5,Natural Gas Fired Combustion Turbine,Natural gas,Combustion turbine,Gas,37.2175,-88.8661,2022-08-15,EIA 860M,3474
2022,8,IL,MEPI GT Facility,7858,Midwest Electric Power Inc,12159,IPP Non-CHP,3,64.5,Natural Gas Fired Combustion Turbine,Natural gas,Combustion turbine,Gas,37.2175,-88.8661,2022-08-15,EIA 860M,3475
2022,8,IL,MEPI GT Facility,7858,Midwest Electric Power Inc,12159,IPP Non-CHP,4,54.0,Natural Gas Fired Combustion Turbine,Natural gas,Combustion turbine,Gas,37.2175,-88.8661,2022-08-15,EIA 860M,3476
2022,8,IL,MEPI GT Facility,7858,Midwest Electric Power Inc,12159,IPP Non-CHP,5,54.0,Natural Gas Fired Combustion Turbine,Natural gas,Combustion turbine,Gas,37.2175,-88.8661,2022-08-15,EIA 860M,3477
2023,6,AK,Orca,789,"Cordova Electric Coop, Inc",40215,Electric Utility,6,1.1,Petroleum Liquids,"Distillate fuel oil, light fuel oil, FO2, diesel oil",Internal combustion engine,Oil,60.555889,-145.752983,2023-06-15,EIA 860M,3478
2028,12,TX,J K Spruce,7097,City of San Antonio - (TX),16604,Electric Utility,1,560.0,Conventional Steam Coal,Subbituminous coal,Steam turbine,Coal,29.309722,-98.3203,2028-12-15,Electric Power Monthly Table 6.6,3479
2010,12,IL,Will County,884,Midwest Generations EME LLC,12384,IPP Non-CHP,1,187.5,Conventional Steam Coal,Subbituminous coal,Steam turbine,Coal,41.6334,-88.0629,2010-12-15,EIA 860M,3480
2024,6,AK,Orca,789,"Cordova Electric Coop, Inc",40215,Electric Utility,4,2.4,Petroleum Liquids,"Distillate fuel oil, light fuel oil, FO2, diesel oil",Internal combustion engine,Oil,60.555889,-145.752983,2024-06-15,EIA 860M,3481
2022,11,OH,New Knoxville,7898,Village of New Knoxville - (OH),13464,Electric Utility,1,1.1,Petroleum Liquids,"Distillate fuel oil, light fuel oil, FO2, diesel oil",Internal combustion engine,Oil,40.499364,-84.309201,2022-11-15,EIA 860M,3482
2009,8,AK,Chena Power Plant,79,Aurora Energy LLC,986,IPP CHP,3,1.5,Conventional Steam Coal,Subbituminous coal,Steam turbine,Coal,64.847743,-147.735063,2009-08-15,EIA 860M,3483
2023,3,TX,Pirkey,7902,Southwestern Electric Power Co,17698,Electric Utility,1,721.0,Conventional Steam Coal,Lignite coal,Steam turbine,Coal,32.4607,-94.4852,2023-03-15,EIA 860M,3484
2012,5,MI,State St Generating,7970,Michigan South Central Power Agency,12807,Electric Utility,7,1.8,Petroleum Liquids,"Distillate fuel oil, light fuel oil, FO2, diesel oil",Internal combustion engine,Oil,41.9557,-84.9796,2012-05-15,EIA 860M,3485
2012,5,MI,State St Generating,7970,Michigan South Central Power Agency,12807,Electric Utility,5,1.8,Petroleum Liquids,"Distillate fuel oil, light fuel oil, FO2, diesel oil",Internal combustion engine,Oil,41.9557,-84.9796,2012-05-15,EIA 860M,3486
2012,5,MI,State St Generating,7970,Michigan South Central Power Agency,12807,Electric Utility,4,1.8,Petroleum Liquids,"Distillate fuel oil, light fuel oil, FO2, diesel oil",Internal combustion engine,Oil,41.9557,-84.9796,2012-05-15,EIA 860M,3487
2012,5,MI,State St Generating,7970,Michigan South Central Power Agency,12807,Electric Utility,3,1.8,Petroleum Liquids,"Distillate fuel oil, light fuel oil, FO2, diesel oil",Internal combustion engine,Oil,41.9557,-84.9796,2012-05-15,EIA 860M,3488
2012,5,MI,State St Generating,7970,Michigan South Central Power Agency,12807,Electric Utility,2,1.8,Petroleum Liquids,"Distillate fuel oil, light fuel oil, FO2, diesel oil",Internal combustion engine,Oil,41.9557,-84.9796,2012-05-15,EIA 860M,3489
2012,5,MI,State St Generating,7970,Michigan South Central Power Agency,12807,Electric Utility,8,1.8,Petroleum Liquids,"Distillate fuel oil, light fuel oil, FO2, diesel oil",Internal combustion engine,Oil,41.9557,-84.9796,2012-05-15,EIA 860M,3490
2012,5,MI,State St Generating,7970,Michigan South Central Power Agency,12807,Electric Utility,9,1.8,Petroleum Liquids,"Distillate fuel oil, light fuel oil, FO2, diesel oil",Internal combustion engine,Oil,41.9557,-84.9796,2012-05-15,EIA 860M,3491
2012,5,MI,State St Generating,7970,Michigan South Central Power Agency,12807,Electric Utility,6,1.8,Petroleum Liquids,"Distillate fuel oil, light fuel oil, FO2, diesel oil",Internal combustion engine,Oil,41.9557,-84.9796,2012-05-15,EIA 860M,3492
2012,5,MI,State St Generating,7970,Michigan South Central Power Agency,12807,Electric Utility,1,1.8,Petroleum Liquids,"Distillate fuel oil, light fuel oil, FO2, diesel oil",Internal combustion engine,Oil,41.9557,-84.9796,2012-05-15,EIA 860M,3493
2007,10,WA,Randolph Road,7994,PUD No 2 of Grant County,14624,Electric Utility,12,1.6,Petroleum Liquids,"Distillate fuel oil, light fuel oil, FO2, diesel oil",Internal combustion engine,Oil,47.183333,-119.3,2007-10-15,EIA 860M,3494
2007,10,WA,Randolph Road,7994,PUD No 2 of Grant County,14624,Electric Utility,1,1.6,Petroleum Liquids,"Distillate fuel oil, light fuel oil, FO2, diesel oil",Internal combustion engine,Oil,47.183333,-119.3,2007-10-15,EIA 860M,3495
2007,10,WA,Randolph Road,7994,PUD No 2 of Grant County,14624,Electric Utility,15,1.6,Petroleum Liquids,"Distillate fuel oil, light fuel oil, FO2, diesel oil",Internal combustion engine,Oil,47.183333,-119.3,2007-10-15,EIA 860M,3496
2007,10,WA,Randolph Road,7994,PUD No 2 of Grant County,14624,Electric Utility,16,1.6,Petroleum Liquids,"Distillate fuel oil, light fuel oil, FO2, diesel oil",Internal combustion engine,Oil,47.183333,-119.3,2007-10-15,EIA 860M,3497
2007,10,WA,Randolph Road,7994,PUD No 2 of Grant County,14624,Electric Utility,11,1.6,Petroleum Liquids,"Distillate fuel oil, light fuel oil, FO2, diesel oil",Internal combustion engine,Oil,47.183333,-119.3,2007-10-15,EIA 860M,3498
2007,10,WA,Randolph Road,7994,PUD No 2 of Grant County,14624,Electric Utility,17,1.6,Petroleum Liquids,"Distillate fuel oil, light fuel oil, FO2, diesel oil",Internal combustion engine,Oil,47.183333,-119.3,2007-10-15,EIA 860M,3499
2007,10,WA,Randolph Road,7994,PUD No 2 of Grant County,14624,Electric Utility,10,1.6,Petroleum Liquids,"Distillate fuel oil, light fuel oil, FO2, diesel oil",Internal combustion engine,Oil,47.183333,-119.3,2007-10-15,EIA 860M,3500
2007,10,WA,Randolph Road,7994,PUD No 2 of Grant County,14624,Electric Utility,9,1.6,Petroleum Liquids,"Distillate fuel oil, light fuel oil, FO2, diesel oil",Internal combustion engine,Oil,47.183333,-119.3,2007-10-15,EIA 860M,3501
2007,10,WA,Randolph Road,7994,PUD No 2 of Grant County,14624,Electric Utility,14,1.6,Petroleum Liquids,"Distillate fuel oil, light fuel oil, FO2, diesel oil",Internal combustion engine,Oil,47.183333,-119.3,2007-10-15,EIA 860M,3502
2007,10,WA,Randolph Road,7994,PUD No 2 of Grant County,14624,Electric Utility,19,1.6,Petroleum Liquids,"Distillate fuel oil, light fuel oil, FO2, diesel oil",Internal combustion engine,Oil,47.183333,-119.3,2007-10-15,EIA 860M,3503
2007,10,WA,Randolph Road,7994,PUD No 2 of Grant County,14624,Electric Utility,2,1.6,Petroleum Liquids,"Distillate fuel oil, light fuel oil, FO2, diesel oil",Internal combustion engine,Oil,47.183333,-119.3,2007-10-15,EIA 860M,3504
2007,10,WA,Randolph Road,7994,PUD No 2 of Grant County,14624,Electric Utility,20,1.6,Petroleum Liquids,"Distillate fuel oil, light fuel oil, FO2, diesel oil",Internal combustion engine,Oil,47.183333,-119.3,2007-10-15,EIA 860M,3505
2007,10,WA,Randolph Road,7994,PUD No 2 of Grant County,14624,Electric Utility,18,1.6,Petroleum Liquids,"Distillate fuel oil, light fuel oil, FO2, diesel oil",Internal combustion engine,Oil,47.183333,-119.3,2007-10-15,EIA 860M,3506
2007,10,WA,Randolph Road,7994,PUD No 2 of Grant County,14624,Electric Utility,4,1.6,Petroleum Liquids,"Distillate fuel oil, light fuel oil, FO2, diesel oil",Internal combustion engine,Oil,47.183333,-119.3,2007-10-15,EIA 860M,3507
2007,10,WA,Randolph Road,7994,PUD No 2 of Grant County,14624,Electric Utility,3,1.6,Petroleum Liquids,"Distillate fuel oil, light fuel oil, FO2, diesel oil",Internal combustion engine,Oil,47.183333,-119.3,2007-10-15,EIA 860M,3508
2007,10,WA,Randolph Road,7994,PUD No 2 of Grant County,14624,Electric Utility,8,1.6,Petroleum Liquids,"Distillate fuel oil, light fuel oil, FO2, diesel oil",Internal combustion engine,Oil,47.183333,-119.3,2007-10-15,EIA 860M,3509
2007,10,WA,Randolph Road,7994,PUD No 2 of Grant County,14624,Electric Utility,13,1.6,Petroleum Liquids,"Distillate fuel oil, light fuel oil, FO2, diesel oil",Internal combustion engine,Oil,47.183333,-119.3,2007-10-15,EIA 860M,3510
2007,10,WA,Randolph Road,7994,PUD No 2 of Grant County,14624,Electric Utility,6,1.6,Petroleum Liquids,"Distillate fuel oil, light fuel oil, FO2, diesel oil",Internal combustion engine,Oil,47.183333,-119.3,2007-10-15,EIA 860M,3511
2007,10,WA,Randolph Road,7994,PUD No 2 of Grant County,14624,Electric Utility,5,1.6,Petroleum Liquids,"Distillate fuel oil, light fuel oil, FO2, diesel oil",Internal combustion engine,Oil,47.183333,-119.3,2007-10-15,EIA 860M,3512
2007,10,WA,Randolph Road,7994,PUD No 2 of Grant County,14624,Electric Utility,7,1.6,Petroleum Liquids,"Distillate fuel oil, light fuel oil, FO2, diesel oil",Internal combustion engine,Oil,47.183333,-119.3,2007-10-15,EIA 860M,3513
2015,8,AL,Gorgas,8,Alabama Power Co,195,Electric Utility,7,125.0,Conventional Steam Coal,Bituminous coal,Steam turbine,Coal,33.644344,-87.196486,2015-08-15,EIA 860M,3514
2019,4,AL,Gorgas,8,Alabama Power Co,195,Electric Utility,9,190.4,Conventional Steam Coal,Bituminous coal,Steam turbine,Coal,33.644344,-87.196486,2019-04-15,EIA 860M,3515
2019,4,AL,Gorgas,8,Alabama Power Co,195,Electric Utility,8,187.5,Conventional Steam Coal,Bituminous coal,Steam turbine,Coal,33.644344,-87.196486,2019-04-15,EIA 860M,3516
2019,4,AL,Gorgas,8,Alabama Power Co,195,Electric Utility,10,788.8,Conventional Steam Coal,Bituminous coal,Steam turbine,Coal,33.644344,-87.196486,2019-04-15,EIA 860M,3517
2015,8,AL,Gorgas,8,Alabama Power Co,195,Electric Utility,6,125.0,Conventional Steam Coal,Bituminous coal,Steam turbine,Coal,33.644344,-87.196486,2015-08-15,EIA 860M,3518
2024,6,NJ,Mickleton Station,8008,Calpine New Jersey Generation LLC,56606,IPP Non-CHP,MICK,71.2,Natural Gas Fired Combustion Turbine,Natural gas,Combustion turbine,Gas,39.8119,-75.249031,2024-06-15,EIA 860M,3519
2019,10,NY,Auburn State Street,8009,New York State Elec & Gas Corp,13511,Electric Utility,1,7.0,Natural Gas Fired Combustion Turbine,Natural gas,Combustion turbine,Gas,42.9278,-76.5921,2019-10-15,EIA 860M,3520
2003,9,MO,Gallatin #2,8017,City of Gallatin - (MO),6924,Electric Utility,8,1.8,Petroleum Liquids,"Distillate fuel oil, light fuel oil, FO2, diesel oil",Internal combustion engine,Oil,39.928333,-93.937777,2003-09-15,EIA 860M,3521
2003,8,MO,Gallatin #2,8017,City of Gallatin - (MO),6924,Electric Utility,7,1.8,Petroleum Liquids,"Distillate fuel oil, light fuel oil, FO2, diesel oil",Internal combustion engine,Oil,39.928333,-93.937777,2003-08-15,EIA 860M,3522
2021,11,MI,Portage,8019,Upper Peninsula Power Company,19578,Electric Utility,1,22.6,Petroleum Liquids,"Distillate fuel oil, light fuel oil, FO2, diesel oil",Combustion turbine,Oil,47.0808,-88.6472,2021-11-15,EIA 860M,3523
2029,12,WI,Columbia (WI),8023,Wisconsin Power & Light Co,20856,Electric Utility,1,563.9,Conventional Steam Coal,Subbituminous coal,Steam turbine,Coal,43.4864,-89.4203,2029-12-15,Electric Power Monthly Table 6.6,3524
2015,4,IL,Will County,884,Midwest Generations EME LLC,12384,IPP Non-CHP,3,299.2,Conventional Steam Coal,Subbituminous coal,Steam turbine,Coal,41.6334,-88.0629,2015-04-15,EIA 860M,3525
2012,8,IL,Fisk Street,886,Midwest Generations EME LLC,12384,IPP Non-CHP,19,374.0,Conventional Steam Coal,Subbituminous coal,Steam turbine,Coal,41.8508,-87.6533,2012-08-15,EIA 860M,3526
2022,8,IL,Joppa Steam,887,Electric Energy Inc,5748,IPP Non-CHP,5,183.3,Conventional Steam Coal,Refined coal,Steam turbine,Coal,37.2094,-88.858889,2022-08-15,EIA 860M,3527
2022,8,IL,Joppa Steam,887,Electric Energy Inc,5748,IPP Non-CHP,4,183.3,Conventional Steam Coal,Refined coal,Steam turbine,Coal,37.2094,-88.858889,2022-08-15,EIA 860M,3528
2022,8,IL,Joppa Steam,887,Electric Energy Inc,5748,IPP Non-CHP,3,183.3,Conventional Steam Coal,Refined coal,Steam turbine,Coal,37.2094,-88.858889,2022-08-15,EIA 860M,3529
2022,8,IL,Joppa Steam,887,Electric Energy Inc,5748,IPP Non-CHP,1,183.3,Conventional Steam Coal,Refined coal,Steam turbine,Coal,37.2094,-88.858889,2022-08-15,EIA 860M,3530
2022,8,IL,Joppa Steam,887,Electric Energy Inc,5748,IPP Non-CHP,6,183.3,Conventional Steam Coal,Refined coal,Steam turbine,Coal,37.2094,-88.858889,2022-08-15,EIA 860M,3531
2022,8,IL,Joppa Steam,887,Electric Energy Inc,5748,IPP Non-CHP,2,183.3,Conventional Steam Coal,Refined coal,Steam turbine,Coal,37.2094,-88.858889,2022-08-15,EIA 860M,3532
2020,8,IL,Baldwin Energy Complex,889,Dynegy Midwest Generation Inc,5517,IPP Non-CHP,3,634.5,Conventional Steam Coal,Refined coal,Steam turbine,Coal,38.205,-89.8544,2020-08-15,EIA 860M,3533
2027,12,IL,Baldwin Energy Complex,889,Dynegy Midwest Generation Inc,5517,IPP,1,576.0,Conventional Steam Coal,Subbituminous coal,Steam turbine,Coal,38.205,-89.8544,2027-12-15,Electric Power Monthly Table 6.6,3534
2027,12,IL,Baldwin Energy Complex,889,Dynegy Midwest Generation Inc,5517,IPP,2,581.0,Conventional Steam Coal,Subbituminous coal,Steam turbine,Coal,38.205,-89.8544,2027-12-15,Electric Power Monthly Table 6.6,3535
2019,11,IL,Hennepin Power Station,892,Dynegy Midwest Generation Inc,5517,IPP Non-CHP,2,231.3,Conventional Steam Coal,Refined coal,Steam turbine,Coal,41.3028,-89.315,2019-11-15,EIA 860M,3536
2019,11,IL,Hennepin Power Station,892,Dynegy Midwest Generation Inc,5517,IPP Non-CHP,1,75.0,Conventional Steam Coal,Refined coal,Steam turbine,Coal,41.3028,-89.315,2019-11-15,EIA 860M,3537
2013,1,IL,Oglesby,894,Dynegy Midwest Generation Inc,5517,IPP Non-CHP,3,17.5,Natural Gas Fired Combustion Turbine,Natural gas,Combustion turbine,Gas,41.2897,-89.0725,2013-01-15,EIA 860M,3538
2013,1,IL,Oglesby,894,Dynegy Midwest Generation Inc,5517,IPP Non-CHP,4,17.5,Natural Gas Fired Combustion Turbine,Natural gas,Combustion turbine,Gas,41.2897,-89.0725,2013-01-15,EIA 860M,3539
2013,1,IL,Oglesby,894,Dynegy Midwest Generation Inc,5517,IPP Non-CHP,1,17.5,Natural Gas Fired Combustion Turbine,Natural gas,Combustion turbine,Gas,41.2897,-89.0725,2013-01-15,EIA 860M,3540
2013,1,IL,Oglesby,894,Dynegy Midwest Generation Inc,5517,IPP Non-CHP,2,17.5,Natural Gas Fired Combustion Turbine,Natural gas,Combustion turbine,Gas,41.2897,-89.0725,2013-01-15,EIA 860M,3541
2013,1,IL,Stallings,895,Dynegy Midwest Generation Inc,5517,IPP Non-CHP,2,23.8,Natural Gas Fired Combustion Turbine,Natural gas,Combustion turbine,Gas,38.7314,-90.0461,2013-01-15,EIA 860M,3542
2013,1,IL,Stallings,895,Dynegy Midwest Generation Inc,5517,IPP Non-CHP,3,23.8,Natural Gas Fired Combustion Turbine,Natural gas,Combustion turbine,Gas,38.7314,-90.0461,2013-01-15,EIA 860M,3543
2013,1,IL,Stallings,895,Dynegy Midwest Generation Inc,5517,IPP Non-CHP,1,23.8,Natural Gas Fired Combustion Turbine,Natural gas,Combustion turbine,Gas,38.7314,-90.0461,2013-01-15,EIA 860M,3544
2013,1,IL,Stallings,895,Dynegy Midwest Generation Inc,5517,IPP Non-CHP,4,23.8,Natural Gas Fired Combustion Turbine,Natural gas,Combustion turbine,Gas,38.7314,-90.0461,2013-01-15,EIA 860M,3545
2030,12,TX,Copper,9,El Paso Electric Co,5701,Electric Utility,1,63.0,Natural Gas Fired Combustion Turbine,Natural gas,Combustion turbine,Gas,31.7569,-106.375,2030-12-15,Electric Power Monthly Table 6.6,3546
2008,1,AK,Snake River,90,Nome Joint Utility Systems,13642,Electric Utility,6,1.0,Petroleum Liquids,"Distillate fuel oil, light fuel oil, FO2, diesel oil",Internal combustion engine,Oil,64.505331,-165.429814,2008-01-15,EIA 860M,3547
2011,3,AK,Snake River,90,Nome Joint Utility Systems,13642,Electric Utility,11,1.5,Petroleum Liquids,"Distillate fuel oil, light fuel oil, FO2, diesel oil",Internal combustion engine,Oil,64.505331,-165.429814,2011-03-15,EIA 860M,3548
2011,3,AK,Snake River,90,Nome Joint Utility Systems,13642,Electric Utility,9,2.8,Petroleum Liquids,"Distillate fuel oil, light fuel oil, FO2, diesel oil",Internal combustion engine,Oil,64.505331,-165.429814,2011-03-15,EIA 860M,3549
2003,12,MA,Cherry Street,9038,Town of Hudson - (MA),8973,Electric Utility,9,3.0,Petroleum Liquids,"Distillate fuel oil, light fuel oil, FO2, diesel oil",Internal combustion engine,Oil,42.388611,-71.56,2003-12-15,EIA 860M,3550
2017,8,AK,Petersburg,91,Petersburg Borough - (AK),14856,Electric Utility,IC2,0.3,Petroleum Liquids,"Distillate fuel oil, light fuel oil, FO2, diesel oil",Internal combustion engine,Oil,56.81104,-132.957091,2017-08-15,EIA 860M,3551
2002,12,IL,Venice,913,Union Electric Co - (MO),19436,Electric Utility,3,98.0,Petroleum Liquids,"Distillate fuel oil, light fuel oil, FO2, diesel oil",Steam turbine,Oil,38.6642,-90.1764,2002-12-15,EIA 860M,3552
2002,12,IL,Venice,913,Union Electric Co - (MO),19436,Electric Utility,4,98.0,Petroleum Liquids,"Distillate fuel oil, light fuel oil, FO2, diesel oil",Steam turbine,Oil,38.6642,-90.1764,2002-12-15,EIA 860M,3553
2002,12,IL,Venice,913,Union Electric Co - (MO),19436,Electric Utility,5,98.0,Petroleum Liquids,"Distillate fuel oil, light fuel oil, FO2, diesel oil",Steam turbine,Oil,38.6642,-90.1764,2002-12-15,EIA 860M,3554
2002,12,IL,Venice,913,Union Electric Co - (MO),19436,Electric Utility,6,100.0,Petroleum Liquids,"Distillate fuel oil, light fuel oil, FO2, diesel oil",Steam turbine,Oil,38.6642,-90.1764,2002-12-15,EIA 860M,3555
2011,9,IL,Venice,913,Union Electric Co - (MO),19436,Electric Utility,GT1,37.5,Petroleum Liquids,"Distillate fuel oil, light fuel oil, FO2, diesel oil",Combustion turbine,Oil,38.6642,-90.1764,2011-09-15,EIA 860M,3556
2015,7,AK,Seward (AK),92,City of Seward - (AK),16955,Electric Utility,1,1.5,Petroleum Liquids,"Distillate fuel oil, light fuel oil, FO2, diesel oil",Internal combustion engine,Oil,60.130922,-149.43501,2015-07-15,EIA 860M,3557
2015,7,AK,Seward (AK),92,City of Seward - (AK),16955,Electric Utility,2,1.5,Petroleum Liquids,"Distillate fuel oil, light fuel oil, FO2, diesel oil",Internal combustion engine,Oil,60.130922,-149.43501,2015-07-15,EIA 860M,3558
2003,1,IL,Breese,934,City of Breese - (IL),2188,Electric Utility,ST2,2.0,Petroleum Liquids,"Distillate fuel oil, light fuel oil, FO2, diesel oil",Steam turbine,Oil,38.607456,-89.524514,2003-01-15,EIA 860M,3559
2017,8,IL,Carlyle,936,City of Carlyle - (IL),3037,Electric Utility,1,3.0,Petroleum Liquids,"Distillate fuel oil, light fuel oil, FO2, diesel oil",Internal combustion engine,Oil,38.6106,-89.3583,2017-08-15,EIA 860M,3560
2014,5,IL,Carmi,937,City of Carmi - (IL),3040,Electric Utility,6,0.7,Petroleum Liquids,"Distillate fuel oil, light fuel oil, FO2, diesel oil",Internal combustion engine,Oil,38.0967,-88.1631,2014-05-15,EIA 860M,3561
2019,12,IL,Carmi,937,City of Carmi - (IL),3040,Electric Utility,11,2.7,Petroleum Liquids,"Distillate fuel oil, light fuel oil, FO2, diesel oil",Internal combustion engine,Oil,38.0967,-88.1631,2019-12-15,EIA 860M,3562
2020,6,IL,Fairfield,940,City of Fairfield- (IL),6141,Electric Utility,IC6,2.4,Petroleum Liquids,"Distillate fuel oil, light fuel oil, FO2, diesel oil",Internal combustion engine,Oil,38.380709,-88.366006,2020-06-15,EIA 860M,3563
2020,6,IL,Fairfield,940,City of Fairfield- (IL),6141,Electric Utility,IC7,2.7,Petroleum Liquids,"Distillate fuel oil, light fuel oil, FO2, diesel oil",Internal combustion engine,Oil,38.380709,-88.366006,2020-06-15,EIA 860M,3564
2020,6,IL,Fairfield,940,City of Fairfield- (IL),6141,Electric Utility,IC5,2.4,Petroleum Liquids,"Distillate fuel oil, light fuel oil, FO2, diesel oil",Internal combustion engine,Oil,38.380709,-88.366006,2020-06-15,EIA 860M,3565
2023,3,IL,Highland,946,City of Highland,8573,Electric Utility,IC5,2.0,Petroleum Liquids,"Distillate fuel oil, light fuel oil, FO2, diesel oil",Internal combustion engine,Oil,38.7412,-89.6849,2023-03-15,EIA 860M,3566
2023,3,IL,Highland,946,City of Highland,8573,Electric Utility,IC6,2.0,Petroleum Liquids,"Distillate fuel oil, light fuel oil, FO2, diesel oil",Internal combustion engine,Oil,38.7412,-89.6849,2023-03-15,EIA 860M,3567
2006,2,IL,Marshall (IL),949,City of Marshall - (IL),11736,Electric Utility,1,0.9,Petroleum Liquids,"Distillate fuel oil, light fuel oil, FO2, diesel oil",Internal combustion engine,Oil,39.392138,-87.68513,2006-02-15,EIA 860M,3568
2006,2,IL,Marshall (IL),949,City of Marshall - (IL),11736,Electric Utility,2,0.9,Petroleum Liquids,"Distillate fuel oil, light fuel oil, FO2, diesel oil",Internal combustion engine,Oil,39.392138,-87.68513,2006-02-15,EIA 860M,3569
2006,2,IL,Marshall (IL),949,City of Marshall - (IL),11736,Electric Utility,3,1.2,Petroleum Liquids,"Distillate fuel oil, light fuel oil, FO2, diesel oil",Internal combustion engine,Oil,39.392138,-87.68513,2006-02-15,EIA 860M,3570
2009,1,AK,Wrangell,95,City of Wrangell - (AK),21015,Electric Utility,7,0.5,Petroleum Liquids,"Distillate fuel oil, light fuel oil, FO2, diesel oil",Internal combustion engine,Oil,56.460976,-132.379439,2009-01-15,EIA 860M,3571
2009,1,AK,Wrangell,95,City of Wrangell - (AK),21015,Electric Utility,5,0.5,Petroleum Liquids,"Distillate fuel oil, light fuel oil, FO2, diesel oil",Internal combustion engine,Oil,56.460976,-132.379439,2009-01-15,EIA 860M,3572
2011,4,IL,City of Peru Plank Road Generating Station,955,City of Peru - (IL),14840,Electric Utility,10,2.0,Petroleum Liquids,"Distillate fuel oil, light fuel oil, FO2, diesel oil",Internal combustion engine,Oil,41.3237,-89.1123,2011-04-15,EIA 860M,3573
2010,11,IL,City of Peru Plank Road Generating Station,955,City of Peru - (IL),14840,Electric Utility,7,1.8,Petroleum Liquids,"Distillate fuel oil, light fuel oil, FO2, diesel oil",Internal combustion engine,Oil,41.3237,-89.1123,2010-11-15,EIA 860M,3574
2010,11,IL,City of Peru Plank Road Generating Station,955,City of Peru - (IL),14840,Electric Utility,8,2.0,Petroleum Liquids,"Distillate fuel oil, light fuel oil, FO2, diesel oil",Internal combustion engine,Oil,41.3237,-89.1123,2010-11-15,EIA 860M,3575
2010,11,IL,City of Peru Plank Road Generating Station,955,City of Peru - (IL),14840,Electric Utility,9,2.0,Petroleum Liquids,"Distillate fuel oil, light fuel oil, FO2, diesel oil",Internal combustion engine,Oil,41.3237,-89.1123,2010-11-15,EIA 860M,3576
2013,12,IL,Rantoul,958,Village of Rantoul - (IL),15686,Electric Utility,1,1.2,Petroleum Liquids,"Distillate fuel oil, light fuel oil, FO2, diesel oil",Internal combustion engine,Oil,40.312222,-88.159444,2013-12-15,EIA 860M,3577
2017,3,IL,Rantoul,958,Village of Rantoul - (IL),15686,Electric Utility,7,5.2,Petroleum Liquids,"Distillate fuel oil, light fuel oil, FO2, diesel oil",Internal combustion engine,Oil,40.312222,-88.159444,2017-03-15,EIA 860M,3578
2017,3,IL,Rantoul,958,Village of Rantoul - (IL),15686,Electric Utility,8,4.0,Petroleum Liquids,"Distillate fuel oil, light fuel oil, FO2, diesel oil",Internal combustion engine,Oil,40.312222,-88.159444,2017-03-15,EIA 860M,3579
2014,12,IL,Rantoul,958,Village of Rantoul - (IL),15686,Electric Utility,2,1.2,Petroleum Liquids,"Distillate fuel oil, light fuel oil, FO2, diesel oil",Internal combustion engine,Oil,40.312222,-88.159444,2014-12-15,EIA 860M,3580
2014,12,IL,Rantoul,958,Village of Rantoul - (IL),15686,Electric Utility,4,1.2,Petroleum Liquids,"Distillate fuel oil, light fuel oil, FO2, diesel oil",Internal combustion engine,Oil,40.312222,-88.159444,2014-12-15,EIA 860M,3581
2013,1,IL,Rantoul,958,Village of Rantoul - (IL),15686,Electric Utility,3,1.2,Petroleum Liquids,"Distillate fuel oil, light fuel oil, FO2, diesel oil",Internal combustion engine,Oil,40.312222,-88.159444,2013-01-15,EIA 860M,3582
2012,10,IL,Rantoul,958,Village of Rantoul - (IL),15686,Electric Utility,5,1.5,Petroleum Liquids,"Distillate fuel oil, light fuel oil, FO2, diesel oil",Internal combustion engine,Oil,40.312222,-88.159444,2012-10-15,EIA 860M,3583
2015,4,AK,Beluga,96,Chugach Electric Assn Inc,3522,Electric Utility,8,62.0,Natural Gas Fired Combined Cycle,Natural gas,Combined cycle,Gas,61.1861,-151.0356,2015-04-15,EIA 860M,3584
2003,8,IL,South Main Street,961,Rochelle Municipal Utilities,16179,Electric Utility,S1,11.5,Natural Gas Steam Turbine,Natural gas,Steam turbine,Gas,41.9092,-89.0504,2003-08-15,EIA 860M,3585
2020,12,IL,Dallman,963,City of Springfield - (IL),17828,Electric Utility,1,90.2,Conventional Steam Coal,Bituminous coal,Steam turbine,Coal,39.754803,-89.602389,2020-12-15,EIA 860M,3586
2020,12,IL,Dallman,963,City of Springfield - (IL),17828,Electric Utility,2,90.2,Conventional Steam Coal,Bituminous coal,Steam turbine,Coal,39.754803,-89.602389,2020-12-15,EIA 860M,3587
2024,3,IL,Dallman,963,City of Springfield - (IL),17828,Electric Utility,3,207.3,Conventional Steam Coal,Bituminous coal,Steam turbine,Coal,39.754803,-89.602389,2024-03-15,EIA 860M,3588
2009,10,IL,Lakeside,964,City of Springfield - (IL),17828,Electric Utility,7,37.5,Conventional Steam Coal,Bituminous coal,Steam turbine,Coal,39.757327,-89.600512,2009-10-15,EIA 860M,3589
2009,10,IL,Lakeside,964,City of Springfield - (IL),17828,Electric Utility,6,37.5,Conventional Steam Coal,Bituminous coal,Steam turbine,Coal,39.757327,-89.600512,2009-10-15,EIA 860M,3590
2023,9,IL,Sullivan (IL),969,City of Sullivan - (IL),18277,Electric Utility,4,1.1,Petroleum Liquids,"Distillate fuel oil, light fuel oil, FO2, diesel oil",Internal combustion engine,Oil,39.596667,-88.611944,2023-09-15,EIA 860M,3591
2023,9,IL,Sullivan (IL),969,City of Sullivan - (IL),18277,Electric Utility,6,0.6,Petroleum Liquids,"Distillate fuel oil, light fuel oil, FO2, diesel oil",Internal combustion engine,Oil,39.596667,-88.611944,2023-09-15,EIA 860M,3592
2020,11,IL,Marion,976,Southern Illinois Power Coop,17632,Electric Utility,4,173.0,Conventional Steam Coal,Bituminous coal,Steam turbine,Coal,37.619747,-88.953114,2020-11-15,EIA 860M,3593
2009,12,MA,Cabot Holyoke,9864,City of Holyoke Gas and Electric Dept.,8776,Electric Utility,9,6.0,Natural Gas Steam Turbine,Natural gas,Steam turbine,Gas,42.2,-72.61,2009-12-15,EIA 860M,3594
2013,3,MA,Cabot Holyoke,9864,City of Holyoke Gas and Electric Dept.,8776,Electric Utility,8,10.0,Natural Gas Steam Turbine,Natural gas,Steam turbine,Gas,42.2,-72.61,2013-03-15,EIA 860M,3595
2013,3,MA,Cabot Holyoke,9864,City of Holyoke Gas and Electric Dept.,8776,Electric Utility,6,10.0,Natural Gas Steam Turbine,Natural gas,Steam turbine,Gas,42.2,-72.61,2013-03-15,EIA 860M,3596
2015,6,IN,Tanners Creek,988,Indiana Michigan Power Co,9324,Electric Utility,1,152.5,Conventional Steam Coal,Bituminous coal,Steam turbine,Coal,39.0814,-84.8594,2015-06-15,EIA 860M,3597
2015,6,IN,Tanners Creek,988,Indiana Michigan Power Co,9324,Electric Utility,2,152.5,Conventional Steam Coal,Bituminous coal,Steam turbine,Coal,39.0814,-84.8594,2015-06-15,EIA 860M,3598
2015,6,IN,Tanners Creek,988,Indiana Michigan Power Co,9324,Electric Utility,3,215.4,Conventional Steam Coal,Bituminous coal,Steam turbine,Coal,39.0814,-84.8594,2015-06-15,EIA 860M,3599
2015,6,IN,Tanners Creek,988,Indiana Michigan Power Co,9324,Electric Utility,4,579.7,Conventional Steam Coal,Bituminous coal,Steam turbine,Coal,39.0814,-84.8594,2015-06-15,EIA 860M,3600
2013,6,IN,Harding Street,990,AES Indiana,9273,Electric Utility,4,43.8,Petroleum Liquids,"Distillate fuel oil, light fuel oil, FO2, diesel oil",Steam turbine,Oil,39.711319,-86.196867,2013-06-15,EIA 860M,3601
2013,6,IN,Harding Street,990,AES Indiana,9273,Electric Utility,GT3,26.0,Petroleum Liquids,"Distillate fuel oil, light fuel oil, FO2, diesel oil",Combustion turbine,Oil,39.711319,-86.196867,2013-06-15,EIA 860M,3602
2013,6,IN,Harding Street,990,AES Indiana,9273,Electric Utility,3,43.8,Petroleum Liquids,"Distillate fuel oil, light fuel oil, FO2, diesel oil",Steam turbine,Oil,39.711319,-86.196867,2013-06-15,EIA 860M,3603
2016,4,IN,Eagle Valley (IN),991,AES Indiana,9273,Electric Utility,4,69.0,Conventional Steam Coal,Bituminous coal,Steam turbine,Coal,39.48517,-86.4183,2016-04-15,EIA 860M,3604
2016,4,IN,Eagle Valley (IN),991,AES Indiana,9273,Electric Utility,3,50.0,Conventional Steam Coal,Bituminous coal,Steam turbine,Coal,39.48517,-86.4183,2016-04-15,EIA 860M,3605
2013,6,IN,Eagle Valley (IN),991,AES Indiana,9273,Electric Utility,ST1,46.0,Petroleum Liquids,"Distillate fuel oil, light fuel oil, FO2, diesel oil",Steam turbine,Oil,39.48517,-86.4183,2013-06-15,EIA 860M,3606
2016,4,IN,Eagle Valley (IN),991,AES Indiana,9273,Electric Utility,IC1,2.7,Petroleum Liquids,"Distillate fuel oil, light fuel oil, FO2, diesel oil",Internal combustion engine,Oil,39.48517,-86.4183,2016-04-15,EIA 860M,3607
2016,4,IN,Eagle Valley (IN),991,AES Indiana,9273,Electric Utility,6,113.6,Conventional Steam Coal,Bituminous coal,Steam turbine,Coal,39.48517,-86.4183,2016-04-15,EIA 860M,3608
2016,4,IN,Eagle Valley (IN),991,AES Indiana,9273,Electric Utility,5,69.0,Conventional Steam Coal,Bituminous coal,Steam turbine,Coal,39.48517,-86.4183,2016-04-15,EIA 860M,3609
2013,6,IN,Eagle Valley (IN),991,AES Indiana,9273,Electric Utility,2,46.0,Petroleum Liquids,"Distillate fuel oil, light fuel oil, FO2, diesel oil",Steam turbine,Oil,39.48517,-86.4183,2013-06-15,EIA 860M,3610
2024,11,IN,CC Perry K,992,Citizens Thermal Energy,3599,IPP Non-CHP,7,1.7,Natural Gas Steam Turbine,Natural gas,Steam turbine,Gas,39.7631,-86.1667,2024-11-15,EIA 860M,3611
2024,11,IN,CC Perry K,992,Citizens Thermal Energy,3599,IPP Non-CHP,8,1.7,Natural Gas Steam Turbine,Natural gas,Steam turbine,Gas,39.7631,-86.1667,2024-11-15,EIA 860M,3612
2014,5,IN,CC Perry K,992,Citizens Thermal Energy,3599,IPP Non-CHP,4,15.0,Natural Gas Steam Turbine,Natural gas,Steam turbine,Gas,39.7631,-86.1667,2014-05-15,EIA 860M,3613
2021,5,IN,AES Petersburg,994,AES Indiana,9273,Electric Utility,ST1,281.6,Conventional Steam Coal,Bituminous coal,Steam turbine,Coal,38.5281,-87.2525,2021-05-15,EIA 860M,3614
2023,6,IN,AES Petersburg,994,AES Indiana,9273,Electric Utility,ST2,523.3,Conventional Steam Coal,Bituminous coal,Steam turbine,Coal,38.5281,-87.2525,2023-06-15,EIA 860M,3615
2020,7,IN,Bailly,995,Northern Indiana Pub Serv Co,13756,Electric Utility,10,37.5,Natural Gas Fired Combustion Turbine,Natural gas,Combustion turbine,Gas,41.645,-87.1225,2020-07-15,EIA 860M,3616
2018,6,IN,Bailly,995,Northern Indiana Pub Serv Co,13756,Electric Utility,7,190.4,Conventional Steam Coal,Bituminous coal,Steam turbine,Coal,41.645,-87.1225,2018-06-15,EIA 860M,3617
2018,6,IN,Bailly,995,Northern Indiana Pub Serv Co,13756,Electric Utility,8,413.1,Conventional Steam Coal,Bituminous coal,Steam turbine,Coal,41.645,-87.1225,2018-06-15,EIA 860M,3618
2010,9,IN,Michigan City,997,Northern Indiana Pub Serv Co,13756,Electric Utility,3,70.0,Natural Gas Steam Turbine,Natural gas,Steam turbine,Gas,41.7208,-86.9086,2010-09-15,EIA 860M,3619
2028,5,IN,Michigan City,997,Northern Indiana Pub Serv Co,13756,Electric Utility,12,455.0,Conventional Steam Coal,Subbituminous coal,Steam turbine,Coal,41.7208,-86.9086,2028-05-15,Electric Power Monthly Table 6.6,3620
2010,9,IN,Michigan City,997,Northern Indiana Pub Serv Co,13756,Electric Utility,2,70.0,Natural Gas Steam Turbine,Natural gas,Steam turbine,Gas,41.7208,-86.9086,2010-09-15,EIA 860M,3621
2012,2,GA,Jack McDonough,710,Georgia Power Co,7140,Electric Utility,1,299.2,Conventional Steam Coal,Bituminous coal,Steam turbine,Coal,33.8239,-84.4758,2012-02-15,EIA 860M,3622
2011,9,GA,Jack McDonough,710,Georgia Power Co,7140,Electric Utility,2,299.2,Conventional Steam Coal,Bituminous coal,Steam turbine,Coal,33.8239,-84.4758,2011-09-15,EIA 860M,3623
2005,8,UT,Heber City,7111,Heber Light & Power Company,8366,Electric Utility,NA8,1.6,Petroleum Liquids,"Distillate fuel oil, light fuel oil, FO2, diesel oil",Internal combustion engine,Oil,40.50368,-111.425246,2005-08-15,EIA 860M,3624
2005,8,UT,Heber City,7111,Heber Light & Power Company,8366,Electric Utility,NA7,1.5,Petroleum Liquids,"Distillate fuel oil, light fuel oil, FO2, diesel oil",Internal combustion engine,Oil,40.50368,-111.425246,2005-08-15,EIA 860M,3625
2022,12,AK,Centennial,7112,Metlakatla Power & Light,12385,Electric Utility,IC6,3.3,Petroleum Liquids,"Distillate fuel oil, light fuel oil, FO2, diesel oil",Internal combustion engine,Oil,55.121433,-131.560267,2022-12-15,EIA 860M,3626
2023,10,TX,Brandon Station,7131,City of Lubbock - (TX),11292,Electric Utility,1,21.0,Natural Gas Fired Combustion Turbine,Natural gas,Combustion turbine,Gas,33.585257,-101.886093,2023-10-15,EIA 860M,3627
2017,8,IA,Grinnell,7137,Interstate Power and Light Co,9417,Electric Utility,2,23.8,Natural Gas Fired Combustion Turbine,Natural gas,Combustion turbine,Gas,41.7529,-92.748889,2017-08-15,EIA 860M,3628
2017,8,IA,Grinnell,7137,Interstate Power and Light Co,9417,Electric Utility,1,23.8,Natural Gas Fired Combustion Turbine,Natural gas,Combustion turbine,Gas,41.7529,-92.748889,2017-08-15,EIA 860M,3629
2015,4,GA,McManus,715,Georgia Power Co,7140,Electric Utility,1,50.0,Petroleum Liquids,"Residual fuel oil, heavy fuel oil, Petroleum",Steam turbine,Oil,31.213645,-81.546165,2015-04-15,EIA 860M,3630
2015,4,GA,McManus,715,Georgia Power Co,7140,Electric Utility,2,93.7,Petroleum Liquids,"Residual fuel oil, heavy fuel oil, Petroleum",Steam turbine,Oil,31.213645,-81.546165,2015-04-15,EIA 860M,3631
2015,8,AK,Gwitchyaa Zhee,7174,Gwitchyaa Zhee Utility Co,7833,Electric Utility,6,0.5,Petroleum Liquids,"Distillate fuel oil, light fuel oil, FO2, diesel oil",Internal combustion engine,Oil,66.566287,-145.253052,2015-08-15,EIA 860M,3632
2009,3,AK,Gwitchyaa Zhee,7174,Gwitchyaa Zhee Utility Co,7833,Electric Utility,3,0.6,Petroleum Liquids,"Distillate fuel oil, light fuel oil, FO2, diesel oil",Internal combustion engine,Oil,66.566287,-145.253052,2009-03-15,EIA 860M,3633
2018,7,AK,Gwitchyaa Zhee,7174,Gwitchyaa Zhee Utility Co,7833,Electric Utility,1,0.6,Petroleum Liquids,"Distillate fuel oil, light fuel oil, FO2, diesel oil",Internal combustion engine,Oil,66.566287,-145.253052,2018-07-15,EIA 860M,3634
2009,11,AK,Gwitchyaa Zhee,7174,Gwitchyaa Zhee Utility Co,7833,Electric Utility,5,0.5,Petroleum Liquids,"Distillate fuel oil, light fuel oil, FO2, diesel oil",Internal combustion engine,Oil,66.566287,-145.253052,2009-11-15,EIA 860M,3635
2022,1,AK,Gwitchyaa Zhee,7174,Gwitchyaa Zhee Utility Co,7833,Electric Utility,10,0.4,Petroleum Liquids,"Distillate fuel oil, light fuel oil, FO2, diesel oil",Internal combustion engine,Oil,66.566287,-145.253052,2022-01-15,EIA 860M,3636
2015,8,AK,Gwitchyaa Zhee,7174,Gwitchyaa Zhee Utility Co,7833,Electric Utility,2A,0.5,Petroleum Liquids,"Distillate fuel oil, light fuel oil, FO2, diesel oil",Internal combustion engine,Oil,66.566287,-145.253052,2015-08-15,EIA 860M,3637
2015,8,AK,Gwitchyaa Zhee,7174,Gwitchyaa Zhee Utility Co,7833,Electric Utility,4A,0.5,Petroleum Liquids,"Distillate fuel oil, light fuel oil, FO2, diesel oil",Internal combustion engine,Oil,66.566287,-145.253052,2015-08-15,EIA 860M,3638
2018,7,AK,Aniak,7182,Aniak Light & Power Co Inc,4959,Electric Utility,1,0.5,Petroleum Liquids,"Distillate fuel oil, light fuel oil, FO2, diesel oil",Internal combustion engine,Oil,61.580678,-159.535643,2018-07-15,EIA 860M,3639
2005,8,AK,Aniak,7182,Aniak Light & Power Co Inc,4959,Electric Utility,3,0.3,Petroleum Liquids,"Distillate fuel oil, light fuel oil, FO2, diesel oil",Internal combustion engine,Oil,61.580678,-159.535643,2005-08-15,EIA 860M,3640
2005,8,AK,Aniak,7182,Aniak Light & Power Co Inc,4959,Electric Utility,4,0.3,Petroleum Liquids,"Distillate fuel oil, light fuel oil, FO2, diesel oil",Internal combustion engine,Oil,61.580678,-159.535643,2005-08-15,EIA 860M,3641
2012,9,AK,Newhalen,7183,"I-N-N Electric Coop, Inc",9188,Electric Utility,2,0.3,Petroleum Liquids,"Distillate fuel oil, light fuel oil, FO2, diesel oil",Internal combustion engine,Oil,59.899054,-154.698735,2012-09-15,EIA 860M,3642
2012,9,AK,Newhalen,7183,"I-N-N Electric Coop, Inc",9188,Electric Utility,1,0.3,Petroleum Liquids,"Distillate fuel oil, light fuel oil, FO2, diesel oil",Internal combustion engine,Oil,59.899054,-154.698735,2012-09-15,EIA 860M,3643
2012,9,AK,Newhalen,7183,"I-N-N Electric Coop, Inc",9188,Electric Utility,4,0.6,Petroleum Liquids,"Distillate fuel oil, light fuel oil, FO2, diesel oil",Internal combustion engine,Oil,59.899054,-154.698735,2012-09-15,EIA 860M,3644
2012,9,AK,Newhalen,7183,"I-N-N Electric Coop, Inc",9188,Electric Utility,3,0.3,Petroleum Liquids,"Distillate fuel oil, light fuel oil, FO2, diesel oil",Internal combustion engine,Oil,59.899054,-154.698735,2012-09-15,EIA 860M,3645
2006,6,OK,Conoco,7185,Oklahoma Gas & Electric Co,14063,Electric Utility,2,33.0,Natural Gas Fired Combustion Turbine,Natural gas,Combustion turbine,Gas,36.674444,-97.060277,2006-06-15,EIA 860M,3646
2006,6,OK,Conoco,7185,Oklahoma Gas & Electric Co,14063,Electric Utility,1,33.0,Natural Gas Fired Combustion Turbine,Natural gas,Combustion turbine,Gas,36.674444,-97.060277,2006-06-15,EIA 860M,3647
2024,5,CA,Santa Clara Cogen,7232,City of Santa Clara - (CA),16655,Electric Utility,1,3.9,Natural Gas Fired Combustion Turbine,Natural gas,Combustion turbine,Gas,37.364297,-121.944238,2024-05-15,EIA 860M,3648
2024,5,CA,Santa Clara Cogen,7232,City of Santa Clara - (CA),16655,Electric Utility,2,3.9,Natural Gas Fired Combustion Turbine,Natural gas,Combustion turbine,Gas,37.364297,-121.944238,2024-05-15,EIA 860M,3649
2040,12,SD,Angus Anson,7237,Northern States Power Co - Minnesota,13781,Electric Utility,2,99.0,Natural Gas Fired Combustion Turbine,Natural gas,Combustion turbine,Gas,43.60347,-96.6356,2040-12-15,Electric Power Monthly Table 6.6,3650
2040,12,SD,Angus Anson,7237,Northern States Power Co - Minnesota,13781,Electric Utility,1,97.0,Natural Gas Fired Combustion Turbine,Natural gas,Combustion turbine,Gas,43.60347,-96.6356,2040-12-15,Electric Power Monthly Table 6.6,3651
2025,3,FL,Polk,7242,Tampa Electric Co,18454,Electric Utility,1CA,133.4,Natural Gas Fired Combined Cycle,Natural gas,Combined cycle,Gas,27.7286,-81.9897,2025-03-15,EIA 860M,3652
2015,4,GA,Yates,728,Georgia Power Co,7140,Electric Utility,2,122.5,Conventional Steam Coal,Bituminous coal,Steam turbine,Coal,33.4622,-84.8986,2015-04-15,EIA 860M,3653
2015,4,GA,Yates,728,Georgia Power Co,7140,Electric Utility,5,156.2,Conventional Steam Coal,Bituminous coal,Steam turbine,Coal,33.4622,-84.8986,2015-04-15,EIA 860M,3654
2015,4,GA,Yates,728,Georgia Power Co,7140,Electric Utility,4,156.2,Conventional Steam Coal,Bituminous coal,Steam turbine,Coal,33.4622,-84.8986,2015-04-15,EIA 860M,3655
2015,4,GA,Yates,728,Georgia Power Co,7140,Electric Utility,3,122.5,Conventional Steam Coal,Bituminous coal,Steam turbine,Coal,33.4622,-84.8986,2015-04-15,EIA 860M,3656
2015,4,GA,Yates,728,Georgia Power Co,7140,Electric Utility,1,122.5,Conventional Steam Coal,Bituminous coal,Steam turbine,Coal,33.4622,-84.8986,2015-04-15,EIA 860M,3657
2010,11,OH,Richard Gorsuch,7286,"American Mun Power-Ohio, Inc",40577,Electric Utility,1,50.0,Conventional Steam Coal,Bituminous coal,Steam turbine,Coal,39.3664,-81.5211,2010-11-15,EIA 860M,3658
2010,11,OH,Richard Gorsuch,7286,"American Mun Power-Ohio, Inc",40577,Electric Utility,4,50.0,Conventional Steam Coal,Bituminous coal,Steam turbine,Coal,39.3664,-81.5211,2010-11-15,EIA 860M,3659
2010,11,OH,Richard Gorsuch,7286,"American Mun Power-Ohio, Inc",40577,Electric Utility,2,50.0,Conventional Steam Coal,Bituminous coal,Steam turbine,Coal,39.3664,-81.5211,2010-11-15,EIA 860M,3660
2010,11,OH,Richard Gorsuch,7286,"American Mun Power-Ohio, Inc",40577,Electric Utility,3,50.0,Conventional Steam Coal,Bituminous coal,Steam turbine,Coal,39.3664,-81.5211,2010-11-15,EIA 860M,3661
2022,9,GA,Boulevard,732,Georgia Power Co,7140,Electric Utility,1,15.6,Petroleum Liquids,"Distillate fuel oil, light fuel oil, FO2, diesel oil",Combustion turbine,Oil,32.0411,-81.145,2022-09-15,EIA 860M,3662
2013,7,GA,Boulevard,732,Georgia Power Co,7140,Electric Utility,2,15.6,Natural Gas Fired Combustion Turbine,Natural gas,Combustion turbine,Gas,32.0411,-81.145,2013-07-15,EIA 860M,3663
2013,7,GA,Boulevard,732,Georgia Power Co,7140,Electric Utility,3,15.6,Natural Gas Fired Combustion Turbine,Natural gas,Combustion turbine,Gas,32.0411,-81.145,2013-07-15,EIA 860M,3664
2013,1,VT,Florence,7337,Omya Inc,19794,Electric Utility,2,4.6,Petroleum Liquids,"Distillate fuel oil, light fuel oil, FO2, diesel oil",Combustion turbine,Oil,43.7089,-73.0631,2013-01-15,EIA 860M,3665
2013,1,VT,Florence,7337,Omya Inc,19794,Electric Utility,1,4.6,Petroleum Liquids,"Distillate fuel oil, light fuel oil, FO2, diesel oil",Combustion turbine,Oil,43.7089,-73.0631,2013-01-15,EIA 860M,3666
2004,9,GA,Riverside (GA),734,Georgia Power Co,7140,Electric Utility,5,7.5,Natural Gas Steam Turbine,Natural gas,Steam turbine,Gas,32.083611,-81.095555,2004-09-15,EIA 860M,3667
2004,9,GA,Riverside (GA),734,Georgia Power Co,7140,Electric Utility,4,15.0,Natural Gas Steam Turbine,Natural gas,Steam turbine,Gas,32.083611,-81.095555,2004-09-15,EIA 860M,3668
2005,5,GA,Riverside (GA),734,Georgia Power Co,7140,Electric Utility,6,24.7,Natural Gas Steam Turbine,Natural gas,Steam turbine,Gas,32.083611,-81.095555,2005-05-15,EIA 860M,3669
2005,5,GA,Riverside (GA),734,Georgia Power Co,7140,Electric Utility,7,21.2,Natural Gas Steam Turbine,Natural gas,Steam turbine,Gas,32.083611,-81.095555,2005-05-15,EIA 860M,3670
2005,2,GA,Riverside (GA),734,Georgia Power Co,7140,Electric Utility,8,37.5,Natural Gas Steam Turbine,Natural gas,Steam turbine,Gas,32.083611,-81.095555,2005-02-15,EIA 860M,3671
2015,8,MN,Alliant Techsystems,7376,Northern States Power Co - Minnesota,13781,Electric Utility,1,1.6,Petroleum Liquids,"Distillate fuel oil, light fuel oil, FO2, diesel oil",Internal combustion engine,Oil,44.927,-93.393,2015-08-15,EIA 860M,3672
2008,2,MN,United Health Care,7377,Northern States Power Co - Minnesota,13781,Electric Utility,2,1.8,Petroleum Liquids,"Distillate fuel oil, light fuel oil, FO2, diesel oil",Combustion turbine,Oil,44.984444,-93.360833,2008-02-15,EIA 860M,3673
2008,2,MN,United Health Care,7377,Northern States Power Co - Minnesota,13781,Electric Utility,1,1.8,Petroleum Liquids,"Distillate fuel oil, light fuel oil, FO2, diesel oil",Combustion turbine,Oil,44.984444,-93.360833,2008-02-15,EIA 860M,3674
2017,8,MN,United Hospital,7378,Northern States Power Co - Minnesota,13781,Commercial Non-CHP,2,1.6,Petroleum Liquids,"Distillate fuel oil, light fuel oil, FO2, diesel oil",Internal combustion engine,Oil,44.9425,-93.1072,2017-08-15,EIA 860M,3675
2017,8,MN,United Hospital,7378,Northern States Power Co - Minnesota,13781,Commercial Non-CHP,3,1.6,Petroleum Liquids,"Distillate fuel oil, light fuel oil, FO2, diesel oil",Internal combustion engine,Oil,44.9425,-93.1072,2017-08-15,EIA 860M,3676
2017,8,MN,United Hospital,7378,Northern States Power Co - Minnesota,13781,Commercial Non-CHP,1,1.6,Petroleum Liquids,"Distillate fuel oil, light fuel oil, FO2, diesel oil",Internal combustion engine,Oil,44.9425,-93.1072,2017-08-15,EIA 860M,3677
2027,12,OR,Short Mountain,7413,Emerald People's Utility Dist,40437,Electric Utility,1,0.8,Landfill Gas,Landfill gas,Internal combustion engine,Gas,43.96211,-122.997361,2027-12-15,Electric Power Monthly Table 6.6,3678
2027,12,OR,Short Mountain,7413,Emerald People's Utility Dist,40437,Electric Utility,2,0.8,Landfill Gas,Landfill gas,Internal combustion engine,Gas,43.96211,-122.997361,2027-12-15,Electric Power Monthly Table 6.6,3679
2027,12,OR,Short Mountain,7413,Emerald People's Utility Dist,40437,Electric Utility,3,0.8,Landfill Gas,Landfill gas,Internal combustion engine,Gas,43.96211,-122.997361,2027-12-15,Electric Power Monthly Table 6.6,3680
2027,12,OR,Short Mountain,7413,Emerald People's Utility Dist,40437,Electric Utility,4,0.8,Landfill Gas,Landfill gas,Internal combustion engine,Gas,43.96211,-122.997361,2027-12-15,Electric Power Monthly Table 6.6,3681
2002,12,MN,Lakefield Utilities,7415,City of Lakefield - (MN),10622,Electric Utility,1,0.1,Petroleum Liquids,"Distillate fuel oil, light fuel oil, FO2, diesel oil",Internal combustion engine,Oil,43.674186,-95.1706,2002-12-15,EIA 860M,3682
2002,12,MN,Lakefield Utilities,7415,City of Lakefield - (MN),10622,Electric Utility,2,0.3,Petroleum Liquids,"Distillate fuel oil, light fuel oil, FO2, diesel oil",Internal combustion engine,Oil,43.674186,-95.1706,2002-12-15,EIA 860M,3683
2002,12,MN,Lakefield Utilities,7415,City of Lakefield - (MN),10622,Electric Utility,3,0.6,Petroleum Liquids,"Distillate fuel oil, light fuel oil, FO2, diesel oil",Internal combustion engine,Oil,43.674186,-95.1706,2002-12-15,EIA 860M,3684
2002,12,MN,Lakefield Utilities,7415,City of Lakefield - (MN),10622,Electric Utility,4,1.0,Petroleum Liquids,"Distillate fuel oil, light fuel oil, FO2, diesel oil",Internal combustion engine,Oil,43.674186,-95.1706,2002-12-15,EIA 860M,3685
2011,7,NC,Edenton Generators,7429,Town of Edenton - (NC),6710,Electric Utility,1,1.2,Petroleum Liquids,"Distillate fuel oil, light fuel oil, FO2, diesel oil",Internal combustion engine,Oil,36.028611,-76.571944,2011-07-15,EIA 860M,3686
2005,12,KS,Oxford (KS),7432,City of Oxford - (KS),14276,Electric Utility,2,1.1,Petroleum Liquids,"Distillate fuel oil, light fuel oil, FO2, diesel oil",Internal combustion engine,Oil,37.2758,-97.1636,2005-12-15,EIA 860M,3687
2005,12,KS,Oxford (KS),7432,City of Oxford - (KS),14276,Electric Utility,1,1.1,Petroleum Liquids,"Distillate fuel oil, light fuel oil, FO2, diesel oil",Internal combustion engine,Oil,37.2758,-97.1636,2005-12-15,EIA 860M,3688
2005,12,KS,Oxford (KS),7432,City of Oxford - (KS),14276,Electric Utility,3,1.1,Petroleum Liquids,"Distillate fuel oil, light fuel oil, FO2, diesel oil",Internal combustion engine,Oil,37.2758,-97.1636,2005-12-15,EIA 860M,3689
2022,9,AK,Galena Electric Utility,7437,Galena Electric Utility,6915,Electric Utility,1A,0.8,Petroleum Liquids,"Distillate fuel oil, light fuel oil, FO2, diesel oil",Internal combustion engine,Oil,64.74417,-156.8736,2022-09-15,EIA 860M,3690
2022,9,AK,Galena Electric Utility,7437,Galena Electric Utility,6915,Electric Utility,3A,0.8,Petroleum Liquids,"Distillate fuel oil, light fuel oil, FO2, diesel oil",Internal combustion engine,Oil,64.74417,-156.8736,2022-09-15,EIA 860M,3691
2016,10,AK,Galena Electric Utility,7437,Galena Electric Utility,6915,Electric Utility,6,0.5,Petroleum Liquids,"Distillate fuel oil, light fuel oil, FO2, diesel oil",Internal combustion engine,Oil,64.74417,-156.8736,2016-10-15,EIA 860M,3692
2013,5,AK,Galena Electric Utility,7437,Galena Electric Utility,6915,Electric Utility,2,0.8,Petroleum Liquids,"Distillate fuel oil, light fuel oil, FO2, diesel oil",Internal combustion engine,Oil,64.74417,-156.8736,2013-05-15,EIA 860M,3693
2009,1,AK,Galena Electric Utility,7437,Galena Electric Utility,6915,Electric Utility,3,0.8,Petroleum Liquids,"Distillate fuel oil, light fuel oil, FO2, diesel oil",Internal combustion engine,Oil,64.74417,-156.8736,2009-01-15,EIA 860M,3694
2008,10,AK,Galena Electric Utility,7437,Galena Electric Utility,6915,Electric Utility,6A,0.4,Petroleum Liquids,"Distillate fuel oil, light fuel oil, FO2, diesel oil",Internal combustion engine,Oil,64.74417,-156.8736,2008-10-15,EIA 860M,3695
2008,6,AK,Galena Electric Utility,7437,Galena Electric Utility,6915,Electric Utility,5,0.8,Petroleum Liquids,"Distillate fuel oil, light fuel oil, FO2, diesel oil",Internal combustion engine,Oil,64.74417,-156.8736,2008-06-15,EIA 860M,3696
2003,3,AK,Galena Electric Utility,7437,Galena Electric Utility,6915,Electric Utility,4,0.8,Petroleum Liquids,"Distillate fuel oil, light fuel oil, FO2, diesel oil",Internal combustion engine,Oil,64.74417,-156.8736,2003-03-15,EIA 860M,3697
2018,10,VA,Church Street Plant,7438,City of Manassas - (VA),11560,Electric Utility,C1,1.0,Petroleum Liquids,"Distillate fuel oil, light fuel oil, FO2, diesel oil",Internal combustion engine,Oil,38.752347,-77.462918,2018-10-15,EIA 860M,3698
2018,10,VA,Church Street Plant,7438,City of Manassas - (VA),11560,Electric Utility,C2,1.0,Petroleum Liquids,"Distillate fuel oil, light fuel oil, FO2, diesel oil",Internal combustion engine,Oil,38.752347,-77.462918,2018-10-15,EIA 860M,3699
2018,10,VA,Church Street Plant,7438,City of Manassas - (VA),11560,Electric Utility,C4,1.0,Petroleum Liquids,"Distillate fuel oil, light fuel oil, FO2, diesel oil",Internal combustion engine,Oil,38.752347,-77.462918,2018-10-15,EIA 860M,3700
2007,12,VA,VMEA 1 Credit Gen,7440,City of Manassas - (VA),11560,Electric Utility,V9,1.6,Petroleum Liquids,"Distillate fuel oil, light fuel oil, FO2, diesel oil",Internal combustion engine,Oil,38.74054,-77.508061,2007-12-15,EIA 860M,3701
2008,9,AK,Angoon,7462,"Inside Passage Elec Coop, Inc",18963,Electric Utility,1,0.4,Petroleum Liquids,"Distillate fuel oil, light fuel oil, FO2, diesel oil",Internal combustion engine,Oil,57.499166,-134.58614,2008-09-15,EIA 860M,3702
2012,6,AK,Hoonah,7463,"Inside Passage Elec Coop, Inc",18963,Electric Utility,1,0.6,Petroleum Liquids,"Distillate fuel oil, light fuel oil, FO2, diesel oil",Internal combustion engine,Oil,58.106432,-135.43074,2012-06-15,EIA 860M,3703
2012,6,AK,Hoonah,7463,"Inside Passage Elec Coop, Inc",18963,Electric Utility,3,0.8,Petroleum Liquids,"Distillate fuel oil, light fuel oil, FO2, diesel oil",Internal combustion engine,Oil,58.106432,-135.43074,2012-06-15,EIA 860M,3704
2012,1,AK,Kake,7464,"Inside Passage Elec Coop, Inc",18963,Electric Utility,1,0.6,Petroleum Liquids,"Distillate fuel oil, light fuel oil, FO2, diesel oil",Internal combustion engine,Oil,56.962983,-133.922557,2012-01-15,EIA 860M,3705
2017,9,AK,Kake,7464,"Inside Passage Elec Coop, Inc",18963,Electric Utility,3A,0.8,Petroleum Liquids,"Distillate fuel oil, light fuel oil, FO2, diesel oil",Internal combustion engine,Oil,56.962983,-133.922557,2017-09-15,EIA 860M,3706
2017,9,AK,Kake,7464,"Inside Passage Elec Coop, Inc",18963,Electric Utility,1A,0.5,Petroleum Liquids,"Distillate fuel oil, light fuel oil, FO2, diesel oil",Internal combustion engine,Oil,56.962983,-133.922557,2017-09-15,EIA 860M,3707
2005,8,NE,Madison Utilities,7469,City of Madison - (NE),11481,Electric Utility,FM4,0.6,Petroleum Liquids,"Distillate fuel oil, light fuel oil, FO2, diesel oil",Internal combustion engine,Oil,41.829754,-97.456275,2005-08-15,EIA 860M,3708
2003,1,FL,Dinner Lake,747,Tampa Electric Co,18454,Electric Utility,1,12.6,Natural Gas Steam Turbine,Natural gas,Steam turbine,Gas,27.4925,-81.435833,2003-01-15,EIA 860M,3709
2006,12,MO,Marceline,7470,City of Marceline - (MO),11626,Electric Utility,3,1.2,Petroleum Liquids,"Distillate fuel oil, light fuel oil, FO2, diesel oil",Internal combustion engine,Oil,39.716944,-92.945833,2006-12-15,EIA 860M,3710
2006,12,MO,Marceline,7470,City of Marceline - (MO),11626,Electric Utility,4,0.4,Petroleum Liquids,"Distillate fuel oil, light fuel oil, FO2, diesel oil",Internal combustion engine,Oil,39.716944,-92.945833,2006-12-15,EIA 860M,3711
2027,12,MO,Marceline,7470,City of Marceline - (MO),11626,Electric Utility,1,1.0,Petroleum Liquids,"Distillate fuel oil, light fuel oil, FO2, diesel oil",Internal combustion engine,Oil,39.716944,-92.945833,2027-12-15,Electric Power Monthly Table 6.6,3712
2027,12,MO,Marceline,7470,City of Marceline - (MO),11626,Electric Utility,2,3.0,Petroleum Liquids,"Distillate fuel oil, light fuel oil, FO2, diesel oil",Internal combustion engine,Oil,39.716944,-92.945833,2027-12-15,Electric Power Monthly Table 6.6,3713
2003,1,AK,NSB Atqasuk Utility,7482,North Slope Borough Power & Light,26616,Electric Utility,PG1,0.2,Petroleum Liquids,"Distillate fuel oil, light fuel oil, FO2, diesel oil",Internal combustion engine,Oil,70.4826,-157.4252,2003-01-15,EIA 860M,3714
2012,12,AK,NSB Nuiqsut Utility,7484,North Slope Borough Power & Light,26616,Electric Utility,PG4A,0.4,Petroleum Liquids,"Distillate fuel oil, light fuel oil, FO2, diesel oil",Internal combustion engine,Oil,70.220565,-150.993492,2012-12-15,EIA 860M,3715
2013,10,AK,NSB Point Hope Utility,7485,North Slope Borough Power & Light,26616,Electric Utility,PG1,0.3,Petroleum Liquids,"Distillate fuel oil, light fuel oil, FO2, diesel oil",Internal combustion engine,Oil,68.348424,-166.737211,2013-10-15,EIA 860M,3716
2013,10,AK,NSB Point Hope Utility,7485,North Slope Borough Power & Light,26616,Electric Utility,PG2,0.3,Petroleum Liquids,"Distillate fuel oil, light fuel oil, FO2, diesel oil",Internal combustion engine,Oil,68.348424,-166.737211,2013-10-15,EIA 860M,3717
2008,1,AK,NSB Point Hope Utility,7485,North Slope Borough Power & Light,26616,Electric Utility,PG3,0.3,Petroleum Liquids,"Distillate fuel oil, light fuel oil, FO2, diesel oil",Internal combustion engine,Oil,68.348424,-166.737211,2008-01-15,EIA 860M,3718
2008,1,AK,NSB Point Hope Utility,7485,North Slope Borough Power & Light,26616,Electric Utility,PG4,0.4,Petroleum Liquids,"Distillate fuel oil, light fuel oil, FO2, diesel oil",Internal combustion engine,Oil,68.348424,-166.737211,2008-01-15,EIA 860M,3719
2008,1,AK,NSB Point Hope Utility,7485,North Slope Borough Power & Light,26616,Electric Utility,PG5,0.2,Petroleum Liquids,"Distillate fuel oil, light fuel oil, FO2, diesel oil",Internal combustion engine,Oil,68.348424,-166.737211,2008-01-15,EIA 860M,3720
2013,7,AK,NSB Point Lay Utility,7486,North Slope Borough Power & Light,26616,Electric Utility,PG1A,0.3,Petroleum Liquids,"Distillate fuel oil, light fuel oil, FO2, diesel oil",Internal combustion engine,Oil,69.740833,-163.005833,2013-07-15,EIA 860M,3721
2013,7,AK,NSB Point Lay Utility,7486,North Slope Borough Power & Light,26616,Electric Utility,PG2A,0.3,Petroleum Liquids,"Distillate fuel oil, light fuel oil, FO2, diesel oil",Internal combustion engine,Oil,69.740833,-163.005833,2013-07-15,EIA 860M,3722
2013,7,AK,NSB Point Lay Utility,7486,North Slope Borough Power & Light,26616,Electric Utility,PG3A,0.3,Petroleum Liquids,"Distillate fuel oil, light fuel oil, FO2, diesel oil",Internal combustion engine,Oil,69.740833,-163.005833,2013-07-15,EIA 860M,3723
