,geo_id,county_name,population,median_household_income,housing_units,data_centers_count,sfha_area,pct_sfha,lake_count,total_lake_area,avg_vol,avg_depth,avg_discharge,dist_to_lakes_km,wetland_count,distance_to_rivers_km,rivers_count,total_rivers_mile,military_count,total_military_area_m,pct_military,plant_count,pga_max,distance_to_lines_km,transmission_lines_count,max_voltage,average_voltage
0,40075,Kiowa County,"8,181",42679.0,4700.0,0.0,211267397.78018424,0.0791460264443072,10,44.84,41.07,3.41,1.2507,4.537778223447069,0.0,6.959536319713249,27.0,688.07,0.0,0.0,0.0,0.0,0.18,16.455467348134288,10.0,138.0,110.4
1,46079,Lake County,"10,993",74884.0,5714.0,0.0,189035648.99767524,0.1268982680578997,48,45.55,3.0104166666666665,2.5416666666666665,0.1583333333333333,2.0521281686392974,10.0,3.5555198844923472,11.0,47.64,0.0,0.0,0.0,0.0,0.051,2.1658566042729137,18.0,69.0,69.0
2,37033,Caswell County,"22,563",56999.0,10493.0,0.0,66185725.09959627,0.0596087029826407,4,17.85,43.295,6.875,1.98475,2.5389933623437937,23.0,0.5607898256233985,19.0,178.23,0.0,0.0,0.0,0.0,0.082,10.562934186744592,3.0,230.0,230.0
3,48377,Presidio County,"5,433",29012.0,3396.0,0.0,0.0,0.0,0,0.0,0.0,0.0,0.0,117.19110629301636,0.0,10.48350238883699,11.0,726.4,0.0,0.0,0.0,0.0,0.15,6.887894645664207,4.0,69.0,69.0
4,39057,Greene County,"174,322",81243.0,71471.0,0.0,100261845.20140149,0.092998590332666,8,3.14,1.0775,2.7125,13.999125,7.608317538517551,0.0,3.4548577076720948,13.0,276.85,1.0,21047558.48003452,0.0195228131364991,0.0,0.097,1.588567889582583,44.0,345.0,112.9090909090909
5,48489,Willacy County,"19,971",42839.0,6820.0,0.0,488728888.2245545,0.2404525425870114,18,18.74,2.496111111111111,1.7055555555555555,0.3526111111111111,10.161167215556514,0.0,12.619788554193972,5.0,442.75,0.0,0.0,0.0,0.0,0.024,13.309840764944674,3.0,138.0,138.0
6,72021,Bayamón Municipio,,29403.0,83655.0,0.0,4331813.849229229,0.037533569284585,0,0.0,0.0,0.0,0.0,6.074227410624068,0.0,3.226636120379884,2.0,75.55,1.0,1181532.179461334,0.0102375405461316,0.0,0.45,95.90493118280853,0.0,0.0,0.0
7,35028,Los Alamos County,"19,407",135801.0,8631.0,0.0,1440458.9819049968,0.0050929323006585,0,0.0,0.0,0.0,0.0,21.524779930252222,1.0,7.539524674128912,2.0,54.44,0.0,0.0,0.0,0.0,0.24,5.330295914454842,1.0,115.0,115.0
8,40023,Choctaw County,"14,059",43252.0,7105.0,0.0,532435012.287031,0.2571208522665552,12,52.33,131.97333333333333,5.116666666666666,7.59125,9.1672147581807,40.0,1.2632664740988364,46.0,637.9,0.0,0.0,0.0,0.0,0.098,5.702335865597792,16.0,345.0,150.9375
9,20041,Dickinson County,"18,637",62971.0,8785.0,0.0,351553704.37935936,0.1593243892266693,6,68.99,237.09333333333333,6.0,7.185666666666666,10.428689518793188,0.0,2.875433523657891,17.0,463.55,0.0,0.0,0.0,0.0,0.053,5.4611623168062255,11.0,345.0,156.8181818181818
10,48427,Starr County,"66,319",35979.0,22828.0,0.0,356781504.3408493,0.1120753881564273,1,120.78,3920.0,32.5,216.536,25.64973556272115,0.0,22.38457758373167,6.0,275.03000000000003,0.0,0.0,0.0,0.0,0.021,11.258913024847873,10.0,345.0,142.0
11,13103,Effingham County,"74,397",79474.0,24567.0,0.0,298390944.0449283,0.2385764502543611,5,1.22,0.512,1.94,0.0412,12.405605301006077,20.0,3.827089393127871,9.0,525.04,0.0,0.0,0.0,0.0,0.22,5.3115397152850266,19.0,500.0,226.05263157894737
12,40129,Roger Mills County,"3,259",57574.0,1844.0,0.0,228970071.03858984,0.0771147203695618,10,1.88,0.5439999999999999,2.8600000000000003,0.0417,3.590301377548385,3.0,2.874695964055962,36.0,374.12,0.0,0.0,0.0,0.0,0.093,20.381004216847217,5.0,230.0,174.8
13,55103,Richland County,"17,036",61985.0,8507.0,0.0,116096103.76900378,0.0760650608896337,2,0.38,0.435,2.35,1.017,16.680914553385325,0.0,2.893113795219322,11.0,257.89,0.0,0.0,0.0,0.0,0.035,4.702686189253915,16.0,161.0,74.75
14,35025,Lea County,"74,749",65855.0,27854.0,0.0,21115864.01626483,0.0018551631322064,5,8.6,5.734,2.8,0.0,30.7408253029726,0.0,21.872294083045343,1.0,2.19,0.0,0.0,0.0,0.0,0.04,3.9406283586566175,106.0,345.0,107.31886792452828
15,01075,Lamar County,"13,587",49565.0,7104.0,0.0,314844727.9928501,0.2007961646422252,4,1.04,0.9625,3.8,3.9885,11.458771368818317,9.0,0.1983075993388374,19.0,276.51,0.0,0.0,0.0,0.0,0.18,8.69452970883154,5.0,161.0,161.0
16,72054,Florida Municipio,,21560.0,5027.0,0.0,0.0,0.0,0,0.0,0.0,0.0,0.0,9.95093348835665,0.0,6.407447373033101,0.0,0.0,0.0,0.0,0.0,0.0,0.48,52.99165726459999,0.0,0.0,0.0
17,47117,Marshall County,"38,071",65325.0,14357.0,0.0,69068542.7081249,0.0708944809694455,0,0.0,0.0,0.0,0.0,29.707256096046716,3.0,0.6488542344970646,14.0,469.21,0.0,0.0,0.0,0.0,0.19,2.9686890162910644,14.0,161.0,161.0
18,51011,Appomattox County,"17,172",60041.0,7338.0,0.0,40141784.75942739,0.0462014905483636,2,0.51,1.265,4.6,0.48,15.24974079384446,0.0,0.9049088841599596,15.0,412.44,0.0,0.0,0.0,0.0,0.11,7.86123722357063,4.0,115.0,115.0
19,05087,Madison County,"18,410",51514.0,7666.0,0.0,3871.15336114027,1.785487536173493e-06,0,0.0,0.0,0.0,0.0,29.96753764176078,0.0,0.5212582467801655,7.0,231.12,0.0,0.0,0.0,0.0,0.14,12.236091208498946,4.0,69.0,69.0
20,22089,St. Charles Parish,"50,586",79191.0,20531.0,0.0,9094423.86551535,0.0088468573455436,31,2125.71,220.91806451612905,1.2129032258064516,12.882548387096776,4.782178375065627,161.0,3.418816331436816,24.0,388.97,0.0,0.0,0.0,1.0,0.054,5.241101977864234,30.0,230.0,230.0
21,05111,Poinsett County,"22,483",43440.0,10415.0,0.0,583071657.3688437,0.2947980315964312,29,12.07,1.853448275862069,2.4379310344827587,9.548344827586206,4.035987126611841,9.0,3.385853612080288,31.0,673.26,0.0,0.0,0.0,0.0,1.1,4.977854197572288,11.0,161.0,119.1818181818182
22,12045,Gulf County,"15,943",56250.0,8984.0,0.0,1083801503.302999,0.5266612574222856,8,31.380000000000003,10.395,2.0375,9.38175,6.496524389759792,1504.0,1.1896221447533528,44.0,275.18,0.0,0.0,0.0,0.0,0.038,13.594456969573567,6.0,230.0,130.33333333333334
23,47063,Hamblen County,"68,843",49656.0,27565.0,0.0,57592401.756206274,0.1264853811465529,2,135.86,1900.8,28.0,230.4315,4.6370067592167565,3.0,5.478684936039632,7.0,156.66,0.0,0.0,0.0,0.0,0.29,3.374092494980824,4.0,500.0,245.75
24,21007,Ballard County,"7,594",57111.0,3710.0,0.0,275568438.77496827,0.3883384028232034,6,1.84,0.6433333333333333,2.0666666666666664,0.1676666666666666,8.832472707514075,9.0,4.235513108750306,25.0,100.72,0.0,0.0,0.0,0.0,1.23,1.7427815880194508,4.0,161.0,92.0
25,48009,Archer County,"9,129",69954.0,3910.0,0.0,272429480.86339045,0.113641261595346,7,78.0,183.6442857142857,8.514285714285714,1.6588571428571428,5.203528897632365,3.0,9.771315462193508,15.0,90.56,0.0,0.0,0.0,0.0,0.073,8.07449617787953,20.0,345.0,133.4
26,48023,Baylor County,"3,472",52716.0,2203.0,0.0,2216.3160337100435,9.496778065673164e-07,7,50.39,233.76714285714283,18.0,1.7902857142857145,10.92084959282501,2.0,5.95043233872553,11.0,336.35,0.0,0.0,0.0,0.0,0.063,2.369973849591017,8.0,138.0,86.25
27,48405,San Augustine County,"7,722",45888.0,4791.0,0.0,534363.9227951196,0.0003483365008721,2,380.87,3909.38,12.65,44.3445,13.992588021524409,1.0,1.472411328300267,52.0,309.95,0.0,0.0,0.0,0.0,0.059,15.864794245464864,0.0,0.0,0.0
28,32029,Storey County,"4,260",86932.0,1934.0,4.0,6881571.592112195,0.0100443393663754,0,0.0,0.0,0.0,0.0,26.14563160492981,0.0,4.076258316217438,5.0,56.8,0.0,0.0,0.0,0.0,0.55,9.205332734380503,4.0,345.0,176.25
29,13249,Schley County,"4,593",53274.0,1950.0,0.0,15894987.83519334,0.0365687131679517,1,0.1,0.28,2.8,0.445,7.003460958734912,4.0,4.865378685240777,4.0,120.27,0.0,0.0,0.0,0.0,0.076,11.772581629419497,1.0,230.0,230.0
30,48313,Madison County,"14,226",65768.0,5084.0,0.0,796931.0632305727,0.0006513020222455,2,0.33,0.3399999999999999,2.05,11.1115,1.960446284861456,0.0,3.0443128423333423,16.0,308.14,0.0,0.0,0.0,0.0,0.044,12.72332998869838,1.0,345.0,345.0
31,06077,San Joaquin County,"823,815",82837.0,252327.0,0.0,1202376692.150354,0.3254146730620146,17,67.68,38.01117647058824,3.6294117647058814,44.33076470588236,4.092066673578045,458.0,2.400574634816256,17.0,318.23,0.0,0.0,0.0,0.0,0.37,0.1649518487030497,151.0,230.0,98.47682119205298
32,28159,Winston County,"17,473",45516.0,8228.0,0.0,220044435.8333644,0.1392584774218929,11,2.78,0.820909090909091,3.1545454545454548,0.3294545454545454,2.790252350887131,0.0,2.9492306640837995,18.0,165.43,0.0,0.0,0.0,0.0,0.14,7.933854827356151,5.0,161.0,161.0
33,21103,Henry County,"16,447",58294.0,6634.0,0.0,46878962.69360473,0.0621734342182273,2,1.54,16.36,15.4,123.1595,13.937170345971865,0.0,0.947959566551366,16.0,529.27,0.0,0.0,0.0,0.0,0.12,6.165970872264357,8.0,345.0,112.125
34,21167,Mercer County,"23,733",60728.0,10355.0,0.0,41228113.91947043,0.0628415681257539,2,7.57,142.63,21.2,8.465,13.434754528653706,0.0,0.7691551525095565,7.0,423.81,0.0,0.0,0.0,0.0,0.12,3.107253010767594,41.0,345.0,100.97560975609755
35,31183,Wheeler County,789,59167.0,574.0,0.0,56961419.45712236,0.0382092005648306,2,0.47,0.665,2.6500000000000004,3.2665,19.669741267660623,0.0,5.598279818217082,8.0,100.04,0.0,0.0,0.0,0.0,0.061,17.986213117515852,5.0,345.0,124.2
36,21135,Lewis County,"12,901",36662.0,6058.0,0.0,89424332.93216385,0.0697283207765133,0,0.0,0.0,0.0,0.0,18.069761569005664,0.0,3.169402205237015,16.0,264.54,0.0,0.0,0.0,0.0,0.13,6.958018774099611,5.0,765.0,208.2
37,27051,Grant County,"6,085",67600.0,3166.0,0.0,4683.270888416366,3.142079114918337e-06,106,83.21,3.168018867924528,2.597169811320754,0.2565188679245282,1.3371910327742107,0.0,3.086340216939663,15.0,140.31,0.0,0.0,0.0,0.0,0.045,3.3032986243498703,4.0,115.0,115.0
38,28053,Humphreys County,"7,001",31907.0,3551.0,0.0,548348623.3413328,0.4909602777225552,120,167.03,1.936416666666667,1.475833333333333,9.325133333333332,1.0520571759574462,0.0,2.218681399284854,11.0,414.48,0.0,0.0,0.0,0.0,0.15,2.516792819470734,5.0,115.0,115.0
39,01025,Clarke County,"22,014",47549.0,11733.0,0.0,620728184.4723413,0.1913375531794388,9,2.15,0.7611111111111112,2.988888888888889,3.1324444444444444,20.78074905949991,3.0,1.0848510672537297,28.0,755.4499999999999,0.0,0.0,0.0,0.0,0.088,6.036054370380906,15.0,115.0,115.0
40,20017,Chase County,"2,572",52481.0,1407.0,0.0,282097286.901008,0.1400480008301397,4,2.05,1.95,3.7,0.27125,6.935845383075734,0.0,4.423086314302468,26.0,305.03000000000003,0.0,0.0,0.0,0.0,0.056,3.782493909857608,4.0,345.0,172.5
41,21221,Trigg County,"14,512",55864.0,7596.0,0.0,194933468.38805848,0.1563668084020099,3,830.19,3376.5533333333333,9.4,951.5543333333334,6.174711884138904,8.0,6.044618888726498,27.0,169.28,1.0,94850939.40207691,0.0760851319728726,0.0,0.42,9.27860070111891,4.0,161.0,115.0
42,19099,Jasper County,"38,153",67784.0,16183.0,0.0,231111102.2512293,0.1217438354542831,3,2.28,3.3166666666666664,3.4333333333333336,5.636666666666666,12.84189348904578,0.0,4.0042048072984056,15.0,391.73,0.0,0.0,0.0,0.0,0.042,5.047703397726496,9.0,345.0,140.55555555555554
43,28153,Wayne County,"19,807",34875.0,9086.0,0.0,316710114.0167679,0.1503132100384403,2,1.7000000000000002,4.41,3.95,0.2835,1.456434177359894,1.0,1.9007293346712903,11.0,353.5,0.0,0.0,0.0,0.0,0.089,2.781472982322044,16.0,230.0,112.125
44,48101,Cottle County,"1,224",47625.0,1069.0,0.0,0.0,0.0,0,0.0,0.0,0.0,0.0,43.02803547930549,5.0,10.95956198398749,10.0,189.36,0.0,0.0,0.0,0.0,0.061,7.62680458770217,8.0,345.0,192.625
45,51081,Greensville County,"11,181",51823.0,4013.0,0.0,148731475.935534,0.1933695333098545,3,0.77,0.63,2.566666666666667,8.882,2.275757308158713,291.0,2.14182982325506,12.0,280.39,0.0,0.0,0.0,0.0,0.074,3.167054287270634,12.0,230.0,134.16666666666666
46,12105,Polk County,"874,790",60901.0,320023.0,1.0,2162817788.3961964,0.4153718040243783,260,482.24,10.134461538461538,5.837692307692308,0.7160192307692307,1.341378696939148,0.0,2.870819710847551,60.0,565.48,2.0,217411829.55312872,0.0417542080253969,0.0,0.034,3.7294163406172016,128.0,230.0,137.28125
47,48503,Young County,"18,154",65565.0,8554.0,0.0,389754181.93284726,0.1616625661082908,8,59.1,107.5275,8.775,3.13475,3.415468548372357,9.0,3.8164820595071856,11.0,473.13,0.0,0.0,0.0,0.0,0.055,8.425220066088675,15.0,345.0,170.2
48,01123,Tallapoosa County,"40,953",53282.0,22777.0,0.0,247110982.91177556,0.1245149361090837,6,137.06,338.40333333333336,6.75,68.32600000000001,3.737508310731804,0.0,6.215883176082526,15.0,354.74,0.0,0.0,0.0,0.0,0.1,0.9371183363370174,40.0,230.0,120.75
49,33015,Rockingham County,"324,077",110225.0,135585.0,2.0,237178208.5657012,0.115152839454298,44,38.9,5.291818181818182,4.4818181818181815,0.5139772727272727,5.541487072985791,2930.0,1.385574972108134,72.0,324.51,2.0,927680.5360144486,0.0004503999270192,1.0,0.22,1.1016904014920874,44.0,345.0,162.04545454545453
50,08105,Rio Grande County,"11,087",57591.0,6561.0,0.0,89704829.10976307,0.0379632188434108,6,1.33,0.7516666666666666,2.6333333333333333,4.661833333333333,22.13259055428105,31.0,1.2004123236153366,18.0,391.87,0.0,0.0,0.0,0.0,0.15,94.24980399084932,0.0,0.0,0.0
51,19149,Plymouth County,"25,697",79963.0,10819.0,0.0,224686318.3453806,0.1004457526178957,1,0.73,1.74,2.4,54.5,27.873567912567108,0.0,0.4175161722879121,23.0,494.37,0.0,0.0,0.0,0.0,0.039,2.9809247847924003,39.0,345.0,102.02564102564102
52,36123,Yates County,"24,547",63974.0,13113.0,1.0,130103121.13319606,0.1336657587336488,4,262.06,2738.865,25.725,9.73475,1.2570880769302537,0.0,1.8976825500755456,26.0,193.68,0.0,0.0,0.0,0.0,0.079,9.543350613810402,11.0,115.0,115.0
53,53033,King County,"2,344,939",116340.0,972821.0,15.0,502493623.549148,0.0840832325598726,81,139.97,49.2958024691358,9.32962962962963,4.134617283950617,4.531648371087843,908.0,2.819952670180468,74.0,667.93,0.0,0.0,0.0,0.0,0.59,6.380619862871166,140.0,500.0,146.07142857142858
54,41017,Deschutes County,"213,072",82042.0,94911.0,1.0,47271500.51080445,0.0059759418020936,33,96.84,25.73212121212121,6.693939393939394,2.079030303030303,19.90431756879765,258.0,14.814038125654266,34.0,295.49,2.0,80190591.85409446,0.0101374888636333,0.0,0.2,24.69132607535021,1.0,69.0,69.0
55,19155,Pottawattamie County,"92,996",68718.0,39914.0,19.0,379438009.8523624,0.1527423752986876,6,7.379999999999999,3.19,2.183333333333333,193.7413333333333,27.169774365773407,0.0,0.3943254754242475,27.0,756.2,0.0,0.0,0.0,0.0,0.04,4.568935294855704,47.0,345.0,137.51063829787233
56,29043,Christian County,"96,725",75787.0,35348.0,0.0,80740337.447321,0.0552946643745254,0,0.0,0.0,0.0,0.0,16.58787430119858,0.0,4.796422706978519,14.0,219.44,0.0,0.0,0.0,0.0,0.15,7.944074751451857,19.0,161.0,117.42105263157896
57,72039,Ciales Municipio,,19618.0,7200.0,0.0,4061098.724949698,0.0235057270735867,0,0.0,0.0,0.0,0.0,9.3050443856142,0.0,1.4776480862157848,7.0,88.55000000000001,0.0,0.0,0.0,0.0,0.47,59.83573597994089,0.0,0.0,0.0
58,28073,Lamar County,"67,403",67972.0,27319.0,0.0,138446030.0018257,0.1069096783281081,12,9.95,4.319166666666667,3.6833333333333336,0.7755000000000001,4.730362821244754,22.0,6.052748355394549,10.0,247.63,0.0,0.0,0.0,0.0,0.072,8.545147136606593,40.0,161.0,104.65
59,18137,Ripley County,"29,434",70285.0,12301.0,0.0,47173715.02929117,0.0406503758951231,3,1.42,2.106666666666667,4.2,2.0596666666666663,2.3367553866014847,0.0,1.2548000784542863,15.0,363.5,0.0,0.0,0.0,0.0,0.12,6.069987839611048,21.0,345.0,101.85714285714286
60,38057,Mercer County,"8,441",82155.0,4667.0,0.0,326047647.1511864,0.1131475874869121,3,1127.35,10073.823333333334,10.766666666666666,267.9153333333333,11.845425645272696,39.0,3.8365841291595086,27.0,457.74,0.0,0.0,0.0,0.0,0.026,6.515532995797737,20.0,345.0,189.75
61,13147,Hart County,"28,639",61765.0,12878.0,0.0,86062535.57889159,0.1293216578116348,5,287.45,1126.842,9.06,54.0836,1.0879054960922387,5.0,2.597308816290816,21.0,150.8,0.0,0.0,0.0,0.0,0.17,1.0820259901358684,10.0,230.0,172.5
62,22049,Jackson Parish,"15,834",40406.0,7237.0,0.0,242971801.7061618,0.1616225075039509,5,23.04,34.065999999999995,4.34,3.4392000000000005,3.6850682603963705,0.0,3.1647356403258504,21.0,335.13,0.0,0.0,0.0,0.0,0.083,4.448473615555444,6.0,115.0,115.0
63,51133,Northumberland County,"12,557",64655.0,8989.0,0.0,100069737.30111876,0.1352856135950375,3,0.77,0.6666666666666666,2.733333333333334,0.0923333333333333,8.559652425340989,0.0,0.6777027167950788,6.0,20.79,0.0,0.0,0.0,0.0,0.067,12.612462666509158,0.0,0.0,0.0
64,48157,Fort Bend County,"975,191",109987.0,282291.0,0.0,631899854.6145415,0.2755166876678783,12,13.92,2.744166666666666,1.8333333333333333,0.3019166666666666,9.97575253986934,21.0,5.397104007176457,19.0,727.0,0.0,0.0,0.0,0.0,0.037,3.056188341905214,54.0,345.0,176.33333333333334
65,55047,Green Lake County,"19,305",66395.0,10703.0,0.0,186552733.0772047,0.1894864834342083,9,61.34,11.485555555555557,2.9333333333333336,5.322333333333333,0.0,0.0,6.092861176905379,18.0,192.35,0.0,0.0,0.0,0.0,0.034,4.1977306471388856,13.0,138.0,95.53846153846152
66,30073,Pondera County,"6,072",59861.0,2751.0,0.0,0.0,0.0,18,29.11,12.79277777777778,5.205555555555556,0.1871666666666666,3.9576696125587834,41.0,6.746106623890959,40.0,581.47,0.0,0.0,0.0,0.0,0.13,186.58530320292556,0.0,0.0,0.0
67,55127,Walworth County,"106,127",75172.0,53231.0,1.0,135003065.18467477,0.090401164750816,31,52.27,6.03258064516129,3.687096774193548,0.2133225806451612,1.2273581156257267,0.0,5.334230812154931,14.0,134.1,0.0,0.0,0.0,0.0,0.055,3.3322812658964107,31.0,138.0,109.06451612903226
68,32021,Mineral County,"4,407",46625.0,2403.0,0.0,199786173.7955064,0.0202383918435661,2,144.01,1729.36,16.7,11.887,22.28658422095941,4.0,33.81026593544132,16.0,69.97,1.0,591147646.2212948,0.0598834117213445,0.0,0.66,8.48100440308866,4.0,120.0,118.75
69,18067,Howard County,"83,904",62014.0,39613.0,0.0,44021674.21612391,0.057827899175288,3,2.36,1.07,2.0,4.7876666666666665,5.601648375709504,0.0,0.1412484221227994,14.0,210.58,0.0,0.0,0.0,0.0,0.089,3.583015784107827,14.0,230.0,164.28571428571428
70,18125,Pike County,"12,003",64182.0,5590.0,0.0,121484913.8091328,0.1375150051332928,15,5.5,0.8806666666666667,2.773333333333333,3.3344666666666667,2.0879156711741294,0.0,1.2682706041911176,8.0,514.29,0.0,0.0,0.0,0.0,0.29,3.8446227470311727,19.0,345.0,127.10526315789474
71,21047,Christian County,"70,115",48920.0,29273.0,0.0,153710227.73734087,0.0819673492476447,17,6.24,3.0347058823529416,4.7,0.2634117647058823,3.17842709320892,2.0,1.919713400472028,23.0,442.83,1.0,55491533.06394465,0.0295913547061553,0.0,0.33,2.371887153834757,30.0,161.0,96.6
72,26045,Eaton County,"109,581",77158.0,47562.0,2.0,113479138.04516923,0.0756161947844494,11,3.2,0.7781818181818182,2.618181818181818,0.733909090909091,4.021886193978542,0.0,2.063529958310489,16.0,292.4,0.0,0.0,0.0,0.0,0.064,2.192309261505177,11.0,345.0,169.36363636363637
73,19179,Wapello County,"35,210",56209.0,15754.0,0.0,124246034.35536715,0.110021397694719,4,0.73,0.355,1.825,109.0355,2.2469347820560657,16.0,1.5642964201813718,7.0,251.98,0.0,0.0,0.0,0.0,0.055,2.534749948991707,12.0,161.0,115.0
74,06025,Imperial County,"181,411",53847.0,56907.0,0.0,1416247048.062701,0.1220428717462047,16,965.35,536.705,2.96875,33.794125,11.958663346797884,19.0,2.909338832819952,58.0,701.06,4.0,1505974904.1026547,0.1297750292407079,0.0,0.55,8.79041703741734,94.0,500.0,108.20212765957449
75,26027,Cass County,"51,677",65183.0,25458.0,0.0,47763339.16670615,0.0362801335322038,68,37.19,2.449705882352941,3.841176470588235,0.2463088235294117,1.0526378226870974,0.0,4.53673758699897,25.0,177.58,0.0,0.0,0.0,0.0,0.075,0.5095007191121422,25.0,345.0,154.56
76,44001,Bristol County,"50,001",105875.0,21475.0,0.0,30016811.531669226,0.2590784901869509,0,0.0,0.0,0.0,0.0,27.406159524786126,96.0,5.622902768273215,2.0,5.73,0.0,0.0,0.0,0.0,0.11,1.4324732257371129,5.0,115.0,115.0
77,48035,Bosque County,"18,918",63868.0,9317.0,0.0,274025461.5048064,0.1055274400240534,3,70.98,864.1066666666667,14.666666666666666,17.656000000000002,6.339947809015751,0.0,0.7805995999076121,29.0,547.9,0.0,0.0,0.0,0.0,0.039,8.467118896178981,11.0,138.0,69.0
78,44005,Newport County,"83,051",96319.0,43415.0,0.0,83340563.30524203,0.1025983341319305,0,0.0,0.0,0.0,0.0,14.263070011009104,318.0,13.7501877057737,2.0,3.46,3.0,3046588.7776717395,0.0037505738019711,0.0,0.11,2.6030544317017137,17.0,115.0,115.0
79,39045,Fairfield County,"169,752",82969.0,62743.0,1.0,84605527.08258131,0.0642328340433893,7,13.27,4.805714285714286,3.371428571428571,0.9367142857142856,8.852547441630547,0.0,1.7372810535190466,14.0,355.31,0.0,0.0,0.0,0.0,0.08,1.2511534351012186,53.0,345.0,91.13207547169812
80,38069,Pierce County,"3,838",59583.0,2033.0,0.0,0.0,0.0,188,172.24,2.4120744680851067,2.4680851063829787,0.0842606382978723,0.7722738318627289,468.0,9.431462947740668,16.0,56.8,0.0,0.0,0.0,0.0,0.021,2.142436346901333,13.0,230.0,135.8923076923077
81,17015,Carroll County,"15,419",61539.0,8197.0,0.0,154178616.04754528,0.1274752047080699,2,2.3,14.01,8.05,0.4705,11.385662743010322,0.0,2.435732091710814,22.0,295.66,0.0,0.0,0.0,0.0,0.063,13.39128264905676,2.0,161.0,161.0
82,27125,Red Lake County,"3,940",73889.0,1872.0,0.0,48741736.97857343,0.0435132972980807,1,0.13,0.19,1.4,0.013,15.120875608285177,78.0,1.148811589346245,7.0,367.24,0.0,0.0,0.0,0.0,0.022,5.20028105950663,3.0,115.0,115.0
83,41031,Jefferson County,"25,740",69345.0,10301.0,0.0,870.2411943846358,1.875203120503324e-07,13,21.34,57.04769230769231,11.315384615384614,33.26892307692308,6.21873216230262,27.0,6.846402641086031,41.0,670.83,0.0,0.0,0.0,0.0,0.2,13.309590576801313,1.0,500.0,500.0
84,47021,Cheatham County,"42,778",77014.0,16864.0,0.0,83334856.29005599,0.1047857340443199,3,0.55,0.83,4.3,0.6663333333333333,2.326754332271134,16.0,1.255641661697161,26.0,324.68,0.0,0.0,0.0,0.0,0.24,7.008355710782933,8.0,500.0,180.375
85,30055,McCone County,"1,720",79022.0,1093.0,0.0,132390286.71217395,0.0190589489377205,9,816.3900000000001,2618.51,5.544444444444444,34.305,18.30373255244524,2.0,19.7767626770154,47.0,655.02,0.0,0.0,0.0,0.0,0.038,101.30909263119466,0.0,0.0,0.0
86,19019,Buchanan County,"20,883",73493.0,8911.0,0.0,141012070.3204546,0.0950017833748227,1,0.45,1.05,2.3,23.879,4.8928235193836525,0.0,2.792707381261101,15.0,485.88,0.0,0.0,0.0,0.0,0.04,13.542909622137511,2.0,345.0,253.0
87,17043,DuPage County,"934,298",107035.0,365347.0,16.0,73640536.45222181,0.0845235747802617,16,3.79,0.58125,2.3312500000000003,1.377125,2.6421889392178683,0.0,3.456248666944108,7.0,240.55,0.0,0.0,0.0,0.0,0.083,3.601252288143999,98.0,345.0,205.59183673469389
88,46047,Fall River County,"7,467",54886.0,4094.0,0.0,139935827.2742382,0.0308887711209534,9,17.54,11.72111111111111,3.533333333333333,3.930888888888889,7.19419120322918,0.0,4.155497463414796,44.0,214.72,0.0,0.0,0.0,0.0,0.12,16.515322117455614,2.0,69.0,69.0
89,27069,Kittson County,"4,031",66000.0,2282.0,0.0,556952179.993648,0.1948193952966365,6,9.9,2.2916666666666665,1.3333333333333333,0.0758333333333333,12.521815893786767,35.0,0.1457618229675846,23.0,568.09,0.0,0.0,0.0,0.0,0.019,5.4012822956063,9.0,115.0,99.66666666666669
90,13219,Oconee County,"44,893",116221.0,15073.0,0.0,31316380.511785917,0.0648764491399417,2,0.42,0.75,3.55,0.0809999999999999,7.05541502057533,16.0,0.3735038907228626,5.0,213.09,0.0,0.0,0.0,0.0,0.13,5.398462061147487,9.0,230.0,140.55555555555554
91,48493,Wilson County,"56,139",89708.0,19017.0,0.0,286291040.9699278,0.1367344372106086,1,0.16,0.38,2.3,0.02,14.226956009995536,5.0,6.93411381216487,5.0,390.78,0.0,0.0,0.0,0.0,0.028,7.581152609801604,6.0,345.0,172.5
92,31059,Fillmore County,"5,458",72335.0,2742.0,0.0,126247771.872791,0.0845488770566498,5,2.12,1.104,2.3,0.2455999999999999,14.76451748456122,0.0,1.8487061227047263,6.0,232.94,0.0,0.0,0.0,0.0,0.044,4.916071432136877,4.0,115.0,115.0
93,12079,Madison County,"18,759",43386.0,8362.0,0.0,705051697.3079665,0.3803615176779211,15,5.57,1.598666666666667,3.353333333333333,0.5494,0.2333634730104834,9068.0,13.451822675006447,6.0,235.07,0.0,0.0,0.0,0.0,0.052,8.014138496685701,18.0,115.0,112.44444444444444
94,72031,Carolina Municipio,,32888.0,76551.0,0.0,39648465.17291979,0.2537553959618777,3,7.470000000000001,5.293333333333334,2.0,0.5753333333333334,3.887695648488243,0.0,2.45942650510441,2.0,54.45,1.0,386027.0547181916,0.0024706239622339,0.0,0.46,117.24585255512106,0.0,0.0,0.0
95,18153,Sullivan County,"20,831",54556.0,8787.0,0.0,1017758.3743363518,0.0008653270314319,30,16.35,2.631,2.82,39.881600000000006,1.291094548162881,0.0,1.0619242220428675,16.0,188.27,0.0,0.0,0.0,0.0,0.23,1.482495217046769,18.0,345.0,134.16666666666666
96,04012,La Paz County,"16,711",46634.0,13692.0,0.0,701518724.2713362,0.0600481607227857,3,72.16,284.5433333333333,6.933333333333333,348.21433333333334,63.72688171702097,2.0,28.34275675377222,33.0,209.61,1.0,1586038377.5749435,0.1357607204398578,0.0,0.1,19.09457396138558,6.0,500.0,250.33333333333331
97,13027,Brooks County,"16,101",42263.0,7324.0,0.0,210936549.09363264,0.1636058472175829,9,2.41,0.7766666666666667,2.677777777777778,0.1498888888888888,6.444931028615964,206.0,0.0166591314143925,7.0,212.95,0.0,0.0,0.0,0.0,0.057,8.479637867385676,5.0,230.0,184.0
98,02016,Aleutians West Census Area,"5,240",100662.0,1403.0,0.0,0.0,0.0,169,84.45,4.631834319526627,6.595266272189349,0.4279585798816568,61.7950994431121,0.0,429.1770206746904,24.0,100.7,1.0,14139981.153901016,0.0003867447803225,0.0,0.0,1571.1006276136798,0.0,0.0,0.0
99,02150,Kodiak Island Borough,"12,387",91138.0,5798.0,0.0,0.0,0.0,390,248.18,10.480358974358976,6.11,0.7383384615384615,5.120738843741984,0.0,2.517965419449668,466.0,2124.89,1.0,519128.0911997437,1.649405660805493e-05,0.0,0.55,67.4751097744401,2.0,138.0,138.0
100,20185,Stafford County,"4,005",60000.0,2113.0,0.0,7299.50485613939,3.545470853570149e-06,10,9.81,1.203,1.33,1.9991,19.72322168061529,0.0,3.272661256684375,5.0,145.76,0.0,0.0,0.0,0.0,0.053,6.59964683247801,9.0,115.0,94.55555555555556
101,13271,Telfair County,"11,195",41801.0,4836.0,0.0,202779751.28979424,0.176333651466913,1,0.72,2.67,3.7,8.907,17.849015572831927,574.0,3.451608795958031,7.0,451.39,0.0,0.0,0.0,0.0,0.095,17.659080493734116,0.0,0.0,0.0
102,26115,Monroe County,"156,004",72573.0,65946.0,1.0,170475208.65971994,0.0968046259109884,13,25771.59,38385.10461538461,3.161538461538462,755.9666153846155,5.571510416600638,0.0,2.2313088329038844,22.0,240.78,0.0,0.0,0.0,1.0,0.066,8.324288961041887,37.0,345.0,208.0540540540541
103,18181,White County,"25,164",65345.0,12908.0,0.0,20005921.10787388,0.0151838493814475,3,8.6,23.55333333333333,5.933333333333334,40.344,8.850892529872239,0.0,4.006749139477901,31.0,259.39,0.0,0.0,0.0,0.0,0.084,2.0949885281474425,7.0,345.0,285.85714285714283
104,18113,Noble County,"47,937",70286.0,20127.0,0.0,87632144.79395933,0.0810548647440737,37,13.41,1.2072972972972973,3.075675675675676,0.6064054054054054,3.407527547515959,0.0,1.2328472536115531,22.0,186.0,0.0,0.0,0.0,0.0,0.079,2.353375458891204,24.0,345.0,140.875
105,13133,Greene County,"21,367",77527.0,10142.0,0.0,90270761.49650508,0.0858020394147014,5,71.28999999999999,146.536,4.74,15.945000000000002,7.802176715656301,19.0,2.5518587030191875,13.0,280.28,0.0,0.0,0.0,0.0,0.15,4.3671718049668575,1.0,230.0,230.0
106,46017,Buffalo County,"1,802",42917.0,588.0,0.0,0.0,0.0,4,230.29,587.8075,5.025,248.25175,13.441114753214077,2.0,5.385513066015125,27.0,130.17,0.0,0.0,0.0,0.0,0.092,15.834634950851775,6.0,230.0,149.5
107,46095,Mellette County,"2,137",41397.0,766.0,0.0,0.0,0.0,0,0.0,0.0,0.0,0.0,21.69603914232098,0.0,0.2281063274385579,17.0,525.91,0.0,0.0,0.0,0.0,0.069,36.026763021997546,0.0,0.0,0.0
108,48135,Ector County,"173,801",70566.0,66082.0,0.0,152904399.38445324,0.0654641262549722,1,0.15,0.4,2.7,0.001,19.185373976317248,0.0,20.702977603962253,1.0,3.92,0.0,0.0,0.0,0.0,0.054,2.510947262901291,55.0,345.0,155.56363636363636
109,48293,Limestone County,"22,849",53102.0,10420.0,0.0,293330369.181295,0.1213671942623464,10,51.77,71.174,3.83,1.7662,5.5412971539218745,0.0,6.501332228314746,16.0,66.4,0.0,0.0,0.0,0.0,0.044,14.125853429910205,9.0,345.0,161.0
110,53027,Grays Harbor County,"78,144",59105.0,36204.0,0.0,440422080.5675112,0.0764740423804124,9,18.37,53.20666666666667,8.955555555555556,36.514,10.38283560599483,147.0,0.0053966968825221,73.0,973.77,0.0,0.0,0.0,0.0,0.98,69.30191786915452,0.0,0.0,0.0
111,54003,Berkeley County,"139,522",73619.0,51292.0,0.0,42528751.78994551,0.0510682442585821,2,1.04,2.795,5.5,0.2005,9.933275657032922,0.0,3.2058448341363146,12.0,211.79,1.0,1259051.3289384025,0.0015118605200992,0.0,0.069,6.710451849088842,13.0,138.0,138.0
112,72149,Villalba Municipio,,22461.0,9288.0,0.0,4981977.2525527,0.0520061316519773,2,2.85,35.535000000000004,18.35,1.3905,2.221562897967586,0.0,0.6752094313714966,8.0,22.24,0.0,0.0,0.0,0.0,0.46,60.48787269768133,0.0,0.0,0.0
113,30067,Park County,"18,214",67602.0,9564.0,0.0,125009261.92947438,0.0171568712758091,15,6.52,3.003333333333333,6.6866666666666665,0.2332,31.21957010513804,54.0,1.476046013722611,101.0,1463.09,0.0,0.0,0.0,0.0,0.31,95.20930383059309,0.0,0.0,0.0
114,48121,Denton County,"1,069,346",104180.0,351416.0,2.0,574991493.1851623,0.2332820129639889,9,160.13,656.0033333333333,14.68888888888889,9.847111111111111,7.93106921543102,57.0,4.903702260644184,33.0,363.01,0.0,0.0,0.0,0.0,0.07,1.3803497803459823,21.0,345.0,177.42857142857142
115,45021,Cherokee County,"58,275",47011.0,24775.0,0.0,78415796.50770092,0.076163372551801,11,3.38,1.1254545454545457,3.472727272727273,27.87409090909091,3.649321746575669,27.0,0.986811834914488,10.0,201.19,0.0,0.0,0.0,0.0,0.16,0.6831700620040544,32.0,230.0,144.53125
116,37199,Yancey County,"19,084",53103.0,11266.0,0.0,19164129.83353593,0.0236263231464108,0,0.0,0.0,0.0,0.0,24.901234019694048,1.0,0.7901890660488221,13.0,183.54,0.0,0.0,0.0,0.0,0.2,1.1186879077351797,8.0,115.0,115.0
117,48387,Red River County,"11,816",44583.0,6195.0,0.0,1065284.7073625375,0.0003892257871984,10,9.41,1.886,1.98,4.9677,0.5293190946006097,5.0,6.919556032884852,40.0,409.3,0.0,0.0,0.0,0.0,0.083,4.005341814894789,4.0,345.0,155.25
118,48321,Matagorda County,"36,463",56412.0,18674.0,0.0,1886579132.237256,0.4517253234321624,42,61.17,8.270476190476192,1.3857142857142857,0.5552857142857143,1.6521028478188473,65.0,0.8642835329312365,36.0,1064.79,0.0,0.0,0.0,1.0,0.032,2.7225087194060107,27.0,345.0,176.33333333333334
119,27149,Stevens County,"9,747",69737.0,4202.0,0.0,81277333.94663529,0.0545407406119189,55,32.28,1.340181818181818,2.18,0.2254363636363636,1.6630175562347358,0.0,1.221460459831628,9.0,165.03,0.0,0.0,0.0,0.0,0.046,1.6896019778854796,6.0,115.0,115.0
120,13301,Warren County,"5,269",45091.0,2558.0,0.0,26277866.554160267,0.0353902023566433,5,1.27,0.71,2.7,0.254,1.7813486660402518,0.0,2.712754105929746,9.0,457.83,0.0,0.0,0.0,0.0,0.17,6.945497110043571,2.0,500.0,307.5
121,48197,Hardeman County,"3,292",60455.0,1819.0,0.0,3680.908792846394,2.0394130444478977e-06,1,1.72,2.2,1.3,0.109,6.702734659475031,0.0,5.358079176777452,18.0,224.45,0.0,0.0,0.0,0.0,0.078,2.513080676799578,5.0,345.0,165.6
122,17133,Monroe County,"34,840",100685.0,14560.0,0.0,344914302.2172836,0.3343228221255686,1,1.86,3.26,1.7,0.158,10.591407546434745,0.0,0.6034974535079684,9.0,263.43,0.0,0.0,0.0,0.0,0.38,11.852109532796463,7.0,345.0,197.14285714285717
123,13165,Jenkins County,"8,843",31463.0,4451.0,0.0,146473401.87901926,0.1604481331750711,2,0.33,0.36,2.2,0.3359999999999999,14.578745253377589,12.0,0.11704108387693,6.0,341.89,0.0,0.0,0.0,0.0,0.17,2.9189374876078844,4.0,115.0,115.0
124,21085,Grayson County,"27,406",47024.0,13346.0,0.0,99436531.07428364,0.0751280982314976,9,34.88,129.98111111111112,11.244444444444444,4.601,7.777861711970675,0.0,3.2844482266771697,28.0,372.43,0.0,0.0,0.0,0.0,0.17,3.700641651909363,13.0,138.0,79.61538461538461
125,48363,Palo Pinto County,"30,791",65242.0,15138.0,0.0,301643739.7236823,0.1181778840335535,6,57.56,150.04,10.483333333333334,4.625166666666666,9.25364809524082,0.0,4.211613572821628,25.0,269.52,1.0,679840.7027950081,0.0002663477644515,0.0,0.048,23.893069682778684,4.0,345.0,224.25
126,13149,Heard County,"12,149",62965.0,4790.0,0.0,76194109.37277448,0.0977059050591492,4,94.08,201.8025,8.075000000000001,41.12825,4.460417466728379,5.0,1.851691735990575,10.0,204.43,0.0,0.0,0.0,0.0,0.1,9.421039047186408,18.0,500.0,217.5
127,01079,Lawrence County,"33,843",54786.0,15270.0,0.0,241659450.05539677,0.1300960248125095,7,214.68,340.11285714285714,6.171428571428571,523.3644285714286,4.614682569396361,0.0,1.0395669865570532,31.0,287.77,0.0,0.0,0.0,0.0,0.2,7.230354395459774,17.0,161.0,161.0
128,72061,Guaynabo Municipio,,43304.0,40694.0,1.0,4088606.838478493,0.0568549522510035,0,0.0,0.0,0.0,0.0,7.007236892074805,0.0,2.214110859515841,1.0,22.84,1.0,1842287.5971577049,0.0256183041086913,0.0,0.45,101.89287290080178,0.0,0.0,0.0
129,28093,Marshall County,"34,654",51431.0,15156.0,0.0,240755865.6860212,0.1309735840314237,7,2.14,1.2385714285714289,3.542857142857143,0.7832857142857144,11.231149495068983,2.0,4.16751997747947,19.0,216.76,0.0,0.0,0.0,0.0,0.38,7.177196198357318,21.0,161.0,161.0
130,20025,Clark County,"1,900",58287.0,1044.0,0.0,293.0962187439609,1.1580693537844769e-07,2,1.38,4.949999999999999,5.8,0.2085,16.835900258489037,0.0,12.858939849820311,19.0,147.97,0.0,0.0,0.0,0.0,0.058,6.73049484349248,6.0,34.5,34.5
131,20081,Haskell County,"3,599",66458.0,1551.0,0.0,97.56718074693754,6.51889377135374e-08,0,0.0,0.0,0.0,0.0,43.32296601562024,0.0,29.51090393094984,0.0,0.0,0.0,0.0,0.0,0.0,0.049,5.390589967875006,6.0,138.0,118.83333333333331
132,22013,Bienville Parish,"12,269",34268.0,6907.0,0.0,30829467.47947425,0.0144783906638077,3,34.21,154.5533333333333,10.1,17.649,3.9931990955906422,3.0,3.0745150488043285,22.0,398.74,0.0,0.0,0.0,0.0,0.078,10.653008169060636,2.0,500.0,307.5
133,13295,Walker County,"70,250",52276.0,29339.0,0.0,46956582.58835484,0.040565577006915,3,1.3,1.6833333333333331,3.2,0.35,3.0155432134766227,12.0,0.496811695704704,21.0,297.11,0.0,0.0,0.0,0.0,0.32,4.4877735640763685,13.0,230.0,175.15384615384616
134,27167,Wilkin County,"6,288",67114.0,2992.0,0.0,313489443.02561253,0.1611223896430746,1,0.32,0.29,0.9,0.014,8.23314474946237,0.0,3.13606745120788,16.0,523.78,0.0,0.0,0.0,0.0,0.04,12.33256692611902,5.0,41.6,41.6
135,17157,Randolph County,"29,921",63860.0,13412.0,0.0,388896880.7949063,0.2514943566594423,15,18.74,5.709999999999999,2.7266666666666666,16.085666666666665,7.300058715818347,0.0,0.6096780582976397,20.0,335.72,1.0,10656960.034942336,0.0068917120200474,0.0,0.43,13.95800356911011,20.0,138.0,106.95
136,23011,Kennebec County,"129,067",62118.0,62778.0,0.0,374727960.0500793,0.1521101189636164,73,211.45,21.35328767123288,5.864383561643836,1.8567671232876717,1.8925636882219807,102.0,3.3354293191586333,69.0,410.85,0.0,0.0,0.0,0.0,0.19,7.218642966571853,16.0,345.0,143.75
137,51173,Smyth County,"28,882",45061.0,15125.0,0.0,25181061.624452256,0.0214761777189808,1,0.34,2.64,7.9,0.586,3.206440479064144,1.0,0.4449182961615143,12.0,237.96,0.0,0.0,0.0,0.0,0.16,6.701902258601141,10.0,765.0,200.7
138,35041,Roosevelt County,"18,615",52644.0,8511.0,0.0,260453514.8800753,0.0409909765006016,1,10.08,28.23,2.8,0.026,33.67357157565336,0.0,24.502385640898744,3.0,6.239999999999999,1.0,229831809.8277537,0.0361716382291022,0.0,0.037,5.278719891280377,24.0,345.0,112.95833333333331
139,42111,Somerset County,"72,004",57357.0,37796.0,0.0,130826482.38429528,0.0466993810776196,14,18.92,35.520714285714284,10.05714285714286,2.7200714285714285,6.117399033452858,0.0,1.5168996614091637,29.0,435.54,0.0,0.0,0.0,0.0,0.051,7.818897109657977,12.0,115.0,115.0
140,51191,Washington County,"53,898",59116.0,25509.0,0.0,36559736.28858656,0.02493046905649,2,22.56,471.695,23.6,17.502,9.200088605372336,2.0,6.525250521671013,26.0,298.98,0.0,0.0,0.0,0.0,0.17,1.826258807585992,10.0,500.0,174.2
141,37081,Guilford County,"562,234",62880.0,233332.0,0.0,106206203.97538276,0.062350215537854,11,29.21,24.110909090909093,7.290909090909091,1.2844545454545455,3.248530642268243,65.0,1.0062111155802105,23.0,378.63,0.0,0.0,0.0,0.0,0.09,1.7081577085089703,95.0,230.0,116.42105263157896
142,16001,Ada County,"546,141",83881.0,198516.0,2.0,88828259.43158208,0.0323322970056903,5,6.66,76.14599999999999,14.8,18.4082,17.120457693105035,22.0,7.153703650720185,11.0,208.76,3.0,547033880.9151008,0.1991130077646672,0.0,0.14,56.845130225641725,0.0,0.0,0.0
143,40039,Custer County,"28,175",58669.0,12907.0,0.0,256088079.0250004,0.0986756253440115,1,24.52,204.2,8.3,3.327,18.263544295334714,14.0,3.311384792701721,23.0,848.12,0.0,0.0,0.0,0.0,0.12,1.35859731001561,31.0,345.0,131.32258064516128
144,39101,Marion County,"65,115",55106.0,27405.0,0.0,133741249.10667296,0.1277663940467272,5,2.54,0.654,1.48,9.655,2.028312969154664,0.0,1.9559118225552303,11.0,261.62,0.0,0.0,0.0,0.0,0.083,2.1421358637509598,12.0,138.0,138.0
145,17149,Pike County,"14,231",55514.0,7308.0,0.0,303270449.33263826,0.1379478742248497,7,2.88,1.0157142857142858,2.1,0.5178571428571429,10.76394901054088,15.0,2.8471849130950573,22.0,396.83,0.0,0.0,0.0,0.0,0.13,11.691442577631427,13.0,138.0,79.61538461538461
146,17203,Woodford County,"38,111",80093.0,15711.0,0.0,97187911.9145421,0.06911260351856,4,62.35,131.32999999999998,5.9,105.449,10.754442387558075,0.0,8.281630388166038,12.0,244.77,0.0,0.0,0.0,0.0,0.095,9.225641613075538,6.0,345.0,207.0
147,13245,Richmond County,"206,559",50605.0,92108.0,0.0,135246598.04109332,0.1589207182047184,7,7.19,2.21,3.0285714285714285,41.68957142857143,1.4370517786400063,37.0,1.10384002264135,13.0,365.26,2.0,180461020.6838877,0.2120496591442999,0.0,0.18,2.4233336024150915,69.0,230.0,136.66666666666666
148,18167,Vigo County,"106,512",52789.0,46946.0,0.0,199784994.7314464,0.1879336042413781,19,6.99,0.8794736842105264,2.4,79.64136842105263,3.5732294419575013,0.0,3.55712963864109,18.0,443.36,1.0,392580.7757822217,0.0003692926000163,0.0,0.18,2.844848888838208,50.0,345.0,135.24
149,18039,Elkhart County,"208,774",63978.0,79808.0,0.0,69181802.28544004,0.0570789027510645,16,8.7,1.679375,2.74375,9.304375,4.478416487768476,0.0,0.2655373159250205,25.0,214.45,0.0,0.0,0.0,0.0,0.075,3.839320618722882,23.0,345.0,183.0
150,51077,Grayson County,"15,230",43348.0,8948.0,0.0,31790208.776793245,0.0275475610995876,0,0.0,0.0,0.0,0.0,23.732776282901565,0.0,2.3059223541083003,22.0,209.93,0.0,0.0,0.0,0.0,0.15,22.192070719412037,1.0,69.0,69.0
151,48303,Lubbock County,"328,906",61911.0,133802.0,0.0,289985317.2487131,0.1243073757233537,5,1.6800000000000002,1.348,3.26,0.0024,3.756550066993381,0.0,1.8683700359974411,5.0,33.1,0.0,0.0,0.0,0.0,0.039,1.4650679604319463,62.0,230.0,109.06451612903226
152,27093,Meeker County,"23,603",75926.0,10618.0,0.0,130115855.92106175,0.0779350159415124,105,98.77,3.769619047619048,2.954285714285714,0.2279714285714285,1.266971590964158,1.0,0.9949896332039412,37.0,235.76,0.0,0.0,0.0,0.0,0.029,1.7614228463919746,24.0,115.0,74.75
153,53037,Kittitas County,"48,803",66800.0,23918.0,0.0,194861824.58939615,0.0322487286953813,18,47.8,59.84166666666667,10.77777777777778,3.419833333333333,23.919401286843385,52.0,3.1278248440285785,61.0,726.53,1.0,669921880.9449309,0.1108689659004059,0.0,0.27,34.11415429285936,4.0,500.0,500.0
154,18135,Randolph County,"24,438",59674.0,11399.0,0.0,73271686.37774523,0.0624079024970801,0,0.0,0.0,0.0,0.0,21.949916559631955,0.0,2.7757266188667944,13.0,654.3199999999999,0.0,0.0,0.0,0.0,0.097,3.5864639014145423,7.0,345.0,138.0
155,49025,Kane County,"8,597",70327.0,6109.0,0.0,0.0,0.0,5,271.21,6774.272,67.88,297.0998,39.29504027836686,3.0,0.9176946000736552,60.0,513.7,0.0,0.0,0.0,0.0,0.16,54.12823126081942,0.0,0.0,0.0
156,27113,Pennington County,"13,686",71504.0,6673.0,0.0,57451329.06064043,0.0358820095599046,6,4.58,1.135,1.6166666666666665,2.2975,14.646480091628064,5.0,0.6294387230944304,4.0,240.32,0.0,0.0,0.0,0.0,0.021,6.662068413611342,7.0,115.0,115.0
157,53073,Whatcom County,"236,392",77581.0,100394.0,1.0,286199050.0089801,0.0441148110116558,20,89.42,131.98600000000002,13.585,15.4258,19.156055539454147,138.0,2.0130284223891426,109.0,774.02,0.0,0.0,0.0,0.0,0.43,7.991643695254952,18.0,115.0,101.66666666666669
158,41021,Gilliam County,"1,971",58409.0,1081.0,0.0,603034.2695154145,0.0001904040866414,1,0.74,4.48,6.1,4.787,43.50302566866358,4.0,2.090846724461118,22.0,563.27,0.0,0.0,0.0,0.0,0.2,25.759773638008664,3.0,500.0,500.0
159,34029,Ocean County,"673,746",82379.0,293899.0,0.0,576161651.0254017,0.2431661919203768,30,7.88,0.6813333333333333,2.496666666666667,0.6977,3.144927730597678,1086.0,1.4400729569668875,31.0,310.41,2.0,93892449.98200166,0.0396268468607106,0.0,0.1,2.4807244703598155,19.0,230.0,230.0
160,05009,Boone County,"38,628",52275.0,17354.0,0.0,105975916.32703732,0.0679692973288549,2,271.23,5470.5,39.900000000000006,187.0485,18.79500129339277,0.0,3.934342048558523,21.0,254.38,0.0,0.0,0.0,0.0,0.19,4.119698194040502,8.0,161.0,161.0
161,40031,Comanche County,"122,158",57150.0,52585.0,0.0,349819412.88434565,0.1246153780396583,9,29.9,42.28,5.722222222222222,0.2346666666666667,7.649427422176514,1.0,3.584387690643507,22.0,234.89,1.0,379293580.7152656,0.1351148941653364,0.0,0.33,3.148582877033012,45.0,138.0,113.46666666666668
162,48253,Jones County,"20,861",59361.0,7052.0,0.0,215384267.1705972,0.0887386934801262,4,7.95,39.735,7.074999999999999,0.213,12.01819726541308,0.0,10.664706597184596,13.0,356.85,0.0,0.0,0.0,0.0,0.038,14.036392750644502,15.0,345.0,239.2
163,48185,Grimes County,"34,252",63484.0,12038.0,0.0,339108362.9919947,0.1633361332737365,16,11.15,6.67375,2.96875,0.379,3.836689928483071,0.0,1.6469849326906691,21.0,574.61,0.0,0.0,0.0,0.0,0.041,3.663241981791856,18.0,345.0,218.5
164,26049,Genesee County,"401,093",58594.0,183775.0,1.0,107443401.70017467,0.0638623122353516,35,27.73,4.162857142857144,3.4971428571428573,0.8292857142857143,3.3151820039832365,0.0,0.6865511679456502,32.0,388.28,0.0,0.0,0.0,0.0,0.043,4.130312347007148,34.0,345.0,150.1764705882353
165,22007,Assumption Parish,"19,720",47023.0,10032.0,0.0,685893866.9581349,0.7158785488318354,5,103.35,81.368,3.28,14.3,6.506757887232275,30.0,5.844891480694062,22.0,184.05,0.0,0.0,0.0,0.0,0.054,25.352261737510265,0.0,0.0,0.0
166,28013,Calhoun County,"12,643",44505.0,6743.0,0.0,344841639.6456753,0.2264510461562385,5,1.09,0.5199999999999999,2.32,1.2478000000000002,8.946507111078686,0.0,4.225838959367182,23.0,162.04,0.0,0.0,0.0,0.0,0.21,2.897071828869483,5.0,161.0,161.0
167,28041,Greene County,"13,707",50000.0,5124.0,0.0,302122602.87432003,0.1623080645539916,2,1.22,3.045,4.35,0.42,4.051524181245989,1.0,0.061851311552579,14.0,367.97,1.0,3038.818718462416,1.6325318927867584e-06,0.0,0.075,3.9634180929175606,15.0,161.0,90.46666666666668
168,29059,Dallas County,"18,025",46547.0,7597.0,0.0,97491672.13696451,0.069341376565004,0,0.0,0.0,0.0,0.0,26.429223876471635,0.0,0.1683948665276914,12.0,273.77,0.0,0.0,0.0,0.0,0.14,7.975109617772604,3.0,345.0,161.0
169,51143,Pittsylvania County,"59,490",52619.0,29526.0,0.0,153407042.53355974,0.0605488088988731,5,80.93,306.0,9.28,16.7798,4.457015642095668,120.0,4.635874389201946,46.0,631.03,0.0,0.0,0.0,0.0,0.09,3.464909506990382,29.0,230.0,111.82758620689656
170,02068,Denali Borough,"1,616",87292.0,1385.0,0.0,0.0,0.0,549,177.12,2.0380145719489984,4.709107468123862,0.6007959927140255,13.073865410733776,0.0,1.5091446329104732,712.0,6663.41,2.0,46503490.59518536,0.0014175220139008,0.0,0.55,60.65640402032555,3.0,138.0,138.0
171,20145,Pawnee County,"5,991",54141.0,3065.0,0.0,32837.90562660988,1.6800975411355034e-05,1,0.26,0.16,0.6,23.9,10.89206600809486,0.0,0.1440719403950931,5.0,466.86,0.0,0.0,0.0,0.0,0.055,2.660842240116561,6.0,230.0,93.91666666666669
172,20209,Wyandotte County,"170,597",57771.0,68482.0,0.0,52655060.23143251,0.1301600143966779,3,2.06,7.18,7.366666666666666,0.1003333333333333,4.472170078570429,4.0,4.556379715302808,3.0,149.17000000000002,0.0,0.0,0.0,0.0,0.064,2.707582399755099,29.0,161.0,156.24137931034485
173,12029,Dixie County,"18,038",45057.0,9304.0,0.0,1307898003.1826282,0.4839804674183083,0,0.0,0.0,0.0,0.0,36.82185901911525,0.0,8.53887975474414,9.0,194.14,0.0,0.0,0.0,0.0,0.042,12.024610188718698,7.0,69.0,69.0
174,26157,Tuscola County,"52,680",59815.0,23977.0,0.0,90572377.84752885,0.038264380123548,21,59404.27,169048.26761904763,5.20952380952381,437.2916666666667,3.6404954582450206,0.0,1.4959214499069653,19.0,276.34,0.0,0.0,0.0,0.0,0.036,3.1364514326089434,21.0,345.0,199.28571428571428
175,02240,Southeast Fairbanks Census Area,"7,270",75378.0,3537.0,0.0,0.0,0.0,745,399.68,6.45951677852349,4.124161073825503,3.0782993288590603,4.18839327506738,0.0,0.2717470567131293,1276.0,10293.6,1.0,27647273.38322412,0.0004249200918464,0.0,0.18,142.55747728372324,6.0,138.0,138.0
176,20065,Graham County,"2,371",47071.0,1432.0,0.0,0.0,0.0,1,0.23,0.76,3.3,0.048,19.49221700345005,0.0,0.4699278001315219,5.0,313.6,0.0,0.0,0.0,0.0,0.066,2.241016443200867,8.0,115.0,64.6875
177,22097,St. Landry Parish,"80,765",44478.0,36840.0,0.0,1377892385.2084272,0.5665122106400554,9,8.75,3.773333333333333,2.577777777777777,3.1968888888888887,14.92802997433596,325.0,0.65365749940951,26.0,689.02,0.0,0.0,0.0,0.0,0.056,4.933904831801619,22.0,500.0,171.1818181818182
178,47055,Giles County,"31,433",56877.0,13990.0,0.0,146815825.0107898,0.0927483823027568,1,0.14,0.7,5.2,0.026,22.14360467884091,0.0,1.1602054768702543,18.0,293.29,0.0,0.0,0.0,0.0,0.2,2.211527851543143,5.0,161.0,161.0
179,39095,Lucas County,"423,347",57265.0,200495.0,0.0,152775917.3818633,0.0989987119649067,14,25774.370000000003,35643.46357142857,2.692857142857143,699.9638571428571,0.615421344261593,0.0,0.7166220912651583,14.0,197.59,1.0,547829.4248367378,0.0003549931714679,0.0,0.072,0.7704266751019959,36.0,345.0,166.75
180,05093,Mississippi County,"37,828",50012.0,19194.0,0.0,631468490.4633176,0.2621686563425659,12,11.53,1.876666666666667,1.6666666666666667,26.81983333333333,9.017512330518215,38.0,0.9595332782779016,44.0,369.07,0.0,0.0,0.0,0.0,1.73,3.426593172073949,29.0,500.0,207.7586206896552
181,72117,Rincón Municipio,,26771.0,9279.0,0.0,7715627.051791625,0.0547479591460303,0,0.0,0.0,0.0,0.0,23.49669471142212,0.0,11.547249389758328,0.0,0.0,0.0,0.0,0.0,0.0,0.57,11.171940758877165,0.0,0.0,0.0
182,28043,Grenada County,"20,868",45745.0,10408.0,0.0,384446346.83070713,0.3302943383264571,4,109.27,840.0525,9.3,48.66275,3.2719058588349323,4.0,1.0783715432470469,13.0,160.79000000000002,1.0,52452765.59385078,0.0450644196466842,0.0,0.21,6.984999923404029,7.0,230.0,167.57142857142858
183,21213,Simpson County,"20,788",55907.0,8302.0,0.0,43400024.55740982,0.0708638667463809,1,0.29,1.03,3.5,4.265,3.376001804013263,0.0,2.739025833014606,7.0,90.09,0.0,0.0,0.0,0.0,0.19,0.5205573943991669,14.0,161.0,121.57142857142856
184,50013,Grand Isle County,"7,511",86639.0,5264.0,0.0,189789.46380917824,0.0003790201375405,0,0.0,0.0,0.0,0.0,11.305813647992792,90.0,3.046176402640405,10.0,66.69,0.0,0.0,0.0,0.0,0.25,11.393717703838709,2.0,115.0,115.0
185,39029,Columbiana County,"99,377",55473.0,46164.0,0.0,51216459.03916435,0.0369802061908073,7,3.94,2.947142857142857,4.2,0.6888571428571428,6.543868155842519,0.0,0.0322038485375687,23.0,389.92,0.0,0.0,0.0,0.0,0.055,7.302645120088217,14.0,345.0,197.14285714285717
186,51125,Nelson County,"14,920",64028.0,9919.0,0.0,69715106.76558173,0.0567616170710008,2,0.26,0.5,3.9,0.096,10.522300253738372,0.0,0.4330839284435771,12.0,395.98,0.0,0.0,0.0,0.0,0.11,10.136268328538511,3.0,138.0,138.0
187,12097,Osceola County,"481,718",64312.0,156976.0,0.0,1992278579.6831045,0.510779870470471,42,351.63,49.55690476190476,6.159523809523809,5.047428571428572,11.501781076476584,0.0,6.661395570162714,75.0,316.53,0.0,0.0,0.0,0.0,0.034,4.579884818763382,39.0,500.0,148.89743589743588
188,05053,Grant County,"18,756",68598.0,7874.0,0.0,473397083.19207656,0.2887485482766053,3,1.71,2.1533333333333333,3.4,0.367,3.4547814170777253,0.0,3.6767779701696615,42.0,211.61,0.0,0.0,0.0,0.0,0.19,9.910292226348629,6.0,500.0,243.33333333333331
189,18033,DeKalb County,"44,535",68110.0,18157.0,0.0,56865692.584935926,0.0603417887364888,5,0.75,0.388,2.58,0.5164,9.228029418771062,0.0,1.4731674535642083,27.0,147.4,0.0,0.0,0.0,0.0,0.083,5.652733152113273,13.0,345.0,143.30769230769232
190,22073,Ouachita Parish,"158,542",49261.0,70178.0,0.0,659268488.4301628,0.4029448828561754,22,25.48,5.363181818181818,3.0,55.51599999999999,1.610643285687219,8.0,0.5964588215522921,20.0,465.77,0.0,0.0,0.0,0.0,0.093,1.950141639948088,29.0,500.0,154.82758620689654
191,22095,St. John the Baptist Parish,"39,875",65114.0,17799.0,0.0,605049506.3746852,0.5697667764139435,5,1953.95,1360.84,1.64,95.6388,3.8672569071718494,9.0,8.352794099920436,31.0,422.52,0.0,0.0,0.0,0.0,0.055,8.272345925054509,9.0,500.0,260.0
192,22091,St. Helena Parish,"10,758",46402.0,5284.0,0.0,231280675.0594292,0.2180092855242733,11,5.1,1.171818181818182,2.4272727272727272,15.98718181818182,11.964724373545604,0.0,0.1989645909652495,24.0,251.22,0.0,0.0,0.0,0.0,0.062,10.417361334701718,1.0,115.0,115.0
193,29197,Schuyler County,"4,140",53728.0,1900.0,0.0,244563.00168637215,0.000306419080852,4,0.43,0.32,2.925,0.0155,5.471445024084464,2.0,1.452820305361565,16.0,158.26,0.0,0.0,0.0,0.0,0.065,2.3225239208289814,7.0,161.0,82.14285714285714
194,01059,Franklin County,"32,449",47359.0,13940.0,0.0,143781836.31276447,0.0858662824854665,10,24.49,24.26,5.96,4.6925,6.566750653429552,0.0,4.744068110624874,18.0,226.84,0.0,0.0,0.0,0.0,0.21,7.424702035011682,12.0,500.0,189.25
195,21041,Carroll County,"11,141",50625.0,4675.0,0.0,59951705.25854919,0.1686322816051481,3,1.6,10.956666666666663,11.5,82.03033333333333,1.5692530424899087,0.0,1.771417851037027,13.0,226.31,0.0,0.0,0.0,0.0,0.12,2.553607978603076,15.0,345.0,147.2
196,08019,Clear Creek County,"8,994",87169.0,5717.0,0.0,7327933.036560933,0.0071386924893603,2,0.4,1.39,7.15,0.6154999999999999,5.479244941257904,5.0,2.106875363105483,15.0,174.41,0.0,0.0,0.0,0.0,0.16,26.335023775191832,0.0,0.0,0.0
197,48267,Kimble County,"4,438",62386.0,2694.0,0.0,123330.5519917344,3.805876176748387e-05,0,0.0,0.0,0.0,0.0,71.9975177787749,0.0,0.8504599108348804,21.0,292.82,0.0,0.0,0.0,0.0,0.023,4.874444138075729,2.0,345.0,345.0
198,46027,Clay County,"15,031",55963.0,6152.0,0.0,186119296.24220064,0.1721556841406279,1,0.16,0.29,1.9,0.005,15.301351105815566,0.0,4.2280252871086255,10.0,166.54,0.0,0.0,0.0,0.0,0.05,1.3236814733560691,27.0,230.0,83.48148148148148
199,10005,Sussex County,"277,140",75406.0,144210.0,0.0,417700541.12620187,0.1347977913152469,26,18.57,1.5173076923076925,1.842307692307692,1.4409615384615384,9.739892305288825,0.0,0.608399199494904,55.0,315.78000000000003,1.0,404095.0748931435,0.000130407117573,0.0,0.063,5.301334480687105,51.0,230.0,114.54901960784314
200,13159,Jasper County,"17,632",57374.0,6334.0,0.0,66475152.75589155,0.0687246154700631,8,12.47,18.56125,5.05,7.899125,2.1157896406570744,99.0,4.146887867890078,16.0,420.35,0.0,0.0,0.0,0.0,0.12,2.260149614666207,8.0,230.0,129.375
201,29175,Randolph County,"24,513",51480.0,10801.0,0.0,136605692.30593517,0.1081190426313167,7,18.56,47.30142857142857,5.700000000000001,0.9252857142857144,3.808813742296704,1.0,2.454812202897131,17.0,259.7,0.0,0.0,0.0,0.0,0.094,2.0957715008337345,20.0,161.0,138.0
202,20015,Butler County,"69,484",77724.0,27019.0,0.0,408220551.46984285,0.1089608485076119,26,35.83,12.244230769230768,2.646153846153846,0.8881153846153846,3.007468139441192,0.0,1.663536876505153,35.0,486.43,0.0,0.0,0.0,0.0,0.055,4.755395802009345,48.0,345.0,97.75
203,48209,Hays County,"304,390",79990.0,94988.0,0.0,156320946.99412692,0.0889155866200806,4,0.75,0.4875,2.625,0.1715,20.808873268504684,1.0,3.081902998389284,8.0,323.91,0.0,0.0,0.0,0.0,0.028,9.975581566417246,33.0,345.0,140.0909090909091
204,53015,Cowlitz County,"114,885",70912.0,45540.0,0.0,177560731.71167117,0.0587751954228758,8,42.77,222.755,32.8625,24.272125,12.67651023812946,69.0,3.2770099748599564,30.0,641.14,0.0,0.0,0.0,0.0,0.48,19.229009081158324,3.0,500.0,228.0
205,48297,Live Oak County,"11,929",55949.0,5957.0,0.0,244693385.1791753,0.0875693510400315,2,114.22,995.45,17.7,22.913,17.8654457090995,0.0,1.814501789768109,14.0,240.83,0.0,0.0,0.0,0.0,0.03,23.47199446006442,1.0,230.0,230.0
206,31091,Hooker County,686,43333.0,414.0,0.0,0.0,0.0,4,1.41,1.2275,3.05,0.0065,20.329712971526405,0.0,6.078865149327573,6.0,197.17,0.0,0.0,0.0,0.0,0.057,50.543082800327454,0.0,0.0,0.0
207,51147,Prince Edward County,"22,391",57304.0,9153.0,0.0,70506869.58378108,0.0769359357872352,6,6.18,6.260000000000001,4.766666666666667,0.5606666666666666,2.153513858326762,0.0,0.9180694045497536,17.0,208.22,0.0,0.0,0.0,0.0,0.12,4.518670007058849,7.0,230.0,147.85714285714286
208,49007,Carbon County,"20,680",53734.0,9623.0,0.0,89903707.66398853,0.0233700261469775,2,10.15,40.905,5.75,0.6735,15.519543411552744,3.0,3.095322882108276,26.0,580.9,0.0,0.0,0.0,0.0,0.19,70.99788598898677,0.0,0.0,0.0
209,42017,Bucks County,"647,828",107826.0,255599.0,0.0,152496053.4021034,0.0946708317497266,16,16.7,8.04,3.85625,22.1105625,5.667991775273087,11.0,4.621040869347472,32.0,311.26,0.0,0.0,0.0,0.0,0.12,8.204395321357465,48.0,500.0,158.83333333333334
210,46059,Hand County,"3,121",72857.0,1705.0,0.0,18.22989150137983,4.8871769471851916e-09,23,11.35,1.407391304347826,2.508695652173913,0.0507826086956521,9.199229441645084,5.0,13.207076106747396,12.0,74.28,0.0,0.0,0.0,0.0,0.075,1.092483626979354,25.0,230.0,81.88
211,42081,Lycoming County,"112,587",63437.0,52671.0,0.0,166715592.43330657,0.051746024301325,8,3.43,2.37375,5.0625,39.62075,7.179814950013006,0.0,1.6200594342551655,28.0,607.67,0.0,0.0,0.0,0.0,0.055,13.237900297054413,14.0,230.0,161.0
212,16057,Latah County,"41,842",62258.0,17301.0,0.0,3217.260958396995,1.1536142900724988e-06,2,0.33,0.8600000000000001,5.2,0.296,4.622437077183147,5.0,7.694727901611708,20.0,194.54,0.0,0.0,0.0,0.0,0.15,34.692845453605386,0.0,0.0,0.0
213,13237,Putnam County,"23,722",60825.0,13171.0,0.0,85945500.51836026,0.0920016312968737,7,121.41,203.18142857142857,7.0,25.898714285714284,9.772578843505494,30.0,5.688841885039097,21.0,202.15,0.0,0.0,0.0,0.0,0.15,5.388711771010527,6.0,230.0,230.0
214,51640,Galax city,"6,670",44612.0,3169.0,0.0,548080.0951152119,0.0255665747350664,0,0.0,0.0,0.0,0.0,18.4335049082672,0.0,0.2844486569254225,1.0,21.39,0.0,0.0,0.0,0.0,0.15,0.1241624915687464,2.0,69.0,69.0
215,35037,Quay County,"8,454",38998.0,5491.0,0.0,20090.01011584958,2.6922859723703164e-06,2,23.01,248.93,12.1,3.4735,15.716618592529894,0.0,4.349387640330325,16.0,243.71,0.0,0.0,0.0,0.0,0.063,6.877269023026259,10.0,115.0,88.55
216,48269,King County,192,59375.0,144.0,0.0,0.0,0.0,0,0.0,0.0,0.0,0.0,39.44947635826564,0.0,0.7000558435214905,12.0,409.7,0.0,0.0,0.0,0.0,0.049,24.46114526563678,1.0,69.0,69.0
217,05073,Lafayette County,"5,888",40262.0,3948.0,0.0,70488.22773629858,4.983768005388548e-05,19,29.2,9.97263157894737,2.573684210526316,0.976315789473684,6.352625871521459,3.0,2.071167160786157,24.0,218.44,0.0,0.0,0.0,0.0,0.091,1.850214272418707,8.0,115.0,86.25
218,48451,Tom Green County,"120,602",67215.0,51487.0,0.0,447893015.1756858,0.1122526759630456,3,93.47,750.9,23.2,2.9406666666666665,2.2922936809174823,0.0,1.2675652949820533,23.0,172.09,1.0,4369791.417946035,0.0010951739889767,0.0,0.03,1.0673371448388866,46.0,345.0,124.0
219,21031,Butler County,"12,520",47589.0,5465.0,0.0,214030829.3793267,0.1915238764812037,5,1.34,1.042,4.1,2.2166,4.745047388438192,0.0,1.929993478574096,16.0,580.9200000000001,0.0,0.0,0.0,0.0,0.21,1.501040989643188,6.0,161.0,99.66666666666669
220,78020,St. John Island,,,,0.0,19684996.032013565,0.0828255062202105,0,0.0,0.0,0.0,0.0,14.977599652348491,0.0,75.27567996303706,0.0,0.0,0.0,0.0,0.0,0.0,0.0,252.30222822554975,0.0,0.0,0.0
221,56005,Campbell County,"48,145",93315.0,19900.0,1.0,160145873.7105589,0.0128648754754571,8,2.3,0.76375,2.725,0.102125,11.600152556129853,7.0,1.5352143281582422,33.0,266.37,0.0,0.0,0.0,0.0,0.14,77.49854750010708,2.0,115.0,115.0
222,13211,Morgan County,"22,095",81524.0,8474.0,0.0,78414480.02116337,0.08537572542362,6,72.08,122.76333333333332,4.633333333333334,14.018500000000005,7.067752390057295,95.0,4.491925764990074,14.0,251.47,0.0,0.0,0.0,0.0,0.13,4.040785768477998,10.0,230.0,149.5
223,05037,Cross County,"16,186",48129.0,7618.0,0.0,21213.17653901254,1.3162440476441488e-05,24,5.98,0.4745833333333333,2.0083333333333333,2.826125,0.187628694593389,37.0,6.565700457076614,14.0,407.34,0.0,0.0,0.0,0.0,0.84,3.134833477385625,15.0,161.0,105.8
224,05107,Phillips County,"14,255",37458.0,8434.0,0.0,733244048.3804758,0.3891971814587913,24,22.1,3.1025,2.3041666666666667,2.1356666666666664,3.758281377002658,34.0,3.3971109446495493,30.0,657.67,0.0,0.0,0.0,0.0,0.36,2.550297864989998,14.0,230.0,147.85714285714286
225,22093,St. James Parish,"18,938",62946.0,8604.0,0.0,398380427.0893319,0.6083702508097485,9,3.49,0.8366666666666667,2.088888888888889,0.1531111111111111,0.9942310814357912,25.0,2.136716875013173,15.0,350.83,0.0,0.0,0.0,0.0,0.055,4.3417435496768615,4.0,230.0,230.0
226,78030,St. Thomas Island,,,,0.0,40570656.03844948,0.0507748407123787,1,0.33,1.11,3.3,0.252,9.447578219126097,0.0,51.84293163471813,0.0,0.0,0.0,0.0,0.0,0.0,0.0,227.2655028868353,0.0,0.0,0.0
227,19061,Dubuque County,"99,381",73495.0,42707.0,0.0,102107870.65849122,0.063952237719637,0,0.0,0.0,0.0,0.0,19.800697057437493,0.0,1.4949903203835897,12.0,316.17,0.0,0.0,0.0,0.0,0.045,0.7016004190660393,50.0,345.0,96.6
228,51075,Goochland County,"29,187",105600.0,10623.0,0.0,88479738.92675918,0.1175902359137341,6,1.49,1.0450000000000002,4.033333333333333,0.1285,7.6836412818484225,0.0,3.4100153453941746,12.0,343.46,0.0,0.0,0.0,0.0,0.24,7.761063455260941,2.0,230.0,230.0
229,20181,Sherman County,"5,763",61404.0,2951.0,0.0,0.0,0.0,2,2.51,2.845,2.95,0.001,14.813756908306088,50.0,17.828522880203884,2.0,1.04,0.0,0.0,0.0,0.0,0.041,6.039284664671464,9.0,115.0,115.0
230,39139,Richland County,"124,893",56557.0,54581.0,0.0,85209091.67706136,0.0657887824926529,6,11.95,27.755,9.616666666666667,2.9610000000000003,9.9546057077975,0.0,1.761330198066992,18.0,222.79,1.0,267592.63563856785,0.000206604639906,0.0,0.07,1.7501181175974294,19.0,138.0,138.0
231,17001,Adams County,"64,267",63767.0,30226.0,0.0,283842119.0367771,0.1257841719359214,6,2.3200000000000003,1.3966666666666667,3.083333333333333,0.2103333333333333,5.817600337889924,92.0,2.47244733873142,24.0,268.01,0.0,0.0,0.0,0.0,0.1,4.9345921153791625,15.0,345.0,154.86666666666667
232,39021,Champaign County,"38,820",70486.0,16870.0,0.0,92356063.68862076,0.0829625883335763,3,2.25,4.3,4.0,2.3363333333333336,4.218015177091804,0.0,1.7926574496658805,14.0,215.24,0.0,0.0,0.0,0.0,0.12,8.349639131114921,6.0,138.0,138.0
233,33019,Sullivan County,"43,961",70788.0,21870.0,0.0,76277112.49767663,0.0533397627618433,33,35.46,7.37,7.515151515151516,8.527151515151514,7.432888361485688,683.0,0.2932590071274509,67.0,378.57,0.0,0.0,0.0,0.0,0.16,8.983684974859969,4.0,115.0,115.0
234,17075,Iroquois County,"26,150",62866.0,12815.0,0.0,148398092.0308217,0.0512021082247671,2,0.9,1.155,1.95,0.2225,16.833961778672037,0.0,4.59745528687678,43.0,433.64,0.0,0.0,0.0,0.0,0.092,6.218045373516586,5.0,138.0,138.0
235,19157,Poweshiek County,"18,368",61192.0,8942.0,0.0,118220816.16887632,0.0778841906452289,3,1.37,2.1333333333333333,4.466666666666666,0.1009999999999999,10.411130516470118,0.0,1.8105660155122092,16.0,271.77,0.0,0.0,0.0,0.0,0.045,19.344226360506223,1.0,161.0,161.0
236,39169,Wayne County,"116,758",70320.0,46649.0,0.0,126034327.26622066,0.0873704004145096,12,4.4,1.1283333333333332,3.091666666666667,2.83225,10.624025692982524,0.0,2.641583650557243,12.0,195.52,0.0,0.0,0.0,0.0,0.064,0.838593514751694,18.0,345.0,149.5
237,13113,Fayette County,"125,156",105910.0,45307.0,2.0,70651056.20160408,0.1366458884226433,10,6.28,6.425999999999999,7.68,0.4367999999999999,2.728912356678373,30.0,0.0729695023211483,4.0,240.01,0.0,0.0,0.0,0.0,0.1,3.277653085286879,21.0,500.0,149.76190476190476
238,13141,Hancock County,"8,682",31767.0,4940.0,0.0,51575023.626638286,0.0416755370271461,4,108.13,333.2075,8.0,39.93675,9.22649822377315,24.0,0.3649883869787848,14.0,364.01,0.0,0.0,0.0,0.0,0.16,5.406826389363346,6.0,500.0,198.33333333333331
239,48259,Kendall County,"53,289",104196.0,18342.0,0.0,150786502.166332,0.0878072358913477,1,0.67,2.59,3.9,0.315,14.282068802113727,1.0,1.1914073380543166,9.0,378.07,0.0,0.0,0.0,0.0,0.025,9.107371213094488,12.0,345.0,149.5
240,36039,Greene County,"47,238",70294.0,29007.0,0.0,87683346.75160539,0.0514470476717288,10,6.99,14.46,8.53,1.9953,4.264522979672929,138.0,1.5004075559318075,27.0,319.46,0.0,0.0,0.0,0.0,0.11,11.108427092026188,20.0,345.0,135.7
241,51137,Orange County,"40,083",87309.0,15700.0,0.0,60593856.98524832,0.0681582863588666,4,49.05,101.415,6.75,4.546,1.874411958567916,0.0,4.592268280111324,16.0,274.02,0.0,0.0,0.0,0.0,0.13,6.216333549497767,13.0,115.0,115.0
242,40089,McCurtain County,"30,744",47046.0,14025.0,0.0,1011998797.6794908,0.2053802558467937,17,77.04,187.4576470588235,8.717647058823529,4.388411764705883,5.152617153088831,12.0,3.852749667018591,103.0,856.01,0.0,0.0,0.0,0.0,0.095,1.4672334273654937,28.0,138.0,138.0
243,13277,Tift County,"42,254",52561.0,17392.0,0.0,77346837.74737838,0.1111048716955473,7,1.63,0.5714285714285714,2.271428571428572,0.699,3.872393236163715,28.0,3.676404132842849,5.0,224.9,0.0,0.0,0.0,0.0,0.069,0.162342838671886,21.0,230.0,131.42857142857142
244,31025,Cass County,"27,657",87673.0,11693.0,0.0,163760506.86524835,0.1117321930638362,5,1.58,3.5380000000000003,5.92,131.11100000000002,15.06052881333117,8.0,3.252178414031272,28.0,453.9,0.0,0.0,0.0,0.0,0.044,4.239323854628216,14.0,345.0,134.71428571428572
245,46077,Kingsbury County,"5,284",65964.0,2636.0,0.0,169725603.141236,0.0758672673184624,51,139.48,8.454313725490195,2.649019607843137,0.1961372549019608,3.2425818280656014,1.0,6.699523133906704,1.0,4.27,0.0,0.0,0.0,0.0,0.057,5.228133094182214,14.0,69.0,63.12857142857143
246,56009,Converse County,"13,824",79235.0,6623.0,0.0,101251471.78003073,0.00916596929183,7,2.51,5.397142857142858,6.342857142857143,0.2688571428571428,10.238060058393746,0.0,13.276737340946063,51.0,678.62,0.0,0.0,0.0,0.0,0.18,66.99981219288284,0.0,0.0,0.0
247,36043,Herkimer County,"59,219",68104.0,32445.0,0.0,1165580.0881466563,0.0003088644775835,116,99.52,7.661551724137931,5.368965517241379,2.6854051724137933,5.367309335382133,47.0,0.7037498802055033,92.0,945.25,0.0,0.0,0.0,0.0,0.17,25.542471307681645,26.0,230.0,123.84615384615384
248,38047,Logan County,"1,859",59750.0,1078.0,0.0,1295610.1880347717,0.0004947854318258,151,86.6,1.4996688741721855,2.6218543046357614,0.0275894039735099,0.8895382496057095,0.0,11.785303623394285,6.0,79.47,0.0,0.0,0.0,0.0,0.028,11.314825731162026,6.0,345.0,153.33333333333334
249,26053,Gogebic County,"14,285",47913.0,10405.0,0.0,112423.887644797,2.9394505169512877e-05,111,81983.63,108151.61477477476,5.421621621621621,26.420567567567566,10.022137252645935,0.0,0.7290611793901848,65.0,484.88,0.0,0.0,0.0,0.0,0.021,28.1804608298635,2.0,115.0,92.0
250,27005,Becker County,"35,497",68683.0,19673.0,0.0,2881.8743098707628,7.699535671251588e-07,314,296.4,3.862324840764331,3.1945859872611466,0.146484076433121,0.0,40.0,1.836257158502172,62.0,436.7,0.0,0.0,0.0,0.0,0.028,13.860280177930113,24.0,230.0,95.83333333333331
251,01095,Marshall County,"103,537",58272.0,41328.0,0.0,233645470.2893558,0.1447591074635682,3,182.56,471.57,7.533333333333334,511.09,0.0,0.0,0.2860596134268045,39.0,576.9300000000001,0.0,0.0,0.0,0.0,0.18,5.607462990943602,16.0,500.0,182.1875
252,28157,Wilkinson County,"7,582",34928.0,4600.0,0.0,386515751.1286272,0.216984423783553,5,20.12,13.188,2.76,14.8346,16.20277372244841,0.0,0.7455717454833743,38.0,400.51,0.0,0.0,0.0,0.0,0.066,24.83423605158053,2.0,115.0,115.0
253,02282,Yakutat City and Borough,672,76875.0,420.0,0.0,0.0,0.0,187,436.48,43.90058823529412,6.660962566844919,12.977727272727272,7.341871318062472,0.0,11.064169344604265,175.0,973.47,0.0,0.0,0.0,0.0,0.67,398.20176391281694,0.0,0.0,0.0
254,20179,Sheridan County,"2,427",66719.0,1160.0,0.0,0.0,0.0,1,0.14,0.47,3.2,0.013,18.03048343790914,0.0,0.65231870299665,6.0,273.29,0.0,0.0,0.0,0.0,0.049,2.1431807528741422,4.0,115.0,54.625
255,28079,Leake County,"21,662",46669.0,9044.0,0.0,326037430.1585257,0.2150538127034178,8,1.81,0.67375,2.9625,0.34425,3.540460010486647,0.0,4.413172524987066,22.0,190.8,0.0,0.0,0.0,0.0,0.12,4.113452730791806,11.0,161.0,152.63636363636363
256,72025,Caguas Municipio,,29279.0,57997.0,0.0,12076717.808422852,0.0789409699670066,1,0.66,4.09,6.2,13.44,8.374183331755795,0.0,0.8073257220224245,2.0,52.83,0.0,0.0,0.0,0.0,0.44,107.5988323044987,0.0,0.0,0.0
257,72027,Camuy Municipio,,23263.0,14035.0,0.0,3864477.726460596,0.0240680712420669,1,2.64,57.5,21.8,1.853,8.049408481054543,0.0,3.855844812330332,1.0,9.87,0.0,0.0,0.0,0.0,0.5,19.10463969490274,0.0,0.0,0.0
258,28025,Clay County,"18,238",37412.0,9018.0,0.0,326626662.448288,0.30321036445567,9,11.52,8.934444444444445,3.288888888888889,45.95455555555556,6.788151050001201,0.0,4.034887572875991,29.0,289.54,0.0,0.0,0.0,0.0,0.17,7.816471150649797,12.0,500.0,160.5
259,28037,Franklin County,"7,491",43942.0,4287.0,0.0,182517550.44443017,0.1243384006691553,0,0.0,0.0,0.0,0.0,24.15962156759364,0.0,1.287768126598676,19.0,275.84000000000003,0.0,0.0,0.0,0.0,0.073,8.781582274472788,7.0,115.0,115.0
260,72143,Vega Alta Municipio,,24778.0,16136.0,0.0,9932368.824099906,0.1022708488584448,0,0.0,0.0,0.0,0.0,10.287145600009037,0.0,1.6193542760594952,3.0,33.620000000000005,0.0,0.0,0.0,0.0,0.47,76.85483830946762,0.0,0.0,0.0
261,19015,Boone County,"26,799",75759.0,11950.0,0.0,102582831.50136064,0.0690469669184351,2,0.62,1.12,3.0,0.264,0.290910214717165,0.0,0.3581147961237074,9.0,279.44,1.0,33257632.425197,0.0223852140971327,0.0,0.036,2.1617022532802124,6.0,345.0,191.66666666666663
262,48373,Polk County,"53,434",57315.0,25087.0,0.0,511058061.5491467,0.1778208652210585,11,284.66,278.1363636363636,4.181818181818182,70.83063636363636,14.53677652857118,1.0,1.957805498484438,42.0,599.03,0.0,0.0,0.0,0.0,0.049,8.590511740476517,10.0,138.0,117.3
263,31051,Dixon County,"5,602",60568.0,2518.0,0.0,8418154.6898861,0.006733274382574,0,0.0,0.0,0.0,0.0,24.186194433183985,0.0,1.957841238232008,14.0,228.33,0.0,0.0,0.0,0.0,0.05,5.254737010326672,8.0,69.0,69.0
264,24025,Harford County,"266,446",106417.0,103552.0,0.0,170324770.61514658,0.1248680455573129,6,0.87,0.305,2.1333333333333333,0.8071666666666667,14.956074432157074,0.0,1.8343215581604149,16.0,154.29,2.0,269303768.2742436,0.1974312666570758,0.0,0.1,9.653641523791606,34.0,500.0,166.91176470588235
265,45037,Edgefield County,"29,808",60033.0,11130.0,0.0,50867055.04187018,0.0387386229367043,6,0.77,0.405,3.1666666666666665,0.2278333333333333,4.38511001203029,16.0,3.0679726926522,22.0,519.8,0.0,0.0,0.0,0.0,0.21,7.899638417303026,17.0,115.0,115.0
266,51001,Accomack County,"33,859",52694.0,21769.0,0.0,868075347.8473445,0.2558440662320945,17,10.42,0.8941176470588235,1.5647058823529412,0.299,15.257218079027874,0.0,5.056821542381422,16.0,151.47,1.0,26199075.89374947,0.0077215395239617,0.0,0.051,4.679925558142238,23.0,138.0,78.0
267,47173,Union County,"21,450",57094.0,9609.0,0.0,78351971.57908024,0.1224090532321592,1,88.01,3147.8,35.8,134.5,0.3389271503497072,0.0,0.5453201525505286,10.0,160.27,0.0,0.0,0.0,0.0,0.31,5.511657057407552,8.0,69.0,69.0
268,54057,Mineral County,"26,792",64728.0,12528.0,0.0,39127796.86806044,0.045888228480783,3,3.31,54.36333333333334,21.433333333333337,3.8553333333333337,13.878382140035695,0.0,0.8655592809108682,16.0,201.17,1.0,6118665.195477784,0.0071758373576277,0.0,0.058,6.847342443394671,12.0,138.0,138.0
269,55003,Ashland County,"16,203",57000.0,9415.0,0.0,105626.87319614115,1.7790711806580553e-05,26,81862.33,461695.05846153846,8.888461538461538,112.07134615384616,0.0,0.0,9.4716122060453,37.0,569.86,0.0,0.0,0.0,0.0,0.02,21.805961229746902,4.0,115.0,115.0
270,17053,Ford County,"13,216",58930.0,6266.0,0.0,119302778.35408317,0.0947350662389614,2,0.26,0.2199999999999999,1.7000000000000002,0.0499999999999999,12.516325169177444,0.0,0.6800862630592215,14.0,258.86,0.0,0.0,0.0,0.0,0.098,15.829384579850093,6.0,138.0,138.0
271,38029,Emmons County,"3,215",63750.0,2046.0,0.0,3826301.948101568,0.0009498699163442,33,1126.28,885.0230303030303,3.3545454545454545,29.361454545454546,4.363646831812382,6.0,0.2544446315842774,40.0,415.07,0.0,0.0,0.0,0.0,0.028,2.6292782372208405,4.0,230.0,172.5
272,06089,Shasta County,"181,648",68347.0,79626.0,0.0,304837783.3975649,0.0305917359657677,39,143.31,138.6233333333333,8.797435897435898,23.559666666666665,4.989783329136671,319.0,1.5332853542559763,102.0,1254.48,0.0,0.0,0.0,0.0,0.52,5.669788031991301,80.0,230.0,137.375
273,22113,Vermilion Parish,"57,671",56194.0,25735.0,0.0,2825825307.6763663,0.712193478055123,80,318.1,4.88425,1.22875,1.949925,9.335006304337751,14.0,1.965494934329228,40.0,297.22,0.0,0.0,0.0,0.0,0.048,5.616263318876655,36.0,230.0,84.97222222222223
274,05121,Randolph County,"18,876",45993.0,8587.0,0.0,416980047.4199419,0.2454532037600542,7,1.36,0.6785714285714286,3.5,23.68442857142857,4.492319502122227,18.0,6.02383115319235,17.0,329.03000000000003,0.0,0.0,0.0,0.0,0.51,7.282611314067456,7.0,161.0,161.0
275,55085,Oneida County,"38,131",66111.0,30614.0,0.0,404984751.3364021,0.1264508241785069,246,275.61,5.681788617886179,3.704065040650407,0.9377926829268292,0.712199512867546,0.0,0.8053122199999898,99.0,398.57,0.0,0.0,0.0,0.0,0.023,5.019784487340939,9.0,115.0,115.0
276,22035,East Carroll Parish,"6,760",30856.0,3319.0,0.0,4154210.176868986,0.0036233711510838,21,23.42,3.8119047619047617,2.7666666666666666,0.4961904761904762,5.71199157045448,1.0,3.380343741265044,9.0,228.59000000000003,0.0,0.0,0.0,0.0,0.12,19.47370103373805,1.0,115.0,115.0
277,22037,East Feliciana Parish,"18,911",64709.0,8124.0,0.0,196724973.61095285,0.1666915578540089,15,3.37,0.5579999999999999,2.66,9.418,1.7635432487385128,0.0,0.6951071499843982,37.0,567.2,0.0,0.0,0.0,0.0,0.062,1.499970765604698,14.0,500.0,172.07142857142858
278,22087,St. Bernard Parish,"45,642",55857.0,17778.0,0.0,5527219962.775789,0.990195262430414,172,114.76,0.7158139534883721,1.1424418604651163,0.2277093023255813,6.772028133331175,114.0,13.64297826790478,27.0,532.17,1.0,126389.0145729816,2.2642450326974916e-05,0.0,0.054,42.44319094169178,10.0,230.0,184.0
279,48481,Wharton County,"42,060",59712.0,17416.0,0.0,868416937.3813345,0.3063842151677464,7,3.01,0.8957142857142858,1.8000000000000005,2.823,17.761338371922548,2.0,1.0894099090286833,23.0,790.63,0.0,0.0,0.0,0.0,0.035,7.096690569781109,27.0,345.0,153.33333333333334
280,02198,Prince of Wales-Hyder Census Area,"5,777",61779.0,3252.0,0.0,0.0,0.0,378,191.45,6.513915343915344,7.795502645502645,0.9056772486772486,9.86892693253136,0.0,2.40800879107196,303.0,1018.67,0.0,0.0,0.0,0.0,0.18,87.3129476870433,0.0,0.0,0.0
281,02195,Petersburg Borough,"3,394",77826.0,1792.0,0.0,0.0,0.0,71,50.26,19.619014084507043,10.909859154929578,1.3673661971830986,2.299404881686572,0.0,5.889792798623358,95.0,474.16,0.0,0.0,0.0,0.0,0.12,48.607498687897504,1.0,115.0,115.0
282,48153,Floyd County,"4,881",49321.0,2622.0,0.0,0.0,0.0,12,3.64,0.4608333333333334,1.5583333333333331,0.00475,14.35793054448006,4.0,19.36581026850497,2.0,32.36,0.0,0.0,0.0,0.0,0.05,11.85656565797609,25.0,345.0,107.64
283,02275,Wrangell City and Borough,"2,007",61000.0,1350.0,0.0,0.0,0.0,137,56.42,6.931313868613139,9.324087591240875,0.9193211678832116,1.2670100349031603,0.0,0.076005721093007,127.0,624.89,0.0,0.0,0.0,0.0,0.1,6.451265919314656,8.0,115.0,115.0
284,21151,Madison County,"101,696",59797.0,39382.0,0.0,65953926.69254066,0.057449659239252,4,1.49,1.635,4.125,0.2925,2.368571992548189,0.0,2.120209395610228,11.0,418.47,1.0,58993620.983328246,0.0513868330930645,0.0,0.12,0.2018858510159345,54.0,345.0,93.70370370370372
285,51025,Brunswick County,"15,727",52678.0,7940.0,0.0,112857880.44240773,0.0765028863825875,4,71.03,160.76999999999998,5.725,72.8925,3.17738723524478,57.0,0.976911031476025,12.0,331.17,1.0,26326155.302518506,0.0178456910594444,0.0,0.082,2.131026662842697,11.0,500.0,185.0
286,47045,Dyer County,"36,320",53150.0,16278.0,0.0,745104455.6219119,0.5467364164548987,8,3.11,0.9325,2.275,60.146,6.644606430179713,46.0,3.385400871904637,21.0,253.59,0.0,0.0,0.0,0.0,1.35,1.20220081105542,55.0,161.0,87.4
287,47053,Gibson County,"51,779",55455.0,22403.0,0.0,543280756.5892849,0.3474888746010989,8,1.94,0.6475,2.575,4.942125,0.6608697507879638,0.0,1.05690127016992,19.0,188.81,2.0,51151151.2503534,0.0327168885828459,0.0,0.65,2.603434084326824,27.0,161.0,106.48148148148148
288,51149,Prince George County,"43,936",80318.0,13344.0,0.0,76932398.81431451,0.1053901040268823,3,0.36,0.2966666666666667,2.5,0.4976666666666666,3.320807725201087,2.0,1.0923083593544554,9.0,168.73,1.0,22866130.947670978,0.0313244349117964,0.0,0.095,7.095846757540392,12.0,500.0,147.08333333333334
289,05075,Lawrence County,"16,273",43606.0,7556.0,0.0,539137784.0316823,0.351439063203982,6,3.1700000000000004,1.9183333333333328,3.1166666666666667,0.2655,3.711681213339241,11.0,0.2266704246106896,32.0,543.32,0.0,0.0,0.0,0.0,0.52,8.346423718590035,6.0,161.0,161.0
290,38027,Eddy County,"2,329",50375.0,1274.0,0.0,39826267.35106225,0.0238720235390722,48,32.49,1.9985416666666669,2.6625,0.0160625,5.9702238577127,1037.0,4.766181533254186,3.0,172.09,1.0,36602877.87031195,0.0219399110244401,0.0,0.022,18.70088750661085,5.0,41.6,41.6
291,53053,Pierce County,"946,288",91486.0,360816.0,1.0,304346324.9632102,0.0650841118626007,29,32.49,15.727586206896552,6.537931034482758,1.930448275862069,7.682016702308916,422.0,1.9282542772022608,51.0,533.27,1.0,294774162.06508595,0.0630371158264111,0.0,0.55,1.7936870192984629,50.0,500.0,123.62
292,23023,Sagadahoc County,"37,979",77591.0,18999.0,0.0,162069783.40167984,0.1691092820719259,7,9.4,4.991428571428571,4.571428571428571,44.97899999999999,3.501534689680848,58.0,3.6061416054548494,11.0,188.29,0.0,0.0,0.0,0.0,0.16,7.444916549999362,5.0,345.0,207.0
293,30097,Sweet Grass County,"3,762",64872.0,1870.0,0.0,50540896.82391307,0.0104785483288097,8,3.41,1.64875,4.725,0.020125,16.01808576298278,35.0,0.7364135479772285,40.0,1113.68,0.0,0.0,0.0,0.0,0.11,52.32355640253286,0.0,0.0,0.0
294,48181,Grayson County,"153,613",66608.0,58923.0,0.0,388364780.3887561,0.1531335366270523,15,269.9,429.35933333333327,4.08,13.793866666666668,5.105332178125076,11.0,2.0864567835861165,43.0,362.35,0.0,0.0,0.0,0.0,0.094,4.08422868205848,19.0,230.0,134.3684210526316
295,42059,Greene County,"33,885",66283.0,16185.0,0.0,50771214.14949365,0.0339163277321848,2,0.5800000000000001,14.135,38.45,0.5095,18.904767924768198,0.0,2.879157681347358,28.0,245.33,0.0,0.0,0.0,0.0,0.054,2.071006288742109,9.0,500.0,339.1111111111111
296,02188,Northwest Arctic Borough,"7,095",77647.0,2726.0,0.0,0.0,0.0,4079,3043.8,3.453692081392498,2.857710223093896,2.3531846040696247,2.748848956819107,0.0,0.3135558308142905,1812.0,16583.36,0.0,0.0,0.0,0.0,0.29,660.5257003861226,0.0,0.0,0.0
297,20051,Ellis County,"29,075",59665.0,13214.0,1.0,254375770.69477177,0.1090824167113953,1,0.15,0.26,1.8,0.004,18.007570111822616,0.0,4.317617837441887,7.0,379.25000000000006,0.0,0.0,0.0,0.0,0.088,1.922671602691664,13.0,345.0,159.23076923076923
298,01065,Hale County,"15,194",35851.0,7464.0,0.0,464398583.4620724,0.2731225253629818,64,27.73,1.17046875,2.61875,6.430421875,1.9661426709550072,467.0,0.9444404518485652,22.0,302.85,0.0,0.0,0.0,0.0,0.19,2.0036369380460792,19.0,230.0,127.10526315789474
299,01105,Perry County,"7,425",32332.0,3985.0,0.0,297165144.4923624,0.1585017220123291,26,9.52,0.9738461538461538,2.480769230769231,0.2915384615384615,6.498589773825493,170.0,3.6250214860192256,17.0,473.39,0.0,0.0,0.0,0.0,0.14,1.4301750640391857,8.0,230.0,129.375
300,01033,Colbert County,"59,474",56149.0,27709.0,0.0,179675941.00084957,0.1112611534576866,8,214.65,302.71625,5.975,490.367,2.257475590179679,3.0,3.070378059608012,34.0,222.27,0.0,0.0,0.0,0.0,0.22,2.4571895034428883,42.0,161.0,161.0
301,20151,Pratt County,"9,117",61685.0,4390.0,0.0,18228.676016995578,9.566282835805869e-06,1,0.1,0.24,2.3,0.732,1.946410132213219,0.0,1.5443267082382504,6.0,204.88,0.0,0.0,0.0,0.0,0.055,1.3372655197351049,11.0,115.0,115.0
302,21017,Bourbon County,"20,243",54580.0,9134.0,0.0,50129108.0321695,0.0663724867402503,0,0.0,0.0,0.0,0.0,21.65416398162053,0.0,0.6674596765954748,10.0,269.29,0.0,0.0,0.0,0.0,0.13,2.881499526939049,18.0,138.0,80.5
303,47149,Rutherford County,"386,352",78291.0,131808.0,0.0,171832873.6431877,0.1063125198096863,1,52.84,804.2,15.2,39.143,16.344822770869296,17.0,0.0466162707900251,26.0,316.42,1.0,3454114.264194448,0.002137050864316,0.0,0.18,0.3898907836234903,32.0,161.0,161.0
304,13075,Cook County,"18,232",46706.0,7318.0,0.0,162181532.71936306,0.2685156413908185,1,0.42,1.52,3.6,18.991,10.540462921889825,8.0,0.3964615291058898,7.0,190.18,0.0,0.0,0.0,0.0,0.064,1.0660124880374235,8.0,230.0,129.375
305,20101,Lane County,"1,508",52222.0,887.0,0.0,0.0,0.0,0,0.0,0.0,0.0,0.0,30.76267373959396,2.0,10.967230396534276,2.0,34.4,0.0,0.0,0.0,0.0,0.048,3.4963758645888894,2.0,115.0,115.0
306,40059,Harper County,"3,172",59934.0,1720.0,0.0,1303.1997771390236,4.835299114733718e-07,0,0.0,0.0,0.0,0.0,27.794247779681257,3.0,3.780553961431963,20.0,501.34,0.0,0.0,0.0,0.0,0.069,3.470947228063584,13.0,138.0,74.3076923076923
307,17147,Piatt County,"16,791",81151.0,7377.0,0.0,67954930.08635943,0.0597014321425089,0,0.0,0.0,0.0,0.0,22.47013340357102,0.0,0.8681780707632998,10.0,181.3,0.0,0.0,0.0,0.0,0.13,1.7612648404632405,21.0,345.0,85.42857142857143
308,48107,Crosby County,"4,852",50268.0,2671.0,0.0,31310.8708918337,1.3407200783965657e-05,8,6.63,12.9475,4.925,0.015875,4.917442154314151,0.0,13.54243904144825,4.0,17.220000000000002,0.0,0.0,0.0,0.0,0.041,4.783019390411491,9.0,115.0,74.11111111111111
309,08009,Baca County,"3,347",42115.0,1985.0,0.0,80644.8495044524,1.2175483882501157e-05,1,0.77,64.4,83.2,0.0,34.34492644288569,2.0,10.497945133600634,12.0,116.92,0.0,0.0,0.0,0.0,0.056,62.80516140955836,0.0,0.0,0.0
310,16021,Boundary County,"13,997",58810.0,5456.0,0.0,38931.06573969489,1.1761147158721743e-05,9,3.98,1.8577777777777775,4.944444444444445,0.659,6.092482779001476,46.0,4.17551037371329,33.0,339.57,0.0,0.0,0.0,0.0,0.15,122.550934722288,0.0,0.0,0.0
311,16007,Bear Lake County,"6,727",63244.0,3895.0,1.0,0.0,0.0,10,287.91,1041.109,6.0200000000000005,1.8589,4.10289835758956,13.0,0.5909445165082253,41.0,253.02,0.0,0.0,0.0,0.0,0.56,78.24418915300167,0.0,0.0,0.0
312,39159,Union County,"73,446",104496.0,23441.0,8.0,74907278.02069587,0.0661989901077914,0,0.0,0.0,0.0,0.0,19.99975881229477,0.0,2.3865263692286303,12.0,272.05,0.0,0.0,0.0,0.0,0.092,9.925075683201774,7.0,765.0,257.1428571428572
313,39035,Cuyahoga County,"1,232,925",60074.0,615881.0,5.0,74383608.69288787,0.0230582414135453,3,25768.22,166333.68,8.233333333333333,3265.7576666666664,0.0,0.0,12.387950133036814,13.0,212.98,1.0,124919.15298480564,3.872380000534524e-05,0.0,0.077,12.470398407007858,194.0,345.0,145.46907216494844
314,48285,Lavaca County,"20,651",58530.0,10468.0,0.0,413218454.3697784,0.1644050318145825,1,0.13,0.19,1.5,0.02,27.18015666224622,0.0,1.4081302705992889,10.0,294.97,0.0,0.0,0.0,0.0,0.034,17.85517106333286,2.0,138.0,103.5
315,40105,Nowata County,"9,522",50960.0,4390.0,0.0,242241866.60889,0.1610260559911238,1,114.71,1923.3,16.8,93.714,15.013093332720262,0.0,3.1210444440063543,16.0,162.34,0.0,0.0,0.0,0.0,0.071,5.629599364735153,13.0,345.0,127.3846153846154
316,13125,Glascock County,"3,141",60469.0,1411.0,0.0,25029464.3811732,0.0669000916799467,0,0.0,0.0,0.0,0.0,14.0862388547953,0.0,1.625614513326379,5.0,313.98,0.0,0.0,0.0,0.0,0.16,6.553722204115051,1.0,500.0,500.0
317,41059,Umatilla County,"81,119",70322.0,31264.0,31.0,77945819.72941417,0.0093129723133724,4,6.449999999999999,35.287499999999994,14.7,0.84575,3.2289580497459047,29.0,3.477598821126049,59.0,853.17,1.0,38792888.610379376,0.004634977203888,0.0,0.17,50.31361040836412,4.0,500.0,211.25
318,46102,Oglala Lakota County,"13,338",32279.0,3473.0,0.0,238792.9013806678,4.398040628611341e-05,7,3.5500000000000003,4.192857142857143,4.271428571428571,0.2287142857142857,16.31439933567517,10.0,4.7755925563230415,27.0,621.45,0.0,0.0,0.0,0.0,0.098,32.0164177250609,1.0,115.0,115.0
319,02170,Matanuska-Susitna Borough,"118,666",86435.0,50491.0,0.0,108972414.7954123,0.0016651508949675,1346,652.38,4.899687964338781,4.505126300148588,1.1585237741456167,0.67133589578625,0.0,1.8113646911854293,1415.0,10544.11,1.0,1295211.7115532667,1.9791457725465665e-05,0.0,0.55,42.45386382272949,26.0,230.0,141.53846153846155
320,18035,Delaware County,"113,106",53377.0,51613.0,0.0,79790557.19366196,0.0778140764581961,4,5.04,11.48,3.7,3.08125,3.3425615645323195,0.0,2.6826763233543587,11.0,563.25,0.0,0.0,0.0,0.0,0.093,1.7819935984801634,24.0,345.0,155.25
321,12075,Levy County,"48,520",49933.0,20972.0,0.0,1584629530.2881303,0.3845683352375361,4,9.06,10.7025,2.925,11.69575,22.153460922532464,0.0,0.9820452810754596,11.0,252.14,0.0,0.0,0.0,0.0,0.041,6.573728547025572,31.0,230.0,84.58064516129032
322,72063,Gurabo Municipio,,39533.0,17226.0,0.0,11504181.190006632,0.156882973407374,2,0.8300000000000001,2.285,4.55,6.747,2.3452150114524137,0.0,0.1514536315627237,2.0,61.69,0.0,0.0,0.0,0.0,0.44,116.23579479037492,0.0,0.0,0.0
323,72065,Hatillo Municipio,,24407.0,17130.0,0.0,5987637.275740424,0.0393699533700247,0,0.0,0.0,0.0,0.0,10.54965183268281,0.0,3.1904318933163256,3.0,32.71,0.0,0.0,0.0,0.0,0.49,26.2176662578074,0.0,0.0,0.0
324,28045,Hancock County,"46,873",63623.0,22895.0,0.0,545504103.688785,0.3810300624268776,19,3.91,0.45,2.1631578947368424,1.3024736842105262,6.3129596156484045,114.0,0.1960905348715859,14.0,404.68,1.0,56388310.30036576,0.0393867640016,0.0,0.06,5.211967395887042,27.0,230.0,123.51851851851852
325,13315,Wilcox County,"8,797",46759.0,3453.0,0.0,123702013.04047908,0.1249928102173373,2,0.31,0.275,1.85,0.0445,12.409158976534842,679.0,3.0684948485543093,9.0,411.19,0.0,0.0,0.0,0.0,0.083,4.636591652981233,2.0,115.0,115.0
326,22081,Red River Parish,"7,165",43821.0,3603.0,0.0,1784202.9563456003,0.0017127587734624,18,18.71,5.552222222222222,2.333333333333333,107.10538888888888,7.821323036087578,1.0,1.139069584827792,14.0,410.66,0.0,0.0,0.0,0.0,0.071,8.22870572763319,3.0,230.0,230.0
327,47093,Knox County,"511,453",68580.0,212074.0,0.0,100336254.4831851,0.073667372788025,6,118.82,123.03,4.966666666666666,124.48116666666668,4.305170974877736,11.0,0.9489814442378754,29.0,308.99,0.0,0.0,0.0,0.0,0.36,0.9992369129502322,196.0,500.0,94.05102040816328
328,23017,Oxford County,"60,346",54780.0,36355.0,0.0,389084866.13034254,0.0690456866021851,107,262.13,17.998317757009346,5.870093457943925,5.325112149532711,2.308734652002669,428.0,1.5230627760667586,150.0,848.93,1.0,843407.7164345379,0.0001496682856004,0.0,0.16,17.544460602364452,18.0,115.0,115.0
329,25021,Norfolk County,"739,749",120621.0,291316.0,0.0,169071114.2740927,0.1469087826417116,33,16.71,2.038484848484849,3.821212121212121,0.6682727272727274,4.051088411824908,4787.0,0.0078841749197313,30.0,198.05,0.0,0.0,0.0,0.0,0.13,1.4221709257353032,70.0,345.0,161.0
330,18063,Hendricks County,"193,510",95261.0,67177.0,0.0,60739009.55706784,0.057369673893639,3,0.56,0.54,2.766666666666667,5.485,16.34539428789523,0.0,0.7625865317222404,10.0,218.75,0.0,0.0,0.0,0.0,0.13,1.4239674979095844,44.0,345.0,89.38636363636364
331,17077,Jackson County,"52,501",44847.0,27835.0,0.0,436092491.0066541,0.2795909468377867,18,25.3,17.16444444444444,4.555555555555555,0.5630555555555555,0.057820555737441,0.0,1.8317873523799355,24.0,353.46,0.0,0.0,0.0,0.0,0.52,3.641103092383005,18.0,161.0,106.05555555555556
332,45043,Georgetown County,"65,912",59782.0,36219.0,0.0,876296798.7021527,0.3297000079934947,17,4.34,0.4511764705882353,1.688235294117647,0.124,2.246705959063944,692.0,4.506368218460884,19.0,574.12,0.0,0.0,0.0,0.0,0.35,2.2918196077005306,60.0,230.0,122.66666666666669
333,38041,Hettinger County,"2,492",66797.0,1423.0,0.0,73147717.37305477,0.0249098739746681,5,2.09,1.124,2.64,0.142,3.8463245313509447,0.0,3.2170067827912487,8.0,370.58,0.0,0.0,0.0,0.0,0.028,34.554055363284185,0.0,0.0,0.0
334,49019,Grand County,"9,790",59171.0,5248.0,0.0,12424153.739935003,0.0013018727338601,2,0.4,0.815,3.55,0.3475,44.21959807295799,0.0,8.52451609160196,55.0,799.16,1.0,10267021.356335128,0.0010758362655163,0.0,0.12,16.931217512045833,2.0,69.0,69.0
335,49045,Tooele County,"87,461",95545.0,23365.0,0.0,7538408.536405973,0.0003994770474242,63,7894.05,395.9938095238096,2.09047619047619,8.123507936507936,22.51290493291302,0.0,31.80138706683644,9.0,78.34,4.0,5743402097.252059,0.3043556608666379,0.0,0.18,35.373176491346484,12.0,138.0,74.75
336,51650,Hampton city,"137,315",64430.0,62372.0,0.0,77251200.18218803,0.2188726425243687,2,0.66,0.705,2.1,0.116,9.284386095426624,1.0,5.8729549065737805,3.0,87.69,2.0,12834628.841752088,0.0363638250770046,0.0,0.054,1.2412565001283191,13.0,230.0,159.23076923076923
337,55011,Buffalo County,"13,318",64238.0,6523.0,0.0,253045520.3680321,0.1376863451253139,13,13.93,4.441538461538462,2.8615384615384616,1.902076923076923,15.587771339039197,286.0,0.0566581149298625,39.0,376.47,0.0,0.0,0.0,0.0,0.026,3.987343269183568,29.0,345.0,88.03448275862068
338,51069,Frederick County,"99,955",92443.0,35963.0,1.0,39212855.93328806,0.0364474355417372,6,1.65,1.4333333333333331,4.783333333333333,0.1835,7.448624865271967,0.0,2.3334636669086697,19.0,164.97,0.0,0.0,0.0,0.0,0.07,6.36470548895751,16.0,500.0,183.25
339,54041,Lewis County,"16,394",50552.0,8203.0,0.0,41158504.019928776,0.0407840975605795,7,9.68,32.30428571428571,11.771428571428572,2.0488571428571425,1.0680889546980754,0.0,1.2091264018623538,12.0,251.77,0.0,0.0,0.0,0.0,0.074,4.827786103210944,2.0,138.0,138.0
340,27119,Polk County,"30,545",69540.0,14672.0,0.0,589143.2754359836,0.0001138604793106,118,53.29,1.202033898305085,2.3559322033898304,2.11364406779661,9.020131559748291,164.0,5.610206497565223,24.0,924.59,0.0,0.0,0.0,0.0,0.022,11.843298969339726,21.0,230.0,99.66666666666669
341,27127,Redwood County,"15,265",65617.0,7110.0,0.0,98614317.01059504,0.0431815507151345,7,3.51,1.2028571428571428,2.4571428571428577,0.0454285714285714,3.0119273661555925,54.0,2.528124240464896,37.0,570.11,0.0,0.0,0.0,0.0,0.032,4.13588373734535,30.0,115.0,73.6
342,47047,Fayette County,"45,071",81074.0,17772.0,0.0,261560882.2553376,0.1431354217950185,3,1.0699999999999998,1.0533333333333337,2.7,0.0703333333333333,3.540604741840834,1.0,5.160506720636219,26.0,175.44,0.0,0.0,0.0,0.0,0.51,1.5449448453138073,18.0,500.0,198.66666666666663
343,60040,Swains Island,,,,0.0,0.0,0.0,1,0.93,1.59,1.7,0.0,0.0451519521750914,0.0,3532.6115738765325,0.0,0.0,0.0,0.0,0.0,0.0,0.0,3496.2240183106,0.0,0.0,0.0
344,41041,Lincoln County,"50,636",57794.0,32094.0,0.0,153447695.0796992,0.0495971917833186,2,2.92,11.835,7.300000000000001,1.0685,4.194323207996386,25.0,1.57155957897695,17.0,317.11,0.0,0.0,0.0,0.0,0.88,24.708682516593065,4.0,230.0,109.25
345,23031,York County,"222,434",79743.0,112660.0,0.0,272955634.2576364,0.083002094078197,60,49.06,6.0008333333333335,5.8100000000000005,6.6682,0.4286388018812151,2080.0,0.5392802590625649,74.0,481.61,2.0,2820452.064074415,0.0008576610928074,0.0,0.18,3.157064202521769,23.0,345.0,165.0
346,46029,Codington County,"29,562",65747.0,13257.0,0.0,215901989.1630581,0.1162359495329073,54,95.95,5.221666666666668,2.6666666666666665,0.2093333333333333,3.188593803914004,52.0,2.0692340799308244,6.0,77.66,0.0,0.0,0.0,0.0,0.047,6.531746104315453,20.0,230.0,103.5
347,13231,Pike County,"20,932",83866.0,7132.0,0.0,33898404.89208783,0.0596533561002033,5,0.8,0.48,2.96,0.1254,5.278079985626071,61.0,1.5424024096594022,4.0,214.23,0.0,0.0,0.0,0.0,0.093,9.96205255095367,5.0,115.0,115.0
348,13259,Stewart County,"4,631",43094.0,2115.0,0.0,106642267.00365902,0.088812928359896,5,127.3,231.186,4.44,58.5526,5.915450654798312,3.0,5.911553604832839,14.0,164.43,0.0,0.0,0.0,0.0,0.068,9.819114290191797,4.0,115.0,115.0
349,34025,Monmouth County,"651,035",118527.0,268751.0,1.0,152634979.46361914,0.0891030394825987,12,10.04,4.474166666666667,3.608333333333333,0.5623333333333334,1.4111647077294724,815.0,1.1616622949767326,25.0,300.37,3.0,35719521.16659415,0.0208518251582375,0.0,0.15,4.620870600359294,16.0,500.0,246.875
350,05021,Clay County,"14,052",44685.0,7514.0,0.0,700386156.3832031,0.421645117948466,8,4.32,0.8150000000000001,1.3,0.1152499999999999,14.453307479870526,18.0,0.1479712479822485,28.0,247.24,0.0,0.0,0.0,0.0,0.56,11.623283626840802,9.0,161.0,150.77777777777777
351,05045,Faulkner County,"133,979",61273.0,52070.0,0.0,302309019.01073694,0.1757641530042509,6,23.42,12.603333333333332,4.066666666666666,0.6616666666666667,7.092208429371774,8.0,0.6255004139979622,44.0,380.95,1.0,36535668.20476496,0.021242041661439,0.0,0.39,5.359130871804791,17.0,500.0,170.11764705882354
352,40041,Delaware County,"41,910",53290.0,24232.0,0.0,276615287.9395394,0.1348512459871869,7,161.12,504.1985714285714,12.757142857142856,74.197,5.932105974914569,6.0,5.9208149259962894,33.0,236.4,0.0,0.0,0.0,0.0,0.091,3.569123437555341,23.0,161.0,92.0
353,19107,Keokuk County,"9,797",60016.0,4668.0,0.0,227959366.81889132,0.1517704604125915,0,0.0,0.0,0.0,0.0,27.10788050650118,0.0,3.46547571580019,11.0,465.12,0.0,0.0,0.0,0.0,0.052,25.889900927130203,0.0,0.0,0.0
354,17061,Greene County,"11,313",58900.0,5820.0,0.0,283916558.8540761,0.2006249774135783,2,0.36,0.335,1.85,0.104,9.550653981298328,0.0,2.4049721396300385,10.0,337.39,0.0,0.0,0.0,0.0,0.17,1.3151851390209588,9.0,138.0,76.66666666666667
355,27075,Lake County,"10,746",73860.0,7379.0,0.0,125568.1347412201,1.620971042726703e-05,386,82183.2,31103.058031088083,4.668911917098446,8.943326424870465,3.4825375015832547,50.0,0.2771479099857803,201.0,937.57,0.0,0.0,0.0,0.0,0.018,21.33884428949327,13.0,138.0,118.53846153846152
356,13285,Troup County,"72,844",53599.0,28939.0,0.0,151295384.5069929,0.1309875913390583,5,90.68,149.834,4.5600000000000005,32.0364,3.1990759285203407,16.0,4.560446650430464,27.0,177.9,0.0,0.0,0.0,0.0,0.092,1.586184259035281,27.0,500.0,142.03703703703704
357,06023,Humboldt County,"131,647",57881.0,62306.0,0.0,505507950.119486,0.048165208776368,7,10.12,18.00857142857143,6.971428571428571,1.582285714285714,27.87320855655032,53.0,0.996712787593369,45.0,1235.18,0.0,0.0,0.0,0.0,1.24,8.692847675430531,41.0,115.0,62.68292682926829
358,47043,Dickson County,"58,662",68492.0,22742.0,0.0,39824362.21115008,0.0312958313664584,1,0.13,0.6,4.8,0.146,9.408168440105412,0.0,5.607175454669837,18.0,218.24,0.0,0.0,0.0,0.0,0.27,3.1730319963810008,13.0,500.0,163.6153846153846
359,54081,Raleigh County,"71,775",47975.0,34708.0,0.0,43067760.85266142,0.0273055274179116,4,2.44,3.5375,5.625,0.44275,4.030204701677199,0.0,1.6965877316801574,20.0,376.3,0.0,0.0,0.0,0.0,0.14,2.025078583496434,35.0,345.0,118.28571428571428
360,35005,Chaves County,"63,364",49673.0,26727.0,0.0,733450009.1354169,0.0466144582080025,5,2.19,0.776,1.6800000000000002,0.0132,7.787223016362531,0.0,5.120505326165737,33.0,243.85,0.0,0.0,0.0,0.0,0.038,0.3772520798472196,19.0,230.0,111.36842105263158
361,35049,Santa Fe County,"156,907",70522.0,76714.0,1.0,409979900.9803748,0.0828157762935945,3,0.67,1.4933333333333334,6.366666666666667,0.022,23.89754048250133,21.0,10.947641784631069,23.0,211.02,1.0,1341793.1111482035,0.0002710416726756,0.0,0.18,3.911258652982064,28.0,345.0,109.25
362,06059,Orange County,"3,149,507",109361.0,1130658.0,1.0,124980006.73146048,0.0508092802894052,12,3.33,3.329166666666667,7.300000000000001,9.584416666666668,6.487347928520858,32.0,8.322507361106034,8.0,21.23,3.0,25431570.091499005,0.0103389318561571,0.0,0.6,0.3391207223328754,188.0,230.0,89.74468085106383
363,04023,Santa Cruz County,"50,020",51885.0,18811.0,0.0,237322284.3899302,0.0740482545494588,3,0.99,1.4400000000000002,4.2,0.1906666666666666,2.897661979567065,0.0,2.740296159100163,6.0,30.57,0.0,0.0,0.0,0.0,0.12,13.84857903309161,3.0,115.0,115.0
364,37053,Currituck County,"33,158",82793.0,16219.0,0.0,675569566.072165,0.4954888552367913,2,0.33,0.1699999999999999,1.05,0.065,13.281207900652072,187.0,0.800571349587377,8.0,75.75999999999999,1.0,3392451.129963707,0.0024881549010645,0.0,0.043,13.712283591021732,4.0,230.0,230.0
365,17101,Lawrence County,"13,790",55811.0,6355.0,0.0,350720159.29285103,0.3619348405240562,5,2.12,0.4779999999999999,1.46,0.1882,8.49312090942599,0.0,1.627611252565491,14.0,248.37,0.0,0.0,0.0,0.0,0.35,1.5931538757458388,1.0,138.0,138.0
366,31181,Webster County,"3,336",62571.0,1783.0,0.0,175379594.5791285,0.1177553841530922,2,0.34,0.475,2.85,0.02,2.225144912996443,0.0,3.4849801384577668,21.0,129.22,0.0,0.0,0.0,0.0,0.047,3.95619294396164,14.0,115.0,75.57142857142857
367,17067,Hancock County,"16,803",61026.0,8956.0,0.0,260999877.16682985,0.1237340325167309,2,0.31,0.4,2.55,0.147,25.09184177478848,29.0,1.839734535245,22.0,310.91,0.0,0.0,0.0,0.0,0.085,15.963565018875526,12.0,138.0,80.5
368,46067,Hutchinson County,"7,413",69139.0,3220.0,0.0,112675470.25142428,0.0534174328924911,10,2.8,0.462,2.16,0.0980999999999999,10.621676649265972,4.0,6.553970937423482,15.0,415.05,0.0,0.0,0.0,0.0,0.066,5.074263436175969,8.0,115.0,74.75
369,41013,Crook County,"27,564",74969.0,11236.0,11.0,95825492.28748158,0.012386321407679,21,16.34,12.41904761904762,4.971428571428572,2.294238095238095,8.986891156836064,52.0,1.314926607539516,62.0,488.04,1.0,36211243.08580921,0.004680634398275,0.0,0.16,44.68861875513214,7.0,500.0,335.0
370,50011,Franklin County,"51,177",73633.0,22714.0,0.0,2275324.445550631,0.0012748106794888,9,10.6,7.734444444444445,5.5888888888888895,10.68211111111111,5.24001714914826,184.0,1.5759216651109416,20.0,217.44,0.0,0.0,0.0,0.0,0.18,8.939646259152953,11.0,115.0,85.72727272727273
371,26103,Marquette County,"68,064",63115.0,33584.0,0.0,183676333.4291664,0.0207058533687901,143,81956.93,83949.79048951049,5.397202797202797,21.093818181818182,4.10811143870769,0.0,1.796095397111746,95.0,722.87,0.0,0.0,0.0,0.0,0.021,14.150937594543365,35.0,345.0,114.34285714285714
372,37057,Davidson County,"180,182",58473.0,74958.0,0.0,124779750.10250312,0.0848935956860399,5,72.75,130.21200000000002,7.8,99.8682,6.747291528281576,49.0,1.7337021063019489,40.0,382.59,0.0,0.0,0.0,0.0,0.1,2.9521414530062136,62.0,230.0,104.19354838709675
373,17025,Clay County,"12,793",58028.0,6171.0,0.0,169955863.83044913,0.139756269378803,3,0.55,0.3566666666666666,2.066666666666667,0.0866666666666666,12.573521883179769,0.0,0.4014218878969491,15.0,315.93,0.0,0.0,0.0,0.0,0.31,4.79848392492996,12.0,345.0,109.25
374,29103,Knox County,"3,728",49167.0,1952.0,0.0,177261955.11945656,0.1350378201617287,5,1.38,0.702,2.42,0.3023999999999999,7.444409622860455,0.0,0.7931764967811689,14.0,365.94,0.0,0.0,0.0,0.0,0.078,3.918174688364094,5.0,161.0,105.8
375,29117,Livingston County,"14,708",58772.0,6394.0,0.0,421075037.734292,0.3018793475763652,4,1.5,1.3525,3.3,0.045,10.346218104023652,2.0,3.2001806190615856,15.0,468.22,0.0,0.0,0.0,0.0,0.066,1.2546235532776608,15.0,161.0,99.66666666666669
376,42117,Tioga County,"40,502",59707.0,21545.0,0.0,119285927.76112852,0.0405039311346511,9,10.97,45.126666666666665,21.133333333333336,2.884333333333333,3.680803332219723,0.0,0.2452917325045271,38.0,429.49,0.0,0.0,0.0,0.0,0.058,5.027608052446759,6.0,230.0,134.16666666666666
377,31043,Dakota County,"21,687",66112.0,7767.0,0.0,92272928.89481252,0.1332237946799101,1,0.17,0.35,2.0,0.107,9.455395833651448,0.0,0.4634616010763552,19.0,299.83,0.0,0.0,0.0,0.0,0.045,4.931118881803393,18.0,230.0,85.61111111111111
378,26089,Leelanau County,"22,982",82345.0,15474.0,0.0,271901377.92284906,0.0414588865625537,20,57796.2,243040.249,9.665,94.4329,0.8742902691566788,0.0,25.735670418038037,13.0,44.49,0.0,0.0,0.0,0.0,0.025,47.71650695647729,2.0,138.0,103.5
379,51181,Surry County,"6,603",68655.0,3419.0,0.0,96518881.75348131,0.1200942599622661,7,2.05,1.012857142857143,3.2,0.2517142857142857,7.621407255422136,11.0,2.0720446806018176,9.0,168.06,0.0,0.0,0.0,1.0,0.074,8.796175995055535,4.0,500.0,297.5
380,29135,Moniteau County,"15,428",66792.0,6178.0,0.0,118895865.27253896,0.1095944064961324,3,0.67,0.7333333333333334,3.3666666666666667,1.4163333333333334,2.0104871216287923,0.0,4.2403942296801205,9.0,490.54,0.0,0.0,0.0,0.0,0.12,0.2325466767876733,7.0,161.0,161.0
381,51193,Westmoreland County,"19,715",56647.0,11176.0,0.0,69010795.29612619,0.1053502427958976,3,0.66,0.8066666666666668,3.6,0.044,5.216454252845089,0.0,5.094696770428196,9.0,46.88,0.0,0.0,0.0,0.0,0.085,7.110166602816434,1.0,230.0,230.0
382,37197,Yadkin County,"38,325",57486.0,17065.0,0.0,56947417.4042806,0.0651070010991297,0,0.0,0.0,0.0,0.0,15.778494541739889,4.0,0.0560044098644895,13.0,334.94,0.0,0.0,0.0,0.0,0.12,1.6864905992148955,20.0,230.0,126.0
383,06047,Merced County,"297,260",64772.0,87895.0,0.0,1374774744.3141415,0.2682652153574955,106,129.97,24.52537735849057,1.937735849056604,4.210679245283019,2.8266554717569057,897.0,0.8276480190418964,31.0,438.9,0.0,0.0,0.0,0.0,0.39,7.89698562106933,48.0,500.0,133.8125
384,40043,Dewey County,"4,207",61310.0,2195.0,0.0,15682.827811984223,6.004851129844662e-06,3,27.61,158.04333333333332,7.300000000000001,3.2486666666666664,30.70071441992087,10.0,1.6252725579430487,21.0,416.15,0.0,0.0,0.0,0.0,0.1,6.9986354646173465,16.0,345.0,163.875
385,37023,Burke County,"88,655",53732.0,39773.0,0.0,82153039.16637146,0.0616826208276496,3,44.23,198.96666666666667,13.066666666666668,46.97733333333334,8.935630950760139,18.0,0.2705616964221335,21.0,305.85,0.0,0.0,0.0,0.0,0.16,2.923541468658577,33.0,230.0,107.87878787878788
386,37191,Wayne County,"122,278",54323.0,52882.0,0.0,237386771.99403232,0.1643391084065979,9,4.930000000000001,1.0388888888888888,2.066666666666667,18.165444444444443,2.27938241771925,174.0,1.4320058382748178,13.0,407.83,1.0,13078305.180844389,0.0090539038668228,0.0,0.074,1.5585670294110487,46.0,230.0,130.0
387,42123,Warren County,"37,038",57925.0,21694.0,0.0,144654084.53534323,0.0621460200365351,4,42.38,401.8825,12.875,63.886,6.32501115449433,0.0,0.2011743490788595,26.0,438.61,0.0,0.0,0.0,0.0,0.055,7.512749876300774,10.0,230.0,172.5
388,05061,Howard County,"12,306",44824.0,6168.0,0.0,219714103.3404652,0.1424362138928291,10,104.35,276.198,14.02,16.6622,4.342810669558342,3.0,2.809386781050628,36.0,271.5,0.0,0.0,0.0,0.0,0.1,3.7768358101687474,14.0,69.0,69.0
389,37059,Davie County,"45,855",69105.0,18845.0,0.0,77620801.93223792,0.1124142488356492,5,1.11,0.766,3.3200000000000003,0.3022,3.759382402129853,16.0,1.9512696012897612,6.0,317.79,0.0,0.0,0.0,0.0,0.11,3.540352350759174,7.0,100.0,100.0
390,37111,McDowell County,"45,198",53532.0,21328.0,0.0,56025733.55585378,0.0485721208486661,3,25.35,120.43333333333334,8.666666666666666,8.377666666666666,5.386371755160138,16.0,0.5852676196923273,20.0,205.68,0.0,0.0,0.0,0.0,0.18,2.222350044690868,27.0,100.0,100.0
391,05099,Nevada County,"7,942",43421.0,4323.0,0.0,36645.0484186746,2.2795484222468303e-05,3,4.14,10.386666666666663,4.266666666666667,0.5966666666666667,7.683184017241788,8.0,1.7985292094617806,20.0,257.85,0.0,0.0,0.0,0.0,0.11,12.113569802368088,5.0,115.0,115.0
392,08125,Yuma County,"9,896",60118.0,4313.0,0.0,4399.112939296806,7.170636766582697e-07,1,6.76,48.4,7.2,1.406,45.500402597977846,10.0,0.903379697843838,16.0,96.2,0.0,0.0,0.0,0.0,0.041,46.79059748123864,0.0,0.0,0.0
393,48421,Sherman County,"2,781",66169.0,1115.0,0.0,0.0,0.0,1,0.7,1.43,2.0,0.0,26.57080480668892,0.0,23.837755883324853,1.0,9.47,0.0,0.0,0.0,0.0,0.078,10.671250678561172,7.0,115.0,82.14285714285714
394,48463,Uvalde County,"24,963",55000.0,10108.0,0.0,473901548.2468647,0.1173941277685606,2,0.87,1.225,2.7,0.061,34.52600823142132,0.0,11.849309525282903,15.0,360.31,0.0,0.0,0.0,0.0,0.023,12.447686082845744,7.0,138.0,118.28571428571428
395,39011,Auglaize County,"45,909",75231.0,19961.0,0.0,109387312.70250808,0.1050861568335441,3,52.85,63.73,2.6,1.863,16.057357054949524,0.0,0.1897912296761575,9.0,149.31,0.0,0.0,0.0,0.0,0.17,7.488050447782351,4.0,345.0,189.75
396,22015,Bossier Parish,"131,867",64598.0,55638.0,0.0,753807473.5472826,0.3357271401104668,37,55.86,17.99081081081081,5.351351351351352,2.3112162162162164,3.472642381206358,29.0,3.5780887142721003,30.0,446.59,2.0,97450813.03720088,0.0434021735131644,0.0,0.079,7.846813141307774,5.0,345.0,179.4
397,19063,Emmet County,"9,107",64461.0,4513.0,0.0,66344196.72192651,0.0636379991620584,16,23.42,4.514375,2.75625,0.2334999999999999,1.8644115617044088,130.0,1.758864537900096,12.0,152.99,0.0,0.0,0.0,0.0,0.03,9.098028583369867,8.0,69.0,69.0
398,20169,Saline County,"53,377",59887.0,24116.0,0.0,492138387.1111657,0.2634319687090101,7,1.42,0.4114285714285714,2.0142857142857142,2.823714285714286,5.295273207105701,0.0,5.36192959302336,9.0,434.58,2.0,135489747.41957298,0.072524988575139,0.0,0.05,1.9461061391268997,14.0,345.0,139.64285714285714
399,21153,Magoffin County,"11,110",31927.0,5462.0,0.0,35306203.68135804,0.0440934041995873,0,0.0,0.0,0.0,0.0,21.255413441086105,0.0,0.0905275306827233,4.0,105.83,0.0,0.0,0.0,0.0,0.12,3.574482690920405,4.0,69.0,69.0
400,48017,Bailey County,"6,963",69830.0,2456.0,0.0,15604.418414203594,7.279461661381024e-06,5,4.82,3.092,3.4,0.0054,5.342710260432519,0.0,21.10116078134324,0.0,0.0,0.0,0.0,0.0,0.0,0.041,9.864202432613087,13.0,230.0,77.84615384615384
401,29027,Callaway County,"45,765",70599.0,18573.0,0.0,255812814.4746335,0.116558944541423,12,2.35,0.7016666666666667,3.2416666666666667,0.1590833333333333,7.748979679685038,0.0,0.1180678319833139,16.0,565.88,0.0,0.0,0.0,1.0,0.14,2.4887626275444665,27.0,345.0,150.77777777777777
402,56001,Albany County,"38,558",55887.0,18634.0,0.0,523756190.05557215,0.0469331639216027,57,66.48,10.782105263157897,4.0,0.2767543859649123,2.4546278701989306,28.0,1.531168760297832,96.0,1296.23,0.0,0.0,0.0,0.0,0.16,135.7366617230981,0.0,0.0,0.0
403,56029,Park County,"31,171",66754.0,14622.0,0.0,208909782.64214963,0.0115805784693582,43,389.6,363.3211627906977,7.627906976744186,0.8957441860465117,21.729852157107587,571.0,3.4963974866153547,220.0,1996.28,0.0,0.0,0.0,0.0,0.26,122.7815579707635,0.0,0.0,0.0
404,42093,Montour County,"17,868",72626.0,8096.0,0.0,29617931.73378925,0.0864174600785881,2,1.01,1.85,3.4000000000000004,0.52,5.209957005393783,0.0,2.2114665958013497,7.0,204.02000000000004,0.0,0.0,0.0,0.0,0.061,3.459353155842168,5.0,230.0,133.4
405,36081,Queens County,"2,358,182",82431.0,896825.0,0.0,48457315.24361669,0.10309221536533,4,1.15,0.71,2.55,0.2055,2.586970651478181,142.0,17.89241774652947,0.0,0.0,0.0,0.0,0.0,0.0,0.17,7.100611619190704,12.0,345.0,149.5
406,12121,Suwannee County,"48,149",49729.0,18948.0,0.0,241705592.59062663,0.134809968597001,0,0.0,0.0,0.0,0.0,32.44310809894054,2142.0,13.954973420495913,6.0,304.89,0.0,0.0,0.0,0.0,0.053,2.6207507907287155,21.0,230.0,112.8095238095238
407,26031,Cheboygan County,"25,793",59557.0,17727.0,0.0,234320646.99727845,0.1021819161940937,33,59612.82,107647.49636363635,7.793939393939394,280.4516060606061,2.798071778467085,0.0,4.894211176052149,42.0,288.73,0.0,0.0,0.0,0.0,0.024,10.151254690118945,6.0,138.0,115.0
408,01111,Randolph County,"23,163",49879.0,12412.0,0.0,124261851.02278574,0.0821347964742206,5,25.64,105.702,7.74,12.679,4.141938617430024,9.0,0.9075275434207154,21.0,353.35,0.0,0.0,0.0,0.0,0.11,5.417008221418572,14.0,230.0,123.21428571428572
409,37009,Ashe County,"27,514",49176.0,17026.0,0.0,36089155.46652909,0.0324518875125701,0,0.0,0.0,0.0,0.0,38.91491132540461,5.0,3.476517696415712,15.0,226.5,0.0,0.0,0.0,0.0,0.17,26.78938111986253,0.0,0.0,0.0
410,08033,Dolores County,"2,466",64708.0,1704.0,0.0,37440.53410089984,1.3532682142945644e-05,2,2.81,17.59,8.65,0.084,11.901795026861722,42.0,6.124607732868535,11.0,291.98,0.0,0.0,0.0,0.0,0.091,48.75224369635385,0.0,0.0,0.0
411,39089,Licking County,"185,564",78505.0,72722.0,33.0,122288120.33015016,0.068691935258407,3,11.4,8.783333333333333,2.6333333333333333,2.483,5.11699507181242,0.0,3.713286262055233,18.0,288.69,0.0,0.0,0.0,0.0,0.072,0.7872330332646085,56.0,345.0,136.76785714285714
412,51683,Manassas city,"44,332",110559.0,14345.0,1.0,2059858.8077536195,0.0803391888564213,0,0.0,0.0,0.0,0.0,5.651120434376905,0.0,3.595172422906205,1.0,14.44,0.0,0.0,0.0,0.0,0.086,1.0177304836357426,15.0,230.0,138.0
413,05139,Union County,"36,926",49745.0,18722.0,0.0,637678278.1879288,0.2333021331925375,10,6.81,11.4,16.15,96.3705,6.018604097952984,1.0,4.105577293505236,41.0,371.59,0.0,0.0,0.0,0.0,0.11,2.012415859148129,28.0,500.0,156.25
414,17071,Henderson County,"5,984",64946.0,3387.0,0.0,197142273.3415517,0.1925904484890443,7,2.41,0.7414285714285713,2.2857142857142856,0.0647142857142857,5.902589164426809,21.0,4.545296511118993,21.0,389.91,0.0,0.0,0.0,0.0,0.075,8.866991065647209,4.0,69.0,69.0
415,01101,Montgomery County,"225,891",56707.0,105488.0,0.0,547977841.6989493,0.2644983719101377,15,5.08,0.8626666666666666,2.5933333333333333,47.90806666666666,0.3155361860829193,4.0,3.422191409856787,31.0,378.79,5.0,11497584.495412696,0.0055496630493439,0.0,0.08,8.314307602573587,89.0,230.0,126.62921348314607
416,08005,Arapahoe County,"673,820",92292.0,262688.0,9.0,118340196.6077336,0.0567222807238812,8,9.42,28.18875,10.5625,2.3628750000000003,26.837221834506416,165.0,8.154247546410708,13.0,259.85,1.0,13363079.678866642,0.0064051301130822,0.0,0.072,88.22333514993146,0.0,0.0,0.0
417,21155,Marion County,"20,115",49627.0,8381.0,0.0,61253565.44511437,0.0681840404544911,2,0.5700000000000001,1.525,4.4,0.033,3.703670204501003,0.0,0.8264947729207994,7.0,309.18,0.0,0.0,0.0,0.0,0.12,1.8883447343158053,15.0,161.0,102.73333333333332
418,28051,Holmes County,"15,465",28818.0,7569.0,0.0,515077435.6710199,0.2600946973052987,12,8.21,1.1883333333333332,2.325,48.77866666666667,8.63403029705794,1.0,0.7026962504810584,32.0,433.95,0.0,0.0,0.0,0.0,0.15,9.45271846826186,6.0,230.0,134.16666666666666
419,28105,Oktibbeha County,"51,896",42953.0,25185.0,0.0,221369509.78098547,0.1852757115722898,4,4.27,3.8325,3.525,0.64525,9.899599987233149,0.0,3.0751387325768014,15.0,218.36,0.0,0.0,0.0,0.0,0.16,4.318570061588389,16.0,500.0,153.4375
420,72037,Ceiba Municipio,,22945.0,7315.0,0.0,31437405.4255882,0.0764192854096999,0,0.0,0.0,0.0,0.0,13.187779601276189,0.0,9.862086956330016,1.0,13.97,0.0,0.0,0.0,0.0,0.46,161.92637727125225,0.0,0.0,0.0
421,72047,Corozal Municipio,,21670.0,13177.0,0.0,210357.2693471587,0.0019078235218219,0,0.0,0.0,0.0,0.0,10.070935191495186,0.0,0.9604599987674504,8.0,68.68,0.0,0.0,0.0,0.0,0.46,79.4383168077613,0.0,0.0,0.0
422,30027,Fergus County,"11,825",58321.0,6009.0,0.0,11722372.279579816,0.0010404614537655,12,2.28,0.5466666666666666,2.9,24.03533333333333,15.719494482181666,11.0,25.97310650265281,42.0,936.76,0.0,0.0,0.0,0.0,0.041,121.2765981961359,0.0,0.0,0.0
423,24023,Garrett County,"28,370",64447.0,18501.0,0.0,62913331.09239116,0.0369296169730471,10,28.95,75.837,19.15,4.0699,2.532912056003789,0.0,4.056413587424639,41.0,268.33,0.0,0.0,0.0,0.0,0.054,10.215441778338256,15.0,500.0,181.66666666666663
424,22119,Webster Parish,"34,948",34263.0,18325.0,0.0,329163161.83440083,0.2066782919411765,14,40.4,31.252857142857145,3.914285714285714,11.362785714285716,5.35439107811086,1.0,1.281078677595736,29.0,264.44,1.0,52083527.269945815,0.0327027313580115,0.0,0.083,9.19764401501273,15.0,115.0,115.0
425,26059,Hillsdale County,"45,738",59425.0,21440.0,0.0,18310426.296423037,0.0116467697009972,42,16.62,1.3766666666666667,3.2690476190476194,0.233095238095238,0.0,0.0,0.0949812609501408,36.0,337.49,0.0,0.0,0.0,0.0,0.079,15.097278608729257,3.0,138.0,138.0
426,21141,Logan County,"28,669",58869.0,12462.0,0.0,140361005.99565414,0.097290280363718,6,3.3200000000000003,5.53,6.2,0.4341666666666666,5.651429705787616,0.0,2.270518382621441,22.0,276.0,0.0,0.0,0.0,0.0,0.22,1.6763094168639916,16.0,161.0,109.25
427,46033,Custer County,"9,431",75943.0,4979.0,0.0,205398000.7677729,0.0508668370837795,2,0.95,2.335,5.05,0.2345,10.82587813936055,0.0,3.5017010124916776,23.0,336.7,0.0,0.0,0.0,0.0,0.1,10.8497923133704,7.0,69.0,69.0
428,33013,Merrimack County,"158,078",88806.0,65744.0,0.0,222773539.52669457,0.0900686225709826,66,60.23,9.623636363636365,6.906060606060606,1.6027424242424242,0.9353289702028328,1015.0,0.959306841303192,50.0,451.55,0.0,0.0,0.0,0.0,0.24,8.748325254162198,15.0,450.0,145.0
429,42133,York County,"473,197",79183.0,187450.0,0.0,121018432.4608541,0.0513058357514122,8,7.81,11.14125,6.925000000000001,0.6645,2.281930571545661,0.0,1.862750952755434,32.0,288.43,1.0,3393955.4750671946,0.0014388694235295,1.0,0.095,2.381031462240613,75.0,500.0,157.92
430,37161,Rutherford County,"65,745",50512.0,32640.0,4.0,73375780.0551408,0.0499437244366105,1,2.78,55.4,19.9,5.906,21.287208505807765,14.0,0.6005860045891075,19.0,303.96,0.0,0.0,0.0,0.0,0.17,1.082093670328376,37.0,230.0,108.37837837837836
431,46005,Beadle County,"19,624",63813.0,8436.0,0.0,474653368.5338759,0.1448948886005809,16,13.08,2.695625,2.21875,0.107875,6.136801236403255,0.0,5.15805942850272,18.0,422.79,0.0,0.0,0.0,0.0,0.077,1.4272066318921717,37.0,230.0,85.16216216216216
432,01043,Cullman County,"94,009",58119.0,39182.0,0.0,123847514.37832032,0.0633330459123337,5,64.96,418.21400000000006,12.82,11.1404,8.292936299088442,0.0,1.9954508610947213,23.0,402.53,0.0,0.0,0.0,0.0,0.17,1.911749955273252,28.0,500.0,197.32142857142856
433,13097,Douglas County,"154,293",76930.0,54382.0,6.0,51534884.114571,0.0989666634412049,6,2.22,1.6849999999999998,4.3,20.17833333333333,6.37266876385563,41.0,7.003350761888457,6.0,194.82,0.0,0.0,0.0,0.0,0.12,3.394766972651498,14.0,230.0,164.28571428571428
434,31097,Johnson County,"5,218",64352.0,2088.0,0.0,131264718.55083184,0.1345291018930801,1,0.16,0.48,3.1,0.07,16.001054133024333,0.0,0.7775574811872332,11.0,237.3,0.0,0.0,0.0,0.0,0.047,9.551843308684008,4.0,345.0,138.0
435,37187,Washington County,"10,638",38927.0,6061.0,0.0,169432585.61666787,0.1550531839428175,4,72.7,69.205,2.975,0.8745,7.500904808460744,110.0,2.29643794423919,6.0,50.77,0.0,0.0,0.0,0.0,0.051,12.790643854797048,7.0,230.0,197.14285714285717
436,46075,Jones County,913,61250.0,510.0,0.0,1542.639647027086,6.13479233644796e-07,3,0.63,0.59,2.8000000000000003,0.0206666666666666,4.99221523773238,3.0,5.1692543241122815,16.0,411.3,0.0,0.0,0.0,0.0,0.063,4.224550562714919,4.0,69.0,69.0
437,29177,Ray County,"23,398",69779.0,9878.0,0.0,386288185.57904667,0.2597650847050052,3,2.49,1.53,2.7,0.2883333333333333,16.420225722599234,18.0,0.2604484468555845,12.0,220.75,0.0,0.0,0.0,0.0,0.07,7.649102486163054,9.0,161.0,130.33333333333334
438,39073,Hocking County,"27,512",59007.0,13020.0,0.0,59415985.58577083,0.0541501111075954,4,2.18,3.5975,5.425,7.793,4.185803704344092,0.0,3.755175051015687,19.0,290.2,0.0,0.0,0.0,0.0,0.087,7.301170644457068,8.0,138.0,94.875
439,01085,Lowndes County,"9,359",33125.0,4823.0,0.0,357322389.30648416,0.1902752999087471,7,2.23,0.96,2.914285714285714,209.861,5.658658389844447,1.0,4.37705585129486,26.0,288.59,0.0,0.0,0.0,0.0,0.086,3.658511160074433,15.0,500.0,148.33333333333334
440,13043,Candler County,"11,275",45519.0,4640.0,0.0,60301469.41179278,0.0935575131532411,4,0.94,0.6174999999999999,2.55,3.66975,1.990612521155964,4.0,3.1361745537306818,5.0,289.9,0.0,0.0,0.0,0.0,0.15,1.9430587065320843,4.0,230.0,143.75
441,19113,Linn County,"232,028",75457.0,101214.0,0.0,196027015.34839568,0.1044428167235544,2,1.86,3.75,3.5500000000000003,0.1455,11.010890747246403,0.0,1.9657591156432532,14.0,515.66,0.0,0.0,0.0,0.0,0.046,3.231476130648321,58.0,345.0,110.24137931034484
442,06105,Trinity County,"15,720",47317.0,8201.0,0.0,42472625.99181444,0.0051124570212133,5,63.19,550.138,19.28,18.772,10.06096485309824,403.0,7.569880150122779,62.0,1079.36,0.0,0.0,0.0,0.0,0.71,10.616503561584764,10.0,230.0,99.0
443,13215,Muscogee County,"202,171",54561.0,90488.0,1.0,62021850.12671326,0.1083510770385474,4,7.24,10.5875,4.4,100.16375,2.9026520928962696,16.0,0.267953399040008,13.0,147.24,1.0,191771552.06636977,0.3350215153094172,0.0,0.079,1.065321268779303,19.0,230.0,121.05263157894736
444,28135,Tallahatchie County,"10,877",35428.0,5486.0,0.0,821823641.765553,0.4865628137713076,24,15.09,1.2833333333333334,2.283333333333333,15.223291666666666,0.1532151443362301,2.0,1.260857760508974,33.0,333.05,0.0,0.0,0.0,0.0,0.24,17.326124027954567,2.0,230.0,172.5
445,20005,Atchison County,"16,172",55281.0,6817.0,0.0,161316270.21262157,0.1435724783139728,3,0.64,0.75,3.466666666666667,0.0826666666666666,3.248033058877866,0.0,1.464946128513912,19.0,305.68,0.0,0.0,0.0,0.0,0.059,9.545357200924478,8.0,115.0,80.5
446,72081,Lares Municipio,,18844.0,12363.0,0.0,1520126.108062055,0.0095215488452701,1,0.68,4.67,6.9,0.497,7.007598197802598,0.0,2.070655591496428,9.0,71.17,0.0,0.0,0.0,0.0,0.48,22.60883851455644,0.0,0.0,0.0
447,17041,Douglas County,"19,880",67177.0,8484.0,0.0,80232268.06505539,0.074250709053492,3,0.7,0.3233333333333333,1.2666666666666666,1.5326666666666668,12.418031173766012,0.0,1.45913742474981,10.0,233.32,0.0,0.0,0.0,0.0,0.15,6.153686092501177,6.0,138.0,103.5
448,51079,Greene County,"21,958",81338.0,8555.0,0.0,24158254.39346816,0.0595645580708278,1,0.19,0.7,3.7,0.301,2.993270318989969,0.0,3.709936349064089,5.0,104.65,0.0,0.0,0.0,0.0,0.11,18.013161500798,0.0,0.0,0.0
449,66010,Guam,,,,0.0,97055549.46529022,0.0656715425171733,1,0.65,3.5,5.4,1.253,11.051291331886054,0.0,5986.088619031523,0.0,0.0,3.0,141941079.9287191,0.0960428302845887,0.0,0.0,6113.203235269475,0.0,0.0,0.0
450,55137,Waushara County,"25,223",61033.0,14776.0,0.0,164502098.36378762,0.0996470977826129,43,661.3399999999999,96.74139534883722,3.6069767441860474,3.407627906976745,2.1755944428794805,0.0,4.870932656063763,16.0,237.43,0.0,0.0,0.0,0.0,0.03,2.4260810997741444,28.0,138.0,71.46428571428571
451,05065,Izard County,"14,405",46159.0,6764.0,0.0,13863.40037300441,9.167155015831166e-06,2,2.83,7.035,5.0,0.264,18.9039788554717,2.0,7.669183065653911,10.0,439.02,0.0,0.0,0.0,0.0,0.33,9.189099129182354,10.0,161.0,124.2
452,06053,Monterey County,"433,729",91043.0,143743.0,0.0,633662148.8346903,0.064875099184978,16,24.65,28.24625,4.41875,15.3185,13.221427488575111,0.0,3.820122189103226,43.0,276.29,5.0,723787913.6232245,0.0741022842717481,0.0,0.58,11.52159467598524,68.0,230.0,72.27941176470588
453,35017,Grant County,"27,252",44895.0,14625.0,0.0,287216089.72149765,0.0279535174905741,7,4.34,3.395714285714285,5.214285714285714,0.0169999999999999,2.8843745863525005,0.0,6.258091208182648,20.0,243.52,0.0,0.0,0.0,0.0,0.13,8.158303374812297,17.0,345.0,120.41176470588236
454,29131,Miller County,"25,817",53490.0,12501.0,0.0,135674133.11446676,0.0873079426205782,4,176.44,826.145,8.075,93.02,13.564787023466872,0.0,2.9002212682077424,11.0,197.16,0.0,0.0,0.0,0.0,0.14,12.336259674754244,15.0,161.0,145.66666666666666
455,37193,Wilkes County,"66,233",49119.0,31743.0,0.0,79655222.46567762,0.0406638540648623,1,5.16,377.4,73.2,16.925,9.682524648626831,6.0,1.6310823524887232,26.0,477.87,0.0,0.0,0.0,0.0,0.14,3.939593353104231,31.0,230.0,116.7741935483871
456,02110,Juneau City and Borough,"31,609",95711.0,14073.0,0.0,200155784.76569855,0.023719962875116,77,103.01,61.981948051948045,14.487012987012989,8.604961038961038,5.841481805821331,0.0,8.698671285235655,120.0,489.17,0.0,0.0,0.0,0.0,0.2,18.497216002865716,7.0,138.0,108.42857142857144
457,13087,Decatur County,"29,432",47383.0,13018.0,0.0,199900690.923634,0.1238543890354329,6,85.2,84.44833333333334,3.6,111.802,3.021166485048262,84.0,2.93872174975589,16.0,262.65,0.0,0.0,0.0,0.0,0.051,4.656968517173293,14.0,230.0,128.14285714285714
458,18177,Wayne County,"66,169",54854.0,30782.0,0.0,80998196.49943009,0.0773443495382153,4,0.94,0.685,2.575,0.398,11.438992534170906,0.0,0.938165557594761,13.0,238.29,0.0,0.0,0.0,0.0,0.1,3.817871705439099,42.0,138.0,75.57142857142857
459,21009,Barren County,"45,641",48141.0,19929.0,0.0,107183654.82556245,0.0827677312198011,1,32.0,1005.5,31.4,40.916,7.486334068739532,0.0,1.4034459908132462,20.0,253.56,0.0,0.0,0.0,0.0,0.15,1.1083559792090472,37.0,161.0,78.94594594594595
460,31093,Howard County,"6,538",70766.0,2893.0,0.0,196730381.44523144,0.1319649173987528,1,0.23,0.45,2.0,0.005,5.562520625218263,0.0,5.343898566320853,12.0,539.31,0.0,0.0,0.0,0.0,0.052,13.492261642419573,1.0,115.0,115.0
461,38025,Dunn County,"4,058",91758.0,2178.0,0.0,1226105.9812164058,0.0002273725207923,4,1137.1799999999998,7575.8,10.625,205.1265,2.3037558949855024,60.0,1.0484794252024017,46.0,557.4300000000001,0.0,0.0,0.0,0.0,0.029,1.2147580711633257,22.0,345.0,135.9090909090909
462,06005,Amador County,"41,876",74853.0,18813.0,0.0,67865680.54609562,0.0432429555325827,8,44.16,132.1575,29.8125,7.7765,15.011589474400846,0.0,0.887004071501304,23.0,314.63,0.0,0.0,0.0,0.0,0.22,4.898029633036016,22.0,230.0,93.5909090909091
463,47049,Fentress County,"20,322",47884.0,9206.0,0.0,17504087.177971296,0.0135456776034657,1,0.21,1.11,5.2,0.806,8.916721532554826,1.0,1.3710611808916553,20.0,267.31,0.0,0.0,0.0,0.0,0.17,2.770459243214113,1.0,161.0,161.0
464,20031,Coffey County,"8,467",67645.0,3976.0,0.0,355930130.9249654,0.2101004833527852,9,53.58,92.19777777777776,4.555555555555555,6.091222222222222,1.4751787741559372,0.0,1.1467616117800057,12.0,386.71,0.0,0.0,0.0,1.0,0.061,4.809301127535185,16.0,345.0,86.25
465,26023,Branch County,"45,993",60600.0,20776.0,0.0,46093915.33372287,0.0342444538672423,37,29.4,2.82027027027027,2.9405405405405403,0.983972972972973,2.5308519651562165,0.0,0.8716049113155585,36.0,282.76,0.0,0.0,0.0,0.0,0.084,3.01387797548368,11.0,138.0,138.0
466,31139,Pierce County,"7,378",65603.0,3141.0,0.0,11844.630189139423,7.959088895089275e-06,1,2.5,8.6,3.4,2.51,9.287585684972075,0.0,1.768000612226293,13.0,120.32,0.0,0.0,0.0,0.0,0.066,11.328988094957143,16.0,345.0,86.25
467,13023,Bleckley County,"12,866",56021.0,5215.0,0.0,31519738.068845604,0.0555367367344589,3,0.8,0.77,2.6,0.257,4.746181504146337,355.0,4.545241599123002,6.0,353.59000000000003,0.0,0.0,0.0,0.0,0.11,1.8624183489052928,5.0,115.0,115.0
468,13033,Burke County,"24,408",50321.0,11106.0,0.0,186960209.668147,0.086451799863841,8,1.93,0.595,2.375,0.258125,1.6503107688632328,51.0,7.136224592827912,11.0,648.41,0.0,0.0,0.0,1.0,0.18,3.4661853036492203,21.0,500.0,182.6190476190476
469,17181,Union County,"16,656",54090.0,7869.0,0.0,286104484.47705,0.2616956566219258,7,4.18,1.4085714285714286,2.8,1.360142857142857,10.993454448964712,0.0,0.5988995133790722,21.0,242.06,0.0,0.0,0.0,0.0,0.62,2.112266132285576,14.0,138.0,83.78571428571429
470,17091,Kankakee County,"105,525",65489.0,45312.0,0.0,124705911.64190193,0.0706725108724512,5,1.5,0.504,1.7,1.037,13.834987276035228,0.0,1.9517303827561447,26.0,327.49,0.0,0.0,0.0,0.0,0.087,0.9418567483420716,10.0,345.0,158.7
471,38051,McIntosh County,"2,451",64375.0,1701.0,0.0,154844241.24104217,0.0601126143742012,125,116.16,2.76312,2.5904000000000003,0.0266,0.1112368243762401,0.0,16.77362069119823,2.0,35.02,0.0,0.0,0.0,0.0,0.031,4.122489894834244,6.0,230.0,104.4
472,31141,Platte County,"35,649",69943.0,14085.0,0.0,286142004.74382263,0.1613814786645662,6,4.83,1.0783333333333334,1.3666666666666665,33.92433333333333,13.576701842515709,0.0,2.197299938476504,17.0,531.19,0.0,0.0,0.0,0.0,0.062,10.046485247423664,13.0,345.0,150.3846153846154
473,37185,Warren County,"18,898",42282.0,11438.0,0.0,101919250.5004352,0.0885689766155237,3,250.06,1594.36,12.1,182.40733333333333,12.596058954535222,54.0,0.2025542698695367,17.0,221.8,0.0,0.0,0.0,0.0,0.07,3.562731697330453,15.0,500.0,140.66666666666666
474,72009,Aibonito Municipio,,22511.0,10095.0,0.0,1363976.4144901936,0.0168047041400143,0,0.0,0.0,0.0,0.0,14.89409478730417,0.0,3.154563944889749,3.0,76.25,0.0,0.0,0.0,0.0,0.44,83.36878071309789,0.0,0.0,0.0
475,13197,Marion County,"7,676",48836.0,3550.0,0.0,21524386.29810137,0.02263342757424,2,0.38,0.72,3.75,1.5435,7.369667212040192,0.0,5.563037286080094,7.0,244.72,1.0,2469070.623323329,0.0025962891742749,0.0,0.076,15.31699768422776,1.0,230.0,230.0
476,51061,Fauquier County,"76,503",122785.0,28218.0,3.0,113502626.54710652,0.0672424204057597,6,1.28,0.6883333333333334,3.1166666666666667,0.2179999999999999,1.3891072192622649,0.0,1.4790575587839596,20.0,338.63,1.0,13832990.754009282,0.0081950859468792,0.0,0.088,13.302055992168272,13.0,500.0,206.53846153846155
477,51750,Radford city,"17,243",51039.0,6450.0,0.0,3024781.590667543,0.1166967462198343,0,0.0,0.0,0.0,0.0,5.770268101692044,0.0,2.2585458300852745,1.0,61.89,0.0,0.0,0.0,0.0,0.18,2.249156771683758,0.0,0.0,0.0
478,32005,Douglas County,"50,111",84262.0,24417.0,0.0,196663125.2885044,0.1028322519285685,4,503.86,35047.45250000001,93.5,4.78225,12.250245074771,17.0,0.7048749144164376,19.0,171.99,0.0,0.0,0.0,0.0,0.7,15.847282050746143,6.0,120.0,120.0
479,12037,Franklin County,"13,029",58107.0,8415.0,0.0,1431870585.2158403,0.3888908684666763,8,18.22,4.242500000000001,2.0375,1.345375,15.936436797992812,352.0,2.729786522269095,17.0,335.18,0.0,0.0,0.0,0.0,0.036,7.260284637220147,8.0,69.0,69.0
480,18055,Greene County,"31,165",57771.0,14385.0,0.0,286438111.2857331,0.2025867354850226,9,2.82,0.8777777777777778,2.6555555555555554,16.34333333333333,1.906722847621787,0.0,1.4480299323669588e-05,17.0,598.6899999999999,1.0,12497437.837653628,0.0088389604375364,0.0,0.2,5.085624203259577,33.0,345.0,128.24242424242425
481,18139,Rush County,"16,767",62386.0,7357.0,0.0,59249627.29194878,0.0560064280807548,2,0.33,0.495,3.05,6.6865000000000006,15.936939849969924,0.0,2.100736981629092,12.0,358.67,1.0,1568419.377094532,0.001482567419553,0.0,0.11,3.381737820021332,22.0,345.0,84.68181818181819
482,55131,Washington County,"139,238",91915.0,58391.0,0.0,168404712.0936183,0.1492471138341038,12,9.0,3.9291666666666663,3.875,0.1283333333333333,0.0,0.0,0.0102506181637926,20.0,320.34000000000003,0.0,0.0,0.0,0.0,0.04,2.6256305780031246,9.0,345.0,161.0
483,29105,Laclede County,"36,943",49202.0,15935.0,0.0,147131418.42349952,0.0739635168565261,1,0.11,0.3,2.7,0.031,10.593815922354167,0.0,8.242543338953041,6.0,428.02,1.0,75061.19642164517,3.773354546765285e-05,0.0,0.16,3.0039287981763407,24.0,345.0,111.16666666666669
484,42085,Mercer County,"107,860",57353.0,50916.0,0.0,131260257.0045901,0.0742493429612527,6,21.11,87.71166666666666,10.933333333333332,5.0585,6.194632250139826,0.0,1.8415365799457872,23.0,312.82,0.0,0.0,0.0,0.0,0.058,16.622239742149784,14.0,138.0,123.21428571428572
485,41043,Linn County,"132,843",69523.0,52145.0,1.0,453296662.6472432,0.075802821851789,22,29.63,56.27272727272727,12.568181818181818,47.4130909090909,1.3166421257964729,53.0,2.677313316870669,55.0,756.73,0.0,0.0,0.0,0.0,0.35,23.001042981066345,2.0,500.0,500.0
486,55065,Lafayette County,"17,478",69293.0,7177.0,0.0,123079726.7868444,0.0748876752527798,2,1.74,8.235,7.0,0.497,16.578301286560823,0.0,1.7725633262265217,19.0,279.24,0.0,0.0,0.0,0.0,0.047,4.35793147178887,22.0,138.0,75.27272727272727
487,40147,Washington County,"54,037",59426.0,23738.0,0.0,280176227.2798004,0.254920562787974,7,17.61,59.83857142857143,5.457142857142857,1.6674285714285717,7.346957427236084,2.0,4.97210515350429,13.0,197.91,0.0,0.0,0.0,0.0,0.07,1.4527782860708995,20.0,138.0,120.75
488,54077,Preston County,"34,004",60136.0,15175.0,0.0,42516700.60053121,0.0252012264356672,4,1.17,1.5525,4.6,0.10975,14.086867082584934,0.0,1.4426418990009309,26.0,284.66,2.0,34439518.01372389,0.0204135805351803,0.0,0.055,3.2979859815529107,20.0,138.0,138.0
489,69100,Rota Municipality,,,,0.0,4917306.484955912,0.0078779053322696,0,0.0,0.0,0.0,0.0,100.83652110628606,0.0,5896.390531092169,0.0,0.0,0.0,0.0,0.0,0.0,0.0,6035.981028621727,0.0,0.0,0.0
490,55135,Waupaca County,"51,461",69198.0,25536.0,0.0,226659523.8192335,0.1143710169455194,39,22.28,1.683846153846154,2.907692307692308,2.724358974358974,3.6608970283814255,0.0,3.06636891510924,29.0,467.62,0.0,0.0,0.0,0.0,0.028,1.998036919090182,19.0,138.0,105.3157894736842
491,48137,Edwards County,"1,370",40809.0,1004.0,0.0,30796.763206445143,5.609140719081156e-06,0,0.0,0.0,0.0,0.0,81.02824027012471,0.0,21.922954948830235,13.0,149.72,0.0,0.0,0.0,0.0,0.025,49.93784736874812,0.0,0.0,0.0
492,41037,Lake County,"8,187",54663.0,4226.0,0.0,427966.19017334434,1.9769872474595063e-05,112,981.49,104.3894642857143,3.6919642857142856,0.2078214285714285,12.927639559832114,141.0,13.231266098770591,173.0,886.52,0.0,0.0,0.0,0.0,0.37,50.09148628373582,12.0,500.0,328.0833333333333
493,29153,Ozark County,"9,172",39125.0,5059.0,0.0,139574829.0294078,0.0713512507816184,2,232.58,4558.35,37.2,145.2165,16.60541820929969,0.0,0.1467700421797866,28.0,222.55,0.0,0.0,0.0,0.0,0.23,4.929641508631187,8.0,161.0,92.0
494,19059,Dickinson County,"18,077",72446.0,13841.0,0.0,112990304.74755888,0.1079949946899331,25,57.65,9.0596,2.824,0.282,0.0,331.0,2.5413887500914067,14.0,179.19,0.0,0.0,0.0,0.0,0.031,2.2373338267006355,39.0,345.0,87.87179487179488
495,21095,Harlan County,"24,725",35128.0,13016.0,0.0,32560352.63288203,0.0268537266217487,3,1.86,7.89,10.466666666666669,1.075,12.271305052765488,1.0,0.6017788160156535,11.0,344.02000000000004,0.0,0.0,0.0,0.0,0.22,2.559508899821473,30.0,161.0,81.26666666666667
496,20061,Geary County,"36,338",57992.0,15893.0,0.0,188443929.69925436,0.1798298785103346,4,66.55,353.565,7.3,31.58775,13.242099825535687,0.0,1.118832926709408,15.0,406.67,1.0,81882627.3597974,0.0781396511615923,0.0,0.058,6.521058923266557,9.0,345.0,140.55555555555554
497,42011,Berks County,"440,072",74617.0,170678.0,0.0,123921431.96701127,0.0552653859631756,6,7.750000000000001,31.795,12.716666666666669,3.233166666666667,3.445740941625394,0.0,0.91072676146264,39.0,515.3,0.0,0.0,0.0,0.0,0.1,0.4474778578407629,23.0,500.0,185.7391304347826
498,47019,Carter County,"57,361",47994.0,27881.0,0.0,34566308.68676229,0.0383846113047455,1,21.41,835.1,39.0,26.646,1.1563345614169478,0.0,1.5425991852353995,16.0,131.06,0.0,0.0,0.0,0.0,0.19,3.787960182381729,18.0,161.0,140.55555555555554
499,27083,Lyon County,"25,684",68919.0,11188.0,0.0,88091321.12010849,0.0471300901734629,35,19.32,1.211142857142857,2.2542857142857144,0.2352857142857142,7.485291694744537,92.0,1.5592490267288948,17.0,381.92,0.0,0.0,0.0,0.0,0.036,5.469202644927566,39.0,345.0,86.6923076923077
500,51037,Charlotte County,"11,401",51548.0,5985.0,0.0,115997275.8222996,0.0937867445593379,6,181.65,691.9366666666666,6.733333333333333,44.4075,9.540855781822234,24.0,0.7786939030088856,14.0,296.69,0.0,0.0,0.0,0.0,0.094,7.093690211271035,12.0,115.0,115.0
501,47179,Washington County,"141,199",58507.0,60904.0,0.0,27383023.32382292,0.0320553723318574,1,10.43,238.6,22.9,95.625,14.771068469849322,11.0,1.104423622229863,16.0,225.32,1.0,434227.3932912856,0.0005083193555378,0.0,0.21,1.0816947332622395,64.0,500.0,93.703125
502,45071,Newberry County,"39,561",56706.0,18313.0,0.0,191415266.8905013,0.1141655000980833,3,229.42,1023.0,9.0,121.681,15.827065500455046,36.0,2.9456820803200454,29.0,487.95,0.0,0.0,0.0,0.0,0.21,1.3326108226039284,71.0,230.0,102.98591549295774
503,51093,Isle of Wight County,"41,321",91680.0,16551.0,0.0,108242334.0133212,0.1151856385695319,6,9.44,4.58,2.6833333333333336,5.298166666666666,8.594447414902467,289.0,0.0342101285354019,19.0,175.39,0.0,0.0,0.0,0.0,0.062,5.725668147879791,9.0,500.0,234.44444444444449
504,41069,Wheeler County,"1,472",50774.0,930.0,0.0,0.0,0.0,2,0.45,1.255,5.2,0.023,20.55514568918168,2.0,5.726529925132327,32.0,507.69,0.0,0.0,0.0,0.0,0.17,20.60345247951324,3.0,115.0,115.0
505,29023,Butler County,"41,904",47245.0,19336.0,0.0,906680074.0918658,0.5007615980706104,6,25.21,233.7683333333333,11.85,8.628,0.8879189732159185,39.0,0.9176990160477648,25.0,288.95,1.0,8284635.445245804,0.0045756241959425,0.0,0.55,3.2282152737377747,28.0,345.0,115.0
506,22047,Iberville Parish,"29,579",59410.0,13302.0,0.0,1334330962.1224978,0.789014742524756,14,7.72,1.3007142857142855,2.4,2.1170714285714287,2.688271629746013,4.0,2.7390235594230474,23.0,665.05,1.0,1440031.597429398,0.0008515174962783,0.0,0.056,7.178777065324473,42.0,500.0,190.14285714285717
507,28125,Sharkey County,"3,097",41000.0,1705.0,0.0,998933516.4602052,0.8863996500758538,17,19.04,1.552941176470588,1.6588235294117646,9.622882352941176,2.2333872631572627,0.0,0.8100370469797759,14.0,595.84,0.0,0.0,0.0,0.0,0.13,14.523297096312405,2.0,115.0,115.0
508,51111,Lunenburg County,"12,058",54438.0,5886.0,0.0,58807329.84903965,0.0525139826240667,0,0.0,0.0,0.0,0.0,22.861527396626297,15.0,0.48385022378457,12.0,285.84000000000003,1.0,52097.50430468672,4.65222182819144e-05,0.0,0.097,0.5369192284476088,10.0,500.0,165.0
509,38097,Traill County,"7,920",81157.0,3674.0,0.0,222524570.4377061,0.0996216161009941,5,1.74,0.634,1.78,1.8814,7.895660285343724,94.0,1.6254940431053264,12.0,624.76,0.0,0.0,0.0,0.0,0.024,11.11139972116256,17.0,69.0,69.0
510,13139,Hall County,"226,568",74153.0,77473.0,0.0,150653716.62383497,0.1357072309797332,3,134.28,1050.7733333333333,10.833333333333334,22.225000000000005,2.5400523589573365,6.0,2.965566868885856,31.0,376.54,0.0,0.0,0.0,0.0,0.14,1.085688901157564,54.0,230.0,127.77777777777776
511,13283,Treutlen County,"6,466",38641.0,2858.0,0.0,40125584.53325687,0.0765266159615034,2,1.03,1.875,3.65,1.557,3.255187870806165,24.0,0.3238918185612133,8.0,357.67,0.0,0.0,0.0,0.0,0.13,3.2065628453440227,4.0,115.0,115.0
512,13037,Calhoun County,"5,413",48663.0,2044.0,0.0,130459821.05045325,0.1776261259747941,9,1.39,0.2866666666666667,1.9,0.1518888888888888,1.4773109631967822,45.0,2.1350763359293032,7.0,216.65,0.0,0.0,0.0,0.0,0.059,4.319971737303769,1.0,115.0,115.0
513,55125,Vilas County,"23,761",63726.0,24661.0,0.0,86129964.0616137,0.0326760562621314,334,388.77,7.369670658682634,4.323652694610778,0.8105808383233533,0.5612061026257049,0.0,1.0038522385273692,119.0,305.69,0.0,0.0,0.0,0.0,0.022,20.76257509274105,8.0,138.0,120.75
514,27007,Beltrami County,"47,055",62173.0,21403.0,0.0,7285.704258811908,9.20754859535948e-07,170,1422.2799999999995,35.171,3.717058823529412,0.6074823529411765,0.0,307.0,2.7559288617759226,113.0,689.85,0.0,0.0,0.0,0.0,0.021,10.831325111815865,36.0,230.0,87.52777777777777
515,72043,Coamo Municipio,,20569.0,15971.0,0.0,1643714.1283086953,0.0081335334153432,0,0.0,0.0,0.0,0.0,10.341204231228536,0.0,0.2140216559092025,5.0,63.09,1.0,760174.6790389341,0.0037615459081214,0.0,0.44,72.67060004134592,0.0,0.0,0.0
516,13055,Chattooga County,"25,300",43556.0,10864.0,0.0,56817982.75414033,0.0699657116956501,2,0.51,1.305,5.15,0.0865,3.751023742206876,19.0,0.9576270010927632,13.0,158.5,0.0,0.0,0.0,0.0,0.28,1.1047479904120352,12.0,230.0,124.58333333333331
517,45033,Dillon County,"27,458",42454.0,12869.0,0.0,243639190.1144378,0.2312314851109284,0,0.0,0.0,0.0,0.0,25.061836950499025,520.0,2.907287785511603,11.0,269.32,0.0,0.0,0.0,0.0,0.17,1.512089836972942,18.0,230.0,118.83333333333331
518,37103,Jones County,"9,575",53053.0,4669.0,0.0,191583518.92749828,0.1561564743211762,5,5.51,2.07,2.02,0.939,18.472017935823967,46.0,3.817936769678445,10.0,160.43,1.0,3845254.065775165,0.00313420131931,0.0,0.069,10.338831626224025,8.0,230.0,215.625
519,29199,Scotland County,"4,796",58656.0,2219.0,0.0,146042114.0706663,0.1283586285662175,4,1.08,0.8899999999999999,2.825,0.07325,4.522323016856753,0.0,1.979177981473115,25.0,265.31,0.0,0.0,0.0,0.0,0.07,2.8407129972341387,7.0,69.0,69.0
520,20131,Nemaha County,"10,054",72788.0,4507.0,0.0,174234504.98350227,0.0935068873725445,4,1.98,1.5775,3.075,0.09725,13.734930131979834,2.0,2.122269510321328,26.0,414.44,0.0,0.0,0.0,0.0,0.054,2.2054307925416725,6.0,161.0,126.5
521,20137,Norton County,"5,288",52710.0,2463.0,0.0,4704.675156402614,2.0611539538386672e-06,1,5.69,238.1,41.9,1.714,2.5408992109496165,1.0,2.608722441715421,9.0,211.67,0.0,0.0,0.0,0.0,0.05,3.967675973233336,2.0,115.0,115.0
522,72007,Aguas Buenas Municipio,,23160.0,10707.0,0.0,871473.3525460782,0.0111802047610922,0,0.0,0.0,0.0,0.0,5.981099594410723,0.0,0.9595887314443587,1.0,22.84,0.0,0.0,0.0,0.0,0.44,99.93502288618824,0.0,0.0,0.0
523,72033,Cataño Municipio,,22407.0,10917.0,0.0,7433669.2013214575,0.4100059297842747,0,0.0,0.0,0.0,0.0,5.582174094296142,0.0,2.205377534721928,1.0,22.84,0.0,0.0,0.0,0.0,0.46,98.40759982688778,0.0,0.0,0.0
524,55075,Marinette County,"42,574",60347.0,29305.0,0.0,732620.8135674079,0.0001824946903024,49,57761.6,99185.90959183674,5.189795918367347,41.13716326530612,7.639073313769427,0.0,3.9971591633060495,44.0,542.2,0.0,0.0,0.0,0.0,0.024,2.2073089255546208,30.0,345.0,103.5
525,53011,Clark County,"532,119",90115.0,196557.0,0.0,174295146.72686097,0.1026477254095184,15,41.72,100.93,10.346666666666668,19.6274,17.01634803593783,285.0,1.5540909909878904,26.0,498.23,0.0,0.0,0.0,0.0,0.39,24.478501290424497,0.0,0.0,0.0
526,55099,Price County,"13,988",55822.0,10797.0,0.0,61066.60878811308,1.8448640907727592e-05,76,56.1,3.2569736842105264,3.281578947368421,1.762092105263158,1.5992904289180792,0.0,0.1095147380457202,75.0,525.03,0.0,0.0,0.0,0.0,0.022,0.9420540146357568,8.0,115.0,109.25
527,40093,Major County,"7,536",67621.0,3703.0,0.0,8687.87998497397,3.501638831661828e-06,2,0.5900000000000001,0.48,1.85,0.0815,7.60621165768789,3.0,8.225891319444685,11.0,535.5500000000001,0.0,0.0,0.0,0.0,0.1,7.543901214296178,17.0,138.0,97.41176470588236
528,47125,Montgomery County,"249,935",67890.0,87220.0,5.0,125286997.65148497,0.0889499868143747,1,0.17,0.32,1.9,0.006,10.511059515606853,2.0,0.0816322229601254,30.0,293.81,1.0,172130438.76175123,0.1222074161342858,0.0,0.29,4.7775114871912665,40.0,500.0,148.775
529,53051,Pend Oreille County,"14,457",59353.0,7993.0,0.0,62921.596841660925,1.704257363246745e-05,27,22.14,17.83888888888889,13.837037037037035,31.04733333333333,9.506715103500673,149.0,0.5842008251730291,51.0,337.96,1.0,304393.2303203132,8.244616000469614e-05,0.0,0.15,76.47175326555326,0.0,0.0,0.0
530,38055,McLean County,"9,740",80556.0,5759.0,0.0,570864509.709697,0.0946803061909434,122,1248.94,251.21598360655736,2.890163934426229,6.795983606557377,0.0,16.0,1.7319426240336429,53.0,329.18,0.0,0.0,0.0,0.0,0.025,4.391803403573363,35.0,230.0,121.0
531,41027,Hood River County,"23,720",80254.0,10131.0,0.0,40181.071150640666,2.9084646815838376e-05,5,1.86,3.436,8.4,0.2624,6.385765534356308,20.0,1.5815814334045546,31.0,541.34,0.0,0.0,0.0,0.0,0.29,9.705238965652908,3.0,500.0,243.33333333333331
532,19197,Wright County,"12,801",58240.0,6281.0,0.0,146583487.6959585,0.0972062067330197,5,5.21,2.07,2.4,0.7302000000000001,5.208758121415162,0.0,2.1830355672929187,12.0,431.87,0.0,0.0,0.0,0.0,0.032,20.105635628586608,2.0,161.0,161.0
533,48419,Shelby County,"24,286",49231.0,11500.0,0.0,429890.469644622,0.0001988716056892,6,603.43,1050.935,4.833333333333333,32.7655,6.188081830736447,2.0,3.2570103133831023,56.0,386.35,0.0,0.0,0.0,0.0,0.064,10.151910363052888,3.0,138.0,138.0
534,29055,Crawford County,"22,929",52367.0,11435.0,0.0,147504739.78355676,0.0765736405526942,2,1.41,6.555,8.25,0.25,13.94051616461706,0.0,4.06704759861822,22.0,353.54,0.0,0.0,0.0,0.0,0.26,4.296970544435284,13.0,161.0,122.07692307692308
535,51017,Bath County,"4,076",55699.0,3346.0,0.0,51449384.353122085,0.0371565228466777,5,11.81,116.248,23.4,4.5044,14.430518686685076,0.0,4.387358339333846,15.0,261.41,0.0,0.0,0.0,0.0,0.086,10.08811388531835,1.0,500.0,500.0
536,56033,Sheridan County,"33,241",68898.0,14999.0,0.0,63226797.374017134,0.0096625903169668,8,2.54,2.81375,5.9125,0.0485,29.013277227939614,20.0,6.460720026318667,57.0,560.55,0.0,0.0,0.0,0.0,0.15,111.12491316823848,0.0,0.0,0.0
537,42041,Cumberland County,"277,270",82849.0,109154.0,0.0,71944519.44049537,0.0504711378682324,1,0.17,0.57,3.4,0.177,6.986978017173724,0.0,0.5436780451418538,9.0,215.18,2.0,4866152.882561908,0.0034137454101255,0.0,0.07,8.991111769706029,10.0,500.0,183.4
538,42055,Franklin County,"160,652",71808.0,66443.0,0.0,103712147.38184284,0.0518108151086431,3,0.43,0.7533333333333333,5.1000000000000005,1.0956666666666666,16.85484499187134,0.0,1.3333904237687793,24.0,375.07,1.0,72569779.60870695,0.0362532213313322,0.0,0.065,3.015422376317681,29.0,138.0,103.10344827586206
539,42079,Luzerne County,"332,126",60836.0,150885.0,0.0,159590538.88107258,0.0680092301270292,42,17.88,2.9185714285714286,5.347619047619047,0.5211666666666667,1.7834523499424215,0.0,4.143301775697122,46.0,567.85,0.0,0.0,0.0,1.0,0.07,1.332482101487763,86.0,500.0,119.6046511627907
540,26039,Crawford County,"13,722",57998.0,10243.0,0.0,35614421.84774584,0.0244102306761757,18,53.21,5.227222222222222,3.5444444444444443,0.4285,6.455128705992369,0.0,1.538595584590562,14.0,288.06,2.0,399591403.5379856,0.2738811366439866,0.0,0.027,20.966663923259883,0.0,0.0,0.0
541,01113,Russell County,"58,898",47420.0,27382.0,0.0,250917614.9161806,0.1496927939316756,15,4.12,1.0606666666666666,3.3866666666666663,29.50406666666667,7.142652112268797,0.0,0.5754901972786931,25.0,318.24,1.0,49714923.86774594,0.0296590012476781,0.0,0.073,15.985072757769125,23.0,115.0,115.0
542,39019,Carroll County,"26,475",59872.0,13407.0,0.0,53108289.27447809,0.0513927259642327,4,11.03,31.0325,9.425,0.88675,8.897552941746058,0.0,2.4167945134353968,23.0,213.54,0.0,0.0,0.0,0.0,0.057,5.808907612967209,12.0,345.0,172.5
543,05055,Greene County,"47,411",54879.0,19235.0,0.0,520059035.8551423,0.3465725822477699,13,13.72,1.8030769230769232,1.9538461538461536,0.5057692307692307,5.421379648299572,52.0,3.514150013842669,31.0,244.28,0.0,0.0,0.0,0.0,0.55,7.439674739080277,15.0,161.0,141.66666666666666
544,48191,Hall County,"2,737",43873.0,1754.0,0.0,0.0,0.0,0,0.0,0.0,0.0,0.0,27.33647369900653,1.0,2.523714525149957,12.0,71.83,0.0,0.0,0.0,0.0,0.069,9.126536928721237,4.0,115.0,80.5
545,55013,Burnett County,"17,223",60466.0,15279.0,0.0,413313865.6443619,0.1812962049892941,169,120.15,3.422603550295858,3.67396449704142,0.586887573964497,4.027800368171022,0.0,0.7253726354906058,44.0,460.11,0.0,0.0,0.0,0.0,0.02,1.5816096343967836,35.0,69.0,69.0
546,35057,Torrance County,"16,100",50727.0,7230.0,0.0,165390.81805932446,1.908418977512389e-05,33,19.2,1.945151515151515,3.3151515151515154,0.2591212121212121,4.0686118253444015,9.0,29.335282388397104,2.0,4.49,0.0,0.0,0.0,0.0,0.13,17.027249177468068,7.0,230.0,124.85714285714286
547,53049,Pacific County,"24,357",58889.0,16085.0,0.0,510309574.7882632,0.1606404858636794,1,0.45,1.98,4.4,0.441,23.22878704289008,128.0,1.2295275857876908,30.0,350.49,0.0,0.0,0.0,0.0,0.86,43.66041987852067,0.0,0.0,0.0
548,37141,Pender County,"72,111",74538.0,30283.0,0.0,745160757.4141318,0.3079839887067365,1,0.13,0.15,1.2,0.011,10.532812540346496,726.0,3.527056751392245,21.0,633.94,0.0,0.0,0.0,0.0,0.096,13.769684331796755,10.0,230.0,230.0
549,48221,Hood County,"70,501",80013.0,28396.0,1.0,99848311.27281263,0.088247267940234,3,34.69,181.0433333333333,12.733333333333334,13.106,3.8039844149118496,2.0,3.912483734048043,20.0,310.05,0.0,0.0,0.0,0.0,0.044,1.0256228120515989,11.0,345.0,188.1818181818182
550,31177,Washington County,"21,302",89671.0,8608.0,0.0,219209800.9596317,0.2152538778106986,1,2.84,9.96,3.5,1158.502,15.16562252772736,0.0,0.5207034734141356,15.0,400.7000000000001,0.0,0.0,0.0,0.0,0.042,3.672589860328793,7.0,345.0,187.28571428571428
551,29045,Clark County,"6,475",53362.0,3237.0,0.0,247765556.3384373,0.1869053155569773,4,0.5800000000000001,0.4975,3.375,0.0645,9.731687488115051,2.0,0.9519116038054374,24.0,264.17,0.0,0.0,0.0,0.0,0.076,1.0892341721528194,8.0,161.0,92.0
552,21015,Boone County,"145,316",91697.0,51773.0,0.0,56728460.78892131,0.0853902099158418,3,0.78,1.13,3.8666666666666663,1086.9416666666666,3.124512769528429,0.0,0.8115976003091744,18.0,108.85,0.0,0.0,0.0,0.0,0.11,2.2098968973812667,48.0,345.0,126.5
553,21229,Washington County,"12,368",65456.0,5206.0,0.0,45278169.90040845,0.058041365778367,2,0.5900000000000001,1.185,3.65,0.123,7.954168783578182,0.0,1.219067316850358,10.0,323.46,0.0,0.0,0.0,0.0,0.12,3.8270160785296823,9.0,138.0,76.66666666666667
554,22009,Avoyelles Parish,"37,941",38696.0,18261.0,0.0,198285.39569520933,8.844203038211987e-05,35,23.44,1.842,2.342857142857143,93.73248571428572,1.669833772905526,875.0,0.5396949688545221,50.0,732.66,0.0,0.0,0.0,0.0,0.062,4.420815591138866,4.0,138.0,138.0
555,28137,Tate County,"28,725",61286.0,11397.0,0.0,194861212.9670116,0.1830673756179407,6,42.06,285.09000000000003,8.633333333333333,11.928833333333335,6.074782409939698,8.0,1.7136205283143495,23.0,163.93,0.0,0.0,0.0,0.0,0.4,0.5748009892580221,2.0,115.0,115.0
556,29227,Worth County,"1,914",43536.0,1120.0,0.0,88930072.86018012,0.1286866674603285,0,0.0,0.0,0.0,0.0,12.033642246494136,0.0,2.7261015992005206,10.0,398.12,0.0,0.0,0.0,0.0,0.05,7.245617552691497,1.0,69.0,69.0
557,31163,Sherman County,"2,924",60194.0,1800.0,0.0,150667431.39785552,0.1017644028356421,1,8.56,114.3,13.4,0.306,9.795632340523614,0.0,2.139403541360457,14.0,204.64,0.0,0.0,0.0,0.0,0.05,10.910131573694038,4.0,115.0,92.0
558,46021,Campbell County,"1,377",66932.0,926.0,0.0,585.460924124038,2.932497826021279e-07,33,1112.71,883.6481818181818,3.145454545454545,29.65654545454545,1.4840972020318717,0.0,4.681389957202376,15.0,69.78,0.0,0.0,0.0,0.0,0.034,14.659708502803603,2.0,345.0,345.0
559,46063,Harding County,"1,331",71484.0,711.0,0.0,709.2349948369808,1.0224993268913778e-07,4,1.48,1.1475,3.1,0.1415,9.290046291631006,0.0,0.3776652326264756,30.0,503.0,0.0,0.0,0.0,0.0,0.039,58.09344578972162,0.0,0.0,0.0
560,26057,Gratiot County,"41,190",57934.0,16060.0,0.0,19745353.49274647,0.0133372369450206,12,7.34,1.5925,2.2,2.290666666666666,1.4250647889566883,0.0,2.9118420099793454,17.0,200.94,0.0,0.0,0.0,0.0,0.041,10.088236503830258,12.0,345.0,189.75
561,19175,Union County,"11,829",56495.0,5791.0,0.0,87001983.72755617,0.0788910627213756,6,4.96,13.0,11.050000000000002,0.27,3.1311604707047627,1.0,1.4909882013036784,13.0,211.66,0.0,0.0,0.0,0.0,0.044,10.045885983795488,7.0,69.0,69.0
562,17127,Massac County,"13,502",57365.0,6832.0,0.0,66655582.79493544,0.106308245248881,2,1.71,1.7599999999999998,3.0,0.2065,9.380467728711569,0.0,0.0664040817099828,9.0,62.97,0.0,0.0,0.0,0.0,0.67,6.314255910727518,21.0,345.0,108.42857142857144
563,27043,Faribault County,"13,888",64000.0,6915.0,0.0,317.78322027997206,1.6996264529540404e-07,18,22.2,3.122777777777778,2.3722222222222222,0.5272777777777777,10.428119802105469,62.0,3.813920172953376,23.0,357.9,0.0,0.0,0.0,0.0,0.028,10.878789299264591,25.0,161.0,76.36
564,47057,Grainger County,"25,739",47098.0,11650.0,1.0,72339995.44111475,0.0923509526845716,4,159.66,1262.7425,17.675,77.8825,7.793820549630934,0.0,0.3000101708017705,12.0,252.88,0.0,0.0,0.0,0.0,0.32,3.017123353526882,6.0,161.0,161.0
565,48161,Freestone County,"20,811",55902.0,9080.0,0.0,1448135.51915798,0.0006268309515492,17,168.51,132.26823529411763,3.835294117647059,2.004294117647059,9.457233967139764,7.0,3.2200611893000897,17.0,370.52,0.0,0.0,0.0,0.0,0.049,4.742467599085478,17.0,345.0,166.41176470588235
566,42087,Mifflin County,"46,127",58012.0,21391.0,0.0,51212675.04392748,0.0476801055197639,1,0.14,0.96,6.9,0.392,13.436148669730764,0.0,3.079399695493358,12.0,250.53,0.0,0.0,0.0,0.0,0.055,0.7768965409611329,3.0,230.0,230.0
567,01041,Crenshaw County,"13,175",48557.0,6553.0,0.0,181135753.47466516,0.1144732403437625,3,0.51,0.4866666666666666,2.8000000000000003,0.221,9.287565401432042,1.0,1.5246012888418423,10.0,230.43,0.0,0.0,0.0,0.0,0.068,1.6197491050962898,7.0,115.0,115.0
568,51520,Bristol city,"16,418",45250.0,8671.0,0.0,1677490.9640192892,0.0498383273988099,1,0.14,0.55,4.1,0.232,5.93947879918093,1.0,0.0803000946840182,4.0,18.99,0.0,0.0,0.0,0.0,0.18,3.3174235325151864,0.0,0.0,0.0
569,48399,Runnels County,"9,693",55424.0,5008.0,0.0,46528.489656351296,1.699444732391329e-05,4,49.84,178.115,13.125,2.60775,8.989369842736842,0.0,4.97839778096065,12.0,151.03,0.0,0.0,0.0,0.0,0.032,8.732685589577864,11.0,345.0,163.0909090909091
570,48443,Terrell County,702,52813.0,659.0,0.0,0.0,0.0,0,0.0,0.0,0.0,0.0,88.49399493729985,0.0,31.37908890019752,3.0,1037.65,0.0,0.0,0.0,0.0,0.049,39.0120309252913,0.0,0.0,0.0
571,20153,Rawlins County,"2,431",61827.0,1372.0,0.0,1461.0561703017202,5.274206618443489e-07,1,0.23,0.54,2.3,1.646,3.7882853930398657,0.0,0.2348186508301815,6.0,86.95,0.0,0.0,0.0,0.0,0.039,3.098693458416897,10.0,115.0,106.95
572,20193,Thomas County,"7,725",72417.0,3576.0,0.0,0.0,0.0,1,0.3,0.65,2.2,0.011,21.77796599412256,0.0,33.10978177785544,0.0,0.0,0.0,0.0,0.0,0.0,0.041,2.4348297325268358,11.0,115.0,115.0
573,13161,Jeff Davis County,"15,219",41780.0,6372.0,0.0,88824181.83036786,0.1022522727782295,4,0.7999999999999999,0.37,2.0,0.05025,11.882770025739552,142.0,2.3923067319531626,8.0,423.14,0.0,0.0,0.0,0.0,0.1,4.099390222649894,11.0,500.0,170.9090909090909
574,19035,Cherokee County,"11,369",63638.0,5553.0,0.0,124423860.10763016,0.0832486938346046,0,0.0,0.0,0.0,0.0,32.90573394963498,0.0,4.221044096760928,7.0,324.64000000000004,0.0,0.0,0.0,0.0,0.034,1.4953048949022627,26.0,161.0,79.61538461538461
575,05145,White County,"80,085",51144.0,33395.0,1.0,831313954.6890305,0.3080309789891873,15,4.34,0.9733333333333332,3.0266666666666664,8.210933333333333,9.462413329096815,59.0,3.761933820139277,45.0,795.0699999999999,0.0,0.0,0.0,0.0,0.38,3.3978088891055207,14.0,500.0,168.78571428571428
576,28083,Leflore County,"25,686",33115.0,12666.0,0.0,1067765430.9260228,0.6798828038476871,53,113.97,2.6833962264150943,1.5264150943396229,19.390867924528305,1.8780467724492624,1.0,4.616292117174617,27.0,452.59,0.0,0.0,0.0,0.0,0.19,2.902775077331736,19.0,230.0,121.05263157894736
577,29053,Cooper County,"17,136",62239.0,7305.0,0.0,218227930.1159951,0.1480343226441442,1,0.16,0.5,3.1,0.014,11.858166853201327,0.0,4.039353819387779,9.0,480.09,0.0,0.0,0.0,0.0,0.11,4.9178885288744265,10.0,161.0,142.6
578,26043,Dickinson County,"25,827",59651.0,13942.0,0.0,46069700.061460204,0.0229048511348337,38,47.02,8.699473684210526,4.484210526315789,6.271,3.201087933151119,0.0,2.229557799386767,39.0,401.48,0.0,0.0,0.0,0.0,0.021,6.639840188598695,25.0,345.0,99.36
579,17197,Will County,"712,253",103678.0,251029.0,0.0,281005502.0431549,0.127760175984668,26,18.73,2.2746153846153847,2.1884615384615382,8.7335,11.406948053009026,0.0,1.6198902607243155,34.0,541.31,1.0,14459778.829396674,0.0065741911617779,1.0,0.087,5.384000922484173,128.0,345.0,202.6875
580,48117,Deaf Smith County,"18,626",51942.0,6983.0,0.0,157121.022145434,4.048804081744458e-05,11,2.2,0.3918181818181818,1.8636363636363635,0.0042727272727272,13.377348420581251,0.0,26.357877777053066,1.0,17.42,0.0,0.0,0.0,0.0,0.077,9.508179683760469,24.0,345.0,106.375
581,46011,Brookings County,"37,635",64438.0,14882.0,0.0,390309083.9393163,0.1872187553876079,44,75.1,7.076818181818182,2.815909090909091,0.18275,12.913238886972088,75.0,6.59205385458703,11.0,198.49,0.0,0.0,0.0,0.0,0.044,1.5493648607085224,49.0,345.0,113.12244897959184
582,19083,Hardin County,"16,455",64656.0,8031.0,0.0,170166716.33524224,0.1152670931776616,4,0.69,0.6725,3.775,9.552,13.351879150193833,0.0,1.0375249565010944,10.0,326.8,0.0,0.0,0.0,0.0,0.035,6.973760268092087,2.0,161.0,161.0
583,22023,Cameron Parish,"4,718",69847.0,3556.0,0.0,4125179166.428661,0.8223893609282018,245,1347.49,12.79734693877551,1.4073469387755102,6.198636734693877,0.0313998163068277,51.0,10.529033083694856,44.0,345.29,0.0,0.0,0.0,0.0,0.048,6.813647388133881,20.0,69.0,69.0
584,39027,Clinton County,"42,301",64210.0,17938.0,0.0,57449617.71384607,0.0537948573996952,5,13.62,66.124,9.22,2.0906,0.1687927816436054,0.0,0.9950474768636068,18.0,259.8,0.0,0.0,0.0,0.0,0.099,2.3512516122161453,12.0,138.0,80.5
585,27137,St. Louis County,"200,518",66491.0,103719.0,1.0,1564522112.923837,0.0880492040551059,602,83064.20999999999,19963.7419269103,4.519102990033223,6.58509634551495,0.3104647206402389,573.0,4.963165920378646,378.0,2442.12,2.0,891139.9349703279,5.015215913389649e-05,0.0,0.019,3.61883763677184,154.0,230.0,113.35714285714286
586,39093,Lorain County,"323,219",67272.0,134591.0,0.0,119820022.56008828,0.0501344731019492,6,25769.32,83167.31833333333,5.3,1632.8383333333334,2.7269834532321644,0.0,0.0520212225837581,14.0,251.26,0.0,0.0,0.0,0.0,0.069,1.3053330677477395,56.0,345.0,166.33928571428572
587,47101,Lewis County,"13,487",44613.0,5681.0,0.0,28459545.77861379,0.0388983051605901,3,0.56,0.85,4.7,0.557,9.037270600856068,0.0,5.482317633218326,8.0,238.9,0.0,0.0,0.0,0.0,0.26,4.432745015650574,3.0,161.0,161.0
588,41067,Washington County,"611,708",100121.0,237586.0,26.0,166592523.08353937,0.0885201011832118,7,6.33,14.422857142857143,7.0,1.2982857142857145,5.572863454494764,1452.0,0.9984303998199268,23.0,360.71,0.0,0.0,0.0,0.0,0.53,3.2294013559100163,17.0,500.0,137.64705882352942
589,51810,Virginia Beach city,"453,737",87544.0,189951.0,0.0,307335490.9770549,0.2385189219719576,14,9.44,1.9007142857142856,2.242857142857143,0.1642142857142857,3.735952278800851,48.0,3.010485451171064,15.0,110.31,4.0,45658508.17864947,0.0354349512807563,0.0,0.047,0.7291568580799741,34.0,230.0,179.26470588235293
590,30057,Madison County,"10,026",61226.0,6424.0,0.0,119944946.67587662,0.0128515218697124,12,24.04,24.85,13.075,7.203166666666667,16.456052076215485,23.0,2.2828902157309288,152.0,1245.83,0.0,0.0,0.0,0.0,0.37,89.27476218339119,0.0,0.0,0.0
591,51103,Lancaster County,"10,995",62674.0,7452.0,0.0,69198973.59419991,0.1154517277056897,2,0.27,0.375,2.65,0.1665,11.8276550904274,0.0,3.107458757818093,8.0,27.54,0.0,0.0,0.0,0.0,0.067,2.900612266361108,3.0,115.0,115.0
592,29013,Bates County,"16,512",54122.0,7225.0,0.0,370547883.5531281,0.1680440345414159,12,2.6,0.525,2.333333333333333,0.0501666666666666,7.955533863600603,0.0,2.5297460137646284,13.0,251.6,0.0,0.0,0.0,0.0,0.079,8.348888592523334,6.0,161.0,161.0
593,33001,Belknap County,"65,147",80719.0,38478.0,0.0,1586.494340737309,1.303267094336266e-06,41,262.51,17.41780487804878,5.55609756097561,5.836170731707317,0.7945701612086066,397.0,3.8439124999598606,43.0,246.01,0.0,0.0,0.0,0.0,0.22,2.580281496444763,6.0,115.0,115.0
594,51159,Richmond County,"9,294",62708.0,3944.0,0.0,58254693.32971261,0.1039549421636758,2,0.35,0.7,4.0,0.368,3.158315352410206,0.0,1.515373034624016,7.0,53.02,0.0,0.0,0.0,0.0,0.083,3.947058976211593,3.0,230.0,230.0
595,02230,Skagway Municipality,"1,104",79583.0,631.0,0.0,0.0,0.0,9,3.54,4.584444444444444,9.044444444444444,0.7657777777777777,9.991560022434369,0.0,0.4201615605789668,13.0,95.42,0.0,0.0,0.0,0.0,0.34,133.1718376144761,0.0,0.0,0.0
596,02105,Hoonah-Angoon Census Area,"2,271",62344.0,1708.0,0.0,585997.2126525445,2.360421101023907e-05,196,129.65,14.07591836734694,9.193877551020408,1.4602704081632654,15.411507326980336,0.0,1.896363049529084,250.0,1169.18,0.0,0.0,0.0,0.0,0.47,67.8248101443098,0.0,0.0,0.0
597,29159,Pettis County,"44,254",57581.0,18562.0,0.0,161267128.70681342,0.0907292511047647,3,0.71,0.8766666666666666,3.266666666666667,0.139,8.952867072316742,0.0,0.5338523091949006,13.0,232.77,0.0,0.0,0.0,0.0,0.097,0.2932418387031993,19.0,161.0,161.0
598,30063,Missoula County,"123,513",66840.0,55084.0,0.0,128816761.03862733,0.01899826775428,39,30.74,9.18102564102564,8.648717948717948,14.265179487179486,2.5808227248738795,269.0,2.2574383035142285,74.0,1009.79,0.0,0.0,0.0,0.0,0.24,30.02962870705494,2.0,500.0,500.0
599,20019,Chautauqua County,"3,321",51210.0,1983.0,0.0,110200.10750754822,6.599053629052686e-05,15,3.84,1.8306666666666669,3.913333333333333,0.2483333333333333,2.6655028048194485,0.0,1.0936864514247926,20.0,181.97,0.0,0.0,0.0,0.0,0.062,3.588237358794538,7.0,69.0,69.0
600,48459,Upshur County,"44,410",60456.0,17383.0,0.0,259264545.0274599,0.1689252110212859,5,71.91,495.524,10.34,5.993399999999999,15.081103793514956,29.0,3.982659018980261,18.0,406.92,0.0,0.0,0.0,0.0,0.067,8.89142847130701,16.0,345.0,122.1875
601,51047,Culpeper County,"57,666",92359.0,19285.0,1.0,99380232.29884069,0.100278262542634,5,1.48,1.114,3.2,0.3258,4.21876380001815,0.0,2.033664241381277,13.0,348.35,0.0,0.0,0.0,0.0,0.1,3.2221652090237187,8.0,115.0,115.0
602,40061,Haskell County,"11,787",46239.0,5677.0,0.0,316074024.1215418,0.1951123388519583,4,491.42,1343.13,6.775,304.083,1.723508870836418,47.0,2.921605341887125,25.0,217.57,0.0,0.0,0.0,0.0,0.11,2.9661133188498,11.0,161.0,127.54545454545456
603,54069,Ohio County,"40,496",55521.0,21189.0,0.0,18407853.480935216,0.0650692077519391,0,0.0,0.0,0.0,0.0,11.323680995602054,0.0,2.631268857491233,7.0,245.62,0.0,0.0,0.0,0.0,0.055,3.9339147261288825,19.0,138.0,108.94736842105264
604,54065,Morgan County,"18,027",61021.0,9164.0,1.0,34135619.074486576,0.0573941733294174,0,0.0,0.0,0.0,0.0,9.59674267612237,0.0,1.4999725485989668,16.0,261.19,0.0,0.0,0.0,0.0,0.064,16.532884902551736,1.0,138.0,138.0
605,51165,Rockingham County,"89,316",73232.0,35692.0,0.0,108759306.99639316,0.0491767323284501,3,0.71,1.7333333333333334,6.566666666666666,0.3606666666666667,14.81240877479566,0.0,0.1970927028490071,19.0,478.16,0.0,0.0,0.0,0.0,0.08,12.122473266593063,14.0,230.0,156.07142857142858
606,18183,Whitley County,"35,046",73636.0,14868.0,0.0,45312714.045922935,0.0517663929219733,12,4.95,1.4991666666666663,3.4250000000000003,0.0984999999999999,11.319421521781104,0.0,1.094699585224497,12.0,112.94,0.0,0.0,0.0,0.0,0.077,6.74780957996348,5.0,345.0,220.8
607,04001,Apache County,"64,445",37483.0,29032.0,0.0,470332509.7367801,0.0161861959951644,38,23.86,3.908947368421052,4.765789473684211,0.0505526315789473,38.81366272099571,31.0,9.51141530439806,88.0,688.83,0.0,0.0,0.0,0.0,0.068,47.5474416036092,11.0,500.0,222.63636363636363
608,29121,Macon County,"15,190",54113.0,7442.0,0.0,399675285.3134297,0.1899569372904549,9,26.54,50.01888888888889,6.288888888888889,0.6347777777777778,3.458391744971344,13.0,0.0375634644967663,20.0,366.2,1.0,12451559.671510955,0.0059179544660478,0.0,0.08,5.002877093532663,25.0,161.0,72.68
609,48279,Lamb County,"12,579",54519.0,5899.0,0.0,13368.429972432124,5.071730641953284e-06,3,6.2700000000000005,8.033333333333333,3.6666666666666665,0.0273333333333333,19.969429852632047,0.0,24.623206002219483,2.0,1.56,0.0,0.0,0.0,0.0,0.044,5.468401047440211,28.0,230.0,107.60714285714286
610,20097,Kiowa County,"2,432",70347.0,1158.0,0.0,2626.091417788147,1.402658298568838e-06,0,0.0,0.0,0.0,0.0,34.300889595402644,0.0,9.25506488730203,10.0,235.66,0.0,0.0,0.0,0.0,0.054,3.97265948392574,6.0,115.0,101.58333333333331
611,48015,Austin County,"33,625",73556.0,13870.0,0.0,353810100.03160274,0.2081221024784672,0,0.0,0.0,0.0,0.0,29.47825313802025,1.0,2.203000153227776,8.0,483.72,0.0,0.0,0.0,0.0,0.037,6.379857347404026,10.0,345.0,151.8
612,29061,Daviess County,"8,558",59706.0,4125.0,0.0,226432531.11210096,0.1536364566567525,1,1.77,30.9,17.4,0.287,6.477385432563398,1.0,0.6007213972471426,11.0,333.23,0.0,0.0,0.0,0.0,0.059,1.2941257987550705,8.0,69.0,69.0
613,13253,Seminole County,"9,162",46063.0,5046.0,0.0,146340489.06891352,0.220234076980084,19,89.73,27.34526315789474,3.026315789473684,70.0278947368421,9.162477660758451,27.0,2.0877785530167228,12.0,118.77,0.0,0.0,0.0,0.0,0.05,2.428282980656532,3.0,230.0,153.33333333333334
614,26101,Manistee County,"25,656",59467.0,15562.0,0.0,83645768.48993775,0.025216895433282,14,57752.59,347158.24000000005,10.828571428571427,141.7545714285714,0.0,0.0,10.133927136682589,18.0,203.47,0.0,0.0,0.0,0.0,0.03,8.69253811698775,27.0,345.0,96.25925925925924
615,19119,Lyon County,"12,354",73735.0,4853.0,0.0,161389216.54376504,0.1060138023013771,0,0.0,0.0,0.0,0.0,28.80335607649918,1.0,4.378494747068384,13.0,426.39,0.0,0.0,0.0,0.0,0.038,2.129704325036095,20.0,230.0,101.2
616,48233,Hutchinson County,"19,633",62211.0,10190.0,0.0,0.0,0.0,2,35.2,1501.515,43.85,5.2585,22.736372820108905,0.0,1.9353644372115493,25.0,178.52,0.0,0.0,0.0,0.0,0.1,2.716933491800207,28.0,230.0,107.60714285714286
617,40139,Texas County,"20,322",55682.0,8448.0,0.0,129592213.80694768,0.0244232848927406,1,2.95,762.9,258.9,1.12,29.04357211870349,0.0,2.598824820064916,14.0,126.74,0.0,0.0,0.0,0.0,0.063,1.9407560630289236,36.0,345.0,98.38888888888889
618,40153,Woodward County,"19,827",61207.0,9372.0,0.0,297558910.96576184,0.092166445454847,2,16.25,82.56,11.55,4.744,28.577265753666005,9.0,0.1371508930473215,23.0,583.1400000000001,0.0,0.0,0.0,0.0,0.083,3.376124988034994,40.0,345.0,113.85
619,19003,Adams County,"3,617",64750.0,1893.0,0.0,81306619.22641046,0.0737773366886597,2,2.27,16.044999999999998,9.6,1.8385,2.16425568296658,0.0,2.097995603459177,11.0,176.91,0.0,0.0,0.0,0.0,0.043,3.385473333107248,2.0,345.0,253.0
620,55109,St. Croix County,"98,276",97950.0,37640.0,0.0,113304583.2154536,0.0595049542978987,19,11.79,3.238947368421053,4.078947368421052,0.8025789473684211,5.421912591857542,11.0,7.437293790945688,21.0,316.66,0.0,0.0,0.0,0.0,0.024,6.739015894758863,51.0,161.0,83.43137254901961
621,42121,Venango County,"49,346",59278.0,26276.0,0.0,81031495.46988137,0.0458196627823469,2,1.5,4.92,6.75,0.2965,7.3037189157942,0.0,0.7584738424404951,14.0,460.91,0.0,0.0,0.0,0.0,0.053,3.049930551709624,13.0,345.0,150.3846153846154
622,39153,Summit County,"538,376",68360.0,246641.0,1.0,66727734.08950472,0.0613400377105589,23,12.22,2.269565217391305,3.404347826086956,0.8587826086956521,6.784020464667802,0.0,0.2033972465589696,25.0,325.6,0.0,0.0,0.0,0.0,0.067,0.462654726979668,46.0,345.0,147.0
623,13127,Glynn County,"87,599",65970.0,42418.0,0.0,673561220.4778149,0.4443127097904183,6,1.25,0.37,1.7,0.0183333333333333,3.366122379119859,161.0,7.415768306747571,11.0,146.25,1.0,27221880.52109557,0.0179568347051496,0.0,0.11,2.1591811326904145,16.0,230.0,150.9375
624,48479,Webb County,"281,224",59984.0,85296.0,0.0,1309214450.2648144,0.1497487163870226,19,7.87,4.35,3.126315789473684,9.346631578947369,20.172822641241357,8.0,22.119936822502066,12.0,281.05,0.0,0.0,0.0,0.0,0.025,18.88557249000978,19.0,345.0,159.78947368421052
625,37123,Montgomery County,"26,403",55523.0,14926.0,0.0,80357071.04435824,0.0618625042721238,5,51.05,99.296,8.86,138.3448,7.281976809758075,4.0,3.12541101042431,22.0,402.13,0.0,0.0,0.0,0.0,0.11,1.9923032690037457,22.0,115.0,115.0
626,23003,Aroostook County,"66,609",50843.0,38440.0,0.0,63189323.47472547,0.0035734012836903,182,367.27,16.103571428571428,4.80054945054945,3.192142857142857,8.939665640223394,496.0,0.6161149314437234,360.0,2451.08,1.0,58015.69674555948,3.2808290044075725e-06,0.0,0.17,15.833977740660837,52.0,69.0,69.0
627,28065,Jefferson Davis County,"10,941",36473.0,5659.0,0.0,117896192.41836464,0.1112582173343246,4,1.18,1.04,3.4,0.15225,1.2592730671498669,7.0,4.2576722176606,7.0,153.15,0.0,0.0,0.0,0.0,0.079,5.979246207024481,10.0,161.0,96.6
628,18175,Washington County,"28,383",60695.0,12149.0,0.0,111235850.04520728,0.0831373902979782,7,1.87,1.6385714285714286,5.185714285714285,0.1171428571428571,3.188443894140533,0.0,0.3797931419969572,18.0,433.6,0.0,0.0,0.0,0.0,0.16,1.771918559697832,12.0,230.0,88.16666666666667
629,46051,Grant County,"7,534",70851.0,3444.0,0.0,240720349.8051693,0.1351827647160801,16,53.24,16.9475,2.375,0.371125,12.737004770197467,48.0,9.040793106308694,16.0,124.43,0.0,0.0,0.0,0.0,0.046,10.25011533560916,14.0,345.0,103.5
630,46091,Marshall County,"4,426",74018.0,2412.0,0.0,49697418.69796479,0.0216517179082831,112,86.88,2.52,2.7839285714285715,0.073,3.345649195846644,0.0,10.549162437945188,11.0,44.48,0.0,0.0,0.0,0.0,0.045,10.049518198807167,5.0,115.0,85.64
631,53067,Thurston County,"304,261",88895.0,121682.0,0.0,177296037.06543776,0.0884320346682711,24,23.53,18.617916666666662,7.304166666666667,2.534708333333333,1.072663888175784,527.0,0.1708751042562051,26.0,370.75,1.0,75012770.39117987,0.0374150038635524,0.0,0.68,5.066748116260884,14.0,500.0,163.42857142857142
632,31107,Knox County,"8,335",61250.0,4532.0,0.0,268888836.93135816,0.091091131779743,2,85.38000000000001,333.43,4.65,475.196,15.27699783405042,0.0,1.1281900730059753,64.0,431.95,0.0,0.0,0.0,0.0,0.069,9.820921423371326,17.0,230.0,83.88235294117646
633,35061,Valencia County,"82,013",56246.0,30129.0,6.0,265120067.44691333,0.0958629755431016,0,0.0,0.0,0.0,0.0,40.15241945176746,1.0,5.3340905271191215,3.0,107.04,0.0,0.0,0.0,0.0,0.19,7.431110663626363,6.0,115.0,115.0
634,30079,Prairie County,"1,112",44107.0,650.0,0.0,0.0,0.0,5,0.68,0.368,2.72,0.159,10.845949980059252,0.0,6.2408545729424665,20.0,670.13,0.0,0.0,0.0,0.0,0.037,57.13040459233427,0.0,0.0,0.0
635,49031,Piute County,"1,509",33359.0,893.0,0.0,3521.219466528001,1.774771950960829e-06,3,15.65,86.38,12.033333333333331,1.9236666666666669,5.645535499682905,2.0,1.943371472620024,23.0,186.8,0.0,0.0,0.0,0.0,0.28,41.2370446383316,0.0,0.0,0.0
636,21161,Mason County,"16,936",48460.0,8181.0,0.0,40719332.92647833,0.063803308234174,1,0.24,0.54,2.3,2768.943,11.525107936282344,0.0,2.2364668442960105,10.0,199.11,0.0,0.0,0.0,0.0,0.13,1.0252878730897197,16.0,138.0,112.125
637,27009,Benton County,"41,744",70346.0,17318.0,0.0,61196183.69801267,0.0572040967943961,5,6.23,4.26,2.96,1.0186,7.256613804336968,0.0,1.0449430986449486,17.0,342.33000000000004,0.0,0.0,0.0,0.0,0.025,0.6022987019378362,22.0,230.0,97.22727272727272
638,48129,Donley County,"3,213",51711.0,1954.0,0.0,1062.5366713156775,4.3968644798844803e-07,1,3.74,124.0,33.1,0.104,8.212485257951352,0.0,4.231241240650009,14.0,122.79,0.0,0.0,0.0,0.0,0.091,16.39595794940871,3.0,69.0,59.333333333333336
639,12005,Bay County,"204,479",65999.0,104428.0,0.0,997357473.2583708,0.2625459661818257,12,4.9,1.4633333333333332,3.216666666666667,0.4055833333333333,1.3342063312333714,6331.0,0.1582289658914034,19.0,243.11,2.0,119887577.5315937,0.0315593964252341,0.0,0.042,1.2765846088102877,57.0,230.0,127.10526315789474
640,01077,Lauderdale County,"97,135",56081.0,44705.0,0.0,279704768.7229982,0.1500759162471324,4,368.55,934.3275,9.4,1407.339,5.807539529454418,8.0,4.212965092586416,43.0,247.59,0.0,0.0,0.0,0.0,0.23,3.681942264725352,45.0,161.0,161.0
641,18045,Fountain County,"17,013",60559.0,7795.0,0.0,66638806.70939932,0.0646673754786449,2,0.34,0.355,2.0,0.418,14.132891391855422,0.0,0.8366971312450575,8.0,302.14,0.0,0.0,0.0,0.0,0.12,0.1425730270176376,12.0,345.0,118.83333333333331
642,17173,Shelby County,"20,576",65585.0,10053.0,0.0,39957.33251209577,2.0086374152346543e-05,5,46.59,259.42,9.0,10.3328,2.816814549113766,0.0,0.2565394882493551,27.0,398.98,0.0,0.0,0.0,0.0,0.19,14.14068946269265,6.0,345.0,207.0
643,17051,Fayette County,"20,790",51962.0,8839.0,0.0,723.183597812648,3.849795175385548e-07,10,98.04,54.057,2.95,10.5143,8.213327125573242,0.0,0.6154786262931148,39.0,360.7,0.0,0.0,0.0,0.0,0.27,1.325656839541456,6.0,345.0,207.0
644,39127,Perry County,"35,918",62899.0,15003.0,0.0,44704640.311204135,0.0418451716984041,8,12.87,4.11375,4.0375,0.24225,1.0674665152939122,0.0,1.4615346634380122,14.0,222.45,0.0,0.0,0.0,0.0,0.077,1.1749237049157475,22.0,345.0,109.77272727272728
645,51590,Danville city,"41,647",41484.0,22291.0,0.0,11550111.582391685,0.1020454515036099,0,0.0,0.0,0.0,0.0,13.660837342212083,1.0,0.8601238968232965,6.0,80.3,0.0,0.0,0.0,0.0,0.085,1.8870505109465876,14.0,138.0,88.71428571428571
646,13011,Banks County,"21,273",69096.0,7308.0,0.0,37353775.40639235,0.0615166493746343,4,1.83,2.1975,5.05,1.0665,8.879397158331937,8.0,0.9355745785566704,7.0,146.07,0.0,0.0,0.0,0.0,0.14,5.722085271355705,6.0,230.0,153.33333333333334
647,13305,Wayne County,"32,481",49847.0,12487.0,0.0,237726317.1098446,0.1414991065676263,3,1.57,1.53,3.0666666666666664,0.2226666666666666,11.5371554496589,9.0,0.2528691054011786,13.0,289.12,1.0,78458226.61782688,0.0466997895069949,0.0,0.11,5.0263398878544585,7.0,500.0,170.0
648,40109,Oklahoma County,"822,125",62505.0,353429.0,1.0,256509562.43244427,0.1378522875440078,14,34.49,28.18142857142857,4.942857142857143,9.734142857142857,2.782218917580835,21.0,2.565945037819529,23.0,510.48,4.0,26261199.493147623,0.0141131831088494,0.0,0.17,3.6693750937531058,159.0,345.0,128.45283018867926
649,40069,Johnston County,"10,448",48476.0,4721.0,0.0,213005162.090746,0.1249196260829635,11,26.860000000000003,13.92090909090909,3.936363636363636,20.239545454545453,13.61224636864026,0.0,0.4789938173003434,26.0,634.62,0.0,0.0,0.0,0.0,0.15,10.104920547203438,9.0,138.0,138.0
650,37099,Jackson County,"45,039",51482.0,26967.0,0.0,30930311.07268086,0.0241306362099303,5,7.35,26.722,14.38,3.136,5.14336072355938,6.0,0.4246119496442259,21.0,192.22,0.0,0.0,0.0,0.0,0.23,2.338956926005304,28.0,161.0,161.0
651,49043,Summit County,"43,141",126392.0,25959.0,0.0,94789188.58027396,0.0194596854335128,21,13.97,10.529523809523807,8.642857142857142,0.7330476190476191,3.894301294360579,326.0,2.903664160376052,63.0,542.2,0.0,0.0,0.0,0.0,0.33,36.851333053080346,8.0,115.0,80.5
652,29167,Polk County,"33,604",54487.0,13410.0,0.0,134124743.33053124,0.08061136248129,2,127.02,1433.3000000000002,23.8,28.4995,14.401880314276458,0.0,4.751752380422685,12.0,246.51,0.0,0.0,0.0,0.0,0.12,3.296059218425305,10.0,161.0,151.8
653,32015,Lander County,"5,872",92388.0,2802.0,0.0,971275089.6381269,0.067942971419071,5,1.48,3.6019999999999994,11.72,8.2822,25.15057701966704,6.0,6.79854763016728,34.0,335.51,0.0,0.0,0.0,0.0,0.32,47.89686174242728,4.0,345.0,260.0
654,19191,Winneshiek County,"19,733",67770.0,8958.0,0.0,112036633.40106986,0.0626802018146069,2,0.37,0.62,3.55,0.0315,13.7195058177401,2.0,1.6382160365587262,11.0,281.04,0.0,0.0,0.0,0.0,0.032,20.5200482909962,2.0,69.0,69.0
655,20125,Montgomery County,"30,177",51513.0,15625.0,0.0,353986441.9263556,0.2097908599300002,8,14.169999999999998,13.6475,2.9,11.606,4.865249778568428,0.0,6.505134941256121,19.0,268.64,0.0,0.0,0.0,0.0,0.065,2.054086119051832,32.0,138.0,88.40625
656,45039,Fairfield County,"20,340",44521.0,10943.0,0.0,153742632.3403549,0.0836207326258364,8,86.19,109.2175,5.8375,70.57012499999999,6.601189379317746,8.0,0.6312819230907271,30.0,359.65,0.0,0.0,0.0,1.0,0.21,4.123527797597122,37.0,230.0,123.51351351351352
657,31033,Cheyenne County,"9,528",54038.0,4892.0,0.0,58601.10925331382,1.891616430362339e-05,0,0.0,0.0,0.0,0.0,41.8103179218552,4.0,8.839253869592385,4.0,90.8,0.0,0.0,0.0,0.0,0.047,6.008684683969728,5.0,230.0,184.0
658,27091,Martin County,"19,440",61674.0,9737.0,0.0,44582.551818168926,2.359367557441417e-05,54,54.2,3.2533333333333334,2.9870370370370374,0.3636851851851851,4.422996345362439,216.0,2.408482474343954,22.0,223.81,0.0,0.0,0.0,0.0,0.029,2.305787910649238,46.0,345.0,99.0
659,47155,Sevier County,"101,342",60103.0,56728.0,0.0,60318525.11814895,0.0389647546641772,1,64.76,1900.8,29.3,284.161,14.027452740218616,1.0,1.7329326176178024,17.0,296.74,0.0,0.0,0.0,0.0,0.31,1.682711783817226,26.0,161.0,161.0
660,47139,Polk County,"18,592",53775.0,8681.0,0.0,56117557.02487453,0.0489883052615908,7,7.68,15.904285714285717,6.585714285714286,17.84185714285714,4.262782951580417,0.0,2.9570524281746184,17.0,204.76,0.0,0.0,0.0,0.0,0.39,4.450419375240233,12.0,161.0,138.0
661,48263,Kent County,674,68553.0,475.0,0.0,0.0,0.0,1,4.89,437.3,89.4,0.368,27.733938835660748,0.0,2.632027681371612,6.0,334.43,0.0,0.0,0.0,0.0,0.039,4.326151931991993,7.0,345.0,141.28571428571428
662,30099,Teton County,"6,496",65224.0,2938.0,0.0,532045.5800631917,8.962906496870326e-05,27,52.29,14.132962962962964,4.303703703703704,1.1577037037037037,5.810167687228244,7.0,1.4622626447586364,70.0,751.88,0.0,0.0,0.0,0.0,0.13,147.1114183184244,0.0,0.0,0.0
663,31069,Garden County,"1,804",47139.0,1139.0,0.0,389336286.2028678,0.0868486417975341,101,45.8,1.2217821782178218,2.563366336633663,0.0594950495049505,8.978209210639584,201.0,1.619443336892023,13.0,114.41,0.0,0.0,0.0,0.0,0.05,19.04080640907697,5.0,115.0,115.0
664,17117,Macoupin County,"43,748",64706.0,21091.0,0.0,48711.04941610085,2.167496838404205e-05,19,8.18,2.4105263157894736,2.9263157894736844,0.1243157894736842,5.392184426824832,0.0,0.6370370437801774,18.0,366.34,0.0,0.0,0.0,0.0,0.2,12.126743049480826,4.0,138.0,138.0
665,39141,Ross County,"76,429",58048.0,32051.0,0.0,171532217.25713342,0.0955650847573368,6,6.77,31.03333333333333,9.0,71.86466666666666,6.0544652438394175,0.0,0.9420935091435436,25.0,518.46,1.0,1844463.665112951,0.001027598950838,0.0,0.094,1.3619338877379057,28.0,345.0,98.57142857142856
666,17195,Whiteside County,"54,121",62828.0,25860.0,0.0,392027260.2332624,0.217347034127816,6,1.23,0.6166666666666667,2.75,0.1061666666666666,9.1818044673186,0.0,3.929808006878909,30.0,535.22,0.0,0.0,0.0,0.0,0.071,3.9531989837454335,8.0,345.0,195.5
667,48141,El Paso County,"877,858",55417.0,317665.0,0.0,8557928.335487023,0.0032545001534752,4,1.74,1.0175,2.1,0.028,20.121758228343527,0.0,13.48378112934583,4.0,654.93,1.0,499014963.5909085,0.1897707262701237,0.0,0.15,22.452252636511638,5.0,115.0,105.8
668,48301,Loving County,52,,55.0,0.0,558.1329579955191,3.185305102322331e-07,1,16.11,640.1,39.7,12.72,31.67421200336403,0.0,15.443345453381363,3.0,409.66,0.0,0.0,0.0,0.0,0.064,35.30716171940742,0.0,0.0,0.0
669,40077,Latimer County,"9,645",42735.0,4700.0,0.0,53478.73733011176,2.831829791342656e-05,7,55.15,57.35428571428572,4.928571428571429,1.3982857142857144,7.165547803994383,6.0,1.9656355855478749,22.0,191.54,0.0,0.0,0.0,0.0,0.11,3.610795104984382,13.0,161.0,122.07692307692308
670,39167,Washington County,"58,389",59053.0,27997.0,0.0,96833166.45978568,0.0584050692640023,5,25.17,45.132,6.159999999999999,508.745,8.088092709979327,0.0,1.6590423292056695,23.0,665.82,0.0,0.0,0.0,0.0,0.077,5.448663766063885,17.0,345.0,162.35294117647058
671,29091,Howell County,"40,798",46401.0,18081.0,0.0,119433090.45023656,0.0496748573709592,3,0.56,0.5833333333333334,3.1666666666666665,0.1083333333333333,12.348517996694708,0.0,1.974924663485749,16.0,238.2,0.0,0.0,0.0,0.0,0.29,0.9577220020335268,29.0,161.0,75.34482758620689
672,20047,Edwards County,"2,640",52750.0,1549.0,0.0,214966542.76755983,0.1334445189881788,0,0.0,0.0,0.0,0.0,34.20161195289622,0.0,6.7698748340359405,5.0,442.68,0.0,0.0,0.0,0.0,0.052,11.100783062316792,3.0,115.0,99.66666666666669
673,21111,Jefferson County,"795,222",66296.0,356155.0,2.0,137648557.36869606,0.1336677433624246,1,0.35,0.86,2.5,0.052,13.176739956359318,0.0,5.11308259991115,19.0,321.11,1.0,329626.16953599534,0.0003200933382618,0.0,0.14,0.7099585971667426,140.0,345.0,103.82857142857142
674,17107,Logan County,"27,182",62547.0,11985.0,0.0,242537774.9861927,0.1513014139296429,7,1.74,0.5442857142857143,1.8857142857142857,4.592428571428571,0.4521534396848303,0.0,1.1349284208464112,8.0,273.04,0.0,0.0,0.0,0.0,0.12,1.912657633460632,17.0,345.0,162.35294117647058
675,55139,Winnebago County,"174,218",70041.0,76371.0,0.0,548760124.2063076,0.3662082983045404,2,656.4399999999999,2057.82,3.9,68.921,0.0,0.0,0.7318707277172402,23.0,201.59,0.0,0.0,0.0,0.0,0.031,4.223850228465685,26.0,345.0,116.76923076923076
676,47003,Bedford County,"55,273",59955.0,19813.0,0.0,65222582.58978413,0.0530394006787851,3,10.95,52.22333333333333,7.3,3.0826666666666664,18.575085357975794,1.0,3.569794690681988,16.0,402.78,0.0,0.0,0.0,0.0,0.18,1.6646654692903886,10.0,500.0,194.9
677,47027,Clay County,"7,821",39572.0,3981.0,0.0,76429452.0393623,0.1137855200717345,2,126.34,1579.8450000000005,26.1,193.341,8.168869769334334,1.0,2.347333410915033,29.0,139.22,0.0,0.0,0.0,0.0,0.14,6.140953078333828,4.0,69.0,69.0
678,17029,Coles County,"46,607",53732.0,22786.0,0.0,62943729.31787823,0.0476460894891198,5,6.42,8.484,4.4,4.4298,8.150201007080712,0.0,5.383896289066227,16.0,264.55,0.0,0.0,0.0,0.0,0.17,4.913544802170227,21.0,138.0,95.28571428571428
679,47097,Lauderdale County,"24,617",46702.0,10707.0,0.0,671595299.9403921,0.5156381272029358,4,6.84,7.2875,3.55,1.43675,5.536662051384289,4.0,1.9298430271540892,25.0,298.13,0.0,0.0,0.0,0.0,0.88,5.416070229174633,19.0,161.0,127.10526315789474
680,41001,Baker County,"16,658",51657.0,8671.0,0.0,868020.6120382972,0.0001085320157943,10,60.54,197.279,11.55,162.8802,13.559444733033525,19.0,3.619552295630179,87.0,836.55,0.0,0.0,0.0,0.0,0.17,40.48088781197115,3.0,115.0,115.0
681,36097,Schuyler County,"16,924",61316.0,9671.0,0.0,84603.79656242875,9.541941270048176e-05,6,181.96,1508.0383333333332,17.55,4.959666666666666,0.0,0.0,0.421725220225869,21.0,173.4,0.0,0.0,0.0,0.0,0.071,5.216688205429835,2.0,115.0,115.0
682,26159,Van Buren County,"76,071",65531.0,37076.0,0.0,42912597.48969926,0.0152019397610033,59,57752.53999999999,82374.43000000001,4.610169491525424,31.925271186440675,2.28587724688448,0.0,5.252067288346183,21.0,177.82999999999998,0.0,0.0,0.0,1.0,0.066,3.731203751569237,15.0,345.0,207.0
683,17131,Mercer County,"15,229",67028.0,7311.0,0.0,196735064.3863138,0.1335593228310819,5,3.8,2.192,2.66,0.3542,19.51740864795896,0.0,2.592814100059455,21.0,268.42,0.0,0.0,0.0,0.0,0.068,20.74903433126131,2.0,345.0,253.0
684,28099,Neshoba County,"28,732",47400.0,12081.0,0.0,245773988.1407192,0.1660105499525268,4,1.46,1.1825,2.975,1.8895,1.2541882607168633,0.0,1.6107664769798278,23.0,260.77,0.0,0.0,0.0,0.0,0.12,0.3994327521685643,14.0,161.0,161.0
685,46045,Edmunds County,"4,022",76806.0,1948.0,0.0,47670.261041881466,1.5990047573074645e-05,60,29.18,1.4386666666666663,2.418333333333333,0.1054833333333333,4.932657457252077,0.0,15.897098119130604,7.0,10.71,0.0,0.0,0.0,0.0,0.042,5.512701986146751,9.0,69.0,62.91111111111112
686,72119,Río Grande Municipio,,25963.0,22704.0,0.0,36994651.88625218,0.1595388120111156,0,0.0,0.0,0.0,0.0,8.471777791811906,0.0,1.780938688936078,7.0,37.19,0.0,0.0,0.0,0.0,0.46,135.83971582510455,0.0,0.0,0.0
687,01035,Conecuh County,"10,899",39888.0,6451.0,0.0,204989654.3424495,0.0928126175513589,3,0.42,0.4533333333333333,3.1,0.2246666666666666,8.466651173729785,4.0,0.6438387941061016,13.0,462.23,1.0,1547288.0190365326,0.000700561458154,0.0,0.069,5.385359852929562,12.0,230.0,134.16666666666666
688,18029,Dearborn County,"51,609",80352.0,20884.0,0.0,54158115.90905152,0.0680215713451553,5,1.96,1.104,2.84,70.226,10.862210409950608,0.0,1.9996516299863367,22.0,300.33,0.0,0.0,0.0,0.0,0.11,2.5510957221283665,14.0,345.0,187.28571428571428
689,18071,Jackson County,"47,370",65609.0,19144.0,0.0,360951361.9702749,0.2711859511103545,11,2.73,0.8536363636363636,3.1,0.2341818181818181,3.715659031769385,0.0,0.0803687008783397,24.0,520.02,0.0,0.0,0.0,0.0,0.15,4.147290462265717,19.0,345.0,145.26315789473685
690,28081,Lee County,"83,731",64479.0,37310.0,0.0,231676020.06520304,0.1973863150696899,17,5.9,1.086470588235294,2.911764705882353,2.6137058823529413,1.9370807627606288,0.0,0.4731995905466158,19.0,194.1,0.0,0.0,0.0,0.0,0.23,1.855858502049322,26.0,161.0,146.84615384615384
691,22125,West Feliciana Parish,"15,134",71985.0,5086.0,0.0,431911613.8841522,0.3914596295165516,15,26.91,10.652666666666669,3.306666666666666,0.8453333333333333,1.8069369839156,14.0,0.2516585484838973,20.0,564.97,0.0,0.0,0.0,1.0,0.061,5.735308180526779,9.0,500.0,170.55555555555554
692,05035,Crittenden County,"46,210",51860.0,21335.0,0.0,563712571.1193658,0.3380549328440082,24,19.3,2.080833333333333,1.8333333333333333,0.3373333333333333,6.491674924603158,56.0,2.61967321377984,26.0,481.76,0.0,0.0,0.0,0.0,0.82,4.821594713896635,15.0,161.0,148.73333333333332
693,12063,Jackson County,"49,629",46144.0,20022.0,0.0,496095833.08324033,0.2006609360321216,17,90.45,31.377647058823527,3.7058823529411766,77.4399411764706,4.716207666529129,7281.0,0.6770605669855951,20.0,356.32,0.0,0.0,0.0,0.0,0.048,1.4966001671081313,23.0,230.0,125.0
694,48125,Dickens County,"1,692",46638.0,1082.0,0.0,0.0,0.0,4,1.82,0.8049999999999999,2.15,0.033,11.793724203431964,0.0,12.136693678956766,5.0,161.37,0.0,0.0,0.0,0.0,0.044,11.890047945158004,6.0,230.0,172.5
695,51115,Mathews County,"8,529",79054.0,5478.0,0.0,98897937.10168748,0.1515491655576686,2,1.35,1.31,2.0,0.1685,0.4295180926650166,0.0,10.95368434182286,2.0,88.33,0.0,0.0,0.0,0.0,0.059,22.697324227553164,0.0,0.0,0.0
696,38075,Renville County,"2,331",77067.0,1253.0,0.0,7731612.382794973,0.0033431015558816,9,35.99,38.95222222222222,4.188888888888889,5.173555555555556,4.918811974740425,17.0,5.383127928836341,6.0,102.19,0.0,0.0,0.0,0.0,0.027,6.039264766521143,12.0,115.0,115.0
697,48283,La Salle County,"6,517",62798.0,2333.0,0.0,7546.4199596732515,1.949954232169556e-06,2,0.56,0.605,1.9,0.0075,26.49131659889668,0.0,3.686369295196872,7.0,250.06,0.0,0.0,0.0,0.0,0.028,18.122048806035057,6.0,345.0,172.5
698,36067,Onondaga County,"466,584",71479.0,211312.0,1.0,217733495.38591307,0.1043514242756684,23,277.42,115.5604347826087,4.6,11.242304347826089,6.45680095242829,73.0,3.269798911270793,44.0,373.95,2.0,2475985.7753273966,0.0011866462791302,0.0,0.078,1.8123477597133464,143.0,345.0,123.04195804195804
699,19087,Henry County,"19,349",62365.0,8412.0,0.0,99594425.39733644,0.0880918304353797,1,0.6,3.06,5.1,0.344,16.98326335610588,0.0,0.9791096355286526,7.0,274.83,0.0,0.0,0.0,0.0,0.064,9.702293909647784,2.0,161.0,161.0
700,31083,Harlan County,"3,000",64583.0,1923.0,0.0,186929188.8004494,0.1257249112707771,1,50.01,1018.5,20.4,22.093,8.881016571386573,0.0,0.8702978814420115,25.0,272.40000000000003,0.0,0.0,0.0,0.0,0.046,5.327401129182394,12.0,115.0,72.83333333333333
701,30075,Powder River County,"1,781",60313.0,1015.0,0.0,6501.0854198770885,7.609077054479518e-07,1,0.17,0.36,2.1,0.26,43.70494993129401,1.0,8.930959957016109,27.0,444.8,0.0,0.0,0.0,0.0,0.065,113.63178051180564,0.0,0.0,0.0
702,72075,Juana Díaz Municipio,,23035.0,18727.0,0.0,33682847.261558294,0.1213052553215229,2,0.97,2.015,3.75,0.965,7.935184911788298,0.0,0.404894025292693,13.0,21.34,1.0,3026633.3470592736,0.0109001037851298,0.0,0.45,58.93289022030604,0.0,0.0,0.0
703,55091,Pepin County,"7,513",70833.0,3581.0,0.0,100215703.48640612,0.155581581172235,3,0.94,1.35,4.033333333333333,0.0956666666666666,2.184625169704756,24.0,1.259701967445708,21.0,198.23,0.0,0.0,0.0,0.0,0.025,4.048257795848541,7.0,69.0,69.0
704,01021,Chilton County,"47,708",62471.0,19546.0,0.0,139212876.70668897,0.0766999982169959,4,52.36,134.9775,6.825,223.66975,12.359838925371625,0.0,3.4956269920429284,36.0,409.1,0.0,0.0,0.0,0.0,0.14,4.990254307487249,40.0,115.0,115.0
705,48351,Newton County,"11,954",38871.0,6457.0,0.0,637871350.5339614,0.2620795209192911,3,600.54,2096.9466666666667,5.566666666666666,64.676,22.05726836998247,1.0,3.771229147170106,34.0,390.28,0.0,0.0,0.0,0.0,0.055,1.9841439439632231,15.0,500.0,302.3333333333333
706,48219,Hockley County,"21,600",53283.0,9184.0,0.0,259.8106927644506,1.1040880072814865e-07,1,3.06,13.4,4.4,0.065,24.665869205799485,0.0,18.64118376194528,2.0,0.71,0.0,0.0,0.0,0.0,0.037,0.9269236012889656,50.0,230.0,97.06
707,13009,Baldwin County,"44,029",54699.0,20092.0,0.0,76431697.36229594,0.1100003714222251,6,50.25,114.94833333333332,6.383333333333333,19.571166666666667,3.926412734844192,42.0,3.4311031072369347,9.0,213.19,0.0,0.0,0.0,0.0,0.15,1.5795843199893296,18.0,230.0,140.55555555555554
708,37175,Transylvania County,"34,211",62056.0,19072.0,0.0,42974786.13695616,0.043627685448956,10,33.1,162.52100000000002,10.98,1.9942,7.476579046925964,0.0,1.6210585579216514,20.0,249.4,0.0,0.0,0.0,0.0,0.23,11.977409214911884,8.0,230.0,143.75
709,37171,Surry County,"72,287",52743.0,33549.0,0.0,54368947.27878745,0.0391161909957768,2,0.35,0.8600000000000001,4.95,0.4195,16.307378405670978,2.0,0.2750382080636842,17.0,330.04,0.0,0.0,0.0,0.0,0.12,3.206478877598168,20.0,100.0,100.0
710,01031,Coffee County,"56,953",62199.0,24155.0,0.0,192368372.12185267,0.109146836690793,4,0.97,1.0175,4.1,0.12775,11.949119243083777,14.0,3.4631485957465515,11.0,282.07,6.0,64104674.04042544,0.0363719997805814,0.0,0.059,14.579128730677102,18.0,115.0,115.0
711,39149,Shelby County,"48,065",73502.0,20102.0,0.0,81352528.08155784,0.076478890111723,1,2.46,4.15,1.7,2.945,10.258812315025986,0.0,3.502991050145007,11.0,259.28,0.0,0.0,0.0,0.0,0.24,4.583271235031516,9.0,138.0,138.0
712,16027,Canyon County,"275,123",68473.0,82374.0,0.0,133814033.45470232,0.0855824126589694,3,28.21,69.87,4.233333333333333,13.503333333333336,3.367526586858011,6.0,4.677567424859221,12.0,231.2,0.0,0.0,0.0,0.0,0.14,22.41578709281614,0.0,0.0,0.0
713,55041,Forest County,"9,574",55552.0,8661.0,0.0,207679797.10377648,0.0766218061020587,99,84.75,4.946060606060605,4.248484848484849,0.1727373737373737,9.104821948436534,0.0,0.5402245784524596,60.0,487.54,0.0,0.0,0.0,0.0,0.023,30.054722208643994,0.0,0.0,0.0
714,55113,Sawyer County,"18,846",57519.0,16045.0,0.0,60444.28811961247,1.7284113762513064e-05,122,206.44,11.419180327868853,6.313934426229507,1.3251803278688523,2.509762583692428,0.0,3.1266780623930117,74.0,691.08,0.0,0.0,0.0,0.0,0.021,15.920941181635616,16.0,161.0,140.875
715,34017,Hudson County,"735,033",86854.0,311964.0,13.0,84993673.24949758,0.5263506090253319,4,3.71,15.010000000000002,9.45,0.1332499999999999,4.800046682898024,169.0,1.196301984535095,2.0,99.54,0.0,0.0,0.0,0.0,0.18,0.3604407848996247,21.0,345.0,268.3333333333333
716,39151,Stark County,"373,771",63130.0,167068.0,0.0,84078417.01766947,0.0559517897934829,11,16.919999999999998,17.74818181818182,4.472727272727273,2.1835454545454547,3.878821193508987,0.0,1.2877727099808849,24.0,321.17,0.0,0.0,0.0,0.0,0.061,2.963575756172316,55.0,345.0,168.1090909090909
717,48187,Guadalupe County,"201,111",88111.0,65166.0,0.0,258329503.3668573,0.1395400137639425,6,2.33,1.025,2.533333333333333,8.1525,8.145001909147567,4.0,1.20467356812233,8.0,316.25,1.0,3838356.55899113,0.0020733378111749,0.0,0.028,0.2190702945743161,41.0,345.0,176.70731707317074
718,53029,Island County,"85,657",82850.0,42098.0,0.0,132326259.24869137,0.0987608935351661,6,2.71,1.606666666666667,4.05,0.1085,5.335776883799254,32.0,16.445049327685975,0.0,0.0,3.0,33565481.8125781,0.0250513918746733,0.0,0.72,1.264887275792373,12.0,115.0,115.0
719,54037,Jefferson County,"63,102",93744.0,23918.0,0.0,37757534.05419432,0.0688748282273728,2,0.38,0.875,4.6,0.1895,5.61222736570252,0.0,2.056398717362093,16.0,193.63,0.0,0.0,0.0,0.0,0.074,4.689730561955751,5.0,138.0,138.0
720,51153,Prince William County,"502,966",123193.0,158642.0,61.0,88651445.79998946,0.098586417575615,6,8.4,15.555,8.066666666666666,6.0685,1.7234835001262612,0.0,0.7827414124681384,17.0,184.34,2.0,93362902.29806468,0.103825876599854,0.0,0.088,4.477263796574066,86.0,500.0,156.51162790697674
721,42029,Chester County,"557,116",118574.0,208672.0,0.0,143819930.2816605,0.0731417441437338,8,5.16,4.55,5.125,1.33175,9.386058696953889,0.0,3.121051458768699,30.0,298.6,1.0,213504.4388260398,0.0001085808274804,0.0,0.13,2.907359413502104,27.0,500.0,227.22222222222223
722,54055,Mercer County,"57,503",46409.0,29375.0,0.0,31633301.43261595,0.0290334018163443,5,0.91,1.076,5.819999999999999,0.216,8.64504203502418,0.0,1.7517922389881413,11.0,157.32,0.0,0.0,0.0,0.0,0.17,7.427896798736628,9.0,138.0,138.0
723,47145,Roane County,"57,395",66460.0,25459.0,1.0,123266114.492492,0.1204964399218267,5,138.91,321.652,7.040000000000001,240.75860000000003,0.2781588172436064,1.0,0.9578570344432962,23.0,221.45,0.0,0.0,0.0,0.0,0.31,4.2849863993010455,51.0,500.0,165.27450980392155
724,02066,Copper River Census Area,"2,666",70606.0,2564.0,0.0,0.0,0.0,1178,829.2,14.387359932088286,5.116553480475382,1.4344074702886247,3.4855178645481817,0.0,5.545265275164381,1421.0,8599.53,1.0,21970837.82826951,0.0003377337552982,0.0,0.33,226.55295886192013,0.0,0.0,0.0
725,02063,Chugach Census Area,"6,553",83068.0,3760.0,0.0,113897901.92707177,0.0028954584926658,358,374.37,21.70650837988827,8.073463687150838,6.671416201117319,9.52365500429712,0.0,7.462315827132096,406.0,1725.68,0.0,0.0,0.0,0.0,0.6,175.17893526597476,0.0,0.0,0.0
726,28049,Hinds County,"211,888",48596.0,106047.0,0.0,449690192.2882782,0.1979141360853042,22,94.59,192.2590909090909,4.990909090909091,13.513090909090907,3.880172920210342,7.0,2.5564711139306717,29.0,344.68,0.0,0.0,0.0,0.0,0.1,2.6894647673092336,52.0,500.0,162.98076923076923
727,48281,Lampasas County,"23,657",73269.0,9721.0,0.0,4565.404940704735,2.470202904319463e-06,1,0.1,0.18,1.8,0.102,11.95496924344546,0.0,11.592200936929524,7.0,277.84000000000003,0.0,0.0,0.0,0.0,0.03,11.932748390351252,2.0,345.0,241.5
728,51107,Loudoun County,"449,749",170463.0,142270.0,207.0,92590761.09770656,0.0685730695352056,3,1.31,1.7866666666666668,3.3666666666666667,0.242,10.86021523536043,0.0,5.523795415935915,27.0,254.21,0.0,0.0,0.0,0.0,0.079,8.742603734071144,47.0,500.0,249.91489361702128
729,29185,St. Clair County,"9,976",43483.0,5309.0,0.0,151184.69904919574,8.314475372243218e-05,12,191.33,535.7625,5.425,59.13225,0.8890649809064594,0.0,1.591112091920017,14.0,280.83,0.0,0.0,0.0,0.0,0.097,8.750429446541208,5.0,161.0,161.0
730,36025,Delaware County,"44,305",58338.0,30092.0,0.0,154704218.79365945,0.0407065921876952,13,41.89,110.44846153846154,12.015384615384615,5.298692307692307,10.70677730784188,26.0,0.224376704655686,63.0,662.78,0.0,0.0,0.0,0.0,0.082,7.681755718215944,17.0,345.0,128.52941176470588
731,30071,Phillips County,"4,203",61250.0,2239.0,0.0,38733056.80209282,0.0028693021741471,66,878.92,360.1916666666666,2.977272727272727,9.3535,13.408886477351333,73.0,9.819497707947558,48.0,913.01,0.0,0.0,0.0,0.0,0.03,251.7508853950304,0.0,0.0,0.0
732,29129,Mercer County,"3,404",55592.0,1929.0,0.0,110920685.12912892,0.0941018641520283,4,1.37,1.1775,2.975,0.05475,2.895594799768141,0.0,3.456840007924032,10.0,152.2,0.0,0.0,0.0,0.0,0.055,6.088254329481404,7.0,69.0,69.0
733,46127,Union County,"17,402",82036.0,7298.0,0.0,318726507.1845789,0.2634413855526568,4,1.06,0.695,2.45,14.6575,5.959102117700872,2.0,3.557350389127317,15.0,243.36,0.0,0.0,0.0,0.0,0.044,4.16659202908739,25.0,69.0,69.0
734,01051,Elmore County,"91,577",73258.0,36787.0,0.0,308479841.786533,0.181274595222714,15,155.82,175.072,12.493333333333334,104.79473333333334,10.133173307891637,0.0,2.112468082730211,38.0,326.35,0.0,0.0,0.0,0.0,0.096,2.948087201843417,65.0,230.0,116.76923076923076
735,13187,Lumpkin County,"36,178",67592.0,13183.0,0.0,20487903.59460608,0.027981773514248,1,133.83,3150.3,23.5,64.677,15.586455115243949,3.0,6.239816113078347,8.0,171.26,1.0,1166059.5955232554,0.0015925697500176,0.0,0.17,8.877581470878877,3.0,115.0,115.0
736,39083,Knox County,"64,002",71246.0,25865.0,0.0,69270304.70812756,0.0504974861016344,6,4.82,6.275,4.633333333333334,2.1956666666666664,5.731803562299009,0.0,2.0895421592354797,21.0,309.89,0.0,0.0,0.0,0.0,0.069,1.1066863631296786,15.0,345.0,133.4
737,19017,Bremer County,"25,296",84727.0,10493.0,0.0,176981139.93876255,0.155512336667737,5,2.4000000000000004,1.234,2.18,10.2726,8.514396747377182,0.0,1.2522316281816774,12.0,299.98,0.0,0.0,0.0,0.0,0.035,10.122001421631726,8.0,161.0,80.5
738,48175,Goliad County,"7,208",58125.0,3532.0,0.0,354505546.5929992,0.1592747362232824,7,10.63,30.46857142857143,5.371428571428572,6.009142857142857,16.08115444659879,0.0,0.6551387179148186,7.0,286.2,1.0,4599295.759766207,0.0020664038291921,0.0,0.03,13.441607724109558,3.0,345.0,253.0
739,37089,Henderson County,"122,375",65508.0,56744.0,0.0,58759110.35965151,0.0604838435018546,4,1.4300000000000002,2.24,5.325,0.77625,4.290200900206106,6.0,1.220480946006436,16.0,317.33,0.0,0.0,0.0,0.0,0.2,1.8018571707920024,16.0,230.0,129.375
740,12061,Indian River County,"172,799",67543.0,83801.0,0.0,952680997.1509136,0.5965237266688708,14,70.9,15.942142857142857,2.1785714285714284,2.984142857142857,6.874453946067551,0.0,10.116990766655002,6.0,281.94,0.0,0.0,0.0,0.0,0.031,3.372949022082849,13.0,230.0,173.3846153846154
741,48393,Roberts County,867,62667.0,397.0,0.0,12733.18343102526,5.319577757084634e-06,0,0.0,0.0,0.0,0.0,29.018563306259797,2.0,5.426654664345502,13.0,105.62,0.0,0.0,0.0,0.0,0.097,16.685514654746143,3.0,69.0,69.0
742,31049,Deuel County,"1,862",58875.0,1058.0,0.0,111512540.74491028,0.0976947611838105,0,0.0,0.0,0.0,0.0,31.40157253650449,0.0,9.792689012807742,8.0,113.0,0.0,0.0,0.0,0.0,0.042,15.1706780551833,2.0,345.0,287.5
743,36051,Livingston County,"61,438",70443.0,27150.0,0.0,23132719.48027092,0.0139517516430791,3,20.43,91.78333333333332,9.166666666666666,1.4933333333333334,4.19188438001208,0.0,4.0083587134691685,24.0,398.79,0.0,0.0,0.0,0.0,0.1,9.473124173021594,14.0,230.0,113.35714285714286
744,19141,O'Brien County,"14,220",65076.0,6546.0,0.0,122171489.93303058,0.0822924519257099,0,0.0,0.0,0.0,0.0,37.651576606165456,0.0,3.799247150202784,8.0,285.6,0.0,0.0,0.0,0.0,0.034,1.9563250560446663,27.0,345.0,99.66666666666669
745,22075,Plaquemines Parish,"22,256",77996.0,9560.0,0.0,6612406631.055533,0.9944785816168809,380,860.13,2.2383157894736843,1.035,0.4249368421052631,0.1838701717723015,0.0,3.14970557080402,53.0,548.72,1.0,13550945.786408463,0.0020380061446831,0.0,0.051,42.55951344898823,10.0,230.0,138.0
746,28115,Pontotoc County,"32,096",54414.0,13915.0,0.0,128241087.3999488,0.0988264489659025,16,5.0,1.189375,3.45,0.387125,1.203690680154901,0.0,5.013861579179137,13.0,201.27,0.0,0.0,0.0,0.0,0.24,3.94379801430683,9.0,161.0,161.0
747,27105,Nobles County,"22,338",62973.0,8424.0,0.0,114210848.12297007,0.0610297339155899,18,17.830000000000002,2.891666666666667,2.5666666666666664,0.1762777777777777,9.012607353739034,135.0,2.8887155890224854,20.0,224.66,0.0,0.0,0.0,0.0,0.034,2.772418983897386,28.0,345.0,95.28571428571428
748,27001,Aitkin County,"16,252",56406.0,14197.0,0.0,303367.67247743026,5.871886707101649e-05,157,693.3499999999999,29.84089171974522,3.2687898089171976,0.5026624203821657,0.4261377679271111,1.0,5.52803815442852,92.0,797.85,0.0,0.0,0.0,0.0,0.021,4.642705303721814,18.0,230.0,100.94444444444444
749,38071,Ramsey County,"11,530",61490.0,5857.0,0.0,721348.3365967602,0.0002140759488838,106,448.78,28.432264150943396,1.912264150943396,0.368433962264151,0.0,2784.0,1.394200549490089,12.0,74.42,1.0,10207416.219110152,0.0030292747649048,0.0,0.02,9.712459186787036,21.0,230.0,85.95238095238095
750,37145,Person County,"40,636",60688.0,18372.0,0.0,64182572.12457665,0.0612803170851385,9,31.0,31.581111111111102,5.866666666666666,1.5843333333333334,5.102846692108801,24.0,0.3689915408769621,28.0,269.47,0.0,0.0,0.0,0.0,0.076,4.011764584404765,32.0,500.0,209.6875
751,20195,Trego County,"2,740",77500.0,1657.0,0.0,1.4880662191695924,6.386524535235274e-10,1,21.19,184.7,8.7,3.796,12.979301948367212,0.0,6.041873362815125,9.0,339.63000000000005,0.0,0.0,0.0,0.0,0.075,13.11309546236359,4.0,115.0,103.5
752,28151,Washington County,"40,446",38394.0,20927.0,0.0,1141873923.1799166,0.5798272445000112,48,77.05,4.69,2.2020833333333334,1.4184166666666669,0.0,3.0,1.8399723651251103,35.0,623.92,0.0,0.0,0.0,0.0,0.16,13.791871856996224,16.0,230.0,194.0625
753,48133,Eastland County,"18,143",52902.0,9414.0,0.0,24954452.256641887,0.010338897946414,4,6.580000000000001,36.515,14.85,0.31925,9.85582335130614,0.0,7.24062347858657,12.0,192.08,0.0,0.0,0.0,0.0,0.038,6.286717290984242,8.0,138.0,94.875
754,28055,Issaquena County,"1,263",17900.0,449.0,0.0,1041521904.0489786,0.9109952546674662,37,31.22,2.53972972972973,2.6,25.112108108108107,2.825237127137282,3.0,2.599759722624528,12.0,376.31,0.0,0.0,0.0,0.0,0.12,7.245940678416352,1.0,115.0,115.0
755,48123,DeWitt County,"20,309",61100.0,9180.0,0.0,399420104.0119313,0.1693780055011823,0,0.0,0.0,0.0,0.0,33.63290012315035,0.0,2.2161315792104004,7.0,292.57,0.0,0.0,0.0,0.0,0.032,3.3753093023046965,7.0,345.0,138.0
756,48005,Angelina County,"88,154",57055.0,36619.0,0.0,591851119.1510613,0.2642474466712113,3,383.74,2617.0533333333337,11.7,30.22533333333333,14.92062794406453,0.0,7.032876839214547,63.0,550.24,0.0,0.0,0.0,0.0,0.055,13.497361244254156,2.0,138.0,138.0
757,45081,Saluda County,"19,680",51041.0,9350.0,0.0,88672785.48409282,0.0740917533674398,2,181.06,1357.015,8.8,49.057,5.795858673836309,57.0,1.456101382716146,21.0,197.74,0.0,0.0,0.0,0.0,0.21,2.078014836174678,21.0,230.0,110.61904761904762
758,29125,Maries County,"8,397",56491.0,4290.0,0.0,49310.8515639053,3.592760238316011e-05,2,0.28,0.55,4.0,0.035,8.018053064347177,0.0,2.8918720783112835,9.0,332.63,0.0,0.0,0.0,0.0,0.18,6.998534484151557,8.0,345.0,195.5
759,05001,Arkansas County,"15,836",58695.0,8717.0,0.0,1201124603.3226397,0.4464599809079955,78,52.46,1.1592307692307693,1.7012820512820512,18.84321794871795,3.4453890459794225,44.0,2.8193572158331426,24.0,624.25,0.0,0.0,0.0,0.0,0.27,3.5491602167832617,19.0,230.0,110.15789473684212
760,29109,Lawrence County,"39,401",52225.0,16267.0,0.0,118959486.12023813,0.0748813044819065,0,0.0,0.0,0.0,0.0,31.29561542907833,0.0,3.462979379711696,14.0,224.19,0.0,0.0,0.0,0.0,0.11,4.362847230445302,13.0,161.0,97.3076923076923
761,51540,Charlottesville city,"44,388",67177.0,21425.0,0.0,1899455.4408374024,0.0714582156266893,0,0.0,0.0,0.0,0.0,5.947854645161542,0.0,2.264280919874179,1.0,41.68,0.0,0.0,0.0,0.0,0.14,2.004475259218412,1.0,230.0,230.0
762,17011,Bureau County,"32,510",64165.0,15640.0,0.0,225971232.7908921,0.0998808262920642,6,3.56,2.103333333333333,3.5,71.75233333333334,14.430999127972497,0.0,1.4131495235125706,30.0,373.2,0.0,0.0,0.0,0.0,0.086,10.043809636058318,5.0,138.0,138.0
763,39145,Scioto County,"71,365",46360.0,33209.0,0.0,143625301.07600582,0.089970169962917,5,1.87,0.7939999999999999,3.3200000000000003,621.3586000000001,5.329929347576939,0.0,0.7982854136777985,23.0,425.39,0.0,0.0,0.0,0.0,0.11,3.879372780470423,29.0,765.0,135.82758620689654
764,37115,Madison County,"22,553",56664.0,11092.0,0.0,23629330.44562198,0.0202074325876801,0,0.0,0.0,0.0,0.0,27.73944602035515,0.0,3.236503701592846,11.0,246.54,0.0,0.0,0.0,0.0,0.22,5.247026118965337,12.0,115.0,115.0
765,16053,Jerome County,"26,362",67347.0,8624.0,0.0,12370.54210556341,7.927102929833933e-06,4,1.79,2.3825,7.425,223.2495,11.776010015369204,1.0,13.38604283039422,3.0,168.89,0.0,0.0,0.0,0.0,0.083,81.60492411519756,0.0,0.0,0.0
766,39163,Vinton County,"12,645",50967.0,5952.0,0.0,39465.707762569175,3.6719461099318265e-05,5,2.17,2.982,5.62,0.9922,6.923014009039956,0.0,1.4336211216833654,12.0,259.56,0.0,0.0,0.0,0.0,0.095,10.14749504851042,6.0,138.0,138.0
767,48309,McLennan County,"272,020",59781.0,106122.0,0.0,509175266.7693887,0.185423147393992,17,34.64,65.37294117647059,5.411764705882353,1.285941176470588,0.8653430442476099,4.0,1.899546450048961,20.0,447.69,0.0,0.0,0.0,0.0,0.039,3.383291080079885,28.0,345.0,179.89285714285714
768,16037,Custer County,"4,636",60357.0,3130.0,0.0,25.39474135331171,1.9853746526649348e-09,13,14.43,20.376153846153844,9.353846153846154,1.1559230769230768,12.333104382532037,94.0,1.3572488937918268,109.0,1165.29,0.0,0.0,0.0,0.0,0.43,160.65043438476866,0.0,0.0,0.0
769,19089,Howard County,"9,415",63947.0,4307.0,0.0,115661796.6577714,0.0942919940123439,3,0.5900000000000001,0.5666666666666668,2.8666666666666667,1.8156666666666668,12.458853637281832,1.0,3.1344582354071804,23.0,330.12,0.0,0.0,0.0,0.0,0.031,17.0412150279928,0.0,0.0,0.0
770,12099,Palm Beach County,"1,575,726",76066.0,708303.0,0.0,2109827116.288337,0.3418128803549707,30,1431.6799999999998,207.17066666666668,6.753333333333333,4.9071,17.644943383327796,0.0,2.818670718206445,34.0,611.73,0.0,0.0,0.0,0.0,0.027,7.968019158509611,98.0,500.0,192.89795918367344
771,13181,Lincoln County,"8,112",50754.0,4446.0,0.0,152628467.59179038,0.229034957147562,8,245.52,776.125,12.3625,70.11275,1.7264933683314672,3.0,4.439265766388016,21.0,110.68,0.0,0.0,0.0,0.0,0.32,2.437707224342013,5.0,115.0,115.0
772,01013,Butler County,"18,100",44429.0,9835.0,0.0,246843455.6868358,0.1225209615825266,1,0.14,0.45,3.2,0.031,13.987794784876712,0.0,4.220836015559323,8.0,280.51,0.0,0.0,0.0,0.0,0.073,3.306575658466389,13.0,230.0,123.84615384615384
773,27003,Anoka County,"381,605",95782.0,138533.0,1.0,296798815.79280406,0.2568917909821095,60,48.07,2.1948333333333334,2.57,5.3448,2.140640249350323,0.0,3.5340882933538937,23.0,359.98,0.0,0.0,0.0,0.0,0.024,1.0880678365296113,61.0,345.0,99.54098360655738
774,46009,Bon Homme County,"7,244",57554.0,2817.0,0.0,4638258.008462734,0.0030790637488234,9,86.83000000000001,74.51444444444445,2.844444444444445,105.8172222222222,11.42152200917902,0.0,12.602130372766991,31.0,114.61,0.0,0.0,0.0,0.0,0.07,1.7544606376377905,12.0,115.0,72.83333333333333
775,47059,Greene County,"73,831",51975.0,32300.0,0.0,86801716.70656282,0.0536970031823832,0,0.0,0.0,0.0,0.0,30.282387285849516,29.0,4.058604519950397,15.0,278.59,0.0,0.0,0.0,0.0,0.24,1.6969815424382846,69.0,161.0,83.33333333333333
776,51183,Sussex County,"10,755",59195.0,4665.0,0.0,209003000.0433934,0.163735861749291,4,0.96,0.5650000000000001,2.25,0.2794999999999999,7.889111657890154,785.0,2.1066542804357478,15.0,397.4,0.0,0.0,0.0,0.0,0.079,17.94111221022568,10.0,500.0,203.5
777,18141,St. Joseph County,"272,861",61877.0,118075.0,2.0,102838818.82919912,0.0860588065891851,8,6.11,2.9175,3.5,10.00625,8.337450444199279,0.0,7.139259491464098,14.0,156.1,0.0,0.0,0.0,0.0,0.071,2.1007970161419363,47.0,345.0,160.0212765957447
778,38067,Pembina County,"6,568",64243.0,3526.0,0.0,678055644.6699612,0.2334903035860905,7,4.07,0.87,1.8571428571428568,0.1497142857142857,14.571269270045583,274.0,4.780150078161468,15.0,559.57,1.0,1137032.1318242927,0.000391540104022,0.0,0.019,12.062813156489913,7.0,230.0,89.48571428571428
779,19165,Shelby County,"11,689",70295.0,5422.0,0.0,89013512.5832967,0.058118379728814,1,0.43,1.66,3.9,0.133,11.347116133196025,0.0,0.0548180579064333,10.0,392.48,0.0,0.0,0.0,0.0,0.037,4.774684360163829,41.0,161.0,71.2439024390244
780,24013,Carroll County,"176,677",111672.0,65804.0,0.0,68027348.27091075,0.0580225745754416,4,7.800000000000001,56.67,12.975,3.13325,15.0847887379029,0.0,0.357957314415809,23.0,257.67,0.0,0.0,0.0,0.0,0.084,8.421426601606504,12.0,138.0,120.75
781,19011,Benton County,"26,004",79444.0,11074.0,0.0,176185836.35118213,0.0946953513392671,8,2.86,1.24875,2.925,17.6705,11.871092954180618,0.0,1.171214193775747,14.0,430.67,0.0,0.0,0.0,0.0,0.043,4.993380016270879,9.0,161.0,94.55555555555556
782,21159,Martin County,"10,697",45265.0,4831.0,0.0,17534210.743237406,0.0293539625500643,2,0.31,0.7250000000000001,4.35,0.002,7.222874742251001,0.0,4.110650241512706,10.0,162.17999999999998,0.0,0.0,0.0,0.0,0.11,4.16409547442178,6.0,138.0,80.5
783,27025,Chisago County,"59,142",97446.0,22443.0,0.0,134222820.43197152,0.1171465456978449,51,56.66,4.584901960784314,3.2607843137254906,7.974431372549019,5.80103825819115,0.0,0.0321131692790974,22.0,194.99,0.0,0.0,0.0,0.0,0.023,5.683116679014742,20.0,230.0,90.85
784,21189,Owsley County,"3,932",32844.0,1948.0,0.0,20037339.69045877,0.0390158772654276,0,0.0,0.0,0.0,0.0,20.02602571063573,0.0,1.8226483878584607,5.0,104.68,0.0,0.0,0.0,0.0,0.14,3.273560600211024,6.0,161.0,99.66666666666669
785,42015,Bradford County,"59,600",60650.0,29443.0,0.0,191777556.76244545,0.0637766089502063,20,3.55,0.8550000000000001,4.73,0.05525,3.4031122791270287,0.0,0.2371275247675642,44.0,536.39,0.0,0.0,0.0,0.0,0.059,4.203135623945964,17.0,345.0,169.11764705882354
786,54029,Hancock County,"27,729",57515.0,14240.0,0.0,19172824.668909773,0.0841516964324611,1,2.39,90.0,37.6,0.099,10.286507714092313,0.0,1.6669543391865578,15.0,225.68,0.0,0.0,0.0,0.0,0.053,4.840886444678571,2.0,345.0,345.0
787,29051,Cole County,"77,908",70667.0,33304.0,0.0,160330156.83119372,0.1551765910808491,5,1.11,0.9399999999999998,3.72,0.0568,3.2706549439418224,0.0,0.3569142464782833,12.0,549.5,1.0,1906673.0404671133,0.0018453859746233,0.0,0.14,1.701651190810028,11.0,161.0,102.45454545454544
788,26021,Berrien County,"152,444",60379.0,76948.0,0.0,151060402.54480448,0.0368801048099119,19,57735.71,255791.71315789476,7.836842105263158,104.15910526315788,0.0,0.0,13.710939003181291,20.0,189.41,0.0,0.0,0.0,1.0,0.068,10.876835369491902,31.0,345.0,160.25806451612902
789,42061,Huntingdon County,"43,001",61300.0,20957.0,0.0,143280280.93302715,0.0622136961995241,3,31.37,359.4433333333334,15.9,22.24966666666667,1.5037621600613826,0.0,0.4442071325552427,31.0,514.51,0.0,0.0,0.0,0.0,0.054,12.0770640133042,8.0,500.0,273.75
790,31045,Dawes County,"7,858",53760.0,4024.0,0.0,234862094.6242491,0.0647268238866067,4,7.51,13.515,4.875,0.698,7.6730244626633235,1.0,1.5794745320995478,30.0,592.86,0.0,0.0,0.0,0.0,0.098,8.869141129728279,4.0,115.0,115.0
791,51141,Patrick County,"17,424",49180.0,10007.0,0.0,48751337.33966636,0.0387532417426576,3,8.85,132.08666666666667,20.1,3.78,8.950151389494655,2.0,1.3215447383655934,20.0,225.06,0.0,0.0,0.0,0.0,0.12,3.8569190547833294,4.0,138.0,138.0
792,48325,Medina County,"56,881",73060.0,19596.0,1.0,564503181.196513,0.1633198917913548,11,21.35,37.16909090909091,4.109090909090909,0.5897272727272728,15.089198848921477,0.0,5.214013763240777,11.0,121.77,0.0,0.0,0.0,0.0,0.024,5.896407367980962,15.0,345.0,133.4
793,26105,Mason County,"29,040",60744.0,17451.0,0.0,80016965.71649686,0.0248687399654721,28,57761.88999999999,173581.45,7.632142857142857,67.99464285714286,0.0,0.0,5.0535076927484175,11.0,209.59,0.0,0.0,0.0,0.0,0.032,14.888727488988463,6.0,345.0,172.5
794,45013,Beaufort County,"204,433",81260.0,99281.0,0.0,1306673685.611152,0.546283209747404,15,4.99,0.7386666666666667,2.1,0.0554,0.3413355470618202,4427.0,1.6649465543846942,11.0,140.69,4.0,72578702.50090754,0.0303430971313648,0.0,0.39,4.130466074492089,73.0,230.0,124.45205479452056
795,46135,Yankton County,"23,635",68847.0,10405.0,0.0,249579909.34435615,0.1810452059735732,9,87.56,74.98777777777778,3.3666666666666667,211.33822222222224,3.9958221524994295,1.0,1.9266217713154536,20.0,253.23,0.0,0.0,0.0,0.0,0.058,8.197022333741092,15.0,230.0,98.13333333333334
796,22001,Acadia Parish,"57,032",44977.0,25030.0,0.0,609432769.1751246,0.3578565270013628,3,2.24,1.8866666666666667,2.3000000000000003,7.241,10.788509695699055,1.0,2.5264562856514248,19.0,352.21,0.0,0.0,0.0,0.0,0.053,3.4736458265677714,28.0,230.0,116.64285714285714
797,42039,Crawford County,"81,792",58734.0,42234.0,0.0,294121706.8499583,0.1094455988536496,20,74.75,32.6585,4.675,1.23725,1.185423673814037,0.0,1.1738720841369972,29.0,401.47,1.0,429166.0227653618,0.0001596969257123,0.0,0.059,1.9760449748474247,7.0,345.0,147.85714285714286
798,46123,Tripp County,"5,708",56758.0,2794.0,0.0,0.0,0.0,7,1.94,0.74,2.685714285714286,0.1368571428571428,5.293691075452808,2.0,22.41186504130601,26.0,499.94,0.0,0.0,0.0,0.0,0.077,3.3033104345197413,3.0,115.0,115.0
799,19077,Guthrie County,"10,782",75795.0,5783.0,0.0,107023316.29604216,0.0696760802598037,4,4.529999999999999,20.2225,8.025,1.7225,7.629434275868207,0.0,0.684155157785722,11.0,387.37,0.0,0.0,0.0,0.0,0.037,14.18789780469194,3.0,161.0,161.0
800,19183,Washington County,"22,667",71122.0,9606.0,0.0,197455749.11394045,0.1335425871630885,3,1.17,1.64,3.366666666666667,4.457666666666667,15.093251891531777,0.0,1.50335062649143,11.0,332.64,0.0,0.0,0.0,0.0,0.056,13.876387038010364,2.0,345.0,345.0
801,46111,Sanborn County,"2,388",65806.0,1134.0,0.0,234062226.55983064,0.158421878484784,12,3.62,0.5241666666666667,1.7166666666666668,0.0237499999999999,8.397730407235722,1.0,0.1034167397486556,5.0,329.33,0.0,0.0,0.0,0.0,0.081,6.384602215530234,2.0,115.0,115.0
802,40051,Grady County,"59,128",74349.0,23142.0,0.0,403924886.5005616,0.141145563347302,6,1.99,1.0533333333333337,2.766666666666667,0.1055,13.129972047361065,0.0,0.641741528449337,36.0,826.5600000000001,0.0,0.0,0.0,0.0,0.24,1.556407009729544,34.0,345.0,131.91176470588235
803,54039,Kanawha County,"172,381",55226.0,90524.0,1.0,104746965.87162276,0.0443929361146891,0,0.0,0.0,0.0,0.0,30.126865248674857,0.0,2.146483356292918,15.0,510.58,1.0,499775.07668957737,0.0002118102693149,0.0,0.11,2.5254685453111985,51.0,345.0,140.7058823529412
804,01009,Blount County,"60,156",57440.0,24677.0,0.0,97272073.0826922,0.0577241410004093,10,8.290000000000001,12.162,6.62,0.6078,7.255742790186233,1.0,2.274975079723607,17.0,446.91,0.0,0.0,0.0,0.0,0.17,5.38795519274909,26.0,500.0,140.42307692307693
805,45065,McCormick County,"10,215",55569.0,5461.0,0.0,155483075.64368472,0.1525093861127155,5,194.27,1126.816,14.2,99.5882,4.366950963173523,26.0,0.3743314848494432,27.0,343.06,1.0,3505897.035439491,0.0034388450475123,0.0,0.29,3.726953094406548,9.0,115.0,115.0
806,45087,Union County,"26,799",42305.0,13508.0,0.0,102245475.2591744,0.0766045798850995,4,1.25,1.35,4.05,30.3405,10.51223824722912,50.0,5.531593686661129,9.0,339.5,0.0,0.0,0.0,0.0,0.18,2.3224850116465654,27.0,500.0,121.48148148148148
807,27103,Nicollet County,"34,273",79113.0,13461.0,0.0,71006594.31256784,0.0587273077274316,24,38.19,3.87,2.083333333333333,15.083583333333332,1.1412598103014475,118.0,5.829894509995833,23.0,291.06,0.0,0.0,0.0,0.0,0.028,14.707295176310694,27.0,115.0,74.11111111111111
808,28161,Yalobusha County,"12,375",47006.0,6437.0,0.0,255132343.16341025,0.1990026053569177,10,168.29000000000002,486.12,8.53,13.869400000000002,5.610875550158057,0.0,7.211585266511476,16.0,90.05,0.0,0.0,0.0,0.0,0.24,11.914378580084144,8.0,230.0,178.25
809,72093,Maricao Municipio,,20133.0,2614.0,0.0,100096.55179672933,0.0010551556844006,0,0.0,0.0,0.0,0.0,10.681086063665116,0.0,0.1083584924724839,6.0,45.27,0.0,0.0,0.0,0.0,0.5,11.571590458662328,0.0,0.0,0.0
810,26079,Kalkaska County,"18,693",56380.0,11656.0,0.0,0.058705102150386,3.972602188723037e-11,33,131.51,66.80939393939394,4.49090909090909,1.029969696969697,4.052432652879669,0.0,6.445760636478545,15.0,196.02,1.0,172068247.64192253,0.1164394017134921,0.0,0.027,6.816001218594172,11.0,138.0,81.54545454545455
811,72005,Aguadilla Municipio,,18348.0,27565.0,0.0,14986494.574539466,0.0765610386384582,0,0.0,0.0,0.0,0.0,25.81346302884895,0.0,3.251400429714251,4.0,40.37,2.0,1688570.929588597,0.0086263497805311,0.0,0.56,6.024693845620573,2.0,115.0,115.0
812,22039,Evangeline Parish,"31,980",34526.0,14494.0,0.0,703593613.3784741,0.3996896887236901,16,15.47,5.86,7.35,2.8724375,3.490429400323705,58.0,1.439136804635022,24.0,367.99,0.0,0.0,0.0,0.0,0.057,3.79242667819527,8.0,230.0,161.0
813,47069,Hardeman County,"25,274",43566.0,10699.0,0.0,249063520.43150437,0.1434467435392757,17,3.76,0.8229411764705883,3.5294117647058822,0.2352941176470588,6.405499903363959,2.0,1.0452485814196568,78.0,257.16,0.0,0.0,0.0,0.0,0.44,2.5400783620074106,12.0,161.0,161.0
814,04003,Cochise County,"126,332",58421.0,59056.0,1.0,979414897.5315115,0.0608289858995786,4,2.31,0.9425,2.4,0.376,33.468661712358,0.0,31.911515875232197,8.0,69.11,1.0,327669404.7605151,0.0203507192428216,0.0,0.13,27.167033472370434,11.0,345.0,178.36363636363637
815,35023,Hidalgo County,"3,929",53651.0,2215.0,0.0,69523.73774005732,7.785948549789056e-06,0,0.0,0.0,0.0,0.0,89.12192008069952,0.0,10.50432155105831,11.0,100.86,0.0,0.0,0.0,0.0,0.13,9.973168198348237,7.0,115.0,88.71428571428571
816,38023,Divide County,"2,110",95938.0,1375.0,0.0,0.0,0.0,95,43.46,1.3275789473684212,2.685263157894737,0.0332842105263157,4.467477173879682,14.0,22.47432211331431,3.0,11.39,0.0,0.0,0.0,0.0,0.044,1.307251461004595,9.0,115.0,74.11111111111111
817,06071,San Bernardino County,"2,224,091",77423.0,733104.0,0.0,473477303.5643483,0.0090925025484393,13,86.50999999999999,81.38230769230769,8.084615384615386,40.621307692307695,57.55007707281142,1.0,33.325805393245275,75.0,392.84,7.0,8805855333.013317,0.1691047521261605,0.0,0.52,12.298169508275018,285.0,500.0,120.66315789473684
818,08083,Montezuma County,"26,678",61377.0,12269.0,0.0,65898464.5775545,0.0124732124489276,7,20.48,47.43857142857143,8.842857142857143,1.3881428571428571,6.0093993043071015,9.0,1.2081296807926991,38.0,541.3,0.0,0.0,0.0,0.0,0.081,52.94973182593464,0.0,0.0,0.0
819,28023,Clarke County,"15,102",46329.0,7631.0,0.0,281184801.7140216,0.1565401588861087,4,1.4,1.0325,2.725,26.52575,1.8116613784154831,0.0,1.7035411057103973,20.0,415.14,0.0,0.0,0.0,0.0,0.1,8.110341065562798,9.0,230.0,153.33333333333334
820,19125,Marion County,"34,192",74193.0,14179.0,0.0,276309636.20141053,0.186997958708572,7,61.85,312.1042857142857,8.557142857142855,33.50328571428572,2.4819037319662645,0.0,2.923295785352096,20.0,483.15,0.0,0.0,0.0,0.0,0.046,3.2459262105332245,18.0,69.0,69.0
821,31055,Douglas County,"606,460",76083.0,245839.0,10.0,241837784.65357816,0.2751618574191166,12,5.99,1.5541666666666665,2.783333333333333,0.0798333333333333,2.4709451978001016,0.0,1.606940970682411,11.0,464.65,0.0,0.0,0.0,0.0,0.042,1.736770336008008,65.0,345.0,124.2
822,51600,Fairfax city,"26,772",128708.0,9323.0,0.0,1144245.1228679116,0.0704234220159864,0,0.0,0.0,0.0,0.0,5.1577414052184425,0.0,0.1059532524509131,1.0,21.77,0.0,0.0,0.0,0.0,0.083,3.218609700358042,0.0,0.0,0.0
823,40057,Harmon County,"2,327",55729.0,1359.0,0.0,201070041.82445744,0.1441060179483235,0,0.0,0.0,0.0,0.0,27.99323924674715,0.0,8.38281163889715,17.0,204.91,0.0,0.0,0.0,0.0,0.094,10.428748493277787,3.0,69.0,69.0
824,29039,Cedar County,"14,888",43589.0,6953.0,0.0,185223120.2050929,0.143416074916475,2,96.55,1032.555,12.1,18.4235,7.399071552235006,0.0,1.8830471916557656,13.0,271.35,0.0,0.0,0.0,0.0,0.1,0.8905850157962172,6.0,161.0,161.0
825,13059,Clarke County,"129,921",48692.0,55905.0,0.0,24732826.395596888,0.0788266378618276,1,0.85,4.32,5.1,1.849,8.192236948128022,14.0,0.1205828535096976,4.0,148.61,0.0,0.0,0.0,0.0,0.13,0.9151899994262278,34.0,230.0,142.05882352941177
826,16085,Valley County,"12,831",72878.0,12359.0,0.0,181815284.04512137,0.0188025235892202,18,137.93,98.35333333333334,9.005555555555555,2.4369444444444444,13.53565199833803,41.0,1.9357671840745392,90.0,961.13,0.0,0.0,0.0,0.0,0.2,143.80282846985855,0.0,0.0,0.0
827,48275,Knox County,"3,192",48750.0,1815.0,0.0,0.0,0.0,5,8.48,29.326000000000004,5.84,0.0338,6.78341355656776,0.0,3.3554924828659374,10.0,460.02,0.0,0.0,0.0,0.0,0.055,0.7671073731596828,6.0,345.0,172.5
828,05103,Ouachita County,"21,731",47348.0,11925.0,0.0,572381044.2386181,0.2987494958974119,6,8.15,7.595,3.733333333333334,1.3033333333333337,7.487555639846585,2.0,3.0648938726529296,43.0,389.25,0.0,0.0,0.0,0.0,0.12,5.26838904120039,10.0,115.0,115.0
829,39037,Darke County,"51,520",60237.0,22619.0,0.0,77893808.3054057,0.0501465794281293,1,0.12,0.28,2.3,0.505,19.80239626765329,0.0,2.6979036988465146,18.0,278.7,0.0,0.0,0.0,0.0,0.11,3.873046719917043,12.0,138.0,74.75
830,40071,Kay County,"43,490",53746.0,20990.0,0.0,609485648.7482194,0.2490416506238376,6,62.080000000000005,277.9783333333333,7.916666666666667,26.367166666666662,4.899616614044856,3.0,2.324863734904556,24.0,427.16,0.0,0.0,0.0,0.0,0.069,1.3341602742949157,69.0,345.0,91.0
831,46041,Dewey County,"5,419",55077.0,1934.0,0.0,125091862.51964204,0.0197517059495996,11,1102.26,2650.9481818181816,4.927272727272728,88.78427272727274,8.730549007412343,0.0,9.524166772102632,52.0,468.98,0.0,0.0,0.0,0.0,0.039,50.86022090357738,1.0,115.0,115.0
832,41057,Tillamook County,"27,384",63098.0,18974.0,0.0,175439483.81503552,0.0508384336187547,2,0.36,0.755,4.4,0.1004999999999999,19.646390812154078,89.0,1.436321340472858,29.0,433.5,0.0,0.0,0.0,0.0,0.77,3.237076027851177,19.0,230.0,145.26315789473685
833,13077,Coweta County,"160,240",90031.0,57067.0,0.0,109787350.90440647,0.0950663219446146,16,5.97,1.7168750000000002,3.89375,0.4560625,3.0711137462588454,58.0,3.162986597364616,14.0,319.91,0.0,0.0,0.0,0.0,0.1,1.4842901095927368,47.0,500.0,150.10638297872342
834,13105,Elbert County,"20,072",48190.0,9316.0,0.0,107662168.5983646,0.1110817626348998,3,154.28,754.0033333333332,11.766666666666666,137.4623333333333,2.817257843511847,8.0,1.6695899384001287,22.0,214.0,0.0,0.0,0.0,0.0,0.18,1.0333390030204272,9.0,230.0,127.77777777777776
835,01005,Barbour County,"24,607",39712.0,11673.0,0.0,272364685.03556377,0.1162618335830066,7,127.67000000000002,165.39857142857142,4.614285714285714,41.23442857142857,6.384823259981806,0.0,1.546891456763568,34.0,457.11,1.0,420502.2410096047,0.0001794959635062,0.0,0.064,15.312840621319545,14.0,500.0,142.5
836,37017,Bladen County,"30,007",40476.0,15348.0,0.0,380077906.650502,0.1653125705969469,13,19.12,2.447692307692308,1.776923076923077,7.649461538461539,5.33349301106715,623.0,1.2233238051778537,15.0,462.93,0.0,0.0,0.0,0.0,0.12,5.129463719998993,41.0,230.0,151.46341463414635
837,48111,Dallam County,"7,508",71969.0,3040.0,0.0,0.0,0.0,3,0.93,0.6,1.9666666666666668,0.0013333333333333,18.67191817791359,0.0,23.616017965849117,3.0,5.109999999999999,0.0,0.0,0.0,0.0,0.08,16.724394683868436,7.0,138.0,98.57142857142856
838,17167,Sangamon County,"194,170",71653.0,92938.0,0.0,225821884.555526,0.0994173890678407,12,26.55,19.953333333333333,4.2250000000000005,10.796,3.912456421422125,0.0,4.9206878964419385,20.0,317.34,2.0,1230066.7780717164,0.0005415331100246,0.0,0.14,1.670826767457185,72.0,345.0,105.41666666666669
839,40035,Craig County,"14,518",48018.0,6378.0,0.0,254928906.43636912,0.1290588182171486,2,101.75,1355.085,14.1,118.4845,11.779933438125028,0.0,1.6659719182581918,10.0,204.82,0.0,0.0,0.0,0.0,0.078,4.533137153155791,18.0,345.0,100.94444444444444
840,47035,Cumberland County,"66,300",56002.0,30555.0,0.0,13069237.230256973,0.007368456324577,17,6.89,2.5629411764705883,4.523529411764706,0.1225882352941176,2.676642682377488,0.0,4.480621559948228,17.0,403.63,0.0,0.0,0.0,0.0,0.22,0.6561033347620424,20.0,161.0,161.0
841,26137,Otsego County,"26,080",62865.0,14881.0,0.0,7.355860482478889,5.397168554929616e-09,54,27.23,2.896481481481481,3.9611111111111112,0.2069074074074074,1.507015807866382,0.0,3.10668316088894,18.0,364.15,1.0,23476586.028815124,0.0172253256017603,0.0,0.026,3.980144522929294,25.0,138.0,115.92
842,19161,Sac County,"9,525",68778.0,5143.0,0.0,122522538.9145431,0.0817978607799469,2,4.07,4.1850000000000005,2.15,0.087,10.135850704791082,0.0,3.9609182437487154,10.0,133.26999999999998,0.0,0.0,0.0,0.0,0.034,3.826447575655758,23.0,161.0,73.0
843,17113,McLean County,"171,419",75356.0,74822.0,0.0,125209220.43168628,0.0407528741721825,9,6.06,6.137777777777777,4.711111111111112,1.7576666666666667,11.471536708096007,0.0,1.246004098672374,14.0,445.6,0.0,0.0,0.0,0.0,0.1,4.827507525908404,27.0,345.0,184.0
844,23001,Androscoggin County,"116,487",64500.0,49923.0,0.0,158207677.4769736,0.1228762055859161,27,76.72,29.99074074074074,6.377777777777777,10.359444444444444,0.0,178.0,0.4879659287893019,27.0,313.06,1.0,713559.6838581417,0.0005542051296741,0.0,0.18,1.9789217444023428,21.0,345.0,125.95238095238096
845,16055,Kootenai County,"191,864",71949.0,75686.0,0.0,249088945.70548275,0.0734714582807815,35,536.67,77.86057142857142,8.537142857142857,48.30514285714286,0.3357027151150952,1737.0,0.6784986384718275,64.0,291.72,1.0,105698.69186890782,3.117696374676456e-05,0.0,0.16,48.00437571622494,0.0,0.0,0.0
846,32003,Clark County,"2,407,226",69911.0,923275.0,22.0,886910627.7586852,0.0424812539339077,7,682.1000000000001,5565.725714285714,15.828571428571427,160.18514285714286,13.321929556497189,0.0,9.600422999542255,56.0,317.03000000000003,5.0,2081031603.7592852,0.09967727213642,0.0,0.27,3.3269389498042026,176.0,500.0,212.94886363636363
847,20147,Phillips County,"4,728",57611.0,2816.0,0.0,5773.650859761644,2.4919841485655467e-06,2,12.97,55.44,5.2,1.9695,16.618517225331107,0.0,3.29683133355624,17.0,256.90000000000003,0.0,0.0,0.0,0.0,0.054,3.768043766134689,6.0,115.0,47.91666666666666
848,31089,Holt County,"10,067",66325.0,4903.0,0.0,512518.0103845821,8.185509906620745e-05,14,7.45,1.11,1.9928571428571429,0.0592857142857142,19.003201763575845,0.0,0.9420649984475288,39.0,1020.34,0.0,0.0,0.0,0.0,0.074,9.947946496540734,30.0,345.0,99.66666666666669
849,29101,Johnson County,"56,670",62503.0,22605.0,0.0,249409663.83251405,0.1155767779341775,3,1.42,1.2266666666666668,2.733333333333333,0.1676666666666666,11.515837228050415,0.0,1.2119204799371592,18.0,189.75,1.0,21260148.333488103,0.0098519816956142,0.0,0.084,4.231603128280188,20.0,161.0,161.0
850,55063,La Crosse County,"121,339",68731.0,52777.0,0.0,188564938.75104588,0.1516617607703667,8,5.57,2.72125,2.9,9.076,3.1846551150829865,39.0,0.4269525296700818,27.0,276.92,0.0,0.0,0.0,0.0,0.029,4.887037622816091,35.0,161.0,84.77142857142857
851,22021,Caldwell Parish,"9,344",45707.0,4634.0,0.0,661465407.45906,0.4720697154517441,13,4.5,0.8046153846153847,2.3692307692307693,49.50469230769231,4.626919893644237,0.0,4.160586219788339,13.0,589.23,0.0,0.0,0.0,0.0,0.082,0.6380373538855383,3.0,115.0,115.0
852,21061,Edmonson County,"12,749",53029.0,6389.0,0.0,62112960.75030987,0.0778624679691871,2,18.11,376.175,23.45,12.3405,7.727780007155494,0.0,0.2287367848525019,14.0,395.36,0.0,0.0,0.0,0.0,0.16,7.204972658073151,1.0,69.0,69.0
853,17005,Bond County,"16,959",58617.0,6895.0,0.0,0.0,0.0,2,93.44,271.15000000000003,8.35,29.617,5.293210860748987,0.0,0.0070267207108717,12.0,181.01,0.0,0.0,0.0,0.0,0.31,8.722004735524152,3.0,138.0,138.0
854,17009,Brown County,"6,401",64760.0,2342.0,0.0,46945159.22130102,0.0589783302609819,3,0.93,0.6233333333333334,2.933333333333333,244.94600000000003,14.605851042213075,0.0,8.111043935346633,4.0,258.48,0.0,0.0,0.0,0.0,0.11,6.480449629254447,3.0,138.0,92.0
855,27111,Otter Tail County,"61,041",67990.0,36513.0,0.0,1023.864002956163,1.7772388315206405e-07,467,556.85,6.590128479657387,3.340471092077088,0.4881713062098501,0.4518494857650604,0.0,2.7356105274659632,79.0,470.55,0.0,0.0,0.0,0.0,0.035,9.806474215670196,29.0,345.0,140.3793103448276
856,39077,Huron County,"58,250",64144.0,25519.0,0.0,63036428.40293516,0.0491116684477243,8,3.53,1.0975,2.425,0.686,8.103833820668791,0.0,2.177308317979021,16.0,250.92,0.0,0.0,0.0,0.0,0.071,19.524745255178225,1.0,69.0,69.0
857,13005,Bacon County,"11,070",43938.0,4807.0,0.0,59773443.07976896,0.0807447472700243,2,0.34,0.365,2.1500000000000004,0.2535,2.3848662724340626,2.0,0.1706183068630757,3.0,129.3,0.0,0.0,0.0,0.0,0.096,2.1180166403629803,3.0,115.0,115.0
858,10001,Kent County,"194,786",69278.0,73600.0,0.0,344099616.2928004,0.1664191622473443,19,11.55,0.9168421052631578,1.6894736842105265,1.0052105263157896,3.184724077773306,0.0,1.517650958538693,37.0,229.32,1.0,12815228.836568903,0.0061979134704266,0.0,0.084,4.059934077162163,48.0,230.0,95.35416666666669
859,39173,Wood County,"134,176",70537.0,56919.0,0.0,73581248.8706518,0.0457833569881522,0,0.0,0.0,0.0,0.0,23.79454212801812,0.0,1.4992494715001867,33.0,377.27,0.0,0.0,0.0,0.0,0.08,9.80391341033164,39.0,345.0,164.53846153846155
860,13157,Jackson County,"99,265",82056.0,28209.0,0.0,75123805.5277558,0.0845414470450319,8,2.09,1.12625,3.8,0.32975,0.4674385765433353,35.0,0.5525450967350777,7.0,209.13,0.0,0.0,0.0,0.0,0.13,2.821557392185151,29.0,230.0,162.58620689655172
861,20003,Anderson County,"8,018",67651.0,3568.0,0.0,230253468.96839923,0.1522977695297443,6,1.6800000000000002,0.8850000000000001,2.716666666666667,0.3268333333333333,3.105360773211587,0.0,2.8607536123727475,11.0,162.73000000000002,0.0,0.0,0.0,0.0,0.064,15.933691277487934,1.0,345.0,345.0
862,17095,Knox County,"47,767",50263.0,23809.0,0.0,90750460.31433976,0.0486789143426358,8,4.22,3.83125,3.85,0.5283749999999999,6.711262962163259,0.0,0.1817462997787715,17.0,457.55,0.0,0.0,0.0,0.0,0.081,9.901882532622585,7.0,161.0,131.42857142857142
863,30107,Wheatland County,"2,100",48272.0,1175.0,0.0,47124374.099256776,0.012745894802137,6,11.45,28.736666666666665,7.266666666666666,0.0456666666666666,19.660927034756845,22.0,3.914285894962669,27.0,548.78,0.0,0.0,0.0,0.0,0.07,21.35162989656487,2.0,500.0,500.0
864,47009,Blount County,"143,820",70935.0,60058.0,0.0,77788114.36886379,0.0530033068227564,7,103.17,90.73428571428572,8.4,105.1422857142857,3.601557755621627,6.0,1.664652642793801,33.0,245.73,1.0,1480621.3903692183,0.0010088665920084,0.0,0.54,8.547348755588418,57.0,161.0,161.0
865,30031,Gallatin County,"128,740",83434.0,53605.0,0.0,119547415.90141042,0.0175252257582245,7,51.77,104.07428571428572,10.12857142857143,7.443,16.028603791365356,73.0,0.99658635561645,113.0,956.35,0.0,0.0,0.0,0.0,0.32,89.12456396235947,3.0,69.0,69.0
866,45031,Darlington County,"62,888",44317.0,29556.0,0.0,217209720.62586915,0.1481057152888508,5,9.48,14.558000000000002,3.84,2.63,6.368989222230983,385.0,6.896057940169278,9.0,473.9,0.0,0.0,0.0,1.0,0.2,0.737183192364829,64.0,230.0,118.953125
867,01053,Escambia County,"36,665",41153.0,16715.0,0.0,329058929.7519157,0.1332967010755557,7,2.4,1.0757142857142858,3.257142857142857,16.96042857142857,7.702323318853784,4.0,4.962041311789181,31.0,469.33,1.0,2609604.0666154204,0.001057110388876,0.0,0.063,3.768118017184671,20.0,115.0,115.0
868,13143,Haralson County,"33,066",65940.0,12385.0,0.0,40303960.97079901,0.0549533683698545,6,1.22,0.905,4.1000000000000005,0.2948333333333333,6.413949107298755,19.0,5.09799480143218,7.0,82.87,0.0,0.0,0.0,0.0,0.14,3.5204907273082817,15.0,230.0,130.33333333333334
869,20001,Allen County,"12,302",55059.0,6067.0,0.0,244102548.1964335,0.1865106361673763,3,0.99,0.9366666666666664,2.6,0.7933333333333333,7.967923627906791,0.0,0.2791773966982126,12.0,385.03,0.0,0.0,0.0,0.0,0.065,8.791585977157736,23.0,161.0,88.0
870,55049,Iowa County,"23,951",79226.0,10965.0,0.0,143233314.36767632,0.0720036661595984,4,1.69,2.5275,5.7250000000000005,0.3575,1.9821556279375157,0.0,2.763408766063652,33.0,385.3,0.0,0.0,0.0,0.0,0.042,3.573456811407143,18.0,138.0,72.83333333333333
871,27097,Morrison County,"34,620",66264.0,16130.0,0.0,142488318.07968193,0.0476987233110327,53,50.88,5.082264150943397,3.490566037735849,0.9942075471698112,1.080964957948253,0.0,4.977018384064461,36.0,660.26,1.0,213271425.7909156,0.0713937455789291,0.0,0.026,7.554430157530644,16.0,230.0,66.84375
872,42003,Allegheny County,"1,225,035",72537.0,602734.0,2.0,97914730.96216775,0.0507957686022234,1,0.23,1.31,5.7,1.02,13.96590692514933,0.0,0.6890011803385712,20.0,590.28,2.0,1272372.891170948,0.0006600759489461,0.0,0.05,5.280033289689517,87.0,345.0,149.89655172413794
873,29205,Shelby County,"5,870",50387.0,2966.0,0.0,174734155.36104316,0.1343081044128833,5,2.7300000000000004,5.732,5.96,0.1533999999999999,2.284874392532194,0.0,1.645659320992373,11.0,334.05,0.0,0.0,0.0,0.0,0.09,6.297702841407069,8.0,69.0,69.0
874,39097,Madison County,"46,985",77062.0,16255.0,0.0,55828252.5247971,0.0461068349362639,2,1.31,2.1,3.1,1.3065,2.4901160347074995,0.0,1.0612396555461974,17.0,328.01,0.0,0.0,0.0,0.0,0.089,2.537277305646121,9.0,345.0,130.33333333333334
875,20201,Washington County,"5,533",59432.0,2736.0,0.0,207244374.16822872,0.0890395599104078,1,0.27,1.0,3.7,0.087,15.625250529545768,1.0,3.450011745127241,18.0,266.72,0.0,0.0,0.0,0.0,0.048,7.337646896298932,3.0,115.0,115.0
876,17019,Champaign County,"209,972",61090.0,93444.0,1.0,180348028.16763332,0.0697399177486722,3,0.88,0.6333333333333334,1.9666666666666668,6.991333333333333,17.124511351484564,0.0,1.08177277859294,19.0,487.67,0.0,0.0,0.0,0.0,0.12,0.9768136531425134,49.0,345.0,99.9795918367347
877,16087,Washington County,"11,583",50046.0,4551.0,0.0,129263497.04117943,0.0338732053286651,12,65.81,169.05749999999998,10.966666666666669,134.16508333333334,9.923439836300927,38.0,0.3594819963838765,44.0,560.84,0.0,0.0,0.0,0.0,0.18,41.84196354070146,0.0,0.0,0.0
878,17045,Edgar County,"16,323",56687.0,8265.0,0.0,51448156.30184434,0.0318374044947571,2,0.62,0.675,2.15,0.6525000000000001,5.294804053851548,0.0,2.407777975489339,18.0,202.61,0.0,0.0,0.0,0.0,0.15,13.432499887548868,1.0,138.0,138.0
879,08121,Washington County,"4,732",59087.0,2293.0,0.0,15262257.124664648,0.0023347441792465,1,8.24,63.4,7.7,0.025,48.15201190487934,11.0,30.86890710052259,5.0,211.2,0.0,0.0,0.0,0.0,0.048,110.27352906423788,0.0,0.0,0.0
880,39065,Hardin County,"30,072",55876.0,12920.0,0.0,82965517.06329057,0.0680791058250208,2,0.27,0.305,2.2,0.048,4.454294372180028,0.0,0.6727041446692205,12.0,241.55,0.0,0.0,0.0,0.0,0.11,8.417632118319057,3.0,345.0,207.0
881,26113,Missaukee County,"15,274",57667.0,8665.0,0.0,3747.329123420384,2.521106881819406e-06,18,17.58,4.191666666666666,3.1722222222222225,0.4776666666666667,9.49011470744133,0.0,2.9386430021303727,15.0,341.66,1.0,12745.47931949244,8.574831450921526e-06,0.0,0.029,20.45990313041004,2.0,69.0,69.0
882,38093,Stutsman County,"21,414",59167.0,10389.0,0.0,50916452.29520564,0.0085545468398152,279,166.35,2.5964874551971326,2.968458781362007,0.1656989247311827,5.907147341494832,17.0,7.276917198821183,25.0,329.93,0.0,0.0,0.0,0.0,0.025,20.08741170166225,16.0,230.0,127.3875
883,29203,Shannon County,"7,285",46767.0,3542.0,0.0,52858.39221097626,2.0327448488992015e-05,1,0.13,0.76,5.8,0.049,22.124993212384773,0.0,0.0296784103376226,10.0,285.04,0.0,0.0,0.0,0.0,0.33,10.772021627971654,5.0,161.0,87.4
884,48423,Smith County,"252,549",69053.0,97561.0,0.0,339320363.85695255,0.1379481186201834,18,95.07,102.05444444444444,6.944444444444445,2.5837222222222223,7.367634080455158,32.0,2.425238093261775,31.0,466.81,0.0,0.0,0.0,0.0,0.061,4.035998702444221,28.0,345.0,144.57142857142858
885,40143,Tulsa County,"698,782",65229.0,292863.0,3.0,289849630.08743006,0.1907102951859218,6,82.83,345.1816666666666,6.3,46.96133333333333,10.442092346885271,6.0,4.122288010657832,15.0,459.28,1.0,406659.2319605328,0.000267566676362,0.0,0.081,1.044019535547868,190.0,345.0,134.85263157894738
886,40091,McIntosh County,"19,758",43467.0,11893.0,0.0,357689697.1860119,0.1939510203805087,11,361.08,430.96818181818185,4.063636363636364,38.904,1.4496497323460478,81.0,2.4062154602177386,29.0,534.06,0.0,0.0,0.0,0.0,0.11,8.959799723501005,9.0,138.0,84.33333333333333
887,48395,Robertson County,"17,839",59410.0,8494.0,0.0,542203288.7930782,0.2418203907444646,5,52.53,161.454,10.7,5.3966,15.917712843089454,0.0,4.104936506370291,22.0,558.49,0.0,0.0,0.0,0.0,0.041,12.740322559850556,12.0,345.0,191.66666666666663
888,48171,Gillespie County,"28,527",70162.0,14107.0,0.0,34310.112732343485,1.2477619798988428e-05,0,0.0,0.0,0.0,0.0,35.794648848899904,0.0,1.6830786608202872,14.0,237.98,0.0,0.0,0.0,0.0,0.025,9.12961446952395,5.0,345.0,220.8
889,26125,Oakland County,"1,288,337",92620.0,555313.0,1.0,162316037.85568628,0.0690785047630291,186,92.53,1.74,3.140860215053764,0.2285322580645161,0.4783397260138698,0.0,0.321695813954694,67.0,403.98,0.0,0.0,0.0,0.0,0.048,7.370893904704393,76.0,345.0,138.94736842105263
890,54093,Tucker County,"6,540",54053.0,4696.0,0.0,53111945.35896983,0.0486986771320591,3,0.73,1.0,4.233333333333333,0.0466666666666666,11.475421570510418,0.0,2.426097252573428,14.0,352.06,0.0,0.0,0.0,0.0,0.06,3.3322052656073167,3.0,138.0,138.0
891,72113,Ponce Municipio,,18994.0,66248.0,0.0,61530240.73089453,0.1227245168485308,3,1.66,5.04,6.133333333333333,0.4929999999999999,7.234936624247855,0.0,3.2458780891000365,3.0,9.95,0.0,0.0,0.0,0.0,0.47,46.12951361023312,0.0,0.0,0.0
892,55023,Crawford County,"15,910",60823.0,8699.0,0.0,197141048.0235585,0.1270282311295051,4,0.8,0.5775,2.875,0.00525,18.003341568594607,1.0,5.236780080671642,12.0,264.97,0.0,0.0,0.0,0.0,0.035,7.26442072209496,27.0,161.0,79.22222222222223
893,01071,Jackson County,"54,281",46748.0,24706.0,3.0,426080169.6763246,0.1459988898539317,18,194.95,80.20333333333333,4.405555555555555,410.596,1.6303739784244242,5.0,0.7975543307043483,47.0,351.2,0.0,0.0,0.0,0.0,0.22,1.4951553214429625,51.0,500.0,222.1764705882353
894,19123,Mahaska County,"21,880",65200.0,9700.0,0.0,233279850.37025893,0.1570811454881037,3,1.28,1.7333333333333334,3.9333333333333336,70.95400000000001,9.31691643848555,0.0,2.2962534462419937,13.0,549.34,0.0,0.0,0.0,0.0,0.049,4.365165041150463,13.0,345.0,118.53846153846152
895,20045,Douglas County,"120,920",66153.0,52818.0,0.0,203753560.745662,0.1657472030640648,12,31.33,38.84,4.375000000000001,0.6988333333333333,4.3246868517104,0.0,1.5657071737287314,12.0,223.9,0.0,0.0,0.0,0.0,0.064,5.507276378117861,19.0,345.0,127.10526315789474
896,21059,Daviess County,"104,898",64021.0,43927.0,0.0,399308167.0829788,0.3235743927856853,4,1.12,0.575,2.0,0.0725,9.093175241982216,0.0,3.290853432593115,16.0,457.83,0.0,0.0,0.0,0.0,0.27,1.3314364781375447,55.0,345.0,95.34545454545454
897,21197,Powell County,"12,812",38415.0,5599.0,0.0,46293123.878372185,0.0992324090938885,1,0.16,0.71,4.4,0.072,7.02209145532457,0.0,1.3133124050368192,7.0,119.52,0.0,0.0,0.0,0.0,0.13,0.8995575022876711,13.0,138.0,74.3076923076923
898,29097,Jasper County,"127,428",54963.0,53018.0,0.0,244695186.65873984,0.1473279930652075,5,0.99,0.368,1.92,1.5886,12.54483163776391,0.0,1.8747541608303215,13.0,234.27,0.0,0.0,0.0,0.0,0.093,4.14613323866327,21.0,345.0,152.23809523809524
899,41061,Union County,"25,900",61946.0,11694.0,0.0,0.0,0.0,11,6.05,4.431818181818182,6.881818181818182,1.6652727272727277,2.8145181288248438,9.0,3.623045557614672,34.0,685.93,0.0,0.0,0.0,0.0,0.16,31.723772013326357,1.0,115.0,115.0
900,13151,Henry County,"264,922",79663.0,87142.0,0.0,98704626.09548856,0.1167127364101815,17,12.23,5.018823529411765,4.688235294117647,0.7395882352941177,2.2744534897585345,84.0,2.167952586531692,10.0,174.02,0.0,0.0,0.0,0.0,0.11,1.4394941473414948,21.0,500.0,149.76190476190476
901,47175,Van Buren County,"6,874",44730.0,2896.0,0.0,16570937.324544316,0.0233053447442913,2,5.27,34.215,10.35,21.378,8.01949231098387,0.0,1.50336790565531,12.0,183.06,0.0,0.0,0.0,0.0,0.2,7.922257877228429,2.0,161.0,161.0
902,40125,Pottawatomie County,"75,102",58270.0,30051.0,0.0,349714184.7256439,0.1701588849133313,11,10.62,11.366363636363635,6.2727272727272725,0.8087272727272729,8.765652405343856,19.0,3.33017989498458,14.0,504.29,0.0,0.0,0.0,0.0,0.15,5.156477883518817,47.0,345.0,120.38297872340424
903,35053,Socorro County,"15,838",40699.0,7621.0,0.0,238741843.6603861,0.0138650990676428,4,111.26,733.6475,8.700000000000001,51.88525,14.963195913697344,23.0,4.100077357999087,29.0,218.23,1.0,2050719515.074332,0.119096965996883,0.0,0.21,32.68818917035433,3.0,345.0,191.66666666666663
904,13003,Atkinson County,"8,454",38007.0,3494.0,0.0,104001949.79812172,0.116549884745971,1,1.87,1.48,0.8,0.415,10.444828684032178,7.0,0.9530472946677536,9.0,460.16,0.0,0.0,0.0,0.0,0.076,11.324965909574129,3.0,115.0,115.0
905,12031,Duval County,"1,062,963",65579.0,437330.0,2.0,628594981.27969,0.2642476941161689,8,2.66,0.61,1.85,0.046625,8.860595809389197,444.0,6.56614837420773,12.0,110.43,7.0,41493271.07574353,0.0174428710531237,0.0,0.068,1.481953407288027,105.0,230.0,155.0857142857143
906,48145,Falls County,"17,869",45172.0,7455.0,0.0,266401.7502103063,0.0001329140250668,5,1.6,0.89,2.48,0.135,11.65777995586364,0.0,0.5431911983721439,15.0,263.75,0.0,0.0,0.0,0.0,0.039,15.308964917242132,4.0,345.0,207.0
907,05149,Yell County,"19,956",55879.0,9293.0,0.0,496089079.4594759,0.2019344868719962,13,120.17,103.90692307692308,8.484615384615385,98.4806153846154,11.144083166370317,27.0,2.884987255838328,24.0,391.33,0.0,0.0,0.0,0.0,0.16,8.875085202990508,4.0,161.0,149.5
908,20033,Comanche County,"1,673",49754.0,1035.0,0.0,530.396395872741,2.593263410161273e-07,1,0.89,2.93,3.3,0.134,8.729788806549555,0.0,2.317880550359368,18.0,231.72,0.0,0.0,0.0,0.0,0.061,10.823052898850266,7.0,115.0,57.5
909,21113,Jessamine County,"57,147",69905.0,20733.0,0.0,24910161.0881785,0.0551245523014757,0,0.0,0.0,0.0,0.0,14.464991465797812,0.0,2.1069168556909825,6.0,290.3,0.0,0.0,0.0,0.0,0.12,1.0289585648757442,31.0,345.0,91.25806451612904
910,21171,Monroe County,"11,191",47252.0,5239.0,0.0,41876801.97638987,0.04869267221371,1,0.34,1.53,4.5,0.388,3.5237618500225127,0.0,2.8897804986437245,21.0,244.98,0.0,0.0,0.0,0.0,0.14,5.1922150908938525,6.0,161.0,115.0
911,48031,Blanco County,"13,581",79717.0,6061.0,0.0,26451.190032539696,1.4315219605642249e-05,1,0.11,0.3,2.8,7.122,16.440681425865765,0.0,2.1748742734834043,15.0,291.16,0.0,0.0,0.0,0.0,0.027,3.655844119393692,5.0,138.0,110.4
912,55015,Calumet County,"53,982",84151.0,21776.0,1.0,313635066.9182467,0.304966318449173,2,645.64,2050.13,4.300000000000001,68.428,8.575348758543889,0.0,0.5556507213048357,8.0,168.6,0.0,0.0,0.0,0.0,0.031,3.207019761798478,20.0,345.0,138.0
913,21121,Knox County,"29,532",34254.0,13817.0,0.0,69549197.9428516,0.0692536699441211,0,0.0,0.0,0.0,0.0,18.398070077051905,0.0,1.5611606471058943,11.0,233.6,0.0,0.0,0.0,0.0,0.22,5.582067894770628,13.0,161.0,90.23076923076924
914,26067,Ionia County,"66,557",71720.0,24674.0,0.0,66885725.67806348,0.0445221796150666,11,8.93,3.193636363636364,3.4545454545454546,5.960363636363636,3.971727761421077,0.0,2.732507307255697,23.0,462.53,0.0,0.0,0.0,0.0,0.052,5.169759160807818,20.0,138.0,96.6
915,37129,New Hanover County,"245,959",67515.0,114625.0,0.0,214383162.1259623,0.2516873442441827,4,5.460000000000001,2.085,1.85,31.2345,10.830882782123227,344.0,2.3945590034206323,3.0,357.0,2.0,9205053.80468249,0.0108067980840962,0.0,0.11,1.2271783055708736,45.0,230.0,219.77777777777777
916,47131,Obion County,"30,067",50638.0,14335.0,0.0,359784843.3661139,0.2500941937160885,16,39.17,4.4825,2.41875,6.34725,7.551162828883654,10.0,1.5650933374393616,59.0,291.24,0.0,0.0,0.0,0.0,1.05,2.963061318230241,25.0,161.0,116.84
917,21035,Calloway County,"39,421",48276.0,17983.0,0.0,176702528.10965103,0.1661208087159781,2,574.95,3780.365,8.35,1070.8155,7.653807325769088,1.0,1.2040351657968595,18.0,218.97,0.0,0.0,0.0,0.0,0.54,1.712280632246998,18.0,500.0,108.27777777777776
918,51003,Albemarle County,"118,356",97708.0,47496.0,0.0,116191630.97576384,0.0617962575738376,8,2.34,8.49625,11.95,1.41375,0.7352411666475411,0.0,6.825283389445032,18.0,423.16,1.0,301897.6660742509,0.0001605635946151,0.0,0.13,4.056739692203745,26.0,500.0,209.42307692307693
919,47147,Robertson County,"80,175",74440.0,28703.0,0.0,48049028.180920005,0.0389325256174298,1,0.12,0.41,3.5,0.256,2.2924420119105298,0.0,0.7617240539033883,18.0,230.63,0.0,0.0,0.0,0.0,0.22,1.25379078258438,34.0,161.0,106.88235294117646
920,51043,Clarke County,"15,609",107475.0,6398.0,0.0,18532850.7637675,0.0401652137339811,0,0.0,0.0,0.0,0.0,15.155840791738749,0.0,2.4008855132022915,7.0,78.44999999999999,0.0,0.0,0.0,0.0,0.076,5.419799568828607,2.0,138.0,138.0
921,53023,Garfield County,"2,416",57958.0,1202.0,0.0,0.0,0.0,0,0.0,0.0,0.0,0.0,53.43697228012435,2.0,4.480104486266236,17.0,298.62,0.0,0.0,0.0,0.0,0.15,22.961812991292568,5.0,500.0,500.0
922,21109,Jackson County,"13,325",38516.0,6007.0,0.0,22278616.943543784,0.024823984351639,2,0.69,1.92,5.0,0.1505,9.150314028059023,0.0,1.3977386106116616,11.0,213.04,0.0,0.0,0.0,0.0,0.14,0.9946062202859224,8.0,161.0,92.0
923,27031,Cook County,"5,522",71937.0,5982.0,0.0,0.0,0.0,381,82115.18,31511.363359580053,4.85485564304462,7.870737532808399,0.0,0.0,8.947301620016086,142.0,508.3,0.0,0.0,0.0,0.0,0.019,3.1063420670528257,10.0,69.0,69.0
924,45073,Oconee County,"83,775",56710.0,41023.0,0.0,152850718.7041986,0.0876182743351684,17,283.55,417.60294117647067,11.75294117647059,15.95264705882353,2.456401601472262,11.0,3.5011016299625557,66.0,274.05,0.0,0.0,0.0,1.0,0.24,3.133456333314935,37.0,500.0,128.78378378378378
925,22033,East Baton Rouge Parish,"456,180",62083.0,204246.0,1.0,540327318.0977846,0.4435497857635965,7,3.13,1.1585714285714286,2.4,0.1708571428571428,11.843710071865278,9.0,0.003833389715476,18.0,525.9,1.0,246503.24232928763,0.0002023522717861,0.0,0.058,2.895050642083509,74.0,230.0,147.01351351351352
926,28021,Claiborne County,"8,058",34282.0,3948.0,0.0,262170064.25852564,0.2019626935146203,7,9.61,8.15,3.585714285714286,0.6078571428571429,8.572343087496426,0.0,2.9050720427714,21.0,483.51,0.0,0.0,0.0,1.0,0.087,8.083088204954404,3.0,500.0,243.33333333333331
927,24037,St. Mary's County,"116,692",113668.0,45665.0,0.0,146731112.02857542,0.0741289870956062,9,4.19,1.1577777777777778,2.311111111111112,0.0903333333333333,2.761850444766544,0.0,3.1756909060124263,11.0,188.6,2.0,30823586.59972624,0.0155721661323361,0.0,0.073,2.6293909443187284,32.0,230.0,89.125
928,21127,Lawrence County,"15,765",42488.0,7534.0,0.0,59784169.90716198,0.0549501771965534,1,6.98,102.7,14.7,5.635,1.3805153895203617,0.0,1.6886339129655823,16.0,325.4,0.0,0.0,0.0,0.0,0.11,11.22607177647141,11.0,345.0,188.1818181818182
929,21175,Morgan County,"14,415",46018.0,5633.0,0.0,51428235.46926128,0.0517384439796873,2,28.0,379.24,16.95,12.887,17.106419443460716,0.0,0.2989614649232855,15.0,199.88,0.0,0.0,0.0,0.0,0.12,2.3845327015639244,12.0,69.0,69.0
930,21177,Muhlenberg County,"30,634",50935.0,13518.0,0.0,238053929.85261223,0.1917253931187905,16,5.84,2.33125,3.45625,1.0716875,3.965700409090221,0.0,0.3936089904458966,22.0,497.16,1.0,45495589.18952912,0.0366415279425715,0.0,0.26,2.803880093223309,44.0,161.0,92.0
931,17049,Effingham County,"34,519",73181.0,15313.0,0.0,86522369.35232008,0.069597613649825,2,1.96,12.79,8.2,0.332,7.678886201939969,0.0,1.470495790452108,15.0,246.48,0.0,0.0,0.0,0.0,0.24,5.492285127189904,6.0,138.0,138.0
932,47105,Loudon County,"63,764",75008.0,24780.0,0.0,62755738.08815048,0.0979515541454766,3,117.66,244.43,6.2,241.5476666666667,3.5936040268632707,0.0,0.4394103353714501,25.0,169.03,0.0,0.0,0.0,0.0,0.4,0.3640413290198681,39.0,161.0,104.3846153846154
933,46025,Clark County,"4,031",59340.0,1619.0,0.0,16748912.09907093,0.006684033082127,74,83.12,3.127297297297297,2.694594594594595,0.0111756756756756,2.2821937957868847,0.0,25.37476622988202,1.0,0.76,0.0,0.0,0.0,0.0,0.052,5.422748851506476,11.0,345.0,115.0
934,15003,Honolulu County,"988,703",99816.0,369775.0,0.0,106275642.40906188,0.0189423219898936,5,2.12,1.252,3.14,0.0,553.4030697999807,0.0,520.892402558917,52.0,181.12,22.0,254283953.45687655,0.0453229772510184,0.0,0.27,538.1853953498037,28.0,138.0,138.0
935,12041,Gilchrist County,"20,488",56823.0,7579.0,0.0,242329254.757875,0.2633819708866012,0,0.0,0.0,0.0,0.0,58.00885052841767,0.0,6.257765480871694,3.0,210.71,0.0,0.0,0.0,0.0,0.047,5.42099523177058,14.0,230.0,103.5
936,18157,Tippecanoe County,"190,456",55728.0,78105.0,2.0,122758697.43568084,0.0941840216842783,1,0.33,1.25,3.8,6.215,10.82110933126026,0.0,2.2390354207195333,13.0,458.27,0.0,0.0,0.0,0.0,0.098,2.8667910788923017,34.0,345.0,167.76470588235293
937,42109,Snyder County,"39,655",65914.0,16003.0,0.0,40947444.92599744,0.0476850553867896,4,1.63,2.5250000000000004,5.775,0.58125,8.854776832926797,0.0,0.6314257095737476,11.0,320.57,0.0,0.0,0.0,0.0,0.06,6.9241127579528,6.0,69.0,69.0
938,48277,Lamar County,"51,503",58246.0,22688.0,0.0,471180838.0978858,0.194966640161931,7,26.85,85.99428571428572,6.628571428571428,0.9812857142857142,4.103568553533078,1.0,4.331903551255872,19.0,302.71,1.0,26730103.367366903,0.0110604634639959,0.0,0.086,2.429036191866353,19.0,345.0,127.10526315789474
939,12086,Miami-Dade County,"2,802,029",64215.0,1075278.0,4.0,2895903727.860304,0.4679632274617992,117,232.88,3.6577777777777776,1.6350427350427352,2.186059829059829,8.782667435106003,0.0,0.3496456077372903,26.0,571.36,2.0,3973351.86605324,0.0006420733345488,1.0,0.023,1.8237390136721012,142.0,500.0,169.66197183098592
940,31057,Dundy County,"1,568",58977.0,999.0,0.0,141268021.63389844,0.0592318057549858,1,0.13,0.46,3.6,0.234,10.95903639675658,6.0,10.473840861545137,11.0,97.66,0.0,0.0,0.0,0.0,0.037,7.077165660726374,16.0,69.0,69.0
941,48289,Leon County,"16,894",57363.0,8987.0,0.0,466067798.9477896,0.1665247074613704,16,48.13,43.48,3.58125,1.1126875,11.830026975536432,1.0,1.0953706501677771,23.0,446.83,0.0,0.0,0.0,0.0,0.046,11.726831585514915,5.0,138.0,96.6
942,08097,Pitkin County,"16,625",96123.0,13300.0,0.0,28893488.339243203,0.0114630423701317,4,4.65,55.115,28.875,0.73975,3.1156401204070825,101.0,4.377203427061874,17.0,273.41,0.0,0.0,0.0,0.0,0.19,63.54258986874185,0.0,0.0,0.0
943,38035,Grand Forks County,"74,501",64698.0,33567.0,0.0,258933088.9831553,0.0694549204948367,11,5.84,0.7909090909090909,1.8909090909090909,0.1136363636363636,9.16111465794033,363.0,3.2477813520938925,16.0,654.23,1.0,21260992.08636181,0.0057029424891141,0.0,0.022,3.670315361935608,48.0,230.0,91.43333333333334
944,18091,LaPorte County,"111,294",66854.0,49763.0,0.0,230442922.3235331,0.1450846130591337,16,57735.03999999999,303752.005,8.6125,117.4494375,6.759551657192803,0.0,0.2465052544655174,21.0,150.35,0.0,0.0,0.0,0.0,0.07,5.039307218755705,27.0,765.0,217.66666666666663
945,18057,Hamilton County,"387,036",114866.0,136401.0,0.0,103612955.8900784,0.0993999709066523,8,11.4,17.107499999999998,4.725,11.017374999999998,0.0290281205378897,0.0,0.4172750476719236,18.0,557.4499999999999,0.0,0.0,0.0,0.0,0.11,1.662116216317475,83.0,345.0,84.51807228915662
946,51595,Emporia city,"5,447",41442.0,2810.0,0.0,3154697.838365566,0.1824289650528712,1,0.26,0.74,2.9,25.038,1.960988013288836,1.0,0.6739351979940644,2.0,128.12,0.0,0.0,0.0,0.0,0.074,0.5417950978914181,2.0,115.0,115.0
947,40081,Lincoln County,"35,278",57656.0,14539.0,0.0,263940634.0223222,0.1055191708728421,13,10.34,3.752307692307693,3.5384615384615383,1.4631538461538462,4.100895564044393,1.0,0.6943266120957353,22.0,427.67,0.0,0.0,0.0,0.0,0.11,2.2455166718147166,38.0,138.0,101.6842105263158
948,20071,Greeley County,"1,182",69948.0,633.0,0.0,0.0,0.0,0,0.0,0.0,0.0,0.0,41.46371092460786,0.0,38.80708502065431,0.0,0.0,0.0,0.0,0.0,0.0,0.045,6.216928838944631,5.0,115.0,115.0
949,13145,Harris County,"37,280",85936.0,14306.0,0.0,107704467.81240503,0.0879254782709953,13,31.37,22.173076923076923,4.446153846153846,44.95176923076922,5.611200362402086,7.0,4.447644034185747,28.0,246.22,0.0,0.0,0.0,0.0,0.084,4.012232178643525,15.0,230.0,191.66666666666663
950,13251,Screven County,"14,408",49941.0,6528.0,0.0,290414387.8158634,0.1709634742885886,7,1.42,0.5814285714285715,2.7142857142857144,0.1221428571428571,9.494875078745782,33.0,5.744384892916319,7.0,608.01,0.0,0.0,0.0,0.0,0.21,3.7898163999463774,9.0,500.0,157.77777777777777
951,72127,San Juan Municipio,,26111.0,191178.0,1.0,26041788.426823884,0.1306676470332581,2,4.88,6.045,3.0,0.3305,3.4079408811466587,0.0,8.155629501783093,0.0,0.0,0.0,0.0,0.0,0.0,0.46,106.1968191200885,0.0,0.0,0.0
952,48433,Stonewall County,"1,186",66591.0,706.0,0.0,0.0,0.0,1,0.43,0.61,1.4,0.016,7.54563862922199,0.0,3.6690443718038224,9.0,498.91,0.0,0.0,0.0,0.0,0.041,20.85474768916712,1.0,69.0,69.0
953,39069,Henry County,"27,598",71616.0,12045.0,0.0,3662.034491123002,3.368474954291724e-06,0,0.0,0.0,0.0,0.0,20.91072172284049,0.0,0.4437058175299523,13.0,229.07,0.0,0.0,0.0,0.0,0.084,18.811340331475257,3.0,138.0,138.0
954,33009,Grafton County,"93,225",79949.0,51191.0,0.0,252493502.68082225,0.0557169966057283,62,103.56,13.31016129032258,6.506451612903225,8.336177419354838,5.357760261001135,200.0,2.1921986183863704,105.0,735.0600000000001,0.0,0.0,0.0,0.0,0.16,13.188810500357995,23.0,230.0,167.0
955,29145,Newton County,"62,263",60313.0,24636.0,0.0,116564003.59950954,0.0718279856045019,0,0.0,0.0,0.0,0.0,33.042070116714015,0.0,1.1422741607062548,13.0,201.52,1.0,17368165.73319495,0.0107024494675625,0.0,0.097,4.293105228609761,23.0,161.0,101.0
956,18129,Posey County,"24,988",75594.0,11068.0,0.0,420761957.2461085,0.3871540439048636,4,5.03,2.455,2.1,0.6865,14.358396965591137,0.0,0.3272513590843008,34.0,239.77,0.0,0.0,0.0,0.0,0.41,6.595809389930059,49.0,345.0,87.3061224489796
957,48311,McMullen County,544,60313.0,369.0,0.0,3014.194652104441,1.0060555303841595e-06,5,56.4,267.78000000000003,6.5200000000000005,2.7368,9.140212323946493,0.0,4.136036462852976,12.0,280.03000000000003,2.0,42962024.782123245,0.0143395459209575,0.0,0.029,39.54197330575718,0.0,0.0,0.0
958,17035,Cumberland County,"10,208",71274.0,4734.0,0.0,70231411.57766438,0.07816274035952,2,3.72,14.14,5.4,0.9095,10.471193331370936,0.0,1.0039687884300008,11.0,214.71,0.0,0.0,0.0,0.0,0.21,14.596234069644431,2.0,345.0,241.5
959,13297,Walton County,"112,696",79425.0,35783.0,0.0,85132285.49440154,0.0996054267373153,5,5.3,6.294,4.66,0.4396,4.312906523327401,30.0,1.7943013349163,9.0,253.41,0.0,0.0,0.0,0.0,0.12,3.873354777349348,35.0,230.0,141.28571428571428
960,27121,Pope County,"11,420",71212.0,6375.0,0.0,120301904.4774326,0.0647896872910118,92,108.81,5.885326086956522,3.2065217391304346,0.2225978260869565,1.162853418476374,0.0,2.506724844481076,26.0,236.22,0.0,0.0,0.0,0.0,0.039,8.837990220896772,18.0,69.0,69.0
961,51157,Rappahannock County,"7,439",98663.0,3850.0,0.0,32381465.732883163,0.0467910959204842,0,0.0,0.0,0.0,0.0,20.125960729001,0.0,0.5488685272118783,10.0,219.21,0.0,0.0,0.0,0.0,0.088,12.22454072467592,3.0,500.0,379.3333333333333
962,51009,Amherst County,"31,962",64454.0,14244.0,0.0,64505381.48785545,0.0520014554830543,3,1.1800000000000002,2.266666666666667,5.633333333333333,0.5843333333333334,7.376651391139977,0.0,1.254372046967288,11.0,416.42,0.0,0.0,0.0,0.0,0.098,6.676729115874385,11.0,138.0,129.63636363636363
963,06111,Ventura County,"830,851",102141.0,293491.0,0.0,273081181.4618752,0.0477835565143136,8,16.369999999999997,54.58,11.875,0.9715,12.061088726245345,0.0,5.178892450964823,20.0,215.76,4.0,95849556.630842,0.0167716892157256,0.0,0.91,2.507707468000441,70.0,230.0,98.8
964,17033,Crawford County,"18,648",64163.0,8481.0,0.0,173404268.74023655,0.1501626736764404,2,0.3299999999999999,0.255,1.65,0.621,3.235860895628459,0.0,3.972208008342888,15.0,275.75,0.0,0.0,0.0,0.0,0.27,2.6666950685585147,4.0,138.0,138.0
965,08093,Park County,"18,314",85019.0,14198.0,0.0,196441173.9733712,0.0343147547774392,11,29.85,37.791818181818186,8.163636363636364,0.9137272727272728,14.45744252895729,14.0,8.89544465780868,39.0,494.13,0.0,0.0,0.0,0.0,0.16,34.24913647983465,3.0,115.0,88.16666666666667
966,27115,Pine County,"30,472",65059.0,17017.0,0.0,215595736.40413627,0.0580242272720895,65,42.19,2.562,2.983076923076923,0.8802769230769232,7.958023729165814,0.0,2.2805119136309044,59.0,720.67,0.0,0.0,0.0,0.0,0.02,0.9366306689986524,17.0,500.0,103.82352941176472
967,48021,Bastrop County,"118,908",80151.0,36875.0,0.0,336602835.4968436,0.1451180847157464,3,3.68,7.59,4.366666666666667,0.3986666666666666,5.001547957339992,2.0,0.722593079758309,12.0,402.11,1.0,47439499.5485004,0.0204523806348519,0.0,0.032,2.653564701535215,28.0,345.0,192.2142857142857
968,53039,Klickitat County,"24,331",66581.0,10602.0,0.0,140608015.24079764,0.0285067436045146,6,2.02,0.8849999999999999,2.983333333333333,2.442833333333333,8.569212451646846,10.0,2.4499320205649173,38.0,619.25,0.0,0.0,0.0,0.0,0.22,10.388933316442737,3.0,500.0,500.0
969,53055,San Juan County,"18,577",76745.0,13851.0,0.0,171745367.06132263,0.1068127145501691,8,2.15,1.8875,6.0875,0.09875,6.857753745716779,452.0,8.807200786629044,1.0,7.09,0.0,0.0,0.0,0.0,0.56,2.370372004060173,17.0,115.0,74.41176470588235
970,55009,Brown County,"275,803",74066.0,113199.0,0.0,180119217.33156443,0.1129456869977132,3,57727.12,1620000.2033333334,29.46666666666667,625.9209999999999,6.506790171147422,0.0,0.9492205127687816,9.0,158.54999999999998,0.0,0.0,0.0,0.0,0.028,1.5125744322620855,45.0,345.0,127.26666666666668
971,20205,Wilson County,"8,299",55439.0,4498.0,0.0,285117522.29748774,0.1914266893013874,2,0.58,0.725,2.25,13.417,15.90624110872788,0.0,3.353704786198514,8.0,196.41,0.0,0.0,0.0,0.0,0.062,6.863066038604233,13.0,138.0,74.3076923076923
972,22069,Natchitoches Parish,"36,089",41310.0,18605.0,0.0,1308553098.5015454,0.3887762121350032,24,40.010000000000005,21.33458333333333,3.5041666666666664,84.132,1.9341613710605463,169.0,1.09552168975825,66.0,849.26,1.0,73536237.38533434,0.0218479019751424,0.0,0.068,4.388526585053971,5.0,230.0,161.0
973,22109,Terrebonne Parish,"104,163",63088.0,47314.0,0.0,3860410845.9528046,0.7158208849049245,242,666.64,2.777479338842975,1.0425619834710744,0.6730619834710744,0.9746248939873712,16.0,0.2111467664612566,50.0,348.81,0.0,0.0,0.0,0.0,0.05,28.33113080271503,11.0,230.0,169.36363636363637
974,13155,Irwin County,"9,020",46383.0,4168.0,0.0,94205404.88923544,0.1002663649658504,2,0.35,0.27,1.65,0.015,3.9655587476873526,90.0,5.391707231608637,13.0,344.92,0.0,0.0,0.0,0.0,0.076,4.505415100727529,6.0,115.0,115.0
975,02185,North Slope Borough,"10,582",83472.0,2625.0,0.0,0.0,0.0,13461,9115.66,2.508464452863829,3.235762573360077,0.5428966644380061,9.889573097068494,0.0,0.9137380685031922,3587.0,35119.11,3.0,6638856.107302116,2.7030852773651187e-05,0.0,0.067,495.153320776722,0.0,0.0,0.0
976,26011,Arenac County,"15,068",53487.0,9554.0,0.0,170065251.0884338,0.0964667335111277,4,59400.43,887501.0925,17.099999999999998,2290.58425,4.264311418624246,0.0,0.8970222884230903,12.0,102.9,0.0,0.0,0.0,0.0,0.031,8.497527361108604,4.0,138.0,138.0
977,19111,Lee County,"32,306",58094.0,15869.0,0.0,162376060.94704062,0.1163389471204372,2,0.42,0.3349999999999999,1.6,0.7375,9.308184001573643,16.0,1.467105086659693,15.0,258.51,1.0,169322.03197682492,0.0001213155856201,0.0,0.073,10.468093374337675,13.0,345.0,146.84615384615384
978,20141,Osborne County,"3,285",58750.0,2050.0,0.0,12.612321705609858,5.4447678496702285e-09,1,5.97,10.24,1.7,16.566,27.07018583501091,3.0,2.487785090642159,13.0,272.07,0.0,0.0,0.0,0.0,0.064,17.179816470969644,2.0,115.0,115.0
979,26047,Emmet County,"33,775",69690.0,21791.0,0.0,117638914.44542156,0.0514974266078948,12,117174.45,700867.8558333333,16.099999999999998,920.942,3.715001345536929,0.0,4.2049437218798325,26.0,74.1,0.0,0.0,0.0,0.0,0.024,8.3340265550236,15.0,138.0,101.2
980,19071,Fremont County,"6,522",69375.0,3144.0,0.0,210108960.32266384,0.1570218747462471,6,2.05,0.5983333333333333,1.4,3.7883333333333336,4.274553382070411,3.0,0.887749060421994,23.0,321.41,0.0,0.0,0.0,0.0,0.046,2.984473120568872,4.0,69.0,69.0
981,23015,Lincoln County,"36,595",69638.0,23698.0,0.0,258740335.3655141,0.142793584268528,38,46.19,9.20236842105263,4.907894736842105,0.8685526315789475,3.002389829423973,224.0,2.379012155099941,30.0,196.73,0.0,0.0,0.0,0.0,0.16,13.246310767049176,8.0,345.0,172.5
982,21023,Bracken County,"8,511",59911.0,3844.0,0.0,40257826.81716695,0.0743889425949713,0,0.0,0.0,0.0,0.0,16.088996647435575,0.0,3.1290112544693858,14.0,387.27,0.0,0.0,0.0,0.0,0.13,7.961330805846246,1.0,138.0,138.0
983,55037,Florence County,"4,748",58049.0,4639.0,0.0,35617482.30547635,0.0276514271730862,52,26.14,2.8184615384615386,4.265384615384615,3.382307692307692,0.6294320557287242,0.0,1.7961048579553724,40.0,280.2,0.0,0.0,0.0,0.0,0.023,13.522819305188651,9.0,138.0,76.66666666666667
984,54087,Roane County,"13,317",41299.0,7174.0,0.0,28692291.646617614,0.0229020352127099,0,0.0,0.0,0.0,0.0,21.142514867575866,0.0,2.348046276503769,13.0,228.08,0.0,0.0,0.0,0.0,0.096,13.396435704493369,1.0,138.0,138.0
985,27159,Wadena County,"14,388",54747.0,6971.0,0.0,226.8091778521604,1.6118420454146702e-07,20,10.64,1.9475,2.93,1.28595,8.106896518715882,0.0,0.7245337088495064,30.0,411.89,0.0,0.0,0.0,0.0,0.028,20.392992804793767,7.0,115.0,115.0
986,37007,Anson County,"21,758",42000.0,9963.0,0.0,140589036.08629936,0.1010645655518045,7,10.61,17.905714285714286,4.471428571428572,74.033,5.743277875752484,31.0,5.937946526496658,19.0,312.87,0.0,0.0,0.0,0.0,0.14,4.015414004568858,17.0,230.0,223.23529411764707
987,02100,Haines Borough,"2,068",68276.0,1410.0,0.0,0.0,0.0,50,33.93,15.8518,7.26,13.78738,2.7172145900713964,0.0,1.5881778569656768,112.0,605.47,0.0,0.0,0.0,0.0,0.49,95.1427801613658,0.0,0.0,0.0
988,38007,Billings County,"1,071",74000.0,493.0,0.0,841.8526683977656,2.818805694986405e-07,0,0.0,0.0,0.0,0.0,43.12736221126344,0.0,9.338637836704086,10.0,250.36,0.0,0.0,0.0,0.0,0.031,26.4582462050152,1.0,345.0,345.0
989,31003,Antelope County,"6,352",61924.0,3142.0,0.0,1765522.7991575736,0.0007939421450528,1,0.12,0.47,3.9,0.462,22.18139849453851,0.0,3.162091131176377,20.0,362.47,0.0,0.0,0.0,0.0,0.067,1.5120364615093238,38.0,230.0,88.97368421052632
990,29073,Gasconade County,"14,784",62638.0,7615.0,0.0,164310271.88057306,0.1206190816430571,5,1.33,1.488,5.1,0.0584,2.554176047558556,0.0,2.421081532670268,18.0,695.75,0.0,0.0,0.0,0.0,0.19,1.8121124626190104,14.0,345.0,124.85714285714286
991,12067,Lafayette County,"8,792",57852.0,3403.0,0.0,962514708.2729046,0.6782693978198082,0,0.0,0.0,0.0,0.0,35.13756736668684,3132.0,4.744149274645532,5.0,171.95,0.0,0.0,0.0,0.0,0.048,15.37113391148158,2.0,230.0,149.5
992,37035,Catawba County,"170,172",62070.0,71047.0,0.0,89435769.8178609,0.0830033443352788,4,129.29999999999998,175.38750000000002,7.050000000000001,53.88425,14.488723145383563,6.0,2.333567128726675,24.0,283.71,0.0,0.0,0.0,0.0,0.13,2.819225724736584,60.0,230.0,123.83333333333331
993,21025,Breathitt County,"12,558",38209.0,6563.0,0.0,51267247.858668566,0.0399670595996724,0,0.0,0.0,0.0,0.0,24.003415747344853,0.0,1.7420230368297531,8.0,395.9,0.0,0.0,0.0,0.0,0.14,12.449053557212512,3.0,138.0,92.0
994,48075,Childress County,"6,643",56063.0,2734.0,0.0,0.1426899700047652,7.719166003988124e-11,2,1.67,10.83,11.3,0.0475,14.650846719867632,0.0,4.116313492776052,10.0,59.69,0.0,0.0,0.0,0.0,0.078,10.791626719460156,11.0,345.0,119.1818181818182
995,29181,Ripley County,"10,717",42541.0,5236.0,0.0,227581167.95023823,0.1391173039648072,5,0.98,0.8640000000000001,4.4,0.2664,8.424834173197624,1.0,0.3619844316255465,17.0,215.76,0.0,0.0,0.0,0.0,0.52,3.846012276927861,12.0,161.0,76.66666666666667
996,17179,Tazewell County,"130,049",74606.0,58634.0,0.0,186761234.81184772,0.1095978722878994,11,71.22,50.56727272727273,3.772727272727273,83.261,9.973129244210684,0.0,6.304025304919112,13.0,376.35,0.0,0.0,0.0,0.0,0.1,2.6949785121813385,39.0,345.0,132.69230769230768
997,48243,Jeff Davis County,"1,711",38125.0,1810.0,0.0,0.0,0.0,1,0.32,0.88,2.8,0.231,41.3051316393266,0.0,41.53130218874907,3.0,641.58,0.0,0.0,0.0,0.0,0.16,31.051870384374848,1.0,69.0,69.0
998,51678,Lexington city,"7,769",93651.0,2525.0,0.0,604570.5484543976,0.09243089875528,0,0.0,0.0,0.0,0.0,17.820581836814668,0.0,1.4712475553267736,1.0,51.7,0.0,0.0,0.0,0.0,0.092,3.2002483786647966,0.0,0.0,0.0
999,05135,Sharp County,"18,122",43332.0,9535.0,0.0,119182127.14818716,0.0758530780730655,8,2.08,2.47875,5.9875,0.16175,13.295557080962578,3.0,2.6388810676543883,12.0,370.85,0.0,0.0,0.0,0.0,0.42,4.769137950887854,6.0,161.0,115.0
1000,08069,Larimer County,"377,292",87199.0,159083.0,0.0,110101407.1378849,0.0161391705188174,96,73.81,7.916145833333334,5.04375,0.3869479166666666,15.23624815945954,195.0,0.1122293578963569,73.0,719.66,0.0,0.0,0.0,0.0,0.14,64.26143730403106,0.0,0.0,0.0
1001,27163,Washington County,"286,895",110828.0,104880.0,0.0,150035628.34365258,0.1368477049037746,72,51.37,3.2670833333333333,3.393055555555556,0.1345416666666666,2.3740675387597863,198.0,6.773882998381853,13.0,350.71,0.0,0.0,0.0,0.0,0.024,4.555705109921649,23.0,345.0,178.0
1002,51740,Portsmouth city,"96,777",57154.0,43096.0,0.0,33687657.99841498,0.2786256938858232,2,3.91,2.77,1.75,0.232,4.239437332525169,62.0,2.4763967341598816,2.0,94.79,5.0,5813193.51358576,0.0480800736130605,0.0,0.053,2.228739722425441,5.0,230.0,207.0
1003,42051,Fayette County,"123,021",55579.0,62005.0,0.0,64407119.80797042,0.031134238014153,7,11.11,54.401428571428575,10.028571428571428,4.081142857142857,8.573467117818605,0.0,6.227489246852594,33.0,437.4,0.0,0.0,0.0,0.0,0.051,2.63202304276442,27.0,500.0,164.8148148148148
1004,54023,Grant County,"11,041",52877.0,5671.0,0.0,32866507.90691081,0.0264214236612898,4,6.13,19.635,8.25,0.7384999999999999,8.312302105222674,0.0,2.343239219303721,21.0,379.32,0.0,0.0,0.0,0.0,0.061,11.671326066349136,2.0,500.0,500.0
1005,51171,Shenandoah County,"45,839",62149.0,21195.0,0.0,81690562.51537395,0.0616236595896033,1,0.15,0.85,5.7,0.281,19.827386175509552,0.0,2.833077022985796,6.0,231.63,0.0,0.0,0.0,0.0,0.074,9.146809582540158,6.0,138.0,122.66666666666669
1006,48235,Irion County,"1,463",54708.0,827.0,0.0,20991.228305571785,7.706985809367216e-06,0,0.0,0.0,0.0,0.0,35.4444963913194,0.0,16.527847831432393,3.0,47.56,0.0,0.0,0.0,0.0,0.032,4.129416976924552,4.0,138.0,103.5
1007,54101,Webster County,"7,760",43409.0,4436.0,0.0,45832113.07341392,0.0318140202056182,1,0.27,1.71,6.4,0.037,16.039540492112824,0.0,0.433034311868985,15.0,330.54,0.0,0.0,0.0,0.0,0.09,5.680851960002301,2.0,138.0,138.0
1008,49011,Davis County,"381,227",101285.0,116139.0,0.0,993457345.0803864,0.6038313680776992,1,6478.85,22800.0,3.5,214.57,0.0,96.0,15.40175161509178,3.0,66.66,1.0,25202608.13069175,0.0153183480116605,0.0,0.39,15.169946205553533,3.0,138.0,122.66666666666669
1009,27033,Cottonwood County,"11,405",63586.0,5157.0,0.0,77037892.44171765,0.0458621036741624,36,21.95,1.8577777777777775,2.927777777777778,0.2940277777777778,2.48801502916442,288.0,3.229787868975071,20.0,472.46,0.0,0.0,0.0,0.0,0.031,6.779885316406727,20.0,69.0,69.0
1010,72053,Fajardo Municipio,,24309.0,18632.0,0.0,21781938.09710476,0.0798453328383559,2,0.6699999999999999,0.935,2.85,0.0345,2.1327311187163347,0.0,4.10874338984987,1.0,13.97,0.0,0.0,0.0,0.0,0.47,157.13797016552286,0.0,0.0,0.0
1011,01063,Greene County,"7,067",32796.0,4271.0,0.0,606153366.7517414,0.3546419132892983,36,9.23,0.6744444444444445,2.466666666666667,9.823444444444442,2.3957796386740653,824.0,0.2537885440030037,14.0,545.69,0.0,0.0,0.0,0.0,0.28,13.400887605060689,7.0,115.0,115.0
1012,16033,Clark County,783,53500.0,449.0,0.0,0.0,0.0,1,1.17,6.45,5.5,0.206,37.21004129322297,0.0,2.749301861348893,37.0,294.54,0.0,0.0,0.0,0.0,0.28,98.75689331091444,0.0,0.0,0.0
1013,19109,Kossuth County,"14,322",62553.0,7227.0,0.0,123980439.94097844,0.0491305947447936,11,4.33,1.288181818181818,2.936363636363636,3.1987272727272726,3.4714289129260982,81.0,2.17439469847237,26.0,396.76,0.0,0.0,0.0,0.0,0.03,3.0263172094169626,4.0,345.0,207.0
1014,72151,Yabucoa Municipio,,19972.0,14298.0,0.0,30105475.489816368,0.1396372795570055,0,0.0,0.0,0.0,0.0,12.885987915741511,0.0,1.0850599053020311,2.0,14.69,0.0,0.0,0.0,0.0,0.45,127.35599377185578,0.0,0.0,0.0
1015,38013,Burke County,"2,132",94583.0,1413.0,0.0,0.0,0.0,32,34.78,4.5890625,2.709375,0.0759375,4.135440353389663,1.0,11.02005699212971,12.0,105.57,0.0,0.0,0.0,0.0,0.033,4.510112505139952,28.0,230.0,89.53571428571429
1016,37063,Durham County,"347,240",74927.0,145518.0,3.0,113255762.373608,0.1468069409788008,7,55.38,194.13285714285715,8.614285714285714,5.159,7.124667583402493,61.0,1.329379118325129,25.0,198.89,2.0,9074713.483450336,0.0117630299672493,0.0,0.075,2.486551092881813,73.0,230.0,130.27397260273972
1017,19085,Harrison County,"14,623",75830.0,6684.0,0.0,441783288.86351,0.2431091748691876,4,3.53,2.78,2.075,290.1275,16.54576749471818,0.0,1.9109663286374048,31.0,448.34,0.0,0.0,0.0,0.0,0.039,3.5697300148946423,18.0,69.0,69.0
1018,31103,Keya Paha County,792,63977.0,493.0,0.0,11902.210377193913,5.937892064133769e-06,3,0.51,0.64,3.733333333333333,0.1053333333333333,16.604738497244085,0.0,1.94308687663213,30.0,443.04,0.0,0.0,0.0,0.0,0.078,7.002750303512786,2.0,69.0,69.0
1019,19187,Webster County,"36,838",65335.0,16981.0,0.0,133649293.44571026,0.071818344234188,4,0.8300000000000001,0.4975,2.425,0.12525,7.922955338120071,0.0,3.5181278365152417,13.0,543.61,0.0,0.0,0.0,0.0,0.033,8.653335617424718,13.0,345.0,168.07692307692307
1020,17151,Pope County,"3,672",57582.0,2317.0,0.0,320069.49052691023,0.0003299602673544,7,70.33,131.12571428571428,5.414285714285714,715.2887142857143,8.061452859447556,0.0,0.0720450014457362,10.0,107.82,0.0,0.0,0.0,0.0,0.55,4.584086932271565,8.0,161.0,80.5
1021,47159,Smith County,"20,981",57677.0,8577.0,0.0,90105980.38402838,0.1069295793682755,4,37.3,264.51000000000005,11.05,172.117,4.201965423688494,0.0,0.1829528005432467,18.0,191.59,0.0,0.0,0.0,0.0,0.16,2.909163189421076,6.0,161.0,161.0
1022,51089,Henry County,"49,242",43694.0,25475.0,0.0,51092558.22332902,0.0513207073812064,4,9.16,99.4425,15.675,2.7045,3.370790980794273,4.0,1.9612128431878544,19.0,220.82,0.0,0.0,0.0,0.0,0.1,4.050755616956822,8.0,765.0,216.375
1023,51510,Alexandria city,"160,662",113179.0,80253.0,0.0,3889502.624731154,0.0978458177314966,0,0.0,0.0,0.0,0.0,5.829974055621812,0.0,1.671348445695028,2.0,14.14,1.0,75303.00594707475,0.0018943512591254,0.0,0.081,2.757670464615736,5.0,230.0,230.0
1024,19101,Jefferson County,"15,291",52210.0,7685.0,0.0,91033877.33861683,0.0804523997806691,4,0.7,0.4775,2.55,18.11575,0.0,0.0,3.439794734101828,9.0,243.27,0.0,0.0,0.0,0.0,0.06,24.78355635124072,0.0,0.0,0.0
1025,30049,Lewis and Clark County,"75,331",71967.0,33589.0,0.0,40939913.86429542,0.0045194220323116,25,176.26,147.484,7.5,21.95604,18.54092102388288,35.0,2.4149637811568345,127.0,1172.73,2.0,26794933.08079962,0.0029579351661825,0.0,0.21,77.28664973778878,0.0,0.0,0.0
1026,49013,Duchesne County,"20,856",70821.0,8873.0,0.0,182019.48586442988,2.162065480704887e-05,28,24.47,13.397142857142857,9.25357142857143,0.2732142857142857,8.65109800593846,13.0,3.081340821743084,67.0,762.38,0.0,0.0,0.0,0.0,0.17,24.194978922653924,2.0,69.0,69.0
1027,40003,Alfalfa County,"5,649",75028.0,2505.0,0.0,10042.999928240222,4.3991530466672e-06,2,84.44,611.6750000000001,7.95,22.999,3.6416891366844713,1.0,1.0350958161718795,26.0,331.01,1.0,4906617.457450902,0.002149254335458,0.0,0.08,4.589243090744114,26.0,138.0,100.84615384615384
1028,48119,Delta County,"5,549",68491.0,2435.0,0.0,1762518.0537577777,0.0024484846890083,9,46.69,110.48777777777778,4.355555555555556,7.162888888888888,2.138373466249225,1.0,5.380753770937182,5.0,30.99,0.0,0.0,0.0,0.0,0.078,6.154515082118972,5.0,69.0,69.0
1029,47169,Trousdale County,"12,623",62018.0,3776.0,0.0,35772967.40198363,0.1184126363608652,1,0.28,1.09,3.8,0.301,4.513855379744085,0.0,0.5395093847557773,7.0,51.6,0.0,0.0,0.0,0.0,0.16,4.8762001272671744,1.0,161.0,161.0
1030,21193,Perry County,"26,555",45330.0,13226.0,0.0,31551014.46616596,0.0355562754721752,3,2.53,69.58333333333333,34.53333333333334,4.859333333333334,8.994778870713244,0.0,2.0100498204261976,9.0,373.18,0.0,0.0,0.0,0.0,0.16,2.2583189561879955,14.0,161.0,83.78571428571429
1031,46039,Deuel County,"4,408",76997.0,2136.0,0.0,21738786.738746338,0.013184441872399,25,29.19,2.4084,2.272,0.08772,0.1117633352345354,842.0,0.0542616965694059,13.0,72.35,0.0,0.0,0.0,0.0,0.043,5.12163227209872,10.0,345.0,101.2
1032,41029,Jackson County,"221,795",67690.0,96286.0,0.0,95999717.8436551,0.0132315486790669,18,30.52,50.58111111111111,12.016666666666667,15.107444444444443,2.2834213953017404,377.0,1.7679366392169356,95.0,883.3,0.0,0.0,0.0,0.0,0.35,6.144590657256067,55.0,500.0,111.96363636363635
1033,72067,Hormigueros Municipio,,22542.0,7561.0,0.0,11047380.996122545,0.3759484294948527,0,0.0,0.0,0.0,0.0,6.346037845104344,0.0,1.124981139427499,2.0,26.380000000000003,0.0,0.0,0.0,0.0,0.54,5.861284174715813,0.0,0.0,0.0
1034,48507,Zavala County,"9,037",49243.0,3956.0,0.0,1076293.3419380374,0.0003192349034904,2,0.4,0.3349999999999999,1.7,0.003,18.909331203432888,0.0,1.1826887997542876,5.0,110.96,0.0,0.0,0.0,0.0,0.025,19.81662178064652,2.0,138.0,138.0
1035,31007,Banner County,686,62375.0,359.0,0.0,21126.33327132261,1.0931425548711469e-05,0,0.0,0.0,0.0,0.0,28.38142173167213,0.0,10.183396513333731,3.0,56.24,0.0,0.0,0.0,0.0,0.059,16.214085890246196,2.0,345.0,287.5
1036,19121,Madison County,"17,270",88110.0,6953.0,0.0,116035722.15873715,0.0796957985032853,2,0.41,0.905,3.9,0.14,3.8785184689179952,0.0,1.887982789363672,10.0,293.48,0.0,0.0,0.0,0.0,0.042,9.545180768193452,8.0,345.0,230.0
1037,12011,Broward County,"2,013,317",70331.0,859621.0,2.0,580215762.9449649,0.1712149120733897,53,18.47,0.5958490566037736,1.671698113207547,1.4424150943396226,3.5766978084750667,0.0,1.5555840606201303,20.0,559.5,2.0,1319639.2727477883,0.0003894101754583,0.0,0.025,8.885558254264971,109.0,500.0,190.27522935779817
1038,13279,Toombs County,"27,545",47310.0,12062.0,0.0,128915177.62102322,0.1341657523825052,1,0.16,0.39,2.4,0.02,13.943611421468816,7.0,1.7060144436612783,8.0,253.66000000000005,0.0,0.0,0.0,0.0,0.13,5.117089720909924,8.0,230.0,143.75
1039,26151,Sanilac County,"40,083",55740.0,21779.0,0.0,71302738.12310222,0.0173151951274174,6,59403.39,591667.9283333333,12.016666666666666,1528.759,7.799669051235683,19.0,5.065440607097223,14.0,224.98,0.0,0.0,0.0,0.0,0.036,21.397840899056423,4.0,345.0,345.0
1040,48397,Rockwall County,"140,738",121303.0,39281.0,0.0,100369273.7378814,0.260213468728331,4,80.30999999999999,180.2025,3.875,5.00225,4.308337621477456,4.0,7.676839966479462,3.0,18.86,0.0,0.0,0.0,0.0,0.064,5.61809713561303,6.0,138.0,138.0
1041,26163,Wayne County,"1,769,038",57223.0,792169.0,4.0,161879537.1222487,0.0929548562036404,11,25774.38,45366.94818181818,4.563636363636364,895.8923636363637,9.834025873597662,0.0,1.1874104415430111,22.0,205.65,0.0,0.0,0.0,0.0,0.055,3.262940376894423,128.0,345.0,145.9375
1042,18043,Floyd County,"82,153",75686.0,34358.0,0.0,32892482.59222998,0.0849391371443851,1,0.3,1.24,4.1,0.01,8.792367413957788,0.0,0.9239678993970384,7.0,135.75,0.0,0.0,0.0,0.0,0.15,0.8044381456400199,38.0,345.0,127.10526315789474
1043,20129,Morton County,"2,470",57943.0,1321.0,0.0,0.0,0.0,1,0.16,0.31,1.9,0.001,21.048584330329696,0.0,27.298791314506552,0.0,0.0,0.0,0.0,0.0,0.0,0.054,20.20217991075548,1.0,115.0,115.0
1044,21081,Grant County,"26,181",65461.0,10099.0,0.0,31354444.55782791,0.0464234368388806,4,2.0,2.4975,4.75,0.182,5.684389793577632,0.0,0.8134142386011415,18.0,236.29,0.0,0.0,0.0,0.0,0.12,2.482497236847538,9.0,69.0,69.0
1045,21217,Taylor County,"26,763",63211.0,11201.0,0.0,58881269.622764856,0.0821259466912313,2,30.99,446.42,16.2,13.049499999999998,0.5315706967229283,0.0,0.1574920651139097,10.0,391.24,0.0,0.0,0.0,0.0,0.12,0.9351844869968358,12.0,161.0,99.66666666666669
1046,13115,Floyd County,"101,378",57868.0,40568.0,0.0,162032284.06329843,0.1206657943930902,17,7.8,3.652941176470588,5.029411764705882,50.70923529411765,2.788712905813399,29.0,2.2328531067024118,14.0,277.61,0.0,0.0,0.0,0.0,0.23,1.5353335411420534,62.0,230.0,129.83870967741936
1047,32001,Churchill County,"25,851",69922.0,10829.0,0.0,1038133440.7489008,0.0797852806225662,54,96.03,8.967407407407407,1.6444444444444444,0.9015925925925926,5.04191524141628,2.0,28.078702620915458,11.0,123.69,5.0,651731256.6847758,0.050088513830728,0.0,0.46,34.21671468811908,4.0,1000.0,395.0
1048,24011,Caroline County,"34,116",65326.0,13473.0,0.0,64096073.53117566,0.0759317588900955,1,0.15,0.35,2.3,0.482,4.915152414470647,0.0,0.7781210089551521,15.0,113.31,0.0,0.0,0.0,0.0,0.073,3.063741552083738,7.0,230.0,131.42857142857142
1049,27041,Douglas County,"40,120",72472.0,21881.0,0.0,56883611.67869916,0.0304964613616816,159,233.15,9.085723270440251,3.99874213836478,0.2014088050314465,2.169860531818294,0.0,4.458138299588295,21.0,117.15,0.0,0.0,0.0,0.0,0.038,4.750974148942007,15.0,115.0,111.93333333333334
1050,30043,Jefferson County,"13,329",73875.0,5359.0,0.0,668172.2380300731,0.0001554662769444,4,10.260000000000002,29.2975,7.575,0.087,13.80745476713904,2.0,4.936366892589957,64.0,490.08,0.0,0.0,0.0,0.0,0.24,99.5853034190237,0.0,0.0,0.0
1051,51059,Fairfax County,"1,167,873",145165.0,426970.0,25.0,106853422.41765738,0.1014989238431589,10,6.4,5.109,4.29,2.3168999999999995,3.086754947935708,0.0,2.948961451356053,20.0,202.5,1.0,33679390.4294367,0.0319916929840566,0.0,0.083,3.783723317072794,80.0,500.0,223.8125
1052,30023,Deer Lodge County,"9,709",46436.0,5485.0,0.0,308375.91886173416,0.0001605958373615,14,17.74,8.085,6.592857142857143,1.1747142857142858,3.66256315193934,12.0,0.1274792873308868,50.0,419.19,0.0,0.0,0.0,0.0,0.16,67.17969315360688,0.0,0.0,0.0
1053,47001,Anderson County,"82,066",60633.0,35326.0,0.0,39216954.02689649,0.043915093062384,3,105.67,1101.2266666666667,16.4,98.73633333333332,4.984491654932981,0.0,0.9227279174976344,23.0,279.26,0.0,0.0,0.0,0.0,0.3,2.9694756734600247,54.0,500.0,150.24074074074073
1054,37075,Graham County,"8,190",46010.0,5272.0,0.0,39994210.97530882,0.0511925454468156,3,34.65,670.4333333333334,39.66666666666666,95.67066666666666,0.3304974895401558,1.0,0.6867462522183057,12.0,97.4,0.0,0.0,0.0,0.0,0.34,2.319334208072478,7.0,161.0,161.0
1055,54045,Logan County,"30,375",42194.0,14864.0,0.0,22708774.043251533,0.0192822536103679,1,0.18,1.43,7.8,0.004,11.773648028733968,0.0,0.8548488297414135,10.0,209.6,0.0,0.0,0.0,0.0,0.11,3.3599433424582545,17.0,138.0,127.17647058823528
1056,54073,Pleasants County,"7,338",59666.0,3224.0,0.0,27638799.139182616,0.0793134396426615,3,24.8,74.58999999999999,6.566666666666666,424.31633333333326,4.674599407386789,0.0,2.4292348774610906,4.0,292.26,0.0,0.0,0.0,0.0,0.074,2.437347470829468,19.0,500.0,157.05263157894737
1057,51071,Giles County,"16,564",61987.0,8309.0,0.0,31232400.025163926,0.033352276424173,1,0.16,1.02,6.5,0.008,15.379914974791332,0.0,0.2961278030077292,16.0,301.53000000000003,0.0,0.0,0.0,0.0,0.2,7.127424262045266,7.0,138.0,138.0
1058,54019,Fayette County,"38,165",50090.0,19227.0,0.0,30332134.595815025,0.0175135060404682,2,1.82,14.175,13.35,186.1275,14.737766905548996,0.0,3.053798413451084,17.0,407.1,0.0,0.0,0.0,0.0,0.12,3.453209235878414,31.0,138.0,89.03225806451613
1059,53061,Snohomish County,"870,656",104083.0,323438.0,3.0,480026491.01003885,0.0844080921864812,37,21.66,8.397297297297296,6.854054054054054,4.179027027027027,3.2689504526275703,647.0,2.859051597797038,60.0,732.83,3.0,20597546.315589614,0.0036218825851951,0.0,0.48,24.059593825839546,75.0,500.0,130.70666666666668
1060,35015,Eddy County,"62,509",77458.0,26261.0,0.0,717425147.8723589,0.0659811592990321,21,24.0,58.48142857142858,9.604761904761906,1.3782380952380953,5.286937094174371,0.0,3.6631084695570153,28.0,184.85,0.0,0.0,0.0,0.0,0.05,8.64892820868138,64.0,345.0,110.328125
1061,31117,McPherson County,369,58250.0,240.0,0.0,1.3355462543447345,5.993992768459855e-10,7,5.02,2.011428571428572,2.957142857142857,0.0015714285714285,18.297403554820264,9.0,14.199854131862391,1.0,16.51,0.0,0.0,0.0,0.0,0.049,43.33900104989255,0.0,0.0,0.0
1062,31145,Red Willow County,"10,307",58344.0,5175.0,0.0,160856314.4943626,0.0864992196963246,0,0.0,0.0,0.0,0.0,25.9240777292467,0.0,4.459121074602718,10.0,218.92,0.0,0.0,0.0,0.0,0.041,2.645985495691574,28.0,115.0,75.57142857142857
1063,30051,Liberty County,"1,957",48047.0,877.0,0.0,0.0,0.0,4,65.75,439.7,8.85,7.57325,21.400463307797143,25.0,22.365386166475265,20.0,205.51,0.0,0.0,0.0,0.0,0.07,264.12931837863687,0.0,0.0,0.0
1064,48131,Duval County,"9,402",50697.0,4469.0,0.0,508545936.4298807,0.1093514724213894,0,0.0,0.0,0.0,0.0,36.59134135678881,0.0,15.553345303022624,1.0,1.07,0.0,0.0,0.0,0.0,0.028,32.69549188078521,2.0,138.0,138.0
1065,29173,Ralls County,"10,444",62615.0,5050.0,0.0,155359429.22777888,0.123977713021697,5,59.53,459.844,10.54,8.834399999999999,5.02196485602557,10.0,5.257813980200339,15.0,205.93,0.0,0.0,0.0,0.0,0.11,4.983674362309865,16.0,345.0,103.5
1066,48251,Johnson County,"218,048",77058.0,66715.0,0.0,194422638.4607073,0.1022371859746034,3,6.390000000000001,29.136666666666667,8.133333333333333,0.5546666666666668,9.115832598703996,23.0,4.622815974473919,16.0,173.22,0.0,0.0,0.0,0.0,0.046,3.0192921904125494,27.0,345.0,186.55555555555557
1067,13061,Clay County,"2,815",43264.0,1882.0,0.0,74871293.35862215,0.1330711900990662,1,126.37,1152.6,9.1,287.226,6.198743389942742,2.0,0.9362700981630466,16.0,163.27,0.0,0.0,0.0,0.0,0.059,7.711432059129825,0.0,0.0,0.0
1068,41023,Grant County,"7,075",56045.0,4128.0,0.0,12114931.76676243,0.0010329198328658,5,1.2,1.284,4.88,0.0288,9.644424959756565,47.0,1.7910113027180543,92.0,1153.32,0.0,0.0,0.0,0.0,0.16,88.97274928739182,0.0,0.0,0.0
1069,41011,Coos County,"63,992",57563.0,31476.0,0.0,304201026.0592874,0.0650218669065979,14,11.49,10.182142857142855,5.6000000000000005,7.928857142857143,8.934948219129542,0.0,0.1165969258464411,66.0,681.99,0.0,0.0,0.0,0.0,0.96,3.41088054857249,19.0,230.0,121.05263157894736
1070,48159,Franklin County,"10,994",67915.0,5143.0,0.0,214733.47751485129,0.0002812690590499,6,51.86,43.96833333333333,4.766666666666667,1.953833333333333,2.762020327584612,4.0,6.192396566196926,9.0,119.3,0.0,0.0,0.0,0.0,0.072,0.8500305303655256,13.0,138.0,74.3076923076923
1071,36113,Warren County,"65,020",74531.0,40039.0,0.0,0.0,0.0,60,164.98,50.81933333333334,6.2733333333333325,6.283266666666666,1.6283894468086595,228.0,0.1278902568248731,67.0,475.91,0.0,0.0,0.0,0.0,0.18,9.827876580603672,20.0,115.0,115.0
1072,51113,Madison County,"14,237",74586.0,6064.0,0.0,54906585.81927133,0.0658624111439042,2,0.26,0.52,3.8,0.1255,3.893160245159529,0.0,2.854531006824567,5.0,127.78,0.0,0.0,0.0,0.0,0.1,20.50696165493466,1.0,115.0,115.0
1073,40005,Atoka County,"14,609",49181.0,6012.0,0.0,377901.72776735,0.000147405856071,5,32.53,70.06,6.459999999999999,1.8732,8.273549018757054,3.0,0.0636296625623351,28.0,455.35,0.0,0.0,0.0,0.0,0.13,4.742391331016074,4.0,138.0,138.0
1074,17129,Menard County,"11,863",84846.0,5605.0,0.0,119017390.62642136,0.1456922035001838,2,0.74,0.875,2.0,0.067,5.678385795772121,0.0,2.849743514025999,5.0,145.46,0.0,0.0,0.0,0.0,0.12,4.509619536323627,7.0,138.0,78.85714285714286
1075,13015,Bartow County,"120,800",74812.0,42731.0,0.0,118324771.73792347,0.0973111163986615,6,38.02,138.96333333333334,7.283333333333334,11.070833333333333,5.642195018788025,59.0,3.042296241152961,20.0,288.67,0.0,0.0,0.0,0.0,0.2,2.399860811576385,49.0,500.0,141.6326530612245
1076,12069,Lake County,"456,068",66239.0,178098.0,0.0,1365776976.705011,0.455867088068452,142,604.4200000000001,31.29633802816901,3.362676056338028,3.0785140845070424,1.223322226885924,0.0,2.5351679348406173,35.0,283.55,0.0,0.0,0.0,0.0,0.04,4.229497439697031,79.0,230.0,93.45569620253164
1077,40111,Okmulgee County,"37,241",50819.0,16749.0,0.0,319725697.6740486,0.1757380731747969,7,8.4,11.2,5.585714285714286,0.3441428571428571,3.007847513652547,90.0,3.9436047752399066,27.0,417.69,0.0,0.0,0.0,0.0,0.096,4.072461293567855,19.0,345.0,140.42105263157896
1078,38083,Sheridan County,"1,296",68684.0,817.0,0.0,0.0,0.0,121,69.6,1.6897520661157026,2.8330578512396696,0.0991239669421487,2.1081551532837577,1238.0,15.756513225136256,3.0,65.77,0.0,0.0,0.0,0.0,0.023,10.361725893760934,4.0,345.0,164.55
1079,18049,Fulton County,"20,091",62644.0,9540.0,0.0,31224873.122526392,0.0324727109531437,6,4.94,2.62,2.733333333333333,0.5128333333333334,5.896611160008212,0.0,4.931186418796478,10.0,108.85,0.0,0.0,0.0,0.0,0.075,15.8572509308982,1.0,765.0,765.0
1080,20091,Johnson County,"636,906",103644.0,252108.0,6.0,95652034.45225549,0.076952639531739,9,2.71,1.3099999999999998,3.911111111111112,0.1292222222222222,4.102083325228016,0.0,1.5563622941483153,12.0,145.51,0.0,0.0,0.0,0.0,0.066,1.9203139250943693,75.0,345.0,155.48
1081,24009,Calvert County,"94,484",128078.0,35749.0,0.0,60747906.50178841,0.0679704981351951,2,0.35,0.6699999999999999,3.9,0.0579999999999999,19.85951162053645,0.0,3.264888448934592,8.0,212.79,2.0,1860248.076725306,0.0020814213313891,1.0,0.073,4.353045751627358,17.0,500.0,132.23529411764707
1082,55129,Washburn County,"17,087",58504.0,12770.0,0.0,254387944.70413652,0.1151035035434472,147,110.59,3.814353741496599,4.073469387755102,0.4145918367346938,1.914916849741148,0.0,0.5343438685141575,36.0,303.21,0.0,0.0,0.0,0.0,0.02,7.308827173949894,16.0,161.0,97.75
1083,53031,Jefferson County,"33,970",64796.0,19148.0,0.0,247733379.48747903,0.043717966283705,9,1.54,1.0799999999999998,6.011111111111111,0.335,22.005750793073307,94.0,2.584111827584772,47.0,665.57,1.0,11987387.821952092,0.0021154364329667,0.0,0.89,80.34868137094504,0.0,0.0,0.0
1084,72003,Aguada Municipio,,20301.0,17598.0,0.0,20835095.973093737,0.1766440486505291,0,0.0,0.0,0.0,0.0,25.40947079713162,0.0,2.9898463405115083,1.0,28.11,0.0,0.0,0.0,0.0,0.56,3.644767335381988,2.0,230.0,172.5
1085,27169,Winona County,"50,523",66162.0,21702.0,0.0,159189.01655284443,9.579069343206222e-05,11,3.11,0.8736363636363635,3.1181818181818177,1.4755454545454547,9.783177890720882,4.0,1.7962955303139825,26.0,277.32,0.0,0.0,0.0,0.0,0.028,6.8055828922981885,25.0,69.0,69.0
1086,28149,Warren County,"41,759",54117.0,21533.0,0.0,811240533.5711759,0.5063776007600133,27,35.18,5.251481481481482,3.1259259259259258,93.33892592592592,2.4113525447068493,26.0,2.620972963611864,28.0,556.64,0.0,0.0,0.0,0.0,0.1,2.4220160924506025,25.0,500.0,130.4
1087,29003,Andrew County,"18,241",68774.0,7532.0,0.0,178919068.7328464,0.158309148531156,0,0.0,0.0,0.0,0.0,22.90173330938564,0.0,1.2727138950716528,12.0,354.11999999999995,0.0,0.0,0.0,0.0,0.054,1.062942481448918,8.0,161.0,103.5
1088,29139,Montgomery County,"11,590",58660.0,5798.0,0.0,146162333.16276634,0.1044116759824301,2,0.87,2.235,5.3,0.0949999999999999,8.719427857238545,0.0,1.9530443958355408,9.0,464.42,0.0,0.0,0.0,0.0,0.15,4.599192380118242,12.0,345.0,122.66666666666669
1089,20021,Cherokee County,"19,105",53382.0,9168.0,0.0,454800817.4990569,0.2971112490811097,3,1.5299999999999998,1.346666666666667,2.2,20.982666666666667,2.4007489654121583,0.0,2.1150253757731687,24.0,352.57,0.0,0.0,0.0,0.0,0.079,2.446356808596264,22.0,161.0,106.63636363636364
1090,37083,Halifax County,"46,534",41629.0,24847.0,0.0,338070799.5212105,0.1787417276874695,6,87.46000000000001,128.16666666666666,4.466666666666666,191.0663333333333,6.755899813223916,415.0,1.747893759047385,13.0,363.59,0.0,0.0,0.0,0.0,0.064,3.187962555991975,12.0,232.0,191.83333333333331
1091,35043,Sandoval County,"159,565",76424.0,58915.0,0.0,191762110.3610857,0.019933252674658,2,8.62,608.55,141.3,31.4615,39.17178781986463,7.0,9.825693669016154,33.0,450.45,1.0,483046.34210253553,5.021161256813694e-05,0.0,0.16,16.42576926177061,24.0,345.0,151.41666666666666
1092,21051,Clay County,"19,465",37888.0,8630.0,0.0,49096291.31749605,0.040235428988378,0,0.0,0.0,0.0,0.0,26.132414472606385,0.0,2.6878501880892016,11.0,207.98,0.0,0.0,0.0,0.0,0.18,5.360242776841629,14.0,161.0,82.14285714285714
1093,42035,Clinton County,"37,870",59011.0,18623.0,0.0,117538820.69030195,0.0505040975847319,2,1.08,3.98,6.95,5.8175,20.439095117612524,0.0,0.1799810018912288,26.0,463.79,0.0,0.0,0.0,0.0,0.052,15.24505723342538,9.0,230.0,140.55555555555554
1094,13235,Pulaski County,"10,172",42545.0,4078.0,0.0,120876434.96312933,0.1857835073026924,0,0.0,0.0,0.0,0.0,19.34261560464749,519.0,0.101036054827419,8.0,322.41,0.0,0.0,0.0,0.0,0.093,6.845559206533564,3.0,230.0,153.33333333333334
1095,37015,Bertie County,"17,086",41652.0,9008.0,0.0,514025930.1466881,0.2677246901839786,2,0.3,0.28,1.85,0.13,19.87819751941031,329.0,1.400988216845554,16.0,281.67,0.0,0.0,0.0,0.0,0.055,2.550900564897229,7.0,230.0,230.0
1096,37167,Stanly County,"68,830",60634.0,27802.0,0.0,65265733.49374046,0.0622504982772786,5,51.04,99.232,8.620000000000001,137.265,4.730418453419338,12.0,1.4485800024905535,17.0,254.91,0.0,0.0,0.0,0.0,0.12,2.923658086169948,36.0,100.0,100.0
1097,47143,Rhea County,"34,844",55568.0,15175.0,0.0,94602670.99280074,0.1085539370821041,5,233.25,472.558,5.84,679.3817999999999,7.380497877168483,0.0,3.8898179823255177,24.0,187.56,0.0,0.0,0.0,1.0,0.3,2.2711103027305146,12.0,161.0,161.0
1098,37079,Greene County,"20,700",50320.0,7889.0,0.0,80313893.6103667,0.1160490529183128,2,0.28,0.27,1.9,0.244,13.98078914954496,56.0,2.251832403962333,8.0,177.92000000000002,0.0,0.0,0.0,0.0,0.067,8.872507264194402,8.0,115.0,115.0
1099,21131,Leslie County,"9,627",37019.0,4909.0,0.0,18532457.43743722,0.0176938471965595,3,2.47,69.64333333333333,36.06666666666667,4.881333333333333,15.886038560281255,0.0,0.0693236962600469,7.0,208.19,0.0,0.0,0.0,0.0,0.19,10.173892796918356,3.0,161.0,122.66666666666669
1100,24039,Somerset County,"24,973",52149.0,10938.0,0.0,541168453.9281303,0.342338653963761,6,3.05,0.5583333333333333,1.0333333333333334,0.1653333333333333,3.5549531545698736,0.0,10.167593412372904,11.0,374.93,0.0,0.0,0.0,0.0,0.056,11.067479978741243,9.0,138.0,99.66666666666669
1101,17123,Marshall County,"11,473",64940.0,5828.0,0.0,87206222.4709403,0.0844850605273034,4,60.580000000000005,125.4375,4.925,207.137,6.346064854166977,0.0,5.3238830820838805,20.0,149.7,0.0,0.0,0.0,0.0,0.091,7.643971647979012,2.0,138.0,138.0
1102,21143,Lyon County,"9,123",64081.0,4788.0,0.0,160635016.86838552,0.2417723431482731,2,829.87,5064.05,11.65,1427.25,1.5039673546249388,0.0,1.999840133686968,11.0,99.03,0.0,0.0,0.0,0.0,0.49,5.282967464619392,8.0,161.0,92.0
1103,48095,Concho County,"3,607",55750.0,1424.0,0.0,48778.73626296176,1.895310387885846e-05,1,47.05,666.5,14.2,9.565,22.607420928123087,0.0,13.865369011532923,11.0,304.93,0.0,0.0,0.0,0.0,0.028,18.38085093560135,2.0,345.0,207.0
1104,48081,Coke County,"3,412",40230.0,2156.0,0.0,27289.425069966343,1.135410576960106e-05,2,16.51,548.5,52.45,2.4170000000000003,0.2405669747206843,0.0,0.9268984006251932,10.0,210.65,0.0,0.0,0.0,0.0,0.034,5.195029611191693,10.0,138.0,105.8
1105,47133,Overton County,"23,787",46580.0,10353.0,0.0,20861530.827840928,0.0185235879156746,3,89.94,701.8666666666668,10.4,14.731333333333332,3.39555388698564,0.0,4.759277061660995,16.0,188.09,0.0,0.0,0.0,0.0,0.15,5.7205503263927,6.0,161.0,145.66666666666666
1106,26063,Huron County,"30,530",54475.0,20402.0,0.0,176378596.19711342,0.0318709349845844,7,59400.880000000005,507143.3657142857,10.3,1309.0962857142858,11.938587050944118,55.0,0.8872105149154095,24.0,192.34,0.0,0.0,0.0,0.0,0.033,8.204169619442585,19.0,345.0,155.52631578947367
1107,26069,Iosco County,"25,266",46224.0,19943.0,0.0,83517505.07763112,0.0170604883112804,28,59440.94,126793.44285714286,5.935714285714285,332.0734642857143,0.0,0.0,20.163795797480145,34.0,189.33,0.0,0.0,0.0,0.0,0.03,34.94398212815571,3.0,138.0,138.0
1108,13069,Coffee County,"44,407",48398.0,17370.0,0.0,184136417.08105677,0.1179714174262968,3,1.4600000000000002,1.1,2.1666666666666665,0.2813333333333334,9.86182512191296,52.0,0.9800177472438352,11.0,581.66,0.0,0.0,0.0,0.0,0.085,2.603787390754473,15.0,230.0,161.0
1109,13299,Ware County,"36,906",44138.0,15921.0,0.0,1230721467.2435322,0.5233380601067843,8,9.67,1.8675,1.6875,4.4775,12.457158631807788,5.0,0.5351954236563085,13.0,435.43,0.0,0.0,0.0,0.0,0.079,12.411923404061552,17.0,230.0,128.52941176470588
1110,38037,Grant County,"2,206",57069.0,1675.0,0.0,227003729.56490776,0.0526085669344087,2,10.57,265.475,27.2,5.9105,16.186368235959907,0.0,3.1592544345741005,18.0,810.84,0.0,0.0,0.0,0.0,0.027,12.772868172675397,6.0,69.0,69.0
1111,22051,Jefferson Parish,"431,398",63257.0,193740.0,0.0,1485422845.878502,0.8932937031085998,54,2088.66,125.44462962962965,0.7944444444444444,6.719037037037038,0.0,1.0,0.8027924920288124,30.0,406.68,0.0,0.0,0.0,0.0,0.051,8.680674636618638,46.0,230.0,200.0
1112,22103,St. Tammany Parish,"279,108",76914.0,110680.0,0.0,26570941.660478223,0.0093637256212911,55,1676.59,115.99309090909092,2.021818181818182,7.425745454545455,6.063760777261761,1232.0,4.860253213135416,32.0,542.73,2.0,6214408.830867183,0.0021899870894421,0.0,0.059,4.131220633832789,15.0,500.0,248.0
1113,45045,Greenville County,"583,125",71328.0,228097.0,0.0,132605743.28212082,0.0643551108403251,13,11.18,16.707692307692305,8.23076923076923,7.207615384615384,10.70172132173464,89.0,3.8481616823417815,28.0,483.65,0.0,0.0,0.0,0.0,0.2,2.4989855784506254,136.0,500.0,108.67647058823528
1114,46085,Lyman County,"3,694",60284.0,1560.0,0.0,198.80595304490447,4.497058741032411e-08,7,230.21,335.4985714285714,3.671428571428572,140.92585714285715,3.3024838969343184,4.0,14.5283977313978,43.0,468.98,0.0,0.0,0.0,0.0,0.077,2.22795891565484,14.0,69.0,69.0
1115,55121,Trempealeau County,"31,171",68474.0,13286.0,0.0,177951036.68357408,0.0926005852385379,7,1.86,0.7057142857142857,2.542857142857143,11.946142857142858,17.495122267294846,33.0,2.040706476239967,28.0,369.24,0.0,0.0,0.0,0.0,0.027,1.5217561165882731,40.0,161.0,80.5
1116,06113,Yolo County,"224,410",85097.0,80533.0,0.0,1051261023.0610076,0.3972244313518487,17,23.93,1.7558823529411764,1.711764705882353,3.5861764705882355,15.802817557623268,12.0,0.0098070272396522,18.0,343.45,0.0,0.0,0.0,0.0,0.59,2.380754809071937,31.0,500.0,126.29032258064515
1117,48431,Sterling County,"1,349",63558.0,521.0,0.0,29865.86181058553,1.2486300232899269e-05,0,0.0,0.0,0.0,0.0,25.54144869586782,0.0,26.22499148580388,0.0,0.0,0.0,0.0,0.0,0.0,0.035,11.28062092149622,8.0,138.0,138.0
1118,48495,Winkler County,"7,540",89155.0,3210.0,0.0,21829.492888971323,1.0018600484609534e-05,2,1.06,0.955,1.8,0.0395,22.255355262339293,0.0,50.201782431836286,0.0,0.0,0.0,0.0,0.0,0.0,0.065,8.600104105586185,12.0,138.0,120.75
1119,46071,Jackson County,"2,666",26078.0,1017.0,0.0,1.1970978732623303,2.4700051967981634e-10,4,0.88,0.495,2.05,0.02525,15.06209651266014,3.0,2.678157299460989,14.0,495.46,0.0,0.0,0.0,0.0,0.073,10.161222005384,8.0,115.0,74.75
1120,49041,Sevier County,"22,827",66972.0,8596.0,0.0,49559912.25207263,0.0099753249129328,14,18.96,23.939285714285717,5.964285714285714,0.9391428571428572,5.067862544422343,28.0,3.189988611182823,65.0,489.32,0.0,0.0,0.0,0.0,0.28,67.81358479892624,0.0,0.0,0.0
1121,51036,Charles City County,"6,623",65573.0,3252.0,0.0,92276863.15490665,0.1744409420907244,8,1.77,0.5125,2.4,1.448,7.291861638221087,0.0,3.1760443462092725,8.0,91.23,0.0,0.0,0.0,0.0,0.095,11.7204843015366,0.0,0.0,0.0
1122,20197,Wabaunsee County,"7,018",70000.0,3128.0,0.0,183366612.55644187,0.0885330260494965,3,0.85,1.0833333333333333,3.6,0.0886666666666666,5.551010216665055,0.0,3.3804903589139976,22.0,367.19,0.0,0.0,0.0,0.0,0.065,1.4293708752319705,5.0,345.0,184.0
1123,27055,Houston County,"18,400",71580.0,8725.0,0.0,189362161.2475863,0.1285309405060537,2,0.67,1.09,4.9,0.2125,9.150507589051744,6.0,5.90575568725824,24.0,247.75,0.0,0.0,0.0,0.0,0.03,3.866036557453318,24.0,161.0,72.83333333333333
1124,21181,Nicholas County,"7,949",57539.0,3318.0,0.0,27633190.735051587,0.0542064747159102,1,0.36,1.44,4.0,0.042,2.108140399926664,0.0,2.3242615178159283,9.0,349.07,0.0,0.0,0.0,0.0,0.13,4.731390291395657,7.0,69.0,69.0
1125,25023,Plymouth County,"546,829",105387.0,215021.0,0.0,467828081.9293335,0.1652153204782362,76,33.11,1.7082894736842107,3.5973684210526318,0.3980657894736842,2.2188970333518334,7975.0,7.7173793985912305,40.0,193.21,0.0,0.0,0.0,0.0,0.11,2.5247666471063983,75.0,345.0,161.0
1126,36005,Bronx County,"1,406,332",47036.0,547816.0,0.0,18924425.594761845,0.1273609243801621,0,0.0,0.0,0.0,0.0,6.669261651790848,39.0,1.75336439319138,2.0,33.25,0.0,0.0,0.0,0.0,0.18,1.1508367883488302,5.0,138.0,138.0
1127,37055,Dare County,"38,245",79742.0,34493.0,0.0,972295617.236267,0.2434955597605532,10,6.3100000000000005,0.758,1.44,0.1085,11.136498431265268,567.0,19.61866251466085,5.0,48.870000000000005,1.0,185951209.1643353,0.0465684437540964,0.0,0.041,18.154020918066266,14.0,230.0,230.0
1128,39103,Medina County,"185,025",89968.0,75138.0,0.0,57930187.16340205,0.0528672345274353,4,2.36,2.0575,4.025,1.0315,4.962092755257657,0.0,1.320478981546131,16.0,261.8,0.0,0.0,0.0,0.0,0.067,17.01928640363573,4.0,345.0,241.5
1129,42005,Armstrong County,"63,698",61011.0,32172.0,0.0,78307763.87793356,0.0455362301631709,3,5.11,59.866666666666674,59.76666666666666,11.933333333333332,11.002670789909866,0.0,0.2360315441881298,24.0,588.07,0.0,0.0,0.0,0.0,0.049,5.198179374941763,12.0,500.0,245.75
1130,34001,Atlantic County,"278,657",73113.0,131786.0,0.0,274188427.30105865,0.1575754366093605,26,12.36,1.0603846153846157,2.207692307692308,0.8178461538461538,6.904214943325426,1028.0,2.0579364902472834,19.0,257.09000000000003,1.0,1197778.6931248729,0.00068836056426,0.0,0.084,6.635748397464664,10.0,230.0,126.5
1131,55071,Manitowoc County,"81,710",66412.0,37821.0,0.0,207793972.0380029,0.0536985084000472,14,57733.03,347143.9092857143,8.528571428571428,135.37057142857142,0.0,0.0,5.605962948925431,13.0,253.17,0.0,0.0,0.0,1.0,0.031,7.853269272966969,22.0,345.0,131.72727272727272
1132,55029,Door County,"30,616",68257.0,23873.0,0.0,490500335.7154952,0.0799004260524237,11,57739.58,441823.3472727273,10.863636363636363,170.89245454545454,0.0,0.0,9.015983346409923,12.0,46.64,0.0,0.0,0.0,0.0,0.025,14.238217218825728,13.0,138.0,74.3076923076923
1133,37047,Columbus County,"50,487",43206.0,23641.0,0.0,695449837.7898616,0.2811451998367191,3,35.92,24.73,2.333333333333333,33.714666666666666,10.172938106118728,573.0,1.408133068074511,26.0,450.53,0.0,0.0,0.0,0.0,0.14,6.793039180785099,32.0,230.0,136.5625
1134,39053,Gallia County,"29,072",55533.0,13462.0,0.0,95850035.08130056,0.0785402876553995,7,2.87,5.588571428571428,7.242857142857143,2.3434285714285714,11.245339219864,0.0,3.7558438280464577,15.0,353.03,0.0,0.0,0.0,0.0,0.1,6.851715023573555,18.0,765.0,195.83333333333331
1135,48441,Taylor County,"150,077",61806.0,60980.0,0.0,327670485.2269412,0.1376195015234012,3,1.07,18.856666666666666,37.8,0.086,6.741623814161932,2.0,7.229958136154025,9.0,36.58,1.0,25038.24345196486,1.0515901609186678e-05,0.0,0.034,2.6469067832213398,62.0,345.0,114.62903225806453
1136,26085,Lake County,"13,182",45946.0,13460.0,0.0,66.33167779808251,4.4591395502023526e-08,32,12.52,1.4459375,3.459375,0.2575,3.4751591195008684,0.0,2.7311888642404925,11.0,227.76,0.0,0.0,0.0,0.0,0.032,10.35084349810278,7.0,138.0,88.71428571428571
1137,26139,Ottawa County,"308,459",83932.0,114701.0,0.0,133987317.60629044,0.0317105225880794,22,57743.47,220913.1290909091,6.822727272727274,115.39486363636364,0.0,0.0,17.631512723581658,22.0,272.18,0.0,0.0,0.0,0.0,0.047,18.54829401322356,52.0,345.0,167.19230769230768
1138,17031,Cook County,"5,194,625",78304.0,2261319.0,29.0,209274538.53410605,0.0494307086760696,46,57748.95,105653.5154347826,4.339130434782609,43.18113043478261,2.175690988817605,0.0,0.1644826396045944,30.0,355.27,1.0,122410.16188957264,2.8913316898165677e-05,0.0,0.075,6.4571515993004125,245.0,345.0,174.33061224489796
1139,17059,Gallatin County,"4,616",51868.0,2512.0,0.0,395056220.2742597,0.4648974365014285,8,1.35,0.41125,2.4125,0.107375,9.62736160307575,0.0,1.8289197586300303,16.0,202.74,0.0,0.0,0.0,0.0,0.48,3.1653799884177185,14.0,69.0,69.0
1140,45047,Greenwood County,"70,379",47553.0,31404.0,0.0,80226477.57297523,0.0667847628441209,1,36.75,315.8,8.6,59.015,13.196738713424056,33.0,0.9461701408680956,17.0,305.31,0.0,0.0,0.0,0.0,0.2,3.071910177951579,44.0,230.0,105.9090909090909
1141,20059,Franklin County,"26,299",68217.0,11180.0,0.0,264225472.1138061,0.1767659640173272,4,0.42,0.2925,2.7,0.11175,10.986716271734412,0.0,4.311397618588443,9.0,230.62,0.0,0.0,0.0,0.0,0.064,2.930315455174017,2.0,161.0,161.0
1142,27027,Clay County,"67,734",75006.0,26987.0,0.0,311877855.5063846,0.1143961592257107,53,13.46,0.6628301886792454,2.3867924528301887,0.0295849056603773,8.989142583991665,16.0,1.370866011386786,11.0,617.22,0.0,0.0,0.0,0.0,0.03,9.52188406520466,22.0,230.0,86.77272727272727
1143,47075,Haywood County,"17,042",44890.0,8274.0,0.0,400401595.752961,0.2894718922924455,2,1.05,1.51,2.9,26.706000000000003,9.616647074455209,7.0,5.821349356133286,29.0,274.12,0.0,0.0,0.0,0.0,0.55,0.9045936419916368,14.0,500.0,185.2142857142857
1144,49003,Box Elder County,"65,320",72769.0,19788.0,0.0,1062478034.194143,0.0609615084321145,21,7592.760000000001,1167.6966666666667,2.571428571428572,17.525,0.0,105.0,15.201178590604489,44.0,301.26,0.0,0.0,0.0,0.0,0.23,65.48305585710825,5.0,115.0,96.6
1145,28139,Tippah County,"21,389",47968.0,9891.0,0.0,115597799.4049111,0.0970368807984969,10,2.77,1.093,3.75,0.2292999999999999,4.28758938646336,0.0,4.0251251426620005,14.0,158.28,0.0,0.0,0.0,0.0,0.31,2.9896895638963628,6.0,500.0,217.5
1146,54051,Marshall County,"29,159",58129.0,14787.0,0.0,40697117.75907223,0.0503454410916768,2,0.45,10.04,31.4,0.0235,10.472229222700337,0.0,1.486610733742154,19.0,345.51,0.0,0.0,0.0,0.0,0.058,5.154183733668741,38.0,765.0,134.52631578947367
1147,54035,Jackson County,"27,450",55173.0,12925.0,0.0,80371041.86026189,0.0657962458872512,5,2.02,2.724,6.220000000000001,1.7426,5.074792891868887,0.0,3.5031458427063025,18.0,378.74,1.0,1458874.6977740703,0.0011943167104928,0.0,0.095,17.038346666737535,5.0,345.0,179.4
1148,16039,Elmore County,"29,465",55000.0,12119.0,0.0,6704.4482206770335,8.346394001111763e-07,16,62.93,100.106875,12.6,34.238625,1.882440496453381,2.0,0.132924189299121,79.0,871.52,4.0,63614144.505412325,0.0079193499093384,0.0,0.17,28.13637464031618,1.0,500.0,500.0
1149,24005,Baltimore County,"847,650",88157.0,349471.0,1.0,157709717.56289825,0.0893186044314049,9,20.39,50.09333333333333,11.18888888888889,7.204222222222223,2.5779645752552605,0.0,3.469924676124017,24.0,254.83,4.0,27179210.55542289,0.0153928952119865,0.0,0.09,5.316142170649773,132.0,500.0,133.59848484848484
1150,38005,Benson County,"5,759",63220.0,2574.0,0.0,251816382.78208965,0.0675469601946706,148,439.33,21.100067567567567,2.667567567567568,0.0865067567567567,6.011487850142586,4543.0,14.916539162866236,11.0,218.89,1.0,47.164413791285504,1.2651332473955021e-08,0.0,0.021,10.337968738431348,26.0,115.0,60.607692307692304
1151,29163,Pike County,"17,955",53363.0,7623.0,0.0,285567719.71513486,0.1610278879499201,5,1.52,1.096,3.02,0.074,17.374518606201004,5.0,8.158982806787463,26.0,346.07,0.0,0.0,0.0,0.0,0.14,3.336398973291699,15.0,161.0,136.46666666666667
1152,39087,Lawrence County,"55,710",51846.0,26579.0,0.0,75591701.96026519,0.0638275155019796,3,0.7,1.3533333333333335,4.966666666666666,822.1576666666668,7.745391704066696,0.0,2.6784702878703635,15.0,203.61,0.0,0.0,0.0,0.0,0.11,6.455823412018013,25.0,765.0,202.2
1153,29201,Scott County,"37,975",54621.0,16803.0,0.0,421252864.6038228,0.3819210776647217,3,0.76,0.51,2.3666666666666667,16.919666666666668,16.160486076445732,1.0,0.6670037419862939,24.0,270.98,0.0,0.0,0.0,0.0,1.1,4.692447364685333,12.0,161.0,138.0
1154,39001,Adams County,"27,865",46234.0,12716.0,0.0,51546060.10690874,0.0339460179874531,4,1.5699999999999998,4.4675,6.425,689.31925,5.364380454966467,0.0,2.5900492993931072,15.0,211.36,0.0,0.0,0.0,0.0,0.12,8.785670792384309,20.0,345.0,127.65
1155,48143,Erath County,"43,911",59654.0,18311.0,0.0,214154149.0320919,0.0758715982256764,4,0.64,0.4775,3.05,0.09975,24.715611696831,0.0,15.07198732779428,12.0,188.67,0.0,0.0,0.0,0.0,0.04,1.5860724248203408,9.0,138.0,112.44444444444444
1156,13137,Habersham County,"50,416",61292.0,18491.0,0.0,25318000.68641693,0.035029907292535,4,3.25,17.57,14.075,17.685000000000002,13.707321611251484,0.0,1.1090943935132052,13.0,170.55,0.0,0.0,0.0,0.0,0.16,5.615548535397076,19.0,115.0,115.0
1157,13319,Wilkinson County,"8,650",40757.0,4307.0,0.0,175888434.37887552,0.1502620308421819,8,3.12,1.5187499999999998,3.6875,0.967375,1.9234734320320253,100.0,2.243470102266476,9.0,276.64,0.0,0.0,0.0,0.0,0.14,4.101538477986286,10.0,115.0,115.0
1158,54061,Monongalia County,"107,991",60893.0,49565.0,0.0,33231539.5723953,0.0350682590501494,4,6.05,23.095,8.8,19.1035,6.313001025716432,0.0,5.017209275669213,14.0,184.8,0.0,0.0,0.0,0.0,0.055,2.1495621841878148,20.0,500.0,174.2
1159,39033,Crawford County,"41,896",52486.0,19868.0,0.0,39594915.69487717,0.037963284806083,2,0.87,0.8999999999999999,1.85,0.0885,1.246888051264211,0.0,2.583832280950044,13.0,246.31,0.0,0.0,0.0,0.0,0.077,4.748180774054734,6.0,345.0,172.5
1160,12027,DeSoto County,"37,078",45000.0,15567.0,0.0,478538718.6679244,0.289099208448356,4,1.0699999999999998,0.4125,1.575,0.043,11.011346725427243,0.0,0.076648534595764,18.0,234.1,0.0,0.0,0.0,0.0,0.029,0.360508542458467,5.0,230.0,230.0
1161,39059,Guernsey County,"38,379",53901.0,19051.0,0.0,126534309.98089316,0.0924778815092869,4,32.76,95.41,10.425,3.12875,1.9738435690643503,0.0,2.249385766058896,26.0,253.52,0.0,0.0,0.0,0.0,0.064,2.254884790332347,12.0,138.0,97.75
1162,26015,Barry County,"63,991",75182.0,27466.0,0.0,82675188.3904171,0.0553184162487677,79,54.76,3.227215189873418,3.641772151898734,0.479632911392405,3.548274134741916,0.0,4.458255825168121,34.0,210.92,0.0,0.0,0.0,0.0,0.068,6.711676833422666,5.0,345.0,138.0
1163,29209,Stone County,"32,503",58392.0,20102.0,0.0,196099383.94581792,0.1482815828190655,1,118.07,4270.3,36.2,147.921,3.3594699044461858,0.0,3.422015399556274,22.0,253.09,0.0,0.0,0.0,0.0,0.14,7.133439928146188,24.0,161.0,88.16666666666667
1164,51760,Richmond city,"237,257",59606.0,111524.0,0.0,17684141.76216209,0.1091248440672289,1,0.18,0.87,4.9,231.388,2.8522764706848465,0.0,0.1124686126606057,1.0,33.55,0.0,0.0,0.0,0.0,0.16,3.668559080858864,20.0,230.0,126.5
1165,37169,Stokes County,"46,126",57539.0,21285.0,0.0,56341707.38691182,0.0476939059218,3,13.38,42.73333333333333,6.3,0.956,18.53755882754853,28.0,2.638796392801498,18.0,233.87,0.0,0.0,0.0,0.0,0.11,7.175862481989084,26.0,100.0,100.0
1166,19039,Clarke County,"9,574",63120.0,4321.0,0.0,66954837.67448449,0.0598827781720776,1,0.83,3.64,4.4,0.166,1.554215132197452,0.0,1.6320263430884472,7.0,188.89,0.0,0.0,0.0,0.0,0.046,0.9774716730709976,9.0,69.0,69.0
1167,19065,Fayette County,"19,047",56043.0,9323.0,0.0,135809274.64477715,0.0716988794877233,2,0.6799999999999999,1.615,4.1,0.5475,6.5689982667203335,0.0,2.750370400240474,14.0,393.52,0.0,0.0,0.0,0.0,0.036,10.79769661873071,2.0,161.0,161.0
1168,06041,Marin County,"253,694",142019.0,111681.0,0.0,217131213.5066319,0.1012281994896188,12,9.14,9.333333333333334,15.816666666666668,0.8265833333333333,2.3900887072832577,207.0,0.9229871558480444,13.0,71.49,0.0,0.0,0.0,0.0,0.9,18.569214249535943,3.0,115.0,115.0
1169,48381,Randall County,"152,351",78038.0,60525.0,0.0,187200991.4521047,0.0783558677375475,33,17.22,3.682424242424242,2.409090909090909,0.0071818181818181,9.08771719419132,6.0,0.5320859907027199,6.0,62.33,0.0,0.0,0.0,0.0,0.092,3.3478159698411893,35.0,230.0,116.8
1170,48401,Rusk County,"54,854",61661.0,21188.0,0.0,324767359.63936424,0.1336007086332027,6,34.95,74.99499999999999,7.983333333333333,2.279333333333333,13.632405396567552,18.0,2.380525730156695,40.0,593.1899999999999,0.0,0.0,0.0,0.0,0.063,5.019199778931641,31.0,345.0,134.29032258064515
1171,19181,Warren County,"57,331",89741.0,21083.0,5.0,203545129.11701488,0.1371548476424092,5,1.3,1.032,3.76,37.071,4.812105016199473,0.0,0.5566423911060316,19.0,417.42,0.0,0.0,0.0,0.0,0.044,17.866822961081215,5.0,345.0,161.0
1172,39161,Van Wert County,"29,013",64841.0,12560.0,0.0,35083158.52388999,0.0330045086175124,3,0.6599999999999999,0.3,1.3,0.5793333333333334,0.9182456825777808,0.0,0.3654779515385589,15.0,237.6,0.0,0.0,0.0,0.0,0.097,15.082455227425204,3.0,345.0,207.0
1173,12043,Glades County,"13,270",37221.0,6554.0,0.0,1582852497.5835214,0.6190387552654751,12,1438.88,474.3225,1.758333333333333,20.997916666666665,7.914589109790489,0.0,1.1542822754865596,31.0,302.14,0.0,0.0,0.0,0.0,0.029,24.081493000328795,0.0,0.0,0.0
1174,13199,Meriwether County,"21,516",52392.0,9522.0,0.0,109430851.60847412,0.0836515607193676,7,1.45,0.7085714285714285,3.2857142857142856,0.5634285714285714,4.594156986601012,32.0,3.1598840796571808,19.0,400.89,0.0,0.0,0.0,0.0,0.09,11.269906716964876,9.0,230.0,127.77777777777776
1175,50023,Washington County,"59,652",77278.0,30697.0,0.0,57523211.472793534,0.0319396810441724,24,13.21,7.6825,7.5375,0.8235416666666667,5.309112882271688,73.0,1.380351758187048,19.0,221.78,0.0,0.0,0.0,0.0,0.14,2.491862998073266,22.0,115.0,56.45454545454545
1176,46093,Meade County,"30,711",70256.0,12429.0,0.0,23924095.768485203,0.0026522151284101,7,1.97,0.8528571428571429,2.8000000000000003,0.164,28.653692055502045,10.0,4.962987801318801,29.0,695.6,2.0,16047855.730860632,0.0017790584923171,0.0,0.051,45.8371128991545,8.0,115.0,92.0
1177,29229,Wright County,"19,671",43573.0,8374.0,0.0,110091655.05275355,0.0622228075538841,1,0.12,0.51,4.2,0.173,4.071249007887657,0.0,0.4401253899285529,9.0,231.07,0.0,0.0,0.0,0.0,0.19,10.958648818227118,10.0,161.0,96.6
1178,30101,Toole County,"5,211",54040.0,2329.0,0.0,0.0,0.0,35,83.81,51.435428571428574,3.177142857142857,1.0260285714285715,6.398391260194527,40.0,25.476288945990685,11.0,148.69,0.0,0.0,0.0,0.0,0.12,245.83613724133164,0.0,0.0,0.0
1179,36107,Tioga County,"47,453",70427.0,21909.0,0.0,82629483.27167301,0.0609971642312436,4,0.81,0.8325,4.275,0.2005,9.688929132701528,0.0,0.7782365950103297,19.0,213.4,0.0,0.0,0.0,0.0,0.063,4.579547737055732,11.0,345.0,156.8181818181818
1180,48287,Lee County,"18,729",66448.0,7886.0,0.0,192531018.9938917,0.1172305968349959,4,44.71,318.11,9.4,7.53,19.067788083214047,16.0,1.86514017986612,19.0,251.69,0.0,0.0,0.0,0.0,0.035,1.1684683460688812,5.0,345.0,207.0
1181,13121,Fulton County,"1,098,791",86267.0,493587.0,16.0,106024478.46777776,0.0765451319143003,11,3.31,1.6318181818181818,4.090909090909091,17.536272727272728,4.632407912476666,40.0,3.119109194288763,16.0,353.41,2.0,322395.57934532315,0.0002327557985307,0.0,0.12,0.6605723889887044,158.0,500.0,164.27215189873417
1182,48073,Cherokee County,"53,337",56971.0,20909.0,0.0,436891631.73452014,0.15881107840073,6,41.3,243.45333333333332,14.133333333333336,4.7683333333333335,12.53898007885243,5.0,4.70447928357978,36.0,553.9399999999999,0.0,0.0,0.0,0.0,0.057,2.4818858949135527,12.0,345.0,109.25
1183,29007,Audrain County,"24,528",51745.0,10563.0,0.0,119591517.54885373,0.0662644294853932,7,1.3,0.5171428571428571,2.5,0.0931428571428571,2.748136472174712,1.0,2.5929384007512613,16.0,283.42,0.0,0.0,0.0,0.0,0.12,7.7886685011279555,21.0,345.0,108.42857142857144
1184,45029,Colleton County,"39,382",46795.0,19904.0,0.0,865278488.7633703,0.2949942463339742,23,7.62,0.8508695652173913,2.591304347826087,2.085869565217391,4.78683995745345,2716.0,1.872330427143724,23.0,437.88,0.0,0.0,0.0,0.0,0.6,2.565509542316906,34.0,230.0,96.73529411764706
1185,55055,Jefferson County,"86,505",77018.0,36469.0,0.0,374305488.6215311,0.2480003485385161,13,54.23,29.31230769230769,3.5846153846153848,7.19623076923077,11.911098836824626,0.0,1.8860033195067052,26.0,354.95,0.0,0.0,0.0,0.0,0.046,6.893003497982135,10.0,138.0,138.0
1186,22107,Tensas Parish,"3,700",35653.0,2815.0,0.0,1344498.178138933,0.0008089746658726,22,35.36,6.491363636363636,2.659090909090909,13.223272727272729,8.251643616239766,0.0,0.055620353763414,25.0,441.36,0.0,0.0,0.0,0.0,0.085,27.94979958932486,1.0,115.0,115.0
1187,47123,Monroe County,"49,730",52123.0,21383.0,0.0,81107193.19548431,0.0479869631936813,5,101.9,126.028,10.82,142.16019999999995,4.603434983503983,11.0,0.9281876183741092,32.0,311.13,0.0,0.0,0.0,0.0,0.53,5.075648430825001,30.0,161.0,99.66666666666669
1188,20075,Hamilton County,"2,500",58750.0,967.0,0.0,35481.43940386285,1.3731994412943216e-05,0,0.0,0.0,0.0,0.0,50.15602310786768,4.0,1.4312305724545809,6.0,118.93,0.0,0.0,0.0,0.0,0.046,5.351921141594856,4.0,115.0,115.0
1189,19151,Pocahontas County,"6,819",61434.0,3663.0,0.0,75073040.48653716,0.050091646889147,4,2.16,0.9075,2.0500000000000003,0.5885,16.14829637628639,0.0,0.7462179402953855,11.0,434.2,0.0,0.0,0.0,0.0,0.032,12.510977887066556,8.0,161.0,92.0
1190,16045,Gem County,"21,773",65204.0,7640.0,0.0,40761954.05099545,0.0278754561103503,5,4.17,9.378,5.68,16.9884,9.337122517323191,0.0,5.520030245859415,13.0,198.87,0.0,0.0,0.0,0.0,0.2,74.9641588342958,0.0,0.0,0.0
1191,05063,Independence County,"38,785",52361.0,16689.0,0.0,508709199.28907394,0.2545767065971324,3,1.19,0.8066666666666666,2.3,136.13566666666665,4.567966300665372,1.0,1.3381956090182126,19.0,641.05,0.0,0.0,0.0,0.0,0.41,2.9252802486277387,10.0,161.0,161.0
1192,05085,Lonoke County,"76,664",68078.0,30238.0,0.0,728519657.3698127,0.3501211130787476,84,84.07,1.5276190476190474,1.5619047619047617,1.6143809523809525,1.4044188473995525,27.0,2.407762630134602,35.0,433.48,0.0,0.0,0.0,0.0,0.3,2.028381800854767,16.0,500.0,139.0625
1193,18111,Newton County,"14,188",63673.0,6037.0,0.0,61943202.96365928,0.0592820699123061,3,3.76,2.873333333333333,2.4333333333333336,21.781666666666663,8.066575325703802,0.0,2.8332249295080327,24.0,173.51,0.0,0.0,0.0,0.0,0.083,20.11276238662557,2.0,138.0,138.0
1194,13119,Franklin County,"25,948",52597.0,10655.0,0.0,15526076.833852004,0.0225137670180515,3,189.55,1414.18,9.566666666666666,41.14833333333333,9.534314698419168,42.0,3.442606476960645,12.0,214.25,0.0,0.0,0.0,0.0,0.15,7.234095515037569,8.0,115.0,115.0
1195,12051,Hendry County,"48,276",49259.0,15227.0,0.0,817917284.1453145,0.2655164782585746,2,1418.9,2834.645,2.75,61.341,26.191303368602902,0.0,16.989234098054247,14.0,202.42,0.0,0.0,0.0,0.0,0.027,15.772805705060396,12.0,500.0,175.83333333333334
1196,13265,Taliaferro County,"1,662",45881.0,1013.0,0.0,35634856.15142414,0.0704320211345423,0,0.0,0.0,0.0,0.0,12.926644919326824,3.0,5.3182554923582535,8.0,313.21,0.0,0.0,0.0,0.0,0.17,6.294183977974905,3.0,115.0,115.0
1197,48245,Jefferson County,"254,321",57294.0,108761.0,0.0,1348442.8525171836,0.0004678961741565,81,299.5,12.608024691358024,1.4753086419753083,7.912851851851852,2.002369332145157,107.0,1.8832781071125968,28.0,401.18,0.0,0.0,0.0,0.0,0.045,5.940392580958924,116.0,230.0,123.52586206896552
1198,30059,Meagher County,"2,137",55753.0,1421.0,0.0,259.3339906372795,4.1811967767710625e-08,7,5.95,12.397142857142857,11.385714285714286,0.3622857142857142,5.289012521670566,9.0,3.492574716385418,55.0,669.42,0.0,0.0,0.0,0.0,0.17,80.72156230963515,0.0,0.0,0.0
1199,29087,Holt County,"4,200",55153.0,2440.0,0.0,405391.24346054014,0.000332776516835,5,7.46,2.298,1.7,0.4608,1.2279449137437906,16.0,4.345492275982566,24.0,291.82,0.0,0.0,0.0,0.0,0.052,4.575850856559161,4.0,69.0,69.0
1200,48295,Lipscomb County,"2,955",71625.0,1507.0,0.0,0.0,0.0,0,0.0,0.0,0.0,0.0,33.438674631490045,0.0,4.200139693871372,9.0,94.32,0.0,0.0,0.0,0.0,0.076,2.810143891994656,6.0,69.0,69.0
1201,37065,Edgecombe County,"49,121",46370.0,23229.0,0.0,273043308.82557297,0.207988617697125,2,0.3,0.24,1.6,0.0675,6.9318236461439175,178.0,3.5311769532846338,15.0,373.65,0.0,0.0,0.0,0.0,0.062,2.688409097899287,7.0,230.0,213.57142857142856
1202,48241,Jasper County,"33,075",48818.0,16417.0,0.0,522805706.6203778,0.208164271910633,9,411.01,915.227777777778,6.811111111111111,70.29322222222223,6.256188457856023,12.0,3.1210771119687384,39.0,483.75,0.0,0.0,0.0,0.0,0.054,8.964889264227459,13.0,138.0,132.69230769230768
1203,49001,Beaver County,"7,301",80268.0,2904.0,0.0,0.0,0.0,2,3.04,24.195,9.8,1.102,37.83753728297301,8.0,30.77711856174169,22.0,102.24,0.0,0.0,0.0,0.0,0.19,22.278309579969047,8.0,138.0,94.875
1204,13213,Murray County,"41,607",60617.0,16080.0,0.0,86107273.48117475,0.095892653269409,4,13.6,153.56750000000002,19.55,12.76525,10.48298149869917,17.0,0.4552246623903589,18.0,187.3,0.0,0.0,0.0,0.0,0.33,3.5906094284912795,15.0,230.0,145.66666666666666
1205,18075,Jay County,"20,118",52231.0,8919.0,0.0,59113543.2799824,0.0594244118312726,0,0.0,0.0,0.0,0.0,18.648628967648094,0.0,1.940606772430096,9.0,154.01999999999998,0.0,0.0,0.0,0.0,0.095,12.375891753631448,3.0,138.0,138.0
1206,26117,Montcalm County,"69,406",61250.0,27949.0,0.0,29.62000318402457,1.5867250896313717e-08,60,24.36,1.211833333333333,2.775,0.2216,1.4383148369153167,0.0,1.7762133404466924,24.0,317.51,0.0,0.0,0.0,0.0,0.042,3.8451991730542296,11.0,138.0,125.45454545454544
1207,36083,Rensselaer County,"160,510",83734.0,74186.0,0.0,33395285.932643294,0.0193777190344428,20,17.32,6.3705,5.5200000000000005,16.241899999999998,2.0217599840396714,179.0,0.1699194332400187,28.0,398.62,0.0,0.0,0.0,0.0,0.1,9.266100889253083,46.0,345.0,145.0
1208,12021,Collier County,"417,131",82011.0,229814.0,0.0,5289812614.956968,0.7840218788314114,64,34.22,1.09703125,1.8671875,0.65190625,10.09860809961774,0.0,15.885180762212004,12.0,167.62,0.0,0.0,0.0,0.0,0.025,12.45465683611892,33.0,230.0,154.72727272727272
1209,35031,McKinley County,"68,119",44029.0,25180.0,0.0,320917564.9142021,0.0227103741700764,19,8.629999999999999,1.656842105263158,3.305263157894737,0.025,4.348132909090911,6.0,12.70916419559199,19.0,63.79,0.0,0.0,0.0,0.0,0.085,8.88387554450728,25.0,345.0,127.88
1210,13017,Ben Hill County,"17,099",38255.0,8122.0,0.0,43556865.23773349,0.0662344441972148,1,0.29,0.94,3.3,0.336,3.5134593434945387,149.0,5.301454077226288,7.0,443.64,0.0,0.0,0.0,0.0,0.083,3.8952801366910794,11.0,115.0,115.0
1211,05077,Lee County,"8,029",33801.0,3736.0,0.0,16785327.494136825,0.0104169234774339,13,20.03,11.303076923076922,3.338461538461538,4.029538461538461,1.6414194128813415,40.0,1.4887323255505922,21.0,388.82,0.0,0.0,0.0,0.0,0.51,3.060942102857125,8.0,500.0,171.75
1212,12003,Baker County,"29,737",67872.0,9890.0,0.0,639369703.9191604,0.4191419793326849,0,0.0,0.0,0.0,0.0,37.2956442510886,5923.0,4.217579274519881,13.0,165.5,0.0,0.0,0.0,0.0,0.062,10.355427154024577,8.0,230.0,129.375
1213,13173,Lanier County,"10,623",39971.0,4119.0,0.0,123069412.19256447,0.2378384250896042,4,2.56,0.945,1.725,0.4372499999999999,3.17673475047964,26.0,0.613721281438172,6.0,173.51,1.0,27507373.71141814,0.0531595164494507,0.0,0.067,10.328218227049843,1.0,115.0,115.0
1214,20159,Rice County,"9,266",58523.0,4395.0,0.0,376282575.35543895,0.1995750600023413,0,0.0,0.0,0.0,0.0,23.960843689933306,0.0,3.0917194727714774,10.0,499.96,0.0,0.0,0.0,0.0,0.053,3.5854026868085054,4.0,230.0,143.75
1215,01015,Calhoun County,"115,834",54339.0,53167.0,0.0,178110706.00951284,0.112317236817569,5,28.24,32.018,4.82,65.28439999999999,3.2281862383618614,6.0,2.762517893740086,16.0,231.83,3.0,154983375.73438394,0.0977330611120892,0.0,0.16,1.0925711459507372,49.0,230.0,126.73469387755102
1216,28059,Jackson County,"147,666",60045.0,62473.0,0.0,797595167.6981028,0.2951430534955344,12,14.05,1.7733333333333334,1.8416666666666668,77.76958333333333,2.17945834209382,238.0,0.1060924734147949,25.0,538.8199999999999,0.0,0.0,0.0,0.0,0.06,3.7323328118070553,82.0,500.0,128.109756097561
1217,21037,Campbell County,"95,441",71979.0,41465.0,0.0,53695285.38229749,0.1300566337856894,1,0.62,3.22,5.2,0.225,6.455714362557262,0.0,2.731917024654129,14.0,259.61,0.0,0.0,0.0,0.0,0.11,1.6168835148883058,21.0,345.0,124.85714285714286
1218,21057,Cumberland County,"5,992",40515.0,3408.0,0.0,50834991.38364399,0.0631296763783299,1,89.62,2104.3,23.5,43.141,12.831419214809875,0.0,1.7503404812415622,15.0,172.77,0.0,0.0,0.0,0.0,0.14,6.180238045222404,5.0,161.0,124.2
1219,28107,Panola County,"32,691",47894.0,14647.0,0.0,346448295.88308465,0.1897013948992449,8,181.71,652.9875,8.774999999999999,45.2565,3.2639902178744946,0.0,1.9386626790467465,36.0,195.02,0.0,0.0,0.0,0.0,0.32,4.023139962116914,17.0,230.0,159.64705882352942
1220,48195,Hansford County,"4,944",62350.0,2283.0,0.0,0.0268784620239563,1.1275254856563666e-11,4,1.69,0.4325,1.35,0.001,3.40319059559042,0.0,8.767607068420038,6.0,65.94,0.0,0.0,0.0,0.0,0.078,4.32736411941909,15.0,115.0,102.73333333333332
1221,48071,Chambers County,"57,594",106103.0,17314.0,0.0,933131982.4462452,0.4135800742257177,46,66.41,3.927391304347826,1.6543478260869564,7.05358695652174,7.55697463069906,18.0,0.8273446603483037,23.0,311.65000000000003,0.0,0.0,0.0,0.0,0.042,18.825144255125917,36.0,345.0,160.36111111111111
1222,13239,Quitman County,"2,254",38889.0,1715.0,0.0,48548213.905286565,0.1167413386412132,2,126.67,576.9449999999999,6.699999999999999,143.7765,8.474792683709612,0.0,4.179177673569737,14.0,94.35,0.0,0.0,0.0,0.0,0.063,12.28890129049979,0.0,0.0,0.0
1223,05031,Craighead County,"116,957",55169.0,47084.0,0.0,700938369.0618917,0.379735027479339,16,4.02,0.5493750000000001,2.4,0.0965625,8.412030235122073,11.0,2.5950164226791284,37.0,551.89,0.0,0.0,0.0,0.0,0.82,2.057158566694623,33.0,500.0,123.0
1224,29195,Saline County,"23,265",55396.0,9872.0,0.0,425374703.5551288,0.2141538286394777,4,1.97,0.83,2.175,0.0745,15.939495310437191,4.0,3.187992941963281,22.0,462.25,0.0,0.0,0.0,0.0,0.088,1.375415888428902,19.0,345.0,170.68421052631578
1225,17193,White County,"13,250",54605.0,6778.0,0.0,521683440.5631597,0.4013465342483927,2,0.21,0.28,2.5,0.0235,16.347281653209244,0.0,1.966937937415285,33.0,275.1,0.0,0.0,0.0,0.0,0.43,2.498779221618926,29.0,138.0,73.75862068965517
1226,17039,De Witt County,"15,118",61823.0,7333.0,0.0,75883776.04614419,0.0723273891348404,2,18.85,154.28,8.8,3.626,2.7514600781426037,0.0,3.100089280093428,11.0,222.49,0.0,0.0,0.0,1.0,0.12,5.299281856281199,10.0,345.0,241.5
1227,32033,White Pine County,"8,661",71297.0,4158.0,0.0,55852204.21347301,0.0024241634556811,22,10.47,2.1018181818181816,2.6772727272727272,1.958409090909091,4.3441197550580375,4.0,4.901604664047227,44.0,253.84,0.0,0.0,0.0,0.0,0.16,14.562003359693842,2.0,345.0,287.5
1228,27049,Goodhue County,"48,195",78338.0,20905.0,0.0,151525232.90677994,0.0750472342057586,14,12.79,3.9528571428571433,3.307142857142857,53.90164285714286,20.53716153525417,24.0,2.8816392511926177,39.0,391.07,0.0,0.0,0.0,1.0,0.025,5.259844316089104,35.0,345.0,97.91428571428573
1229,37173,Swain County,"14,024",52818.0,8451.0,0.0,44592777.87571629,0.0318697459267697,2,26.7,911.55,47.65,136.9465,4.402533002893868,0.0,0.8036096792241356,40.0,303.98,0.0,0.0,0.0,0.0,0.29,8.300572659962874,14.0,161.0,161.0
1230,12101,Pasco County,"674,516",63187.0,259083.0,0.0,851840831.4635155,0.3241676509257754,35,11.62,1.1188571428571428,2.9457142857142857,0.4960857142857143,7.4731325630497505,0.0,2.736071755085629,8.0,183.09,0.0,0.0,0.0,0.0,0.033,4.725273009349033,64.0,500.0,117.421875
1231,12119,Sumter County,"157,772",70105.0,76923.0,0.0,718909272.839932,0.4787145288773788,18,18.15,5.476111111111112,2.9833333333333334,6.796666666666666,6.811714444547551,0.0,0.5207208415385733,16.0,169.98999999999998,0.0,0.0,0.0,0.0,0.039,1.330059310390541,28.0,500.0,122.78571428571428
1232,36059,Nassau County,"1,398,939",137709.0,476982.0,0.0,205543042.73622748,0.1750417857314316,5,1.26,0.726,2.42,0.4574,6.909646899267594,191.0,24.006846997934097,0.0,0.0,0.0,0.0,0.0,0.0,0.15,3.683093674104544,41.0,500.0,92.97560975609755
1233,38091,Steele County,"1,797",85750.0,1114.0,0.0,135636967.31951413,0.0732034269681047,16,6.22,0.79875,2.05,0.0195,13.150191549979311,1678.0,8.87632251789506,6.0,224.66,0.0,0.0,0.0,0.0,0.024,2.460323000024547,12.0,230.0,93.55
1234,18163,Vanderburgh County,"181,995",58839.0,84426.0,0.0,191607092.77089897,0.3123371960525852,3,0.36,0.26,2.1333333333333333,0.025,9.876917700164771,0.0,2.661232494263622,12.0,78.03,0.0,0.0,0.0,0.0,0.36,0.892101221187829,101.0,138.0,75.14851485148515
1235,29071,Franklin County,"108,090",70111.0,45420.0,0.0,328214193.97074294,0.1361789471292072,10,1.8,0.596,3.38,1.7592,6.7025031353878095,0.0,2.632629546873289,20.0,663.6899999999999,0.0,0.0,0.0,0.0,0.24,8.31148306491842,16.0,345.0,159.5625
1236,37011,Avery County,"18,110",53513.0,13915.0,0.0,14599403.456415027,0.0227742944940495,3,0.42,0.6733333333333333,4.933333333333334,0.3883333333333333,4.53675704633493,37.0,0.0459026721837155,14.0,207.69,0.0,0.0,0.0,0.0,0.18,0.9457332854400898,6.0,161.0,161.0
1237,54107,Wood County,"82,385",54350.0,40287.0,0.0,102176581.37600245,0.1047083666476669,0,0.0,0.0,0.0,0.0,18.75195853247196,0.0,0.2437301604465967,15.0,381.64,1.0,416347.4881963958,0.0004266639660459,0.0,0.083,4.6388009988389936,21.0,138.0,138.0
1238,55007,Bayfield County,"16,787",67266.0,13243.0,0.0,206489493.79284927,0.0390489350813618,115,81909.45,104385.466,6.344347826086957,25.40141739130435,9.685878453204682,0.0,11.081901470682546,65.0,434.41,0.0,0.0,0.0,0.0,0.019,16.561214408292788,26.0,161.0,67.23076923076923
1239,47161,Stewart County,"14,439",57257.0,6695.0,0.0,165260711.96103463,0.1294236473508542,6,831.26,1689.2666666666669,6.9,475.8666666666666,0.0,22.0,1.1418824588623548,36.0,119.06,1.0,101137243.52490497,0.0792054613869207,0.0,0.39,4.138113261221205,5.0,161.0,161.0
1240,55097,Portage County,"71,943",71301.0,31265.0,0.0,149606764.52053618,0.0702020528110399,31,30.0,6.2064516129032254,3.0903225806451613,5.617741935483871,4.485216643186108,0.0,4.552622506627742,31.0,327.49,0.0,0.0,0.0,0.0,0.028,3.886126893112268,22.0,345.0,138.0
1241,45063,Lexington County,"317,588",71280.0,128830.0,0.0,254927602.99521303,0.1300079301217387,14,182.92,194.29928571428567,4.0285714285714285,7.698,3.4847697363506955,32.0,1.7847323754228832,16.0,317.11,0.0,0.0,0.0,0.0,0.23,2.386370043420746,104.0,230.0,119.64423076923076
1242,24003,Anne Arundel County,"603,380",116009.0,233163.0,1.0,164602295.42368895,0.1081203768428167,4,0.74,0.4275,2.3,0.03275,12.480669987827168,0.0,3.4650184229292225,15.0,305.35,5.0,27795279.062810004,0.0182575585534013,0.0,0.078,2.467301024481011,71.0,500.0,153.94366197183098
1243,55039,Fond du Lac County,"104,669",70368.0,45711.0,0.0,388005850.0549272,0.1956147098847306,13,663.03,318.22923076923075,3.292307692307692,10.835769230769232,5.474752276832805,0.0,0.6957166486807128,27.0,316.55,0.0,0.0,0.0,0.0,0.035,1.4552516169362024,55.0,345.0,104.12727272727273
1244,22071,Orleans Parish,"362,154",51116.0,193999.0,0.0,356026304.180676,0.3929192880373969,38,1690.85,168.1178947368421,1.5578947368421054,7.778789473684211,0.8380470289053078,563.0,6.532086061188033,16.0,526.75,2.0,533748.7001892248,0.0005890580465728,0.0,0.055,3.0979099767641616,54.0,230.0,188.25925925925927
1245,01073,Jefferson County,"665,742",63595.0,308428.0,1.0,191681802.88074812,0.0658353264105451,19,7.02,4.019473684210527,8.284210526315789,0.8277368421052632,6.164455109290706,10.0,2.381205128412586,19.0,664.84,2.0,660524.5007189304,0.0002268647594787,0.0,0.18,2.419671680102061,262.0,500.0,127.50763358778626
1246,01127,Walker County,"65,140",52987.0,30127.0,0.0,150741606.40684402,0.0722828478395873,5,63.96,413.408,10.22,10.8074,5.962888960849646,6.0,0.2071360338371582,16.0,474.77,0.0,0.0,0.0,0.0,0.19,1.3429160364776365,93.0,230.0,150.61290322580646
1247,29063,DeKalb County,"9,795",67910.0,4255.0,0.0,98034781.71016271,0.0888903530773895,8,2.42,1.10625,3.3,0.1355,1.9840524044545849,0.0,3.8662389024127033,6.0,138.72,0.0,0.0,0.0,0.0,0.057,1.617975524613865,13.0,345.0,118.53846153846152
1248,12039,Gadsden County,"44,298",45721.0,18946.0,0.0,278801300.473275,0.20367100366255,6,113.39,114.94666666666669,4.283333333333333,117.94666666666666,8.163479598731882,2247.0,2.159964008807809,33.0,346.05,0.0,0.0,0.0,0.0,0.047,4.624630632586554,20.0,230.0,103.5
1249,13083,Dade County,"16,154",59531.0,7385.0,0.0,26803214.717619043,0.0593853955675568,0,0.0,0.0,0.0,0.0,17.103889642397455,2.0,0.4185220253992231,7.0,44.08,0.0,0.0,0.0,0.0,0.29,5.697017021639145,6.0,500.0,229.0
1250,28033,DeSoto County,"197,918",79666.0,72572.0,1.0,307325070.74719363,0.2393332872552936,19,50.07,91.39052631578949,4.821052631578947,8.317789473684211,2.580419579880883,2.0,0.5048267702076119,21.0,183.81,0.0,0.0,0.0,0.0,0.51,2.856581714048429,24.0,230.0,161.95833333333334
1251,51187,Warren County,"42,740",79313.0,16794.0,0.0,38734840.857396565,0.0686396298170454,1,0.25,0.79,3.1,47.601,0.8152158362317822,0.0,0.3728544117339422,7.0,319.63,0.0,0.0,0.0,0.0,0.078,3.1880685246783647,8.0,500.0,183.25
1252,17047,Edwards County,"5,898",60784.0,3055.0,0.0,213936.20926593387,0.0003709059497258,0,0.0,0.0,0.0,0.0,20.73200473127601,0.0,4.734730691686425,10.0,287.94,0.0,0.0,0.0,0.0,0.44,0.4227193030465531,13.0,138.0,84.92307692307692
1253,47113,Madison County,"100,790",55280.0,43748.0,0.0,219500458.27775308,0.1517111341290869,9,3.13,1.508888888888889,3.677777777777778,3.3823333333333334,2.3152115185113207,101.0,0.0905717784075903,15.0,212.61,1.0,260005.4182767305,0.0001797067632385,0.0,0.53,4.975326653344286,46.0,500.0,190.4782608695652
1254,69110,Saipan Municipality,,,,0.0,18528476.092113327,0.0284329058344143,1,0.17,0.45,2.6,0.16,8.6922540646361,0.0,5769.432074986431,0.0,0.0,0.0,0.0,0.0,0.0,0.0,5933.357209493908,0.0,0.0,0.0
1255,17125,Mason County,"12,411",58479.0,6646.0,0.0,266356940.50478676,0.1824783263654807,18,37.5,6.675000000000001,2.2555555555555555,103.09716666666668,15.032516240205204,0.0,3.2321611298117463,14.0,392.97,0.0,0.0,0.0,0.0,0.11,1.5295890704453932,7.0,138.0,128.14285714285714
1256,51197,Wythe County,"27,983",53921.0,14040.0,0.0,56992054.30558859,0.0473480565358364,1,0.35,1.82,5.2,0.284,18.05337428101201,7.0,1.577560737865364,7.0,265.51,0.0,0.0,0.0,0.0,0.16,3.099396613160251,11.0,138.0,131.72727272727272
1257,13303,Washington County,"19,453",43810.0,8651.0,0.0,137745356.98830724,0.0777136547532704,20,5.51,1.1175000000000002,3.46,0.266,4.822703470729103,144.0,3.956339075483546,9.0,625.02,0.0,0.0,0.0,0.0,0.15,0.2916403776234755,25.0,230.0,133.4
1258,53077,Yakima County,"259,185",64910.0,90660.0,0.0,229268492.8968263,0.0205365502945089,23,18.2,13.678260869565216,6.217391304347826,3.5192173913043483,21.98299702970109,43.0,6.801125787548517,76.0,1219.74,1.0,653874717.3390812,0.0585703288283261,0.0,0.25,57.709777210831774,1.0,500.0,500.0
1259,05143,Washington County,"271,213",61985.0,100954.0,0.0,157986780.9341605,0.064059656858422,8,25.21,68.39375,7.1625,4.85125,11.757580347318466,0.0,3.3753624532306463,35.0,418.08,0.0,0.0,0.0,0.0,0.11,1.4407673417181226,49.0,161.0,91.53061224489797
1260,48213,Henderson County,"88,595",59778.0,40933.0,0.0,581961347.9651603,0.2369148414670158,38,220.27,82.92526315789473,6.3578947368421055,2.282421052631579,3.0515080436304145,6.0,2.141542999076008,47.0,416.91,0.0,0.0,0.0,0.0,0.055,7.527033767957396,17.0,345.0,186.7058823529412
1261,55035,Eau Claire County,"109,033",70127.0,45241.0,0.0,179855817.17945278,0.1076297852707324,8,9.69,7.18375,4.875,24.753125,10.83728861201094,30.0,5.332360018013509,35.0,345.16,0.0,0.0,0.0,0.0,0.025,6.2252337822406965,66.0,161.0,78.75757575757575
1262,47153,Sequatchie County,"17,861",53038.0,6915.0,0.0,27293456.326349605,0.0396103149063656,1,0.24,1.43,5.9,0.356,8.821730176308987,0.0,3.1815059795643914,6.0,192.79,0.0,0.0,0.0,0.0,0.25,5.18910292805308,1.0,161.0,161.0
1263,48471,Walker County,"83,842",47193.0,28801.0,0.0,361096189.5308592,0.1739491488688185,17,38.97,17.67705882352941,3.4529411764705884,42.2705294117647,7.669108670695434,2.0,1.8703831897854253,37.0,347.83000000000004,0.0,0.0,0.0,0.0,0.044,0.8022770103476606,8.0,345.0,163.875
1264,04005,Coconino County,"144,368",67266.0,69233.0,0.0,247874567.16775447,0.0051284985861699,52,162.61,486.9982692307692,8.59423076923077,10.91978846153846,22.43886805481534,10.0,26.575529776598668,64.0,665.0899999999999,2.0,115810758.12183826,0.0023961123405176,0.0,0.22,22.09470257707646,12.0,500.0,282.1666666666667
1265,12087,Monroe County,"80,406",80111.0,54034.0,0.0,4527458220.6992,0.3304735021460354,97,259.46,4.8164948453608245,1.277319587628866,0.3990515463917525,28.86997796293779,0.0,22.63976201758311,38.0,524.45,5.0,19074324.03456516,0.0013922952697722,0.0,0.024,40.68836790392063,18.0,138.0,138.0
1266,39157,Tuscarawas County,"92,373",61953.0,40785.0,0.0,134750296.34249938,0.0910261293231661,8,7.680000000000001,8.452499999999999,4.0625,38.03625,5.949287097896096,0.0,4.332831785943054,25.0,384.47,0.0,0.0,0.0,0.0,0.06,7.699144451099651,19.0,138.0,127.10526315789474
1267,09110,Capitol Planning Region,"994,115",88190.0,413960.0,1.0,195493875.26879907,0.072148377629343,53,24.84,3.093962264150943,4.681132075471698,14.59890566037736,4.151899405791675,1223.0,0.4025145671677547,93.0,547.55,2.0,832972.4330707041,0.0003074142838152,0.0,0.11,0.7869803974895926,70.0,345.0,141.28571428571428
1268,09120,Greater Bridgeport Planning Region,"337,697",83147.0,125378.0,1.0,60095658.00868785,0.0974262898199165,10,7.26,11.241,7.9,0.6667,3.6989061167746224,126.0,1.623919013295943,18.0,101.84,0.0,0.0,0.0,0.0,0.13,1.912092503342152,23.0,345.0,125.0
1269,09130,Lower Connecticut River Valley Planning Region,"177,311",99742.0,82618.0,0.0,164357078.22895524,0.1226963247986246,35,13.18,2.152,5.817142857142857,33.132485714285714,1.8251170826348333,555.0,1.931051268862299,35.0,230.93,1.0,2732894.71330144,0.0020401685220795,0.0,0.13,4.946611413425564,21.0,345.0,191.66666666666663
1270,09140,Naugatuck Valley Planning Region,"463,349",82939.0,191666.0,0.0,48513344.41923793,0.044432070465942,30,10.01,1.6960000000000002,4.846666666666667,0.4178666666666666,0.8998253361286435,302.0,2.855638616827022,37.0,299.6,0.0,0.0,0.0,0.0,0.12,0.2967770487617677,47.0,345.0,119.8936170212766
1271,09150,Northeastern Connecticut Planning Region,"98,096",83119.0,41503.0,0.0,69026146.91229445,0.0473245627744026,47,16.47,1.925744680851064,4.774468085106383,1.5523617021276594,0.8422159346899808,301.0,1.3455714821076243,52.0,277.83,0.0,0.0,0.0,0.0,0.11,3.989743916951448,10.0,345.0,161.0
1272,09160,Northwest Hills Planning Region,"114,690",87971.0,55596.0,0.0,17237997.19700286,0.0082360599011029,62,48.06,10.525967741935483,10.26290322580645,1.0488548387096774,2.7340144339082606,466.0,2.681335491182195,79.0,470.62,0.0,0.0,0.0,0.0,0.1,3.0007156850052943,14.0,115.0,115.0
1273,09170,South Central Connecticut Planning Region,"578,741",83617.0,246338.0,1.0,147341675.51878914,0.0918186452044695,24,11.6,5.244166666666668,7.6,0.767375,0.4861637482409717,621.0,1.7706417654898703,31.0,195.5,0.0,0.0,0.0,0.0,0.12,1.849717032020565,46.0,345.0,125.0
1274,09180,Southeastern Connecticut Planning Region,"284,015",80330.0,125334.0,0.0,172565093.6015924,0.0977359367204143,54,23.94,2.149074074074074,4.474074074074074,3.000351851851852,4.06618327963333,924.0,1.7360121889752214,64.0,345.62,3.0,7620086.190331282,0.0043157990191328,1.0,0.12,1.6282628181785912,58.0,345.0,146.72413793103448
1275,09190,Western Connecticut Planning Region,"640,482",118930.0,248939.0,2.0,143598350.0163798,0.0855573007602343,29,32.06,12.671724137931031,5.655172413793103,0.5794482758620689,4.986451437164477,293.0,0.0958387400595477,54.0,269.23,0.0,0.0,0.0,0.0,0.14,0.9861806265424722,68.0,345.0,118.38235294117646
1276,51710,Norfolk city,"231,013",60998.0,101710.0,0.0,50240087.57738291,0.201215492571675,3,1.45,0.9866666666666668,1.9333333333333331,0.1163333333333333,2.1057328376227478,12.0,8.538180977999664,2.0,89.69,8.0,20433573.1713084,0.0818380637639477,0.0,0.052,6.019927559548176,5.0,230.0,230.0
1277,48389,Reeves County,"12,138",57487.0,5064.0,0.0,0.0,0.0,3,18.6,215.25666666666663,14.6,5.181,23.87160221504863,0.0,16.4912969394522,13.0,448.33,0.0,0.0,0.0,0.0,0.096,19.81825021899057,6.0,138.0,88.16666666666667
1278,51155,Pulaski County,"33,586",59740.0,17031.0,0.0,50286734.74643886,0.0589351760674776,2,15.15,145.155,13.6,56.3095,3.1542856963213466,0.0,1.8498152665976588,14.0,382.39,1.0,6981504.621831635,0.0081822016517525,0.0,0.18,10.28397161928971,4.0,138.0,138.0
1279,37179,Union County,"267,674",95533.0,84798.0,1.0,103213233.1182757,0.0623016080191776,6,2.88,1.5133333333333334,3.0500000000000003,0.634,3.032175770148616,32.0,1.8583007854190357,19.0,288.87,0.0,0.0,0.0,0.0,0.14,1.7846070195758856,37.0,230.0,114.05405405405403
1280,38053,McKenzie County,"15,192",83813.0,7639.0,0.0,9249034.67780283,0.0012483794284021,9,1136.08,3360.7622222222217,5.266666666666667,89.37944444444445,27.270563446685763,5.0,2.4597484743700164,63.0,531.4,0.0,0.0,0.0,0.0,0.036,6.881281150268674,66.0,345.0,128.24242424242425
1281,12091,Okaloosa County,"221,810",73988.0,101408.0,0.0,385009640.3693283,0.1192382682740153,5,1.65,1.29,3.28,0.1347999999999999,18.400328990499226,3025.0,3.886345101233244,18.0,335.77,6.0,988461996.844669,0.3061286897787067,0.0,0.05,5.5380944348658,46.0,230.0,120.0
1282,06001,Alameda County,"1,636,630",122488.0,622856.0,5.0,197072010.69612885,0.0926560394627039,32,81.78,14.6371875,6.071875,1.95178125,6.948893027602083,121.0,1.4997571230746136,21.0,113.7,1.0,5533521.829202232,0.0026016592369621,0.0,0.88,5.347467351789273,97.0,500.0,124.94845360824742
1283,17013,Calhoun County,"4,300",88059.0,2322.0,0.0,206741506.3794577,0.2814852213865604,10,13.52,3.241,2.32,84.05179999999999,2.8174286892694256,0.0,3.6644875675387,15.0,312.84,0.0,0.0,0.0,0.0,0.18,18.509275232424866,3.0,138.0,92.0
1284,18085,Kosciusko County,"80,892",70945.0,38312.0,0.0,140346015.98870856,0.0977427518365649,41,38.59,3.160731707317073,3.063414634146341,1.078439024390244,0.0747132123778022,0.0,0.2128130779298532,35.0,171.17000000000002,0.0,0.0,0.0,0.0,0.074,4.62956143099039,10.0,765.0,262.8
1285,28103,Noxubee County,"9,798",42298.0,4745.0,0.0,373923417.4631864,0.2061917588804016,29,18.26,1.856206896551724,2.217241379310345,12.224,5.724094641773993,9.0,0.3605058780333257,21.0,204.04,1.0,3528321.7825032533,0.0019456146372592,0.0,0.16,0.9826360709252444,6.0,161.0,161.0
1286,05147,Woodruff County,"5,710",49608.0,3289.0,0.0,1134400.6326927522,0.0007372330245416,9,3.75,0.6088888888888888,1.3777777777777778,0.3388888888888888,2.451507156687165,24.0,1.8874053741982597,20.0,708.28,0.0,0.0,0.0,0.0,0.46,8.995471183472544,6.0,161.0,99.66666666666669
1287,34015,Gloucester County,"312,638",99668.0,117041.0,1.0,114386457.16655326,0.1311566225571991,13,5.33,1.09,2.507692307692308,1.5666923076923078,6.90993413455491,73.0,4.731802174274288,10.0,84.67,0.0,0.0,0.0,0.0,0.13,7.339227767044407,16.0,500.0,233.5625
1288,33011,Hillsborough County,"433,415",95112.0,175630.0,0.0,171196510.84277967,0.0740625602871035,61,35.31,3.914754098360656,5.098360655737705,0.9292950819672132,1.884013241038276,786.0,3.012342285996922,73.0,460.13,1.0,11682132.495669974,0.0050538917994483,0.0,0.25,11.333243517736776,35.0,345.0,164.28571428571428
1289,30045,Judith Basin County,"2,162",58750.0,1291.0,0.0,0.0,0.0,1,0.57,1.82,3.2,0.01,26.64004883318609,0.0,0.0565325181613283,39.0,573.78,0.0,0.0,0.0,0.0,0.064,87.90946615307506,0.0,0.0,0.0
1290,37121,Mitchell County,"15,062",55534.0,8665.0,0.0,9134892.667320278,0.0158959346288841,0,0.0,0.0,0.0,0.0,24.2462234612144,1.0,0.1987980284440776,7.0,114.27,0.0,0.0,0.0,0.0,0.19,6.233776511824375,1.0,115.0,115.0
1291,30077,Powell County,"7,157",60994.0,2930.0,0.0,150.7936725838478,2.496307317290682e-08,20,12.2,7.366499999999999,6.56,0.8144499999999999,11.10708262640763,47.0,0.0800716599084683,79.0,907.23,0.0,0.0,0.0,0.0,0.25,26.875685084700752,0.0,0.0,0.0
1292,41053,Polk County,"90,037",77353.0,33916.0,0.0,162460313.42852294,0.0842935726198725,3,0.55,0.3066666666666666,1.7333333333333334,0.8126666666666665,14.675274508437422,22.0,0.4078093894855078,16.0,480.94,1.0,43832.44278569736,2.274274326503852e-05,0.0,0.63,40.44217725392245,0.0,0.0,0.0
1293,41065,Wasco County,"26,310",61316.0,12038.0,2.0,485389.7308890309,7.825316019943386e-05,5,3.4,4.286,5.08,0.3122,7.418129844585086,8.0,3.754212390924127,37.0,1017.01,0.0,0.0,0.0,0.0,0.22,9.498692170110612,8.0,500.0,500.0
1294,46105,Perkins County,"2,853",64410.0,1725.0,0.0,13337.735474922822,1.7819291307344678e-06,12,19.83,48.78583333333333,5.091666666666667,1.6446666666666667,5.560492994118127,0.0,2.0960306174668624,41.0,1028.09,0.0,0.0,0.0,0.0,0.035,15.245760367888346,4.0,230.0,230.0
1295,19173,Taylor County,"5,835",65926.0,2908.0,0.0,91594975.4838256,0.0661453876651522,3,0.5499999999999999,0.6366666666666667,3.4,0.0943333333333333,2.065398163640161,0.0,3.621212321020197,15.0,202.78,0.0,0.0,0.0,0.0,0.046,11.599197353604644,2.0,161.0,161.0
1296,01129,Washington County,"14,822",51184.0,7779.0,0.0,556260620.5236313,0.1972993914335654,12,3.63,0.9283333333333332,3.1666666666666665,87.10541666666667,12.250188716730458,8.0,1.647869069269718,22.0,539.22,0.0,0.0,0.0,0.0,0.08,9.99767634701114,25.0,230.0,128.8
1297,39039,Defiance County,"38,292",69302.0,16563.0,0.0,66557594.32083753,0.0620454110660776,3,2.17,4.21,3.4333333333333336,20.659666666666663,4.496205957660028,0.0,1.0659085076882566,14.0,272.82,0.0,0.0,0.0,0.0,0.086,7.6637031241657985,14.0,138.0,138.0
1298,54025,Greenbrier County,"31,578",45519.0,17923.0,0.0,95503668.733424,0.0359921806752378,3,0.99,2.04,6.5,0.298,27.2425006775315,0.0,6.794335076830716,23.0,456.57,0.0,0.0,0.0,0.0,0.12,22.431470779038765,5.0,138.0,110.4
1299,17121,Marion County,"36,382",59099.0,17431.0,0.0,72605651.17303385,0.0486600515385045,7,4.95,4.275714285714286,3.757142857142857,0.3148571428571428,1.8165764990203253,0.0,0.5055954829078598,18.0,266.73,0.0,0.0,0.0,0.0,0.36,9.224523163213496,2.0,345.0,241.5
1300,51051,Dickenson County,"13,236",40143.0,7367.0,0.0,19303072.904543515,0.0223430143626452,1,2.78,179.7,64.6,7.853,8.503951576127516,0.0,1.820310204722856,16.0,139.31,0.0,0.0,0.0,0.0,0.15,1.9134022334046272,10.0,138.0,92.0
1301,51007,Amelia County,"13,632",63438.0,5726.0,0.0,90267246.52584076,0.0972112829427657,4,10.73,26.3425,5.65,22.5035,4.682889996862784,0.0,2.2063225121983203,15.0,189.17,0.0,0.0,0.0,0.0,0.17,18.631063348865784,0.0,0.0,0.0
1302,13243,Randolph County,"6,156",24638.0,3493.0,0.0,45769886.52589101,0.0410140461613869,4,0.93,0.7125,2.975,0.3047499999999999,15.611278913522913,3.0,1.646696197478509,10.0,179.04,0.0,0.0,0.0,0.0,0.062,5.449543212512669,3.0,115.0,115.0
1303,35029,Luna County,"25,407",38241.0,11514.0,0.0,827799235.6691372,0.1077834471126487,0,0.0,0.0,0.0,0.0,80.61848083267247,0.0,72.09423021943115,0.0,0.0,0.0,0.0,0.0,0.0,0.12,4.721288829372934,9.0,345.0,150.77777777777777
1304,48355,Nueces County,"352,992",64027.0,151836.0,0.0,743665496.3625126,0.2463432780701162,14,24.17,1.887857142857143,1.3214285714285714,0.0731428571428571,9.768627210440114,15.0,0.813768436516332,13.0,510.96,3.0,18586509.80082797,0.0061568834033767,0.0,0.028,4.862724065438702,27.0,345.0,132.88888888888889
1305,56045,Weston County,"6,840",71800.0,3412.0,0.0,54.553004450925584,8.776180930836281e-09,8,2.42,0.9675,3.15,0.1495,14.899921830024589,0.0,9.375246841595953,20.0,184.37,0.0,0.0,0.0,0.0,0.094,19.203909689145647,1.0,69.0,69.0
1306,72137,Toa Baja Municipio,,28719.0,35031.0,0.0,33647670.849676035,0.310753404328518,1,0.18,0.28,1.5,0.012,0.0721867090017577,0.0,3.4249385725086503,2.0,75.55,0.0,0.0,0.0,0.0,0.47,92.70158634766562,0.0,0.0,0.0
1307,17187,Warren County,"16,222",62700.0,7602.0,0.0,82618287.87169653,0.0587428040796991,4,1.18,0.91,2.525,0.4685,7.311834190021178,0.0,1.2811589453145098,10.0,238.43,0.0,0.0,0.0,0.0,0.078,5.6523251192480215,3.0,69.0,69.0
1308,01089,Madison County,"433,516",78058.0,171313.0,5.0,377906497.5792504,0.1795346230518132,9,3.49,1.33,3.311111111111112,0.9725555555555556,7.884155391218507,52.0,3.4930658522450733,30.0,332.81,1.0,154509275.16212618,0.0734037775268045,0.0,0.18,4.547723775723267,36.0,500.0,170.41666666666666
1309,47189,Wilson County,"175,033",89462.0,58967.0,0.0,126278953.34697284,0.083551879949423,7,112.13,211.26428571428573,5.928571428571429,221.36357142857145,14.520986552305176,2.0,4.733259653193839,28.0,257.44,0.0,0.0,0.0,0.0,0.17,0.966510122965866,32.0,500.0,171.59375
1310,48063,Camp County,"13,380",53968.0,5792.0,0.0,946872.115307493,0.0017988657287316,4,40.07,15.6375,2.625,2.27,3.4842223459811685,1.0,3.0003170079649863,13.0,96.48,0.0,0.0,0.0,0.0,0.07,4.681230573589584,6.0,345.0,145.66666666666666
1311,40067,Jefferson County,"5,431",48346.0,2764.0,0.0,4948374.567849289,0.0024678894890439,3,37.79,385.0933333333334,11.966666666666669,24.49633333333333,20.466063935513542,0.0,2.946311673773954,21.0,358.14,0.0,0.0,0.0,0.0,0.13,13.40085866722351,8.0,138.0,86.25
1312,54085,Ritchie County,"8,034",48973.0,4242.0,0.0,32836308.503279235,0.0279440466598605,0,0.0,0.0,0.0,0.0,26.43827865993795,0.0,2.33216173367163,8.0,162.7,0.0,0.0,0.0,0.0,0.077,11.052746313358186,2.0,138.0,138.0
1313,19145,Page County,"14,856",58264.0,6997.0,0.0,115433187.95130058,0.0832336800382607,1,0.1,0.35,3.4,0.071,20.02063571565383,0.0,2.3715934091659854,13.0,380.0,0.0,0.0,0.0,0.0,0.046,11.224064929573547,9.0,161.0,79.22222222222223
1314,20087,Jefferson County,"18,296",74562.0,7967.0,0.0,256587407.2191697,0.1779647635116955,7,42.51,137.16142857142856,6.671428571428572,11.896714285714284,4.532679702125389,9.0,2.909258628160915,23.0,323.41,0.0,0.0,0.0,0.0,0.063,1.976924065782683,5.0,345.0,124.2
1315,22045,Iberia Parish,"66,846",55190.0,31102.0,0.0,1330568142.9892118,0.4938029002325727,40,92.21,7.66275,1.5525,1.247375,10.045860954270552,90.0,0.8776638781873027,25.0,393.68,0.0,0.0,0.0,0.0,0.049,10.884521985596228,11.0,138.0,112.9090909090909
1316,02158,Kusilvak Census Area,"7,932",42663.0,2335.0,0.0,22923374.4179554,0.0004502236129835,7241,3312.14,1.0390774754868113,2.113285457809695,12.977899599502832,5.3247617036482415,0.0,2.313985528657799,548.0,6047.58,0.0,0.0,0.0,0.0,0.24,748.1762974386714,0.0,0.0,0.0
1317,37133,Onslow County,"217,175",59976.0,84531.0,0.0,470391817.2994826,0.2006414057259539,4,0.96,0.32,1.2,0.028,20.758421154576528,712.0,2.9900899285171887,14.0,271.93,2.0,504199788.8913613,0.2150618924254896,0.0,0.077,5.416262391823886,25.0,230.0,230.0
1318,01049,DeKalb County,"74,085",47920.0,30716.0,0.0,89492252.4418055,0.0443749841736795,5,1.63,1.644,4.9,0.413,12.82163591919242,2.0,1.6865863487181725,19.0,328.39,0.0,0.0,0.0,0.0,0.23,4.633510291860405,10.0,161.0,161.0
1319,36101,Steuben County,"91,855",62506.0,47507.0,0.0,36696.17144780497,1.0091239243416416e-05,18,55.78,19.190555555555555,6.15,1.401111111111111,9.88701239041995,0.0,4.909049302457621,39.0,447.49,0.0,0.0,0.0,0.0,0.072,5.974801242918922,14.0,230.0,139.64285714285714
1320,42053,Forest County,"6,614",46188.0,7045.0,0.0,50218526.08689552,0.0450404376568081,2,2.89,26.285,11.85,12.503,11.148559053545789,0.0,3.0813187483213245,18.0,480.5,0.0,0.0,0.0,0.0,0.052,26.47318777218666,0.0,0.0,0.0
1321,22105,Tangipahoa Parish,"141,346",55274.0,57354.0,0.0,849379605.3159916,0.3885871099749896,10,1883.8,670.4680000000001,2.27,50.8147,6.170418191802301,11.0,4.110226834946069,33.0,366.71,1.0,604781.8112456531,0.0002766847881989,0.0,0.06,14.047469150466178,11.0,230.0,167.27272727272728
1322,51179,Stafford County,"170,803",128036.0,52961.0,0.0,74275060.303799,0.102402426805763,7,4.59,4.587142857142857,5.385714285714286,1.1424285714285711,2.9478897189255586,0.0,2.9973842020919323,11.0,169.66,2.0,132099655.5107366,0.1821247300126772,0.0,0.1,4.532678219018344,9.0,500.0,277.22222222222223
1323,26109,Menominee County,"22,941",54074.0,13305.0,0.0,156040841.7728489,0.0450223382824001,14,57735.73,347144.31142857147,8.414285714285715,134.43014285714284,5.674170915103761,0.0,2.2849360587941727,30.0,442.25,0.0,0.0,0.0,0.0,0.023,9.470299063269367,15.0,138.0,92.0
1324,18073,Jasper County,"33,894",77777.0,13579.0,0.0,172386261.9567362,0.1185606325751633,7,2.92,1.167142857142857,2.5285714285714285,0.0511428571428571,4.8516746643225,0.0,0.8019752692763685,22.0,236.02,0.0,0.0,0.0,0.0,0.08,9.526858727385486,6.0,138.0,126.5
1325,13025,Brantley County,"18,936",40166.0,8173.0,0.0,302291000.95433706,0.2609862810244413,1,0.18,0.36,2.0,0.469,22.59818755408484,1.0,4.592863969363759,6.0,251.62,0.0,0.0,0.0,0.0,0.095,12.322168654123653,1.0,500.0,500.0
1326,13171,Lamar County,"20,941",64966.0,7635.0,0.0,26442252.871075336,0.054938234849301,7,3.22,3.0228571428571427,4.385714285714285,1.3647142857142858,4.905073527357644,39.0,1.5127596286088854,13.0,198.28,0.0,0.0,0.0,0.0,0.098,2.0821260603732594,23.0,230.0,120.0
1327,18151,Steuben County,"34,799",68837.0,18982.0,0.0,88169110.20101483,0.1055684869112718,51,33.48,3.489607843137255,3.4235294117647057,0.2860980392156863,0.9390020628633584,0.0,4.259632422156688,27.0,104.8,0.0,0.0,0.0,0.0,0.084,1.304811282556807,7.0,69.0,69.0
1328,48361,Orange County,"86,266",71910.0,37422.0,0.0,546148055.9871821,0.5556714531274106,29,282.16,35.04344827586207,1.8586206896551725,37.31596551724138,8.23250692518491,31.0,0.3830805112100739,15.0,251.8,0.0,0.0,0.0,0.0,0.049,2.4729172139341515,48.0,345.0,152.375
1329,39047,Fayette County,"28,552",56773.0,12685.0,0.0,91787.59700586824,8.707146412510106e-05,2,4.87,63.36,14.2,4.186,16.008583059409045,0.0,0.1329051629693066,9.0,243.69,0.0,0.0,0.0,0.0,0.092,1.9803579844791468,11.0,69.0,69.0
1330,25015,Hampshire County,"164,065",84025.0,66174.0,0.0,6607932.892522853,0.0046793094561693,22,104.08,106.26545454545456,8.290909090909091,1.458590909090909,1.2525001260500166,242.0,1.3461355142311415,42.0,428.92,0.0,0.0,0.0,0.0,0.097,4.214509894715165,19.0,345.0,115.0
1331,21003,Allen County,"22,536",57159.0,9237.0,0.0,73861226.77961177,0.0810485353061457,1,32.0,1005.5,31.4,40.916,10.725717735816424,0.0,2.775189730559042,21.0,264.7,0.0,0.0,0.0,0.0,0.16,1.0373918369205344,6.0,161.0,145.66666666666666
1332,37001,Alamance County,"186,177",60866.0,74055.0,0.0,77190151.28747913,0.0686332007779353,7,9.56,12.599999999999998,6.314285714285715,6.108428571428571,8.80224980942503,11.0,2.0629767018699128,15.0,237.8,0.0,0.0,0.0,0.0,0.082,6.673717236667469,27.0,500.0,124.44444444444444
1333,20073,Greenwood County,"5,826",51812.0,3671.0,0.0,85.87612007495538,2.8766436389981613e-08,16,22.3,45.166875,7.53125,1.8398125,5.429191126758533,0.0,2.5950679365756844,31.0,354.3,0.0,0.0,0.0,0.0,0.057,4.972053121357853,5.0,345.0,216.2
1334,54031,Hardy County,"14,337",49205.0,8175.0,0.0,70997210.96800806,0.0468995484072752,1,0.23,1.39,6.0,0.222,23.53656952583304,0.0,6.716793894800281,11.0,381.11,0.0,0.0,0.0,0.0,0.066,20.760637532360587,1.0,138.0,138.0
1335,72001,Adjuntas Municipio,,17659.0,7535.0,0.0,3417063.300066017,0.0196655537087107,2,0.9,2.96,6.25,0.3475,4.573233587825502,0.0,1.6105321068408431,9.0,70.89,0.0,0.0,0.0,0.0,0.48,31.309232762894016,0.0,0.0,0.0
1336,55089,Ozaukee County,"94,346",92258.0,39120.0,0.0,113992053.59325334,0.0394309666466962,5,57727.84,972000.456,18.76,378.1188,0.0,0.0,22.19509876168233,9.0,168.67,0.0,0.0,0.0,0.0,0.038,24.0908242446054,15.0,345.0,165.6
1337,47163,Sullivan County,"163,759",54357.0,75686.0,0.0,71683845.40939172,0.0644097721853025,2,32.8,590.5,32.5,65.3025,2.4529356040328945,0.0,1.5321248024409304,30.0,213.62,1.0,1106085.5488568728,0.0009938462119666,0.0,0.19,2.1793568616284325,37.0,161.0,115.62162162162164
1338,45059,Laurens County,"71,848",52077.0,31421.0,0.0,120801131.85674796,0.064517131333321,11,41.31,30.60363636363636,4.1000000000000005,7.481545454545454,10.528022795844592,32.0,0.6578710631008315,23.0,464.11,0.0,0.0,0.0,0.0,0.19,2.804354683470705,18.0,100.0,100.0
1339,56011,Crook County,"7,852",68876.0,3672.0,0.0,262789.7777104321,3.5410421475494386e-05,15,17.349999999999998,15.753999999999998,3.893333333333333,0.7242666666666667,12.703089817818894,4.0,3.6769494128721383,50.0,610.03,0.0,0.0,0.0,0.0,0.073,53.84326002999397,0.0,0.0,0.0
1340,55117,Sheboygan County,"118,047",68969.0,52375.0,0.0,171746840.99005422,0.0521630329259448,14,57732.08,347144.0735714286,9.15,134.82085714285714,0.0,0.0,6.375508877784007,13.0,198.51,0.0,0.0,0.0,0.0,0.035,5.947628470723558,49.0,345.0,107.0204081632653
1341,25013,Hampden County,"464,338",66619.0,196957.0,0.0,120242570.95652214,0.0732091546784317,33,25.03,9.417878787878788,7.703030303030303,3.2832424242424243,4.125665903395849,312.0,1.2652425776161105,59.0,458.17,2.0,10108791.709786491,0.006154692884614,0.0,0.097,1.131214078304287,41.0,345.0,125.09756097560977
1342,48055,Caldwell County,"55,150",66779.0,16517.0,0.0,250620827.2803744,0.1770790163385338,2,0.52,0.6599999999999999,2.5,0.224,13.584584932632696,0.0,1.464299699430638,5.0,103.61,0.0,0.0,0.0,0.0,0.03,4.048293983255897,15.0,345.0,138.0
1343,20029,Cloud County,"8,833",51197.0,4520.0,0.0,309573546.09631634,0.1664743922065859,2,2.37,2.37,1.9,0.611,11.385763375111038,4.0,5.54691478498766,21.0,445.85,0.0,0.0,0.0,0.0,0.051,7.749338326187581,5.0,230.0,184.0
1344,06027,Inyo County,"18,158",63417.0,9471.0,0.0,1292307780.0242813,0.0487883026410068,20,48.21,8.7645,7.615,3.00175,38.08331845882849,15.0,20.168558216514658,71.0,497.72,2.0,1863097049.6770337,0.0703372247031602,0.0,0.55,55.831958942403794,17.0,230.0,121.47058823529412
1345,01037,Coosa County,"10,161",52279.0,6045.0,0.0,120698620.24344394,0.0699362318322283,6,186.93,424.47333333333336,8.15,170.44,13.447130290276483,0.0,0.3735074548432589,26.0,226.43,0.0,0.0,0.0,0.0,0.12,18.783824266458,6.0,230.0,134.16666666666666
1346,55123,Vernon County,"31,443",65177.0,13874.0,0.0,166333184.29304796,0.0786659006521152,3,0.44,1.0633333333333332,7.333333333333333,0.2736666666666666,11.031462076772511,3.0,4.259941174065123,25.0,312.38,0.0,0.0,0.0,0.0,0.032,1.9430017866722589,32.0,161.0,74.75
1347,29093,Iron County,"9,318",53401.0,4730.0,0.0,103288077.00418836,0.0722374876558471,7,6.07,6.112857142857143,6.242857142857143,0.3321428571428572,4.229770769023245,0.0,3.739673848899708,18.0,276.15,0.0,0.0,0.0,0.0,0.39,4.589651487076133,12.0,138.0,115.0
1348,48223,Hopkins County,"39,063",63766.0,15698.0,0.0,354630532.44774455,0.1727150842704724,8,143.16,290.74375,6.9,7.334124999999999,4.799446284883878,0.0,1.2441580548792994,16.0,141.59,0.0,0.0,0.0,0.0,0.071,2.4056512497456226,10.0,138.0,94.3
1349,36001,Albany County,"321,225",78829.0,146137.0,3.0,81575204.5548318,0.0590591686292509,12,20.33,14.005,5.916666666666667,18.88416666666667,1.717802712914151,307.0,2.18068542680663,28.0,490.73,1.0,536812.2305117658,0.0003886436352449,0.0,0.12,5.59624875798569,70.0,115.0,115.0
1350,48225,Houston County,"22,316",51043.0,10840.0,0.0,548637517.9219105,0.1713039125052415,5,5.5,7.061999999999999,3.66,0.2954,9.696726907243985,3.0,1.775031321425989,34.0,537.8199999999999,0.0,0.0,0.0,0.0,0.05,7.188358558049806,4.0,138.0,120.75
1351,39111,Monroe County,"12,994",55381.0,7160.0,0.0,33216196.01270681,0.0280438467896354,4,24.55,55.7,6.425,318.92999999999995,11.21496306069371,0.0,0.2152599410286408,10.0,347.15,0.0,0.0,0.0,0.0,0.065,3.339193196381352,7.0,345.0,197.14285714285717
1352,20165,Rush County,"2,845",53523.0,1683.0,0.0,36775.14232498946,1.977644842022685e-05,0,0.0,0.0,0.0,0.0,38.93004440438626,0.0,6.943544296623056,3.0,172.08,0.0,0.0,0.0,0.0,0.067,1.3897018788547189,11.0,345.0,129.63636363636363
1353,18107,Montgomery County,"38,954",62937.0,16504.0,0.0,66641908.57102794,0.0509092401205463,2,1.6,2.555,3.1,0.2515,9.985812706247902,0.0,1.0021573723055082,11.0,237.83,0.0,0.0,0.0,0.0,0.12,0.8498187552305906,25.0,230.0,112.24
1354,20187,Stanton County,"1,986",66000.0,1081.0,0.0,0.0,0.0,0,0.0,0.0,0.0,0.0,28.079242708733663,0.0,19.37609058571507,1.0,0.18,0.0,0.0,0.0,0.0,0.049,1.7125748684904012,7.0,115.0,115.0
1355,21129,Lee County,"7,297",31682.0,3226.0,0.0,34991080.33957724,0.0639512123501412,0,0.0,0.0,0.0,0.0,29.29885801802187,0.0,2.3647515078303667,10.0,576.22,0.0,0.0,0.0,0.0,0.13,1.0608120575241942,11.0,161.0,85.72727272727273
1356,27071,Koochiching County,"11,587",59779.0,7440.0,0.0,385527388.096519,0.0471656088205268,22,246.08,226.55,3.840909090909091,7.530909090909091,14.9732535618713,399.0,3.4236089957712963,62.0,1066.44,0.0,0.0,0.0,0.0,0.019,15.520383080519348,6.0,500.0,217.5
1357,48029,Bexar County,"2,160,088",67275.0,792583.0,30.0,392637596.66617405,0.1206921689691495,14,20.96,12.074285714285711,3.3000000000000003,0.644,0.821157086339307,11.0,2.8289174175191496,14.0,531.48,2.0,178413620.98308653,0.0548422440258471,0.0,0.026,2.7959617664531686,140.0,345.0,153.77142857142857
1358,08013,Boulder County,"328,560",99770.0,141007.0,0.0,70890311.77929048,0.036964141300462,38,22.69,5.151315789473684,6.492105263157894,0.5113421052631579,7.416304542631954,52.0,0.1831658618706804,20.0,318.84,0.0,0.0,0.0,0.0,0.14,19.177718341780405,1.0,34.5,34.5
1359,47089,Jefferson County,"60,024",60393.0,24890.0,0.0,112296525.04826036,0.1379436326298305,3,136.88,1269.5,20.933333333333334,153.87,5.0683125139997465,3.0,1.2236693892708297,8.0,196.75,0.0,0.0,0.0,0.0,0.31,4.8740232495280535,11.0,161.0,135.9090909090909
1360,40097,Mayes County,"40,416",56552.0,18358.0,0.0,306678412.4036277,0.1732293578513497,11,216.32,502.4818181818182,15.181818181818182,122.46009090909092,3.6076254402599854,11.0,5.613080386057112,24.0,231.82,1.0,2139924.5124441264,0.0012087507113254,0.0,0.085,1.3288687845739426,75.0,345.0,121.74666666666668
1361,37093,Hoke County,"56,939",57141.0,20322.0,0.0,76808938.50811237,0.075715532993531,4,1.2,1.0575,3.45,0.16775,3.3610875467142853,583.0,0.8394313384614852,17.0,324.45,2.0,362530609.4137706,0.3573698432941386,0.0,0.11,4.984768439230857,12.0,500.0,195.0
1362,31131,Otoe County,"16,531",73031.0,6971.0,0.0,253048412.61091077,0.1578345507484096,3,0.51,0.5066666666666667,2.966666666666667,0.0616666666666666,10.749006719628431,17.0,3.924465788572555,12.0,279.21,0.0,0.0,0.0,0.0,0.046,2.977983283281152,15.0,345.0,133.4
1363,42023,Cameron County,"4,211",46186.0,3956.0,0.0,41591842.97768354,0.0403063406516561,1,0.65,6.51,10.1,12.683,14.159171192052156,0.0,1.3846285250963937,17.0,198.34,0.0,0.0,0.0,0.0,0.052,25.300977608244104,0.0,0.0,0.0
1364,45035,Dorchester County,"178,397",73686.0,65088.0,0.0,431906735.6309446,0.2920445280766801,7,3.27,1.207142857142857,2.6714285714285717,11.544428571428572,7.411333919005085,1302.0,0.9441099410289088,10.0,269.83,1.0,211.7930523738465,1.432091628302174e-07,0.0,0.79,2.2111803258318625,57.0,230.0,127.10526315789474
1365,27161,Waseca County,"18,688",71856.0,7899.0,0.0,84438820.09444608,0.0752980348518506,20,21.23,2.92,2.7,0.2764,4.556711702418949,22.0,0.3540696148188929,14.0,180.16,0.0,0.0,0.0,0.0,0.027,8.221355022233363,14.0,115.0,72.28571428571429
1366,46015,Brule County,"5,278",64821.0,2365.0,0.0,10692.298996703006,4.87706076445846e-06,6,17.1,7.55,1.7333333333333334,0.3175,8.886084333209231,13.0,9.75794597742271,18.0,111.84,0.0,0.0,0.0,0.0,0.097,3.1487703154579525,17.0,230.0,87.94117647058823
1367,47177,Warren County,"43,717",52948.0,18164.0,0.0,63965743.31587297,0.0569017289393052,3,63.94,881.0033333333334,20.33333333333333,49.55533333333333,10.663977505480684,0.0,0.1158249660212436,16.0,249.66,0.0,0.0,0.0,0.0,0.18,3.926282478978622,8.0,161.0,161.0
1368,17023,Clark County,"15,114",65874.0,7365.0,0.0,116948111.52568838,0.0894559476415048,8,5.02,7.31625,5.525,96.79975,1.0116303596277176,0.0,3.715689180401671,15.0,241.53,0.0,0.0,0.0,0.0,0.2,2.347332325777921,3.0,345.0,276.0
1369,21201,Robertson County,"2,325",53798.0,1044.0,0.0,13857798.296316268,0.0534489500160644,0,0.0,0.0,0.0,0.0,18.49793782689405,0.0,0.3762110973994015,4.0,282.18,0.0,0.0,0.0,0.0,0.13,6.041026557120518,2.0,138.0,103.5
1370,47095,Lake County,"6,249",32064.0,2508.0,0.0,287225205.5312032,0.571955548597786,3,27.65,13.949999999999998,1.6,7.998666666666668,6.345480847282731,7.0,2.8246827134206414,15.0,71.06,0.0,0.0,0.0,0.0,1.9,3.266821942058843,1.0,161.0,161.0
1371,45015,Berkeley County,"274,666",77874.0,94468.0,10.0,918957578.3289348,0.2874117585970347,21,451.22,138.4052380952381,2.857142857142857,27.568523809523807,4.025437901674437,3041.0,0.1812702539004904,19.0,349.83000000000004,1.0,68359457.40699668,0.0213799987435887,0.0,1.0,6.199474613751151,102.0,230.0,136.42156862745097
1372,05051,Garland County,"99,695",54229.0,52383.0,0.0,235855059.5847541,0.1239733415907466,12,177.5,415.2925,9.816666666666668,18.74116666666667,3.709623604095682,3.0,0.0714279659875994,41.0,250.91,0.0,0.0,0.0,0.0,0.16,2.57345009195452,19.0,115.0,115.0
1373,20139,Osage County,"15,693",66155.0,7273.0,0.0,297776491.9632274,0.1597178872677361,13,40.45,59.26461538461539,5.730769230769231,1.639076923076923,6.329132180967188,0.0,3.3590790319530224,14.0,292.43,0.0,0.0,0.0,0.0,0.064,3.3209154931231994,8.0,345.0,143.75
1374,39155,Trumbull County,"198,972",53537.0,94575.0,0.0,161262337.65018266,0.0978931368614722,13,40.14,23.967692307692307,3.792307692307692,1.5793076923076923,0.0,0.0,0.452024498233271,31.0,276.92,2.0,6999595.439215107,0.0042490538354492,0.0,0.067,5.37870368542398,36.0,345.0,161.0
1375,48333,Mills County,"4,580",59315.0,2653.0,0.0,156167.40204025974,8.041921458550977e-05,3,0.53,0.4366666666666667,2.533333333333333,0.0269999999999999,4.409467853150827,0.0,4.962729731511835,8.0,388.26,0.0,0.0,0.0,0.0,0.031,28.53365882167958,0.0,0.0,0.0
1376,48359,Oldham County,"1,783",71103.0,791.0,0.0,12052.618200216615,3.099413476552993e-06,3,1.53,1.4166666666666667,2.8000000000000003,0.0,15.73715380278985,0.0,12.26827700210255,47.0,48.43,0.0,0.0,0.0,0.0,0.1,13.119137295082924,9.0,345.0,164.77777777777777
1377,42019,Butler County,"200,169",82932.0,85479.0,0.0,89921851.33738004,0.04363539678978,4,13.61,32.6225,6.25,1.07375,3.834804008442216,0.0,2.3421330028281826,21.0,483.71,0.0,0.0,0.0,0.0,0.051,3.151575654620367,39.0,500.0,147.28205128205127
1378,16049,Idaho County,"17,874",54745.0,8880.0,0.0,0.0,0.0,13,2.72,1.5453846153846154,7.607692307692308,0.1463846153846154,28.024248692542663,110.0,2.9323436079052407,149.0,2334.32,0.0,0.0,0.0,0.0,0.15,100.12940864239197,0.0,0.0,0.0
1379,20115,Marion County,"11,634",60011.0,5699.0,0.0,316488267.51294273,0.128124832451121,5,25.47,47.096,3.64,0.5752,0.2708499569093563,0.0,1.2314406746051931,27.0,346.62,0.0,0.0,0.0,0.0,0.053,11.428470479893376,4.0,115.0,94.875
1380,51029,Buckingham County,"17,137",59894.0,7184.0,0.0,95196870.60155375,0.062997252397102,9,1.6,0.7522222222222221,3.955555555555556,0.2857777777777778,0.4048733625126731,0.0,0.9729923641619388,17.0,474.13,0.0,0.0,0.0,0.0,0.16,20.530984386733756,4.0,230.0,201.25
1381,36099,Seneca County,"32,883",64050.0,16116.0,0.0,322815.2146843476,0.0003192424241992,10,351.16,974.004,7.439999999999999,24.727,2.287967429597277,54.0,2.3985949125668915,19.0,133.44,0.0,0.0,0.0,0.0,0.077,14.88761116700614,5.0,115.0,115.0
1382,21125,Laurel County,"63,746",53693.0,26569.0,0.0,62817806.492071725,0.0546641242100774,4,180.33,2021.065,24.9,61.78025,7.079505904712911,0.0,5.2949583601658805,22.0,340.26,0.0,0.0,0.0,0.0,0.17,1.2085840517852728,34.0,161.0,82.52941176470588
1383,47121,Meigs County,"14,186",59434.0,6087.0,0.0,95202884.19121678,0.1696609523726522,5,232.54,472.358,6.04,467.99619999999993,2.876888753617947,3.0,3.641420177974473,19.0,128.53,0.0,0.0,0.0,0.0,0.34,2.5942822461559185,9.0,500.0,198.66666666666663
1384,29213,Taney County,"57,001",54467.0,29643.0,0.0,135865778.24615175,0.08050562465803,2,271.23,5470.5,39.900000000000006,187.0485,4.9933692608484215,7.0,0.7008154581095533,27.0,216.28,0.0,0.0,0.0,0.0,0.18,5.400868590761692,29.0,161.0,110.24137931034484
1385,13269,Taylor County,"7,818",40727.0,3946.0,0.0,74369478.10920805,0.0756237253415993,4,0.79,0.6075,2.95,0.7225,6.34971853327376,96.0,2.6929496854145336,5.0,278.47,0.0,0.0,0.0,0.0,0.084,3.952863792547022,9.0,230.0,191.66666666666663
1386,51830,Williamsburg city,"15,861",66815.0,5732.0,0.0,781456.6699263622,0.0331593946517678,1,0.37,1.59,4.3,0.229,1.5979622775716849,0.0,1.4547520095797817,3.0,16.07,0.0,0.0,0.0,0.0,0.071,2.867857812084678,0.0,0.0,0.0
1387,48415,Scurry County,"16,162",58932.0,6908.0,0.0,0.0,0.0,3,39.76,148.36666666666667,4.966666666666667,0.0183333333333333,14.237037968698848,0.0,5.6168513632347965,7.0,136.67000000000002,0.0,0.0,0.0,0.0,0.036,3.386661744888298,27.0,345.0,173.77777777777777
1388,08047,Gilpin County,"6,073",95902.0,3516.0,0.0,4952136.173190428,0.0127141233972244,0,0.0,0.0,0.0,0.0,11.91673262538933,1.0,2.9427322763459265,6.0,52.42,0.0,0.0,0.0,0.0,0.15,6.741061423204463,1.0,34.5,34.5
1389,40087,McClain County,"49,647",80150.0,16633.0,0.0,328971071.2597004,0.2188962789754679,5,1.93,1.09,2.56,0.0693999999999999,5.285752453434025,20.0,3.904141754235723,23.0,278.02,0.0,0.0,0.0,0.0,0.23,6.167740258037601,17.0,138.0,105.52941176470588
1390,54071,Pendleton County,"5,826",52458.0,3757.0,0.0,60847235.78253628,0.0336509273628359,1,0.13,0.76,5.7,0.575,14.590412514737418,0.0,1.938590862112893,11.0,295.63,0.0,0.0,0.0,0.0,0.069,25.07908664502414,1.0,500.0,500.0
1391,51139,Page County,"23,762",56760.0,11784.0,0.0,30819746.79812328,0.0379871787904538,2,0.39,1.04,5.3,20.784,6.514642846859763,0.0,4.579227413549436,3.0,136.0,0.0,0.0,0.0,0.0,0.085,6.675847925185991,2.0,138.0,126.5
1392,40079,Le Flore County,"50,196",46750.0,21149.0,0.0,736328656.8261191,0.1767340734998355,16,163.07,74.148125,4.34375,65.9126875,2.820604423420095,4.0,2.961598422494186,53.0,596.98,0.0,0.0,0.0,0.0,0.11,6.047233703563744,30.0,161.0,90.46666666666668
1393,54089,Summers County,"11,532",42991.0,6598.0,0.0,52790884.65273472,0.0554292855432629,1,0.13,0.64,4.9,0.15,10.49657903316646,0.0,0.4421513416611246,15.0,356.49,0.0,0.0,0.0,0.0,0.17,0.5579430485569011,4.0,138.0,138.0
1394,37119,Mecklenburg County,"1,233,383",79265.0,481307.0,5.0,125528421.96720812,0.0887563656352293,7,156.06,124.87714285714286,4.685714285714285,55.446000000000005,6.360233848961926,140.0,1.1309436713735608,39.0,334.65,1.0,426716.5881417949,0.0003017150452956,1.0,0.13,1.1364084680687754,188.0,230.0,111.75531914893617
1395,34013,Essex County,"896,379",73785.0,334136.0,2.0,55218655.93864499,0.1647307579593331,7,2.7,1.5357142857142858,3.928571428571429,0.2715714285714286,3.678024945064671,102.0,1.447436763450833,3.0,108.94,0.0,0.0,0.0,0.0,0.17,0.982154864175028,33.0,345.0,211.1818181818182
1396,29115,Linn County,"11,815",58435.0,6011.0,0.0,294486536.5433243,0.1829840662885473,5,2.03,1.134,2.64,1.204,9.491654733405689,1.0,1.9181049964281316,11.0,323.25,0.0,0.0,0.0,0.0,0.07,14.37000899375727,7.0,69.0,69.0
1397,13209,Montgomery County,"8,635",49138.0,3773.0,0.0,92973223.74967349,0.1467022500593199,1,0.35,0.77,2.2,0.59,7.4148830253547455,83.0,2.56824424434872,7.0,448.41,0.0,0.0,0.0,0.0,0.12,4.442543398678101,5.0,115.0,115.0
1398,41055,Sherman County,"2,051",57171.0,953.0,0.0,43990156.86679702,0.0204342175969891,0,0.0,0.0,0.0,0.0,40.98643054771696,3.0,2.0137721811126506,16.0,596.16,0.0,0.0,0.0,0.0,0.21,15.34365801861082,8.0,500.0,500.0
1399,54053,Mason County,"24,707",53058.0,12217.0,0.0,128771494.53134269,0.1117994550137695,2,0.53,0.755,2.75,0.041,18.461329575715084,0.0,1.590713056926803,20.0,292.32,0.0,0.0,0.0,0.0,0.1,5.612374560866513,15.0,765.0,253.8
1400,54021,Gilmer County,"7,085",51552.0,3112.0,0.0,28865783.3987802,0.0327722408499696,0,0.0,0.0,0.0,0.0,22.334039905182152,0.0,1.3456323476476593,10.0,280.71,0.0,0.0,0.0,0.0,0.084,6.2155760327632334,2.0,138.0,138.0
1401,28063,Jefferson County,"6,825",31544.0,3381.0,0.0,175253296.16652343,0.1283334596615367,11,4.79,1.0536363636363637,2.381818181818182,4.891727272727273,9.69468413152828,0.0,2.562174116473732,18.0,306.5,0.0,0.0,0.0,0.0,0.079,4.110465487088439,5.0,500.0,192.0
1402,38079,Rolette County,"11,688",53806.0,4650.0,0.0,1105931.9510384165,0.0004545008295478,124,58.56,1.470967741935484,2.893548387096774,0.0190887096774193,4.997577808246764,598.0,4.906731777289335,6.0,148.84,0.0,0.0,0.0,0.0,0.021,2.5995172544888727,20.0,230.0,108.1
1403,30103,Treasure County,728,70096.0,456.0,0.0,0.0,0.0,2,0.3399999999999999,0.2299999999999999,1.3,0.019,12.939572362184952,7.0,7.136252576175093,12.0,606.1,0.0,0.0,0.0,0.0,0.049,34.31872106526751,0.0,0.0,0.0
1404,21049,Clark County,"37,888",61878.0,16165.0,0.0,39415524.76878209,0.0596420326957233,1,0.34,1.17,3.4,0.407,7.337475012722827,0.0,1.3714077314382505,9.0,414.09,0.0,0.0,0.0,0.0,0.13,2.456327523090481,37.0,345.0,98.83783783783784
1405,72101,Morovis Municipio,,22282.0,12042.0,0.0,1819847.7610298365,0.0180512325067624,0,0.0,0.0,0.0,0.0,13.052142040068794,0.0,1.1912516489682756,7.0,72.78,0.0,0.0,0.0,0.0,0.46,69.2402085698088,0.0,0.0,0.0
1406,26005,Allegan County,"123,188",75543.0,51880.0,0.0,217676115.87085247,0.0458439453393828,53,57767.53999999999,91701.2516981132,5.069811320754717,39.98341509433963,0.0,0.0,9.498998271116491,39.0,260.33,0.0,0.0,0.0,0.0,0.064,9.42106169560753,21.0,345.0,147.85714285714286
1407,47005,Benton County,"16,183",47737.0,8537.0,0.0,195819600.8576141,0.1733174571276775,4,575.33,1890.48,5.725,535.5822499999999,2.1869178904830897,1.0,2.325814577631455,36.0,212.47,0.0,0.0,0.0,0.0,0.42,4.328495591387656,9.0,161.0,150.77777777777777
1408,27015,Brown County,"25,517",67038.0,11765.0,0.0,136439315.16658744,0.085205344155307,19,16.55,2.243684210526316,2.4526315789473685,0.2228947368421052,1.7482734018897133,116.0,0.6853471294039036,20.0,513.1899999999999,0.0,0.0,0.0,0.0,0.029,6.205590359743708,36.0,345.0,84.33333333333333
1409,47137,Pickett County,"5,219",44317.0,3361.0,0.0,38007320.56711877,0.0840989005846814,1,89.62,2104.3,23.5,43.141,6.787875220799673,0.0,0.2146007527822021,18.0,89.48,0.0,0.0,0.0,0.0,0.15,10.524048132636214,1.0,161.0,161.0
1410,51109,Louisa County,"42,924",76594.0,17707.0,0.0,114727264.14575188,0.0869138593648844,8,49.27,49.69,4.55,2.4638750000000003,2.0055494409954817,0.0,3.849037704979597,17.0,276.98,0.0,0.0,0.0,1.0,0.19,6.571421455572825,7.0,500.0,307.1428571428572
1411,18145,Shelby County,"45,882",66449.0,19458.0,0.0,184577804.73759747,0.1726584797081068,1,0.5,1.18,2.4,15.29,2.149968779972436,0.0,0.3124434833581382,9.0,400.06,1.0,186861.4873259017,0.0001747946908543,0.0,0.13,1.5549884439782562,34.0,765.0,116.52941176470588
1412,30091,Sheridan County,"3,436",67457.0,2051.0,0.0,77217162.4387249,0.0174764036149777,50,58.53000000000001,4.0382,2.708,0.348,6.458825698898636,1.0,0.761317956122302,30.0,286.08,0.0,0.0,0.0,0.0,0.052,41.88181858869656,0.0,0.0,0.0
1413,31063,Frontier County,"2,655",62928.0,1367.0,0.0,111941439.54902896,0.0440993236607708,2,10.5,220.5,41.900000000000006,0.9545,15.433859550632423,4.0,1.549199358024509,19.0,212.81,0.0,0.0,0.0,0.0,0.04,1.2572565784939933,15.0,345.0,90.46666666666668
1414,72089,Luquillo Municipio,,22585.0,10357.0,0.0,14739993.283818338,0.1223128514905084,0,0.0,0.0,0.0,0.0,7.157057228350549,0.0,4.576068415528825,3.0,9.22,0.0,0.0,0.0,0.0,0.46,145.53359559371677,0.0,0.0,0.0
1415,01007,Bibb County,"22,262",50669.0,9046.0,0.0,166793868.06571174,0.1028473718054693,9,1.7,0.6922222222222223,3.566666666666667,5.9752222222222215,4.318538456709431,60.0,0.1273810498794155,17.0,489.94,0.0,0.0,0.0,0.0,0.17,6.985469172858918,7.0,500.0,186.42857142857144
1416,28075,Lauderdale County,"70,317",45649.0,33586.0,0.0,296115354.360818,0.1598688821073512,13,21.29,8.883846153846154,4.384615384615385,0.9027692307692308,2.095034464295835,1.0,0.568965593819041,18.0,288.0,1.0,29945759.878676392,0.0161673317008266,0.0,0.12,0.0629393672862133,44.0,230.0,138.0
1417,27011,Big Stone County,"5,054",63024.0,2980.0,0.0,101124297.573483,0.0739383309426414,75,99.85,5.873466666666666,2.025333333333333,0.4927466666666666,0.6390794532446221,0.0,3.1278726649995687,31.0,101.21,0.0,0.0,0.0,0.0,0.048,8.456031759716872,15.0,115.0,115.0
1418,27013,Blue Earth County,"70,634",70906.0,29264.0,0.0,120019585.26574148,0.0605289029835061,39,45.11,3.741282051282051,3.007692307692308,1.830846153846154,6.133292381304777,152.0,1.54681888378398,24.0,665.46,0.0,0.0,0.0,0.0,0.027,7.499102064993834,56.0,345.0,81.32142857142857
1419,51091,Highland County,"2,318",57070.0,1814.0,0.0,20641245.29508094,0.0191644532275387,0,0.0,0.0,0.0,0.0,21.967734647990262,0.0,4.865376904134874,12.0,229.47,0.0,0.0,0.0,0.0,0.076,23.86483615314326,0.0,0.0,0.0
1420,51177,Spotsylvania County,"155,388",105068.0,52516.0,0.0,99425015.33591796,0.0925763479611571,8,50.49,53.32125,6.9625,2.58625,6.965018304505104,0.0,1.0796858248048342,14.0,340.27,0.0,0.0,0.0,0.0,0.13,6.420109209037974,12.0,500.0,211.25
1421,33017,Strafford County,"135,043",83212.0,55672.0,1.0,95332015.11824933,0.0962077406982654,28,23.44,4.439642857142857,4.778571428571429,1.5377142857142856,2.158794320870652,910.0,2.89566415078633,37.0,217.46,1.0,423183.7153508512,0.0004270711062144,0.0,0.21,2.758411878941272,9.0,345.0,166.11111111111111
1422,13153,Houston County,"178,214",76968.0,66889.0,0.0,132257998.51375264,0.1344160052915065,6,1.84,1.0983333333333334,3.4333333333333336,2.2921666666666667,3.500502643710112,298.0,2.928934133146188,6.0,365.24,1.0,27087426.924197245,0.0275294028466459,0.0,0.099,2.431990804820626,62.0,230.0,120.56451612903226
1423,02130,Ketchikan Gateway Borough,"13,549",82763.0,6615.0,0.0,7605996.938646293,0.0004397827703238,363,221.54,12.95732782369146,10.450964187327823,1.4971239669421488,1.3246747978518802,0.0,1.9533688384694363,286.0,1270.93,1.0,47103.64914102989,2.723557934444026e-06,0.0,0.13,33.203335765330124,2.0,115.0,115.0
1424,26035,Clare County,"31,543",47816.0,21959.0,0.0,37024106.53574571,0.0248450449715054,49,19.98,1.7616326530612243,4.393877551020409,0.1385102040816326,3.779753425634593,0.0,4.711860642418348,23.0,297.86,0.0,0.0,0.0,0.0,0.032,22.25806540804089,0.0,0.0,0.0
1425,20157,Republic County,"4,640",54531.0,2682.0,0.0,203013345.9180276,0.1087988973377373,4,3.82,1.6175,1.825,0.6505,2.520352700851752,11.0,1.3277849855171917,21.0,299.98,0.0,0.0,0.0,0.0,0.049,11.591577123904356,3.0,69.0,69.0
1426,12127,Volusia County,"606,573",63075.0,273835.0,0.0,1695197027.0830734,0.4569266670751222,82,395.98,31.597195121951223,2.710975609756097,7.038012195121951,9.324816573361462,0.0,8.517854694210994,29.0,244.13,0.0,0.0,0.0,0.0,0.043,5.1367828756507015,85.0,500.0,150.10588235294117
1427,40017,Canadian County,"187,189",82364.0,59808.0,0.0,457135466.1727043,0.1949189176224806,10,8.25,4.275,2.32,2.6735,1.6293566639646615,13.0,1.7375141552204152,17.0,603.95,0.0,0.0,0.0,0.0,0.22,4.495119849180244,45.0,345.0,154.86666666666667
1428,72115,Quebradillas Municipio,,20209.0,10503.0,0.0,3851758.822495947,0.0433197788410424,1,2.64,57.5,21.8,1.853,7.000567002500974,0.0,3.464517352083273,3.0,16.85,0.0,0.0,0.0,0.0,0.51,12.06007456314486,0.0,0.0,0.0
1429,35019,Guadalupe County,"4,343",38713.0,2162.0,0.0,9350.557268385535,1.1911596808861072e-06,1,11.81,884.4,74.9,2.435,20.71579224179122,0.0,5.385890374892752,10.0,213.36,0.0,0.0,0.0,0.0,0.058,24.22020222095906,4.0,345.0,166.75
1430,21163,Meade County,"30,699",68518.0,12043.0,0.0,82288734.94312772,0.0979389007152697,1,1.16,19.4,16.8,1.27,8.750648775766965,0.0,5.507566077369058,16.0,136.49,1.0,59135322.48715851,0.0703820332374541,0.0,0.16,6.271644582229268,14.0,345.0,93.64285714285714
1431,21179,Nelson County,"49,036",66212.0,19799.0,0.0,110387458.90198752,0.1005027658009127,4,11.37,90.9175,12.175,3.4075,3.528814802900626,0.0,1.5344975366083922,17.0,500.87,0.0,0.0,0.0,0.0,0.13,0.2446260974436581,31.0,138.0,73.45161290322581
1432,21187,Owen County,"11,601",56485.0,5370.0,0.0,59762704.96560275,0.0651369206675093,3,2.24,12.24,12.4,82.16733333333333,4.015897852553511,0.0,1.207610797263568,15.0,463.06,0.0,0.0,0.0,0.0,0.12,4.4629240687268,16.0,345.0,99.1875
1433,19041,Clay County,"16,202",61756.0,8098.0,0.0,195869044.26389852,0.1320756792272961,10,13.32,2.837,1.93,0.2127999999999999,17.292214123235954,115.0,5.435002375685664,22.0,256.76,0.0,0.0,0.0,0.0,0.031,6.283927963595909,29.0,161.0,81.6896551724138
1434,30025,Fallon County,"2,959",79750.0,1457.0,0.0,0.0,0.0,6,1.2,0.435,2.1166666666666667,0.1041666666666666,4.108777080339844,1.0,4.354629170655892,16.0,405.95,0.0,0.0,0.0,0.0,0.037,35.6642122218243,0.0,0.0,0.0
1435,46107,Potter County,"2,377",71786.0,1583.0,0.0,40260.71160893073,1.729776900039691e-05,38,1111.43,767.1713157894736,2.9578947368421056,25.470605263157896,8.123128976446646,0.0,13.986125907695769,11.0,80.5,0.0,0.0,0.0,0.0,0.046,31.364411218674103,0.0,0.0,0.0
1436,48109,Culberson County,"2,267",35924.0,942.0,0.0,15479.033654618535,1.5676563238729643e-06,1,0.32,0.88,2.8,0.231,53.69884683871967,0.0,44.35887584185311,5.0,55.6,0.0,0.0,0.0,0.0,0.14,39.13001467778523,2.0,138.0,85.5
1437,23005,Cumberland County,"317,222",87710.0,149869.0,2.0,514304379.0191791,0.1631049047042623,50,220.56,26.808000000000003,6.242000000000001,9.511819999999998,1.1176263306932703,639.0,1.7272972493645982,70.0,416.3,0.0,0.0,0.0,0.0,0.17,2.016510909471789,21.0,345.0,169.76190476190476
1438,48013,Atascosa County,"53,590",67442.0,18858.0,0.0,418492786.3559483,0.1322840336926909,1,0.12,0.26,2.2,0.001,25.62118930937517,0.0,26.626326852582512,2.0,48.27,0.0,0.0,0.0,0.0,0.028,4.942249203625127,13.0,345.0,201.69230769230768
1439,20095,Kingman County,"7,029",59640.0,3671.0,0.0,55268.76231013641,2.4622582749909173e-05,4,39.98,47.3475,3.15,2.98625,14.068408987758655,0.0,5.110757143028584,17.0,290.39,0.0,0.0,0.0,0.0,0.059,20.497257397428253,2.0,345.0,230.0
1440,06093,Siskiyou County,"42,013",53898.0,23013.0,0.0,531817531.7050234,0.0323468642575291,66,187.85,9.44590909090909,3.857575757575757,2.8663484848484844,7.50370129735377,587.0,4.673610454382113,84.0,1017.24,0.0,0.0,0.0,0.0,0.4,61.15640280751873,3.0,500.0,500.0
1441,46037,Day County,"5,484",57558.0,3428.0,0.0,300465137.237886,0.1063248245287516,182,244.69,3.504285714285714,2.410989010989011,0.0576813186813186,1.1369071848793673,0.0,22.77430877858602,4.0,48.4,0.0,0.0,0.0,0.0,0.047,5.458591010186616,21.0,115.0,112.8095238095238
1442,48375,Potter County,"114,453",47974.0,48952.0,0.0,211765328.17732903,0.088682327662253,4,37.18,751.4525,22.775,2.63075,21.53114339787068,2.0,3.296335939583824,24.0,73.29,0.0,0.0,0.0,0.0,0.12,10.269144511956371,47.0,345.0,132.61702127659575
1443,40133,Seminole County,"23,441",43239.0,10789.0,0.0,222203502.89593792,0.1339418804627455,13,10.21,5.328461538461538,3.630769230769231,0.5513846153846154,1.732916218525269,34.0,0.8192373627531325,17.0,561.6,0.0,0.0,0.0,0.0,0.14,2.381310547903999,32.0,345.0,116.4375
1444,45003,Aiken County,"181,515",63212.0,77577.0,1.0,223852930.78149983,0.080016210844827,14,3.5,0.93,3.6142857142857134,1.4999285714285713,11.079296776544869,16.0,3.673428334921824,22.0,518.27,0.0,0.0,0.0,0.0,0.21,1.559974148551446,110.0,230.0,121.27272727272728
1445,60020,Manu'a District,,,,0.0,11314064.402706577,0.021680309382127,0,0.0,0.0,0.0,0.0,344.7503806073019,0.0,3719.492583485101,0.0,0.0,0.0,0.0,0.0,0.0,0.0,3639.444559735861,0.0,0.0,0.0
1446,06045,Mendocino County,"88,122",61335.0,41380.0,0.0,257562078.18253905,0.025642422570312,3,7.09,64.58333333333333,13.2,2.244,12.832422487824624,54.0,0.1246066154260628,56.0,1083.24,0.0,0.0,0.0,0.0,0.75,16.10367157616827,8.0,115.0,94.375
1447,51550,Chesapeake city,"255,332",92703.0,95076.0,0.0,113450644.8336364,0.1248153505411065,4,14.12,7.715,2.575,0.998,9.127829799094028,67.0,2.7462352064048705,15.0,96.9,3.0,23142958.541952208,0.0254612610374131,0.0,0.05,2.863089465937519,43.0,500.0,181.04651162790697
1448,69120,Tinian Municipality,,,,0.0,10354048.322505716,0.0139705486075929,0,0.0,0.0,0.0,0.0,24.518045934459213,0.0,5802.273058150991,0.0,0.0,0.0,0.0,0.0,0.0,0.0,5961.799688687337,0.0,0.0,0.0
1449,72153,Yauco Municipio,,19827.0,17473.0,0.0,8072732.540889341,0.0455931370345957,2,0.8799999999999999,3.195,6.550000000000001,0.722,1.4678155826694226,0.0,0.1154727652418936,4.0,30.83,0.0,0.0,0.0,0.0,0.52,17.828620117553378,0.0,0.0,0.0
1450,56037,Sweetwater County,"41,267",79375.0,19198.0,0.0,45576.93059685709,1.6773498529995755e-06,32,186.56,146.270625,4.596875,7.66725,10.723248979426604,6.0,3.0238251343782383,71.0,665.53,0.0,0.0,0.0,0.0,0.17,145.01540114112433,0.0,0.0,0.0
1451,48169,Garza County,"4,510",56215.0,2242.0,0.0,0.0,0.0,1,4.89,437.3,89.4,0.368,22.43646500593292,0.0,4.009212558460649,2.0,58.19,0.0,0.0,0.0,0.0,0.037,7.735732232432381,6.0,69.0,69.0
1452,42119,Union County,"42,313",64914.0,16185.0,0.0,44364454.98159445,0.0539100432147848,1,0.21,0.95,4.4,0.623,9.07784374450893,0.0,1.8441674605925504,9.0,303.52,0.0,0.0,0.0,0.0,0.057,10.588793343749083,1.0,230.0,230.0
1453,51041,Chesterfield County,"397,148",95757.0,139584.0,0.0,131842119.03373584,0.1164845793625259,14,19.53,12.573571428571428,4.378571428571428,44.779428571428575,2.137374285477419,0.0,1.36867527748164,21.0,218.46,1.0,2317261.9463581494,0.0020473372627244,0.0,0.15,6.3241501228875885,54.0,500.0,196.66666666666663
1454,08023,Costilla County,"3,679",34578.0,2413.0,0.0,6069.822018076762,1.903791236663361e-06,5,7.26,41.582,20.18,0.0316,13.03528104680562,11.0,5.434189858012309,30.0,332.7,0.0,0.0,0.0,0.0,0.2,57.84450410922272,0.0,0.0,0.0
1455,48099,Coryell County,"85,592",63281.0,28808.0,0.0,253921759.0930784,0.0927689622645084,1,0.13,0.38,2.9,0.006,6.779939257503421,12.0,4.345047517590518,14.0,356.99,1.0,613743892.2071602,0.2242280621384943,0.0,0.034,8.133768914826065,8.0,138.0,83.375
1456,19001,Adair County,"7,403",63172.0,3606.0,0.0,91924986.3508952,0.062237541933443,4,0.55,0.5125,3.7,0.01875,3.613134948553561,0.0,1.5154502299931356,12.0,297.97,0.0,0.0,0.0,0.0,0.04,11.546653285470018,3.0,161.0,161.0
1457,13053,Chattahoochee County,"8,465",52943.0,2971.0,0.0,52413135.91322991,0.0805732547246077,3,0.7100000000000001,0.8066666666666666,3.4,0.1063333333333333,2.143668773675651,6.0,0.2131225900935004,10.0,107.79,1.0,490833561.9024223,0.7545447705327596,0.0,0.075,11.078287194600597,1.0,115.0,115.0
1458,06043,Mariposa County,"16,918",60021.0,9824.0,0.0,70239884.8952122,0.0185393192354384,4,25.97,420.695,34.325,20.4255,20.518980259215727,144.0,5.913379093187602,20.0,266.54,0.0,0.0,0.0,0.0,0.28,6.2474731242980095,9.0,70.0,67.66666666666667
1459,29089,Howard County,"10,180",59023.0,4387.0,0.0,209201194.3324185,0.1713228127142648,3,1.1,1.8166666666666669,4.633333333333334,0.0663333333333333,0.9087782784882577,3.0,2.1460355401707747,9.0,389.82,0.0,0.0,0.0,0.0,0.099,1.919996132096588,4.0,161.0,92.0
1460,41047,Marion County,"355,777",70926.0,129065.0,2.0,220824753.2919317,0.0715841032000021,15,13.42,38.694,7.98,55.99973333333334,11.03461472854878,102.0,2.7258142112555386,31.0,568.41,1.0,321232.83196435653,0.0001041330912941,0.0,0.39,15.2560306421471,2.0,500.0,500.0
1461,55079,Milwaukee County,"924,216",59319.0,423764.0,3.0,87213975.51817268,0.0283086474717297,2,57727.05,2430000.255,43.35,938.8905,0.0,0.0,24.324142596395696,11.0,184.99,2.0,777278.7997378225,0.0002522957060298,0.0,0.048,24.362942652219477,69.0,230.0,140.66666666666666
1462,27139,Scott County,"159,017",118268.0,54650.0,0.0,132915503.26408316,0.1393375046572289,45,24.53,2.156888888888889,3.0488888888888885,5.1516,0.3109518725007196,365.0,0.8917788255526838,15.0,295.78,0.0,0.0,0.0,0.0,0.026,3.293198055219675,34.0,345.0,125.1470588235294
1463,39129,Pickaway County,"62,978",67600.0,22384.0,0.0,148415644.29488322,0.1131246719850374,3,5.41,42.943333333333335,11.0,30.09533333333333,5.674164489825578,0.0,0.4049015001099947,16.0,435.68,1.0,26839.068168513204,2.0457147879334372e-05,0.0,0.085,5.782554957947459,34.0,765.0,134.11764705882354
1464,51145,Powhatan County,"32,591",108089.0,11619.0,0.0,65704365.892240494,0.0967143162626642,7,1.13,0.5614285714285714,3.4,0.0882857142857142,0.9803343817382886,0.0,2.219795954889191,10.0,344.21,0.0,0.0,0.0,0.0,0.23,8.233572244249663,4.0,230.0,230.0
1465,08014,Broomfield County,"79,174",117541.0,31338.0,1.0,4036415.934988649,0.0464556256945449,2,0.6100000000000001,0.975,3.15,0.0124999999999999,3.0843208666071797,7.0,3.396123304413434,1.0,8.34,0.0,0.0,0.0,0.0,0.11,28.32804285021183,0.0,0.0,0.0
1466,47099,Lawrence County,"46,914",51038.0,18660.0,0.0,56361033.22559596,0.0352129342130114,1,1.2,10.18,8.5,0.333,18.748497178494887,0.0,2.4867940434307787,20.0,360.49,0.0,0.0,0.0,0.0,0.23,6.849878726617797,9.0,161.0,161.0
1467,18147,Spencer County,"20,061",66168.0,8646.0,0.0,266874459.5070021,0.2566338766161173,4,1.36,1.3675,3.45,0.15,9.677912119578895,0.0,2.5339621404965182,21.0,202.83,0.0,0.0,0.0,0.0,0.26,1.3314677862400934,23.0,161.0,88.0
1468,21099,Hart County,"20,117",45561.0,8841.0,0.0,68047119.57282001,0.0628773393486654,1,17.98,751.7,41.8,24.443,17.63731478396479,0.0,2.854386612281984,12.0,420.41,0.0,0.0,0.0,0.0,0.14,1.9071901372936533,9.0,138.0,76.66666666666667
1469,21137,Lincoln County,"25,353",49487.0,10832.0,0.0,43734715.541485325,0.0501975025932279,3,0.3399999999999999,0.6433333333333334,5.6000000000000005,0.1733333333333333,3.709140580226448,0.0,0.1705780607625625,9.0,245.86,0.0,0.0,0.0,0.0,0.12,2.283036106957038,13.0,345.0,111.46153846153848
1470,30005,Blaine County,"6,860",58507.0,2825.0,0.0,423702348.48878825,0.0385945806446091,33,18.95,1.4924242424242424,2.696969696969697,0.3022727272727272,7.604539613816796,23.0,11.723330036452106,34.0,577.93,0.0,0.0,0.0,0.0,0.032,248.5341072684718,0.0,0.0,0.0
1471,41003,Benton County,"97,728",72882.0,40092.0,0.0,239776526.0536109,0.1365130027553964,3,0.6599999999999999,0.4599999999999999,2.033333333333333,0.3963333333333333,11.924654196281848,77.0,0.4854572024825687,23.0,465.95,1.0,2091309.3494680908,0.0011906541632123,0.0,0.62,46.47107906522535,0.0,0.0,0.0
1472,27133,Rock County,"9,524",75060.0,4236.0,0.0,57489.81868715143,4.5982270696557456e-05,1,0.28,0.73,2.6,0.029,3.75295547446284,22.0,2.873475796203265,16.0,179.55,0.0,0.0,0.0,0.0,0.039,2.830374527878344,15.0,161.0,81.26666666666667
1473,42063,Indiana County,"82,878",57170.0,37678.0,0.0,109080313.38996825,0.0504761921942898,5,7.09,21.532,11.76,14.5606,3.2854484237797665,0.0,2.0033566310284825,25.0,448.36,0.0,0.0,0.0,0.0,0.048,5.213012004324913,22.0,500.0,153.4090909090909
1474,22061,Lincoln Parish,"48,360",37001.0,20491.0,0.0,166238140.18810833,0.1358787354118658,1,0.12,0.46,4.0,0.049,17.622033040887253,3.0,0.6675877824232583,18.0,296.86,0.0,0.0,0.0,0.0,0.09,3.5082704860897755,10.0,115.0,115.0
1475,42099,Perry County,"46,806",76103.0,19943.0,0.0,63702797.285631135,0.0442737528363052,1,0.29,1.69,5.9,0.486,8.852354171232639,0.0,3.1629114021348266,10.0,231.31,0.0,0.0,0.0,0.0,0.065,12.117047814053194,1.0,230.0,230.0
1476,46137,Ziebach County,"2,389",46023.0,895.0,0.0,81324819.60535473,0.0159341050843028,8,1093.59,3639.03125,5.175000000000001,120.69725,10.68928894751225,0.0,19.027966605003854,24.0,501.34,0.0,0.0,0.0,0.0,0.04,14.858541253521324,1.0,115.0,115.0
1477,48203,Harrison County,"71,956",63427.0,29305.0,0.0,397378864.8921653,0.1675438301251428,13,71.25999999999999,76.73153846153845,4.530769230769231,19.946538461538463,5.1442902952041765,29.0,3.5758278704287223,34.0,527.42,0.0,0.0,0.0,0.0,0.07,2.4302746993609103,35.0,345.0,118.28571428571428
1478,26013,Baraga County,"8,169",51911.0,5079.0,0.0,87158876.10672693,0.0314819953179311,70,81892.92,171490.44685714284,5.572857142857143,41.57585714285714,5.604963723253259,0.0,1.0181045086062046,60.0,426.11,0.0,0.0,0.0,0.0,0.022,11.014997440517472,5.0,138.0,96.6
1479,40131,Rogers County,"102,197",75312.0,38112.0,0.0,473883048.301074,0.2571087932485358,11,119.17,178.71727272727273,7.527272727272727,24.030181818181816,4.153886722487633,4.0,4.356272548270164,12.0,363.23,0.0,0.0,0.0,0.0,0.079,3.486845915527644,46.0,345.0,132.5
1480,29019,Boone County,"191,746",66564.0,80187.0,1.0,213767202.80547944,0.1194369050336325,10,1.76,0.617,3.34,0.4615,5.294713616748021,1.0,2.598063848994993,14.0,527.71,0.0,0.0,0.0,0.0,0.12,1.6926230986308377,24.0,345.0,118.83333333333331
1481,72097,Mayagüez Municipio,,16788.0,40642.0,0.0,28010291.50462347,0.0394577849946049,0,0.0,0.0,0.0,0.0,46.79160520934603,0.0,46.80521339155634,6.0,73.06,0.0,0.0,0.0,0.0,0.0,49.61102344656065,8.0,115.0,86.125
1482,40015,Caddo County,"26,130",52443.0,11658.0,0.0,378653091.5440501,0.1133194654016835,13,40.7,35.04153846153846,5.161538461538461,2.0123076923076924,5.483563032888731,1.0,4.731692368947,35.0,785.98,0.0,0.0,0.0,0.0,0.19,1.8693230995921533,52.0,345.0,119.42307692307692
1483,08059,Jefferson County,"580,451",103167.0,248785.0,0.0,55495113.70626223,0.0276809158194389,32,21.15,20.7265625,9.028125,1.45503125,7.9394736158124015,153.0,0.1941661349440604,36.0,402.71,0.0,0.0,0.0,0.0,0.13,20.19559552878599,0.0,0.0,0.0
1484,54011,Cabell County,"91,183",48944.0,46101.0,0.0,62028423.46145021,0.0831524712230602,1,2.84,46.3,16.3,2.197,15.515882722977327,0.0,0.1190992330239532,11.0,263.82,0.0,0.0,0.0,0.0,0.1,8.753639649282366,12.0,138.0,126.5
1485,48383,Reagan County,"3,166",70319.0,1325.0,0.0,4316.621736740785,1.417217991661903e-06,4,5.79,3.95,1.825,0.073,17.84555133234235,0.0,22.06815931561117,1.0,2.29,0.0,0.0,0.0,0.0,0.037,22.03509628260528,2.0,69.0,69.0
1486,05141,Van Buren County,"16,238",45768.0,9725.0,0.0,2867.4554432159885,1.5293207032518417e-06,3,118.88,1169.78,12.0,12.741,9.405091446662878,0.0,1.0383497837142468,32.0,343.78,0.0,0.0,0.0,0.0,0.28,3.4398788538261496,7.0,161.0,161.0
1487,08117,Summit County,"31,517",100611.0,31508.0,0.0,28519327.293417346,0.0177815219906183,10,21.51,53.223,10.46,1.4728,4.65794279881159,126.0,3.530842370911018,19.0,124.01,0.0,0.0,0.0,0.0,0.19,27.88456095380456,0.0,0.0,0.0
1488,20035,Cowley County,"34,382",55726.0,15626.0,0.0,404227854.8398905,0.1378219615133296,15,6.069999999999999,5.895333333333332,4.406666666666666,0.2128,8.832982674597917,0.0,1.5664621626004056,23.0,696.11,0.0,0.0,0.0,0.0,0.06,11.266221408206532,35.0,138.0,72.94285714285714
1489,05071,Johnson County,"26,225",42470.0,11503.0,0.0,132050243.95627734,0.0745421189746127,11,102.67,59.00454545454546,4.254545454545454,107.91545454545454,3.708417134790072,14.0,2.057412209388663,42.0,301.85,0.0,0.0,0.0,0.0,0.16,7.823220813249546,12.0,161.0,99.66666666666669
1490,36041,Hamilton County,"5,006",66891.0,7920.0,0.0,0.0,0.0,210,314.92,15.657285714285711,6.029999999999999,1.3438809523809525,2.79705374252919,195.0,0.3070174425294644,207.0,1031.06,0.0,0.0,0.0,0.0,0.25,60.53535077668298,0.0,0.0,0.0
1491,51045,Craig County,"4,800",66286.0,2466.0,0.0,14231814.803545864,0.0166929618852984,1,0.14,0.69,4.8,0.668,19.276015779894703,0.0,1.5924957348649218,6.0,186.23,0.0,0.0,0.0,0.0,0.15,19.173775938953632,0.0,0.0,0.0
1492,48083,Coleman County,"7,915",51034.0,4927.0,0.0,67.92738738152732,2.0466857408425256e-08,7,53.27,120.47571428571428,17.585714285714285,1.4881428571428572,12.104549068741438,0.0,5.441560797225105,14.0,292.26000000000005,0.0,0.0,0.0,0.0,0.032,3.809028619579053,5.0,138.0,87.4
1493,02290,Yukon-Koyukuk Census Area,"5,028",47826.0,4018.0,0.0,7223180.396965146,1.885933732757503e-05,8747,3037.51,2.241130673373728,4.272859266034068,10.043684005944897,11.823842575284896,0.0,0.6453076385499266,5419.0,60415.48,2.0,2766477.5766284587,7.223124850755428e-06,0.0,0.42,180.8010770586434,3.0,138.0,138.0
1494,04017,Navajo County,"109,946",50335.0,56556.0,0.0,637467939.1056242,0.0247145755738151,16,8.89,3.00625,4.275,0.5379375,27.038547646053143,14.0,38.37915212000003,52.0,576.1,0.0,0.0,0.0,0.0,0.085,43.88940770478361,20.0,500.0,151.5
1495,28085,Lincoln County,"35,012",47069.0,15817.0,0.0,156541071.9321054,0.1027468444660444,9,3.59,1.63,3.733333333333333,0.307,1.0391361061101316,8.0,0.7750590240392342,21.0,266.12,0.0,0.0,0.0,0.0,0.076,2.571777352398959,17.0,230.0,121.76470588235294
1496,48357,Ochiltree County,"9,284",62240.0,4327.0,0.0,0.0,0.0,9,5.54,0.997777777777778,1.7777777777777777,0.0113333333333333,10.908025118062833,0.0,2.751599089987461,2.0,69.01,0.0,0.0,0.0,0.0,0.077,2.3397042594589825,12.0,138.0,90.08333333333331
1497,48103,Crane County,"4,554",71364.0,1817.0,0.0,18143.259567762845,8.915535733441858e-06,5,4.84,2.018,2.1,0.027,11.27124909595111,0.0,17.737898210902152,2.0,396.95,0.0,0.0,0.0,0.0,0.062,8.239288403496856,17.0,138.0,101.47058823529412
1498,56003,Big Horn County,"12,024",61262.0,5355.0,0.0,374912020.65359366,0.045833260340308,19,28.11,19.23421052631579,5.2105263157894735,5.633105263157894,29.704252303313744,192.0,0.7433044378910771,80.0,816.98,0.0,0.0,0.0,0.0,0.16,157.91005421363548,0.0,0.0,0.0
1499,46003,Aurora County,"2,801",71490.0,1216.0,0.0,245597.68253824653,0.0001330356481224,18,15.38,1.5061111111111112,1.8277777777777775,0.2293333333333333,3.86168107295501,25.0,17.79961383334259,1.0,1.85,0.0,0.0,0.0,0.0,0.096,2.829447577268965,13.0,69.0,69.0
1500,02013,Aleutians East Borough,"3,479",79961.0,1089.0,0.0,0.0,0.0,788,391.29,3.389162436548223,2.6406091370558378,0.9951928934010152,4.225784973174172,0.0,2.1373269159663306,326.0,2103.26,0.0,0.0,0.0,0.0,0.49,660.791776733416,0.0,0.0,0.0
1501,31061,Franklin County,"2,795",55625.0,1546.0,0.0,162761328.31158787,0.1091007823227483,0,0.0,0.0,0.0,0.0,24.36878342422112,0.0,4.658947183541412,11.0,74.95,0.0,0.0,0.0,0.0,0.046,1.5764354943647387,9.0,69.0,69.0
1502,24029,Kent County,"19,565",71635.0,10320.0,0.0,375828398.2479402,0.3509729221831689,0,0.0,0.0,0.0,0.0,20.384611328726976,0.0,0.6715056419207791,10.0,174.95,0.0,0.0,0.0,0.0,0.089,3.589684571884907,13.0,230.0,99.07692307692308
1503,20037,Crawford County,"39,008",49779.0,18029.0,0.0,264119197.0421009,0.171386572554575,3,1.1,1.0566666666666666,2.433333333333333,0.1869999999999999,14.102569782483291,0.0,3.4617233489984334,9.0,140.11,0.0,0.0,0.0,0.0,0.075,2.89260154135241,23.0,161.0,81.0
1504,27023,Chippewa County,"12,406",62112.0,5640.0,0.0,1269894.0260138614,0.0008340272878921,12,27.03,13.365,2.6,15.748,9.430779502150363,1.0,2.260831154306618,18.0,289.85,0.0,0.0,0.0,0.0,0.037,5.773371672018345,27.0,230.0,97.96296296296296
1505,46103,Pennington County,"116,792",67823.0,49747.0,0.0,231025110.87176943,0.032034694086033,10,6.27,22.214,11.53,1.354,26.24374831036604,16.0,7.223662717758003,41.0,889.3199999999999,4.0,8608953.158405146,0.0011937454755018,0.0,0.075,8.155671176778606,57.0,230.0,80.29824561403508
1506,45049,Hampton County,"18,174",40157.0,8641.0,0.0,288832701.8613237,0.1981834839964605,7,2.75,0.9557142857142856,2.128571428571429,0.3482857142857143,6.300986630645051,1186.0,5.779506032013394,9.0,396.25,0.0,0.0,0.0,0.0,0.3,3.81459650595788,18.0,230.0,107.33333333333331
1507,16043,Fremont County,"14,208",67015.0,8564.0,0.0,8.14382068544353,1.658256460063532e-09,29,65.32,13.177241379310344,2.9379310344827587,4.134758620689655,10.889612726863492,69.0,4.109892272675941,47.0,420.11,0.0,0.0,0.0,0.0,0.28,56.51621263818773,0.0,0.0,0.0
1508,13029,Bryan County,"52,062",90627.0,16753.0,0.0,669954251.9966631,0.5691877720085528,2,0.35,0.425,2.45,68.41250000000001,10.945593473488216,72.0,3.661228281640816,12.0,430.11,1.0,441495887.1774516,0.3750913732162187,0.0,0.18,11.422250453567464,9.0,115.0,115.0
1509,51053,Dinwiddie County,"28,896",77225.0,11837.0,0.0,106519440.4707007,0.081071693300421,7,10.19,14.60142857142857,4.514285714285714,7.166285714285714,4.707433599643503,10.0,1.0668590654862786,18.0,283.51,1.0,53082688.60757792,0.0404011082985273,0.0,0.11,7.502731674507393,15.0,500.0,171.33333333333334
1510,12111,St. Lucie County,"402,449",66154.0,150054.0,0.0,140081880.54978207,0.0786132118012476,35,12.51,0.7485714285714286,1.94,0.1549714285714285,4.166796342837908,0.0,1.0152697621083735,12.0,349.86,0.0,0.0,0.0,1.0,0.029,3.108960236030452,48.0,500.0,182.66666666666663
1511,36055,Monroe County,"750,506",71450.0,336324.0,0.0,161554381.73006344,0.045639425159476,12,19358.95,136676.2825,10.983333333333334,655.4899166666668,0.0,167.0,1.8562467329904104,26.0,523.48,0.0,0.0,0.0,0.0,0.097,5.168864593470382,78.0,345.0,120.3076923076923
1512,46083,Lincoln County,"77,145",92317.0,26398.0,0.0,92024017.73184788,0.0614985131537913,2,0.69,1.39,4.1,0.3815,14.616655971640116,33.0,10.88071876280774,6.0,129.24,0.0,0.0,0.0,0.0,0.044,6.088662333211125,35.0,345.0,87.4
1513,55017,Chippewa County,"67,614",69815.0,28784.0,0.0,150631236.86561617,0.0558542651010372,37,53.05,5.788108108108108,3.305405405405405,7.953702702702702,1.7519407519926615,17.0,1.444128866831344,53.0,485.14,0.0,0.0,0.0,0.0,0.024,4.49722668945341,43.0,161.0,93.6046511627907
1514,55073,Marathon County,"139,432",73248.0,59980.0,0.0,378808087.8896088,0.0927840164603229,32,57.66,16.6884375,3.5375,6.01640625,16.052614487289862,0.0,4.682586857031918,63.0,628.09,0.0,0.0,0.0,0.0,0.025,5.422994427450668,25.0,345.0,122.36
1515,32007,Elko County,"54,815",87755.0,21838.0,0.0,836232016.9362097,0.0187690356140404,42,63.52,8.987619047619049,4.619047619047619,2.411309523809524,11.135052792592044,55.0,6.900804400870457,316.0,2007.0,1.0,78796.82023392881,1.7685765377201184e-06,0.0,0.29,16.54210044915807,11.0,345.0,142.0909090909091
1516,54007,Braxton County,"11,885",42245.0,6318.0,0.0,49860668.686247975,0.0372890014330489,2,7.29,204.25,50.8,22.1205,4.737550116432938,0.0,1.269177514038097,21.0,544.31,0.0,0.0,0.0,0.0,0.091,4.401320405267497,5.0,138.0,138.0
1517,26165,Wexford County,"34,445",58652.0,16478.0,0.0,0.0,0.0,12,25.32,11.929166666666667,4.3,2.362083333333333,1.3049645597069406,0.0,4.779323612630914,18.0,252.75,0.0,0.0,0.0,0.0,0.029,18.299483606283516,1.0,138.0,138.0
1518,48079,Cochran County,"2,546",41597.0,1256.0,0.0,1341.6515668639336,6.682586828694493e-07,0,0.0,0.0,0.0,0.0,37.6578413752421,0.0,29.360373388938857,1.0,0.7,0.0,0.0,0.0,0.0,0.036,11.716138751192672,17.0,230.0,85.23529411764706
1519,42013,Blair County,"119,541",59386.0,55808.0,0.0,60968653.99039483,0.0447242917980741,5,1.4,1.686,6.08,0.5848,5.237167709093449,0.0,3.923736568594927,16.0,178.34,1.0,90575.91449121256,6.64430549872497e-05,0.0,0.051,5.439145819695581,9.0,230.0,140.55555555555554
1520,29085,Hickory County,"9,044",33302.0,5547.0,0.0,74991.31747346358,7.03243749576742e-05,3,217.64,2406.3366666666666,21.066666666666663,106.77033333333334,4.086907585656455,0.0,0.1117916052193615,14.0,234.15,0.0,0.0,0.0,0.0,0.11,9.949881958324108,1.0,161.0,161.0
1521,29009,Barry County,"36,200",55592.0,17030.0,0.0,184568024.08631945,0.0901105696324008,1,118.07,4270.3,36.2,147.921,21.08968114560848,0.0,1.3923958851716498,16.0,188.5,0.0,0.0,0.0,0.0,0.12,5.328858608713068,14.0,69.0,69.0
1522,27123,Ramsey County,"541,623",78108.0,229364.0,1.0,74030666.01571591,0.1681244205919273,40,35.66,3.9355,3.4825000000000004,12.664225,1.8743609557968608,76.0,8.128183012186833,1.0,181.02,2.0,6746543.446827255,0.0153214710746396,0.0,0.024,1.9555369433050316,29.0,345.0,137.20689655172413
1523,05081,Little River County,"11,763",58627.0,6077.0,0.0,376023.3217397902,0.0002577164243248,19,103.12,121.86789473684208,3.2,21.43357894736842,9.02012060450792,8.0,3.4012183272912084,55.0,378.88,0.0,0.0,0.0,0.0,0.091,3.0936413983482107,25.0,345.0,96.6
1524,32019,Lyon County,"65,088",70026.0,24582.0,0.0,323662204.204891,0.0616807913543701,7,40.09,59.28,4.442857142857142,2.9315714285714285,3.723245195599959,7.0,2.296082602724377,26.0,268.4,0.0,0.0,0.0,0.0,0.58,20.6010340422396,3.0,230.0,156.66666666666666
1525,12071,Lee County,"875,607",69368.0,419916.0,0.0,974947120.0027117,0.24849636582216,42,15.69,0.6961904761904761,1.7285714285714284,0.4348571428571428,6.00666546591034,0.0,6.968322842937294,11.0,226.95,0.0,0.0,0.0,0.0,0.025,1.2182528819781455,71.0,230.0,175.5774647887324
1526,41033,Josephine County,"87,867",56068.0,38939.0,1.0,92051625.61126044,0.0216606685920604,2,0.71,2.02,4.85,62.130500000000005,11.254422735205443,80.0,1.1802651398747164,48.0,556.37,0.0,0.0,0.0,0.0,0.72,4.301961294092514,22.0,230.0,111.86363636363636
1527,72091,Manatí Municipio,,20385.0,18618.0,0.0,25392558.8449813,0.1386989283382585,2,1.63,1.71,2.4,0.5535,2.6427466967151414,0.0,3.054639765946812,1.0,16.91,0.0,0.0,0.0,0.0,0.48,60.13889848787878,0.0,0.0,0.0
1528,28113,Pike County,"38,712",40131.0,19014.0,0.0,86849200.63667889,0.0816488465287743,6,3.08,2.611666666666667,3.65,2.9758333333333336,8.390354039415573,1.0,3.2461263340990154,11.0,124.3,0.0,0.0,0.0,0.0,0.068,3.407492438249094,12.0,115.0,115.0
1529,47031,Coffee County,"62,419",57424.0,24958.0,0.0,54777507.71154435,0.0486699231421028,4,25.03,70.88499999999999,7.35,5.63,8.197968227149707,0.0,0.6142678828659334,21.0,410.1,1.0,96384477.4213836,0.0856377974130038,0.0,0.18,1.1095296425056411,15.0,161.0,161.0
1530,48439,Tarrant County,"2,248,466",78872.0,812186.0,8.0,349334359.5871603,0.1492391565222515,11,104.94,302.15090909090907,17.29090909090909,9.79590909090909,9.281568475125926,23.0,1.7256351851768863,47.0,356.91,4.0,9734830.779826852,0.0041588177475159,0.0,0.055,2.177146664818447,130.0,345.0,167.72307692307692
1531,24033,Prince George's County,"970,374",97935.0,359176.0,1.0,136079877.1502871,0.1053263636423843,3,2.13,9.293333333333337,6.866666666666667,2.6326666666666667,17.16856349375257,0.0,4.674301997859468,16.0,220.44,3.0,18430082.21332415,0.0142649565961599,0.0,0.078,4.8972547757816765,95.0,500.0,182.42105263157896
1532,51169,Scott County,"21,200",44535.0,11793.0,0.0,49885269.68417096,0.0357372060255077,0,0.0,0.0,0.0,0.0,15.457413818259091,0.0,2.004069592897768,19.0,425.31,0.0,0.0,0.0,0.0,0.19,2.768283507976265,5.0,500.0,196.6
1533,48239,Jackson County,"15,393",67176.0,7003.0,0.0,476474029.02614737,0.2146969226493756,23,42.71,12.489999999999998,5.547826086956522,3.866782608695652,3.0312426346903445,11.0,4.000423148538808,21.0,409.72,0.0,0.0,0.0,0.0,0.033,13.439850375524756,8.0,138.0,103.5
1534,40085,Love County,"10,780",60758.0,4706.0,0.0,304900007.92912287,0.2211773918125389,8,30.11,16.744999999999997,3.425,29.599875,5.583308186517387,4.0,3.7275480112966495,25.0,190.6,0.0,0.0,0.0,0.0,0.12,4.130497424907469,4.0,138.0,138.0
1535,13289,Twiggs County,"7,597",50446.0,4047.0,0.0,114899686.39078689,0.12233543015804,6,2.15,1.2566666666666666,3.583333333333333,0.1771666666666666,4.383049170569844,217.0,0.2847443744249538,10.0,451.17,0.0,0.0,0.0,0.0,0.12,2.501864591470459,10.0,230.0,138.0
1536,39099,Mahoning County,"224,706",54279.0,108203.0,1.0,58346126.19476806,0.0529756630926681,10,29.15,32.933,6.18,3.2971000000000004,7.282005738397099,0.0,5.101126133643155,26.0,216.9,0.0,0.0,0.0,0.0,0.059,8.382582457346748,21.0,345.0,147.85714285714286
1537,01087,Macon County,"18,132",41206.0,9662.0,0.0,312461660.1945509,0.1967393398303659,7,1.1700000000000002,0.5285714285714286,2.9,0.0682857142857142,2.605757248988537,7.0,5.275953435848254,12.0,341.07,0.0,0.0,0.0,0.0,0.079,8.250869276709102,21.0,115.0,115.0
1538,17191,Wayne County,"15,882",53522.0,7694.0,0.0,33779.02966163744,1.822902587286393e-05,3,0.99,0.87,2.333333333333333,0.363,11.465639912417764,0.0,0.7409215498428121,35.0,432.42,0.0,0.0,0.0,0.0,0.37,3.1829216330541703,21.0,138.0,72.28571428571429
1539,48437,Swisher County,"6,703",40290.0,3042.0,0.0,678745.245197577,0.0002909597232113,1,0.31,0.47,1.5,0.0,13.822194248212636,0.0,0.6651422973860067,2.0,18.84,0.0,0.0,0.0,0.0,0.063,7.829217786058352,27.0,345.0,97.96296296296296
1540,29151,Osage County,"13,611",70313.0,6503.0,0.0,198325861.3144268,0.1248298879180073,1,0.15,0.68,4.5,0.037,13.436747134963849,0.0,7.953248185953334,12.0,689.04,0.0,0.0,0.0,0.0,0.16,1.8339378393355767,21.0,345.0,147.85714285714286
1541,17089,Kane County,"525,757",96400.0,188854.0,0.0,139911427.46228224,0.1030563900069715,6,1.8,0.9433333333333334,2.6,0.3303333333333333,12.17846058004013,0.0,0.3181265562189492,11.0,267.51,0.0,0.0,0.0,0.0,0.083,11.61840559904071,17.0,345.0,174.52941176470588
1542,06017,El Dorado County,"192,323",99246.0,93679.0,0.0,180463496.1836888,0.039005197711963,25,561.92,5671.7312,22.42,4.9662,4.769847250065032,80.0,1.3801098869374735,53.0,708.54,0.0,0.0,0.0,0.0,0.34,6.554729083043622,17.0,230.0,182.94117647058823
1543,45055,Kershaw County,"73,166",61343.0,29223.0,0.0,278525268.03323144,0.145272162350504,8,46.49,41.70125,3.7125,23.520625,2.5716965933214917,11.0,8.053155760376553,20.0,389.48,0.0,0.0,0.0,0.0,0.2,3.846219319519977,46.0,230.0,99.52173913043478
1544,37073,Gates County,"10,234",55750.0,4819.0,0.0,288914161.1883082,0.3226383097574605,0,0.0,0.0,0.0,0.0,20.371257581407995,259.0,1.224107774203733,10.0,82.97,0.0,0.0,0.0,0.0,0.054,11.227576447881283,2.0,230.0,230.0
1545,08089,Otero County,"17,683",47500.0,8735.0,0.0,72256.33518122399,2.1972314977763973e-05,6,14.99,10.635,2.333333333333333,0.0141666666666666,19.27753110333315,21.0,2.0686783640613475,9.0,363.97,1.0,536810.026511344,0.0001632377141207,0.0,0.072,131.03341331892508,0.0,0.0,0.0
1546,41019,Douglas County,"111,951",56440.0,49926.0,0.0,283165109.80303085,0.0212997362590168,24,43.08,21.701666666666668,8.566666666666666,7.466958333333334,2.6676433442350507,41.0,3.066204724320778,152.0,1735.27,0.0,0.0,0.0,0.0,0.45,14.149936804332032,27.0,500.0,157.37037037037038
1547,50003,Bennington County,"36,630",68558.0,20857.0,0.0,40530507.6872498,0.0231185079130407,4,1.27,1.6825,4.825,0.222,10.57518457196202,391.0,0.7399188711646394,47.0,386.74,0.0,0.0,0.0,0.0,0.11,6.045009153979338,19.0,230.0,71.42105263157895
1548,12019,Clay County,"239,593",82242.0,85593.0,0.0,404738571.2145513,0.2428279737192513,28,19.29,2.438214285714285,3.2035714285714287,0.1168928571428571,7.902060269676839,1659.0,0.537653500451477,17.0,182.65,1.0,815102.6702261581,0.0004890310532801,0.0,0.058,2.037352343587851,39.0,500.0,151.4102564102564
1549,37183,Wake County,"1,257,235",96734.0,466760.0,4.0,200693434.9253209,0.0904166518562119,27,63.370000000000005,51.02777777777778,4.722222222222222,1.2332592592592593,5.7490513808342,156.0,3.567948064459808,25.0,385.6,1.0,326834.31995184446,0.000147245797715,1.0,0.075,1.1820347287142288,134.0,500.0,192.53731343283584
1550,39061,Hamilton County,"838,418",68249.0,379583.0,2.0,116021647.0743018,0.1085599852961887,8,2.42,1.085,3.45,20.6185,7.089848986038603,0.0,3.627649309221922,20.0,363.5,0.0,0.0,0.0,0.0,0.11,1.0370947590420758,60.0,345.0,142.6
1551,34003,Bergen County,"977,026",118714.0,367059.0,1.0,108241823.40332818,0.1695767538959581,14,11.16,6.992142857142857,5.864285714285714,5.859071428571428,3.758550853315629,330.0,1.66610765012915,17.0,156.02,0.0,0.0,0.0,0.0,0.18,3.587963389622242,17.0,345.0,227.2941176470588
1552,32017,Lincoln County,"4,320",67412.0,2292.0,0.0,9595151.490775142,0.0003482795099571,6,3.81,2.01,3.6166666666666663,3.806000000000001,30.54937217367912,5.0,14.915677223314706,34.0,148.45,1.0,2609260567.6830726,0.0947094991399371,0.0,0.32,44.65513527172982,3.0,500.0,500.0
1553,02180,Nome Census Area,"9,830",70121.0,4116.0,0.0,2558448.7378537944,3.49174742602785e-05,1806,1047.58,2.4029457364341087,2.728682170542636,1.0388853820598007,16.576570551053877,0.0,0.5365020027674675,1019.0,9453.24,1.0,2809877.216758184,3.8348947133098166e-05,0.0,0.31,858.0395566235472,0.0,0.0,0.0
1554,55061,Kewaunee County,"20,758",77610.0,9280.0,0.0,77698442.3510704,0.0276675815039719,5,57727.72,972000.518,19.08,375.932,0.0,0.0,15.179978909997066,8.0,107.33,0.0,0.0,0.0,0.0,0.027,15.043432454859929,12.0,138.0,92.0
1555,48369,Parmer County,"9,678",65575.0,3755.0,0.0,6070.651439650776,2.647847557667806e-06,4,0.87,0.4675,2.225,0.001,8.323509937396302,0.0,49.08012311911503,0.0,0.0,0.0,0.0,0.0,0.0,0.053,3.659572914919881,18.0,138.0,100.94444444444444
1556,40151,Woods County,"8,443",50724.0,4457.0,0.0,32074.376072914645,9.600079051029983e-06,4,12.06,11.135,2.5250000000000004,2.33775,18.99478620171925,2.0,2.5895044866479,22.0,490.34,0.0,0.0,0.0,0.0,0.078,8.641344209420684,12.0,138.0,109.25
1557,21063,Elliott County,"7,265",39469.0,3056.0,0.0,19855207.493887912,0.0325770663124599,1,2.89,146.8,50.7,5.681,10.434757430817756,0.0,0.3532970726042742,15.0,162.44,0.0,0.0,0.0,0.0,0.12,1.690400827473653,6.0,138.0,80.5
1558,25003,Berkshire County,"128,224",69744.0,69762.0,0.0,8742.24537300803,3.5663692732989485e-06,60,32.82,3.847,5.818333333333333,1.1389,2.732824380445415,353.0,2.726415859730261,82.0,468.31,0.0,0.0,0.0,0.0,0.094,3.18336015746548,23.0,345.0,125.0
1559,29041,Chariton County,"7,377",61910.0,3819.0,0.0,766862733.7290165,0.386154661219558,6,14.62,6.038333333333333,2.6666666666666665,0.4741666666666667,9.504939875955344,0.0,0.2240435713274613,27.0,869.23,0.0,0.0,0.0,0.0,0.082,10.745178107817432,9.0,161.0,89.44444444444444
1560,08103,Rio Blanco County,"6,683",69882.0,3274.0,0.0,147319949.2139006,0.0176491435183527,9,4.05,4.722222222222222,7.2555555555555555,3.179333333333334,11.64435782054168,83.0,2.440808248249525,71.0,761.7,0.0,0.0,0.0,0.0,0.17,12.55331434469496,9.0,230.0,125.22222222222224
1561,08087,Morgan County,"30,306",70471.0,11566.0,0.0,357546548.5212115,0.1066951220797966,10,23.77,13.996,3.8,0.1746,11.247791831555872,10.0,0.8590343027560594,12.0,261.21000000000004,0.0,0.0,0.0,0.0,0.055,81.72609929106854,0.0,0.0,0.0
1562,41045,Malheur County,"32,261",48371.0,11669.0,0.0,177354.04572699507,6.896091843108935e-06,25,77.99000000000001,56.3904,8.004,4.2908,15.011974610685096,36.0,1.8202902101891327,165.0,1131.62,0.0,0.0,0.0,0.0,0.15,66.07013417859915,0.0,0.0,0.0
1563,34023,Middlesex County,"883,335",105206.0,314752.0,12.0,124112575.9206516,0.1484166393819476,11,4.32,1.3136363636363635,2.9909090909090907,2.117636363636364,3.632702708814308,502.0,2.594115598715938,16.0,178.72,0.0,0.0,0.0,0.0,0.16,3.860160297066765,57.0,500.0,218.59649122807016
1564,20191,Sumner County,"22,312",59397.0,10390.0,0.0,581251935.4081247,0.1893934214444146,4,2.94,1.7975,2.175,0.1015,3.35931891340558,0.0,5.48896190829427,24.0,606.82,0.0,0.0,0.0,0.0,0.063,7.402410333201118,18.0,345.0,122.66666666666669
1565,26127,Oceana County,"27,177",60691.0,15612.0,0.0,62981032.71278525,0.0186202159369411,20,57740.25,243003.11150000003,7.795,94.36395,0.0,0.0,3.716198835329383,27.0,185.94,0.0,0.0,0.0,0.0,0.037,23.0543876050006,1.0,138.0,138.0
1566,27065,Kanabec County,"16,628",68995.0,7770.0,0.0,21369.64341693789,1.5460434270338556e-05,26,18.2,2.3915384615384614,3.065384615384616,0.4633076923076923,2.122367739485044,0.0,2.186520204210756,25.0,285.26,0.0,0.0,0.0,0.0,0.022,5.554824196670857,5.0,69.0,69.0
1567,39007,Ashtabula County,"96,713",53663.0,46291.0,0.0,110644103.0807385,0.0312238039514781,5,25824.72,99910.79,7.52,1961.2716,1.7645761189952682,0.0,2.8590025361614364,37.0,303.06,0.0,0.0,0.0,0.0,0.071,0.4311432952086035,22.0,345.0,166.22727272727272
1568,06003,Alpine County,"1,043",101125.0,1617.0,0.0,2319161.220792377,0.0012048529556398,15,12.11,19.91333333333333,9.833333333333334,0.2618666666666666,9.32843709799959,46.0,4.808228216484991,20.0,203.92,1.0,193407.16416799364,0.0001004790832567,0.0,0.66,34.55252894615531,0.0,0.0,0.0
1569,48167,Galveston County,"372,207",83913.0,156803.0,0.0,1255528928.7119477,0.5546838313197526,37,43.06,2.4272972972972973,1.6324324324324324,0.9258918918918918,3.005995165978661,84.0,5.459803757515872,12.0,443.08,0.0,0.0,0.0,0.0,0.038,4.203037216868983,52.0,345.0,145.96153846153845
1570,01011,Bullock County,"9,780",36136.0,4541.0,0.0,264292075.95741308,0.1632325055562125,18,5.28,1.002222222222222,3.1444444444444444,0.1008333333333333,3.626327248180799,2.0,0.6689078214282492,17.0,370.58,0.0,0.0,0.0,0.0,0.071,6.439146188125759,7.0,115.0,115.0
1571,17105,Livingston County,"35,057",68175.0,15909.0,0.0,200931768.3785644,0.0741730345502244,3,1.97,0.94,1.4666666666666668,0.1966666666666666,5.7944907431481205,0.0,3.5893723482632165,16.0,356.93,0.0,0.0,0.0,0.0,0.094,3.3081868188322794,3.0,345.0,345.0
1572,39135,Preble County,"40,664",66355.0,18088.0,0.0,73026320.98438177,0.0660988981163117,6,3.79,4.93,4.416666666666667,2.195,5.886682104910237,0.0,0.7536468759595712,16.0,167.99,0.0,0.0,0.0,0.0,0.1,1.3935981051191004,15.0,138.0,73.6
1573,39079,Jackson County,"32,817",56549.0,14453.0,0.0,49318778.980933495,0.0451733647937638,6,1.56,1.33,4.883333333333334,0.1723333333333333,4.642287700689709,0.0,0.2176394642223321,11.0,213.49,0.0,0.0,0.0,0.0,0.1,0.8549820788875502,7.0,138.0,138.0
1574,48201,Harris County,"5,045,026",70789.0,1851489.0,6.0,1122638348.2292187,0.2439187695941908,31,59.51,13.451935483870969,2.3451612903225807,6.866967741935484,19.798109035114905,75.0,3.815975025547197,61.0,686.41,1.0,846594.5777122154,0.0001839419685479,0.0,0.04,1.2634959876185292,452.0,345.0,142.8849557522124
1575,25017,Middlesex County,"1,669,979",121304.0,658555.0,2.0,287246896.46099323,0.1309487196865774,88,47.66,3.066931818181818,4.921590909090909,4.205772727272727,2.335412777247601,5688.0,1.867755601957138,69.0,479.95,5.0,5624848.345017626,0.0025642285374917,0.0,0.18,10.387994929775486,119.0,345.0,138.7731092436975
1576,72145,Vega Baja Municipio,,23701.0,25206.0,0.0,35763807.665923364,0.2025443247776325,1,1.29,2.44,1.9,0.952,3.2950540638264405,0.0,2.4454405234167824,4.0,29.42,0.0,0.0,0.0,0.0,0.47,70.11933353375295,0.0,0.0,0.0
1577,48115,Dawson County,"11,776",45268.0,4892.0,0.0,67424368.59889182,0.0288569657976366,3,0.44,0.2799999999999999,1.8,0.002,24.61704084736933,0.0,2.6593266923728383,2.0,0.65,0.0,0.0,0.0,0.0,0.036,9.127568500382372,6.0,69.0,69.0
1578,36069,Ontario County,"113,130",76603.0,52636.0,0.0,351609.55935283704,0.0002049170514859,9,234.35,1216.2511111111112,16.03333333333333,4.9047777777777775,1.637401655285527,4.0,2.5550875957284567,31.0,312.82,0.0,0.0,0.0,0.0,0.089,13.417216953277924,7.0,115.0,115.0
1579,01001,Autauga County,"61,920",68315.0,24457.0,0.0,235178276.0581552,0.150243986956428,8,3.51,1.295,3.3,181.684375,12.081952646918484,1.0,3.85977628922456,26.0,307.86,0.0,0.0,0.0,0.0,0.11,2.824140761533945,27.0,500.0,189.07407407407408
1580,39049,Franklin County,"1,361,536",71070.0,582701.0,32.0,142854719.1153261,0.1014613868805049,20,14.62,9.595,3.59,19.83825,3.3845512756617206,0.0,0.3873850519055498,11.0,405.44,4.0,3568695.926989837,0.0025346368698879,0.0,0.08,3.840288874433373,86.0,345.0,150.8372093023256
1581,49021,Iron County,"67,141",63005.0,22028.0,0.0,7467.735074983059,8.735803041005515e-07,6,13.36,6.621666666666667,4.133333333333334,1.3868333333333334,16.062128617884035,6.0,21.092128673240197,23.0,146.29,0.0,0.0,0.0,0.0,0.22,8.600555243047605,9.0,115.0,80.5
1582,32009,Esmeralda County,729,40694.0,732.0,0.0,73703.08925901372,7.928812170082187e-06,8,23.66,4.31,1.3875,1.6266250000000002,3.9377137054256144,0.0,19.964254019041164,16.0,41.6,0.0,0.0,0.0,0.0,0.42,16.62304304819165,6.0,120.0,109.16666666666669
1583,26083,Keweenaw County,"2,186",55560.0,2286.0,0.0,0.0,0.0,50,81897.13,240088.9216,7.382000000000001,57.57744,0.0,0.0,30.42201863613486,19.0,80.81,0.0,0.0,0.0,0.0,0.022,46.54399497317332,1.0,69.0,69.0
1584,49039,Sanpete County,"31,453",64356.0,10320.0,0.0,169240663.75008962,0.0407831317181593,8,46.37,61.43125,5.3625,3.55875,14.96410438888048,7.0,3.11069307633254,46.0,404.82,0.0,0.0,0.0,0.0,0.27,1.8261772760311723,8.0,69.0,69.0
1585,20093,Kearny County,"3,888",68750.0,1582.0,0.0,0.0,0.0,1,2.65,4.77,1.8,0.163,9.341097443681914,0.0,9.440512948896442,6.0,95.38,0.0,0.0,0.0,0.0,0.045,8.138612539602775,4.0,115.0,115.0
1586,12009,Brevard County,"663,982",71308.0,290314.0,0.0,1703636380.335143,0.4224545126702377,49,81.5,2.340612244897959,1.5183673469387755,6.951204081632652,4.563342206004799,0.0,0.9497884952228156,20.0,205.12,2.0,72793118.71949486,0.0180506719916026,0.0,0.034,5.368109053575994,89.0,230.0,151.438202247191
1587,18105,Monroe County,"143,345",60308.0,64009.0,1.0,124441104.22202416,0.1168112752812707,4,46.07,151.0275,8.775,4.9615,4.126223573339842,0.0,2.6318734400325763,16.0,595.0699999999999,0.0,0.0,0.0,0.0,0.16,1.9124805454258385,30.0,230.0,95.06666666666666
1588,19117,Lucas County,"8,847",63405.0,4080.0,0.0,109975601.44126332,0.0977290599931582,7,52.09,98.0442857142857,4.7,2.4141428571428567,0.9843122567637944,2.0,2.602967388543141,9.0,223.85,0.0,0.0,0.0,0.0,0.048,2.882646939937715,2.0,69.0,69.0
1589,21239,Woodford County,"27,883",78295.0,11501.0,0.0,26348115.192098096,0.0529744436636103,0,0.0,0.0,0.0,0.0,20.15479515592555,0.0,1.897000246534856,7.0,316.33,0.0,0.0,0.0,0.0,0.12,1.992917738158806,15.0,138.0,92.0
1590,17085,Jo Daviess County,"21,594",67729.0,13439.0,0.0,127837994.03117104,0.0797902676765493,8,4.53,3.99,5.0875,0.1004999999999999,6.861864940446472,0.0,2.318482998523205,32.0,235.64,0.0,0.0,0.0,0.0,0.053,5.151593093904533,21.0,161.0,77.76190476190476
1591,18059,Hancock County,"90,969",85262.0,32477.0,1.0,69874556.27723905,0.0878709762269625,2,6.02,37.23,7.3,5.611,5.66809777521575,0.0,0.6130331319300749,6.0,216.35,0.0,0.0,0.0,0.0,0.11,0.857520827057651,28.0,345.0,119.92857142857144
1592,51620,Franklin city,"8,478",57537.0,3892.0,0.0,4721435.35367212,0.2179224862763458,0,0.0,0.0,0.0,0.0,3.576904737041556,1.0,1.1980370239660163,2.0,92.48,0.0,0.0,0.0,0.0,0.062,4.545201717082521,0.0,0.0,0.0
1593,48329,Midland County,"187,855",90123.0,70203.0,0.0,36338.31559289632,1.555466425911515e-05,8,3.46,1.00875,2.2875,0.0125,3.730053411174481,0.0,24.04641796620493,1.0,3.92,0.0,0.0,0.0,0.0,0.043,5.897151169886945,30.0,345.0,131.1
1594,20171,Scott County,"4,815",53365.0,2262.0,0.0,0.0,0.0,3,1.62,1.08,2.3000000000000003,0.1243333333333333,1.873358400945983,1.0,20.551750270229604,2.0,17.84,0.0,0.0,0.0,0.0,0.044,1.6115218745592854,10.0,115.0,115.0
1595,30013,Cascade County,"85,029",61351.0,39022.0,0.0,202683134.3532832,0.0288614055253252,16,7.7,0.755,2.04375,1.3550624999999998,15.48602167055646,7.0,2.592117434276058,43.0,905.21,2.0,13822361.377766438,0.0019682583768709,0.0,0.091,155.21907054553185,0.0,0.0,0.0
1596,51660,Harrisonburg city,"50,839",56050.0,18599.0,1.0,2730359.9962463304,0.0606343340469228,0,0.0,0.0,0.0,0.0,6.664526904269853,0.0,7.377777924062487,0.0,0.0,0.0,0.0,0.0,0.0,0.083,3.841467134088188,1.0,230.0,230.0
1597,17199,Williamson County,"67,225",60325.0,31811.0,0.0,146365986.42811784,0.1271852541076304,27,47.85,15.044074074074071,4.125925925925926,1.2741481481481485,4.165516322665848,0.0,1.693892983220117,23.0,260.07,0.0,0.0,0.0,0.0,0.55,2.0901561172755057,61.0,161.0,82.57377049180327
1598,30029,Flathead County,"115,429",68025.0,50252.0,0.0,324648389.0493625,0.0238483895024282,89,693.95,101.00516853932584,9.251685393258429,8.133955056179776,5.384108176270279,346.0,5.588962442766227,173.0,1491.69,0.0,0.0,0.0,0.0,0.31,112.39081590115109,0.0,0.0,0.0
1599,72111,Peñuelas Municipio,,20072.0,8654.0,0.0,20485953.40584541,0.1165500778492268,1,0.2,0.4,2.1,0.056,3.920149902429453,0.0,0.3612997597326873,3.0,11.53,0.0,0.0,0.0,0.0,0.5,32.6371664522857,0.0,0.0,0.0
1600,20189,Stevens County,"4,984",67950.0,2247.0,0.0,0.0,0.0,0,0.0,0.0,0.0,0.0,35.71860864890844,0.0,30.91249467066427,0.0,0.0,0.0,0.0,0.0,0.0,0.053,3.9858353312246426,12.0,345.0,99.66666666666669
1601,29155,Pemiscot County,"14,465",37426.0,7542.0,0.0,11258552.89279333,0.0084666271439738,4,1.5,0.5525,1.3,0.33575,2.8762954020017637,5.0,2.7913181236602327,29.0,328.76,0.0,0.0,0.0,0.0,1.56,2.768264424822178,6.0,500.0,186.83333333333331
1602,31125,Nance County,"3,290",60054.0,1622.0,0.0,231348014.8454866,0.1992812279423587,1,0.17,0.27,1.6,42.006,5.951272121474136,0.0,1.0313276559457645,13.0,239.12,0.0,0.0,0.0,0.0,0.057,19.30409837168472,0.0,0.0,0.0
1603,55078,Menominee County,"4,199",62194.0,2154.0,0.0,12362.993531320975,1.3079211819245762e-05,28,13.35,2.985,4.232142857142857,0.2396428571428571,8.591690738889403,0.0,1.3714638892229851,20.0,393.32,0.0,0.0,0.0,0.0,0.025,8.41280535207284,2.0,69.0,69.0
1604,48365,Panola County,"23,018",58205.0,10784.0,0.0,338290.3532495134,0.0001590299442494,4,30.6,85.1275,7.05,1.714,6.333568405596664,1.0,0.3608471209391295,18.0,430.31,0.0,0.0,0.0,0.0,0.067,2.3040899318267103,11.0,345.0,123.36363636363636
1605,21011,Bath County,"13,176",51471.0,5463.0,0.0,74060120.91500802,0.1006842889657708,1,27.85,757.5,27.2,25.06,16.5420445841482,0.0,0.6682873786140107,10.0,370.45,0.0,0.0,0.0,0.0,0.13,1.2734069191796775,11.0,138.0,75.27272727272727
1606,48001,Anderson County,"59,805",57445.0,20287.0,0.0,501080312.9122504,0.179469385232419,19,32.55,68.60052631578948,5.7631578947368425,1.2906315789473684,3.4302056291216183,288.0,3.82568504562108,32.0,572.45,0.0,0.0,0.0,0.0,0.053,19.354318998155488,2.0,138.0,138.0
1607,51033,Caroline County,"34,413",83562.0,12511.0,0.0,159318807.79355478,0.1145527798887477,10,2.94,0.911,2.75,8.2132,2.688524272476404,0.0,2.2311413396994,32.0,537.51,1.0,301326128.0313225,0.216658322373519,0.0,0.13,7.265881013123876,16.0,230.0,122.1875
1608,19167,Sioux County,"36,774",81914.0,13046.0,0.0,212439029.85976523,0.1066630426600874,4,1.19,0.7425,2.65,38.1645,26.322192141289595,2.0,4.292948647818054,18.0,432.81,0.0,0.0,0.0,0.0,0.038,1.5606742599718468,57.0,230.0,71.82456140350877
1609,06021,Glenn County,"28,141",64033.0,10914.0,0.0,545746057.122595,0.1587908900181255,16,23.23,15.44875,3.00625,3.230125,11.302562520061992,7.0,10.83425455302392,39.0,431.11,0.0,0.0,0.0,0.0,0.47,3.603667146549519,15.0,230.0,94.0
1610,29510,St. Louis city,"278,144",52941.0,173792.0,3.0,16096853.965383517,0.0939236372656289,1,0.15,0.74,4.9,0.003,9.59306896125534,0.0,5.734385444684026,2.0,92.69,1.0,126167.34200781118,0.0007361746395285,0.0,0.32,0.8736526151807412,29.0,345.0,145.13793103448276
1611,13111,Fannin County,"26,111",54857.0,17812.0,0.0,63037311.39117376,0.0620402533415442,1,9.38,241.6,25.7,18.031,3.013863303403645,0.0,1.041140235754098,16.0,190.12,0.0,0.0,0.0,0.0,0.28,5.479675132400958,5.0,161.0,161.0
1612,72055,Guánica Municipio,,14525.0,9148.0,0.0,31948938.83692336,0.1552011913926528,0,0.0,0.0,0.0,0.0,8.520825815008662,0.0,9.911622994829685,0.0,0.0,0.0,0.0,0.0,0.0,0.54,17.524721102697153,0.0,0.0,0.0
1613,24019,Dorchester County,"33,628",57490.0,16400.0,0.0,960922604.2630736,0.3774352147610371,38,35.78,1.0121052631578948,1.3447368421052632,0.6548157894736842,0.0,0.0,0.2555155236026109,22.0,313.54,0.0,0.0,0.0,0.0,0.064,5.242958171381012,14.0,138.0,73.92857142857143
1614,42037,Columbia County,"66,193",59457.0,29695.0,0.0,79556427.65551761,0.0626324670843269,7,1.81,1.4142857142857144,4.971428571428571,1.933,2.306294917002933,0.0,2.0225571362323485,16.0,380.02,0.0,0.0,0.0,0.0,0.065,3.175698779916256,15.0,500.0,140.66666666666666
1615,39023,Clark County,"135,340",58954.0,61040.0,1.0,104864937.05939887,0.1008383921100486,8,10.48,10.62875,3.2625,5.3,3.9720647431449065,0.0,2.002726443711852,12.0,267.17,2.0,552457.8654633986,0.0005312448986673,0.0,0.1,4.054210053467855,10.0,345.0,151.8
1616,48323,Maverick County,"58,823",48497.0,20063.0,0.0,501892558.58007646,0.150011596068021,7,3.09,0.6571428571428571,1.657142857142857,0.0195714285714285,8.21179957425549,0.0,14.395525909145029,7.0,200.56,0.0,0.0,0.0,0.0,0.029,7.802316263565586,5.0,138.0,138.0
1617,04019,Pima County,"1,074,685",64323.0,471058.0,1.0,906553809.6519212,0.0380845483664494,4,2.58,2.77,4.949999999999999,0.0492499999999999,73.55135322740085,0.0,55.4785178786431,12.0,64.47999999999999,4.0,269959951.3395959,0.0113410839095638,0.0,0.094,22.82883535989845,77.0,345.0,135.6103896103896
1618,35006,Cibola County,"26,807",49866.0,11141.0,0.0,317931392.3469382,0.0270256496090617,2,1.32,4.3950000000000005,5.35,0.014,39.71423248167836,0.0,26.749157059453843,20.0,106.3,0.0,0.0,0.0,0.0,0.14,30.222817413956424,5.0,345.0,207.0
1619,34005,Burlington County,"481,439",102615.0,184859.0,0.0,367372746.6481258,0.1729023177326571,55,26.34,1.482,2.641818181818182,7.224381818181818,2.349402237617639,1412.0,5.359551961855807,57.0,278.14,2.0,112688307.13807794,0.0530362408842626,0.0,0.11,13.753995270612773,28.0,500.0,213.3571428571429
1620,50021,Rutland County,"59,653",62641.0,33906.0,0.0,156746383.59795624,0.0640075025140589,29,27.23,11.19344827586207,6.493103448275862,1.739,13.084547882911105,174.0,0.025437043238326,58.0,574.92,0.0,0.0,0.0,0.0,0.13,4.065483743121428,27.0,345.0,74.96296296296296
1621,13099,Early County,"10,455",48355.0,4919.0,0.0,185215808.5302332,0.1384967781507499,4,2.23,0.9225,2.375,80.11775,0.6118528104712577,190.0,0.4871748096676495,10.0,149.82,0.0,0.0,0.0,0.0,0.055,4.676206120052867,10.0,500.0,153.5
1622,31149,Rock County,"1,259",57566.0,829.0,0.0,16.225768642241615,6.192393027827879e-09,32,11.71,0.7603125,2.046875,0.13940625,4.462889099029418,0.0,8.864325778565089,15.0,450.02,0.0,0.0,0.0,0.0,0.067,7.927316148926426,7.0,69.0,69.0
1623,47085,Humphreys County,"19,646",54185.0,8867.0,0.0,203604813.65402484,0.1412105228068136,8,579.82,946.32125,3.425,283.054,8.888042478559418,1.0,4.504274060675126,24.0,511.3,0.0,0.0,0.0,0.0,0.35,2.9869995405012086,19.0,500.0,149.78947368421052
1624,26051,Gladwin County,"26,077",53717.0,17001.0,0.0,33413540.37986555,0.0250045668773646,28,23.97,5.2092857142857145,3.157142857142857,1.2686071428571428,1.6972863578924609,0.0,2.375942776036741,32.0,246.68,0.0,0.0,0.0,0.0,0.032,9.611350551795072,3.0,138.0,138.0
1625,21173,Montgomery County,"28,822",53436.0,12122.0,0.0,27399714.81223127,0.0532044776595829,1,0.43,1.9,4.4,0.188,3.682169973036448,0.0,2.8879290843715344,6.0,173.38,0.0,0.0,0.0,0.0,0.13,2.1791481496657616,19.0,138.0,72.63157894736842
1626,45057,Lancaster County,"114,296",72186.0,41410.0,0.0,96126282.86598133,0.0668446811962335,8,57.32,52.3225,5.0125,84.640625,1.62978944155819,37.0,6.602178699530653,31.0,322.7,0.0,0.0,0.0,0.0,0.17,7.58609368423077,29.0,500.0,101.17241379310344
1627,21123,Larue County,"15,184",57867.0,6485.0,0.0,57868765.83692468,0.0847506308725662,3,0.7,0.7166666666666667,2.8666666666666667,0.1626666666666666,0.8251530319796557,0.0,1.0526800324818522,14.0,268.25,0.0,0.0,0.0,0.0,0.14,3.8777005773103648,13.0,161.0,88.46153846153847
1628,19193,Woodbury County,"106,649",68399.0,42864.0,0.0,404151036.5802277,0.1777593958202621,7,2.74,0.96,2.4,155.51514285714285,24.06260414219523,0.0,0.6320146875496908,33.0,620.83,1.0,372187.729501436,0.000163700844337,0.0,0.039,7.912464505061547,56.0,345.0,105.14285714285714
1629,12123,Taylor County,"21,210",46239.0,11110.0,0.0,2035274701.664618,0.5197598074773799,6,2.47,1.1816666666666666,2.583333333333333,5.349166666666666,13.067277487996265,13925.0,4.515335619638711,10.0,211.93,0.0,0.0,0.0,0.0,0.045,12.978714265443395,13.0,230.0,118.53846153846152
1630,17003,Alexander County,"4,570",40365.0,3000.0,0.0,366333438.3610161,0.5598800081624615,7,3.26,0.7742857142857142,1.657142857142857,0.4121428571428571,3.7800209659370174,0.0,0.0849719951660158,23.0,140.23,0.0,0.0,0.0,0.0,1.15,8.224877944487474,4.0,69.0,69.0
1631,29099,Jefferson County,"233,132",77217.0,92590.0,0.0,184517342.86466023,0.1073156758582275,18,5.67,1.4200000000000002,4.394444444444444,13.730333333333332,2.853346325671263,0.0,7.4864162112833155,19.0,383.12,1.0,139246.15777287135,8.098585910711756e-05,0.0,0.34,8.117342372350963,38.0,345.0,192.47368421052636
1632,29113,Lincoln County,"66,676",82543.0,23363.0,0.0,363414193.39707625,0.2190837147685488,4,1.4300000000000002,0.7525,2.45,0.6890000000000001,4.953685158895124,0.0,1.0527880054110352,22.0,292.85,0.0,0.0,0.0,0.0,0.17,5.715797118812812,14.0,161.0,161.0
1633,13051,Chatham County,"311,855",66171.0,134190.0,0.0,879648533.0741436,0.5391241185759481,4,0.86,0.45,2.35,90.35275,0.5816906102971909,165.0,3.629805974720987,14.0,503.72,3.0,22762940.867463075,0.0139510838362679,0.0,0.21,1.9606175202529743,48.0,230.0,126.97916666666669
1634,12125,Union County,"16,250",64043.0,4716.0,0.0,245096702.03112844,0.3789057054476134,0,0.0,0.0,0.0,0.0,40.5646212537918,1846.0,3.1455063425691123,6.0,151.95,0.0,0.0,0.0,0.0,0.056,8.961112435368854,3.0,115.0,115.0
1635,36037,Genesee County,"58,416",68178.0,26039.0,0.0,10154.199401025822,7.914790700595549e-06,16,6.54,0.836875,2.125,0.8485625,1.4053410018820809,185.0,0.2133792230926686,17.0,359.87,0.0,0.0,0.0,0.0,0.12,0.7065821148610095,28.0,345.0,123.21428571428572
1636,18019,Clark County,"130,451",69005.0,52750.0,0.0,91108851.0580687,0.0934027590818595,2,0.79,1.925,4.75,0.094,12.694383416290387,0.0,3.772216404945953,9.0,82.32000000000001,0.0,0.0,0.0,0.0,0.14,1.24419913964471,30.0,345.0,127.26666666666668
1637,21021,Boyle County,"31,632",56568.0,12933.0,0.0,21755257.226550937,0.0459403372832967,1,7.28,284.3,39.1,16.925,13.263421443785342,0.0,0.6399203250128817,11.0,393.72,0.0,0.0,0.0,0.0,0.12,3.0588734084387363,19.0,138.0,72.63157894736842
1638,21065,Estill County,"13,962",39980.0,6839.0,0.0,65409376.38009258,0.0988017850997444,0,0.0,0.0,0.0,0.0,20.204073226318464,0.0,0.583649004534885,7.0,323.57,0.0,0.0,0.0,0.0,0.13,0.9852779375872552,7.0,161.0,108.42857142857144
1639,48087,Collingsworth County,"2,487",52045.0,1516.0,0.0,0.022534965840377,9.464380076829555e-12,0,0.0,0.0,0.0,0.0,43.28337602782395,0.0,1.0747426854513893,18.0,121.31,0.0,0.0,0.0,0.0,0.093,15.380168101272911,1.0,138.0,138.0
1640,48089,Colorado County,"21,439",63352.0,10064.0,0.0,475803945.4434813,0.1886737810757898,17,7.05,0.7305882352941176,1.6411764705882352,10.561764705882354,5.10657674292633,0.0,2.920051475459744,13.0,598.8299999999999,0.0,0.0,0.0,0.0,0.036,9.01671523503814,8.0,138.0,129.375
1641,17063,Grundy County,"54,052",89993.0,21195.0,0.0,122042511.71048316,0.1094480710978687,14,13.63,4.690714285714286,2.7,33.03792857142857,5.975111106770144,0.0,0.5892809647118827,20.0,302.44,0.0,0.0,0.0,1.0,0.092,1.5741486854144249,25.0,765.0,212.76
1642,27081,Lincoln County,"5,583",64750.0,3062.0,0.0,64437511.12750016,0.045364699027329,26,30.33,4.099615384615385,2.7961538461538464,0.1044230769230769,2.0411006019627367,234.0,2.6102178175783117,13.0,117.04,0.0,0.0,0.0,0.0,0.039,1.3631245140509252,16.0,345.0,97.75
1643,13109,Evans County,"11,028",55222.0,4664.0,0.0,60616139.742992185,0.125242534849577,1,0.23,0.7,3.1,0.012,8.702519435851885,41.0,2.9238548492975034,3.0,166.19,1.0,69481165.36529216,0.1435590803298862,0.0,0.15,2.1043024657610685,5.0,115.0,115.0
1644,48497,Wise County,"83,778",85385.0,26786.0,0.0,288073674.176911,0.1205627672299905,5,69.67999999999999,396.092,13.2,5.0394000000000005,15.750186353354982,3.0,0.7607663498117406,22.0,219.85,0.0,0.0,0.0,0.0,0.067,2.3192142420347013,28.0,345.0,152.78571428571428
1645,02050,Bethel Census Area,"18,391",64094.0,6003.0,0.0,34399984.08178151,0.0002915536305475,10884,7412.6,1.9563469312752664,2.3333425211319367,1.7030881109886071,13.487235399448345,0.0,0.5594062643166655,2601.0,19456.5,1.0,9199558.501454862,7.796993958361336e-05,0.0,0.17,536.3203114320644,0.0,0.0,0.0
1646,49033,Rich County,"2,687",69250.0,3091.0,0.0,2496.217653204655,8.872038788932298e-07,11,286.26,946.9627272727272,7.418181818181818,0.4919090909090908,4.781806015643361,5.0,1.4601511841699475,27.0,158.74,0.0,0.0,0.0,0.0,0.33,53.86464010362853,0.0,0.0,0.0
1647,28117,Prentiss County,"25,284",51578.0,11008.0,0.0,99083182.8577141,0.09147849257043,10,31.590000000000003,24.935,4.13,1.3595000000000002,5.063960670162883,2.0,2.678729126015273,16.0,144.93,0.0,0.0,0.0,0.0,0.26,4.162019333782848,5.0,161.0,161.0
1648,21235,Whitley County,"37,297",44332.0,15492.0,0.0,92413551.26864392,0.0801608574264278,2,178.49,4024.0,37.65,123.0925,18.02258717241033,1.0,1.179462328679808,22.0,257.96,0.0,0.0,0.0,0.0,0.21,0.4057535443275851,22.0,345.0,98.27272727272728
1649,18149,Starke County,"23,425",59916.0,11157.0,0.0,190732992.0749755,0.2358779022188041,2,6.76,13.8,3.7,0.558,7.064232592388852,0.0,2.848932270497889,8.0,156.32,0.0,0.0,0.0,0.0,0.073,4.75946239723817,4.0,345.0,293.25
1650,48491,Williamson County,"752,827",102851.0,240082.0,0.0,343483002.1212641,0.1171671131186686,6,19.44,160.84666666666666,21.96666666666667,1.4428333333333334,12.072181081199451,15.0,0.3883177597853686,16.0,300.98,0.0,0.0,0.0,0.0,0.031,4.056789848908792,45.0,345.0,157.93333333333334
1651,72109,Patillas Municipio,,20778.0,8205.0,0.0,14496752.777891845,0.0744299558674901,1,0.92,17.0,18.5,1.244,3.557150999833842,0.0,3.4156605873632198,4.0,10.87,0.0,0.0,0.0,0.0,0.44,113.83491589879488,0.0,0.0,0.0
1652,19131,Mitchell County,"10,650",66056.0,4885.0,0.0,104422231.13400392,0.0858391870675265,0,0.0,0.0,0.0,0.0,19.34605914009036,0.0,5.955914369848519,8.0,205.68,0.0,0.0,0.0,0.0,0.03,17.328315608701,3.0,345.0,191.66666666666663
1653,13107,Emanuel County,"23,147",47905.0,9982.0,0.0,145038802.22916782,0.0811374748799746,6,1.36,0.735,2.966666666666667,0.2383333333333333,5.143176436770224,5.0,3.3825162442431225,10.0,665.38,0.0,0.0,0.0,0.0,0.14,1.019141460786385,8.0,230.0,143.75
1654,22025,Catahoula Parish,"8,223",48259.0,4461.0,0.0,393408.9165819928,0.0002054212715492,50,49.28,4.7768,2.222,22.02516,1.3894600810382445,388.0,3.312372522538226,52.0,711.19,0.0,0.0,0.0,0.0,0.073,0.9833818349946604,5.0,115.0,115.0
1655,42025,Carbon County,"65,868",64538.0,34247.0,0.0,47111417.002632126,0.0469412393295806,11,11.45,19.605454545454545,11.127272727272729,1.9370000000000005,2.857784427506802,0.0,0.3906332170617546,28.0,191.1,0.0,0.0,0.0,0.0,0.084,5.714914516507775,22.0,500.0,109.5
1656,31133,Pawnee County,"2,510",55833.0,1418.0,0.0,135757385.51419666,0.1210681237730349,2,0.5700000000000001,1.035,3.7,0.0805,6.425339843661311,0.0,0.4582255388467333,14.0,175.88,0.0,0.0,0.0,0.0,0.049,6.320144174385065,1.0,115.0,115.0
1657,47171,Unicoi County,"17,856",49855.0,8733.0,0.0,6054142.946229249,0.012541500979848,0,0.0,0.0,0.0,0.0,31.649020530194445,0.0,1.2696424784237834,7.0,141.32,0.0,0.0,0.0,0.0,0.21,8.322286532444103,0.0,0.0,0.0
1658,45083,Spartanburg County,"380,857",61955.0,138058.0,0.0,105921704.37843654,0.049887676576447,16,13.36,5.59875,4.50625,2.9335,5.868949864997392,47.0,2.100717330762333,23.0,440.93,0.0,0.0,0.0,0.0,0.17,1.250709030000823,122.0,230.0,107.58196721311477
1659,72051,Dorado Municipio,,31485.0,15845.0,0.0,26916874.471883398,0.1934949133682856,0,0.0,0.0,0.0,0.0,7.720918744829464,0.0,0.6382376982077064,1.0,52.71,0.0,0.0,0.0,0.0,0.47,84.87500721631798,0.0,0.0,0.0
1660,47041,DeKalb County,"21,873",46907.0,9903.0,0.0,100327457.3114812,0.1177393783643914,1,59.54,2580.4,43.3,106.111,2.948214759671488,0.0,0.2674368128895449,24.0,203.91,0.0,0.0,0.0,0.0,0.16,6.5556898214097,2.0,161.0,161.0
1661,36029,Erie County,"946,741",68014.0,438630.0,2.0,196871610.0023009,0.0619557238182348,17,25771.05,29353.36882352941,3.182352941176471,576.8689411764706,1.992961202559265,32.0,1.289914514594032,28.0,532.61,0.0,0.0,0.0,0.0,0.1,2.6525674857689685,201.0,230.0,127.58706467661692
1662,24031,Montgomery County,"1,074,582",125583.0,403643.0,1.0,106048954.34922928,0.0807767791683345,8,7.1,11.795,8.2875,1.406375,2.979752823216697,0.0,1.2255476578332345,21.0,204.82,5.0,2669285.977284096,0.0020331772740932,0.0,0.081,3.343852639632739,39.0,500.0,238.97435897435895
1663,53021,Franklin County,"102,612",77877.0,29806.0,0.0,59.3556664306318,1.8117077224996863e-08,17,7.39,5.002352941176471,8.652941176470588,101.47864705882353,10.7264729138086,65.0,8.936326219876179,9.0,385.22,0.0,0.0,0.0,0.0,0.18,18.033528177891316,2.0,500.0,500.0
1664,19093,Ida County,"6,777",63125.0,3365.0,0.0,82529001.61170734,0.0737520426873659,1,0.21,0.88,4.1,0.063,14.441833523849912,0.0,4.256996666055618,5.0,205.17,0.0,0.0,0.0,0.0,0.035,2.0995395505583336,26.0,345.0,79.61538461538461
1665,20173,Sedgwick County,"538,433",65372.0,224058.0,0.0,520933002.2701963,0.1993154499174153,15,42.27,12.919999999999998,2.1733333333333333,4.288666666666667,2.0837680362180477,0.0,0.0218110767548965,28.0,650.8100000000001,1.0,56170409.6229105,0.0214914977880955,0.0,0.057,2.307667169217804,124.0,345.0,105.7258064516129
1666,48453,Travis County,"1,389,670",92731.0,571625.0,16.0,370872578.0590905,0.1396985367332889,9,59.86,458.7033333333333,16.58888888888889,65.50033333333334,0.0,55.0,0.0670451314095622,20.0,600.42,3.0,1732919.7488554928,0.000652748052871,0.0,0.03,2.6494058424920994,138.0,345.0,138.0
1667,12057,Hillsborough County,"1,574,115",70612.0,606334.0,3.0,1010253009.1215996,0.2937600050091186,75,34.21,1.778,2.905333333333333,0.59712,0.78449033769524,0.0,0.0801846059037636,41.0,491.68,1.0,23058376.90254009,0.0067048836808532,0.0,0.031,1.0629512756139017,232.0,230.0,101.91379310344828
1668,34021,Mercer County,"399,289",92697.0,150035.0,1.0,64407577.43289369,0.1086621132887082,5,2.48,4.746,24.52,2.4574,3.734307697260167,240.0,1.6127376508148576,14.0,264.41,1.0,320309.88624628715,0.0005403952536959,0.0,0.13,2.314576979351242,18.0,230.0,209.55555555555557
1669,31023,Butler County,"8,507",75690.0,4032.0,0.0,169177447.0191711,0.1105594753912319,3,0.7,0.3999999999999999,1.7666666666666666,0.1736666666666666,3.162724921744817,0.0,4.819926899798989,15.0,384.99,0.0,0.0,0.0,0.0,0.05,7.98907264526674,5.0,345.0,161.0
1670,42129,Westmoreland County,"349,324",69454.0,168183.0,0.0,133086207.21855403,0.0496025432625475,13,10.05,11.07076923076923,6.861538461538462,6.5800769230769225,1.155435147685491,0.0,1.326350929988227,29.0,667.89,0.0,0.0,0.0,0.0,0.049,1.2712092623626696,49.0,500.0,154.18367346938774
1671,12015,Charlotte County,"217,212",62164.0,111330.0,0.0,706467209.544427,0.2879634040769818,32,7.98,0.34125,1.171875,0.460125,0.181323923047225,0.0,0.488890765477159,17.0,355.36,0.0,0.0,0.0,0.0,0.027,6.13622562252174,9.0,230.0,230.0
1672,19029,Cass County,"12,960",60815.0,6403.0,0.0,124924028.93670876,0.0853767123885391,1,0.57,2.74,4.8,0.048,15.773091865123629,0.0,4.706057644016466,8.0,285.36,0.0,0.0,0.0,0.0,0.04,8.844432527982912,11.0,161.0,102.45454545454544
1673,39107,Mercer County,"42,737",73278.0,17898.0,0.0,123009959.02745612,0.1003209492641891,1,49.75,185.5,3.7,2.528,4.676416165821777,0.0,0.0463654208281317,12.0,155.96,0.0,0.0,0.0,0.0,0.12,13.120544338725972,4.0,69.0,69.0
1674,21073,Franklin County,"52,649",62929.0,23983.0,0.0,51184501.40677781,0.0932155120238813,1,0.2,1.01,5.1,0.035,9.962652856158485,0.0,0.6796266258848723,10.0,420.59,1.0,1440309.1932560825,0.0026230432109726,0.0,0.12,5.305037017070337,5.0,138.0,82.8
1675,23009,Hancock County,"57,171",64149.0,40298.0,0.0,594380772.0159849,0.0978672051383398,147,258.55,14.563673469387757,5.448979591836735,1.1104625850340135,4.596368941867197,585.0,5.004010438739778,156.0,580.36,0.0,0.0,0.0,0.0,0.14,6.190940899753616,10.0,115.0,115.0
1676,23013,Knox County,"41,117",68904.0,24331.0,0.0,382057734.8824136,0.1302804598578321,25,25.63,7.7536,5.86,2.3712,14.224049358235002,197.0,13.52051054513391,26.0,121.42,0.0,0.0,0.0,0.0,0.14,12.829068439646315,6.0,115.0,115.0
1677,13217,Newton County,"125,583",70732.0,42037.0,4.0,72563709.99085927,0.1003477984697896,10,15.83,17.076,4.93,6.389100000000001,8.082291404001882,42.0,0.9249102881585056,19.0,340.95,0.0,0.0,0.0,0.0,0.11,1.6503270186395511,26.0,230.0,128.26923076923077
1678,46049,Faulk County,"2,178",56734.0,1046.0,0.0,20.04558934562961,7.694309520709115e-09,52,18.9,0.9234615384615386,2.198076923076923,0.0851538461538461,3.527888835993906,1.0,18.088589926150394,5.0,6.29,0.0,0.0,0.0,0.0,0.051,6.433545391557025,5.0,69.0,69.0
1679,26061,Houghton County,"37,842",52736.0,18687.0,0.0,48.00869132229321,1.2345032060679385e-08,32,81910.17,375148.28875,8.396875,93.0120625,7.530138693003857,0.0,1.4220685149137269,32.0,296.89,0.0,0.0,0.0,0.0,0.022,6.286694317422726,11.0,138.0,81.54545454545455
1680,30061,Mineral County,"5,185",56098.0,2565.0,0.0,24826719.61758243,0.0078349926731054,2,0.3,1.285,8.2,0.024,21.60589590840421,3.0,1.5873082496693085,18.0,369.14,0.0,0.0,0.0,0.0,0.17,29.72212450093844,3.0,69.0,69.0
1681,47051,Franklin County,"45,579",57933.0,19565.0,0.0,107564911.75032496,0.0721337294854309,7,45.58,87.59285714285714,5.714285714285714,8.265857142857142,3.721023549414823,0.0,2.098229995489284,28.0,252.84,1.0,61004522.243295535,0.0409100294257671,0.0,0.19,7.640269843590039,17.0,161.0,161.0
1682,22029,Concordia Parish,"17,836",38929.0,9003.0,0.0,1083203.8234174857,0.000559597595613,51,53.07,2.94,1.9901960784313728,0.7724313725490196,0.1426927254564488,46.0,0.2273939788576703,18.0,428.1,0.0,0.0,0.0,0.0,0.07,13.010148680809126,12.0,115.0,115.0
1683,22063,Livingston Parish,"155,036",77978.0,57984.0,0.0,1135058809.8507617,0.6338178073364856,3,237.52,122.81,2.3000000000000003,57.08866666666668,19.77134127364004,12.0,1.7566575038819028,43.0,427.19,0.0,0.0,0.0,0.0,0.058,8.99458524046592,8.0,500.0,297.5
1684,25009,Essex County,"826,653",94378.0,326936.0,1.0,362011892.2901037,0.168708796015692,48,22.56,2.521875,4.316666666666666,5.471374999999999,4.813650669564031,5511.0,1.9315662211719689,25.0,187.55,1.0,1403356.474199045,0.0006540077444561,0.0,0.2,9.342647969028896,69.0,345.0,131.66666666666666
1685,46019,Butte County,"10,856",58106.0,4725.0,0.0,387459586.873841,0.0660039355184868,8,30.22,28.9775,2.9375,0.293,9.840486191764954,5.0,10.59283096499311,25.0,330.21,0.0,0.0,0.0,0.0,0.052,23.25607117729296,6.0,115.0,92.0
1686,08035,Douglas County,"399,396",139010.0,136554.0,2.0,59021888.86303025,0.0270161959407959,6,9.02,91.62,23.0,3.5795,17.501629446712606,38.0,3.687196491864751,21.0,294.38,0.0,0.0,0.0,0.0,0.1,38.05639293992941,0.0,0.0,0.0
1687,45079,Richland County,"434,956",59850.0,182711.0,0.0,464578987.4471607,0.2323613549433768,30,188.63,91.26366666666668,3.36,10.4829,4.601051022456115,45.0,2.1841451749398906,28.0,464.47,2.0,217699055.69780627,0.1088832016053873,0.0,0.23,3.8351320376927207,171.0,230.0,124.28070175438596
1688,18095,Madison County,"135,088",60060.0,58913.0,0.0,76956407.61465529,0.065605536999544,2,0.39,0.525,2.25,1.406,5.218196126261375,0.0,4.803053504413618,10.0,580.88,0.0,0.0,0.0,0.0,0.097,3.350190312294468,30.0,345.0,119.6
1689,40099,Murray County,"13,805",60213.0,6546.0,0.0,90977077.9435088,0.0826225716889994,3,8.559999999999999,93.55666666666669,13.466666666666669,0.6386666666666667,3.0209155277460926,0.0,3.23443513022554,18.0,501.77,0.0,0.0,0.0,0.0,0.19,3.4752013123120684,13.0,138.0,122.07692307692308
1690,54009,Brooke County,"21,142",51963.0,10721.0,0.0,17270360.61377329,0.072157519210033,0,0.0,0.0,0.0,0.0,5.4992880440879,0.0,2.459275815091194,16.0,236.82,0.0,0.0,0.0,0.0,0.053,0.6905373036306235,7.0,345.0,147.85714285714286
1691,54013,Calhoun County,"5,978",39031.0,3225.0,0.0,26273596.547591757,0.0361418844852622,0,0.0,0.0,0.0,0.0,39.95739282518914,0.0,3.23149751450608,8.0,218.77,0.0,0.0,0.0,0.0,0.091,6.458461944499504,1.0,138.0,138.0
1692,51021,Bland County,"6,151",59901.0,3200.0,0.0,32396976.369095538,0.0348782630132482,0,0.0,0.0,0.0,0.0,18.253536101517497,0.0,1.192733241220175,11.0,286.55,0.0,0.0,0.0,0.0,0.17,4.067338776805014,4.0,138.0,120.75
1693,30111,Yellowstone County,"172,692",72300.0,72252.0,1.0,166116730.58847457,0.0242118488592385,9,9.7,1.8911111111111116,1.911111111111111,0.3728888888888889,11.911769836159536,10.0,1.3778962791636342,36.0,896.61,0.0,0.0,0.0,0.0,0.058,54.07313291003204,0.0,0.0,0.0
1694,54043,Lincoln County,"19,177",50985.0,9583.0,0.0,46692103.84159857,0.0410978844831,0,0.0,0.0,0.0,0.0,23.199426997082607,0.0,0.122116067686641,9.0,295.94,0.0,0.0,0.0,0.0,0.1,10.492654977713574,4.0,138.0,138.0
1695,06033,Lake County,"67,772",56259.0,34313.0,0.0,280727072.2569488,0.0816126830013475,20,188.18,347.4855,9.66,4.3697,3.665693143115796,6.0,7.464918998003151,28.0,448.42,0.0,0.0,0.0,0.0,0.67,4.396015362756679,12.0,230.0,143.75
1696,13131,Grady County,"26,590",51929.0,11506.0,0.0,114269586.1351628,0.0958574713342858,2,0.3,0.475,3.1,0.274,8.54246251244201,62.0,2.7489220561108514,9.0,168.07,0.0,0.0,0.0,0.0,0.052,4.700884113571956,11.0,230.0,125.45454545454544
1697,08021,Conejos County,"7,529",44093.0,4043.0,0.0,10281.342796756076,3.074882295902197e-06,7,7.680000000000001,17.93857142857143,12.12857142857143,0.5497142857142857,13.928681722674654,55.0,0.5114088311206195,24.0,385.34,0.0,0.0,0.0,0.0,0.15,60.00698895753112,0.0,0.0,0.0
1698,49037,San Juan County,"14,542",52108.0,5552.0,0.0,0.0,0.0,15,313.82,2390.534,33.57333333333333,172.27706666666666,27.563963849383445,4.0,15.137991023868466,95.0,860.34,0.0,0.0,0.0,0.0,0.089,42.44234745584833,7.0,138.0,85.42857142857143
1699,18133,Putnam County,"37,876",70609.0,14994.0,0.0,111398213.49618185,0.0891063237675803,5,8.57,58.378,12.84,4.470000000000001,6.005145777738552,0.0,0.6580970816496683,18.0,269.1,0.0,0.0,0.0,0.0,0.15,2.4143754665972508,28.0,138.0,88.71428571428571
1700,47015,Cannon County,"15,296",57651.0,6338.0,0.0,23082799.497866526,0.0335433371183114,0,0.0,0.0,0.0,0.0,18.51808696452505,0.0,2.369741429092622,13.0,134.35,0.0,0.0,0.0,0.0,0.17,14.04577971435968,0.0,0.0,0.0
1701,23007,Franklin County,"30,824",56890.0,21014.0,0.0,458.8268307784584,1.0158875742495405e-07,76,207.27,16.21407894736842,5.176315789473684,1.356078947368421,1.8775503507958429,82.0,1.6633956615679444,92.0,650.04,1.0,50369227.76993835,0.0111522407112089,0.0,0.14,37.9802993066067,5.0,115.0,115.0
1702,21165,Menifee County,"6,430",43797.0,3437.0,0.0,20002931.914363544,0.0375030636837561,1,27.85,757.5,27.2,25.06,9.397467361512524,0.0,2.1614381962275795,9.0,151.47,0.0,0.0,0.0,0.0,0.13,3.592314253997157,2.0,69.0,69.0
1703,46089,McPherson County,"2,347",58529.0,1255.0,0.0,25820.003182215783,8.657274508845766e-06,109,44.81,1.1744954128440368,2.3183486238532107,0.0495688073394495,1.0240618286898142,0.0,32.185606275553525,6.0,3.86,0.0,0.0,0.0,0.0,0.036,30.466354900880656,0.0,0.0,0.0
1704,08051,Gunnison County,"17,439",76538.0,12165.0,0.0,107246626.06503922,0.0127033249844082,11,40.63,104.31727272727272,14.236363636363636,10.509272727272728,1.5084617057201026,105.0,3.981767181239151,111.0,1027.94,0.0,0.0,0.0,0.0,0.17,76.85059320090531,0.0,0.0,0.0
1705,26029,Charlevoix County,"26,036",69764.0,17487.0,0.0,219188960.6730014,0.0608652409460704,28,57825.97,173629.47607142857,8.246428571428572,67.54425,0.0,0.0,21.991681988789384,17.0,122.19,0.0,0.0,0.0,0.0,0.023,29.119897436086205,13.0,138.0,84.92307692307692
1706,27151,Swift County,"9,763",58362.0,4683.0,0.0,108267732.06635807,0.0555772688232068,39,71.78,8.900512820512821,2.607692307692308,1.9734358974358972,6.9445788448265295,0.0,1.4734819206383003,22.0,243.96,0.0,0.0,0.0,0.0,0.04,5.542839829620182,11.0,230.0,117.0909090909091
1707,39147,Seneca County,"54,522",62476.0,23960.0,0.0,70984180.14416574,0.0495793552509409,4,0.91,0.52,2.375,0.11925,13.235628481847405,0.0,0.4738127458616447,20.0,374.83,0.0,0.0,0.0,0.0,0.079,0.2742612219248121,14.0,345.0,152.78571428571428
1708,13267,Tattnall County,"24,376",51868.0,9366.0,0.0,225697656.8169604,0.1784429351761658,1,0.17,0.49,2.9,0.042,20.502698072661246,9.0,3.0805061493367543,12.0,381.09,1.0,26866252.866981637,0.0212412175047845,0.0,0.14,8.109707783712928,8.0,115.0,115.0
1709,48429,Stephens County,"9,380",44712.0,4677.0,0.0,54311727.72786409,0.0227565163191218,4,95.22,405.42,18.075000000000003,6.5425,4.520497140599105,0.0,4.088625073787338,19.0,376.13,0.0,0.0,0.0,0.0,0.044,4.142332251154654,14.0,345.0,152.78571428571428
1710,37117,Martin County,"21,601",44799.0,11108.0,0.0,256629688.96056423,0.2169589144740087,4,1.96,1.1175,2.15,0.23475,8.61266713424073,110.0,4.785953869563453,13.0,247.94,0.0,0.0,0.0,0.0,0.057,10.009936971451998,3.0,230.0,230.0
1711,30081,Ravalli County,"48,582",67424.0,21007.0,0.0,107891888.68706971,0.0173547114865058,15,7.62,8.533333333333333,9.613333333333332,3.159533333333333,9.014337116935415,30.0,2.876911520479584,65.0,669.4,0.0,0.0,0.0,0.0,0.15,96.33236783570078,0.0,0.0,0.0
1712,13317,Wilkes County,"9,540",51780.0,5182.0,0.0,64574260.83864894,0.0525892537960599,4,16.97,53.59,7.25,19.21775,9.13476480127899,18.0,0.0327012002466984,20.0,238.23,0.0,0.0,0.0,0.0,0.21,7.0678792878002845,2.0,115.0,115.0
1713,53043,Lincoln County,"11,982",68172.0,5785.0,0.0,30962.75627676221,5.109629014365737e-06,40,306.74,165.5115,4.3375,91.064,0.3292104886453224,160.0,0.593804781553183,51.0,460.76,0.0,0.0,0.0,0.0,0.16,38.01573296597943,1.0,500.0,500.0
1714,06081,San Mateo County,"743,568",149907.0,284211.0,0.0,176789175.65107906,0.092121624219814,4,5.7700000000000005,24.31,11.175,0.1705,5.975388395541178,50.0,3.2715902934455428,9.0,58.87,1.0,256578.47803571576,0.0001336983785882,0.0,0.89,4.783255566015968,40.0,230.0,134.125
1715,39171,Williams County,"36,549",60632.0,16566.0,0.0,15799.743579345746,1.4418406935095375e-05,7,1.84,0.86,2.771428571428572,0.6135714285714285,4.260668980362496,0.0,2.7484268430883088,19.0,248.03,0.0,0.0,0.0,0.0,0.083,3.100097926136117,3.0,69.0,69.0
1716,20207,Woodson County,"3,118",50670.0,1843.0,0.0,194832037.5381961,0.1488859830023456,5,11.63,80.10999999999999,10.8,3.2636000000000003,2.012845214084795,0.0,1.2975989055435535,15.0,393.65,0.0,0.0,0.0,0.0,0.061,1.7484570299265534,10.0,69.0,69.0
1717,21157,Marshall County,"31,659",64597.0,16391.0,0.0,259872264.95799863,0.2949615859620536,3,575.14,2520.4166666666665,6.3,713.9983333333333,8.67272743145148,1.0,1.7614104106078474,15.0,179.22,0.0,0.0,0.0,0.0,0.55,3.882630435860304,20.0,161.0,142.6
1718,13065,Clinch County,"6,847",53350.0,3022.0,0.0,1049806026.7943276,0.4919122791852773,1,1.8,3.24,1.8,0.375,10.257533545894349,13.0,1.6030135027366323,6.0,179.78,0.0,0.0,0.0,0.0,0.07,14.897074509624195,4.0,115.0,115.0
1719,13185,Lowndes County,"122,867",52821.0,49247.0,0.0,130229337.26467316,0.098480710022582,24,10.28,1.30125,3.1333333333333333,0.1142083333333333,8.167704588784092,109.0,3.2718482716343558,8.0,297.98,1.0,16511696.337160405,0.0124863077177151,0.0,0.061,1.6103763367022643,37.0,230.0,108.7837837837838
1720,15005,Kalawao County,82,87813.0,96.0,0.0,1534216.902810066,0.011213261364611,0,0.0,0.0,0.0,0.0,67.18127793690142,0.0,5.164545878987651,1.0,4.64,0.0,0.0,0.0,0.0,0.35,61.74358379452078,0.0,0.0,0.0
1721,15007,Kauai County,"73,400",88869.0,30236.0,0.0,90811126.40017532,0.027688536104758,3,1.78,3.266666666666667,4.433333333333334,0.0,25.80474627433893,0.0,3.189792278614992,46.0,255.28,3.0,10408522.098133408,0.0031735840236288,0.0,0.1,10.605472903626003,17.0,57.1,57.1
1722,26099,Macomb County,"886,221",73876.0,369998.0,1.0,122649501.81110488,0.082945331111951,22,6.69,0.8977272727272727,2.368181818181818,0.0507727272727272,6.542071422138279,0.0,1.86987987157532,24.0,237.39,2.0,13249135.576412575,0.0089601174167441,0.0,0.046,1.3990650517801655,54.0,345.0,157.5
1723,13287,Turner County,"8,983",39666.0,3916.0,0.0,55001126.922442354,0.0732327121050939,1,0.27,0.5,1.8,0.007,3.576374953963185,37.0,2.187473994026989,5.0,222.33,0.0,0.0,0.0,0.0,0.073,6.875037622641557,4.0,230.0,143.75
1724,17079,Jasper County,"9,032",67429.0,4225.0,0.0,56672.15447175347,4.391902769237048e-05,3,6.91,21.596666666666668,5.366666666666667,0.8293333333333334,2.920189752000196,0.0,0.8625786511289817,16.0,253.58,0.0,0.0,0.0,0.0,0.26,12.277745473073823,2.0,345.0,241.5
1725,48331,Milam County,"26,258",56985.0,11564.0,0.0,520392.8819938767,0.0001968068320396,7,4.25,3.8214285714285703,3.442857142857143,0.0315714285714285,15.85062300230284,1.0,1.0784720210726586,15.0,484.3,0.0,0.0,0.0,0.0,0.036,16.567307772116777,8.0,345.0,172.5
1726,51049,Cumberland County,"10,352",56497.0,4658.0,0.0,71902024.85660961,0.092612834835893,4,1.02,1.0525,4.1,0.44075,9.781527770386772,0.0,4.7656616435847,14.0,474.62,0.0,0.0,0.0,0.0,0.2,15.328124407332009,5.0,230.0,161.0
1727,45085,Sumter County,"105,067",53970.0,47015.0,0.0,390732153.6525917,0.2211785200162589,14,64.55,19.42785714285714,2.185714285714286,40.124142857142864,6.027069328956002,89.0,0.2624721976401034,35.0,493.03,2.0,64426008.52459125,0.0364690980325454,0.0,0.26,1.0804996107880795,51.0,230.0,110.03921568627452
1728,02164,Lake and Peninsula Borough,"1,357",61607.0,1380.0,0.0,391684.4586804007,4.472876695146365e-06,3451,7217.39,79.29814256737178,2.5768762677484784,0.7941234424804404,1.37757604053792,0.0,2.5437649109858014,1695.0,10652.15,0.0,0.0,0.0,0.0,0.48,254.92472271597845,0.0,0.0,0.0
1729,54109,Wyoming County,"19,801",44510.0,10010.0,0.0,23353057.05353187,0.0179679762251604,1,1.49,251.3,169.1,19.22,20.301065184378,0.0,2.7612854912005944,17.0,306.95,0.0,0.0,0.0,0.0,0.13,3.1586146100228523,19.0,138.0,123.47368421052632
1730,06029,Kern County,"927,068",63883.0,301687.0,0.0,2186283718.6030054,0.1033848628131328,18,43.63,54.27388888888889,32.516666666666666,3.906,14.214534466058426,0.0,1.1854847842845926,24.0,588.39,2.0,1164460989.4358416,0.0550649664632707,0.0,0.55,7.308068362974492,272.0,500.0,112.43014705882354
1731,48097,Cooke County,"44,461",66374.0,17698.0,0.0,311866100.92298853,0.1340143710234118,11,85.28999999999999,229.46545454545452,7.036363636363637,13.28890909090909,12.818024193088084,4.0,1.096170027790788,32.0,297.73,0.0,0.0,0.0,0.0,0.093,2.459687765796925,17.0,138.0,121.76470588235294
1732,45075,Orangeburg County,"83,177",41020.0,41365.0,0.0,436296006.81996965,0.1493546988769422,13,287.41,137.59923076923076,2.984615384615384,91.3326153846154,4.147383394622359,1141.0,0.6965693762208186,25.0,524.9,1.0,9084999.5059777,0.0031100155497695,0.0,0.32,0.9374265173255624,67.0,230.0,122.55223880597016
1733,55119,Taylor County,"20,118",61360.0,9490.0,0.0,148422922.01096797,0.0582049470315498,36,20.8,2.2030555555555558,3.0305555555555554,0.1855833333333333,1.014662350053605,0.0,2.1077879956722136,47.0,541.01,0.0,0.0,0.0,0.0,0.023,7.626966567812129,27.0,69.0,69.0
1734,27099,Mower County,"40,971",66972.0,16933.0,0.0,46265321.62983976,0.0251059181717494,4,0.56,0.32,2.275,3.1725,15.662760526908665,11.0,0.0584616720866675,22.0,257.79,0.0,0.0,0.0,0.0,0.028,5.894714502208849,33.0,345.0,102.45454545454544
1735,27101,Murray County,"7,942",71500.0,4418.0,0.0,7883.119378811096,4.230248210065853e-06,40,41.37,2.678,2.4925,0.4147249999999999,1.6430208263547077,195.0,0.4729242640151103,26.0,221.45,0.0,0.0,0.0,0.0,0.034,15.40993112459223,16.0,115.0,80.5
1736,44007,Providence County,"678,179",72579.0,276370.0,0.0,104895808.0813034,0.0929579015742071,31,22.13,4.160645161290322,4.748387096774193,1.240709677419355,0.3272625068165305,223.0,2.8817593917747297,68.0,183.84,0.0,0.0,0.0,0.0,0.11,4.38223681011497,81.0,345.0,134.87654320987653
1737,29161,Phelps County,"45,247",53242.0,20194.0,0.0,134354067.97580314,0.0769282177156014,3,0.67,0.93,4.366666666666667,0.0673333333333333,2.037394605925096,0.0,5.729800834100296,16.0,441.55,0.0,0.0,0.0,0.0,0.21,6.119274614027079,8.0,345.0,112.125
1738,08095,Phillips County,"4,420",58474.0,2044.0,0.0,242.61108767306115,1.361433299891711e-07,0,0.0,0.0,0.0,0.0,43.68177411976406,4.0,33.73435379977511,0.0,0.0,0.0,0.0,0.0,0.0,0.039,35.05262732972216,0.0,0.0,0.0
1739,05013,Calhoun County,"4,632",60237.0,2476.0,0.0,402367.1785294322,0.0002456520466765,5,3.11,22.378,30.6,53.888,11.178453933347908,1.0,2.270316738711617,26.0,268.87,0.0,0.0,0.0,0.0,0.13,24.26079055074856,3.0,115.0,115.0
1740,29141,Morgan County,"22,418",48841.0,15171.0,0.0,121669210.72377892,0.0765079622558368,3,176.38,1101.243333333333,8.666666666666666,123.913,12.66963291152284,0.0,3.850107594318537,22.0,352.29,0.0,0.0,0.0,0.0,0.12,13.44151693598604,3.0,161.0,161.0
1741,39075,Holmes County,"44,970",72987.0,14527.0,0.0,62662214.351698615,0.0570558661437667,4,1.34,1.42,3.75,2.368,9.3654025119601,0.0,0.2938481798275711,14.0,214.09,0.0,0.0,0.0,0.0,0.063,1.592740147772682,9.0,138.0,138.0
1742,19143,Osceola County,"5,980",67561.0,2885.0,0.0,94058316.98568536,0.0909277563704656,3,1.5,1.38,2.5666666666666664,0.114,10.982513561530771,21.0,1.5356850983857782,6.0,142.91,0.0,0.0,0.0,0.0,0.033,3.2801778925885707,9.0,69.0,69.0
1743,18079,Jennings County,"27,622",66892.0,11646.0,0.0,85900540.22460392,0.0876616107565699,4,1.51,1.5499999999999998,3.8,0.37875,6.492088512394734,0.0,1.3282648083407491,9.0,311.31,1.0,3888036.457897925,0.0039677461595518,0.0,0.14,3.793341074080317,8.0,161.0,112.125
1744,16083,Twin Falls County,"97,539",61183.0,35014.0,0.0,9263279.320974717,0.0018544071109615,10,19.47,23.605,8.209999999999999,229.6411,16.929911877674424,1.0,5.886271382569922,37.0,354.78000000000003,0.0,0.0,0.0,0.0,0.13,35.98945253032782,1.0,345.0,345.0
1745,17165,Saline County,"22,772",51710.0,11579.0,0.0,305101820.10035515,0.3044474561757455,17,5.71,0.9794117647058824,2.6411764705882352,2.468058823529412,0.7023365150132056,0.0,1.45194151786326,12.0,157.98000000000002,0.0,0.0,0.0,0.0,0.53,1.657070175561861,39.0,138.0,76.07692307692308
1746,26077,Kalamazoo County,"263,795",67905.0,114093.0,0.0,71441640.24905038,0.0475335450619086,65,43.0,2.968461538461539,3.483076923076923,0.6630923076923076,3.3356338411095168,0.0,3.21928321497231,30.0,241.17,1.0,22982359.811543062,0.0152912647571176,0.0,0.08,0.4895590323568705,29.0,345.0,140.3793103448276
1747,45061,Lee County,"15,730",39099.0,7577.0,0.0,142445723.19742858,0.1337408783129436,4,0.67,0.395,2.4000000000000004,0.421,8.193705158246873,3.0,2.139010126701064,7.0,225.44,0.0,0.0,0.0,0.0,0.22,5.427840473974854,12.0,230.0,136.08333333333334
1748,56019,Johnson County,"8,908",60667.0,4614.0,0.0,317013.44760373456,2.932009251655386e-05,18,18.89,18.72888888888889,7.216666666666667,0.0818888888888888,5.932692310353516,97.0,2.40637702227614,83.0,1039.1,0.0,0.0,0.0,0.0,0.18,111.17179278034024,0.0,0.0,0.0
1749,18027,Daviess County,"34,209",64113.0,12739.0,0.0,573984.1357927119,0.0005072777187658,8,7.33,8.8275,4.7125,22.569125,1.1409246735606655,0.0,1.8620207582944563,16.0,676.55,1.0,3279.5702523889245,2.8984301349486853e-06,0.0,0.24,3.3114758072565618,19.0,345.0,117.42105263157896
1750,26055,Grand Traverse County,"96,729",75553.0,45840.0,0.0,141389413.08288628,0.0907858217819499,40,57816.97,121519.4135,6.5375,48.04295,3.547156216674556,0.0,5.153886874727409,25.0,136.85,0.0,0.0,0.0,0.0,0.027,1.9413841045746831,26.0,138.0,95.53846153846152
1751,22003,Allen Parish,"22,672",52755.0,9532.0,0.0,585117731.4174066,0.2948815480633897,4,1.49,1.0725,2.4,0.09025,17.192722875363582,222.0,1.664895286210292,23.0,489.21,0.0,0.0,0.0,0.0,0.056,18.46844634072429,5.0,138.0,124.2
1752,46065,Hughes County,"17,570",83750.0,7953.0,0.0,175620284.74084508,0.0846824154628364,12,1326.12,2621.9575,4.7250000000000005,162.6915,4.035237641774313,0.0,8.826233052243214,31.0,106.56,0.0,0.0,0.0,0.0,0.064,26.693237069096742,6.0,115.0,115.0
1753,46069,Hyde County,"1,191",69712.0,641.0,0.0,8127.814973073924,3.622729390095461e-06,24,238.86,98.71541666666668,2.658333333333333,41.173875,15.47319428077694,5.0,14.46254416216214,5.0,4.07,0.0,0.0,0.0,0.0,0.068,5.44241061244754,11.0,230.0,127.54545454545456
1754,45027,Clarendon County,"31,043",48677.0,15983.0,0.0,451003968.2475456,0.2503137950133573,6,286.63,297.87833333333333,3.35,186.437,9.463880060754628,17.0,5.019194924677348,11.0,315.76,0.0,0.0,0.0,0.0,0.36,4.804455191680614,29.0,230.0,119.75862068965516
1755,30095,Stillwater County,"9,445",78380.0,4657.0,0.0,62908069.74344862,0.0134507370710595,12,13.85,6.0575,5.2,1.3635833333333334,27.4055138277844,21.0,2.20827883084976,54.0,1001.85,0.0,0.0,0.0,0.0,0.091,80.15104260141604,0.0,0.0,0.0
1756,47007,Bledsoe County,"15,920",51783.0,5860.0,0.0,27495047.81470233,0.0260905363678121,1,0.24,1.05,4.3,0.267,13.242598571092229,0.0,0.8991027030002297,13.0,309.23,0.0,0.0,0.0,0.0,0.26,4.51144954840904,4.0,161.0,161.0
1757,21219,Todd County,"12,972",57891.0,5143.0,0.0,74430579.16096514,0.0762162629943799,4,2.62,6.882499999999999,5.875,0.41525,17.21816976707291,4.0,0.239726196384397,14.0,260.24,0.0,0.0,0.0,0.0,0.26,4.258980537154026,5.0,500.0,192.0
1758,47183,Weakley County,"33,261",47769.0,15002.0,0.0,251692541.16210508,0.167036130855703,7,1.69,0.8928571428571429,3.128571428571429,0.5092857142857142,2.226941014807583,0.0,0.5276798816640116,21.0,266.93,0.0,0.0,0.0,0.0,0.55,3.550291896408424,31.0,500.0,115.5483870967742
1759,29077,Greene County,"309,286",54968.0,136889.0,0.0,111088983.2736626,0.0632732865690241,3,4.47,18.116666666666664,9.1,4.333,4.71091624315219,0.0,3.0179746334746342,20.0,287.45,1.0,434055.99525758,0.0002472265796805,0.0,0.13,1.136358793193777,64.0,345.0,132.25
1760,51685,Manassas Park city,"16,560",91673.0,5493.0,0.0,217117.7745332353,0.0277049275655071,0,0.0,0.0,0.0,0.0,3.694975124095441,0.0,1.3059857064706135,0.0,0.0,0.0,0.0,0.0,0.0,0.085,0.5656770616572834,1.0,230.0,230.0
1761,51013,Arlington County,"243,931",137387.0,119247.0,0.0,3302473.576242015,0.0488484228146363,1,0.2,0.44,2.2,0.022,3.5886704295584093,0.0,3.265689139143925,2.0,2.62,5.0,4611739.627330532,0.0682143859825228,0.0,0.081,2.4276225992299576,8.0,230.0,230.0
1762,51035,Carroll County,"29,299",49113.0,16633.0,0.0,23150745.2484452,0.0187127813066621,1,0.23,1.17,5.2,1.021,17.64693864739051,2.0,0.6194845746027,14.0,274.08,0.0,0.0,0.0,0.0,0.14,4.08306169129578,6.0,138.0,138.0
1763,29183,St. Charles County,"426,499",99596.0,161979.0,0.0,618081229.4216511,0.4028617444071771,18,7.14,1.663333333333333,3.5166666666666666,0.3948888888888888,2.7378856003610985,0.0,2.612249210178315,24.0,575.9399999999999,0.0,0.0,0.0,0.0,0.23,3.377251529053243,60.0,345.0,159.85
1764,06069,San Benito County,"70,082",104451.0,20485.0,0.0,135972567.21502817,0.0377564107224782,10,5.85,3.623,4.24,1.6342000000000003,13.473865127285292,0.0,19.757688371598636,17.0,94.38,0.0,0.0,0.0,0.0,0.61,18.743259821381574,8.0,230.0,116.25
1765,24035,Queen Anne's County,"54,448",108332.0,21405.0,0.0,393700714.1285415,0.2976506417753349,5,1.05,0.392,1.82,0.0636,9.93303623197366,0.0,2.30286264946812,10.0,94.37,0.0,0.0,0.0,0.0,0.08,5.820094017731018,13.0,138.0,84.92307692307692
1766,20013,Brown County,"9,104",55876.0,4507.0,0.0,144436107.63027307,0.097476952540799,2,0.67,1.22,3.6,0.1225,15.92919838428315,0.0,0.8826090027829326,14.0,226.55,0.0,0.0,0.0,0.0,0.054,22.43982472332096,0.0,0.0,0.0
1767,13031,Bulloch County,"86,949",53675.0,33086.0,0.0,305873368.24482185,0.1714956825183534,6,1.52,0.6216666666666667,2.2666666666666666,0.2185,9.821677576195782,22.0,2.8982416822765336,11.0,483.34,0.0,0.0,0.0,0.0,0.18,5.506142823783038,8.0,115.0,115.0
1768,21071,Floyd County,"34,401",38723.0,17446.0,1.0,51523228.00753,0.050272849332175,1,3.27,115.1,35.1,6.115,15.432088861230651,0.0,0.3844293882042838,17.0,271.08,0.0,0.0,0.0,0.0,0.12,1.1686985406588584,27.0,765.0,98.1851851851852
1769,30007,Broadwater County,"8,493",61679.0,3137.0,0.0,137694648.18077832,0.0429398922528296,6,127.35,480.42333333333335,6.466666666666666,81.60083333333333,4.049975402332845,32.0,2.312425622579116,37.0,379.38,1.0,86268344.77776898,0.0269026681757735,0.0,0.33,120.33368128233823,0.0,0.0,0.0
1770,13309,Wheeler County,"7,570",36354.0,2434.0,0.0,113506304.87810116,0.1459528709513361,1,0.72,2.67,3.7,8.907,13.118478393988603,186.0,0.1177714444992538,6.0,537.25,0.0,0.0,0.0,0.0,0.11,3.256911043832244,7.0,230.0,131.42857142857142
1771,37049,Craven County,"105,025",61676.0,47051.0,0.0,462149441.6599305,0.23075254926556,16,31.59,5.065,2.2625,10.2253125,1.0507898590483835,343.0,5.329722267118719,22.0,425.62,1.0,45978168.49320047,0.0229570321501642,0.0,0.064,1.6436486942888937,26.0,230.0,150.3846153846154
1772,51570,Colonial Heights city,"18,738",72216.0,8123.0,0.0,4610528.744374103,0.2284109919025323,0,0.0,0.0,0.0,0.0,5.103162479927557,0.0,0.8254613359031987,2.0,45.3,0.0,0.0,0.0,0.0,0.12,2.916127766114818,1.0,115.0,115.0
1773,39031,Coshocton County,"37,188",52048.0,16337.0,0.0,121850669.4930544,0.0829114179389029,4,1.85,3.7375,4.775,49.4455,13.029853151703252,0.0,1.3338715541722848,20.0,534.53,0.0,0.0,0.0,0.0,0.065,5.9083601135983725,7.0,138.0,128.14285714285714
1774,31135,Perkins County,"2,849",61786.0,1368.0,0.0,56646359.352328986,0.0247298228812984,1,0.63,1.2,1.9,0.025,24.44111023223452,3.0,23.01189631826936,1.0,35.95,0.0,0.0,0.0,0.0,0.039,9.232019711754734,5.0,115.0,115.0
1775,48205,Hartley County,"4,904",78065.0,1866.0,0.0,0.0,0.0,1,0.36,16.8,46.7,0.503,22.895997029752976,0.0,15.872709653167076,4.0,11.62,0.0,0.0,0.0,0.0,0.098,18.4628393387451,3.0,115.0,84.33333333333333
1776,08049,Grand County,"16,496",79367.0,16731.0,0.0,10336663.717629232,0.0021347201609529,19,44.36,42.4478947368421,8.621052631578948,0.8095263157894736,10.624861954577382,215.0,2.8997996328080338,69.0,733.57,0.0,0.0,0.0,0.0,0.2,52.37972115370796,0.0,0.0,0.0
1777,48249,Jim Wells County,"38,804",46626.0,16186.0,0.0,412304056.3743129,0.18328545071434,2,59.61,327.815,6.2,16.4405,6.669625417681123,0.0,7.218506719088204,10.0,94.72,1.0,13685993.78919958,0.0060839652226215,0.0,0.028,9.154843996392714,2.0,69.0,69.0
1778,19189,Winnebago County,"10,251",62853.0,5089.0,0.0,51760208.81298462,0.0497481904063721,5,5.08,3.2920000000000003,2.4200000000000004,0.852,8.930870378915124,63.0,1.4390629195302256,8.0,181.21,0.0,0.0,0.0,0.0,0.029,7.780042426139075,18.0,69.0,69.0
1779,06079,San Luis Obispo County,"282,367",90158.0,123968.0,1.0,550768937.8770838,0.0588127258357352,17,32.379999999999995,36.67823529411765,8.094117647058823,0.8318235294117647,6.208345290261679,0.0,6.75664910103605,42.0,203.22,3.0,123981798.90823448,0.0132391408562669,1.0,0.53,10.28216823606158,36.0,500.0,150.27777777777777
1780,01067,Henry County,"18,394",58395.0,9110.0,0.0,117429685.22642002,0.0797802891597438,2,126.49,576.535,6.449999999999999,143.6185,11.421006322580828,1.0,1.826410972563451,11.0,184.47,0.0,0.0,0.0,0.0,0.058,6.175348133831273,8.0,115.0,115.0
1781,39175,Wyandot County,"21,567",68552.0,9851.0,0.0,17967.494720926577,1.7021188676075474e-05,4,2.5900000000000003,0.6599999999999999,1.35,0.056,14.016105187804667,0.0,2.5222062052775254,18.0,235.4,0.0,0.0,0.0,0.0,0.085,18.50647576401873,0.0,0.0,0.0
1782,38085,Sioux County,"3,667",41201.0,1275.0,0.0,53051086.06713057,0.0181555527518772,3,1094.48,9704.65,10.466666666666669,322.39833333333337,6.230583840734643,9.0,3.426316823131721,33.0,601.82,0.0,0.0,0.0,0.0,0.028,27.747584537563185,0.0,0.0,0.0
1783,48127,Dimmit County,"8,024",27374.0,4018.0,0.0,21406.480901627237,6.1933378031024415e-06,8,2.01,0.48375,1.85,0.012125,6.31661631677509,0.0,8.151703520241833,5.0,265.57,0.0,0.0,0.0,0.0,0.025,15.10158157532149,1.0,138.0,138.0
1784,27045,Fillmore County,"21,540",73234.0,9609.0,0.0,92316581.62514934,0.04134382218872,1,0.21,0.35,1.6,0.011,19.558394947515534,1.0,0.2569215530260619,23.0,341.87,0.0,0.0,0.0,0.0,0.029,1.0296467050829343,36.0,161.0,71.55555555555556
1785,45023,Chester County,"33,001",50022.0,14651.0,0.0,104125847.01735616,0.068551321622291,14,15.32,7.325,4.271428571428571,43.98257142857143,3.07462674697403,16.0,1.8141771010899863,22.0,308.65000000000003,0.0,0.0,0.0,0.0,0.18,0.5360914223636478,43.0,230.0,96.53488372093024
1786,27073,Lac qui Parle County,"6,704",66967.0,3483.0,0.0,216996234.57941484,0.1076882153189517,28,55.76,14.07,3.0,3.71825,1.7628865233961326,144.0,5.329096716674896,34.0,283.25,0.0,0.0,0.0,0.0,0.041,2.852350218601289,25.0,230.0,86.48
1787,49005,Cache County,"145,000",72719.0,44260.0,0.0,107958392.65865672,0.0355402158938373,15,17.939999999999998,8.553333333333333,5.36,9.2126,11.438953078851902,91.0,2.353284218602106,31.0,290.98,0.0,0.0,0.0,0.0,0.43,28.753895294257305,0.0,0.0,0.0
1788,55093,Pierce County,"43,519",82996.0,16872.0,0.0,123216545.26739629,0.0802633716511793,7,2.38,1.4828571428571429,3.971428571428572,186.4575714285714,16.310482568564208,34.0,2.9728343015869165,32.0,221.98,0.0,0.0,0.0,0.0,0.024,1.5142205746570736,33.0,161.0,71.78787878787878
1789,13049,Charlton County,"13,121",45770.0,4673.0,0.0,1008286544.2931008,0.4975804267113438,5,19.53,6.224,1.48,0.5798,4.028506650412573,14.0,2.421830207581221,19.0,423.22,0.0,0.0,0.0,0.0,0.075,10.62345743824305,3.0,115.0,115.0
1790,13233,Polk County,"45,514",51956.0,17235.0,0.0,54387839.6114955,0.0672750181952897,2,0.4,0.7,3.35,0.1095,7.504193962583091,28.0,5.578262196038409,6.0,88.99,0.0,0.0,0.0,0.0,0.17,5.561416081615706,16.0,230.0,143.75
1791,49051,Wasatch County,"38,514",104855.0,14746.0,0.0,117785176.79428008,0.0376623423137817,5,82.48,409.194,20.08,2.6076,8.784476757782896,39.0,5.13212113270402,40.0,338.83,0.0,0.0,0.0,0.0,0.25,15.35441829733908,3.0,69.0,69.0
1792,16029,Caribou County,"7,252",65380.0,3130.0,0.0,304.04851609553,6.526816020809536e-08,16,86.15,38.139375,4.69375,3.509375,1.0868119523250244,2.0,4.282172249270114,39.0,430.89,0.0,0.0,0.0,0.0,0.42,81.73398279398059,0.0,0.0,0.0
1793,37157,Rockingham County,"94,195",50737.0,43586.0,0.0,108285550.33291842,0.0729961705684201,5,14.91,29.894,6.5,0.7856,7.148470516372198,50.0,3.690821010352896,27.0,360.78,0.0,0.0,0.0,0.0,0.091,2.968647504990709,70.0,230.0,107.97142857142858
1794,05117,Prairie County,"7,923",47045.0,4105.0,0.0,40180.035297598464,2.2963980437985668e-05,51,40.43,1.6552941176470588,1.6254901960784316,2.5923529411764705,3.6132551410705194,14.0,3.4668713581337838,34.0,637.77,0.0,0.0,0.0,0.0,0.34,6.058611762063113,4.0,115.0,115.0
1795,05011,Bradley County,"9,828",43688.0,5112.0,0.0,10491.534039050734,6.204921558337981e-06,0,0.0,0.0,0.0,0.0,26.553020769398973,0.0,1.539154330999318,17.0,361.83,0.0,0.0,0.0,0.0,0.14,6.627408916142721,7.0,115.0,115.0
1796,48193,Hamilton County,"8,680",54890.0,4352.0,0.0,128263.9135436323,5.92101799615358e-05,2,0.39,0.7050000000000001,3.35,4.527,2.3339656559541453,0.0,8.008680384561812,11.0,410.88,0.0,0.0,0.0,0.0,0.034,11.303951566311312,3.0,138.0,107.33333333333331
1797,21067,Fayette County,"329,751",66087.0,146345.0,0.0,41045609.67921437,0.0554958326378795,2,1.4,2.43,3.5,0.236,2.839857911046837,0.0,4.022225472497283,8.0,392.0,0.0,0.0,0.0,0.0,0.12,0.4132148399401241,114.0,345.0,82.92105263157895
1798,21091,Hancock County,"9,050",68102.0,3902.0,0.0,117721457.9167454,0.228493106398571,1,0.14,0.25,1.8,0.093,12.34321963723195,0.0,3.2780688734263097,20.0,161.98,0.0,0.0,0.0,0.0,0.22,6.127302642131584,23.0,345.0,156.0
1799,46013,Brown County,"37,561",70379.0,17948.0,0.0,616479676.5375652,0.1375106005289677,28,48.68,5.283571428571428,2.85,4.402107142857143,9.11078119832306,0.0,1.1494809775084858,34.0,570.27,0.0,0.0,0.0,0.0,0.042,4.153837829063082,65.0,345.0,82.44615384615385
1800,54001,Barbour County,"15,414",44341.0,7164.0,0.0,29029224.82808772,0.0326913788481947,3,6.54,146.41666666666666,27.0,25.37033333333333,8.14267262873749,0.0,3.5616673969807917,11.0,268.37,0.0,0.0,0.0,0.0,0.062,4.029446083453959,4.0,138.0,138.0
1801,47181,Wayne County,"16,416",49360.0,7184.0,0.0,91529156.5865414,0.0480377837652717,1,0.33,1.16,3.5,2.002,23.492631278686453,0.0,3.973940468653383,24.0,408.34,0.0,0.0,0.0,0.0,0.27,11.248652229349718,3.0,161.0,161.0
1802,31013,Box Butte County,"10,494",67893.0,5226.0,0.0,0.0539955605425551,1.9340979192947133e-11,6,1.43,0.4666666666666666,1.9833333333333332,0.0891666666666666,21.917014260188736,0.0,22.060616658569717,5.0,66.86,0.0,0.0,0.0,0.0,0.073,16.2389307987645,7.0,115.0,115.0
1803,42097,Northumberland County,"89,920",55952.0,43417.0,0.0,128604927.38782229,0.1040476744843577,3,1.07,2.21,5.6000000000000005,2.280333333333333,5.28381140290886,0.0,2.2668864941827183,23.0,624.65,0.0,0.0,0.0,0.0,0.064,4.147781459949302,15.0,230.0,122.66666666666669
1804,48469,Victoria County,"92,656",66308.0,38974.0,0.0,544894058.0164819,0.2366973265278679,13,16.56,17.34,3.815384615384616,25.43753846153846,5.489253140650352,4.0,2.6558114801730874,22.0,587.12,0.0,0.0,0.0,0.0,0.032,0.3013450363319503,29.0,138.0,107.06896551724138
1805,51530,Buena Vista city,"6,672",48783.0,2941.0,0.0,2677587.3680541646,0.1584903391750191,0,0.0,0.0,0.0,0.0,8.339370305198749,0.0,0.2892814926069172,1.0,51.7,0.0,0.0,0.0,0.0,0.093,0.3224065349332102,1.0,115.0,115.0
1806,26147,St. Clair County,"160,486",66887.0,72234.0,0.0,274657843.4024332,0.126774008461104,18,59403.11,197222.71166666667,5.366666666666666,509.5890555555555,5.8422394765337895,9.0,0.8703451845909623,19.0,262.25,0.0,0.0,0.0,0.0,0.042,4.287473416867387,47.0,345.0,176.14893617021278
1807,31173,Thurston County,"6,752",63459.0,2294.0,0.0,131424638.57022572,0.1281146745519887,0,0.0,0.0,0.0,0.0,20.967630010941825,0.0,0.8876016323878503,14.0,202.86,0.0,0.0,0.0,0.0,0.046,4.944599953872611,5.0,345.0,151.8
1808,50015,Lamoille County,"26,294",69886.0,13946.0,0.0,9826062.240937956,0.008138275481565,10,5.57,4.01,5.9,1.7873,4.361352897619906,88.0,0.5099635323997349,20.0,203.36,1.0,27.000120434105717,2.2362408535610087e-08,0.0,0.15,4.143265642488672,15.0,34.5,34.5
1809,51067,Franklin County,"55,526",66275.0,28305.0,0.0,76713337.17799668,0.0416224417361196,2,79.33,900.5999999999999,33.7,21.478,13.113189850397882,0.0,0.433100338430797,27.0,383.41,0.0,0.0,0.0,0.0,0.11,2.21674539145476,9.0,138.0,138.0
1810,40011,Blaine County,"8,515",56843.0,4559.0,0.0,119901.22104172416,4.930902597177233e-05,2,27.54,237.055,10.1,4.858499999999999,27.234507305469435,58.0,2.807590927475112,15.0,635.47,0.0,0.0,0.0,0.0,0.13,5.028117418024004,11.0,345.0,138.0
1811,19103,Johnson County,"160,044",72977.0,66163.0,1.0,252057888.4495475,0.1561961450596717,5,17.19,120.98,11.94,27.6576,6.990191516438821,0.0,0.1477242609821545,14.0,334.23,0.0,0.0,0.0,0.0,0.052,0.7320076803824757,22.0,345.0,179.8181818181818
1812,20133,Neosho County,"15,637",54894.0,7239.0,0.0,362965496.5039331,0.2425460618558096,11,6.65,4.45,2.863636363636364,9.503272727272728,5.761495166171051,0.0,0.6762383640028297,15.0,337.62,0.0,0.0,0.0,0.0,0.067,5.187200631349676,19.0,345.0,95.63157894736842
1813,21089,Greenup County,"35,213",58562.0,16248.0,0.0,103460776.42254315,0.1127025529828899,1,0.75,6.1,8.1,0.145,6.80793274933021,0.0,2.5305484181618945,19.0,240.03,0.0,0.0,0.0,0.0,0.11,2.911040894820385,17.0,138.0,89.29411764705883
1814,20107,Linn County,"9,950",56697.0,5144.0,0.0,251841731.8180413,0.1603519649136492,19,18.36,7.247368421052631,3.826315789473684,7.696315789473684,3.157450998710532,0.0,2.3822022064769164,11.0,260.94,0.0,0.0,0.0,0.0,0.069,17.254992861841494,2.0,161.0,161.0
1815,49017,Garfield County,"5,256",56481.0,3564.0,0.0,0.0,0.0,7,144.4,1175.1214285714286,13.7,130.66014285714286,18.139566161730205,18.0,2.051577910897392,90.0,936.28,0.0,0.0,0.0,0.0,0.16,105.12660957763408,0.0,0.0,0.0
1816,32011,Eureka County,"1,867",73929.0,997.0,0.0,881544719.9378105,0.0814281634489127,12,10.59,13.805833333333332,12.916666666666666,1.0329166666666667,30.74173505645028,0.0,5.296380558417697,38.0,287.24,0.0,0.0,0.0,0.0,0.28,8.939005722221356,9.0,345.0,157.22222222222223
1817,31085,Hayes County,821,59405.0,484.0,0.0,65269968.30731093,0.0353308618921813,0,0.0,0.0,0.0,0.0,31.49617442730764,0.0,13.15881236234742,4.0,127.25,0.0,0.0,0.0,0.0,0.038,11.335881275009568,4.0,115.0,80.5
1818,26119,Montmorency County,"9,842",46345.0,8952.0,0.0,108.25090747885083,7.4285204641305e-08,40,60.870000000000005,5.2765,3.9625,0.23335,1.4340656834624033,0.0,2.525411790927748,27.0,314.95,0.0,0.0,0.0,0.0,0.027,1.1926239541201489,7.0,138.0,118.28571428571428
1819,26135,Oscoda County,"8,723",48692.0,7749.0,0.0,356.0594171641094,2.405441836163244e-07,27,10.52,1.6466666666666667,3.662962962962963,1.0897037037037036,2.2746203653934307,0.0,2.145312958666993,18.0,188.0,0.0,0.0,0.0,0.0,0.028,2.2067842160752944,8.0,345.0,155.25
1820,35007,Colfax County,"12,184",46286.0,9554.0,0.0,76668651.69283222,0.0078558686958652,25,22.14,3.3252,3.152,0.03596,0.202510089360888,16.0,6.578485477455497,50.0,669.88,0.0,0.0,0.0,0.0,0.083,5.79439014055678,25.0,115.0,80.96
1821,17163,St. Clair County,"250,708",68915.0,115165.0,0.0,438866.0551677356,0.0002514458592764,18,13.43,3.287222222222222,2.5166666666666666,6.619222222222223,7.083692382348576,0.0,2.5400618199033613,27.0,375.24,2.0,11853831.816474097,0.0067915868445853,0.0,0.37,1.345307552823189,40.0,345.0,176.525
1822,17189,Washington County,"13,564",75111.0,6415.0,0.0,80499.13540130925,5.511728020085946e-05,2,0.76,1.11,2.3,0.235,2.420794100110793,0.0,2.3419363656614656,16.0,425.22,0.0,0.0,0.0,0.0,0.39,4.407557568466262,11.0,345.0,194.45454545454547
1823,42009,Bedford County,"47,480",58337.0,23547.0,0.0,128286127.65180989,0.0487217349586597,3,3.05,7.116666666666667,6.666666666666667,1.641333333333333,11.201093167638676,0.0,0.6391972465137281,36.0,399.04,0.0,0.0,0.0,0.0,0.055,19.672919990929124,4.0,115.0,115.0
1824,05127,Scott County,"9,965",45340.0,4880.0,0.0,8144.0797584417105,3.500053441912638e-06,5,4.83,11.148,5.94,0.398,8.560082021716603,3.0,1.466755041612502,26.0,316.57,0.0,0.0,0.0,0.0,0.12,4.008222582514645,3.0,69.0,69.0
1825,20099,Labette County,"19,685",56143.0,9542.0,0.0,331481386.85111845,0.1959611426868496,3,5.04,16.849999999999998,5.166666666666667,34.07866666666667,5.064719504558839,0.0,2.6268398986100427,16.0,372.25,0.0,0.0,0.0,0.0,0.071,1.0433649748887264,18.0,345.0,126.5
1826,48059,Callahan County,"14,491",63906.0,6508.0,0.0,42855.14393130863,1.8359181607235223e-05,3,1.17,1.3866666666666667,3.4333333333333336,0.0546666666666666,7.859333344433125,0.0,9.222049855746295,1.0,2.25,0.0,0.0,0.0,0.0,0.035,11.25460798070826,11.0,345.0,144.27272727272728
1827,48379,Rains County,"13,542",60291.0,5811.0,0.0,169903279.35216036,0.2534505807195568,4,231.13,835.4024999999999,8.4,8.3025,7.459589527773457,0.0,2.243522368809105,16.0,230.54,0.0,0.0,0.0,0.0,0.065,14.074900680564468,2.0,345.0,345.0
1828,20067,Grant County,"7,028",84808.0,2932.0,0.0,0.0,0.0,1,0.11,0.24,2.1,0.335,16.752131965835225,0.0,24.11758017062972,0.0,0.0,0.0,0.0,0.0,0.0,0.048,3.3928296170643537,21.0,115.0,86.52380952380952
1829,51105,Lee County,"21,642",41619.0,10906.0,0.0,38260998.85532655,0.0337839643021062,1,0.24,1.16,4.8,0.027,8.988509469750216,2.0,2.970929711289675,14.0,184.36,0.0,0.0,0.0,0.0,0.24,11.476994134929337,6.0,161.0,99.66666666666669
1830,35051,Sierra County,"11,395",35256.0,8115.0,0.0,15404.406316442395,1.4033443131986435e-06,4,139.45,804.955,10.325,23.085,1.841133882676927,0.0,2.0275509623333607,45.0,247.98,1.0,2121713525.5165384,0.1932885012966811,0.0,0.16,2.517859734314248,7.0,345.0,147.85714285714286
1831,05043,Drew County,"17,054",44968.0,8289.0,0.0,736886704.5839562,0.3403590641958142,17,10.01,3.258235294117648,2.217647058823529,0.3342941176470588,1.5004400205868722,1.0,1.8237249672236164,31.0,547.28,0.0,0.0,0.0,0.0,0.16,5.474530001708518,4.0,115.0,115.0
1832,31123,Morrill County,"4,404",57325.0,2281.0,0.0,174165.19817909205,4.702294105572794e-05,18,4.69,0.5038888888888889,1.805555555555556,1.951611111111111,8.884047110254382,99.0,5.351571980397626,22.0,237.66,0.0,0.0,0.0,0.0,0.056,7.830248526439763,7.0,115.0,115.0
1833,30019,Daniels County,"1,612",47378.0,1129.0,0.0,0.0,0.0,3,0.75,0.5033333333333333,2.033333333333333,0.034,30.876799333652578,0.0,3.422477403687075,8.0,247.96,0.0,0.0,0.0,0.0,0.046,93.36972116169126,0.0,0.0,0.0
1834,12073,Leon County,"299,048",61317.0,134107.0,0.0,605676764.2551676,0.3332225425875075,25,71.83,21.9324,4.596,3.2426,4.312332945132387,4586.0,11.790752314115943,14.0,149.23,0.0,0.0,0.0,0.0,0.047,2.733710606924699,59.0,230.0,116.16949152542372
1835,40119,Payne County,"83,889",46658.0,36748.0,0.0,237567309.4739937,0.1315522626936791,4,16.39,39.7225,5.25,0.38175,10.867892303946116,11.0,0.4805582830918892,22.0,433.49,0.0,0.0,0.0,0.0,0.092,1.8047384950029728,45.0,138.0,95.06666666666666
1836,01039,Covington County,"37,947",48772.0,18644.0,0.0,250826059.84753865,0.0927830584055488,6,13.77,11.215000000000002,4.4,14.422333333333334,2.610955948670854,35.0,0.6772350055496423,25.0,414.25,0.0,0.0,0.0,0.0,0.059,6.040918843471094,25.0,230.0,133.4
1837,18093,Lawrence County,"45,568",64210.0,20538.0,0.0,116606025.33504257,0.0996215373381969,2,0.32,0.705,4.4,0.1525,9.02240403553134,0.0,0.3557577940131782,13.0,346.7,1.0,605559.8883275382,0.0005173558300456,0.0,0.17,1.2438920716402388,26.0,345.0,108.8076923076923
1838,20069,Gray County,"5,652",74500.0,2334.0,0.0,171.75876467027575,7.628740002797458e-08,0,0.0,0.0,0.0,0.0,37.16924824041968,0.0,7.838286837144919,2.0,399.83,0.0,0.0,0.0,0.0,0.048,7.369655691224398,7.0,345.0,213.57142857142856
1839,21045,Casey County,"16,205",42190.0,7388.0,0.0,82672866.71770507,0.0716114658574503,1,0.25,1.48,5.9,0.08,2.8297550000912195,0.0,0.4910466628218746,13.0,228.06,0.0,0.0,0.0,0.0,0.12,1.4813201662954043,17.0,161.0,79.82352941176471
1840,21169,Metcalfe County,"10,583",46932.0,4704.0,0.0,41111296.84277777,0.0545113670526844,0,0.0,0.0,0.0,0.0,33.14567402451432,0.0,0.0054141243948178,10.0,203.61,0.0,0.0,0.0,0.0,0.14,1.155777840531827,14.0,161.0,101.85714285714286
1841,21207,Russell County,"18,608",48220.0,10102.0,0.0,100741145.05477408,0.1375034408522346,1,159.47,7510.7,47.1,235.609,2.650922407358525,0.0,0.8669395114879016,18.0,261.29,0.0,0.0,0.0,0.0,0.13,2.8490396616878058,13.0,161.0,104.3846153846154
1842,22011,Beauregard Parish,"36,673",68525.0,15802.0,0.0,611056508.0626299,0.2023501803223847,9,8.2,9.042222222222223,4.333333333333333,2.8743333333333334,10.635849453970334,35.0,3.437479467862294,38.0,579.06,0.0,0.0,0.0,0.0,0.055,1.1038792827652573,20.0,230.0,101.2
1843,23025,Somerset County,"51,620",53527.0,29929.0,0.0,663.6725918630663,6.260025265504617e-08,188,667.41,26.493617021276595,5.272872340425532,6.084148936170212,0.330946191339325,351.0,2.0610461152633843,288.0,1587.76,0.0,0.0,0.0,0.0,0.14,24.33092072719138,23.0,115.0,115.0
1844,40025,Cimarron County,"2,059",57100.0,1378.0,0.0,0.0,0.0,1,0.31,1.32,4.2,0.006,32.921773367066244,0.0,18.08336609034426,25.0,130.11,0.0,0.0,0.0,0.0,0.065,2.7282689534261944,15.0,69.0,69.0
1845,19097,Jackson County,"19,288",69709.0,9260.0,0.0,176216472.90817565,0.1047365179762046,9,6.87,2.66,3.211111111111111,0.1434444444444444,16.925270793515917,0.0,6.018287116676261,15.0,409.77,0.0,0.0,0.0,0.0,0.053,9.576952224025344,5.0,345.0,216.2
1846,38063,Nelson County,"2,963",62219.0,1803.0,0.0,69364094.92403798,0.0265461440900097,79,69.6,4.542784810126582,2.136708860759494,0.3236202531645569,1.201081121294998,771.0,19.69179008497972,4.0,148.59,0.0,0.0,0.0,0.0,0.021,1.9367342052735952,21.0,230.0,70.17142857142856
1847,36019,Clinton County,"78,138",67097.0,37309.0,0.0,311785747.94234985,0.1077223661567376,21,33.870000000000005,15.967619047619047,5.380952380952381,4.301714285714286,4.004972170054568,18.0,1.3093775056236991,55.0,406.35,0.0,0.0,0.0,0.0,0.32,7.90726501718127,37.0,230.0,153.54054054054055
1848,08045,Garfield County,"63,474",82772.0,24313.0,0.0,5250231.294305296,0.0006858112535997,20,8.01,3.2455,6.16,8.8185,11.94036839752027,300.0,0.6204052631771304,77.0,1103.1,0.0,0.0,0.0,0.0,0.18,20.124580418527977,0.0,0.0,0.0
1849,26097,Mackinac County,"11,236",60620.0,10572.0,0.0,454697253.61172897,0.08357772110947,57,117241.13,147549.65999999997,5.531578947368422,194.02880701754387,0.0,0.0,1.7978034492171426,37.0,284.88,0.0,0.0,0.0,0.0,0.022,4.307444925866844,29.0,138.0,95.17241379310344
1850,48307,McCulloch County,"7,472",53214.0,4233.0,0.0,388485.0836995137,0.000139733794619,2,3.77,131.215,37.65,0.7879999999999999,7.470587265611989,0.0,6.235551340526205,13.0,418.1,0.0,0.0,0.0,0.0,0.028,5.908265970552996,1.0,69.0,69.0
1851,28141,Tishomingo County,"18,639",45545.0,10522.0,0.0,144743785.20876467,0.12572213941663,6,184.6,267.1466666666667,5.7,330.38633333333337,4.323972693957129,0.0,2.131145157024853,28.0,120.22,0.0,0.0,0.0,0.0,0.25,10.150335465623805,8.0,161.0,161.0
1852,48105,Crockett County,"2,769",64103.0,1855.0,0.0,15935.891136687793,2.1917086408996694e-06,0,0.0,0.0,0.0,0.0,47.33350169188772,0.0,25.70106852173072,3.0,397.46,0.0,0.0,0.0,0.0,0.034,44.2079456635707,4.0,345.0,241.5
1853,48217,Hill County,"39,503",60669.0,16236.0,0.0,369465020.0760973,0.1447194066694691,3,80.52,1011.69,28.0,18.773,6.159387607629366,2.0,4.615421014421122,19.0,364.89,0.0,0.0,0.0,0.0,0.043,10.58448963453588,8.0,345.0,215.625
1854,08075,Logan County,"20,654",54864.0,8693.0,0.0,369935059.2956669,0.077419587596871,4,23.880000000000003,62.9875,8.325,0.0849999999999999,14.4793779777011,61.0,0.2321640029772585,22.0,311.07,0.0,0.0,0.0,0.0,0.045,50.13504297295658,0.0,0.0,0.0
1855,20055,Finney County,"37,505",68481.0,14174.0,0.0,0.0,0.0,3,0.49,0.33,2.033333333333333,6.632000000000001,11.933051429210144,1.0,12.221809904756944,2.0,89.03,0.0,0.0,0.0,0.0,0.045,8.116632495105092,38.0,345.0,109.85526315789474
1856,48473,Waller County,"69,858",71643.0,19537.0,0.0,329629610.06609786,0.2457388558974848,1,0.5,0.44,0.9,0.029,8.062759820020904,0.0,4.416280799883406,14.0,510.62,0.0,0.0,0.0,0.0,0.038,7.517926682105659,4.0,138.0,138.0
1857,01099,Monroe County,"18,965",39965.0,10214.0,0.0,331929078.6258787,0.1238966806530305,5,1.38,0.8800000000000001,3.12,0.8788,18.66698331620396,0.0,0.5640516137676248,20.0,414.91,0.0,0.0,0.0,0.0,0.078,8.676144001520155,6.0,230.0,153.33333333333334
1858,50009,Essex County,"6,051",55247.0,4905.0,0.0,2548073.0764874923,0.0014608674950701,19,28.94,18.34842105263158,6.805263157894737,5.482473684210526,5.9708863682626285,341.0,2.4015071858312056,43.0,273.43,0.0,0.0,0.0,0.0,0.13,23.89042680371053,1.0,450.0,450.0
1859,29015,Benton County,"20,536",50229.0,13591.0,0.0,247733009.6110921,0.1271049142027179,6,363.24,1620.0833333333333,11.216666666666669,211.89883333333333,1.6802575187092823,0.0,2.5731057112468028,38.0,330.39,0.0,0.0,0.0,0.0,0.11,1.7872193937809184,9.0,161.0,161.0
1860,05109,Pike County,"9,964",49248.0,5319.0,0.0,8234.516610265477,5.178465251648684e-06,2,22.68,370.85,18.2,5.5165,1.5022298068048048,16.0,5.300777441455526,23.0,300.39,0.0,0.0,0.0,0.0,0.12,3.0224653355924924,8.0,115.0,80.5
1861,08077,Mesa County,"162,845",68077.0,67708.0,0.0,42084929.999447264,0.0048634315130018,39,11.49,2.0212820512820517,4.361538461538461,23.24930769230769,4.6676164360813335,170.0,3.4728876680145877,49.0,987.9,0.0,0.0,0.0,0.0,0.12,44.94716442108904,0.0,0.0,0.0
1862,29065,Dent County,"14,584",51410.0,6849.0,0.0,110430766.8612456,0.0565106047309973,6,0.92,0.6433333333333333,3.983333333333333,0.0671666666666666,4.286150349469562,0.0,8.821778185700987,19.0,156.44,0.0,0.0,0.0,0.0,0.27,6.201448087870146,8.0,345.0,149.5
1863,51185,Tazewell County,"38,635",46508.0,19866.0,0.0,30952777.98394688,0.0229861568675791,3,0.69,1.5633333333333332,6.6000000000000005,0.2933333333333333,5.557847556354362,0.0,0.0821255645030095,24.0,314.18,0.0,0.0,0.0,0.0,0.16,4.6656487024695386,19.0,138.0,99.84210526315788
1864,42103,Pike County,"62,808",76416.0,39747.0,0.0,93021940.80243862,0.0633641316896182,61,47.32,7.908360655737705,4.934426229508197,0.4431475409836065,0.3222887890780407,49.0,2.492233533747311,72.0,457.81,0.0,0.0,0.0,0.0,0.097,10.986916136061062,14.0,500.0,122.78571428571428
1865,42115,Susquehanna County,"38,237",63968.0,21365.0,0.0,99861742.133378,0.0463346268563653,35,7.8,1.6662857142857144,6.974285714285714,6.179228571428571,2.921273875196245,0.0,2.279282406965152,51.0,403.79,0.0,0.0,0.0,0.0,0.065,1.1616928985211394,8.0,115.0,97.75
1866,48343,Morris County,"12,133",51532.0,5815.0,0.0,1108494.9835977792,0.0016543923168884,10,77.4,253.234,8.870000000000001,3.0525,7.752239589969629,9.0,2.5917387625555985,7.0,220.5,0.0,0.0,0.0,0.0,0.074,11.426684690410742,13.0,345.0,132.69230769230768
1867,42125,Washington County,"210,802",74403.0,97031.0,0.0,79111979.57182278,0.0354827406201959,7,2.39,1.8857142857142857,5.2,0.2814285714285714,4.941829176734061,0.0,1.359069141872992,33.0,411.01,0.0,0.0,0.0,0.0,0.052,3.228335154643578,34.0,345.0,144.08823529411765
1868,50001,Addison County,"38,048",85870.0,17455.0,0.0,12908.087560576423,6.169918594464493e-06,20,14.69,4.4525,4.16,8.50745,7.308570171653207,86.0,2.9711140193061074,48.0,456.0,0.0,0.0,0.0,0.0,0.16,1.9059291215005416,16.0,345.0,86.25
1869,20103,Leavenworth County,"84,590",84307.0,31280.0,0.0,186967688.59634197,0.1539390008424175,4,1.04,1.105,3.9,0.061,10.911292580669691,7.0,0.4244728638303887,11.0,294.57,1.0,23078822.9822058,0.0190018445281742,0.0,0.063,1.9816559723618696,13.0,345.0,150.3846153846154
1870,26121,Muskegon County,"177,901",61347.0,74639.0,0.0,127933445.7123603,0.0338318064413865,35,57777.58,138865.522,6.331428571428571,55.9016,0.0,0.0,12.890675531402916,13.0,181.55,0.0,0.0,0.0,0.0,0.039,18.751146646470914,18.0,345.0,161.0
1871,51680,Lynchburg city,"81,347",56243.0,33821.0,1.0,7883131.893035471,0.061528225278307,0,0.0,0.0,0.0,0.0,10.378599794774887,0.0,0.3099298974835775,4.0,255.07,0.0,0.0,0.0,0.0,0.097,2.8738109888743866,9.0,138.0,138.0
1872,05125,Saline County,"133,288",73236.0,51927.0,0.0,219598191.7525777,0.1160756367790091,15,13.31,10.858666666666666,6.713333333333334,0.3902666666666666,8.49200812111528,4.0,3.914376070661106,25.0,312.27,0.0,0.0,0.0,0.0,0.21,4.240349673250473,25.0,500.0,145.8
1873,42089,Monroe County,"167,179",80656.0,79377.0,0.0,124631421.09313264,0.0779769196130414,35,14.92,2.623428571428572,4.454285714285715,0.3093714285714286,4.734873034068675,0.0,3.979059067381319,55.0,419.07,1.0,5684757.876557417,0.0035567267393081,0.0,0.094,2.375410925860342,43.0,230.0,103.23255813953487
1874,05101,Newton County,"7,026",50699.0,4124.0,0.0,46.05147353038818,2.1594937706203763e-08,0,0.0,0.0,0.0,0.0,46.92050240299925,0.0,4.7005596790367,19.0,354.15,0.0,0.0,0.0,0.0,0.19,17.1445491382381,2.0,161.0,161.0
1875,38019,Cavalier County,"3,497",61174.0,2114.0,0.0,2246712.430495813,0.0005745405525901,45,20.11,0.8222222222222222,1.6755555555555557,0.0442444444444444,6.633484781415814,3076.0,19.554010272581912,7.0,127.04,0.0,0.0,0.0,0.0,0.019,3.2266997243408806,11.0,115.0,78.25454545454545
1876,01045,Dale County,"49,912",52813.0,22829.0,0.0,167261920.9117708,0.1147730417742917,3,2.69,7.91,5.966666666666666,1.3626666666666667,2.7568524466471738,43.0,4.553477763295544,14.0,353.99,4.0,181296834.36006463,0.124403624149041,0.0,0.057,1.6348598117744313,26.0,230.0,128.26923076923077
1877,20109,Logan County,"2,661",70382.0,1372.0,0.0,0.0,0.0,1,0.21,0.51,2.4,0.0,11.994538788991887,0.0,2.4433924515634344,1.0,32.87,0.0,0.0,0.0,0.0,0.042,18.41795359982928,2.0,345.0,189.75
1878,06039,Madera County,"167,927",73543.0,49880.0,0.0,768170500.0980811,0.1377558755049005,18,37.61,61.64944444444445,14.22222222222222,16.078722222222222,12.103653957112847,142.0,3.6354778579174623,47.0,543.2,0.0,0.0,0.0,0.0,0.3,6.6462594173853295,43.0,230.0,110.0
1879,29075,Gentry County,"6,384",53799.0,2934.0,0.0,171369141.29054943,0.1345613451214326,3,0.48,0.5,3.1,0.0853333333333333,7.059772804245524,0.0,0.3542344975251167,9.0,358.12,0.0,0.0,0.0,0.0,0.053,1.946036913587652,7.0,161.0,82.14285714285714
1880,31009,Blaine County,458,52083.0,294.0,0.0,3.647302762098289,1.971382069853358e-09,3,1.78,1.82,2.6333333333333333,0.0556666666666666,16.85541236649871,0.0,6.125490485271984,6.0,414.33,0.0,0.0,0.0,0.0,0.057,31.772813304169865,0.0,0.0,0.0
1881,49009,Daggett County,934,61250.0,1147.0,0.0,4269.427646890505,2.2889966462216337e-06,5,127.95,871.3960000000001,14.139999999999995,39.444,2.0637159049624705,3.0,2.384882711415451,29.0,150.23000000000002,0.0,0.0,0.0,0.0,0.17,49.25787117134509,0.0,0.0,0.0
1882,56031,Platte County,"8,634",64753.0,4624.0,0.0,6005.008643008737,1.0983988784982238e-06,10,58.98,87.30499999999999,6.69,18.958800000000004,1.7488348013935626,0.0,1.4282421669889247,42.0,593.0600000000001,1.0,319168902.8174244,0.0583803930597702,0.0,0.13,65.28986959606966,0.0,0.0,0.0
1883,37071,Gaston County,"246,558",62628.0,98616.0,0.0,75047536.32479872,0.0796734827133023,7,44.6,52.24857142857143,4.942857142857143,43.752428571428574,1.1397488661014754,13.0,0.4102949979393072,23.0,212.28,0.0,0.0,0.0,0.0,0.13,0.2976549973215746,118.0,500.0,115.50847457627118
1884,47081,Hickman County,"26,219",54669.0,10503.0,0.0,95009167.2433654,0.0598785251107642,0,0.0,0.0,0.0,0.0,25.18051482573834,0.0,1.6069717952324067,10.0,371.89,0.0,0.0,0.0,0.0,0.27,4.040008991726153,11.0,161.0,161.0
1885,28143,Tunica County,"8,819",41676.0,4637.0,0.0,531272782.6019361,0.4308069020936856,22,34.46,7.171363636363637,2.518181818181818,0.7791818181818182,2.2544549910413587,78.0,0.3288295993111219,20.0,259.63,0.0,0.0,0.0,0.0,0.45,2.657328040906869,7.0,230.0,147.85714285714286
1886,29081,Harrison County,"8,281",51809.0,4041.0,0.0,217474826.03138143,0.1155932139518884,3,1.26,1.7033333333333334,3.7,0.1686666666666666,4.860091110678933,0.0,0.7726283035356979,18.0,294.79,0.0,0.0,0.0,0.0,0.053,5.982769094750547,4.0,69.0,69.0
1887,72029,Canóvanas Municipio,,26021.0,17553.0,0.0,14463344.761537245,0.1691768607153868,0,0.0,0.0,0.0,0.0,9.845144832241186,0.0,0.1838259936844116,6.0,77.56,0.0,0.0,0.0,0.0,0.45,126.72805408079071,0.0,0.0,0.0
1888,18005,Bartholomew County,"85,729",76912.0,35328.0,1.0,228401143.5962464,0.215333833973401,10,3.19,2.049,3.87,7.8362,2.4806203185779068,0.0,0.2470641712340253,14.0,502.71,1.0,104373591.41289622,0.0984021588098631,0.0,0.14,1.2333793337471295,40.0,345.0,91.425
1889,13223,Paulding County,"190,996",89237.0,59896.0,0.0,39261874.46125396,0.048216370759926,2,0.37,0.6399999999999999,3.55,2.0675,15.397889438313204,49.0,0.4733885367805684,6.0,156.95,0.0,0.0,0.0,0.0,0.15,0.7519978151856136,20.0,500.0,238.0
1890,39015,Brown County,"44,397",66677.0,19374.0,0.0,45622207.70291799,0.0357319347841673,4,2.2,1.6775,3.4,0.9365,5.952615866760242,0.0,2.434923303341309,21.0,302.06,0.0,0.0,0.0,0.0,0.12,9.38896788852644,12.0,345.0,201.25
1891,47141,Putnam County,"86,612",54371.0,35507.0,0.0,23204817.34097308,0.0222558634228448,6,97.01,606.3333333333334,14.0,74.9995,4.566208095094407,9.0,3.800565950330054,20.0,243.27,0.0,0.0,0.0,0.0,0.16,3.166639868175511,20.0,161.0,161.0
1892,38101,Ward County,"68,233",78143.0,32297.0,0.0,429.6376329555559,8.068366826689477e-08,85,71.4,5.635411764705882,2.947058823529412,0.4716235294117647,9.690866528668804,12.0,4.579631050139285,25.0,292.96000000000004,1.0,20096322.662213333,0.0037739827861639,0.0,0.026,8.260525357057746,55.0,230.0,113.58545454545454
1893,25027,Worcester County,"888,502",88524.0,351506.0,0.0,292748136.49905133,0.071576791240107,199,208.63,15.224020100502512,4.832663316582915,0.6119246231155778,0.0,7814.0,3.817243393760959,162.0,753.32,2.0,20065110.54072994,0.0049059107448431,0.0,0.12,5.782427363927967,141.0,345.0,115.65248226950357
1894,39091,Logan County,"46,302",69125.0,23711.0,0.0,107075003.80355388,0.0885563510120709,2,17.69,43.265,3.65,1.809,5.2791999491561485,0.0,1.1022721797569144,22.0,441.39,0.0,0.0,0.0,0.0,0.14,4.651041964984243,4.0,138.0,138.0
1895,06031,Kings County,"154,327",68540.0,46500.0,0.0,1408825672.858698,0.3907146220514317,15,25.02,1.5506666666666669,0.9933333333333334,4.368933333333334,11.307335639845844,0.0,0.857211124636524,7.0,360.37,2.0,64141019.85817577,0.0177884565952213,0.0,0.53,10.216678739420328,37.0,230.0,83.16216216216216
1896,06073,San Diego County,"3,282,248",96974.0,1230349.0,5.0,504596892.7419159,0.0430469416084893,27,34.42,26.00074074074074,15.72222222222222,0.7105555555555555,8.119052757022102,153.0,7.715706045711313,69.0,226.85,23.0,709868330.8866252,0.06055855878015,0.0,0.51,16.522699131485215,109.0,500.0,132.45871559633028
1897,72123,Salinas Municipio,,20123.0,12874.0,0.0,51497172.99516215,0.174228953726636,4,0.7,0.2325,1.275,0.051,2.834755768744826,0.0,3.011559215389132,3.0,7.75,1.0,50395220.99557993,0.1705007501617098,0.0,0.43,84.20746541991548,0.0,0.0,0.0
1898,13079,Crawford County,"12,206",56948.0,5187.0,0.0,60385952.76840247,0.0714194734368702,0,0.0,0.0,0.0,0.0,17.686789234026328,90.0,7.44395458363514,6.0,325.95,0.0,0.0,0.0,0.0,0.097,11.090107225116538,3.0,230.0,153.33333333333334
1899,72103,Naguabo Municipio,,20486.0,11227.0,0.0,30651129.67864708,0.1637773777831972,0,0.0,0.0,0.0,0.0,4.551563764451027,0.0,1.697789248887277,3.0,10.53,0.0,0.0,0.0,0.0,0.45,141.95982505836307,0.0,0.0,0.0
1900,29037,Cass County,"115,859",82473.0,44013.0,0.0,263277368.0003875,0.144722582101138,11,4.59,2.598181818181818,4.172727272727273,0.3340909090909091,4.538458487608614,0.0,3.4594224089279657,15.0,215.04,0.0,0.0,0.0,0.0,0.074,3.243468731738886,22.0,345.0,161.0
1901,36027,Dutchess County,"300,708",94578.0,122129.0,0.0,193683023.53201708,0.090611711566617,35,9.66,1.5268571428571427,4.971428571428572,0.5758,5.329217025864212,240.0,1.9981605217208955,46.0,435.42,0.0,0.0,0.0,0.0,0.11,4.894049575935354,42.0,345.0,163.1904761904762
1902,48477,Washington County,"38,288",70043.0,17083.0,0.0,313576968.1005525,0.1947287798055426,1,43.58,1269.0,29.1,17.409,14.70725020492961,0.0,0.120606552675341,16.0,485.4,0.0,0.0,0.0,0.0,0.037,8.532749327267181,9.0,138.0,138.0
1903,08101,Pueblo County,"169,277",59436.0,72364.0,0.0,260699099.5941149,0.041979283475107,11,20.8,57.22,6.9,1.5061818181818185,9.803319916788112,45.0,4.241452636693639,34.0,583.57,2.0,285476059.0559443,0.045969013422463,0.0,0.08,89.11948601857212,0.0,0.0,0.0
1904,29067,Douglas County,"12,342",47848.0,5419.0,0.0,5891.579104910394,2.7924897440589946e-06,0,0.0,0.0,0.0,0.0,38.50974507508029,0.0,0.1700319985257403,19.0,295.98,0.0,0.0,0.0,0.0,0.2,6.334411558217703,9.0,161.0,79.22222222222223
1905,38009,Bottineau County,"6,284",80113.0,3976.0,0.0,4938656.4437919175,0.0011231846194092,40,27.36,2.8855,3.2,0.6606500000000001,16.724587283677288,1202.0,3.0234160517731983,14.0,251.96,0.0,0.0,0.0,0.0,0.024,5.78067935582472,15.0,115.0,115.0
1906,37051,Cumberland County,"338,473",55551.0,142702.0,0.0,146435838.0723392,0.0858634820977974,14,2.77,0.52,2.457142857142857,0.751,7.038849351044999,400.0,2.573868894288415,13.0,464.17,1.0,191402236.10106757,0.1122297839742195,0.0,0.1,0.8981359287777128,172.0,230.0,102.48255813953487
1907,56017,Hot Springs County,"4,600",64031.0,2552.0,0.0,0.0,0.0,1,0.65,21.2,32.5,0.93,31.496612566982808,0.0,2.6778152065641487,45.0,582.87,0.0,0.0,0.0,0.0,0.18,62.167435669676586,0.0,0.0,0.0
1908,26001,Alcona County,"10,556",50295.0,10320.0,0.0,114818342.64955305,0.0247573327930514,25,59448.850000000006,142005.9348,6.184,367.8748800000001,0.0,0.0,16.34050121453066,36.0,233.65,0.0,0.0,0.0,0.0,0.029,24.13076819229597,8.0,138.0,138.0
1909,06061,Placer County,"442,081",109375.0,173090.0,0.0,364812561.037336,0.0937635114028533,19,552.37,7461.745789473684,35.02105263157895,8.113263157894735,8.70651243335214,215.0,2.731479867943306,50.0,518.1800000000001,0.0,0.0,0.0,0.0,0.39,6.454301682411459,53.0,230.0,108.86792452830188
1910,05129,Searcy County,"7,848",42063.0,4725.0,0.0,8.118630971802386,4.689921305425362e-09,0,0.0,0.0,0.0,0.0,45.15990006641895,0.0,0.0598124726892797,11.0,335.47,0.0,0.0,0.0,0.0,0.24,3.4836899340653287,4.0,161.0,161.0
1911,48305,Lynn County,"6,017",52996.0,2535.0,0.0,281710.14434714627,0.00012173665637,13,13.41,3.853846153846154,2.9153846153846152,0.0043846153846153,4.615579652835855,0.0,39.06874009195785,0.0,0.0,0.0,0.0,0.0,0.0,0.036,2.158822037809326,17.0,230.0,92.0
1912,36077,Otsego County,"60,589",65778.0,29965.0,0.0,157798846.96416724,0.0599812844882576,19,27.62,27.42736842105263,6.526315789473684,2.493105263157895,3.0410239148357774,5.0,1.6749725716602175,40.0,505.26,0.0,0.0,0.0,0.0,0.092,5.457106722083404,12.0,345.0,153.33333333333334
1913,37153,Richmond County,"42,041",42354.0,19768.0,0.0,110041921.30452871,0.0885702943836021,9,11.38,14.47222222222222,4.833333333333333,29.105777777777774,3.451549299645059,92.0,3.444232206518296,30.0,365.96,1.0,10431430.925522882,0.0083960266865837,0.0,0.13,5.519892854488917,28.0,500.0,231.42857142857144
1914,49027,Millard County,"14,057",69403.0,4942.0,0.0,0.0,0.0,35,535.04,87.21142857142857,2.2542857142857144,6.191628571428571,0.0,5.0,0.0095302518034559,32.0,235.97,0.0,0.0,0.0,0.0,0.16,26.498242106305632,1.0,230.0,230.0
1915,49029,Morgan County,"13,383",120854.0,3750.0,0.0,25413187.43972104,0.0160614070581512,2,3.23,42.0,25.1,1.9455,18.010933478643157,29.0,3.3345197230987385,24.0,143.87,0.0,0.0,0.0,0.0,0.29,4.111953876845831,14.0,115.0,75.57142857142857
1916,48257,Kaufman County,"209,235",84075.0,51145.0,0.0,533095629.69120616,0.2548925527392203,11,202.9,189.7663636363636,4.3090909090909095,5.724545454545455,0.6742840507526321,3.0,1.8598489715726176,19.0,196.31,0.0,0.0,0.0,0.0,0.058,11.924009800631556,16.0,345.0,189.75
1917,04011,Greenlee County,"9,312",73756.0,4409.0,0.0,141476550.34845322,0.0295674507749674,1,0.23,1.16,5.0,0.002,21.69934737832672,0.0,3.094041013742075,39.0,390.84,0.0,0.0,0.0,0.0,0.13,15.487154875702878,5.0,345.0,299.0
1918,04013,Maricopa County,"4,689,558",80675.0,1821463.0,60.0,1892764552.9243157,0.0792111430977262,18,97.2,175.02944444444444,18.444444444444443,14.192388888888887,4.632697159499288,161.0,2.374487546398965,58.0,327.5,8.0,2945914423.206211,0.1232848790250847,1.0,0.075,5.684359156622994,146.0,500.0,234.1917808219178
1919,26129,Ogemaw County,"21,121",50377.0,15346.0,0.0,0.0,0.0,50,21.3,1.7126,3.412,0.15672,4.878368036120332,0.0,4.626897615291271,17.0,158.12,0.0,0.0,0.0,0.0,0.029,7.431641712506485,8.0,138.0,138.0
1920,47087,Jackson County,"12,466",42357.0,5833.0,0.0,57014395.2098214,0.0688941166910001,2,36.93,528.2900000000001,17.2,178.865,0.6672660682474003,0.0,0.739011456349345,27.0,181.05,0.0,0.0,0.0,0.0,0.15,13.505529362694292,1.0,161.0,161.0
1921,17159,Richland County,"15,219",61607.0,7364.0,0.0,44489.43022728784,4.7462537684521954e-05,3,3.1,9.673333333333334,4.9,0.4323333333333333,4.732067353368256,0.0,2.2529160261176235,11.0,310.24,0.0,0.0,0.0,0.0,0.35,0.1930913670373597,8.0,69.0,69.0
1922,72045,Comerío Municipio,,16153.0,7411.0,0.0,1665384.6390963232,0.0225426047035436,0,0.0,0.0,0.0,0.0,9.527081579049948,0.0,0.2761216925546965,1.0,52.71,0.0,0.0,0.0,0.0,0.44,89.22142088983503,0.0,0.0,0.0
1923,15009,Maui County,"160,592",95379.0,71801.0,0.0,122234637.92587195,0.0196783080234241,1,0.68,1.8,2.7,0.0,16.049832169425024,0.0,1.4998478622046587,47.0,202.0,1.0,21351.21742778501,3.437289465150257e-06,0.0,0.38,10.14862029626067,14.0,69.0,69.0
1924,22057,Lafourche Parish,"95,505",61381.0,41108.0,0.0,10245303.068210617,0.002693853223691,224,741.6,3.3344642857142857,1.00625,2.2286651785714287,0.8727133388222658,0.0,5.573255398862151,60.0,336.51,0.0,0.0,0.0,0.0,0.051,18.57957531031821,9.0,230.0,217.22222222222223
1925,19139,Muscatine County,"41,853",67427.0,18386.0,0.0,245268412.22673345,0.2108517485819899,6,1.41,0.5316666666666666,2.15,0.1703333333333333,4.103013957510787,0.0,4.847991491093669,12.0,238.15,0.0,0.0,0.0,0.0,0.059,6.940514668147419,19.0,345.0,151.31578947368422
1926,12113,Santa Rosa County,"211,115",84715.0,76585.0,0.0,534894499.3876469,0.1689815789083312,6,1.39,0.8116666666666666,3.25,12.668833333333334,3.292785077605151,4572.0,2.765247203049548,20.0,407.05,7.0,290033731.9238068,0.0916262141660984,0.0,0.053,3.9187714212422,38.0,230.0,133.1578947368421
1927,18101,Martin County,"9,856",65489.0,4593.0,0.0,140826951.49136838,0.1597313172932848,4,5.42,15.2825,8.1,0.5935,5.924320286725144,0.0,2.2033257723875908,11.0,337.33000000000004,1.0,237761696.0455386,0.2696784138905914,0.0,0.2,11.237906009047204,11.0,138.0,87.81818181818181
1928,21203,Rockcastle County,"16,148",45693.0,7353.0,0.0,34771571.844906025,0.042205398201624,1,1.36,15.48,11.3,0.614,2.6850693197509607,0.0,1.6338008765297,15.0,208.36,0.0,0.0,0.0,0.0,0.13,3.734577376119773,13.0,69.0,69.0
1929,21223,Trimble County,"8,701",66492.0,3864.0,0.0,43001544.71595805,0.1064443564031759,1,0.33,1.63,4.9,0.068,6.929913332597145,0.0,5.676784871227859,9.0,121.71,0.0,0.0,0.0,0.0,0.12,4.717049332547834,7.0,345.0,167.57142857142858
1930,01107,Pickens County,"18,221",45339.0,8714.0,0.0,468663849.2028192,0.2032893439721034,12,10.95,3.223333333333333,3.283333333333333,32.609,0.8728740443071131,32.0,1.6029599750471126,24.0,537.17,0.0,0.0,0.0,0.0,0.19,22.903029647473065,1.0,115.0,115.0
1931,40045,Ellis County,"3,613",57768.0,2143.0,0.0,116934.9149283069,3.665139984815644e-05,1,0.43,1.43,3.3,0.033,23.01348706518028,2.0,6.987349850429599,25.0,282.11,0.0,0.0,0.0,0.0,0.08,12.407460859983454,5.0,345.0,179.4
1932,17145,Perry County,"20,160",56338.0,9170.0,0.0,129877953.01416992,0.1121778232477213,15,7.12,1.1813333333333331,2.546666666666667,0.4842666666666666,2.8984836912856533,0.0,0.4208562965809904,12.0,218.21,0.0,0.0,0.0,0.0,0.43,3.541334293532423,6.0,230.0,230.0
1933,19075,Grundy County,"12,361",80701.0,5457.0,0.0,106868866.41336375,0.0822136358434381,0,0.0,0.0,0.0,0.0,21.893965968112227,0.0,1.69165408123588,5.0,148.57,0.0,0.0,0.0,0.0,0.037,10.515728303139635,3.0,161.0,161.0
1934,08107,Routt County,"25,329",95144.0,16642.0,0.0,47006943.76078872,0.0076640483106453,11,12.71,13.44818181818182,8.090909090909092,0.5065454545454545,14.83192220632206,26.0,0.1185450561490757,79.0,843.37,0.0,0.0,0.0,0.0,0.18,14.483242671763472,2.0,115.0,115.0
1935,34035,Somerset County,"356,486",131948.0,131989.0,14.0,80280590.44807568,0.1016435041829646,1,0.16,1.16,7.1,1.491,16.26537979733003,291.0,0.5974075660448275,24.0,294.35,0.0,0.0,0.0,0.0,0.15,2.1824760042282367,15.0,500.0,248.0
1936,06011,Colusa County,"21,836",69619.0,8107.0,0.0,955645499.0649987,0.3190898297613902,16,21.66,4.78875,1.85625,1.834,9.572138617398966,19.0,3.9806788312598336,41.0,453.65,0.0,0.0,0.0,0.0,0.53,6.605665742468862,26.0,500.0,102.5
1937,17087,Johnson County,"13,363",63295.0,5536.0,0.0,28815.866560658924,3.190814556496876e-05,7,9.3,15.335714285714284,4.7,1.0687142857142855,3.2453701612886343,0.0,2.6041815720716803,20.0,193.05,0.0,0.0,0.0,0.0,0.68,0.6633989509579252,17.0,345.0,105.52941176470588
1938,08053,Hinsdale County,753,58712.0,1406.0,0.0,38711145.15153517,0.013307649861508,18,11.37,12.208888888888888,10.844444444444443,0.4645555555555555,2.8532815297127385,160.0,0.3389252730918676,35.0,515.48,0.0,0.0,0.0,0.0,0.16,85.47698115920451,0.0,0.0,0.0
1939,16031,Cassia County,"26,397",63525.0,8904.0,0.0,0.0,0.0,4,34.15,47.1525,8.925,140.43225,27.64291524522266,2.0,4.508918975671135,64.0,444.97,0.0,0.0,0.0,0.0,0.15,94.67541581293028,0.0,0.0,0.0
1940,27059,Isanti County,"44,386",84063.0,16682.0,0.0,297495338.8780287,0.2542973997232473,51,27.14,1.777450980392157,2.794117647058824,0.1386470588235294,0.2545679178758156,0.0,2.7006210284454344,17.0,206.35,0.0,0.0,0.0,0.0,0.023,3.819234351636558,15.0,230.0,79.73333333333333
1941,42049,Erie County,"265,832",59396.0,119910.0,0.0,178233164.85085222,0.0441672387514842,5,25770.26,99802.074,7.08,1959.7262000000003,1.4307526226948029,0.0,4.885823945817339,26.0,306.76,0.0,0.0,0.0,0.0,0.057,1.384404510017553,23.0,345.0,145.0
1942,28029,Copiah County,"27,497",46889.0,12411.0,0.0,289394208.0177582,0.143349359113267,4,1.29,1.39,3.95,0.1325,8.848230631804649,18.0,2.4115435313025646,21.0,547.63,0.0,0.0,0.0,0.0,0.086,6.015983482856083,9.0,500.0,157.77777777777777
1943,48467,Van Zandt County,"66,130",62334.0,25484.0,0.0,351579850.6173653,0.1579140468123481,12,142.05999999999997,171.67333333333332,3.608333333333333,1.6458333333333333,3.0781540717315923,1.0,3.3100780654498467,25.0,355.59000000000003,0.0,0.0,0.0,0.0,0.06,2.7194647486216628,19.0,345.0,159.78947368421052
1944,51161,Roanoke County,"97,150",80872.0,42135.0,0.0,16945402.585874017,0.0260429272227414,2,2.58,21.25,23.9,0.3399999999999999,10.141511101901736,0.0,1.3129060364138998,10.0,194.22,0.0,0.0,0.0,0.0,0.15,5.099308080411454,16.0,345.0,150.9375
1945,51015,Augusta County,"78,940",76124.0,32675.0,0.0,94900896.46407951,0.037745267356879,1,0.21,1.71,8.1,0.737,19.778295063638623,0.0,2.8370769093547445,10.0,300.09,0.0,0.0,0.0,0.0,0.086,0.9337308733214742,25.0,500.0,188.8
1946,02060,Bristol Bay Borough,847,94167.0,875.0,0.0,0.0,0.0,156,633.18,300.82935897435897,2.3653846153846154,1.6412115384615384,1.423737265613677,0.0,3.935218241091925,45.0,307.62,1.0,1482673.5122503613,0.0006742721395266,0.0,0.3,290.0501823881839,0.0,0.0,0.0
1947,41009,Columbia County,"54,091",83265.0,21773.0,0.0,228953517.14795703,0.1283037147239404,14,15.42,2.650714285714286,2.2642857142857142,2.604285714285715,18.26861828096273,111.0,3.205965035407552,17.0,517.02,0.0,0.0,0.0,0.0,0.54,12.835283552599089,1.0,500.0,500.0
1948,45041,Florence County,"138,504",56088.0,60896.0,0.0,386458016.6023166,0.1855236152899236,5,1.46,0.8460000000000001,2.5,0.6584,18.82078987760899,418.0,0.5889730548900234,20.0,568.36,0.0,0.0,0.0,0.0,0.24,5.356497938245915,76.0,230.0,111.67105263157896
1949,38061,Mountrail County,"9,395",81886.0,5045.0,0.0,974.4770883881596,1.938003182519244e-07,52,1172.76,585.8821153846154,4.063461538461539,15.563923076923077,4.498687364074469,3.0,4.306802285021817,34.0,252.39,0.0,0.0,0.0,0.0,0.03,3.110840600034434,36.0,230.0,121.38888888888889
1950,49053,Washington County,"213,670",71976.0,75758.0,1.0,59807635.07459125,0.0095004997531406,8,5.46,12.18875,11.4375,0.461875,13.338414956180369,25.0,11.244435172980111,37.0,284.35,1.0,278552.32892290223,4.424830255983642e-05,0.0,0.26,16.835905819292567,6.0,115.0,115.0
1951,30003,Big Horn County,"12,752",52463.0,4531.0,0.0,1240.094594099861,9.545370777880763e-08,9,24.71,223.28666666666663,26.25555555555556,38.45966666666666,29.698124602111,2.0,6.721178161087183,87.0,1122.02,0.0,0.0,0.0,0.0,0.08,52.26431628251241,6.0,500.0,212.66666666666663
1952,42047,Elk County,"29,926",61672.0,16898.0,0.0,77054426.52984437,0.0357651365891654,5,5.220000000000001,27.234,11.72,1.4042,3.820546799185743,0.0,0.7457787860388435,33.0,478.14,0.0,0.0,0.0,0.0,0.051,2.8203342146636303,13.0,345.0,171.6153846153846
1953,31165,Sioux County,"1,188",50833.0,691.0,0.0,356200.79978386825,6.652423824391528e-05,4,0.84,0.45,2.075,0.00825,39.800799117882384,1.0,6.983949302187163,33.0,287.67,0.0,0.0,0.0,0.0,0.092,23.54056526038369,1.0,115.0,115.0
1954,28031,Covington County,"17,898",40164.0,8335.0,0.0,205864303.01682255,0.1915612517060419,2,0.47,0.6950000000000001,3.0,0.045,10.85874300655003,6.0,1.3406227251944334,9.0,188.18,0.0,0.0,0.0,0.0,0.082,1.729022311776688,22.0,161.0,87.81818181818181
1955,72099,Moca Municipio,,20331.0,16409.0,0.0,3210604.42017959,0.024613632788231,0,0.0,0.0,0.0,0.0,16.68701093818096,0.0,1.4570160992021424,2.0,38.17,0.0,0.0,0.0,0.0,0.53,2.2101771145886926,2.0,115.0,76.5
1956,18013,Brown County,"15,777",73933.0,8484.0,0.0,70925495.80427031,0.0864871340613044,9,47.56,69.14111111111112,8.244444444444445,1.712888888888889,9.707266074635347,0.0,0.0829537355020176,11.0,100.89,1.0,16677438.20054216,0.0203366055759396,0.0,0.15,5.7390404750128265,5.0,230.0,101.2
1957,48199,Hardin County,"58,723",70164.0,24308.0,0.0,460225472.3531933,0.1979819614394706,7,1.82,0.5714285714285714,2.071428571428572,4.7332857142857145,5.816444871777403,6.0,1.5270387578626476,16.0,478.06,0.0,0.0,0.0,0.0,0.048,5.397210325997906,21.0,138.0,111.71428571428572
1958,39143,Sandusky County,"58,655",60814.0,26500.0,0.0,148891827.39757478,0.1376251991237314,6,25769.49,83167.27333333333,4.866666666666666,1632.9373333333333,11.124507499971427,0.0,0.8773882630496839,13.0,246.03,0.0,0.0,0.0,0.0,0.076,1.5201554361573526,6.0,138.0,138.0
1959,23021,Piscataquis County,"17,409",51805.0,14655.0,0.0,0.0,0.0,307,1110.88,22.584169381107493,4.9123778501628665,2.762749185667752,0.0255782204735482,139.0,1.5575058029282682,356.0,1368.92,0.0,0.0,0.0,0.0,0.14,64.51676994411382,0.0,0.0,0.0
1960,17153,Pulaski County,"4,820",41038.0,2862.0,0.0,449136.6287148182,0.0008540846780644,2,0.56,0.485,2.0,8.34,6.176286357008583,0.0,2.065152010355063,15.0,124.29,0.0,0.0,0.0,0.0,1.31,2.576812363758705,9.0,345.0,120.11111111111111
1961,40107,Okfuskee County,"11,451",45429.0,4824.0,0.0,315077.0572062744,0.0001934828707373,13,8.67,5.862307692307692,4.107692307692307,2.9366153846153846,4.065332194743395,45.0,4.908674965275168,16.0,368.28,0.0,0.0,0.0,0.0,0.11,13.09936361959545,11.0,138.0,131.72727272727272
1962,26145,Saginaw County,"187,688",56579.0,86101.0,0.0,386473489.7317493,0.1828731935127204,16,13.64,1.660625,1.6875,16.9473125,0.3552146704791894,0.0,0.0827336065493403,43.0,408.24,0.0,0.0,0.0,0.0,0.039,7.786575038917299,37.0,345.0,165.97297297297297
1963,35039,Rio Arriba County,"39,832",52031.0,19616.0,0.0,341037758.7132545,0.0223322861269341,13,107.77,289.3984615384615,16.95384615384615,4.979846153846154,10.083645401643617,18.0,2.667989195786236,100.0,947.28,0.0,0.0,0.0,0.0,0.15,12.24020286299533,10.0,115.0,78.2
1964,50005,Caledonia County,"30,414",62964.0,16037.0,0.0,5903988.509965146,0.003465177150953,28,25.27,10.796071428571429,6.55,7.24975,7.48501290637619,78.0,2.939041468509623,41.0,330.61,0.0,0.0,0.0,0.0,0.13,9.50190431274077,15.0,230.0,82.8
1965,51023,Botetourt County,"34,144",77680.0,14932.0,0.0,80785812.34192047,0.0571318004864603,1,2.17,28.4,13.1,0.589,21.382718551260425,0.0,1.7619158422145698,16.0,491.23,0.0,0.0,0.0,0.0,0.11,12.10745165415368,11.0,500.0,258.1818181818182
1966,17119,Madison County,"263,110",71759.0,118715.0,1.0,19260.36972931614,1.0050550474684677e-05,13,15.21,3.300769230769231,2.4153846153846152,0.3414615384615385,3.543240446257551,0.0,4.454976928607467,28.0,340.94,0.0,0.0,0.0,0.0,0.3,7.223757077309504,39.0,345.0,159.23076923076923
1967,48085,Collin County,"1,297,179",113255.0,406932.0,13.0,386307098.1967165,0.1683700059275003,11,155.04000000000002,170.76999999999998,4.418181818181818,3.5656363636363637,7.746924872083069,25.0,0.1715708512693377,30.0,303.77,0.0,0.0,0.0,0.0,0.072,8.460833518749391,49.0,345.0,165.22448979591837
1968,45001,Abbeville County,"24,836",49759.0,11658.0,0.0,116634712.73436424,0.0879992865293261,3,156.20000000000002,762.1966666666667,13.233333333333334,121.31966666666666,13.210831617044656,19.0,0.5284615555641035,23.0,330.89,0.0,0.0,0.0,0.0,0.2,6.750633722505582,11.0,230.0,136.8181818181818
1969,31053,Dodge County,"38,057",66793.0,16348.0,0.0,508909666.55817086,0.3618606797723649,9,1.84,0.3966666666666667,1.9,0.1096666666666666,11.846526135209244,0.0,0.7303981048931678,16.0,506.69,0.0,0.0,0.0,0.0,0.048,11.595536146986236,20.0,115.0,75.9
1970,12115,Sarasota County,"479,958",77213.0,254601.0,0.0,420740209.6259335,0.1665195297800702,10,8.76,2.649,2.37,1.5542,3.41079258848372,0.0,2.17027295762672,25.0,298.49,0.0,0.0,0.0,0.0,0.027,2.3140231210886597,20.0,230.0,230.0
1971,55077,Marquette County,"15,927",59748.0,9788.0,1.0,134863875.91258433,0.1121101864086148,29,47.61,3.688620689655172,3.213793103448276,1.5107241379310343,2.544578284677261,0.0,1.383845136974614,24.0,252.04,0.0,0.0,0.0,0.0,0.033,6.617126857293864,19.0,138.0,72.63157894736842
1972,04015,Mohave County,"228,102",53592.0,118073.0,0.0,1574520891.667678,0.0451625426139555,5,760.49,7964.914,21.36,324.5106,45.91037806873762,0.0,13.720994130450867,84.0,712.43,0.0,0.0,0.0,0.0,0.14,17.891210398808784,43.0,500.0,187.3023255813953
1973,04025,Yavapai County,"252,552",62430.0,121829.0,0.0,565818254.4226359,0.0268801640678163,9,38.59,97.97333333333334,20.044444444444444,4.541111111111111,9.99098966952516,9.0,9.724421045798604,54.0,397.31,0.0,0.0,0.0,0.0,0.16,15.76580194667396,11.0,500.0,335.0
1974,45051,Horry County,"427,551",59880.0,206764.0,1.0,780565502.4343216,0.2401943506455878,1,0.15,0.35,2.4,0.011,22.329930136496824,1563.0,5.198756083996618,19.0,387.75,0.0,0.0,0.0,0.0,0.2,3.200904414386592,145.0,230.0,121.34482758620688
1975,42091,Montgomery County,"877,643",107441.0,346692.0,4.0,86026407.14212318,0.068177528044648,2,2.99,15.905,7.9,2.559,14.681027072047051,0.0,1.7424223250366802,18.0,285.38,1.0,209296.98298645703,0.0001658717526543,1.0,0.12,1.1943867210468142,37.0,500.0,250.32432432432432
1976,16061,Lewis County,"3,704",46484.0,1811.0,0.0,0.0,0.0,1,0.4,2.2,5.5,0.372,14.291854163216335,2.0,3.8272404316885456,13.0,526.84,0.0,0.0,0.0,0.0,0.15,32.23243424373899,0.0,0.0,0.0
1977,72013,Arecibo Municipio,,21799.0,41099.0,0.0,62860641.788270965,0.1417597773687335,7,5.319999999999999,7.96,7.742857142857143,3.794714285714286,2.3218511503437536,0.0,1.7411270927352724,5.0,56.93,0.0,0.0,0.0,0.0,0.49,39.69654850752971,0.0,0.0,0.0
1978,51720,Norton city,"3,477",36974.0,1864.0,0.0,924315.462690061,0.0475091723070715,0,0.0,0.0,0.0,0.0,9.887977606035427,0.0,1.1058997640011268,3.0,113.33,0.0,0.0,0.0,0.0,0.17,2.9516686125685565,1.0,138.0,138.0
1979,34027,Morris County,"524,251",130808.0,197541.0,0.0,32608475.22836785,0.0261463501289033,38,31.56,5.988157894736842,5.539473684210527,1.7551315789473687,1.6606818333930755,373.0,2.512765290449735,30.0,311.03000000000003,1.0,26611656.8594301,0.0213379403018384,0.0,0.15,4.329272035100383,26.0,500.0,241.92307692307693
1980,29211,Sullivan County,"5,738",53438.0,3057.0,0.0,179329720.2390588,0.106276532766194,5,1.29,0.8939999999999999,3.3,0.8572,1.4863195491445382,5.0,0.3471516032256106,9.0,271.7,0.0,0.0,0.0,0.0,0.063,0.313493767369625,12.0,69.0,69.0
1981,20135,Ness County,"2,617",64907.0,1500.0,0.0,0.0,0.0,1,0.1,0.23,2.3,0.052,33.81642140082854,0.0,2.709017981605105,4.0,175.84,0.0,0.0,0.0,0.0,0.058,2.0912303694639114,7.0,115.0,115.0
1982,48039,Brazoria County,"419,080",91972.0,142985.0,0.0,2548313656.016611,0.6116331425673367,93,90.61,2.632043010752688,1.5774193548387097,13.123720430107529,5.1287280427173,110.0,4.1440851062106,37.0,996.65,0.0,0.0,0.0,0.0,0.036,3.5667367938682317,72.0,345.0,151.41666666666666
1983,51790,Staunton city,"26,801",59731.0,12293.0,0.0,1989104.434824083,0.0384431063429629,0,0.0,0.0,0.0,0.0,23.44646395271823,0.0,6.177178191422638,0.0,0.0,0.0,0.0,0.0,0.0,0.089,5.656280606604493,0.0,0.0,0.0
1984,31029,Chase County,"3,718",57313.0,1876.0,0.0,57760715.78407116,0.0248485366585982,2,4.48,21.58,6.45,1.201,6.353896640729988,0.0,6.333987874861811,5.0,116.28,0.0,0.0,0.0,0.0,0.037,3.485469500390235,15.0,115.0,81.26666666666667
1985,39113,Montgomery County,"539,598",61942.0,252061.0,0.0,82292480.16713123,0.0684407856935458,10,3.01,0.8099999999999999,2.57,23.2175,8.393765405026151,0.0,3.485224412920958,8.0,373.18,1.0,85932.76206552814,7.146832542459152e-05,0.0,0.1,1.6177998443758654,78.0,138.0,85.8076923076923
1986,48447,Throckmorton County,"1,554",55221.0,924.0,0.0,9102.44847192275,3.838936803375169e-06,3,3.23,54.32333333333333,21.266666666666666,0.1933333333333333,1.793613951349975,0.0,13.935276044845816,6.0,466.8,0.0,0.0,0.0,0.0,0.05,5.212605320548933,2.0,138.0,103.5
1987,13221,Oglethorpe County,"16,415",66672.0,6395.0,0.0,78745859.88768107,0.0687812810673778,3,0.47,0.48,3.1333333333333333,0.067,13.206470340347948,30.0,4.130512367721801,11.0,244.95,0.0,0.0,0.0,0.0,0.15,8.679360034028955,3.0,230.0,191.66666666666663
1988,05029,Conway County,"21,393",50282.0,9659.0,0.0,328669174.5539995,0.2240086942391429,12,10.18,4.025833333333334,3.9583333333333335,0.3305833333333333,3.2692052134970395,5.0,0.8268104087597709,28.0,273.87,0.0,0.0,0.0,0.0,0.26,1.7496904609780557,7.0,161.0,161.0
1989,29147,Nodaway County,"20,174",53917.0,9465.0,0.0,244770377.7699478,0.1076534482221435,4,3.66,4.37,3.5250000000000004,2.6075,5.249397219343146,1.0,3.110246873534201,22.0,399.33,0.0,0.0,0.0,0.0,0.05,3.3568021004807345,16.0,345.0,115.0
1990,38073,Ransom County,"5,617",71462.0,2552.0,0.0,65576312.51141103,0.0293094832999176,15,5.91,0.8873333333333332,2.0466666666666664,0.0258,5.7593100473788095,0.0,1.958670592585472,4.0,298.06,0.0,0.0,0.0,0.0,0.035,2.983365021065431,13.0,115.0,69.83076923076922
1991,40037,Creek County,"74,967",61657.0,31114.0,0.0,354496835.8152337,0.1411757420847917,15,90.03999999999999,140.87266666666665,5.193333333333333,20.972266666666663,7.135531918246998,98.0,5.613379824850463,36.0,577.4,0.0,0.0,0.0,0.0,0.088,3.4988541542377325,42.0,345.0,105.14285714285714
1992,48457,Tyler County,"20,443",50898.0,9516.0,0.0,414984063.1456416,0.1712508699899056,14,31.46,30.442857142857143,4.55,26.347071428571432,8.980100964240105,5.0,2.0058400822613494,29.0,511.43,0.0,0.0,0.0,0.0,0.052,6.276374443446828,4.0,138.0,120.75
1993,06037,Los Angeles County,"9,694,934",83411.0,3599561.0,10.0,552864958.4344907,0.0449447461027266,32,29.35,27.6434375,18.315625,1.24465625,10.342003468468093,38.0,4.830294676830768,58.0,359.11,8.0,362637653.4289004,0.0294803586517805,0.0,0.94,0.8942385851557014,339.0,500.0,138.76401179941004
1994,04027,Yuma County,"224,449",56439.0,92808.0,0.0,658728255.6859419,0.0460843418720299,2,1.7599999999999998,1.465,1.9,0.0295,51.670600446450514,13.0,10.114117809572962,26.0,173.82,4.0,5739899083.464911,0.40156083998234,0.0,0.12,11.740493618839505,28.0,500.0,110.67857142857144
1995,13129,Gordon County,"61,701",57555.0,22876.0,0.0,158169880.36615658,0.1702669903314201,6,1.12,0.715,3.3166666666666664,0.627,1.811015089255938,5.0,3.428522125605203,11.0,259.74,0.0,0.0,0.0,0.0,0.27,0.5177699774928614,25.0,500.0,144.2
1996,19025,Calhoun County,"9,562",65614.0,4794.0,0.0,106502105.10878754,0.0718749976730261,3,3.43,1.98,1.7666666666666666,0.075,7.637620045694795,0.0,3.0492369162451225,15.0,324.93,0.0,0.0,0.0,0.0,0.033,8.023443430185482,11.0,69.0,69.0
1997,12055,Highlands County,"111,122",53679.0,57605.0,0.0,1358849621.7187138,0.4740623016847999,64,170.55999999999997,7.83015625,2.7609375,1.26178125,1.6725120932915714,0.0,5.586368430921298,47.0,300.09000000000003,2.0,220258236.3099545,0.0768415612745014,0.0,0.031,0.9040999864803404,28.0,230.0,74.75
1998,51580,Covington city,"5,680",45737.0,3049.0,0.0,2452117.8483097567,0.1669772701612501,0,0.0,0.0,0.0,0.0,16.88471257227994,0.0,0.4029717683926897,3.0,284.76,0.0,0.0,0.0,0.0,0.11,1.1257559150140286,2.0,138.0,138.0
1999,50017,Orange County,"30,002",74534.0,14998.0,0.0,12449794.620085375,0.0069499562004382,10,5.52,5.83,6.92,0.2171,13.465199055607844,47.0,2.716710504918634,19.0,247.6,0.0,0.0,0.0,0.0,0.14,9.645847553698893,12.0,115.0,55.583333333333336
2000,20113,McPherson County,"30,064",71250.0,13082.0,0.0,414481572.3464162,0.177694551077715,9,1.71,0.3833333333333333,1.877777777777777,0.0358888888888888,8.603917816816248,0.0,4.185956742140554,13.0,386.56,1.0,2153863.4098128704,0.0009233939871506,0.0,0.052,4.0082871279121255,12.0,345.0,153.33333333333334
2001,04021,Pinal County,"539,380",73313.0,175474.0,0.0,968434214.3392084,0.0695694527887596,10,28.82,139.262,13.26,0.9982,12.973287151349426,3.0,10.057367013513543,27.0,282.64,3.0,27759603.91624676,0.001994167931586,0.0,0.11,13.538051221104851,59.0,500.0,207.45762711864407
2002,39051,Fulton County,"41,853",71453.0,17701.0,0.0,83937547.86442244,0.0795850848634057,5,1.12,0.424,1.84,0.1193999999999999,9.272732515033606,0.0,2.821239040753824,19.0,277.25,0.0,0.0,0.0,0.0,0.079,6.379986628966073,4.0,345.0,345.0
2003,08003,Alamosa County,"16,688",52271.0,7084.0,0.0,23054.40604835549,1.23067522626251e-05,14,6.71,0.985,1.7357142857142858,3.5542857142857147,5.914927126258966,69.0,12.460048976226394,5.0,132.02,0.0,0.0,0.0,0.0,0.19,103.31587375735434,0.0,0.0,0.0
2004,12017,Citrus County,"171,666",52569.0,82142.0,0.0,743774601.3640748,0.2989056164869808,29,29.1,5.392758620689655,5.093103448275862,4.654965517241379,4.141095099425257,0.0,3.164389770135386,14.0,142.93,0.0,0.0,0.0,0.0,0.037,1.7167050267411943,52.0,500.0,143.96153846153845
2005,72049,Culebra Municipio,,25483.0,1466.0,0.0,52430170.01476271,0.1199023617599264,1,0.28,1.82,6.4,0.018,1.200500567399959,0.0,24.293900109275874,0.0,0.0,0.0,0.0,0.0,0.0,0.51,190.82059399204775,0.0,0.0,0.0
2006,28129,Smith County,"13,991",51983.0,6690.0,0.0,284527771.85355926,0.1723861597273233,5,1.15,0.776,3.34,2.169,8.094726870215537,1.0,6.141861080417942,13.0,247.15,0.0,0.0,0.0,0.0,0.095,9.906450746435024,10.0,115.0,115.0
2007,16075,Payette County,"27,824",62721.0,9802.0,0.0,18139.696331437717,1.7069097800432956e-05,2,0.2299999999999999,0.185,1.6,0.012,3.4269801985183976,0.0,0.5519978209279108,9.0,178.19,0.0,0.0,0.0,0.0,0.16,56.834688102472114,0.0,0.0,0.0
2008,16079,Shoshone County,"14,130",44807.0,7021.0,0.0,53080570.91010307,0.0077548053995971,0,0.0,0.0,0.0,0.0,44.118595539919255,92.0,0.2014655721937548,59.0,803.33,0.0,0.0,0.0,0.0,0.16,33.38377050082102,2.0,500.0,500.0
2009,37095,Hyde County,"4,554",43724.0,2939.0,0.0,1540650900.835958,0.4076985818407996,17,195.38,30.90647058823529,1.8529411764705883,0.8735294117647059,6.038187708825824,479.0,22.189134813208288,13.0,153.76999999999998,1.0,2737487.207129858,0.0007244143702824,0.0,0.047,52.72062359041203,0.0,0.0,0.0
2010,02122,Kenai Peninsula Borough,"61,951",76272.0,32567.0,0.0,86987595.25329012,0.0013585936609828,869,1039.17,38.25400460299194,5.697583429228999,1.5669125431530495,11.897501043241814,0.0,6.160887453526805,894.0,5305.51,1.0,46922.70024168999,7.328502750183586e-07,0.0,0.55,7.507723719283825,19.0,115.0,112.57894736842104
2011,01003,Baldwin County,"267,761",71039.0,125113.0,0.0,1109787828.1863012,0.2113635207548556,27,22.36,2.5748148148148147,2.6370370370370373,0.6565555555555556,4.158675940829569,213.0,4.049479472390713,42.0,749.5,4.0,8653932.649495551,0.0016481760087079,0.0,0.058,3.079373212424854,99.0,500.0,127.02020202020202
2012,19007,Appanoose County,"12,077",50684.0,6321.0,0.0,174978849.7246453,0.1308652705477391,4,52.540000000000006,173.36499999999998,6.7,3.1595,3.049312022361091,0.0,0.9278972080382696,17.0,197.22,0.0,0.0,0.0,0.0,0.056,14.036887310991602,2.0,69.0,69.0
2013,78010,St. Croix Island,,,,0.0,61464558.07878149,0.071341023721805,3,1.26,1.1733333333333331,2.8000000000000003,0.277,4.644694267112362,0.0,81.57465525718078,0.0,0.0,0.0,0.0,0.0,0.0,0.0,253.0993226990521,0.0,0.0,0.0
2014,51127,New Kent County,"28,022",113120.0,9188.0,0.0,97409443.90770802,0.1680676494032982,5,4.74,7.803999999999999,3.8,4.0214,6.860832766380406,0.0,0.8781171542650297,20.0,126.25,0.0,0.0,0.0,0.0,0.097,10.5527741466252,9.0,230.0,217.22222222222223
2015,13263,Talbot County,"5,709",48065.0,3066.0,0.0,64337461.00569408,0.0629260497093602,4,1.43,1.3375,3.6,0.502,12.506357852440669,15.0,4.259976664171356,10.0,384.71,1.0,52037.02459681126,5.089545570062739e-05,0.0,0.084,12.46953200795055,5.0,230.0,138.0
2016,36049,Lewis County,"26,479",64401.0,15501.0,0.0,10581.77644840532,3.1632012446474355e-06,46,19.84,2.495217391304348,4.010869565217392,3.200152173913043,11.677643815156628,11.0,0.0404619891918111,47.0,714.18,1.0,78109295.90921943,0.023349143997066,0.0,0.13,2.158216921493326,30.0,765.0,148.16666666666666
2017,54015,Clay County,"7,538",41530.0,3957.0,0.0,23485153.479669023,0.0263735958214102,0,0.0,0.0,0.0,0.0,27.22563414821397,0.0,0.006263776928263,9.0,178.79,0.0,0.0,0.0,0.0,0.1,11.305620880260353,2.0,138.0,138.0
2018,18077,Jefferson County,"33,279",57801.0,14414.0,0.0,38840129.79430763,0.041310634051104,2,2.72,17.445,9.95,0.1835,6.952058077965624,0.0,6.090102161105999,13.0,204.11,0.0,0.0,0.0,0.0,0.13,2.2102090080202186,9.0,345.0,207.0
2019,48347,Nacogdoches County,"66,035",51153.0,28903.0,0.0,394125048.2669661,0.1551246933433932,5,388.87,1593.52,9.6,18.3284,12.905562438880402,18.0,2.4769746479052186,69.0,511.33,0.0,0.0,0.0,0.0,0.059,21.627735072790504,3.0,345.0,207.0
2020,44009,Washington County,"129,795",99510.0,65689.0,0.0,184977943.4722863,0.1269060247670461,28,34.84,5.270357142857143,3.9107142857142856,0.2821071428571428,2.1265935643315323,727.0,5.448585067038265,30.0,139.69,1.0,427265.9380439938,0.0002931302008104,0.0,0.11,5.570095240756429,18.0,115.0,115.0
2021,53047,Okanogan County,"45,230",58218.0,21917.0,0.0,3104.9608752121176,2.256542906603806e-07,56,337.11,136.28303571428572,7.778571428571429,57.407428571428575,0.4108297362676331,160.0,0.7449969371658963,128.0,1204.43,0.0,0.0,0.0,0.0,0.23,64.43501529082943,0.0,0.0,0.0
2022,53063,Spokane County,"558,344",70394.0,225044.0,3.0,118169402.35365276,0.0256181237620172,46,48.68,6.89304347826087,4.878260869565217,9.445282608695653,8.06235812865347,1862.0,1.1264143026158313,43.0,397.8,2.0,17479160.789009467,0.0037893337482484,0.0,0.15,24.42689040736608,1.0,115.0,115.0
2023,22059,LaSalle Parish,"15,154",59926.0,6195.0,0.0,626273207.0073359,0.3649570352785105,9,81.44,24.364444444444445,2.388888888888889,30.50177777777778,11.93504551339186,245.0,2.025328566168864,44.0,394.45,0.0,0.0,0.0,0.0,0.072,20.303265549931165,1.0,115.0,115.0
2024,23027,Waldo County,"40,693",62694.0,22012.0,0.0,222913050.47058252,0.0995657068567892,49,51.78,6.723265306122449,4.704081632653061,1.933183673469388,1.5443597723079003,79.0,1.3761471172761155,49.0,365.6,0.0,0.0,0.0,0.0,0.18,5.514811370710853,5.0,345.0,161.0
2025,24027,Howard County,"339,183",140971.0,123428.0,1.0,37361480.70126449,0.056928018891522,4,4.79,15.34,8.5,2.5265,5.924265383559072,0.0,0.6609977656948773,9.0,113.69,0.0,0.0,0.0,0.0,0.082,7.992098458946666,25.0,230.0,179.4
2026,49035,Salt Lake County,"1,220,916",90011.0,430705.0,6.0,249877898.3775333,0.1197460691701471,8,6498.610000000001,2864.37,8.6,26.968625,8.974209469062554,267.0,0.8439565814561312,9.0,132.01,3.0,33059809.021164905,0.0158428664700031,0.0,0.74,14.97313360640721,20.0,69.0,69.0
2027,38001,Adams County,"2,275",57950.0,1337.0,0.0,42.69080005486029,1.6672000890040657e-08,4,0.68,0.48,2.75,0.123,13.703608631418389,2.0,7.570273394141494,14.0,286.01,0.0,0.0,0.0,0.0,0.03,9.84339527533941,14.0,230.0,87.07142857142857
2028,37137,Pamlico County,"12,758",55867.0,7206.0,0.0,457865676.8470385,0.3147692547800841,8,8.91,1.33625,1.5125,0.031375,9.018648140736891,1129.0,9.278793967332277,6.0,96.04,0.0,0.0,0.0,0.0,0.056,14.359273908633815,3.0,230.0,230.0
2029,21083,Graves County,"37,050",52526.0,16526.0,0.0,189633878.57209715,0.1315008843076552,3,0.55,0.5599999999999999,3.0666666666666664,0.1236666666666666,6.825832738873798,15.0,3.1519142072185926,19.0,175.49,0.0,0.0,0.0,0.0,0.55,1.5935745348061887,12.0,161.0,76.66666666666667
2030,42021,Cambria County,"128,968",54221.0,64522.0,0.0,77923343.1162712,0.0434001765194529,9,10.08,12.143333333333334,7.222222222222222,1.3895555555555557,0.2782744265082187,0.0,2.350763309260927,22.0,376.22,0.0,0.0,0.0,0.0,0.049,3.5036046157794165,21.0,230.0,125.95238095238096
2031,47107,McMinn County,"57,404",57982.0,23933.0,0.0,68103576.5884672,0.0608427317102065,4,112.91,229.6,5.05,414.9965,18.311895159926816,8.0,1.4788262279532105,20.0,282.79,0.0,0.0,0.0,0.0,0.42,5.068432198634144,31.0,500.0,154.1290322580645
2032,26093,Livingston County,"197,315",96135.0,78706.0,0.0,88672393.33295564,0.0584835266514975,95,45.54,2.1206315789473686,3.5031578947368422,0.5415368421052632,0.3919528809036348,0.0,0.617841452300131,44.0,350.17,0.0,0.0,0.0,0.0,0.052,2.787095847023256,14.0,345.0,182.3571428571429
2033,08001,Adams County,"554,668",86297.0,187811.0,1.0,200566349.66579825,0.0654260541114839,18,16.22,5.532777777777778,2.911111111111111,7.168444444444445,19.13911470920515,72.0,3.470113903719281,16.0,356.84,0.0,0.0,0.0,0.0,0.07,76.06100286590859,0.0,0.0,0.0
2034,42069,Lackawanna County,"216,502",63739.0,99900.0,0.0,49546878.4208771,0.0411376211521859,37,11.16,1.550810810810811,4.875675675675676,0.2460540540540541,3.9317829370057367,0.0,2.1387809358565346,20.0,358.39,1.0,59657.87186024342,4.95325439169999e-05,0.0,0.073,6.379875790577186,36.0,230.0,100.30555555555556
2035,40123,Pontotoc County,"38,528",59457.0,17424.0,0.0,218878320.08720905,0.116521879851266,2,0.4399999999999999,0.6,3.05,0.129,11.445110663576363,0.0,5.573432379277469,23.0,271.64,0.0,0.0,0.0,0.0,0.17,4.013604489448861,33.0,138.0,112.9090909090909
2036,28127,Simpson County,"25,498",50867.0,11643.0,0.0,236455845.79169104,0.1546160874032441,2,0.3999999999999999,0.755,3.5,0.105,11.757739233362816,31.0,1.330188486135757,12.0,348.14,0.0,0.0,0.0,0.0,0.089,3.359188859975591,9.0,161.0,104.77777777777776
2037,28131,Stone County,"19,654",55894.0,7536.0,0.0,125396235.25654352,0.1080524614340033,12,3.89,2.16,3.583333333333333,0.8492500000000001,3.564390380407996,9.0,0.6840409711879162,13.0,318.83,0.0,0.0,0.0,0.0,0.067,5.937849974768411,12.0,230.0,105.41666666666669
2038,06013,Contra Costa County,"1,170,070",120020.0,424057.0,1.0,348625112.22200096,0.1674399092664805,25,47.35,13.384,5.604,0.68268,11.878131794880524,370.0,8.990248224691761,14.0,44.99,3.0,21639345.846443083,0.010393084083992,0.0,0.95,1.0010244171849751,130.0,230.0,131.7076923076923
2039,47017,Carroll County,"29,200",49700.0,13117.0,0.0,174068309.06674916,0.1119961517956965,6,1.34,0.8116666666666666,3.3666666666666667,0.9588333333333332,12.758144474774587,9.0,3.1357152484142885,23.0,209.48,2.0,49387428.59068991,0.0317760422841874,0.0,0.52,5.15435760926131,24.0,500.0,127.91666666666669
2040,51087,Henrico County,"342,775",82424.0,141349.0,6.0,91077450.34094642,0.143640264473473,5,2.14,1.024,2.46,47.3594,8.296158619861066,0.0,2.142424973684752,11.0,146.49,1.0,368238.5242816621,0.0005807571338364,0.0,0.12,2.522624616295619,34.0,230.0,186.02941176470588
2041,18119,Owen County,"21,886",57947.0,9833.0,0.0,114892977.31511104,0.1143807778709406,3,5.8,94.06666666666666,19.1,33.236,12.739684367689351,0.0,0.5142906643009628,18.0,582.8499999999999,0.0,0.0,0.0,0.0,0.17,5.48470905130629,9.0,345.0,130.33333333333334
2042,36119,Westchester County,"1,015,743",114651.0,389146.0,1.0,179285909.6811837,0.138422917042919,32,33.05,12.9184375,6.571875,1.58046875,1.81225059944462,323.0,0.3767013102833701,58.0,206.65,1.0,6365699.665068472,0.0049148241388564,0.0,0.17,4.486992029039143,26.0,345.0,283.96153846153845
2043,29017,Bollinger County,"10,646",52306.0,5079.0,0.0,234238462.7683845,0.1455896735673721,1,6.23,23.56,3.8,1.496,16.450889361290155,0.0,0.0546284673462676,20.0,247.29,0.0,0.0,0.0,0.0,0.55,7.409320740386725,10.0,161.0,96.6
2044,54047,McDowell County,"16,878",28235.0,9450.0,0.0,17695164.532378443,0.0127727851591245,1,0.11,0.77,7.2,0.023,18.366421413414912,0.0,6.882372764350015,9.0,139.52,0.0,0.0,0.0,0.0,0.14,2.1545202772243357,12.0,765.0,178.41666666666666
2045,54033,Harrison County,"64,221",56184.0,30581.0,0.0,38367468.50421769,0.0355657677794798,2,0.37,1.085,5.8,0.1285,9.489726675193255,0.0,1.657947280249319,8.0,206.92,1.0,1740363.1450145335,0.0016132769213258,0.0,0.064,0.777494690280502,22.0,500.0,154.45454545454547
2046,06115,Yuba County,"88,691",66693.0,29626.0,0.0,297366444.26827514,0.1782802312000849,9,30.72,174.08666666666667,23.14444444444445,12.913333333333334,6.950672636473339,64.0,4.544354687417954,24.0,298.16,1.0,93727176.06312704,0.0561922938527332,0.0,0.32,6.308720842684152,38.0,230.0,77.63157894736842
2047,01117,Shelby County,"238,552",90618.0,89612.0,0.0,205086257.63217747,0.0978199929540391,35,44.66,11.341714285714286,4.422857142857144,35.446400000000004,6.5740339050293874,6.0,1.3550229617436669,26.0,450.0,0.0,0.0,0.0,0.0,0.17,2.762918795953998,63.0,230.0,129.6031746031746
2048,08091,Ouray County,"5,265",78750.0,3448.0,0.0,10153074.103572734,0.0072298912477119,1,3.7,82.09,22.2,3.004,5.608540640531952,5.0,1.2062343319205582,12.0,186.31,0.0,0.0,0.0,0.0,0.13,33.27538659533159,0.0,0.0,0.0
2049,35009,Curry County,"46,655",55427.0,21155.0,0.0,84501593.25839391,0.0231620161458371,0,0.0,0.0,0.0,0.0,45.18424423357577,1.0,39.8787475037517,0.0,0.0,3.0,22742798.43424036,0.006233835886675,0.0,0.048,4.905221033080263,18.0,230.0,117.55555555555556
2050,40149,Washita County,"10,884",60600.0,5165.0,0.0,89220893.89459395,0.0341506410808754,12,3.88,0.7166666666666667,2.341666666666667,0.08325,11.424077218745737,0.0,4.637119644478022,26.0,638.92,0.0,0.0,0.0,0.0,0.14,0.7790216430220922,12.0,138.0,115.0
2051,37135,Orange County,"152,498",85785.0,61213.0,0.0,47047423.27364261,0.0453032073156741,6,3.19,2.5816666666666666,4.316666666666666,0.3513333333333333,9.885483500420218,54.0,0.5492304191734686,14.0,249.67,0.0,0.0,0.0,0.0,0.078,1.144534412525921,22.0,230.0,111.8181818181818
2052,18131,Pulaski County,"12,463",56823.0,5837.0,0.0,33022203.91314522,0.0293416565922553,1,0.87,2.95,3.4,0.594,19.39081349015122,0.0,7.184604038557422,13.0,189.81,0.0,0.0,0.0,0.0,0.076,22.610014306430863,1.0,138.0,138.0
2053,26019,Benzie County,"18,568",71327.0,12173.0,0.0,115018244.46524374,0.0516644012932992,25,57793.13,194407.448,7.38,76.24083999999999,0.0,0.0,4.81182038841383,7.0,75.36,0.0,0.0,0.0,0.0,0.027,26.10626453610463,0.0,0.0,0.0
2054,72087,Loíza Municipio,,21306.0,11470.0,0.0,53019025.56383846,0.3120422959751925,3,2.85,1.47,1.7333333333333334,0.4963333333333333,5.296490027844071,0.0,3.357599066436673,2.0,49.68,0.0,0.0,0.0,0.0,0.46,124.28181293366212,0.0,0.0,0.0
2055,16071,Oneida County,"5,085",67383.0,2032.0,0.0,0.0,0.0,6,3.16,2.87,4.9,0.6678333333333334,15.75667848156974,2.0,11.80882658859425,16.0,109.62,0.0,0.0,0.0,0.0,0.31,56.60574071710276,0.0,0.0,0.0
2056,17139,Moultrie County,"14,371",72833.0,6196.0,0.0,70957090.79115184,0.0795270284633957,1,41.91,1266.2,30.2,24.89,8.784074841297524,0.0,0.4037320345374595,25.0,171.92000000000002,0.0,0.0,0.0,0.0,0.16,9.443175949022292,1.0,345.0,345.0
2057,21107,Hopkins County,"45,127",54466.0,20949.0,1.0,384114383.749385,0.2675022735524756,31,11.17,1.000967741935484,2.803225806451613,0.5385806451612903,1.1011427465316723,0.0,1.6408123900042082,23.0,569.63,0.0,0.0,0.0,0.0,0.34,1.125876121761122,63.0,345.0,77.76190476190476
2058,16035,Clearwater County,"9,118",55885.0,4573.0,0.0,0.0,0.0,3,52.67,1465.5299999999995,33.13333333333333,47.53733333333333,21.61532681033197,1.0,8.090282117519953,60.0,783.73,0.0,0.0,0.0,0.0,0.15,54.2373201738331,1.0,500.0,500.0
2059,21013,Bell County,"22,829",33658.0,11634.0,0.0,36224281.496746376,0.0387306242138188,3,1.35,5.670000000000001,9.333333333333334,0.2766666666666666,4.974640509453096,0.0,0.2398593868333123,18.0,290.61,0.0,0.0,0.0,0.0,0.26,2.818216818612444,18.0,500.0,103.16666666666669
2060,27035,Crow Wing County,"69,132",65975.0,41796.0,0.0,485463135.0378503,0.1620531829308894,284,920.87,20.74556338028169,3.7510563380281687,1.1273098591549295,0.8651714571910272,0.0,1.0391133051881434,85.0,615.4,1.0,233074.7637107396,7.780303918905281e-05,0.0,0.024,1.7331169404291429,40.0,230.0,98.9
2061,60050,Western District,,,,0.0,13561791.32707646,0.0503731772049412,0,0.0,0.0,0.0,0.0,281.37340266080804,0.0,3782.690783320816,0.0,0.0,0.0,0.0,0.0,0.0,0.0,3725.1636661795233,0.0,0.0,0.0
2062,72011,Añasco Municipio,,22673.0,12390.0,0.0,25592149.706434987,0.2199487305447115,0,0.0,0.0,0.0,0.0,16.641227085550877,0.0,1.7174888134016717,2.0,39.08,0.0,0.0,0.0,0.0,0.53,2.566673449689554,1.0,115.0,115.0
2063,04009,Graham County,"40,157",64089.0,13755.0,0.0,571012166.3016456,0.0475127493368069,5,17.75,267.17,20.82,2.0778000000000003,46.0887813298823,0.0,0.6016702181727394,57.0,461.28,0.0,0.0,0.0,0.0,0.13,12.906207646899762,10.0,345.0,161.0
2064,30017,Custer County,"12,034",61114.0,5770.0,1.0,66446697.36092288,0.0067634790191301,10,1.81,0.493,2.75,0.2542999999999999,26.382527443098336,4.0,7.177935157741126,32.0,1138.02,0.0,0.0,0.0,0.0,0.043,24.673844152549457,2.0,69.0,69.0
2065,46109,Roberts County,"10,255",59022.0,4818.0,0.0,206596730.72734615,0.0702315658302183,45,132.51,14.391555555555556,2.591111111111111,1.1329333333333331,2.762736674147838,0.0,2.2935390511799087,31.0,139.8,0.0,0.0,0.0,0.0,0.051,7.41383002287945,18.0,230.0,92.0
2066,17141,Ogle County,"51,399",75782.0,22640.0,0.0,104652081.98458228,0.0529272215661016,4,0.88,0.505,2.175,0.34725,14.32510881910115,0.0,1.2702649292513155,14.0,385.79,0.0,0.0,0.0,1.0,0.074,8.449962359361406,10.0,345.0,241.5
2067,38077,Richland County,"16,731",67089.0,7537.0,0.0,353237080.9733592,0.0943622709412948,53,36.63,1.4137735849056603,2.09811320754717,0.6614905660377358,8.194841773458075,0.0,11.205877046971532,12.0,796.87,0.0,0.0,0.0,0.0,0.043,4.846601139559196,49.0,230.0,55.46122448979592
2068,55005,Barron County,"46,484",59379.0,23846.0,0.0,151642380.61542156,0.0658034127702192,65,57.39,4.324461538461539,3.696923076923077,0.5828769230769231,1.8468616659601127,0.0,1.504711455451083,57.0,382.26,0.0,0.0,0.0,0.0,0.022,2.4354036201396814,33.0,161.0,74.57575757575758
2069,55051,Iron County,"6,127",55777.0,5576.0,0.0,239069151.83070675,0.1004226797014218,67,81953.18,179171.67074626865,5.404477611940298,44.00040298507463,4.965639552635227,0.0,1.194989877128256,61.0,406.71,0.0,0.0,0.0,0.0,0.02,7.653488270070179,3.0,115.0,115.0
2070,27157,Wabasha County,"21,537",75063.0,10183.0,0.0,45273.37369744505,3.181011659418358e-05,4,2.47,11.0825,7.15,8.61975,20.395332947426283,10.0,0.5671843735852333,32.0,254.77,0.0,0.0,0.0,0.0,0.026,7.46734587115133,21.0,161.0,73.38095238095238
2071,06015,Del Norte County,"26,410",61149.0,11103.0,0.0,101914137.08089708,0.0319995563241186,3,9.82,15.19,2.9333333333333336,1.548,19.36976680586257,2.0,1.7422961252293596,37.0,389.65,0.0,0.0,0.0,0.0,1.06,17.586054641135142,2.0,115.0,115.0
2072,40127,Pushmataha County,"10,807",42274.0,5705.0,0.0,71539.88028416585,1.9416854883897025e-05,9,55.48,44.47888888888889,3.988888888888889,0.9087777777777778,14.815412472303752,4.0,0.9356293279392458,42.0,527.54,0.0,0.0,0.0,0.0,0.11,11.95370538595668,8.0,345.0,163.875
2073,53007,Chelan County,"81,941",71876.0,37581.0,3.0,4467804.232287092,0.0005760843342534,26,147.24,45.23538461538462,9.25,3.339461538461538,5.895535698262092,51.0,0.6154820938084026,78.0,952.61,0.0,0.0,0.0,0.0,0.28,51.89675194618778,1.0,500.0,500.0
2074,26141,Presque Isle County,"13,128",55986.0,9851.0,0.0,12808.504883792768,1.9222375830623404e-06,46,59501.130000000005,77182.88565217392,4.534782608695652,199.6536086956522,0.0,0.0,11.96906301554546,24.0,242.49,0.0,0.0,0.0,0.0,0.027,20.699158713977784,4.0,138.0,103.5
2075,40027,Cleveland County,"303,973",71757.0,121845.0,0.0,239205847.0488997,0.1655433069608949,4,30.23,159.1725,11.75,5.15825,1.6280328702958455,11.0,0.4466951950486011,30.0,338.46,2.0,1580490.866182734,0.0010937846538337,0.0,0.19,6.6862845847933166,64.0,138.0,120.75
2076,36105,Sullivan County,"80,586",67841.0,49390.0,0.0,144278275.6398084,0.055895343661158,103,52.1,6.989417475728155,5.57378640776699,0.5324854368932038,4.370261064811426,348.0,1.8761742744489889,78.0,553.09,0.0,0.0,0.0,0.0,0.089,1.0449895422972522,14.0,345.0,151.14285714285714
2077,37149,Polk County,"20,533",60465.0,10881.0,0.0,25741737.278384693,0.0416822725885234,3,1.6800000000000002,4.086666666666667,5.366666666666667,2.893,6.24167534253579,3.0,1.0758611710162922,9.0,152.29999999999998,0.0,0.0,0.0,0.0,0.18,8.972090536362288,5.0,100.0,100.0
2078,37165,Scotland County,"33,322",41948.0,14422.0,0.0,79416340.45635098,0.0956348618473695,7,1.46,0.5828571428571429,2.7,0.6618571428571428,4.64212748934207,423.0,0.8276473072856199,17.0,204.1,1.0,18233384.77778453,0.0219570333285724,0.0,0.14,6.424322745822909,17.0,230.0,162.35294117647058
2079,37085,Harnett County,"150,137",64992.0,53252.0,0.0,136698752.90296888,0.0877589602776061,8,4.2,1.27,2.425,0.07625,8.83589419350109,236.0,1.2759246196370428,11.0,359.08000000000004,1.0,62367536.37939568,0.0400392105377624,0.0,0.09,10.9554379083823,20.0,500.0,226.25
2080,37105,Lee County,"70,258",60941.0,26560.0,0.0,63563173.85056137,0.0946820631814763,4,1.6,1.895,3.5500000000000003,17.3095,2.425996561766339,48.0,7.45904482307506,8.0,347.78000000000003,0.0,0.0,0.0,0.0,0.091,2.835803475941531,12.0,230.0,210.83333333333331
2081,18159,Tipton County,"15,319",71947.0,6817.0,0.0,45070342.43938069,0.0667841705587675,0,0.0,0.0,0.0,0.0,16.53890287621136,0.0,1.029089680855993,8.0,93.62,0.0,0.0,0.0,0.0,0.095,6.134212033331403,1.0,230.0,230.0
2082,20027,Clay County,"7,990",57765.0,3935.0,0.0,326796272.38794136,0.192457738221748,3,66.17,470.9966666666666,8.666666666666666,44.25300000000001,3.978334456558264,12.0,1.0031184379862448,16.0,326.95,1.0,64092.05848111935,3.774526717553647e-05,0.0,0.051,4.164670218737934,3.0,115.0,115.0
2083,20121,Miami County,"36,240",85564.0,13939.0,0.0,230052385.4422325,0.1504835572315773,7,27.85,44.32428571428572,5.628571428571428,9.452285714285711,2.2409793074384377,0.0,0.3284559846416734,12.0,262.96,0.0,0.0,0.0,0.0,0.067,4.495971046436215,8.0,345.0,207.0
2084,13091,Dodge County,"19,663",46091.0,8617.0,0.0,116016902.7446459,0.0890337096048778,5,1.06,0.624,2.8600000000000003,0.04,2.9640529365906456,597.0,0.798476645220286,7.0,418.54,0.0,0.0,0.0,0.0,0.098,6.571935748146746,9.0,500.0,170.55555555555554
2085,36023,Cortland County,"45,850",65029.0,20803.0,0.0,62298082.28079596,0.0479611292783498,18,38.540000000000006,8.462222222222222,3.8055555555555554,1.6182222222222222,5.113310044410035,0.0,0.3743017356943706,24.0,274.7,0.0,0.0,0.0,0.0,0.07,6.244265202315504,16.0,345.0,129.375
2086,13039,Camden County,"60,143",68104.0,22774.0,0.0,863203395.386806,0.4262455217082243,2,0.7,0.6449999999999999,1.7999999999999998,0.0615,8.405343386556229,107.0,4.1545535035040535,8.0,292.31,1.0,53492039.45435225,0.0264141016894867,0.0,0.09,12.388051497171409,13.0,230.0,194.6153846153846
2087,26161,Washtenaw County,"370,214",84245.0,157103.0,0.0,56717687.389041126,0.0303130811717714,56,32.08,2.320535714285714,3.5464285714285717,1.3754285714285714,6.11294238526756,0.0,3.349823517897282,21.0,230.92,0.0,0.0,0.0,0.0,0.06,0.619719780690223,42.0,345.0,158.78571428571428
2088,18087,LaGrange County,"41,305",81658.0,14882.0,0.0,54545287.86432696,0.0544606094476396,36,17.78,1.6241666666666663,2.980555555555556,0.9814722222222222,7.5709741233582255,0.0,1.0050894741867316,29.0,158.92000000000002,0.0,0.0,0.0,0.0,0.081,6.499822440455377,2.0,138.0,138.0
2089,48371,Pecos County,"14,560",59325.0,5818.0,0.0,0.0,0.0,3,3.38,1.84,1.9,0.076,46.21448955786202,0.0,45.57251619530709,1.0,396.38,0.0,0.0,0.0,0.0,0.076,7.446771991268931,41.0,345.0,139.1219512195122
2090,13225,Peach County,"29,877",60940.0,12023.0,0.0,19971966.736086026,0.0509602961901573,0,0.0,0.0,0.0,0.0,12.70221092337659,48.0,0.8203070958524497,4.0,282.95,0.0,0.0,0.0,0.0,0.097,2.748165371860567,12.0,230.0,134.16666666666666
2091,13311,White County,"29,802",66256.0,13798.0,0.0,18850614.11405465,0.0300436001745378,3,0.51,0.8066666666666666,4.833333333333333,0.3419999999999999,2.878829432467296,10.0,1.1495329988101517,10.0,116.16,0.0,0.0,0.0,0.0,0.16,19.447855097229265,0.0,0.0,0.0
2092,13163,Jefferson County,"15,011",46865.0,7167.0,0.0,116750994.51520929,0.0851059628127435,5,0.73,0.384,2.58,0.3923999999999999,2.216582515997037,12.0,2.4597967507384197,7.0,467.04,1.0,16759686.794918438,0.0122170203949375,0.0,0.16,4.647045846575766,8.0,115.0,115.0
2093,55083,Oconto County,"40,195",73611.0,23835.0,0.0,246819178.73974937,0.0829503949813488,76,57769.08,63949.78881578948,4.8500000000000005,25.475197368421053,1.8787931844495456,0.0,1.076446215147217,37.0,472.39,0.0,0.0,0.0,0.0,0.025,14.349847838466358,15.0,138.0,115.0
2094,31065,Furnas County,"4,524",58895.0,2531.0,0.0,176325242.27749255,0.0944705001695985,0,0.0,0.0,0.0,0.0,34.17752337987449,0.0,6.037866489837018,17.0,351.87,0.0,0.0,0.0,0.0,0.044,0.6071833796593915,17.0,69.0,69.0
2095,01069,Houston County,"110,318",55064.0,49339.0,1.0,203868247.40378532,0.135322364895069,2,0.54,0.82,2.9,0.0255,9.666725819615772,470.0,0.0254191661692643,12.0,210.28,2.0,949627.9758010446,0.0006303380006077,1.0,0.053,3.6890106302645793,46.0,230.0,125.0
2096,40103,Noble County,"10,899",66813.0,5089.0,0.0,291312326.5133994,0.1514705887563056,7,40.78,87.9057142857143,6.942857142857143,0.227,11.166893485444108,4.0,4.722220484695453,8.0,355.43,0.0,0.0,0.0,0.0,0.085,8.392295339374126,20.0,138.0,134.55
2097,20063,Gove County,"2,631",59417.0,1336.0,0.0,0.0,0.0,0,0.0,0.0,0.0,0.0,45.39372362163672,0.0,20.554068915686265,2.0,186.52,0.0,0.0,0.0,0.0,0.05,9.763176957081152,7.0,115.0,69.0
2098,22077,Pointe Coupee Parish,"19,520",53045.0,11020.0,0.0,4302197.913644162,0.0028137017011938,15,33.190000000000005,22.584,3.753333333333333,0.6107333333333334,3.971543269080312,3.0,3.960807338679851,21.0,644.3399999999999,0.0,0.0,0.0,0.0,0.059,20.678009907145352,4.0,500.0,274.5
2099,31067,Gage County,"21,711",60035.0,10364.0,0.0,289578309.19200736,0.1300139786935194,11,1.88,0.4554545454545454,2.5090909090909093,0.1548181818181818,9.488898788569765,0.0,0.8251548933632769,22.0,385.92,0.0,0.0,0.0,0.0,0.046,9.185042700911245,8.0,115.0,115.0
2100,01115,St. Clair County,"98,206",73218.0,38133.0,0.0,217156090.7477289,0.1283283137833424,15,86.23,64.60666666666665,4.993333333333334,46.75666666666666,7.969797331533377,4.0,1.491109916950336,37.0,476.44,0.0,0.0,0.0,0.0,0.16,9.93481488157843,28.0,230.0,119.10714285714286
2101,28123,Scott County,"28,073",44968.0,11377.0,0.0,229300217.12394977,0.145043766069854,7,1.97,0.9242857142857144,3.1,0.3359999999999999,9.008870651032783,0.0,1.5596967688929155,20.0,301.54,0.0,0.0,0.0,0.0,0.11,5.023077858764671,12.0,161.0,126.5
2102,13095,Dougherty County,"82,616",45640.0,40591.0,0.0,229309207.86755884,0.2646273429592171,6,2.94,0.9583333333333334,2.216666666666667,76.0825,2.2773820954002675,11.0,5.163444479656963,15.0,288.61,1.0,13196216.252311883,0.0152286935027111,0.0,0.062,4.3547490630522105,37.0,230.0,118.10810810810813
2103,18061,Harrison County,"40,437",71302.0,16752.0,0.0,74422107.84669031,0.0591101955181556,1,0.35,1.57,4.5,0.26,11.61889077927774,0.0,0.9382200174650812,13.0,201.59,0.0,0.0,0.0,0.0,0.16,2.151346185888213,29.0,345.0,99.93103448275862
2104,16017,Bonner County,"54,420",61816.0,26374.0,0.0,401181381.3747252,0.0807540494830928,24,470.97,310.52124999999995,9.154166666666669,34.33204166666668,4.34293412278152,86.0,3.1876276609912133,99.0,529.78,0.0,0.0,0.0,0.0,0.16,76.78212536922872,0.0,0.0,0.0
2105,13047,Catoosa County,"69,628",68896.0,28027.0,0.0,57007592.41626562,0.1354839455846188,0,0.0,0.0,0.0,0.0,13.232503503400672,11.0,1.399242941845649,8.0,118.02,1.0,6594841.377536082,0.0156732654803074,0.0,0.34,0.976200550337282,17.0,230.0,175.88235294117646
2106,55105,Rock County,"166,472",70630.0,70230.0,0.0,147594895.2575997,0.0784769994854006,8,46.99,42.94375,4.175,26.072625,3.3075658305079925,0.0,1.7970652988050555,21.0,220.2,0.0,0.0,0.0,0.0,0.054,0.8926679064340723,97.0,345.0,98.8762886597938
2107,45077,Pickens County,"139,198",57628.0,56713.0,0.0,73628207.00726442,0.0554417543143121,13,281.40000000000003,542.953076923077,12.084615384615384,16.79869230769231,2.3349108353887904,7.0,1.360133672990298,33.0,276.31,0.0,0.0,0.0,0.0,0.26,3.567396604836271,38.0,500.0,151.57894736842104
2108,53013,Columbia County,"4,141",68825.0,2196.0,0.0,0.0,0.0,0,0.0,0.0,0.0,0.0,37.23690478332944,1.0,1.4548860496873626,21.0,359.32,0.0,0.0,0.0,0.0,0.17,31.74122125568093,0.0,0.0,0.0
2109,18023,Clinton County,"33,322",59515.0,13481.0,0.0,33494486.27972375,0.0319122659177565,0,0.0,0.0,0.0,0.0,25.73344278040685,0.0,1.9932383932217896,10.0,209.54,0.0,0.0,0.0,0.0,0.098,8.281055140397358,2.0,230.0,230.0
2110,17027,Clinton County,"37,128",78054.0,15628.0,0.0,423039450.70896506,0.3246317422435762,5,91.68,103.25,2.76,11.7568,5.708433793163382,0.0,2.597767067311039,18.0,379.55,0.0,0.0,0.0,0.0,0.36,17.379945734132072,2.0,138.0,138.0
2111,16067,Minidoka County,"22,911",63594.0,8330.0,0.0,0.0,0.0,6,31.6,19.94833333333333,2.283333333333333,45.36249999999999,17.507078452476573,2.0,22.92526615698275,3.0,141.66,0.0,0.0,0.0,0.0,0.083,126.34245233256296,0.0,0.0,0.0
2112,42113,Sullivan County,"5,856",62910.0,5619.0,0.0,40443205.44809,0.0345091814522417,13,4.11,1.603076923076923,4.976923076923077,0.0847692307692307,2.965565842103578,0.0,1.5358757996025711,17.0,265.82,0.0,0.0,0.0,0.0,0.059,29.088403632680475,0.0,0.0,0.0
2113,28121,Rankin County,"162,181",76460.0,63629.0,0.0,467498854.30816525,0.2239244839590153,17,99.26,249.10588235294117,5.682352941176471,16.05405882352941,0.9251599715932785,6.0,0.2583571984130994,26.0,361.7,1.0,487991.8795412695,0.0002337403157151,0.0,0.1,6.790687805812146,17.0,230.0,142.05882352941177
2114,48345,Motley County,"1,043",66528.0,718.0,0.0,0.0,0.0,2,0.62,0.615,1.9,0.0049999999999999,8.526397156423037,12.0,3.4321372497404647,18.0,65.14,0.0,0.0,0.0,0.0,0.053,14.579830295979315,2.0,69.0,69.0
2115,41039,Lane County,"381,584",65157.0,166750.0,1.0,576158211.6141943,0.0471059850948682,36,110.48,76.62583333333333,15.336111111111112,15.409194444444443,5.769282202987604,329.0,1.81044802307106,150.0,1516.81,1.0,90852.03584231473,7.427950448256839e-06,0.0,0.38,16.25560975657252,11.0,500.0,170.9090909090909
2116,48485,Wichita County,"129,555",58862.0,55602.0,1.0,315203994.7456998,0.1923025922357008,4,7.16,12.975,8.75,0.22325,0.1169028407588431,2.0,4.430190131675797,19.0,380.14,1.0,18142684.129630957,0.0110686579053552,0.0,0.094,4.229508730032801,57.0,345.0,141.6315789473684
2117,26155,Shiawassee County,"67,681",62498.0,30230.0,0.0,38213952.50495193,0.0272755822287111,17,3.73,0.5311764705882352,2.2705882352941176,0.9145882352941176,5.306984146257611,0.0,0.5317450274742518,12.0,199.56,0.0,0.0,0.0,0.0,0.046,3.6900361936272192,11.0,345.0,156.8181818181818
2118,20089,Jewell County,"2,830",47109.0,1774.0,0.0,22258.94677744882,9.39917556202518e-06,2,8.42,15.515,3.05,1.261,10.486547095897857,10.0,11.951697776130011,24.0,323.31,0.0,0.0,0.0,0.0,0.054,9.424686356057611,3.0,115.0,115.0
2119,20123,Mitchell County,"5,590",63008.0,3128.0,0.0,323916444.0374497,0.1739043182654973,4,43.11,66.07249999999999,3.475,8.5005,8.571587604846501,8.0,6.644481890089795,25.0,305.29,0.0,0.0,0.0,0.0,0.055,19.55649885226764,1.0,115.0,115.0
2120,12007,Bradford County,"28,307",54759.0,10771.0,0.0,361756107.0606238,0.4648223736436923,3,14.9,27.303333333333335,4.366666666666666,0.1513333333333333,18.577703187956036,819.0,10.04787199616229,5.0,115.83,0.0,0.0,0.0,0.0,0.055,2.602942752032485,17.0,230.0,129.88235294117646
2121,28091,Marion County,"24,001",38399.0,11164.0,0.0,240825865.00027764,0.1694859157014346,9,2.41,0.7999999999999999,2.844444444444445,30.12155555555556,0.7720639594129677,264.0,1.5158901587648743,8.0,335.65000000000003,0.0,0.0,0.0,0.0,0.071,4.721772021772353,14.0,230.0,90.35714285714286
2122,28039,George County,"26,331",51349.0,10256.0,0.0,333073412.3565506,0.2658939526424146,1,0.15,0.39,2.6,0.036,14.912635716169389,9.0,4.698986439092425,16.0,613.34,1.0,5548836.437772648,0.004429660243869,0.0,0.067,5.308844135924411,18.0,230.0,95.83333333333331
2123,27085,McLeod County,"36,631",73296.0,15869.0,0.0,108438978.0300611,0.0828134194710335,42,35.96,2.536666666666666,2.5523809523809526,0.7977857142857142,2.8549437405733755,200.0,0.3167484816178722,16.0,192.58,0.0,0.0,0.0,0.0,0.028,5.211889898818853,21.0,115.0,82.14285714285714
2124,55033,Dunn County,"46,223",69721.0,18729.0,1.0,173102515.98049432,0.0773650993018167,9,12.27,11.324444444444444,7.311111111111111,19.29111111111111,0.3660642156790646,536.0,0.4222477763131694,47.0,459.75,0.0,0.0,0.0,0.0,0.024,3.690492905336127,35.0,161.0,76.88571428571429
2125,08027,Custer County,"5,590",66250.0,4189.0,0.0,7548.173494640365,3.938733182782292e-06,2,1.11,2.1100000000000003,4.5,0.3655,13.134308939953671,19.0,7.362016652799889,17.0,246.8,0.0,0.0,0.0,0.0,0.16,94.3048623561861,0.0,0.0,0.0
2126,29123,Madison County,"12,858",54042.0,5854.0,0.0,98903452.27616335,0.076742128969936,4,1.52,1.6,3.825,0.54825,11.332330544089354,0.0,4.122275156004593,13.0,221.98,0.0,0.0,0.0,0.0,0.48,9.0565909168666,4.0,161.0,92.0
2127,48353,Nolan County,"14,117",47437.0,7118.0,0.0,37698.043829743314,1.5925740182479305e-05,2,1.79,2.52,2.9000000000000004,0.1115,5.982904847329823,0.0,3.308978161051113,6.0,34.6,0.0,0.0,0.0,0.0,0.035,6.75535885420629,34.0,345.0,154.23529411764707
2128,42127,Wayne County,"51,703",59240.0,31981.0,0.0,122339564.50310524,0.0629150511627933,88,47.620000000000005,5.410454545454545,4.968181818181818,0.2796363636363636,1.5371557240161673,0.0,1.555886181599426,54.0,387.91,0.0,0.0,0.0,0.0,0.076,5.367496048798301,15.0,230.0,79.73333333333333
2129,36091,Saratoga County,"241,343",97038.0,110095.0,0.0,369443.589160937,0.0001690585112066,37,149.46,42.23108108108108,6.68108108108108,31.47445945945946,7.81777051101493,221.0,0.7095633407623478,52.0,525.68,1.0,91069.61137105792,4.167373143360942e-05,0.0,0.12,2.7866091205025865,57.0,230.0,117.01754385964912
2130,48041,Brazos County,"249,088",57562.0,97310.0,0.0,453431408.6111332,0.2961085590735926,8,3.73,4.20375,5.0375,6.443,8.92103088841568,6.0,1.1368375301068752,14.0,581.5,0.0,0.0,0.0,0.0,0.04,3.2834495672525805,30.0,345.0,108.1
2131,40095,Marshall County,"16,255",53734.0,8823.0,0.0,1382471.0870503425,0.0012501162330973,14,300.45000000000005,472.9021428571428,5.457142857142857,42.54642857142857,8.694911659697954,2.0,1.792854209422745,38.0,505.22,0.0,0.0,0.0,0.0,0.12,3.397378150424236,11.0,138.0,138.0
2132,24001,Allegany County,"66,848",55248.0,32882.0,0.0,54834491.02180186,0.0494806444298653,2,1.04,2.515,4.050000000000001,18.6325,5.645065075431813,0.0,0.6605533017794573,35.0,470.6,1.0,21189.312742403738,1.912046286894927e-05,0.0,0.058,1.081223891646847,9.0,138.0,138.0
2133,54103,Wetzel County,"13,734",50715.0,7326.0,0.0,35751860.76873155,0.0382030254798598,1,23.97,219.1,9.1,1272.11,22.2024500405836,0.0,1.224542071724595,11.0,316.99,0.0,0.0,0.0,0.0,0.061,6.762384196518596,7.0,138.0,138.0
2134,55053,Jackson County,"20,999",64630.0,9646.0,0.0,121177930.89147632,0.0467647036929026,49,22.49,1.3775510204081634,2.5183673469387755,0.8136122448979591,5.659103243601188,0.0,0.7770472026745409,40.0,409.34,1.0,13207.286810426129,5.096925238225898e-06,0.0,0.027,1.51490053040402,33.0,69.0,69.0
2135,41007,Clatsop County,"40,926",68025.0,23060.0,0.0,139609351.1056425,0.0497449738335089,4,1.2999999999999998,5.0725,23.95,0.55475,15.123800930356632,218.0,1.0038949914780289,18.0,266.14,1.0,7345086.131743408,0.0026171679370672,0.0,0.77,11.827188102898432,12.0,230.0,124.58333333333331
2136,53041,Lewis County,"88,062",67247.0,35604.0,0.0,32347168.62764521,0.0051262484852656,15,62.96,180.37533333333332,15.393333333333334,43.31433333333334,5.027365294148618,220.0,0.0750349090569081,81.0,931.26,0.0,0.0,0.0,0.0,0.55,39.11489753768675,3.0,500.0,500.0
2137,36003,Allegany County,"46,800",58725.0,23636.0,0.0,64031.90521133363,2.389785174429372e-05,10,5.19,6.627,7.38,0.5993999999999999,11.118810711122658,0.0,1.1200266436566697,39.0,530.79,0.0,0.0,0.0,0.0,0.079,11.980813441186664,9.0,115.0,115.0
2138,19031,Cedar County,"18,359",76959.0,8213.0,0.0,171709370.2462743,0.1139272373050059,0,0.0,0.0,0.0,0.0,23.581837129549317,0.0,2.475323816588058,12.0,359.62,0.0,0.0,0.0,0.0,0.054,9.683858889796806,1.0,115.0,115.0
2139,18117,Orange County,"19,834",60775.0,9074.0,0.0,70648787.91059189,0.0668255451453043,2,33.51,188.08,9.35,2.6535,7.782097036334014,0.0,0.1931740959948569,16.0,141.97,0.0,0.0,0.0,0.0,0.18,2.3113477298766045,22.0,345.0,92.0
2140,13089,DeKalb County,"774,394",76044.0,325979.0,0.0,56610214.6689093,0.0806301203149932,6,2.52,1.965,4.583333333333333,0.4931666666666667,9.33159387463777,22.0,3.5096056158283053,7.0,179.92,0.0,0.0,0.0,0.0,0.11,2.2341536958333723,72.0,500.0,163.47222222222223
2141,13227,Pickens County,"37,167",72558.0,14979.0,0.0,40299753.61342362,0.0668642637242587,5,1.03,1.042,4.840000000000001,0.2372,7.292858866375037,0.0,2.498723321283067,9.0,105.84,0.0,0.0,0.0,0.0,0.2,6.8141283520002345,3.0,230.0,191.66666666666663
2142,30015,Chouteau County,"5,865",51791.0,2847.0,0.0,0.0,0.0,17,17.62,5.724705882352942,3.847058823529412,0.3924705882352941,14.705523971878986,46.0,2.189849183069876,38.0,918.19,0.0,0.0,0.0,0.0,0.048,180.5744552261479,0.0,0.0,0.0
2143,31017,Brown County,"2,826",44267.0,1656.0,0.0,0.0,0.0,34,21.75,2.5152941176470587,3.182352941176471,0.1497941176470588,8.217125227300466,2.0,11.429756692804276,19.0,554.47,0.0,0.0,0.0,0.0,0.066,7.845590982667726,8.0,115.0,86.25
2144,47013,Campbell County,"40,290",48258.0,20155.0,0.0,77704777.30915028,0.0602310954223885,2,88.32000000000001,1574.45,19.65,68.099,8.45538889796136,1.0,1.85008917173063,37.0,358.71,0.0,0.0,0.0,0.0,0.26,2.9490024977228484,25.0,161.0,109.48
2145,37069,Franklin County,"82,037",70493.0,29764.0,0.0,95399746.83354352,0.0744766092490979,6,2.3,1.5433333333333332,3.3833333333333333,0.373,5.603767587112965,35.0,0.138452129755033,13.0,414.39,0.0,0.0,0.0,0.0,0.069,2.8064721227393816,19.0,230.0,121.05263157894736
2146,24510,Baltimore city,"569,997",58349.0,293555.0,6.0,26152249.507629603,0.1096953314197273,2,0.38,0.655,3.5,0.067,2.595644202269038,0.0,3.779562249970565,4.0,76.53999999999999,0.0,0.0,0.0,0.0,0.086,3.974373366547104,14.0,115.0,115.0
2147,20111,Lyon County,"32,266",56415.0,14998.0,0.0,411627912.8404016,0.1857929017338872,12,2.79,0.5091666666666667,2.1416666666666666,1.1375833333333334,2.9154831321783794,0.0,1.7499375757022009,27.0,388.04,0.0,0.0,0.0,0.0,0.061,4.95365373274093,8.0,115.0,115.0
2148,19027,Carroll County,"20,303",68041.0,9515.0,0.0,122856116.7343918,0.0831782249659032,1,0.47,1.96,4.2,0.012,0.7033182449496574,0.0,7.506342167803695,13.0,458.09,0.0,0.0,0.0,0.0,0.035,3.8178479961116087,15.0,161.0,81.26666666666667
2149,37177,Tyrrell County,"3,537",55341.0,1845.0,0.0,861250942.4449996,0.5568390079490928,3,63.37,76.99666666666667,2.7000000000000006,0.9313333333333332,4.9979950718995685,174.0,8.704947547495664,12.0,153.07,0.0,0.0,0.0,0.0,0.046,15.177698166388812,1.0,115.0,115.0
2150,27131,Rice County,"69,939",78214.0,25064.0,0.0,115945964.71306773,0.0867740069978129,25,44.53,8.748399999999998,4.06,0.7541599999999999,3.9703509172854,266.0,3.367422948825439,28.0,221.49,0.0,0.0,0.0,0.0,0.026,1.948789746195187,30.0,115.0,75.13333333333334
2151,29219,Warren County,"39,016",75531.0,15530.0,0.0,150810743.17452714,0.1330267057725503,7,2.76,2.2657142857142856,5.385714285714286,0.1505714285714285,7.530088473302209,0.0,5.305926715039484,17.0,421.27,0.0,0.0,0.0,0.0,0.19,4.228228574368147,6.0,345.0,222.33333333333331
2152,21227,Warren County,"149,375",63074.0,57080.0,0.0,118819500.80747062,0.0837827897594626,2,0.49,1.305,5.25,0.088,17.033504124492858,14.0,0.624718570240746,20.0,590.39,0.0,0.0,0.0,0.0,0.18,0.7072060716896742,69.0,161.0,90.33333333333331
2153,22017,Caddo Parish,"224,226",47572.0,112469.0,0.0,672943545.8035927,0.2772838434421632,31,108.24,41.58806451612902,3.1806451612903226,8.002935483870967,5.383816238648843,16.0,4.608853916807553,53.0,499.14,0.0,0.0,0.0,0.0,0.074,3.5612488901390718,60.0,345.0,115.0
2154,46121,Todd County,"8,863",33792.0,2888.0,0.0,0.0,0.0,7,1.56,0.6271428571428571,3.142857142857143,0.119,13.62368376989079,0.0,5.140451693735156,28.0,341.95,0.0,0.0,0.0,0.0,0.075,8.17310199306389,4.0,115.0,115.0
2155,19127,Marshall County,"39,890",70828.0,16795.0,0.0,215611704.33698025,0.1452342290163801,6,2.09,0.9916666666666668,2.6833333333333336,6.5,4.743252921504213,0.0,0.4923201956284498,13.0,346.43,0.0,0.0,0.0,0.0,0.039,3.341786813405214,13.0,161.0,153.92307692307693
2156,40141,Tillman County,"6,780",46306.0,3789.0,0.0,4938106.17437657,0.0021685732765083,4,3.24,4.07,2.7,0.1165,15.43988640972117,0.0,7.452995927826489,14.0,316.16,0.0,0.0,0.0,0.0,0.12,4.1272902189586524,11.0,345.0,94.0909090909091
2157,37113,Macon County,"39,232",51042.0,26929.0,0.0,34807988.93623715,0.0258639457147906,1,4.94,155.4,31.5,6.674,20.270451542459032,5.0,0.4487492598031111,17.0,155.0,0.0,0.0,0.0,0.0,0.23,2.7749695890618438,17.0,161.0,161.0
2158,54063,Monroe County,"12,491",52392.0,6299.0,0.0,29647769.4088811,0.0241682375304311,1,0.33,1.79,5.5,0.074,18.321122644055823,0.0,1.443309860827266,17.0,282.81,0.0,0.0,0.0,0.0,0.18,18.673035155383214,0.0,0.0,0.0
2159,18155,Switzerland County,"10,037",66525.0,4392.0,0.0,32153894.22578489,0.0555279246975822,4,0.98,1.0,4.025,0.318,9.693300747264162,0.0,5.430102888634038,13.0,44.31,0.0,0.0,0.0,0.0,0.12,2.508220713811043,10.0,345.0,131.1
2160,21105,Hickman County,"4,372",68589.0,2163.0,0.0,203229067.5341896,0.3100982186487651,0,0.0,0.0,0.0,0.0,18.99665364894719,7.0,0.7742814838901699,17.0,93.24,0.0,0.0,0.0,0.0,0.66,3.612040687630497,7.0,161.0,108.42857142857144
2161,01061,Geneva County,"27,554",47608.0,12494.0,0.0,217579685.2391213,0.1451038257818643,3,1.13,1.0933333333333333,2.7,0.0456666666666666,11.019299248344192,81.0,0.0251351253141463,21.0,346.33,2.0,962911.63381653,0.0006421654751595,0.0,0.053,8.155192300488181,17.0,230.0,142.05882352941177
2162,17099,LaSalle County,"107,773",67942.0,49796.0,0.0,125536750.31950366,0.0422146956272195,12,11.69,5.829166666666667,4.041666666666667,0.5794166666666666,0.0729065228621544,0.0,1.940538358547884,19.0,534.9300000000001,1.0,11554929.503115404,0.0038856178029662,1.0,0.094,7.235609023188043,19.0,345.0,170.68421052631578
2163,19055,Delaware County,"17,674",75896.0,8107.0,0.0,114652620.01994482,0.0764667531026924,3,2.03,4.833333333333333,4.7,4.065333333333333,4.641813542208904,0.0,4.67891979896137,7.0,321.91,0.0,0.0,0.0,0.0,0.042,15.239521716233314,3.0,161.0,161.0
2164,20127,Morris County,"5,348",52866.0,3003.0,0.0,186285547.3087452,0.1023280119813128,3,12.7,25.046666666666667,6.166666666666667,1.469666666666667,6.370776715727075,0.0,5.6572816784840985,23.0,187.61,0.0,0.0,0.0,0.0,0.058,19.37878419675672,3.0,345.0,268.3333333333333
2165,19051,Davis County,"9,230",77176.0,3588.0,0.0,113704684.1416928,0.0869590362201454,2,1.35,3.475,4.65,0.1275,2.372965726320511,3.0,2.1972909918109136,18.0,299.85,0.0,0.0,0.0,0.0,0.061,0.5756731689835295,15.0,161.0,75.13333333333334
2166,16015,Boise County,"8,545",70776.0,5497.0,0.0,9122.1358536162,1.8471688619550444e-06,9,15.82,82.40777777777777,17.633333333333333,8.515444444444444,33.34992537924525,5.0,2.0408130251099403,38.0,651.24,0.0,0.0,0.0,0.0,0.27,100.69808232654768,0.0,0.0,0.0
2167,55081,Monroe County,"46,572",66451.0,19804.0,0.0,177926172.45719913,0.0756515638567606,25,12.38,1.204,2.324,0.56004,7.873835105873632,0.0,3.237519809670068,35.0,487.5,1.0,241548662.79435816,0.1027029010715009,0.0,0.03,3.189872711639916,52.0,138.0,70.32692307692308
2168,37143,Perquimans County,"13,490",59401.0,6906.0,0.0,150244798.70592245,0.1763582830654469,0,0.0,0.0,0.0,0.0,13.883219279136668,290.0,7.231640140176326,3.0,36.790000000000006,0.0,0.0,0.0,0.0,0.049,6.153877119733972,3.0,230.0,230.0
2169,12047,Hamilton County,"14,180",47668.0,5630.0,0.0,515477826.7633259,0.3834402540671491,2,0.95,1.73,3.65,0.2515,26.572790902010592,5134.0,8.643968211462276,12.0,275.26,0.0,0.0,0.0,0.0,0.058,4.253623289013929,22.0,230.0,111.86363636363636
2170,31039,Cuming County,"8,823",68917.0,4133.0,0.0,26449.303892638098,1.777106187550335e-05,3,0.8500000000000001,0.5733333333333334,2.033333333333333,33.611,5.503630278060526,0.0,1.2347505473814722,17.0,427.75,0.0,0.0,0.0,0.0,0.052,21.248423161694586,1.0,115.0,115.0
2171,53069,Wahkiakum County,"4,873",59167.0,2200.0,0.0,1390875.6190336463,0.0018731188290737,0,0.0,0.0,0.0,0.0,28.58597337894603,6.0,5.898098735788101,9.0,89.88,0.0,0.0,0.0,0.0,0.69,14.85580829803201,0.0,0.0,0.0
2172,35011,De Baca County,"1,647",34702.0,1154.0,0.0,24710.941259328752,4.087216536397599e-06,1,6.48,75.6,11.7,5.209,29.67674858798777,0.0,15.75420397927977,12.0,177.55,0.0,0.0,0.0,0.0,0.041,21.649936947071133,2.0,69.0,69.0
2173,31109,Lancaster County,"334,049",70387.0,136167.0,0.0,277622785.9687077,0.1266457907013256,13,14.260000000000002,13.469230769230771,4.646153846153846,1.2756923076923077,3.949631313837415,92.0,2.611839841303162,29.0,347.75,2.0,726126.7926705892,0.0003312440709299,0.0,0.044,1.9645707929164145,66.0,345.0,129.63636363636363
2174,31129,Nuckolls County,"4,100",66000.0,2228.0,0.0,144976315.5792747,0.0972105701351767,2,0.47,0.39,1.6,0.01,17.495189597161403,0.0,2.561209194555083,19.0,202.77,0.0,0.0,0.0,0.0,0.047,11.013774941526869,5.0,115.0,78.2
2175,72085,Las Piedras Municipio,,23193.0,15111.0,0.0,897089.3837819203,0.0102196387761151,0,0.0,0.0,0.0,0.0,10.619303692932313,0.0,1.5712315899358882,3.0,36.77,0.0,0.0,0.0,0.0,0.44,127.14566879273951,0.0,0.0,0.0
2176,46099,Minnehaha County,"212,691",73110.0,84770.0,2.0,195009204.96969143,0.0925139282089797,20,14.48,1.8015,2.595,0.03745,15.394179078586834,48.0,3.949330808829679,17.0,283.43,2.0,911762.283008878,0.0004325473272251,0.0,0.046,4.064357079107768,57.0,230.0,104.10526315789474
2177,48327,Menard County,"1,956",40945.0,1464.0,0.0,0.0,0.0,0,0.0,0.0,0.0,0.0,45.81294748958128,1.0,1.2407747840034478,4.0,133.58999999999995,0.0,0.0,0.0,0.0,0.025,11.365969978285976,1.0,69.0,69.0
2178,06091,Sierra County,"3,098",61108.0,2092.0,0.0,62600386.05847745,0.0251206015232054,8,25.85,50.88125,9.7375,1.157875,8.571142639863162,67.0,1.59965976663546,37.0,292.65,0.0,0.0,0.0,0.0,0.55,13.992966710022545,5.0,60.0,60.0
2179,21053,Clinton County,"9,139",41180.0,4872.0,0.0,36632801.39346691,0.068854956754681,3,249.22,3205.3266666666664,26.0,93.42933333333332,5.831133974043714,0.0,3.007549690517376,16.0,124.44,0.0,0.0,0.0,0.0,0.14,2.548671832354711,9.0,161.0,99.66666666666669
2180,39063,Hancock County,"75,034",67006.0,33733.0,0.0,74083649.61937878,0.0536004392688934,8,5.46,3.47625,2.5375,0.2245,1.685082964584525,0.0,1.4027966734277977,16.0,288.65,0.0,0.0,0.0,0.0,0.089,8.444186207043053,15.0,345.0,151.8
2181,48189,Hale County,"31,819",50721.0,13396.0,0.0,320438190.42606926,0.123133871304035,5,1.88,0.6839999999999999,1.7399999999999998,0.0004,15.389160972056672,3.0,17.56680323277465,2.0,4.7,0.0,0.0,0.0,0.0,0.046,2.7627872348138918,42.0,230.0,92.54761904761904
2182,01027,Clay County,"14,207",48074.0,7040.0,0.0,83793742.66864014,0.0533875514090776,7,26.380000000000003,76.01142857142858,6.914285714285714,9.217,7.326634502491433,2.0,0.8170313867215372,13.0,321.48,0.0,0.0,0.0,0.0,0.13,5.912843594794174,14.0,115.0,115.0
2183,48011,Armstrong County,"1,843",70417.0,884.0,0.0,0.0,0.0,4,1.89,1.135,2.1,0.00325,13.285852263692789,2.0,11.158185905831065,6.0,107.76,0.0,0.0,0.0,0.0,0.093,14.288265889326244,2.0,345.0,345.0
2184,39003,Allen County,"100,881",58976.0,44692.0,0.0,63219092.19071822,0.0599949926494592,4,4.87,6.755,4.0,0.9845,4.412872899547882,0.0,2.064180454725943,13.0,209.59,1.0,1491776.293297278,0.0014156974522982,0.0,0.12,2.6276323453281245,30.0,345.0,151.8
2185,13189,McDuffie County,"21,640",54752.0,9423.0,0.0,51885370.72218265,0.0752284539611257,9,54.94,67.32222222222222,5.444444444444445,4.854666666666667,3.9421604871416966,1.0,1.984249589256072,19.0,222.8,1.0,18019959.61349249,0.0261270890676203,0.0,0.18,1.7181391201276717,9.0,230.0,127.77777777777776
2186,55111,Sauk County,"66,652",72930.0,30907.0,0.0,215107827.3139285,0.0978038922462493,10,37.93,29.795000000000005,6.890000000000001,23.7845,13.3741493397324,0.0,4.924264938197135,27.0,305.82,0.0,0.0,0.0,0.0,0.036,8.029803710676054,48.0,138.0,93.4375
2187,05137,Stone County,"12,703",37664.0,6796.0,0.0,1521.3327844040518,9.635892057897929e-07,0,0.0,0.0,0.0,0.0,25.029272263753665,0.0,4.451280089810759,16.0,431.65,0.0,0.0,0.0,0.0,0.31,13.029237982729576,1.0,161.0,161.0
2188,41063,Wallowa County,"7,595",62238.0,4313.0,0.0,0.0,0.0,8,7.54,8.6175,6.6625,0.36325,24.631481846453667,12.0,3.3473491601904684,64.0,943.43,0.0,0.0,0.0,0.0,0.18,76.37919750811166,0.0,0.0,0.0
2189,42007,Beaver County,"166,032",67194.0,79104.0,0.0,66476712.8617952,0.0578049762306015,3,4.199999999999999,37.3,19.5,0.4873333333333333,9.627207270814267,0.0,1.1296206036882586,23.0,227.78,0.0,0.0,0.0,1.0,0.052,1.492961342746711,26.0,500.0,199.69230769230768
2190,28061,Jasper County,"15,785",43914.0,8068.0,0.0,238089729.7311749,0.1356816687403223,7,3.66,2.301428571428571,3.3714285714285714,0.2098571428571428,11.6863081886144,1.0,0.3191279996036316,9.0,236.63,0.0,0.0,0.0,0.0,0.098,1.691262415974809,16.0,230.0,102.0625
2191,29083,Henry County,"22,671",54903.0,10704.0,0.0,403441995.5355345,0.2127059497231701,16,206.46,405.86875,4.675,29.812875,3.6893243701269216,0.0,4.178901850608868,23.0,283.33,0.0,0.0,0.0,0.0,0.091,1.8496688316816283,15.0,161.0,161.0
2192,08109,Saguache County,"6,732",51946.0,3772.0,0.0,15708.921651312448,1.913155046603502e-06,15,5.27,0.5886666666666667,2.106666666666667,3.1415333333333333,19.27761013458316,235.0,5.014307647898663,51.0,547.99,0.0,0.0,0.0,0.0,0.16,135.72479755138195,0.0,0.0,0.0
2193,37037,Chatham County,"85,111",84222.0,34190.0,0.0,191539265.20088696,0.1043474425551685,9,66.41,242.8088888888889,9.27777777777778,16.461,14.425365342057532,35.0,3.5920508881902493,28.0,539.82,0.0,0.0,0.0,0.0,0.086,7.98147137665086,18.0,230.0,191.66666666666663
2194,53057,Skagit County,"132,975",82029.0,55875.0,0.0,10284888.580131251,0.0020714366624567,25,18.91,12.7056,8.408,1.7329599999999998,8.624318690664815,499.0,2.110927347917141,51.0,619.55,0.0,0.0,0.0,0.0,0.44,30.25231094886213,21.0,500.0,147.28571428571428
2195,28067,Jones County,"66,496",49451.0,28620.0,0.0,354557238.33978194,0.1956371366451853,13,6.69,1.61,2.776923076923077,5.741,3.622064294424904,62.0,0.4788975766788961,16.0,317.46,0.0,0.0,0.0,0.0,0.084,1.77555834647036,35.0,230.0,97.25714285714284
2196,55021,Columbia County,"58,132",79271.0,26683.0,1.0,316210682.12815267,0.1533818484209702,14,40.14,19.242142857142856,3.5357142857142856,16.97192857142857,1.931413370364475,0.0,1.645835208897905,30.0,404.54,0.0,0.0,0.0,0.0,0.037,2.867169098287646,64.0,345.0,92.71875
2197,37019,Brunswick County,"174,702",71193.0,90454.0,0.0,892116259.3851461,0.3281936990633554,10,6.45,1.7259999999999998,2.47,1.1359,9.98103068573426,2038.0,1.5542704382073842,29.0,557.14,1.0,37663372.88003094,0.0138556847660405,1.0,0.13,6.378076298181246,24.0,230.0,191.66666666666663
2198,27029,Clearwater County,"8,647",62723.0,4464.0,0.0,34751.87119100582,1.3025264876127792e-05,117,1219.4799999999998,38.86282051282051,3.5025641025641026,0.5177264957264958,3.478969488822257,35.0,3.041867282830822,39.0,584.86,0.0,0.0,0.0,0.0,0.022,2.8150451049430885,11.0,115.0,110.8181818181818
2199,51131,Northampton County,"11,879",54693.0,7412.0,0.0,575720465.7826899,0.2795166626292364,5,1.63,0.5700000000000001,1.38,0.3688,6.178456583187005,0.0,19.932467768772508,2.0,86.96,0.0,0.0,0.0,0.0,0.049,1.3658218002480895,7.0,69.0,69.0
2200,20163,Rooks County,"4,646",60821.0,2637.0,0.0,2.1277143023175857,9.177446047259007e-10,5,15.15,99.546,9.14,0.7167999999999999,5.409438358674105,0.0,6.086284505451316,12.0,398.46,0.0,0.0,0.0,0.0,0.077,18.792714350850748,2.0,115.0,115.0
2201,18041,Fayette County,"23,533",52219.0,10896.0,0.0,59515560.29670473,0.1067988081553019,1,0.36,1.07,3.0,17.46,4.124145021334855,0.0,2.0386074781243564,6.0,159.53,0.0,0.0,0.0,0.0,0.11,1.0935106472848894,18.0,138.0,84.33333333333333
2202,31079,Hall County,"63,633",63553.0,25256.0,0.0,416879602.9731787,0.2915145813425321,5,1.39,0.39,1.34,25.4514,4.564934264455667,23.0,2.333900259072096,7.0,397.44,1.0,201895.2747077952,0.0001411808494868,0.0,0.046,10.179212964281891,20.0,230.0,115.0
2203,31081,Hamilton County,"9,678",73254.0,4105.0,0.0,148016914.3597718,0.1049119110425129,5,2.29,0.732,1.58,20.9932,7.191368065819983,1.0,15.681821362194343,2.0,177.13,0.0,0.0,0.0,0.0,0.046,6.42262701125693,4.0,345.0,172.5
2204,31115,Loup County,570,50000.0,434.0,0.0,90305728.77982458,0.0610553827718695,3,18.55,73.42999999999999,5.8,2.8663333333333334,5.969802588332457,0.0,6.070795271152959,6.0,321.47,0.0,0.0,0.0,0.0,0.056,18.770299749097745,2.0,69.0,69.0
2205,06101,Sutter County,"98,787",72654.0,34560.0,0.0,546203550.2666276,0.3466226751864431,3,1.19,0.6366666666666667,1.5,76.47266666666665,9.678882576681332,7.0,2.9785548456326443,16.0,392.59,0.0,0.0,0.0,0.0,0.3,0.5856897638774737,24.0,230.0,104.58333333333331
2206,42105,Potter County,"15,897",56491.0,12395.0,0.0,96569403.47782172,0.0344769822516652,2,0.3299999999999999,1.115,6.45,0.521,10.525291498391809,0.0,3.37881606823424,37.0,405.62,0.0,0.0,0.0,0.0,0.058,14.443333544185586,5.0,115.0,115.0
2207,48465,Val Verde County,"47,835",57250.0,18551.0,0.0,737924132.6449312,0.0881358540922188,2,0.8,3.045,5.85,6.917,23.96598181483402,0.0,5.338952187044187,29.0,1355.0,1.0,16549699.227013713,0.0019766556097224,0.0,0.03,34.81295360134521,8.0,138.0,113.85
2208,20077,Harper County,"5,370",53032.0,3045.0,0.0,222067286.5898904,0.1068047275464484,2,0.52,0.615,2.4000000000000004,0.1639999999999999,1.873317086379084,0.0,1.935794660948889,9.0,190.09,0.0,0.0,0.0,0.0,0.065,10.198792938517188,6.0,345.0,207.0
2209,19133,Monona County,"8,539",59897.0,4403.0,0.0,516697026.18862087,0.2854316740218128,7,1.67,0.5614285714285715,2.314285714285714,0.0345714285714285,16.152114243258815,0.0,2.346619753387415,24.0,437.34,0.0,0.0,0.0,0.0,0.039,4.040834280621398,23.0,69.0,69.0
2210,49023,Juab County,"13,567",88048.0,3859.0,0.0,266877.8731656553,3.0254743130133197e-05,16,55.16,31.245,2.24375,1.767125,6.875548829942513,5.0,10.245607809885469,24.0,186.72,1.0,8305.0852815337,9.415101330288476e-07,0.0,0.16,55.08626567446374,12.0,69.0,69.0
2211,40137,Stephens County,"44,310",57065.0,20347.0,0.0,277237916.0717687,0.1200858562653565,13,50.24,95.58769230769232,6.261538461538462,0.4784615384615384,3.31776415405103,0.0,3.450510759800159,32.0,213.77,0.0,0.0,0.0,0.0,0.22,6.995078488550575,43.0,345.0,109.11627906976744
2212,36017,Chenango County,"45,715",61741.0,24384.0,0.0,125531532.00766753,0.0539354352921915,20,4.930000000000001,1.303,4.995,0.0992,5.500892838514472,0.0,0.9765186060872132,40.0,602.2,0.0,0.0,0.0,0.0,0.073,2.3151018545418065,4.0,115.0,115.0
2213,17143,Peoria County,"178,553",63409.0,84963.0,0.0,1474508.87704276,0.0009033141159719,5,60.78,99.93,3.6,259.8106,15.487943995264269,0.0,2.605784579388548,22.0,479.69,1.0,1463650.9850691557,0.0008966623505996,0.0,0.09,5.054773562431806,38.0,345.0,145.26315789473685
2214,19091,Humboldt County,"9,409",66617.0,4571.0,0.0,66416737.04522894,0.058859661767614,1,0.14,0.29,2.0,31.431,14.122339645977622,0.0,4.516075990797583,7.0,295.71,0.0,0.0,0.0,0.0,0.031,11.46906010352557,2.0,345.0,207.0
2215,48391,Refugio County,"6,657",54304.0,3311.0,0.0,390874580.6263685,0.1844414068791748,23,9.25,0.5404347826086956,1.2869565217391306,0.5945652173913044,7.563058242374499,20.0,5.944019196401151,18.0,641.76,0.0,0.0,0.0,0.0,0.029,8.959147212589825,2.0,345.0,345.0
2216,39017,Butler County,"400,128",77062.0,154056.0,2.0,90929640.88934287,0.0746875831759859,16,5.86,2.04625,2.74375,42.6014375,3.888813334325517,0.0,2.643871556242527,11.0,282.78,0.0,0.0,0.0,0.0,0.1,1.5431639046776209,86.0,345.0,123.55813953488372
2217,13273,Terrell County,"8,656",43507.0,4245.0,0.0,71641627.3626641,0.0819091792452167,5,1.21,0.4599999999999999,1.88,0.7844,8.128154830986704,1.0,1.4608956084619098,7.0,231.86,0.0,0.0,0.0,0.0,0.064,1.6246202678599273,4.0,115.0,115.0
2218,13063,Clayton County,"297,471",56207.0,113826.0,0.0,33551837.221083544,0.0897291922843069,7,4.89,4.074285714285715,4.228571428571429,0.9284285714285716,4.503992013847224,20.0,1.606317370756214,4.0,203.84,2.0,5213796.817655876,0.0139434920985123,0.0,0.11,0.8824435034764366,54.0,500.0,145.55555555555554
2219,56013,Fremont County,"39,464",60030.0,17474.0,0.0,5388949.131146774,0.0002245567660625,126,157.32000000000002,10.331825396825396,6.75,0.6223730158730159,7.0202097309026055,615.0,4.186681477769896,159.0,1917.57,0.0,0.0,0.0,0.0,0.19,23.20858403064548,2.0,115.0,92.0
2220,18115,Ohio County,"5,994",66333.0,2736.0,0.0,23292622.29529277,0.1028388227970939,2,0.41,0.955,4.55,0.7955,7.51991114224286,0.0,0.635713153285006,7.0,91.27,0.0,0.0,0.0,0.0,0.11,9.097216393713447,0.0,0.0,0.0
2221,13073,Columbia County,"169,189",92571.0,59195.0,0.0,61843173.094719656,0.0776003516408971,6,171.32,852.7433333333333,9.85,46.37116666666666,4.257137035294871,13.0,2.534641347280852,14.0,293.97,1.0,9400360.140410278,0.0117955016850387,0.0,0.2,7.0333139500277015,15.0,230.0,161.0
2222,08115,Sedgwick County,"2,247",45855.0,1231.0,0.0,75141159.39263329,0.0528066111786563,2,5.74,23.965,5.35,0.005,24.271944263068978,3.0,7.790692330609179,13.0,61.400000000000006,0.0,0.0,0.0,0.0,0.04,30.826960465491357,0.0,0.0,0.0
2223,30065,Musselshell County,"5,582",54875.0,2677.0,0.0,82714112.71184365,0.0170625578979337,7,8.89,2.585714285714286,2.257142857142857,0.0471428571428571,20.37177927039481,0.0,2.44165835202904,10.0,294.86,0.0,0.0,0.0,0.0,0.046,84.28323935092385,0.0,0.0,0.0
2224,42043,Dauphin County,"293,351",71046.0,126567.0,0.0,164855086.4508652,0.1140506514557055,2,2.4000000000000004,19.255,9.9,0.4805,5.917286567001839,0.0,0.0877202726243921,36.0,662.99,1.0,24406630.412117165,0.0168850847023773,1.0,0.076,10.167721459075398,86.0,230.0,99.48837209302326
2225,46101,Moody County,"6,632",71469.0,2739.0,0.0,175504879.17101598,0.1301119194061436,5,4.45,2.88,2.78,0.3336,9.36311198754346,0.0,1.516014696074515,13.0,246.7,0.0,0.0,0.0,0.0,0.044,3.796765055205926,11.0,345.0,106.63636363636364
2226,54079,Putnam County,"56,885",75725.0,24805.0,0.0,53858942.09280964,0.0593467794443918,1,0.6,3.5,5.8,0.009,7.013386214632858,0.0,2.0477334407433667,8.0,249.97,0.0,0.0,0.0,0.0,0.1,1.776890984182368,18.0,765.0,146.0
2227,34037,Sussex County,"148,063",111094.0,62709.0,0.0,113693372.55470496,0.081984825952654,49,30.83,4.0587755102040814,5.095918367346939,0.2245918367346939,6.456343502788752,798.0,0.6163973523295606,41.0,368.89,0.0,0.0,0.0,0.0,0.13,10.37205398125744,4.0,115.0,115.0
2228,20039,Decatur County,"2,716",49412.0,1646.0,0.0,6655.365821245352,2.8738563653516145e-06,0,0.0,0.0,0.0,0.0,37.47294526883261,1.0,5.43709077925618,6.0,87.0,0.0,0.0,0.0,0.0,0.044,8.508359225703538,7.0,345.0,113.35714285714286
2229,18123,Perry County,"19,389",58936.0,8533.0,0.0,112570150.7685988,0.1125094167972726,8,3.0700000000000003,2.1437500000000003,5.325,0.395,1.9566297505390435,0.0,3.979651516730936,18.0,141.17000000000002,0.0,0.0,0.0,0.0,0.2,4.397773792922569,19.0,161.0,82.3157894736842
2230,28145,Union County,"28,459",55970.0,12132.0,0.0,163919580.10805607,0.1518073480533305,10,1.99,0.6559999999999999,3.28,0.3186,8.2586486681122,0.0,0.977684102651174,14.0,202.37,0.0,0.0,0.0,0.0,0.27,1.2079176793254274,13.0,500.0,187.07692307692307
2231,31015,Boyd County,"1,674",57120.0,1210.0,0.0,145372651.1749146,0.1030779344495029,0,0.0,0.0,0.0,0.0,31.390803759571764,0.0,2.2972466310434214,22.0,538.88,0.0,0.0,0.0,0.0,0.096,12.526275210627494,2.0,115.0,115.0
2232,18103,Miami County,"34,487",59551.0,14901.0,0.0,51055931.73341304,0.0522347876993859,1,10.74,454.4,42.3,24.524,9.440247032498032,0.0,1.0905830862650014,12.0,424.06,1.0,10465016.754483793,0.0107066487650295,0.0,0.08,10.969637349079193,2.0,345.0,287.5
2233,20053,Ellsworth County,"6,257",59844.0,3102.0,0.0,163277189.3578366,0.0871601520318007,6,14.3,89.80333333333334,8.933333333333334,8.546999999999999,4.127215830511704,0.0,1.0040475792321042,10.0,303.61999999999995,0.0,0.0,0.0,0.0,0.053,10.732371956361494,4.0,230.0,143.75
2234,22123,West Carroll Parish,"9,156",45035.0,4702.0,0.0,199598185.91777948,0.2137097204351084,1,0.18,0.28,1.6,0.198,12.732992700684209,0.0,3.991475448869543,9.0,153.97,0.0,0.0,0.0,0.0,0.12,2.8036072321880843,2.0,115.0,115.0
2235,12077,Liberty County,"8,035",51723.0,3118.0,0.0,1240323465.1991937,0.5679964176693582,1,0.41,1.54,3.7,0.022,18.083819582773177,8645.0,0.7357132988703642,18.0,373.09,0.0,0.0,0.0,0.0,0.043,14.543257483523442,6.0,115.0,84.33333333333333
2236,20083,Hodgeman County,"1,619",63125.0,851.0,0.0,14729.776768095397,6.610630069237273e-06,0,0.0,0.0,0.0,0.0,31.394303811428543,0.0,1.0215872837570048,4.0,96.42,0.0,0.0,0.0,0.0,0.05,13.965207978935936,5.0,115.0,96.6
2237,20119,Meade County,"3,852",74063.0,1912.0,0.0,545.2668588613474,2.149698328850284e-07,1,0.18,0.51,2.8,0.088,9.781828534809268,0.0,0.143088809702524,14.0,109.83,0.0,0.0,0.0,0.0,0.055,11.7729625252382,6.0,115.0,61.333333333333336
2238,21149,McLean County,"9,064",64020.0,4180.0,0.0,316840603.170433,0.4774229162462594,3,2.48,1.6733333333333331,1.8666666666666665,1.0816666666666666,11.704244873471772,0.0,0.2278998810409442,6.0,454.56,0.0,0.0,0.0,0.0,0.29,0.5238956058677723,12.0,69.0,69.0
2239,28001,Adams County,"30,061",37271.0,14893.0,0.0,438480316.1197694,0.3472456595529651,17,31.84,7.376470588235295,3.070588235294118,2.492529411764706,1.5332384176878089,0.0,1.8419936527094565,25.0,352.59000000000003,0.0,0.0,0.0,0.0,0.071,3.2153018584194366,14.0,115.0,115.0
2240,72083,Las Marías Municipio,,16506.0,4005.0,0.0,1543549.2590881232,0.0128150628174051,0,0.0,0.0,0.0,0.0,15.592729398410052,0.0,2.985711587421896,4.0,49.46,0.0,0.0,0.0,0.0,0.5,9.834848451124977,0.0,0.0,0.0
2241,28057,Itawamba County,"24,152",57252.0,10462.0,0.0,282815310.8082628,0.2020457803215293,11,27.75,11.530909090909091,3.636363636363636,17.873454545454546,5.049863763155919,0.0,2.594009852704733,29.0,249.39,0.0,0.0,0.0,0.0,0.21,3.319813368863508,9.0,161.0,161.0
2242,48445,Terry County,"11,720",42694.0,4789.0,0.0,0.0,0.0,3,3.27,2.583333333333333,2.5,0.042,17.440826731524474,0.0,61.48161012618788,0.0,0.0,0.0,0.0,0.0,0.0,0.036,0.9401496643433463,14.0,115.0,75.57142857142857
2243,35021,Harding County,617,39489.0,457.0,0.0,31755.027629660923,5.767217476899269e-06,1,22.68,497.1,21.9,6.946,52.468008482312825,0.0,13.60770854807778,8.0,232.02,0.0,0.0,0.0,0.0,0.066,30.093909213531308,2.0,115.0,92.0
2244,01121,Talladega County,"81,603",52457.0,38088.0,0.0,257969809.24092507,0.1310009382099201,10,89.74000000000001,113.434,5.25,80.9399,10.67209222748619,1.0,0.7846804783218082,30.0,330.37,0.0,0.0,0.0,0.0,0.15,1.901597062958124,53.0,230.0,123.67924528301889
2245,55067,Langlade County,"19,534",55091.0,12185.0,0.0,3613.627008482032,1.5715684445976914e-06,62,32.52,2.5470967741935486,3.720967741935484,0.1423548387096774,2.297045951759382,0.0,1.2591702287709294,36.0,639.61,0.0,0.0,0.0,0.0,0.024,5.638150680355137,9.0,115.0,99.66666666666669
2246,48155,Foard County,"1,044",41944.0,661.0,0.0,0.0,0.0,0,0.0,0.0,0.0,0.0,20.54527040550114,0.0,6.422223007410979,10.0,238.71,0.0,0.0,0.0,0.0,0.064,5.120072174181447,4.0,138.0,86.25
2247,19021,Buena Vista County,"20,449",62662.0,8197.0,0.0,136878124.98847786,0.0910832733338489,4,12.89,8.815,2.175,0.227,11.602641627900432,0.0,4.031479800757626,12.0,300.90000000000003,0.0,0.0,0.0,0.0,0.032,7.600054532018332,36.0,161.0,71.55555555555556
2248,19129,Mills County,"14,793",81907.0,6121.0,0.0,157273509.83789238,0.137806859915944,5,1.21,0.58,2.4,3.1836,14.627153646235229,12.0,0.831640724326192,14.0,311.88,0.0,0.0,0.0,0.0,0.043,4.198659474673128,7.0,161.0,82.14285714285714
2249,48385,Real County,"2,745",46842.0,1817.0,0.0,80180.3819728455,4.42213663591525e-05,0,0.0,0.0,0.0,0.0,63.44063181588866,0.0,3.818543942720297,9.0,213.66,0.0,0.0,0.0,0.0,0.022,47.02719843133588,0.0,0.0,0.0
2250,39041,Delaware County,"242,032",123995.0,82131.0,1.0,98944898.27025212,0.0835365327110829,7,27.56,78.58285714285715,14.271428571428572,7.328857142857143,2.5003334525093046,0.0,3.985611054948083,33.0,589.74,0.0,0.0,0.0,0.0,0.079,1.2603245022993412,43.0,765.0,200.72093023255812
2251,37067,Forsyth County,"401,718",61229.0,171040.0,0.0,75917325.23889343,0.0710517867305946,5,13.86,26.188,5.44,0.8103999999999999,6.96038324442353,32.0,0.800746234626968,22.0,333.84,0.0,0.0,0.0,0.0,0.1,1.816566161791544,100.0,230.0,105.2
2252,32510,Carson City,"58,571",67465.0,24633.0,0.0,14405447.746284084,0.0353998317636284,2,497.15,70007.85,146.35,9.459,12.713779484878792,12.0,4.259171455835288,3.0,55.8,0.0,0.0,0.0,0.0,0.93,4.454512707875656,3.0,120.0,120.0
2253,19049,Dallas County,"118,457",99533.0,41753.0,9.0,143816213.19164905,0.093859392702449,0,0.0,0.0,0.0,0.0,22.471759320541683,0.0,0.5726628103155726,13.0,488.8,1.0,13835022.496387416,0.0090292101336669,0.0,0.039,11.08929333571439,11.0,345.0,194.45454545454547
2254,48065,Carson County,"5,805",83199.0,2779.0,0.0,8620.069997261102,3.6015642235673104e-06,6,3.23,0.8783333333333333,1.8333333333333333,0.0026666666666666,5.936619044317606,6.0,10.81777762622412,5.0,21.15,0.0,0.0,0.0,0.0,0.12,4.729359890940166,21.0,345.0,137.71428571428572
2255,13261,Sumter County,"28,801",38899.0,13493.0,0.0,87245699.64805841,0.0683819941417674,11,29.38,16.834545454545456,3.263636363636364,11.40981818181818,1.5168745540401314,39.0,3.314213888621312,16.0,425.14,0.0,0.0,0.0,0.0,0.072,1.1560310483109866,20.0,500.0,140.0
2256,29223,Wayne County,"10,782",42758.0,6215.0,0.0,284638490.00009966,0.1419773026692666,14,44.16,139.6307142857143,13.257142857142856,9.932928571428572,3.780778643700992,5.0,0.6133925859033311,25.0,373.71,0.0,0.0,0.0,0.0,0.55,13.227016849379622,4.0,161.0,92.0
2257,26143,Roscommon County,"23,914",49898.0,23182.0,0.0,137604268.4552193,0.0915988114417219,34,146.46,16.06235294117647,2.6,0.5654117647058824,1.5229349486458452,0.0,4.356754449836039,31.0,267.22,1.0,2715.396531083933,1.8075536292045075e-06,0.0,0.029,3.4795072188132514,4.0,138.0,138.0
2258,37005,Alleghany County,"11,479",42115.0,7726.0,0.0,7114991.558039583,0.0116275602709522,1,0.17,0.81,4.8,0.021,16.031929965674685,4.0,0.9024544869080052,19.0,278.07,0.0,0.0,0.0,0.0,0.15,9.167206871559731,1.0,500.0,500.0
2259,06035,Lassen County,"28,117",59515.0,12266.0,0.0,1439689955.4462848,0.1177656406672412,100,497.54,55.28940000000001,4.864,0.39696,5.249796811881608,165.0,4.352820369258169,89.0,525.49,1.0,105184127.50473665,0.0086039887385199,0.0,0.38,22.472919443063656,67.0,345.0,69.31343283582089
2260,51610,Falls Church city,"15,159",164536.0,6127.0,0.0,212721.86182063408,0.0401339975038101,0,0.0,0.0,0.0,0.0,3.898642634542172,0.0,3.274337594048676,0.0,0.0,0.0,0.0,0.0,0.0,0.081,0.8225851612605124,2.0,230.0,230.0
2261,12081,Manatee County,"468,200",71385.0,208358.0,0.0,573637691.2617426,0.2297466483954011,15,24.6,9.05,3.0,0.5729333333333333,4.152893016308942,0.0,1.430523273401355,33.0,443.72,0.0,0.0,0.0,0.0,0.029,6.141035121046919,12.0,230.0,230.0
2262,39119,Muskingum County,"87,014",56810.0,38348.0,0.0,121286924.36898136,0.0696255052488134,7,5.99,48.777142857142856,12.714285714285714,4.026285714285714,11.899179719681888,0.0,3.798691619154762,26.0,373.5,0.0,0.0,0.0,0.0,0.07,1.7942558612474666,37.0,765.0,160.54054054054055
2263,08015,Chaffee County,"20,831",65703.0,11072.0,0.0,26065188.508724213,0.0099155604976592,3,1.53,5.82,6.766666666666667,1.1086666666666667,12.240842201228013,32.0,2.572537405879929,18.0,314.83,0.0,0.0,0.0,0.0,0.18,60.84956284336128,0.0,0.0,0.0
2264,08025,Crowley County,"5,677",40685.0,1525.0,0.0,1270.0725583664523,6.127176964218842e-07,10,24.85,7.164,1.88,0.0048,7.1160676991902685,9.0,5.891894250128509,6.0,172.47,0.0,0.0,0.0,0.0,0.07,119.46103058286646,0.0,0.0,0.0
2265,08043,Fremont County,"50,039",56165.0,20302.0,0.0,96549019.02930324,0.0242899801597883,3,0.76,1.0733333333333337,3.9333333333333336,0.0093333333333333,19.92279684348331,6.0,0.3178166659925026,24.0,495.06,1.0,24967667.561295845,0.0062814118237286,0.0,0.15,62.280759323008894,0.0,0.0,0.0
2266,28109,Pearl River County,"59,363",54220.0,24869.0,0.0,455292327.66423845,0.2145489815638995,24,6.34,0.8183333333333334,2.9,1.7299583333333337,6.9078829497828185,310.0,1.217512695226613,14.0,387.19,0.0,0.0,0.0,0.0,0.065,1.1757085646786634,25.0,230.0,138.0
2267,28111,Perry County,"11,577",48333.0,5453.0,0.0,297236212.5282513,0.1765045891406661,10,2.23,0.577,2.58,27.2511,3.330195132948948,5.0,2.703978100185921,13.0,427.6,1.0,481483795.9342699,0.2859143536260381,0.0,0.074,7.247322315037031,9.0,161.0,89.44444444444444
2268,31041,Custer County,"10,500",62288.0,5341.0,0.0,13805.92900506984,2.069329983113084e-06,1,0.12,0.34,2.8,0.052,8.918879494085004,0.0,2.6555168349562663,22.0,494.36,0.0,0.0,0.0,0.0,0.049,6.515123198662371,36.0,115.0,76.66666666666667
2269,12013,Calhoun County,"13,289",41526.0,5680.0,0.0,588993613.7098378,0.3959713825304989,4,13.49,13.06,3.225,15.40475,13.750379797163191,4178.0,2.9035442343536944,18.0,321.07,0.0,0.0,0.0,0.0,0.044,6.693027585313911,6.0,230.0,134.16666666666666
2270,26017,Bay County,"102,123",57887.0,48598.0,0.0,221821439.96623555,0.1357913271443963,7,59401.920000000006,507143.44428571424,9.757142857142856,1323.0111428571429,0.0,0.0,4.277768028104157,14.0,96.71,0.0,0.0,0.0,0.0,0.034,6.54243543182518,23.0,345.0,192.0
2271,47157,Shelby County,"910,226",59621.0,401041.0,2.0,533100812.7012317,0.2633575467973701,23,12.24,1.3034782608695652,2.395652173913044,9.641739130434782,6.437546626285564,29.0,1.133459018970547,62.0,212.87,4.0,6463433.3312043855,0.0031930057231938,0.0,0.55,0.5984492208692367,101.0,500.0,181.82178217821783
2272,06007,Butte County,"209,211",66085.0,93069.0,0.0,785264361.9936814,0.1807803082686988,17,67.00999999999999,268.7323529411765,13.229411764705883,16.745705882352944,3.998631409142037,52.0,1.9176243145558007,69.0,857.47,0.0,0.0,0.0,0.0,0.39,3.2701357915893112,48.0,230.0,128.75
2273,01023,Choctaw County,"11,904",43299.0,7138.0,0.0,513713501.6718632,0.215392172686134,7,2.23,1.07,3.2,131.77514285714287,10.04600098242861,17.0,2.765160804398477,22.0,535.14,0.0,0.0,0.0,0.0,0.11,13.105258488806063,8.0,115.0,115.0
2274,18083,Knox County,"35,652",58173.0,16938.0,0.0,1214759.1435029055,0.0008952435704561,8,1.65,0.3825,1.8125,0.8436250000000001,7.295564381879092,0.0,3.634523375866359,17.0,578.48,0.0,0.0,0.0,0.0,0.3,4.5673874243289845,28.0,765.0,162.03571428571428
2275,31047,Dawson County,"24,452",67462.0,9856.0,0.0,276946308.8779102,0.1048912209189561,9,12.93,25.51333333333333,40.71111111111111,11.523666666666667,15.188979485306827,36.0,0.7799774278011599,19.0,173.05,0.0,0.0,0.0,0.0,0.044,7.381649499403755,39.0,230.0,95.53846153846152
2276,20057,Ford County,"33,993",67997.0,12568.0,0.0,329454376.6255496,0.1157358668493484,3,0.66,0.4266666666666667,1.8333333333333333,7.210999999999999,6.785821243034564,0.0,2.007156098199411,6.0,410.38,0.0,0.0,0.0,0.0,0.051,3.7003784309850154,33.0,345.0,130.6818181818182
2277,38105,Williams County,"41,767",86139.0,20185.0,0.0,12957164.610239394,0.0023292538853843,32,1152.9,946.716875,3.396875,50.27909375,9.821817477904377,10.0,8.857609247587337,24.0,187.62,0.0,0.0,0.0,0.0,0.043,9.095277063569798,51.0,230.0,111.84313725490196
2278,38017,Cass County,"201,794",73249.0,85944.0,0.0,382409031.7869932,0.0835207924164121,14,9.65,1.31,2.107142857142857,1.2905714285714287,22.054174683410515,109.0,1.5345373081771976,14.0,826.62,1.0,1043293.642328666,0.0002278625881902,0.0,0.03,3.545853399950235,80.0,345.0,84.545
2279,17069,Hardin County,"3,588",53026.0,2263.0,0.0,50594666.97867339,0.1076663565820103,2,68.92999999999999,456.08,8.0,2498.693,6.800563704028218,0.0,3.0910438909106626,14.0,51.52,0.0,0.0,0.0,0.0,0.51,2.2662732559359267,11.0,161.0,77.36363636363636
2280,31005,Arthur County,396,66667.0,234.0,0.0,0.0,0.0,14,7.75,1.45,2.7,0.0001428571428571,5.54220167275161,5.0,29.01011772245265,0.0,0.0,0.0,0.0,0.0,0.0,0.048,19.59870368921616,1.0,115.0,115.0
2281,48163,Frio County,"18,823",56042.0,6335.0,0.0,1584247.3004816785,0.0005392361296808,3,0.61,0.4766666666666667,1.9666666666666668,0.4523333333333333,20.213956162397466,1.0,14.742238026778567,5.0,63.17,0.0,0.0,0.0,0.0,0.027,6.498577938020196,15.0,345.0,142.6
2282,37077,Granville County,"61,421",68079.0,24344.0,0.0,85449894.8286954,0.061370816070368,8,223.54,678.125,9.85,38.03,1.7383028604797472,21.0,3.706452349378817,30.0,298.37,1.0,10812617.979172174,0.0077657110119238,0.0,0.073,3.8654152309353447,8.0,500.0,249.375
2283,47091,Johnson County,"18,718",47571.0,8741.0,0.0,23307933.839501657,0.0297308717417224,1,21.41,835.1,39.0,26.646,11.816560681108657,1.0,1.387015443998325,19.0,104.02,0.0,0.0,0.0,0.0,0.18,0.3641526342096008,8.0,161.0,161.0
2284,39013,Belmont County,"64,434",56943.0,31636.0,0.0,56295647.46557021,0.0401534267782222,6,9.95,15.093333333333334,5.849999999999999,203.544,2.6355869709272555,0.0,0.51043060153543,19.0,388.1,0.0,0.0,0.0,0.0,0.059,0.3523940029853566,36.0,345.0,155.25
2285,51195,Wise County,"34,824",47541.0,16723.0,0.0,24448648.557071555,0.0232810505847826,2,0.28,0.7,4.9,0.1045,8.81615217774132,0.0,0.0015580157476378,23.0,357.36,0.0,0.0,0.0,0.0,0.17,3.306993139173884,17.0,161.0,119.05882352941175
2286,29035,Carter County,"5,418",45737.0,2705.0,0.0,10520.38590789032,7.979918761002115e-06,1,0.1,0.37,3.8,46.767,10.858164157923031,0.0,0.1322723540409774,5.0,196.85,0.0,0.0,0.0,0.0,0.47,9.166630308628369,3.0,69.0,69.0
2287,40013,Bryan County,"51,367",54289.0,20396.0,1.0,502911122.1071064,0.2057687945518889,8,269.0,802.855,5.2875,38.36925,7.774860160951192,4.0,2.432001123974554,45.0,515.97,0.0,0.0,0.0,0.0,0.11,8.748014229081647,32.0,345.0,157.40625
2288,31035,Clay County,"6,170",73933.0,2834.0,0.0,160870553.8268077,0.1082969507292848,17,9.07,1.0,1.8294117647058823,0.0540588235294117,4.637456681425975,2.0,17.358581555590906,5.0,169.75,1.0,7956605.636959524,0.00535633220711,0.0,0.045,7.262748744976242,20.0,69.0,69.0
2289,24017,Charles County,"176,593",116882.0,62362.0,0.0,170179113.28606915,0.1021975982750758,4,0.65,0.5925,3.375,0.17175,13.650841575859836,0.0,3.3981386600075583,11.0,109.16,7.0,18164219.36233537,0.0109081517556847,0.0,0.085,2.536246573068172,54.0,500.0,120.74074074074076
2290,19033,Cerro Gordo County,"42,372",63149.0,22651.0,0.0,137271827.8749457,0.0921565952653303,10,16.43,9.308,2.63,0.2377,5.728152753521203,99.0,5.025123041866882,10.0,280.02,0.0,0.0,0.0,0.0,0.031,2.442169512058869,26.0,161.0,129.15384615384616
2291,19073,Greene County,"8,658",56884.0,4325.0,0.0,91356752.73161905,0.0617462164801947,3,0.54,0.3899999999999999,2.1,0.6066666666666666,7.835476288486559,0.0,1.9771776641788237,11.0,295.77,0.0,0.0,0.0,0.0,0.035,7.480368794341393,4.0,161.0,161.0
2292,21205,Rowan County,"24,476",50038.0,10539.0,0.0,55893082.27207683,0.0753859090982296,1,27.85,757.5,27.2,25.06,11.243508925623011,0.0,0.7062769472814328,11.0,272.14,0.0,0.0,0.0,0.0,0.13,0.6180851739470486,17.0,138.0,101.47058823529412
2293,49055,Wayne County,"2,587",64870.0,1690.0,0.0,0.0,0.0,2,0.5800000000000001,1.985,5.9,228.6855,39.72525816680114,5.0,0.1431257631402749,26.0,526.75,0.0,0.0,0.0,0.0,0.16,116.21040261064752,0.0,0.0,0.0
2294,29031,Cape Girardeau County,"83,999",65070.0,35506.0,0.0,298557121.6377666,0.1965955473839845,3,1.36,1.53,3.6666666666666665,0.2306666666666667,13.49114690486106,0.0,1.8995439706033683,35.0,309.49,0.0,0.0,0.0,0.0,0.55,7.590019875683196,17.0,345.0,166.41176470588235
2295,53071,Walla Walla County,"62,361",66635.0,25032.0,0.0,42.79230492052,1.2719515418193545e-08,7,2.19,1.1528571428571428,3.457142857142857,2.1085714285714285,24.50536878877503,10.0,6.255195513761132,20.0,762.75,0.0,0.0,0.0,0.0,0.17,20.564766726884923,6.0,500.0,500.0
2296,29133,Mississippi County,"12,003",40833.0,5303.0,0.0,1049139.8019014923,0.0009447074347452,3,0.73,0.42,1.7333333333333334,0.948,15.50567886637897,7.0,0.219840013793729,27.0,196.59,0.0,0.0,0.0,0.0,1.55,3.9471459236603903,5.0,161.0,87.4
2297,05025,Cleveland County,"7,224",48913.0,3604.0,0.0,1835936.5562867676,0.0011836025778192,1,0.22,0.59,2.7,0.078,15.641672423016209,0.0,2.575496961309568,27.0,222.11,0.0,0.0,0.0,0.0,0.17,8.004642080111742,4.0,115.0,115.0
2298,48113,Dallas County,"2,661,397",70732.0,1040669.0,25.0,468985052.3114197,0.1992818999270241,17,122.86,99.26941176470588,6.135294117647058,20.200764705882357,3.998414624108965,19.0,1.684196517540176,35.0,392.47,1.0,301945.0251722161,0.0001283029768076,0.0,0.058,1.671314973581088,130.0,345.0,145.43076923076924
2299,72079,Lajas Municipio,,17131.0,12085.0,0.0,60352523.66236561,0.2304053919768565,1,0.33,0.83,2.5,0.033,3.415273029322635,0.0,10.667443214606488,0.0,0.0,0.0,0.0,0.0,0.0,0.58,10.596290610748005,0.0,0.0,0.0
2300,25025,Suffolk County,"791,891",87669.0,350419.0,0.0,47063506.19651726,0.1511467426253091,5,1.45,5.066000000000001,16.38,1.6764,6.79079861484448,302.0,6.881635011942578,3.0,89.81,0.0,0.0,0.0,0.0,0.15,5.199936104852736,14.0,345.0,147.85714285714286
2301,16051,Jefferson County,"35,297",77491.0,10241.0,0.0,75231329.28024665,0.0262698858292429,11,21.59,2.2781818181818183,1.4454545454545455,6.808454545454547,8.014981815703253,3.0,7.343750368316765,7.0,195.75,0.0,0.0,0.0,0.0,0.13,51.349567577573744,0.0,0.0,0.0
2302,48177,Gonzales County,"20,159",64255.0,8947.0,0.0,542604552.0074055,0.1958218530426027,3,0.52,0.3466666666666667,2.0,31.770333333333337,1.0358186617919822,0.0,1.1563433157977596,17.0,402.1,0.0,0.0,0.0,0.0,0.031,7.457831263256478,5.0,138.0,96.6
2303,47115,Marion County,"29,804",58139.0,13663.0,0.0,128568841.22621204,0.0968898641384256,4,41.79,82.9125,6.6,345.3215,9.371391747151,2.0,2.198672102633949,14.0,227.14,0.0,0.0,0.0,0.0,0.25,8.841030676438834,10.0,500.0,194.9
2304,26007,Alpena County,"28,853",49133.0,15685.0,0.0,129254680.2316581,0.0294440907123182,15,59467.630000000005,236682.96866666665,7.506666666666666,614.8775333333334,0.0,0.0,19.911400328212,36.0,259.43,1.0,2193488.89209166,0.0004996746407902,0.0,0.028,23.180757321481853,6.0,138.0,138.0
2305,21231,Wayne County,"19,597",41583.0,10169.0,0.0,105890838.4094113,0.0844441663140543,2,159.62,3755.625,25.3,117.829,6.862259424501311,1.0,4.338225306781546,17.0,189.58,0.0,0.0,0.0,0.0,0.14,5.403408149331414,15.0,161.0,75.13333333333334
2306,47185,White County,"29,612",48220.0,12020.0,0.0,30336321.672155675,0.0308702056774914,4,64.29,661.1700000000001,16.425,37.153,11.715431812878297,0.0,1.030697733258768,16.0,208.16,0.0,0.0,0.0,0.0,0.18,9.005355654930781,4.0,500.0,245.75
2307,08067,La Plata County,"56,898",81936.0,28233.0,0.0,60210961.938033015,0.013678408290425,9,15.87,27.23555555555556,9.133333333333333,0.4654444444444444,9.35525242276484,4.0,2.19074600809038,23.0,362.3,0.0,0.0,0.0,0.0,0.099,46.33106679036909,0.0,0.0,0.0
2308,48027,Bell County,"402,248",62858.0,148787.0,0.0,408667819.8086363,0.1447229617357051,7,66.81,509.57428571428574,16.928571428571427,3.1607142857142856,4.839708461102461,8.0,2.4116352592800445,28.0,409.0,1.0,273829287.4302172,0.096972121527542,0.0,0.033,3.846269672605128,30.0,345.0,156.4
2309,28069,Kemper County,"8,600",42947.0,3958.0,0.0,179762582.15734234,0.0904882143358958,5,2.85,2.696,2.68,0.1856,9.22471976130884,4.0,4.3272142689610735,22.0,217.51,3.0,7850518.045600675,0.0039517643273301,0.0,0.14,3.579920278274526,17.0,230.0,173.1764705882353
2310,05019,Clark County,"20,938",48071.0,10039.0,0.0,734146715.0572817,0.3210337611362231,4,46.52,425.6125,11.45,9.95275,11.978778750911834,372.0,2.1986651665254198,49.0,556.26,0.0,0.0,0.0,0.0,0.14,7.656344516278164,16.0,500.0,139.0625
2311,41035,Klamath County,"70,274",57219.0,32864.0,0.0,1275128205.3346658,0.0802203166691354,130,584.6,78.63184615384615,5.029230769230769,2.663823076923077,5.952485470470285,731.0,8.997648050764882,138.0,1051.38,1.0,644219.2314910701,4.0528842933873535e-05,0.0,0.26,23.61342443670755,35.0,500.0,145.5142857142857
2312,36075,Oswego County,"118,569",65054.0,54570.0,0.0,444955251.3680522,0.1309416073210743,38,19577.390000000003,43222.01052631579,6.271052631578947,207.9407631578948,3.687244077262712,63.0,1.399592191357437,46.0,458.34,0.0,0.0,0.0,2.0,0.087,3.455051496253294,84.0,345.0,153.33333333333334
2313,72105,Naranjito Municipio,,20616.0,10590.0,0.0,1953019.4988378435,0.0271753784865606,1,0.99,34.5,35.0,5.966,4.257401703014708,0.0,2.8416909500525365,3.0,82.83,0.0,0.0,0.0,0.0,0.45,87.37819466980649,0.0,0.0,0.0
2314,01019,Cherokee County,"26,413",46621.0,14687.0,0.0,342013308.2857726,0.2200954439138165,21,103.94,29.874761904761904,3.933333333333333,55.51385714285714,0.0,170.0,0.0715022559485527,33.0,292.24,0.0,0.0,0.0,0.0,0.19,10.398512596681703,5.0,230.0,161.0
2315,48019,Bandera County,"22,876",70965.0,11463.0,0.0,164649074.5731312,0.0796963332830444,4,19.81,101.425,8.025,1.72475,9.608371291797662,0.0,4.622787799689463,13.0,218.16,0.0,0.0,0.0,0.0,0.023,35.61713572890329,1.0,138.0,138.0
2316,30087,Rosebud County,"8,253",57656.0,3807.0,0.0,5646981.250092775,0.000433874350927,17,4.35,0.7023529411764705,2.547058823529412,0.0386470588235294,29.98849624905134,95.0,3.735201850448297,21.0,1237.59,0.0,0.0,0.0,0.0,0.05,53.33398298481671,0.0,0.0,0.0
2317,35059,Union County,"3,844",41714.0,2091.0,0.0,0.0,0.0,2,0.5,0.855,3.4,0.0265,18.06090007663613,0.0,6.651213485559557,24.0,321.12,0.0,0.0,0.0,0.0,0.068,30.148673294923302,4.0,115.0,92.0
2318,26153,Schoolcraft County,"8,187",55071.0,5987.0,0.0,8834.04715234529,1.8104910752051088e-06,86,57823.28,56514.6034883721,4.134883720930233,22.40106976744186,5.652872465022909,0.0,0.1409621301995351,46.0,437.66,0.0,0.0,0.0,0.0,0.021,10.821453118650377,9.0,138.0,84.33333333333333
2319,36111,Ulster County,"183,330",77197.0,85916.0,0.0,235477958.86066276,0.0783267407067929,22,38.33,41.17181818181818,6.486363636363635,2.2561363636363634,5.43134297289451,327.0,2.5302784429472283,44.0,608.72,0.0,0.0,0.0,0.0,0.096,11.277729103095544,34.0,345.0,104.17647058823528
2320,34007,Camden County,"535,799",82005.0,212477.0,0.0,64993551.395802766,0.1102989341514616,5,1.95,1.002,2.64,1.2114,4.79741259711103,208.0,1.965560663058381,6.0,58.010000000000005,0.0,0.0,0.0,0.0,0.12,2.9929676462699057,11.0,230.0,215.3636363636364
2321,47165,Sumner County,"215,538",81883.0,79481.0,4.0,87525778.50163126,0.062211461981945,3,59.28,224.84333333333336,5.7,336.253,11.682840628646709,2.0,0.3568423861258667,34.0,212.07,0.0,0.0,0.0,0.0,0.18,1.0591393107018945,41.0,500.0,162.53658536585365
2322,51097,King and Queen County,"6,743",70147.0,3464.0,0.0,84845401.65134121,0.1003907835863232,1,0.22,0.9,4.2,0.427,12.92687023826846,0.0,2.8427822966049474,17.0,161.94,0.0,0.0,0.0,0.0,0.094,12.934720274050626,2.0,230.0,230.0
2323,05015,Carroll County,"29,263",56826.0,13858.0,0.0,81593805.64684771,0.0493246190210158,3,189.68,2226.53,25.200000000000003,61.57333333333333,20.680275373913823,0.0,0.6938750862103925,16.0,251.87,0.0,0.0,0.0,0.0,0.15,2.787404705220465,19.0,161.0,122.26315789473684
2324,51820,Waynesboro city,"23,951",52519.0,10288.0,0.0,3878463.581254004,0.099101637362779,0,0.0,0.0,0.0,0.0,15.520312880638484,0.0,0.5322202765787762,1.0,45.36,0.0,0.0,0.0,0.0,0.1,1.9801994159991687,1.0,115.0,115.0
2325,02220,Sitka City and Borough,"8,319",95261.0,4138.0,0.0,66073069.61660021,0.0053431851573549,261,145.55,14.46183908045977,11.156704980842912,1.0535555555555556,4.501146911116748,0.0,1.7126036371247058,192.0,748.64,0.0,0.0,0.0,0.0,0.34,124.70478747705216,0.0,0.0,0.0
2326,41051,Multnomah County,"795,391",83668.0,363661.0,2.0,148815375.55780926,0.1235631888926905,15,20.5,8.802666666666665,6.613333333333333,2.045133333333333,2.0306159648199174,523.0,2.214667122714365,12.0,413.67,1.0,897125.7500870483,0.0007448942564099,0.0,0.43,8.55447001425836,6.0,500.0,179.16666666666666
2327,47061,Grundy County,"14,116",47948.0,6216.0,0.0,26766942.192564476,0.0286185244493326,4,0.96,0.7175,3.0,0.097,2.512466039137657,0.0,0.0325401621159961,8.0,160.9,0.0,0.0,0.0,0.0,0.21,5.349516901054444,4.0,161.0,161.0
2328,27057,Hubbard County,"22,369",67197.0,14729.0,0.0,0.0,0.0,164,581.08,12.289634146341465,4.507317073170732,0.5840548780487804,1.853410486359392,12.0,8.376993553579782,45.0,344.86,0.0,0.0,0.0,0.0,0.024,13.238599373080342,13.0,230.0,113.23076923076924
2329,38081,Sargent County,"3,711",75648.0,2006.0,0.0,20133.364197979725,8.967316784986805e-06,51,33.53,1.958235294117647,4.027450980392157,0.4487450980392157,3.7843803776950793,0.0,9.745012928986094,12.0,129.24,0.0,0.0,0.0,0.0,0.041,1.3134860870238882,14.0,230.0,99.27142857142856
2330,36089,St. Lawrence County,"105,488",58339.0,51780.0,0.0,0.0,0.0,130,19660.87,12628.989384615386,5.264615384615384,127.66217692307691,0.9837385722942996,279.0,0.1315934221485626,118.0,1258.32,1.0,112448.43575623247,1.538934787187672e-05,0.0,0.21,7.991131508496551,121.0,230.0,120.70247933884298
2331,29179,Reynolds County,"5,992",43856.0,3498.0,0.0,68151.17561482263,3.230954432142488e-05,9,12.68,62.774444444444434,14.788888888888888,3.208444444444444,14.68135452586914,0.0,0.5069210561556752,27.0,200.27,0.0,0.0,0.0,0.0,0.38,6.118607954587668,17.0,345.0,124.47058823529412
2332,06067,Sacramento County,"1,618,460",84010.0,588894.0,5.0,959525466.3335928,0.3725753095696678,33,53.120000000000005,34.5469696969697,2.966666666666667,15.31469696969697,5.779563232201975,109.0,5.333317530335698,28.0,366.75,0.0,0.0,0.0,0.0,0.26,1.5026254055588424,352.0,500.0,87.68181818181819
2333,39125,Paulding County,"18,727",65331.0,8524.0,0.0,86681566.1738214,0.0799050833701252,2,2.15,6.2,3.75,28.626,0.6157337236478939,0.0,1.325126501737348,20.0,301.59,0.0,0.0,0.0,0.0,0.088,11.19893932537904,2.0,138.0,138.0
2334,18179,Wells County,"28,883",68074.0,11961.0,0.0,58705938.69182105,0.0612197635685466,0,0.0,0.0,0.0,0.0,20.220093303328635,0.0,4.15151417771054,7.0,185.57,0.0,0.0,0.0,0.0,0.085,11.803998389638837,2.0,345.0,345.0
2335,51063,Floyd County,"15,789",57146.0,7947.0,0.0,9374947.517885674,0.0094813626329762,0,0.0,0.0,0.0,0.0,23.859948144878103,3.0,0.17636859528758,9.0,177.08,0.0,0.0,0.0,0.0,0.14,2.373074035835481,1.0,138.0,138.0
2336,06083,Santa Barbara County,"442,065",92332.0,158807.0,0.0,282722428.77356833,0.0288196012604665,7,11.47,31.927142857142854,7.685714285714285,1.3365714285714283,6.865499268605089,0.0,5.371308430838059,41.0,191.93,2.0,400887918.7001876,0.0408649218853833,0.0,0.95,6.468322045870311,45.0,115.0,89.55555555555556
2337,54005,Boone County,"20,251",56182.0,10205.0,0.0,32664134.85231851,0.0250215630669624,1,0.32,3.16,10.0,0.017,12.233167173893202,0.0,3.3715289112533915,8.0,245.82,0.0,0.0,0.0,0.0,0.11,12.173207013106689,15.0,765.0,179.8
2338,28009,Benton County,"7,502",38750.0,4080.0,0.0,87121433.1853242,0.0823134506200813,18,3.8,0.8416666666666667,3.7277777777777774,0.3068333333333333,3.273196246997161,0.0,7.532888388987655,9.0,83.12,0.0,0.0,0.0,0.0,0.36,1.942900903119454,1.0,500.0,500.0
2339,60030,Rose Island,,,,0.0,0.0,0.0,0,0.0,0.0,0.0,0.0,506.56500735492136,0.0,3670.761844725948,0.0,0.0,0.0,0.0,0.0,0.0,0.0,3587.266079479481,0.0,0.0,0.0
2340,21115,Johnson County,"22,051",44231.0,10526.0,0.0,28863743.87875662,0.0421917842912105,2,1.44,46.225,41.9,1.5125,3.4536898853485707,0.0,2.444943845007442,8.0,120.19,0.0,0.0,0.0,0.0,0.11,1.4643414171872882,13.0,138.0,74.3076923076923
2341,44003,Kent County,"173,495",85732.0,76104.0,0.0,46289965.700378455,0.094997643299159,7,2.4800000000000004,1.3557142857142856,3.7285714285714286,0.1282857142857142,7.85737966743148,363.0,1.752623451757927,20.0,95.69,1.0,1523435.971910145,0.0031264405764604,0.0,0.11,8.04394679853479,18.0,115.0,115.0
2342,50025,Windham County,"45,204",65473.0,29978.0,0.0,80731503.50985837,0.0390282446180254,19,22.4,41.49368421052632,12.7,35.20915789473684,7.058273682594853,640.0,1.574864548587784,58.0,449.92,1.0,194134.4959480812,9.385095368295192e-05,0.0,0.11,4.076495755716301,25.0,345.0,123.28
2343,50019,Orleans County,"27,600",63981.0,16499.0,0.0,756462.2778431523,0.0004044626203908,35,38.87,13.636857142857142,6.422857142857144,2.0033142857142856,8.452168096841381,126.0,2.004689652984294,52.0,230.75,0.0,0.0,0.0,0.0,0.13,3.6195284044859326,19.0,115.0,59.92105263157895
2344,20085,Jackson County,"13,438",70385.0,5612.0,0.0,187780193.88143155,0.1101823882682721,7,2.53,1.124285714285714,2.9857142857142853,0.1352857142857143,3.212152759319972,0.0,5.211064432054794,13.0,291.33,0.0,0.0,0.0,0.0,0.061,6.286133242823022,2.0,161.0,138.0
2345,22041,Franklin Parish,"19,002",41129.0,8936.0,0.0,533951886.4068383,0.3245955887612837,44,37.35,4.4575,2.122727272727273,7.884681818181819,2.758108149347691,3.0,3.5283949272962154,26.0,526.9300000000001,0.0,0.0,0.0,0.0,0.087,4.30772703055174,5.0,115.0,115.0
2346,49015,Emery County,"10,177",67056.0,4100.0,0.0,26606.01494877463,2.297014311247641e-06,9,9.02,16.293333333333333,11.2,0.1184444444444444,29.008391424197463,3.0,8.973688386159713,62.0,861.4499999999999,1.0,1241.9593055480932,1.0722381026710433e-07,0.0,0.19,75.73773971197055,0.0,0.0,0.0
2347,53019,Ferry County,"7,517",50424.0,4100.0,0.0,23908062.066772707,0.0040891803191102,8,280.23999999999995,807.3212500000001,8.6875,396.014,19.16116790650112,58.0,0.446106956949128,60.0,729.4399999999999,0.0,0.0,0.0,0.0,0.17,67.09640884857576,0.0,0.0,0.0
2348,30109,Wibaux County,885,58750.0,599.0,0.0,0.0,0.0,1,0.28,0.84,3.0,0.13,19.43443971595422,0.0,4.126141968183907,8.0,665.49,0.0,0.0,0.0,0.0,0.034,19.155387526603672,0.0,0.0,0.0
2349,35027,Lincoln County,"19,844",47919.0,17698.0,0.0,200109411.72517163,0.015992010973355,1,0.16,1.16,7.3,0.0,40.80144575670057,6.0,23.236802005323284,11.0,121.76,1.0,733361837.4213136,0.0586075909692268,0.0,0.082,30.16284368690972,4.0,115.0,80.5
2350,40021,Cherokee County,"49,196",52410.0,22138.0,0.0,216232168.00917903,0.107584063852487,3,116.66,1035.05,20.2,107.23466666666668,11.846133672223038,8.0,1.813325633615452,31.0,282.37,1.0,56106.83955946336,2.7915373856263218e-05,0.0,0.096,0.4724186505419505,36.0,345.0,94.55555555555556
2351,27173,Yellow Medicine County,"9,477",70605.0,4526.0,0.0,162665601.76085767,0.0822893722754476,21,12.27,1.2052380952380952,2.009523809523809,0.0514761904761904,4.9671770963487285,207.0,0.3108873627431631,31.0,463.28,0.0,0.0,0.0,0.0,0.036,9.626783089759378,15.0,345.0,142.6
2352,48231,Hunt County,"123,336",66885.0,41050.0,0.0,463411386.4438988,0.2028554292868356,5,140.54,410.852,4.84,4.036199999999999,3.918357250938624,6.0,1.1976980090875111,16.0,71.14,0.0,0.0,0.0,0.0,0.071,1.945241213851724,31.0,345.0,113.51612903225806
2353,48335,Mitchell County,"8,947",49869.0,3706.0,0.0,575.3456598935229,2.42536651052434e-07,4,8.65,65.4575,34.25,0.6685000000000001,1.4238060690819414,0.0,0.4529363151964161,15.0,208.96,0.0,0.0,0.0,0.0,0.035,3.150884230886687,25.0,345.0,193.2
2354,48499,Wood County,"49,688",61748.0,22123.0,0.0,373970456.5333726,0.2075418988016576,23,146.79,62.69565217391303,4.282608695652174,1.2933913043478262,1.064461675500723,42.0,0.7150946357058519,38.0,454.06,0.0,0.0,0.0,0.0,0.065,4.061674143657447,11.0,138.0,119.1818181818182
2355,40113,Osage County,"46,794",58189.0,19775.0,0.0,655183386.0695922,0.109793606835114,27,197.83,162.43296296296296,7.440740740740741,16.619740740740742,1.7538299082635027,7.0,0.0829535681450527,56.0,922.34,0.0,0.0,0.0,0.0,0.069,4.707521519628234,59.0,345.0,120.45762711864408
2356,37039,Cherokee County,"30,830",49254.0,18006.0,0.0,54863218.87105722,0.0453919277274274,4,16.22,152.37749999999997,19.35,39.97225,3.33881847447069,23.0,0.4287915401945406,22.0,141.89,0.0,0.0,0.0,0.0,0.35,2.992315391266479,23.0,161.0,161.0
2357,26107,Mecosta County,"42,320",54132.0,20986.0,0.0,20259178.75646181,0.01369317426971,40,24.01,2.15925,3.3275,0.2633,1.2781316921928016,0.0,6.945684742862238,18.0,271.56,0.0,0.0,0.0,0.0,0.036,5.2346862148723,8.0,138.0,77.625
2358,21195,Pike County,"54,721",41271.0,28918.0,0.0,57719149.96633708,0.0282607459972311,1,2.71,202.7,74.9,12.349,3.703591769940658,0.0,4.008098690703194,28.0,351.31,0.0,0.0,0.0,0.0,0.12,6.390527335729686,55.0,138.0,74.01818181818182
2359,29047,Clay County,"265,032",82264.0,105571.0,2.0,159521255.75819644,0.1507171554356204,5,25.77,61.49000000000001,4.76,1.0084,11.47818396599952,16.0,0.7763783221024201,12.0,258.74,0.0,0.0,0.0,0.0,0.065,3.983277022763249,34.0,345.0,136.64705882352942
2360,28027,Coahoma County,"19,849",36075.0,10200.0,0.0,490494409.00050455,0.324819538441122,16,25.99,5.76125,2.26875,0.9464375,10.937399713267682,21.0,2.3364903702626307,12.0,397.52,0.0,0.0,0.0,0.0,0.31,3.552504160737115,14.0,230.0,131.42857142857142
2361,18011,Boone County,"80,689",103038.0,28372.0,0.0,69822772.57135463,0.0636989581138278,0,0.0,0.0,0.0,0.0,22.43355953731752,0.0,0.3201243167516533,14.0,303.86,0.0,0.0,0.0,0.0,0.11,1.1708576599684823,27.0,345.0,102.22222222222224
2362,19057,Des Moines County,"38,077",58084.0,18791.0,0.0,166144715.685471,0.1492615609769441,5,1.61,1.186,3.12,0.2533999999999999,13.671949159232534,36.0,3.909828328257405,19.0,288.68,1.0,86918055.80918106,0.0780856895365828,0.0,0.07,9.87145235628642,4.0,161.0,92.0
2363,19163,Scott County,"175,259",72792.0,77613.0,1.0,177197851.57126305,0.1461232856081289,1,0.28,1.01,3.6,0.063,12.990479894974944,0.0,3.836872695980388,16.0,326.73,0.0,0.0,0.0,0.0,0.062,4.588766617252601,24.0,345.0,176.33333333333334
2364,20143,Ottawa County,"5,744",74551.0,2680.0,0.0,358334248.9382963,0.1918019962946441,1,0.35,1.08,3.1,0.188,7.13516556686624,2.0,2.0535690735255305,12.0,336.3,0.0,0.0,0.0,0.0,0.05,32.25645390278644,0.0,0.0,0.0
2365,12023,Columbia County,"74,094",53501.0,29835.0,0.0,812295352.4615941,0.3913913590350961,0,0.0,0.0,0.0,0.0,61.82598235082788,6628.0,2.780633263902573,9.0,215.43,0.0,0.0,0.0,0.0,0.057,5.070717985323083,14.0,230.0,113.35714285714286
2366,12059,Holmes County,"20,119",46063.0,8635.0,0.0,392708357.3684464,0.3100427409767689,6,2.45,1.5266666666666666,3.3166666666666664,0.0803333333333333,5.6266008316234,5776.0,3.399631687651808,11.0,207.09,0.0,0.0,0.0,0.0,0.05,8.473229860469914,6.0,115.0,115.0
2367,28047,Harrison County,"217,136",55211.0,92309.0,0.0,390087375.8587948,0.1529555786876635,12,2.57,0.505,2.283333333333333,1.7800833333333337,1.6115891338061203,32.0,0.2473744772125657,17.0,350.99,5.0,21013563.874489143,0.0082395432962591,0.0,0.061,1.674969067619558,56.0,230.0,121.16071428571428
2368,72141,Utuado Municipio,,17164.0,13346.0,0.0,9945941.723237945,0.0333756651276376,2,3.07,58.2,38.8,6.3495,4.914611291709671,0.0,0.6543296925597419,11.0,70.64,0.0,0.0,0.0,0.0,0.48,39.938687554562286,0.0,0.0,0.0
2369,47011,Bradley County,"115,465",60692.0,44924.0,0.0,63228623.833417885,0.0736545487854886,1,110.99,909.4,8.2,1301.559,17.160652951459515,8.0,0.933358104871456,24.0,213.31,0.0,0.0,0.0,0.0,0.37,3.2336829688429045,27.0,500.0,197.59259259259255
2370,27017,Carlton County,"36,711",74660.0,15739.0,0.0,47681518.58632693,0.0210361408707833,49,32.53,2.4010204081632653,3.2387755102040816,6.116959183673469,2.7916138182828587,0.0,2.983793065684264,72.0,483.36,0.0,0.0,0.0,0.0,0.02,1.9895707864576229,19.0,230.0,99.26315789473684
2371,48315,Marion County,"9,896",48040.0,5602.0,0.0,468537.4988179932,0.0004303918789947,6,134.54,571.1566666666666,11.633333333333333,45.415,13.316038045216562,21.0,1.1125181833536684,33.0,266.82,0.0,0.0,0.0,0.0,0.073,7.087873300168524,10.0,345.0,156.4
2372,36095,Schoharie County,"30,176",71479.0,16517.0,0.0,65663267.03611915,0.0404783962728208,11,7.59,15.31909090909091,9.818181818181818,3.506,8.091945880959939,35.0,1.940777315528351,26.0,331.0,0.0,0.0,0.0,0.0,0.11,16.351854364225705,1.0,345.0,345.0
2373,40117,Pawnee County,"16,029",56279.0,7337.0,0.0,837912.1194174573,0.0005437889129642,8,106.36,313.97,8.0875,38.987875,10.280761512678673,7.0,0.8515956381189832,13.0,345.45,0.0,0.0,0.0,0.0,0.078,1.6417912666386798,7.0,345.0,118.28571428571428
2374,36007,Broome County,"195,736",58317.0,92596.0,0.0,5843214.357196944,0.0031538827151255,15,6.65,15.246666666666666,7.78,14.385933333333332,5.171914102062764,0.0,1.678468815498198,34.0,450.52,0.0,0.0,0.0,0.0,0.066,7.389175501664915,20.0,345.0,138.0
2375,48291,Liberty County,"121,364",59605.0,33616.0,0.0,1034754445.481448,0.3396265064554534,29,13.83,0.9793103448275862,2.034482758620689,20.86155172413793,2.810623427182313,30.0,0.0623958262247594,19.0,480.79,0.0,0.0,0.0,0.0,0.044,11.193864097371362,34.0,230.0,124.47058823529412
2376,39009,Athens County,"63,197",48750.0,26420.0,0.0,79439992.52775863,0.0603283493173327,5,3.91,8.580000000000002,7.220000000000001,5.5022,1.4266859482005152,0.0,0.498235787043362,21.0,511.93,0.0,0.0,0.0,0.0,0.088,6.44845960015905,12.0,345.0,172.5
2377,39081,Jefferson County,"63,597",53124.0,31246.0,0.0,39437778.32495837,0.0370526201256499,3,0.74,1.2766666666666666,5.5,0.309,10.34543797897361,0.0,1.7655910029256938,19.0,361.17,0.0,0.0,0.0,0.0,0.054,3.125151747750159,12.0,765.0,224.75
2378,54083,Randolph County,"26,882",51186.0,13120.0,0.0,108058353.95463891,0.0401185130054222,1,0.2,1.29,6.5,0.05,25.45754739221433,0.0,2.262067938204231,20.0,574.25,1.0,591112.3447823601,0.0002194605731433,0.0,0.068,3.8695977402410096,11.0,138.0,138.0
2379,54049,Marion County,"55,584",59974.0,26295.0,0.0,25217043.8494636,0.0312545184932103,2,0.26,0.765,5.65,0.2244999999999999,12.17220915006914,0.0,0.4735404576834457,12.0,232.08,0.0,0.0,0.0,0.0,0.058,4.523965780335911,29.0,500.0,162.9655172413793
2380,34011,Cumberland County,"157,148",62310.0,57143.0,0.0,400433788.29285145,0.2280878624558538,35,18.75,1.7502857142857142,2.642857142857143,0.7150285714285715,2.75676710552949,243.0,7.643772853097811,13.0,190.6,0.0,0.0,0.0,0.0,0.096,14.523103561609322,4.0,138.0,138.0
2381,06057,Nevada County,"101,911",79395.0,53690.0,0.0,58104564.31040523,0.0230379905758905,31,43.85,28.037096774193547,17.183870967741935,4.155774193548387,11.125339238241802,173.0,2.59052453857204,58.0,378.98,0.0,0.0,0.0,0.0,0.48,4.782467086485755,15.0,115.0,85.33333333333333
2382,55031,Douglas County,"43,990",64682.0,22951.0,0.0,388702855.99847096,0.1014270779515889,74,81896.25,162219.40905405403,5.532432432432432,39.57251351351351,4.193045985805018,0.0,1.9406277030851289,57.0,499.15,0.0,0.0,0.0,0.0,0.019,8.230512401921498,18.0,345.0,122.66666666666669
2383,21199,Pulaski County,"67,384",48768.0,31615.0,0.0,98693200.95930456,0.0562732366531535,1,159.47,7510.7,47.1,235.609,9.203897483139864,0.0,0.956839640771054,34.0,351.28,0.0,0.0,0.0,0.0,0.14,0.6453357307273343,55.0,161.0,84.05454545454545
2384,27165,Watonwan County,"11,459",65197.0,4879.0,0.0,93869105.15777664,0.0824211018492164,23,12.04,1.2447826086956522,2.3043478260869565,0.0959999999999999,1.8324595497668037,134.0,0.1137919222932012,14.0,231.22,0.0,0.0,0.0,0.0,0.029,2.092972064681353,31.0,345.0,77.90322580645162
2385,16013,Blaine County,"25,517",81794.0,15562.0,0.0,65708807.68618776,0.0095557451782052,11,53.29,43.62545454545455,9.318181818181818,27.666272727272723,4.397331217517725,2.0,2.1446721525517027,66.0,624.22,0.0,0.0,0.0,0.0,0.16,128.13042453978784,0.0,0.0,0.0
2386,22053,Jefferson Davis Parish,"31,471",52470.0,14007.0,0.0,763791789.4013339,0.4476836607149666,11,22.2,2.528181818181818,1.6545454545454543,9.918363636363637,13.615729868721786,61.0,0.2929064484687689,31.0,513.78,0.0,0.0,0.0,0.0,0.052,1.156292455035733,27.0,138.0,81.77777777777777
2387,46119,Sully County,"1,479",66875.0,889.0,0.0,60613.29464635522,2.186794931458397e-05,26,1113.88,1121.2607692307693,3.1153846153846154,37.367576923076925,3.751410427441577,1.0,3.9610607003888334,25.0,87.47,0.0,0.0,0.0,0.0,0.052,19.36503847767925,2.0,230.0,230.0
2388,08031,Denver County,"740,613",85853.0,344760.0,3.0,15868103.2536585,0.0395974277764241,4,3.3,7.2825,4.85,0.0087499999999999,5.977633913903236,91.0,0.5145444192922682,5.0,269.43,0.0,0.0,0.0,0.0,0.095,46.72940463869633,0.0,0.0,0.0
2389,40029,Coal County,"5,436",47117.0,2581.0,0.0,229980836.4294184,0.1702917731664283,5,20.15,42.32,4.58,1.2536,4.834359340413617,0.0,3.5619074453667965,25.0,296.8,0.0,0.0,0.0,0.0,0.15,6.900816620407818,18.0,345.0,145.66666666666666
2390,30011,Carter County,"1,383",46486.0,784.0,0.0,0.0,0.0,17,6.26,0.7994117647058824,2.235294117647059,0.0458235294117647,11.268958741346168,2.0,5.255531504827913,17.0,363.41,0.0,0.0,0.0,0.0,0.05,82.69297798961756,0.0,0.0,0.0
2391,48461,Upton County,"3,131",55284.0,1676.0,0.0,2311.241589322741,7.187869497502536e-07,13,3.73,0.4138461538461538,1.2692307692307692,0.0185384615384615,17.274399888066178,0.0,40.51037972402336,0.0,0.0,0.0,0.0,0.0,0.0,0.047,23.408830911783983,13.0,345.0,132.69230769230768
2392,18051,Gibson County,"33,091",64153.0,14658.0,0.0,417601419.4012571,0.3229223281282399,14,19.33,4.980714285714286,2.457142857142857,3.777571428571428,13.238261017119717,0.0,1.8883182634981444,22.0,661.47,0.0,0.0,0.0,0.0,0.38,1.4917961442723902,43.0,345.0,88.25581395348837
2393,31105,Kimball County,"3,391",53151.0,1807.0,0.0,0.0,0.0,1,0.72,1.76,2.4,3.388,8.501386935899264,0.0,4.176600147262652,3.0,55.74,0.0,0.0,0.0,0.0,0.054,36.57526080017889,0.0,0.0,0.0
2394,17093,Kendall County,"145,470",106358.0,45078.0,0.0,51260934.43354115,0.0614235597841248,2,0.25,0.23,1.75,0.3345,16.248892759017536,0.0,1.3266429936014092,11.0,243.13,0.0,0.0,0.0,0.0,0.091,10.42463671218805,19.0,765.0,269.05263157894734
2395,11001,District of Columbia,"693,645",101722.0,350372.0,1.0,30437644.360553466,0.1719388804233446,3,0.47,0.5833333333333334,3.766666666666667,0.0979999999999999,1.961245688267742,0.0,2.949312276442429,6.0,14.96,6.0,5566811.617634342,0.0314463020109455,0.0,0.08,1.2825261968886024,30.0,230.0,137.23333333333332
2396,08085,Montrose County,"44,591",62817.0,19122.0,0.0,44780221.14791533,0.0077088349960302,4,3.22,17.0,14.0,13.679,32.155179268750494,38.0,4.736867345105629,39.0,789.19,0.0,0.0,0.0,0.0,0.11,26.877040726813537,13.0,69.0,37.15384615384615
2397,27171,Wright County,"157,559",102980.0,54942.0,0.0,155926753.78310865,0.0842730872360305,150,127.28,3.481466666666667,3.293333333333333,0.57784,1.3627241310876377,0.0,3.552172430457794,23.0,379.72,0.0,0.0,0.0,1.0,0.027,5.025602855135611,55.0,345.0,97.01818181818182
2398,55059,Kenosha County,"168,448",76583.0,72447.0,0.0,98558760.64023292,0.0504674948374289,23,57741.78999999999,211306.64130434784,6.608695652173913,81.84408695652174,0.0,0.0,13.9631840612972,12.0,102.51,0.0,0.0,0.0,0.0,0.056,16.20417402862824,20.0,345.0,162.15
2399,08037,Eagle County,"54,291",98887.0,33054.0,0.0,24436090.104301084,0.0055768193162223,7,5.6000000000000005,31.87714285714286,17.757142857142856,7.851,16.875209215248265,158.0,5.731533640896563,25.0,651.83,0.0,0.0,0.0,0.0,0.18,48.78764851260756,1.0,115.0,115.0
2400,06075,San Francisco County,"826,079",136689.0,408198.0,4.0,35588803.26363078,0.0592538776243383,2,0.58,1.395,4.5,0.1845,17.295268531670114,19.0,20.696717908172342,0.0,0.0,0.0,0.0,0.0,0.0,0.42,22.543861809177947,25.0,230.0,141.4
2401,08113,San Miguel County,"7,753",72829.0,6564.0,0.0,4038.060127922423,1.209793050196981e-06,6,3.97,4.376666666666666,5.816666666666666,0.1198333333333333,5.840604301924982,48.0,5.975123306416855,14.0,331.98,0.0,0.0,0.0,0.0,0.099,27.905070966385814,0.0,0.0,0.0
2402,02020,Anchorage Municipality,"287,155",95731.0,118938.0,0.0,171723983.30843604,0.034097693523778,36,75.72,73.22805555555556,10.172222222222222,5.145666666666667,6.211082517641966,0.0,0.4595468846458013,95.0,563.32,1.0,295557556.3917195,0.0586862171626933,0.0,0.55,20.378883836488917,55.0,230.0,128.38181818181818
2403,12109,St. Johns County,"346,328",100020.0,120920.0,0.0,623381230.9282768,0.2929742163754385,5,6.84,4.376,2.5,0.1377999999999999,7.731202554835663,1068.0,5.865002413533377,18.0,130.43,0.0,0.0,0.0,0.0,0.058,6.561250907020256,24.0,230.0,147.58333333333334
2404,28019,Choctaw County,"8,048",41887.0,4350.0,0.0,139077386.5804552,0.127896607787651,1,0.31,1.53,4.9,0.21,12.17138606464028,2.0,0.9571598663197952,19.0,149.26,0.0,0.0,0.0,0.0,0.15,3.781254003609053,11.0,500.0,284.27272727272725
2405,29079,Grundy County,"9,744",51045.0,4848.0,0.0,250442876.03848347,0.2207480006061586,6,1.4300000000000002,0.5983333333333333,2.6666666666666665,4.096666666666667,3.4224268603716537,0.0,2.078103692003887,11.0,312.55,0.0,0.0,0.0,0.0,0.06,4.119576851760493,11.0,161.0,77.36363636363636
2406,37025,Cabarrus County,"249,725",83828.0,88031.0,0.0,82788234.92444265,0.087828779691016,4,5.62,9.614999999999998,4.75,1.04075,10.598314097618694,8.0,0.9863231446623144,12.0,255.35,0.0,0.0,0.0,0.0,0.12,8.059462451670347,29.0,230.0,117.93103448275862
2407,29225,Webster County,"43,054",65103.0,15290.0,0.0,77322651.23946925,0.0502800082020927,0,0.0,0.0,0.0,0.0,26.579618760804475,0.0,3.343135196538596,13.0,296.07,0.0,0.0,0.0,0.0,0.16,1.8046651850771327,14.0,161.0,101.85714285714286
2408,45053,Jasper County,"38,533",60452.0,13160.0,0.0,729894418.6066396,0.4017130374902625,7,4.61,0.8857142857142858,1.9142857142857144,0.0481428571428571,7.160528157490864,1641.0,0.3769179009338536,8.0,323.41,0.0,0.0,0.0,0.0,0.3,3.7038523036699305,28.0,230.0,169.21428571428572
2409,48043,Brewster County,"9,458",47747.0,5923.0,0.0,0.0,0.0,0,0.0,0.0,0.0,0.0,134.53999070705288,0.0,13.415637433411796,23.0,756.39,0.0,0.0,0.0,0.0,0.14,30.6323265502038,6.0,138.0,80.5
2410,39005,Ashland County,"52,523",62254.0,22491.0,0.0,68873749.36287135,0.0623011476010165,5,8.4,26.95,10.16,2.2976,11.700555316675166,0.0,1.9151756234677175,20.0,264.37,0.0,0.0,0.0,0.0,0.067,2.438068754857424,6.0,138.0,138.0
2411,31119,Madison County,"36,106",61139.0,15213.0,0.0,153020917.0564969,0.1026703148030009,6,1.41,0.605,2.6166666666666667,14.6995,11.487536310779994,0.0,1.1009400430743828,12.0,318.18,0.0,0.0,0.0,0.0,0.067,7.13067359745386,18.0,345.0,113.72222222222224
2412,12085,Martin County,"166,272",77894.0,81593.0,0.0,168773005.0399925,0.0865245610094515,10,1443.27,578.883,2.28,12.4276,8.33846051467693,0.0,4.625120069012968,10.0,367.78,0.0,0.0,0.0,0.0,0.028,1.781499395610209,30.0,500.0,208.33333333333331
2413,08079,Mineral County,910,58929.0,1261.0,0.0,8129574.076873731,0.0035759048745353,6,2.84,11.31,10.633333333333333,0.1061666666666666,14.621349297928576,29.0,4.348723952647688,18.0,353.66,0.0,0.0,0.0,0.0,0.15,107.23915814772668,0.0,0.0,0.0
2414,13085,Dawson County,"35,365",84516.0,12118.0,0.0,34344728.57007429,0.0618472984166828,4,134.61,788.62,9.9,16.468,10.47703399904403,6.0,3.0758140842568227,6.0,147.47,0.0,0.0,0.0,0.0,0.16,2.706851805921733,12.0,230.0,134.16666666666666
2415,13167,Johnson County,"9,310",47796.0,3587.0,0.0,56990340.6245544,0.0717697520044443,5,0.99,0.558,2.76,0.3778,8.174811248212666,46.0,4.302288277416756,6.0,358.03,0.0,0.0,0.0,0.0,0.14,14.29878106416716,1.0,230.0,230.0
2416,05095,Monroe County,"6,244",41786.0,3864.0,0.0,76329.18720349197,4.7438181030381646e-05,19,9.06,0.5668421052631579,1.3105263157894735,0.2586315789473684,2.8720846715179382,21.0,4.331280208536994,26.0,639.5,0.0,0.0,0.0,0.0,0.38,5.569938149634321,8.0,230.0,117.875
2417,51117,Mecklenburg County,"30,747",51265.0,19063.0,1.0,276902359.4018784,0.1574024082195933,4,250.49,1196.1725,10.0,137.38275,4.3262482160054825,50.0,2.0230896441910327,50.0,369.52,0.0,0.0,0.0,0.0,0.08,1.126910520240296,34.0,115.0,115.0
2418,21233,Webster County,"12,929",55451.0,5731.0,0.0,234503102.3646502,0.2697473890392078,2,0.34,0.455,2.5,0.4155,2.361927088649113,0.0,5.805834688448831,16.0,507.1,0.0,0.0,0.0,0.0,0.37,4.891886496391994,31.0,161.0,77.90322580645162
2419,40047,Garfield County,"61,779",64165.0,27755.0,0.0,300598952.2242184,0.1094839915280894,2,0.26,0.19,1.45,0.054,14.584818603500477,2.0,1.6641309763897556,12.0,285.78,1.0,13698834.30276602,0.0049893821906272,0.0,0.098,2.377064213762782,41.0,345.0,126.21951219512196
2420,53059,Skamania County,"12,669",84500.0,5830.0,0.0,71415052.55554128,0.016348771695062,11,26.92,106.08818181818182,14.154545454545454,6.1427272727272735,9.107732144722249,81.0,3.039341221553298,50.0,771.18,0.0,0.0,0.0,0.0,0.35,47.14048449848629,0.0,0.0,0.0
2421,26091,Lenawee County,"97,779",65484.0,43634.0,0.0,45635822.84215442,0.0231416187197146,37,24.42,2.5440540540540537,3.1,0.3827027027027027,2.3540866463310888,0.0,1.5462047734042252,25.0,328.28000000000003,0.0,0.0,0.0,0.0,0.071,1.958950472089816,14.0,345.0,152.78571428571428
2422,05123,St. Francis County,"21,800",39822.0,9653.0,0.0,35.37605602715304,2.125836415219221e-08,19,9.22,0.6468421052631579,1.4894736842105265,3.2936842105263158,6.174357405861662,54.0,2.7782336200305244,28.0,408.23,0.0,0.0,0.0,0.0,0.61,4.933710706179073,13.0,161.0,125.6153846153846
2423,13101,Echols County,"3,685",61184.0,1546.0,0.0,163309313.6820097,0.1498719607997994,1,0.18,0.43,2.4,37.172,17.14419476854435,5.0,1.2056395106655922,9.0,258.64,0.0,0.0,0.0,0.0,0.063,12.141436273296112,1.0,69.0,69.0
2424,02070,Dillingham Census Area,"4,483",69412.0,2417.0,0.0,0.0,0.0,1662,1649.65,26.030186522262333,2.728820697954272,0.4686407942238267,1.6226404101416398,0.0,1.09081157686538,1185.0,8423.0,0.0,0.0,0.0,0.0,0.12,409.36300452091655,0.0,0.0,0.0
2425,20105,Lincoln County,"2,861",52540.0,1679.0,0.0,258422114.02179864,0.138490973187583,2,34.43,453.97,13.95,2.4595,18.010976244719913,8.0,0.5776210402180434,12.0,244.4,0.0,0.0,0.0,0.0,0.053,3.642050578208456,3.0,34.5,34.5
2426,20183,Smith County,"3,566",50943.0,2041.0,0.0,4034.973247358928,1.7368722218471915e-06,0,0.0,0.0,0.0,0.0,32.12367974443165,0.0,5.368687217480024,9.0,158.08,0.0,0.0,0.0,0.0,0.054,1.6795022290903372,3.0,345.0,191.66666666666663
2427,12065,Jefferson County,"16,007",51573.0,6741.0,0.0,760031831.4842283,0.4362777933488195,7,15.94,17.284285714285712,4.1571428571428575,1.713,2.772954464830382,6435.0,1.9475786661960848,15.0,176.32999999999998,0.0,0.0,0.0,0.0,0.048,3.1681958122302047,14.0,115.0,108.42857142857144
2428,72041,Cidra Municipio,,25580.0,16449.0,0.0,2402928.526348953,0.02544980783526,1,0.16,0.59,3.6,0.374,2.7092268942901256,0.0,2.926623992939141,3.0,87.23,0.0,0.0,0.0,0.0,0.44,95.09476517997632,0.0,0.0,0.0
2429,28005,Amite County,"12,487",34866.0,7231.0,0.0,222733272.92312217,0.1175479709954311,2,0.36,0.5249999999999999,2.85,0.5875,21.141254914618735,0.0,2.8769990287186062,30.0,242.46,0.0,0.0,0.0,0.0,0.068,4.623337596434215,5.0,500.0,192.0
2430,05097,Montgomery County,"8,579",47103.0,5473.0,0.0,1622.4527629680224,7.821525216191986e-07,3,144.76,1547.0366666666669,14.233333333333334,14.766333333333334,4.138381379174124,16.0,0.7006041046850394,29.0,368.98,0.0,0.0,0.0,0.0,0.13,12.771196300256117,1.0,115.0,115.0
2431,26025,Calhoun County,"133,408",58191.0,59634.0,0.0,132909957.41912106,0.0714393259159171,47,19.65,1.2785106382978724,2.9148936170212765,0.943808510638298,3.516216660722127,0.0,1.3014047814023153,18.0,316.24,2.0,8670528.981998352,0.0046604239278709,0.0,0.078,10.249553440661868,21.0,345.0,147.85714285714286
2432,01029,Cleburne County,"15,970",51553.0,6818.0,0.0,102721494.6329594,0.0706952266231156,6,1.55,1.3716666666666668,5.016666666666667,0.3366666666666667,6.944107735978762,19.0,0.6938783002309898,14.0,219.66,0.0,0.0,0.0,0.0,0.14,12.08191747691301,4.0,115.0,115.0
2433,08123,Weld County,"378,426",89182.0,120293.0,0.0,462823208.421181,0.0444880146552288,54,58.47,6.553148148148148,2.9,0.8090185185185185,8.675513535367273,126.0,11.735513282590942,41.0,531.03,0.0,0.0,0.0,0.0,0.068,29.747974584740124,1.0,34.5,34.5
2434,40009,Beckham County,"22,159",51499.0,10125.0,0.0,3356984.397078216,0.001434087400699,1,0.54,1.3,2.4,0.093,24.04258613254925,0.0,0.1979242019701712,25.0,417.7,0.0,0.0,0.0,0.0,0.1,4.806339156544109,19.0,230.0,152.52631578947367
2435,06049,Modoc County,"8,426",54962.0,4784.0,0.0,1188715373.701091,0.1091928727706635,148,969.14,50.66452702702702,3.116891891891892,0.2884121621621622,1.275976491548645,256.0,6.849331902923865,114.0,502.69,0.0,0.0,0.0,0.0,0.31,9.205463715825047,14.0,230.0,118.28571428571428
2436,19153,Polk County,"516,546",78827.0,211392.0,24.0,254279179.79402363,0.1658720537929543,8,3.23,1.0862500000000002,2.8125,82.6575,12.17468006341436,0.0,1.2431832157249667,23.0,620.12,2.0,87527372.29465337,0.0570960824137278,0.0,0.04,0.8040734356510089,64.0,345.0,145.1875
2437,36085,Richmond County,"501,290",96185.0,183524.0,2.0,34581112.20948127,0.1297971853298532,1,0.14,0.46,3.2,0.007,7.826861298697688,187.0,6.948811548823203,0.0,0.0,0.0,0.0,0.0,0.0,0.17,6.337345210894759,2.0,138.0,138.0
2438,39071,Highland County,"43,823",60522.0,19010.0,0.0,60450536.08214124,0.041843692627505,2,12.15,143.15,26.4,11.494,5.390474021185583,0.0,0.5606695249632881,24.0,320.38,0.0,0.0,0.0,0.0,0.1,4.604617006201621,11.0,345.0,188.1818181818182
2439,27077,Lake of the Woods County,"3,770",61667.0,3436.0,0.0,1398511201.5126832,0.3033825476578768,5,5.05,1.298,1.5,0.0828,13.25704987243616,39.0,9.12303192214802,35.0,499.96,0.0,0.0,0.0,0.0,0.019,0.874318487944941,11.0,230.0,127.54545454545456
2440,16011,Bingham County,"51,153",69433.0,17028.0,0.0,0.0,0.0,5,267.89,514.144,4.84,96.095,9.76672696867876,3.0,2.701643413176326,15.0,350.22,0.0,0.0,0.0,0.0,0.16,46.42777235379012,0.0,0.0,0.0
2441,72023,Cabo Rojo Municipio,,23077.0,28480.0,0.0,69317360.09195526,0.1508559896791207,6,4.41,1.535,2.0166666666666666,0.4016666666666666,1.7661325400137469,0.0,11.78686485754404,2.0,26.380000000000003,0.0,0.0,0.0,0.0,0.61,15.935426761804576,0.0,0.0,0.0
2442,72069,Humacao Municipio,,25940.0,26541.0,0.0,34890017.58751887,0.18867793240649,3,2.4,1.61,2.5,0.4166666666666667,1.2079547670592177,0.0,0.7605988956083026,12.0,15.19,0.0,0.0,0.0,0.0,0.45,135.73192410499385,0.0,0.0,0.0
2443,72077,Juncos Municipio,,25931.0,16034.0,0.0,5111840.96589982,0.0741565954910706,0,0.0,0.0,0.0,0.0,6.152948925731235,0.0,1.030432753582804,2.0,28.33,0.0,0.0,0.0,0.0,0.44,123.2212289050485,0.0,0.0,0.0
2444,21139,Livingston County,"8,863",56125.0,4624.0,0.0,259465944.6774866,0.2927926043766704,7,899.24,1577.3942857142858,6.814285714285715,1121.8918571428571,7.167572771462043,0.0,0.9745090227379576,28.0,207.4,0.0,0.0,0.0,0.0,0.55,4.649366291750918,21.0,161.0,104.04761904761904
2445,13201,Miller County,"5,812",52132.0,2849.0,0.0,79767752.01991935,0.1085743612571063,0,0.0,0.0,0.0,0.0,22.083753506141665,39.0,0.5847315910929636,6.0,90.55,0.0,0.0,0.0,0.0,0.054,1.7437356553279215,5.0,115.0,115.0
2446,47103,Lincoln County,"36,853",61374.0,16002.0,0.0,95412689.49142544,0.0645487030892403,3,0.46,0.3799999999999999,2.6333333333333333,0.2056666666666666,7.737694401752384,0.0,0.3361518893526733,18.0,246.38,0.0,0.0,0.0,0.0,0.18,1.968444981898003,5.0,500.0,228.8
2447,21211,Shelby County,"51,243",81012.0,18944.0,0.0,39838938.38963094,0.039884283456612,1,0.78,2.83,3.6,0.988,3.247212714915723,0.0,1.162500252989919,14.0,294.55,0.0,0.0,0.0,0.0,0.12,1.6942592248947312,25.0,161.0,75.44
2448,31185,York County,"14,564",72914.0,6308.0,0.0,147385320.5824086,0.0988241868048448,4,1.0,0.6,2.325,0.0475,7.029077795591641,1.0,1.2167535888918612,5.0,185.07,0.0,0.0,0.0,0.0,0.046,3.244706129238195,3.0,115.0,115.0
2449,42001,Adams County,"107,594",78975.0,43118.0,0.0,91664531.6890998,0.0678367200269742,7,2.52,1.737142857142857,5.142857142857143,0.3247142857142857,6.733190353541436,0.0,0.3680677577809074,21.0,267.35,0.0,0.0,0.0,0.0,0.077,2.003639910902644,20.0,500.0,180.8
2450,45005,Allendale County,"7,355",37096.0,4065.0,0.0,148971529.01706374,0.1394661976748256,3,0.48,0.33,2.066666666666667,0.1126666666666666,9.75348249704364,317.0,2.021602633996475,12.0,352.91,0.0,0.0,0.0,0.0,0.25,6.606277778109285,10.0,115.0,101.2
2451,47037,Davidson County,"745,904",71863.0,333753.0,3.0,174347065.1019767,0.1281536393399274,6,112.32,246.73,6.933333333333333,282.5365,3.229874561180504,11.0,0.673569927343018,28.0,304.57,2.0,622403.9110505166,0.0004574973848505,0.0,0.21,3.5466383676582107,73.0,500.0,161.86301369863014
2452,49047,Uintah County,"38,278",67983.0,13689.0,1.0,558908733.3647162,0.0479068379335711,28,22.33,5.577500000000001,5.092857142857143,5.624499999999999,7.59133403898789,99.0,5.38919412728583,62.0,810.14,0.0,0.0,0.0,0.0,0.16,6.139402411647105,6.0,69.0,69.0
2453,49049,Utah County,"759,859",91263.0,195342.0,6.0,449753198.6954197,0.080982536800966,11,377.27,161.78,2.7181818181818183,3.896363636363637,5.801602355089089,140.0,2.041682565510771,46.0,459.75,1.0,67278305.7865048,0.0121141281264171,0.0,0.72,5.73110011195572,17.0,115.0,82.52941176470588
2454,18021,Clay County,"26,410",68364.0,11651.0,0.0,211784097.9868748,0.2269371311180958,3,0.9,0.7133333333333334,2.566666666666667,0.614,2.385977515687178,0.0,0.6989610154259258,7.0,116.43,0.0,0.0,0.0,0.0,0.18,4.849837714483326,17.0,230.0,94.70588235294116
2455,36047,Kings County,"2,653,963",74692.0,1079551.0,1.0,28078776.408977848,0.1119374940015032,1,0.69,2.03,3.0,0.694,3.908117769117452,42.0,16.163151991956976,0.0,0.0,2.0,690900.858444553,0.0027543119960541,0.0,0.17,6.607490586206683,1.0,345.0,345.0
2456,45007,Anderson County,"219,930",62347.0,89805.0,0.0,194319523.54676497,0.0992732236102951,13,294.34000000000003,437.0953846153846,6.323076923076924,26.52492307692308,5.562103418327685,38.0,2.035347525312166,40.0,403.65,0.0,0.0,0.0,0.0,0.2,4.788312558309347,108.0,230.0,112.03703703703704
2457,56007,Carbon County,"14,013",65196.0,8218.0,0.0,242391653.41366848,0.0117514087711815,42,147.81,61.49,4.380952380952381,3.212357142857143,14.547155138699145,251.0,2.26822940799522,163.0,1523.26,0.0,0.0,0.0,0.0,0.18,136.63855079823372,0.0,0.0,0.0
2458,30093,Silver Bow County,"36,118",56297.0,17303.0,0.0,23757650.988752343,0.0127654729090408,3,5.99,27.53333333333333,11.7,0.121,9.601061423723342,0.0,4.41414255261085,21.0,272.47,0.0,0.0,0.0,0.0,0.19,92.69437227472194,0.0,0.0,0.0
2459,17177,Stephenson County,"43,220",57527.0,21402.0,0.0,130915440.62518424,0.0895000023703844,2,1.16,2.545,4.5,0.1305,15.499581325509151,0.0,0.747694458445453,15.0,186.63,0.0,0.0,0.0,0.0,0.059,3.899152588653188,16.0,138.0,138.0
2460,26087,Lapeer County,"89,516",75402.0,36839.0,0.0,63345943.247915454,0.0368985744250359,48,21.44,1.836666666666667,3.2145833333333336,0.2827916666666666,0.969590494947611,0.0,1.244615293169483,28.0,255.9,0.0,0.0,0.0,0.0,0.04,6.719646538791784,9.0,345.0,155.0
2461,22027,Claiborne Parish,"13,354",32034.0,6858.0,0.0,1005732.39210405,0.0005060589673456,3,25.8,88.96999999999998,6.300000000000001,7.379,2.910783534388143,0.0,4.218699079374474,22.0,293.49,0.0,0.0,0.0,0.0,0.091,22.15202165245908,3.0,115.0,115.0
2462,48449,Titus County,"31,563",57634.0,12059.0,0.0,267326103.1574756,0.2424921266476519,6,44.78,20.80666666666667,4.283333333333333,1.6408333333333334,2.9646689886528974,0.0,3.125993291172034,23.0,241.32,0.0,0.0,0.0,0.0,0.074,5.4991313500584615,19.0,345.0,99.26315789473684
2463,54027,Hampshire County,"24,105",55222.0,12565.0,0.0,107779300.3462111,0.0645564148299977,1,0.2,0.9,4.6,0.045,15.633799471877811,0.0,3.019155297619585,12.0,497.08,0.0,0.0,0.0,0.0,0.063,6.084156737986826,6.0,500.0,319.0
2464,37125,Moore County,"110,619",77981.0,48595.0,0.0,140413001.7777404,0.076824979293591,21,12.58,3.365238095238096,3.647619047619048,0.2773809523809524,6.271760493896525,130.0,3.717117031792524,21.0,412.44,2.0,14127218.396901548,0.0077295068624482,0.0,0.1,4.4497369237031394,15.0,230.0,191.66666666666663
2465,20009,Barton County,"24,790",54634.0,12396.0,0.0,477906091.8268423,0.2048784467058153,12,19.02,1.7175,1.375,2.90525,0.4583948336805019,0.0,3.015175505012648,9.0,511.76,0.0,0.0,0.0,0.0,0.058,8.142971649430422,36.0,230.0,94.55555555555556
2466,38087,Slope County,628,70625.0,464.0,0.0,849.044654490179,2.688125300233006e-07,3,1.6,1.42,2.6666666666666665,0.242,10.770323722535364,1.0,3.82332409190481,14.0,586.1500000000001,0.0,0.0,0.0,0.0,0.032,10.727160411832005,2.0,230.0,149.5
2467,22083,Richland Parish,"19,582",48125.0,8668.0,0.0,517205014.3879672,0.3538131605859654,19,32.6,3.1,1.6263157894736844,12.420157894736844,8.059537273067322,8.0,2.652309744446412,15.0,432.39,0.0,0.0,0.0,0.0,0.096,13.29095089232746,8.0,500.0,163.125
2468,31071,Garfield County,"1,710",64957.0,1006.0,0.0,71777136.9864216,0.0485019968638177,9,20.61,24.86888888888889,2.888888888888889,3.375222222222222,13.257688533706514,0.0,7.996047381199769,8.0,316.25,0.0,0.0,0.0,0.0,0.058,26.39404024289564,0.0,0.0,0.0
2469,22099,St. Martin Parish,"51,106",50806.0,23563.0,0.0,1775539439.314164,0.8393661907842186,35,220.55,22.209714285714288,2.3857142857142857,5.739771428571428,3.458861179385525,87.0,3.51250189406715,34.0,469.68,0.0,0.0,0.0,0.0,0.054,18.9673691980834,15.0,138.0,92.0
2470,01119,Sumter County,"11,588",31726.0,6329.0,0.0,662979745.1696695,0.2802664219916514,17,4.18,0.6652941176470588,2.5294117647058822,32.57241176470588,1.0481060507340405,708.0,0.1931877118869898,26.0,490.05,0.0,0.0,0.0,0.0,0.16,4.896512736525923,12.0,230.0,134.16666666666666
2471,01133,Winston County,"23,829",49494.0,13091.0,0.0,89151638.96851094,0.0544759712641481,2,62.77,1030.61,18.25,26.7945,5.2566162945575385,0.0,4.327416573642695,25.0,392.99,0.0,0.0,0.0,0.0,0.19,12.746898646081757,12.0,161.0,161.0
2472,12117,Seminole County,"491,884",79490.0,194744.0,0.0,305337931.2220285,0.3413793521785179,29,102.88,15.255862068965518,2.9344827586206894,9.450827586206897,0.0,0.0,8.552020297119476,14.0,158.95,0.0,0.0,0.0,0.0,0.039,4.992427044733581,43.0,500.0,146.95348837209303
2473,28035,Forrest County,"79,034",49340.0,33542.0,0.0,192033798.89558512,0.1576741174148812,11,5.16,1.3527272727272726,2.909090909090909,15.579363636363636,4.035740870734217,5.0,1.0847229849967193,12.0,436.94,1.0,73190249.92654477,0.0600946714948721,0.0,0.073,4.242636104883446,41.0,230.0,107.14634146341464
2474,26065,Ingham County,"289,709",62548.0,125391.0,0.0,148583703.42357543,0.1023132901331207,7,2.98,1.0657142857142858,2.557142857142857,0.3597142857142857,7.580200806148691,0.0,2.1977646540093603,19.0,301.09,1.0,233853.9667200673,0.0001610295624251,0.0,0.057,8.806121635263143,29.0,138.0,138.0
2475,20177,Shawnee County,"178,607",63463.0,80673.0,0.0,249557272.6777872,0.1733838898789973,12,4.37,1.163333333333333,3.075,0.105,4.6103422079838445,0.0,2.724712072248069,14.0,317.09,2.0,1057495.054438305,0.0007347115317414,0.0,0.065,1.5883069116179325,49.0,230.0,124.3877551020408
2476,46061,Hanson County,"3,456",86827.0,1280.0,0.0,143509217.4212625,0.1272734455003663,9,1.75,0.3977777777777778,2.055555555555556,0.0964444444444444,5.605922326295084,5.0,3.5619071463784,8.0,370.39,0.0,0.0,0.0,0.0,0.069,4.119226166259256,9.0,230.0,92.0
2477,27061,Itasca County,"45,404",63962.0,25595.0,0.0,264421060.70211112,0.0348705228961365,485,757.37,8.527567010309278,4.335876288659794,1.030960824742268,1.2531716708367229,403.0,7.081299753447125,184.0,1121.79,0.0,0.0,0.0,0.0,0.02,13.283189876249793,56.0,230.0,121.57142857142856
2478,08073,Lincoln County,"5,645",59167.0,2373.0,0.0,3073184.6961181257,0.0004587479114864,4,1.2000000000000002,0.6625,2.175,0.0095,6.348691901265164,7.0,5.092226644569239,17.0,125.36,0.0,0.0,0.0,0.0,0.06,118.70006626166813,0.0,0.0,0.0
2479,36053,Madison County,"67,120",68869.0,30671.0,0.0,4793182.456450932,0.0027985375719097,17,219.32,140.3064705882353,5.711764705882352,5.960764705882353,4.709585825261788,11.0,0.2070485207629786,31.0,484.64,0.0,0.0,0.0,0.0,0.083,8.938191130915579,16.0,345.0,143.75
2480,36115,Washington County,"59,353",68703.0,29063.0,0.0,949340.1496971708,0.0004333111985166,28,125.1,101.8789285714286,6.221428571428571,9.500142857142858,8.538347897050306,101.0,4.264925763685658,54.0,480.64,0.0,0.0,0.0,0.0,0.13,10.73063581180238,18.0,115.0,115.0
2481,18081,Johnson County,"174,262",82730.0,63818.0,0.0,98268014.94480994,0.1179072808147136,7,2.03,1.1528571428571428,3.2857142857142856,0.1274285714285714,12.837930960376294,0.0,0.2707590524968252,14.0,635.49,1.0,20626732.806124944,0.0247490699657232,0.0,0.14,4.008748628206712,40.0,345.0,94.875
2482,17057,Fulton County,"32,901",57223.0,15895.0,0.0,295268249.990522,0.1291616095812838,27,26.97,5.908888888888889,3.196296296296296,19.728222222222225,6.267362663264271,0.0,3.9356733142255256,15.0,487.39,0.0,0.0,0.0,0.0,0.095,4.562531701356503,7.0,345.0,197.14285714285717
2483,36103,Suffolk County,"1,546,090",122498.0,578977.0,1.0,469916038.8715755,0.0764501285001197,35,16.51,1.2945714285714287,3.0228571428571427,0.2771714285714285,3.782478125642147,1722.0,2.8679362612434627,5.0,41.81,1.0,363124.59151442646,5.907634425395349e-05,0.0,0.1,3.693341387680456,123.0,138.0,91.4390243902439
2484,18161,Union County,"6,863",68514.0,3237.0,0.0,31726228.16311248,0.0741601254410217,2,20.54,223.81,14.05,6.9905,3.150491500353894,0.0,5.536906080466903,8.0,68.41,0.0,0.0,0.0,0.0,0.1,2.418247318860894,11.0,345.0,125.45454545454544
2485,29119,McDonald County,"23,992",46494.0,9782.0,0.0,91465451.10467656,0.0654411079295471,0,0.0,0.0,0.0,0.0,17.054489224508526,0.0,1.1194979555612377,17.0,153.78,1.0,12794.214598651495,9.15392170827365e-06,0.0,0.1,3.305477754728804,12.0,345.0,107.33333333333331
2486,31157,Scotts Bluff County,"35,586",60137.0,16486.0,0.0,129515.66887719066,6.70725660209255e-05,7,11.03,13.608571428571429,4.028571428571429,5.410571428571429,5.309135949942992,6.0,0.6993765009822868,22.0,160.87,0.0,0.0,0.0,0.0,0.066,7.702213739123421,6.0,230.0,153.33333333333334
2487,35047,San Miguel County,"26,260",43490.0,14860.0,0.0,471460161.648409,0.0383923712185745,12,64.18,118.3975,6.941666666666666,0.93275,9.418991317573369,1.0,1.7044492553154422,57.0,871.49,0.0,0.0,0.0,0.0,0.07,40.985256296529606,6.0,115.0,115.0
2488,01081,Lee County,"189,881",59288.0,75473.0,0.0,118107139.84336711,0.074046339637689,14,33.09,21.325,4.814285714285715,56.54264285714286,0.92831639975669,24.0,0.0445309175035594,22.0,328.26,0.0,0.0,0.0,0.0,0.082,1.0931724092115598,96.0,230.0,125.78125
2489,48367,Parker County,"184,767",95721.0,57477.0,0.0,217770492.1609739,0.0923878198800089,5,5.75,11.152,5.34,0.388,2.520899880934477,2.0,3.206925151224413,22.0,303.6,1.0,15864172.044925742,0.0067302794556237,0.0,0.052,8.05766909534735,18.0,345.0,214.66666666666663
2490,38021,Dickey County,"4,895",60250.0,2398.0,1.0,73678248.3428136,0.0249066629614668,53,22.31,1.1354716981132076,2.3905660377358493,0.0283962264150943,2.874075802491384,0.0,5.024447239509301,14.0,198.58,0.0,0.0,0.0,0.0,0.035,9.994836840823863,21.0,230.0,101.95238095238096
2491,38003,Barnes County,"10,573",64447.0,5693.0,0.0,25601423.204362143,0.0065314766852822,84,80.72,3.968928571428571,2.276190476190476,0.2419761904761904,2.051538781113226,480.0,3.511650145219898,10.0,285.29,0.0,0.0,0.0,0.0,0.028,2.5487103535816527,22.0,345.0,93.73636363636363
2492,27143,Sibley County,"15,356",74781.0,6462.0,0.0,1994976.4195549125,0.0012824649243284,24,24.09,2.32,2.191666666666667,9.205875,0.9977652546289952,23.0,0.369488459004045,41.0,423.49,0.0,0.0,0.0,0.0,0.028,3.3307588224959623,23.0,69.0,69.0
2493,13293,Upson County,"28,500",48740.0,12331.0,0.0,56816285.6896568,0.0669718808265492,5,0.83,0.552,3.24,0.0834,2.822000176512108,42.0,5.020157428279272,9.0,356.77,0.0,0.0,0.0,0.0,0.091,0.8601695788647815,10.0,230.0,149.5
2494,06097,Sonoma County,"486,444",99266.0,205393.0,0.0,298906429.9902433,0.065300544307209,27,18.47,21.34962962962963,4.644444444444445,17.51951851851852,4.767950683281784,34.0,1.5748870655930065,28.0,382.38,0.0,0.0,0.0,0.0,0.55,4.485476453854215,76.0,230.0,133.35526315789474
2495,26033,Chippewa County,"36,081",58408.0,20349.0,0.0,931782683.5016156,0.1333208437500875,81,141282.5,192026.4796296296,5.571604938271604,148.70755555555556,4.285974587009352,0.0,3.595910024996561,40.0,348.67,0.0,0.0,0.0,0.0,0.024,6.2836124100586845,30.0,69.0,69.0
2496,16019,Bonneville County,"135,771",73103.0,45510.0,0.0,66277.03011806689,1.3466210431959302e-05,8,66.66000000000001,198.49375,8.5,14.31325,14.149128440206807,2.0,1.9127668522783297,67.0,508.8,0.0,0.0,0.0,0.0,0.33,26.12927718894271,1.0,69.0,69.0
2497,13013,Barrow County,"99,773",75053.0,30357.0,0.0,32152731.63009835,0.07619363151809,2,1.13,2.795,4.449999999999999,0.3085,2.235091127137204,51.0,3.379344363296164,5.0,159.01,0.0,0.0,0.0,0.0,0.12,3.2161738535833453,14.0,230.0,180.7142857142857
2498,13183,Long County,"21,557",56819.0,6383.0,0.0,536800531.9382271,0.5132472386701399,2,0.58,0.855,2.85,0.132,10.260527279674406,46.0,1.820954119922576,7.0,151.3,2.0,167110703.92986745,0.1597783575857144,0.0,0.14,2.7063502493121256,7.0,115.0,115.0
2499,48271,Kinney County,"3,128",52386.0,1473.0,0.0,228462.5332210973,6.46168313034897e-05,0,0.0,0.0,0.0,0.0,36.42094344556581,1.0,4.523906814255555,11.0,263.11,1.0,1625637.431679115,0.0004597845353565,0.0,0.027,3.753195601776613,6.0,138.0,138.0
2500,40115,Ottawa County,"30,438",46186.0,13699.0,0.0,295728356.1167671,0.2356167107221675,2,40.98,278.83,8.95,150.1415,5.7440654994749405,1.0,0.3667772960964002,20.0,116.95,0.0,0.0,0.0,0.0,0.085,2.335400385045524,31.0,161.0,80.12903225806451
2501,42033,Clearfield County,"78,100",56982.0,38157.0,1.0,150442846.05237836,0.0503184059445471,5,5.75,55.998000000000005,24.34,5.593,4.687139653499851,0.0,0.8919401541112627,32.0,656.19,0.0,0.0,0.0,0.0,0.049,8.713676146398832,11.0,345.0,167.27272727272728
2502,26037,Clinton County,"80,432",82594.0,32897.0,0.0,131602523.10344356,0.0884356842259651,15,6.95,1.4546666666666668,2.7133333333333334,0.8262666666666667,3.44561917522484,0.0,1.9312422078010425,22.0,294.37,1.0,1312.2488213219535,8.818191296917974e-07,0.0,0.049,5.927990261322585,7.0,138.0,118.28571428571428
2503,72133,Santa Isabel Municipio,,22680.0,9142.0,0.0,23858578.98968912,0.1197206801427684,0,0.0,0.0,0.0,0.0,11.08394065919718,0.0,4.058288548675793,4.0,32.410000000000004,1.0,34510.06667639546,0.0001731691001402,0.0,0.43,70.98194445215957,0.0,0.0,0.0
2504,17135,Montgomery County,"28,076",61796.0,12539.0,0.0,1491.2121973546914,8.112272758239795e-07,8,13.76,18.73625,5.8875,0.68375,0.6384725603937261,0.0,0.7985460774322204,25.0,339.89,0.0,0.0,0.0,0.0,0.22,17.55673367561586,7.0,345.0,226.7142857142857
2505,28003,Alcorn County,"34,569",47716.0,16256.0,0.0,184605802.371817,0.1775878030489659,10,4.03,1.512,3.31,0.428,3.3975743491269355,0.0,1.3662138567290676,22.0,153.43,0.0,0.0,0.0,0.0,0.3,2.314056990846243,16.0,161.0,161.0
2506,28071,Lafayette County,"59,597",59748.0,28147.0,0.0,350980679.0366492,0.1995121966618274,10,179.35,522.309,8.459999999999999,15.666899999999998,5.8733762649342935,33.0,2.9237866681438383,29.0,173.37,0.0,0.0,0.0,0.0,0.29,0.1673681262980249,11.0,161.0,161.0
2507,22043,Grant Parish,"22,075",57362.0,9023.0,0.0,443821001.24717104,0.2577576197350881,12,15.29,21.83583333333333,6.099999999999999,173.82141666666666,8.310577954254054,188.0,3.445891572742575,41.0,671.19,1.0,7908075.150431177,0.0045927674033751,0.0,0.068,20.64825850791318,1.0,230.0,230.0
2508,29005,Atchison County,"5,175",58521.0,2746.0,0.0,1136.1378037278998,7.973893937589037e-07,0,0.0,0.0,0.0,0.0,24.561828294632075,3.0,4.272427751642488,24.0,229.28,0.0,0.0,0.0,0.0,0.049,4.586022896186169,7.0,345.0,108.42857142857144
2509,17115,Macon County,"99,300",59622.0,49757.0,0.0,106326699.16553016,0.0700859182259534,5,12.03,14.8,3.58,18.2272,3.501373350245495,0.0,2.767842349218507,16.0,142.99,0.0,0.0,0.0,0.0,0.14,0.992957224127184,44.0,345.0,145.8409090909091
2510,20167,Russell County,"6,581",49929.0,3693.0,0.0,4977.58243021267,2.136732720491276e-06,2,34.53,454.14,14.4,2.495,8.092131646776135,0.0,0.8063287376265332,19.0,554.25,0.0,0.0,0.0,0.0,0.066,7.233700953690032,7.0,230.0,124.85714285714286
2511,17155,Putnam County,"5,619",75726.0,3071.0,0.0,82806663.49443418,0.1857299622532094,5,2.0,1.45,3.0200000000000005,81.1592,4.214730589297639,0.0,3.897768817460685,11.0,97.85,0.0,0.0,0.0,0.0,0.091,6.996710932040249,11.0,138.0,138.0
2512,46055,Haakon County,"1,802",53109.0,914.0,0.0,6920513.690895433,0.0014625747838415,3,1092.81,9703.58,10.666666666666666,321.941,24.1829768628712,1.0,8.681002301837479,30.0,309.49,0.0,0.0,0.0,0.0,0.053,16.655769929648184,8.0,230.0,94.875
2513,47111,Macon County,"27,663",51215.0,10693.0,0.0,24666336.3878664,0.0309977872041368,0,0.0,0.0,0.0,0.0,20.52221276510794,0.0,2.791844918302554,14.0,102.67,0.0,0.0,0.0,0.0,0.15,7.383510735809148,2.0,161.0,161.0
2514,05023,Cleburne County,"25,672",52780.0,15619.0,0.0,189672299.7349169,0.1236751444671225,1,118.45,3508.0,29.6,37.38,0.0,0.0,0.6509839011293261,32.0,420.79,0.0,0.0,0.0,0.0,0.34,3.2804378885748555,6.0,161.0,161.0
2515,01109,Pike County,"33,688",42616.0,16049.0,0.0,234126050.0147503,0.1343247976191218,7,2.06,1.115714285714286,3.757142857142857,0.0865714285714285,6.017768599701361,0.0,2.3228348580183087,15.0,402.97,0.0,0.0,0.0,0.0,0.066,4.127506036045907,10.0,115.0,115.0
2516,16003,Adams County,"5,013",55891.0,2648.0,0.0,381.30401938651255,1.0750026716030873e-07,5,10.35,27.69,11.82,161.65339999999998,7.305084122754713,1.0,0.67559956599983,34.0,490.8,0.0,0.0,0.0,0.0,0.2,87.20189704051347,0.0,0.0,0.0
2517,25005,Bristol County,"593,640",80628.0,243297.0,0.0,295451545.559865,0.1650560531470012,3,1.26,1.7566666666666668,4.033333333333333,0.1916666666666666,21.407428325378124,4729.0,3.648807965619592,40.0,215.7,0.0,0.0,0.0,0.0,0.11,2.876357050723548,88.0,345.0,128.0681818181818
2518,42107,Schuylkill County,"145,085",63574.0,67328.0,0.0,95885743.9951309,0.0472965569966365,24,7.33,2.0395833333333333,5.504166666666666,0.5505833333333333,4.4609345018390485,0.0,3.459297147480965,23.0,405.58,0.0,0.0,0.0,0.0,0.078,7.161818936405888,34.0,230.0,78.47058823529412
2519,38103,Wells County,"3,729",59732.0,2324.0,0.0,147787796.18164,0.0442235866996084,85,38.07,1.3471764705882354,2.7576470588235296,0.0968941176470588,10.37142940893604,171.0,7.745284417757461,8.0,239.92,0.0,0.0,0.0,0.0,0.022,14.321963349877052,10.0,115.0,48.940000000000005
2520,37045,Cleveland County,"103,325",50723.0,43782.0,1.0,62842082.93428293,0.0518251745855069,2,5.0600000000000005,33.39,8.799999999999999,1.8015,7.971885561624283,4.0,0.3467802251652943,22.0,281.04,0.0,0.0,0.0,0.0,0.15,2.186171935912306,40.0,500.0,142.75
2521,05059,Hot Spring County,"33,451",50260.0,14247.0,0.0,273316177.5150296,0.1696116927069578,6,50.86,290.4933333333333,9.866666666666667,24.34433333333333,9.64348517091396,30.0,0.5791577470399963,28.0,198.6,0.0,0.0,0.0,0.0,0.16,1.3019284064234078,26.0,500.0,189.03846153846155
2522,24021,Frederick County,"302,883",115724.0,104217.0,1.0,115844732.14883512,0.0670151190235508,4,1.35,1.815,5.05,10.30925,8.836427031186833,0.0,0.2441053053156428,20.0,312.14,1.0,4936279.4043595735,0.002855592530454,0.0,0.078,1.1975207696457064,30.0,500.0,247.8
2523,17169,Schuyler County,"6,657",63737.0,3316.0,0.0,125070738.29312266,0.109412361515799,5,3.96,2.0740000000000003,2.98,244.49100000000004,9.761898255735034,0.0,6.744509715132059,10.0,353.77000000000004,0.0,0.0,0.0,0.0,0.1,4.908115046135533,10.0,138.0,75.9
2524,06051,Mono County,"12,505",82038.0,13625.0,0.0,304811214.66894346,0.0375784928400316,32,233.07,67.908125,9.85,1.01603125,6.205595286568691,110.0,6.979438305551908,76.0,478.19,1.0,250267985.01704505,0.0308541590022094,0.0,0.55,19.749985555555917,13.0,230.0,105.3846153846154
2525,06109,Tuolumne County,"53,160",70432.0,31447.0,0.0,166055351.6935813,0.028188918518898,38,123.31,182.79131578947369,19.094736842105263,5.168342105263157,3.790117067279636,191.0,4.228379628184749,76.0,780.86,1.0,8887.605481501378,1.5087257603624576e-06,0.0,0.3,18.224248865034,21.0,230.0,134.71428571428572
2526,35013,Doña Ana County,"229,091",51232.0,90294.0,1.0,299959045.7332705,0.0303579819683243,0,0.0,0.0,0.0,0.0,55.85205141609675,0.0,0.7016205472552319,6.0,102.44,3.0,2444597017.740894,0.2474105490067112,0.0,0.14,4.62631961006452,15.0,345.0,186.2
2527,13081,Crisp County,"19,237",47463.0,9926.0,0.0,85101021.79803124,0.1169538729005378,2,27.3,89.61,4.35,60.8495,9.155751959459652,14.0,1.1542458253983146,8.0,95.24,0.0,0.0,0.0,0.0,0.075,5.32543006384186,8.0,115.0,115.0
2528,05027,Columbia County,"21,894",47441.0,11051.0,0.0,377579407.22545576,0.1901124291630817,1,9.72,81.5,8.4,1.616,14.779304134227722,1.0,4.017430456804877,44.0,194.55,0.0,0.0,0.0,0.0,0.098,2.4373137089136256,17.0,345.0,128.52941176470588
2529,38039,Griggs County,"2,239",66688.0,1377.0,0.0,595.7620573813142,3.2100406765223497e-07,72,54.57,3.892083333333334,2.406944444444445,0.266,1.4475990586342895,449.0,9.864202519959958,6.0,115.58,0.0,0.0,0.0,0.0,0.023,5.61895291632091,5.0,69.0,63.52
2530,06095,Solano County,"455,376",97037.0,162513.0,1.0,832649859.4953997,0.3547867384396386,90,81.78999999999999,1.1686666666666663,1.4333333333333331,1.451277777777778,4.495569377239926,137.0,5.870691086304151,23.0,132.15,3.0,31157418.96706915,0.0132759754024613,0.0,0.67,5.211434076686164,43.0,230.0,111.97674418604652
2531,19043,Clayton County,"16,845",60441.0,8779.0,0.0,175573558.48627114,0.0855245054836064,2,0.65,0.98,3.0,0.392,17.611014849252037,0.0,2.326654077680314,14.0,405.53,0.0,0.0,0.0,0.0,0.038,4.622088460305854,23.0,161.0,73.0
2532,28163,Yazoo County,"22,947",41867.0,10418.0,0.0,1076390552.555548,0.4448887353908719,31,38.15,2.3125806451612902,1.912903225806452,62.66132258064517,9.134637125463613,1.0,7.075239797026596,29.0,386.97,0.0,0.0,0.0,0.0,0.13,0.7048430075968882,17.0,230.0,121.76470588235294
2533,19067,Floyd County,"14,901",62356.0,7337.0,0.0,120639115.96173345,0.0929068137974123,1,1.66,5.38,3.2,29.306,20.399239460927237,0.0,4.510936342845301,7.0,324.01,0.0,0.0,0.0,0.0,0.032,6.167624711320811,7.0,161.0,95.28571428571428
2534,21145,McCracken County,"67,553",58490.0,32093.0,0.0,211594741.1056049,0.3049115759963605,5,0.73,0.296,2.04,0.1172,9.995918489389055,5.0,0.7031811489851931,20.0,226.84,0.0,0.0,0.0,0.0,0.64,0.5007989421679991,71.0,500.0,119.12676056338027
2535,21225,Union County,"12,839",58260.0,5884.0,0.0,339645152.8044597,0.3610490502180803,8,70.57,114.6125,4.2875,625.4315,8.546598621680872,0.0,1.434095395321051,16.0,280.54,0.0,0.0,0.0,0.0,0.43,1.2134209891641496,26.0,161.0,72.53846153846153
2536,46125,Turner County,"9,314",72312.0,3876.0,0.0,179813208.86374864,0.1123955595556461,3,2.19,1.0433333333333332,1.7333333333333334,0.4503333333333333,8.213363166635693,5.0,5.891044280311929,10.0,191.74,0.0,0.0,0.0,0.0,0.052,2.174210261975972,28.0,230.0,74.75
2537,47029,Cocke County,"37,889",45110.0,17833.0,0.0,64659571.95934846,0.0563473599928963,1,64.76,1900.8,29.3,284.161,13.82136795189538,6.0,3.0654301101410297,16.0,277.93,0.0,0.0,0.0,0.0,0.26,15.171579933071968,1.0,161.0,161.0
2538,47067,Hancock County,"7,075",31809.0,3666.0,0.0,27817011.55900353,0.0480594005961087,0,0.0,0.0,0.0,0.0,18.852234174960103,0.0,1.0304043182380376,13.0,197.32,0.0,0.0,0.0,0.0,0.27,1.5372462279401546,4.0,69.0,69.0
2539,47071,Hardin County,"27,983",46902.0,15017.0,0.0,375220369.5640189,0.242956922572907,3,157.5,455.81666666666666,4.6000000000000005,658.4843333333334,13.39650289611109,0.0,1.7993953601290786,32.0,270.72,0.0,0.0,0.0,0.0,0.31,6.4521430188044695,13.0,161.0,161.0
2540,45067,Marion County,"28,242",35972.0,14340.0,0.0,542000311.4422897,0.423475628826611,0,0.0,0.0,0.0,0.0,36.70819914649236,536.0,2.0608678130582323,11.0,370.25,0.0,0.0,0.0,0.0,0.21,3.049921710990641,28.0,230.0,106.78571428571428
2541,72057,Guayama Municipio,,19165.0,17953.0,0.0,38751233.72635971,0.1400702307949262,1,0.74,18.5,25.0,0.3,10.215108102952987,0.0,7.291945247464695,1.0,52.71,0.0,0.0,0.0,0.0,0.43,97.93391029269628,0.0,0.0,0.0
2542,22117,Washington Parish,"44,937",41803.0,21420.0,0.0,511514512.2286097,0.2922117579181269,9,4.76,1.3422222222222222,2.344444444444445,5.281222222222223,4.175141090366183,316.0,2.5522739907297054,17.0,320.41,0.0,0.0,0.0,0.0,0.064,7.814764482003101,5.0,230.0,161.0
2543,29207,Stoddard County,"28,284",51703.0,13416.0,0.0,592176.1395756424,0.0002758214002028,8,15.24,5.45875,2.05,0.952875,7.605047691568818,45.0,7.363052029151693,40.0,462.42,0.0,0.0,0.0,0.0,1.0,1.3380133088771902,26.0,345.0,125.6153846153846
2544,13093,Dooly County,"11,156",54109.0,4848.0,0.0,72694284.56967339,0.0706420929298789,1,27.15,178.9,6.6,121.404,16.375617975632164,173.0,7.083711666386692,11.0,309.26,0.0,0.0,0.0,0.0,0.082,12.55522561842808,2.0,115.0,115.0
2545,27145,Stearns County,"164,110",73105.0,65786.0,0.0,148735116.05626026,0.0413173541320905,144,123.19,4.274305555555555,3.183333333333333,0.4068888888888888,3.1416866406219968,0.0,3.6611674702410113,55.0,480.36,1.0,26227.846685201574,7.285873426183675e-06,0.0,0.03,6.116537588616588,67.0,345.0,92.34328358208955
2546,31155,Saunders County,"23,702",84474.0,10032.0,0.0,332335047.2322345,0.1688758724361835,11,2.87,0.6145454545454545,2.5090909090909093,0.080090909090909,6.325533066207681,0.0,1.7737406463842311,24.0,354.01,2.0,7104559.624502098,0.0036101780864064,0.0,0.046,14.022845409843766,7.0,161.0,88.71428571428571
2547,27141,Sherburne County,"104,194",99431.0,36034.0,0.0,95334508.46816604,0.0815950745222049,55,30.29,1.534181818181818,2.618181818181818,0.3654545454545454,1.7338933235967142,0.0,1.8700582740433096,20.0,446.24,1.0,216884.178532992,0.0001856272297873,0.0,0.024,7.442654539700084,46.0,345.0,91.5
2548,46035,Davison County,"20,069",55606.0,9506.0,0.0,73210189.50334567,0.0646910559650502,1,2.29,24.2,10.6,5.81,11.190791701770038,10.0,5.589724380642481,10.0,380.31,1.0,245530.9248860672,0.0002169596187458,0.0,0.082,3.943644477342432,9.0,115.0,79.22222222222223
2549,47025,Claiborne County,"33,229",42406.0,15358.0,0.0,48602603.84023438,0.0424969809551477,2,88.35000000000001,1575.1,21.4,67.418,8.56476328790285,0.0,1.7410934606767068,27.0,299.58,0.0,0.0,0.0,0.0,0.3,5.041395103690722,10.0,161.0,87.4
2550,48337,Montague County,"21,966",63336.0,10281.0,0.0,112365124.62275514,0.0462384681364651,6,11.01,24.60833333333333,6.616666666666667,0.4468333333333333,10.602562895699831,0.0,11.258889869728746,21.0,407.43,0.0,0.0,0.0,0.0,0.091,8.94068950484645,15.0,138.0,108.86666666666666
2551,48049,Brown County,"38,711",53792.0,18946.0,0.0,340173093.04109263,0.1372498045355006,2,17.91,276.62,17.45,2.2305,4.665572099543424,1.0,1.741992392566721,10.0,284.04,1.0,20581321.94654321,0.0083039560507039,0.0,0.032,7.340199861007749,4.0,345.0,224.25
2552,55101,Racine County,"198,919",72658.0,84455.0,1.0,151165921.37396607,0.0736804370794291,16,57743.07,303753.87,8.3375,120.054125,0.0,0.0,7.05599624929322,23.0,217.7,0.0,0.0,0.0,0.0,0.05,12.408387010039917,16.0,345.0,189.75
2553,55115,Shawano County,"41,560",65493.0,20416.0,0.0,173299544.9564616,0.0735777660264018,26,35.02,5.521538461538461,3.1653846153846152,1.814923076923077,5.807284373660542,0.0,2.612350411547308,25.0,612.34,0.0,0.0,0.0,0.0,0.026,8.200801862426912,34.0,345.0,117.70588235294116
2554,19009,Audubon County,"5,509",54973.0,2805.0,0.0,45893383.70945592,0.0399623827190884,2,0.36,0.555,3.05,1.891,16.98707869517891,0.0,1.5043129780061448,6.0,323.41,0.0,0.0,0.0,0.0,0.037,0.8679972812315507,3.0,69.0,69.0
2555,48207,Haskell County,"5,499",52786.0,3101.0,0.0,1801.137369055782,7.639807246782814e-07,3,6.85,61.88333333333333,10.6,0.1306666666666666,14.801072047765302,0.0,9.093302468009812,12.0,440.96,0.0,0.0,0.0,0.0,0.045,7.470133323317277,7.0,345.0,207.0
2556,40083,Logan County,"55,473",80565.0,19246.0,0.0,240848143.9868526,0.1241823358153247,7,3.35,1.81,3.628571428571429,0.0881428571428571,2.4098947889920117,13.0,1.2799148802318765,21.0,487.55,0.0,0.0,0.0,0.0,0.12,5.5536299705057575,20.0,345.0,127.65
2557,36065,Oneida County,"226,392",66402.0,105054.0,0.0,311173047.3286889,0.09552310895755,21,233.76,121.65714285714289,5.304761904761905,11.616333333333332,3.592151409428104,99.0,0.0793496092785819,83.0,898.21,2.0,474872.4377928664,0.0001457751306086,0.0,0.1,0.464477682500474,55.0,345.0,131.72727272727272
2558,08065,Lake County,"7,552",78942.0,4010.0,0.0,37.90625530658248,3.8122494619408295e-08,4,15.93,64.925,12.9,0.46825,6.021294896562631,155.0,0.6847533648029277,15.0,227.16,0.0,0.0,0.0,0.0,0.17,24.529681602297,0.0,0.0,0.0
2559,40121,Pittsburg County,"43,320",53054.0,22160.0,0.0,600420213.4822063,0.1682459578945998,22,372.63,218.17454545454547,4.163636363636363,12.961227272727273,6.073557090597303,77.0,5.510176392030735,47.0,399.28,1.0,181756011.8219447,0.0509305210341516,0.0,0.12,3.480603604331045,22.0,345.0,153.6818181818182
2560,54017,Doddridge County,"7,634",56587.0,3279.0,0.0,23018575.91189537,0.0277322542195846,0,0.0,0.0,0.0,0.0,20.75132280364056,0.0,1.1104928978800452,7.0,193.61,0.0,0.0,0.0,0.0,0.069,6.049772339229086,3.0,138.0,138.0
2561,54105,Wirt County,"4,879",52776.0,2743.0,0.0,33593532.38148284,0.0552488100490406,0,0.0,0.0,0.0,0.0,27.528913584888496,0.0,0.6192140221323094,12.0,363.61,0.0,0.0,0.0,0.0,0.087,8.295010438613673,2.0,765.0,451.5
2562,33003,Carroll County,"52,784",77049.0,39889.0,0.0,286413332.80993724,0.1113090589164873,67,286.06,14.446119402985074,5.619402985074627,1.685328358208955,1.5383569710357483,376.0,0.1250998757618441,81.0,356.98,0.0,0.0,0.0,0.0,0.18,2.893956848766123,7.0,115.0,115.0
2563,54095,Tyler County,"7,881",59167.0,4177.0,0.0,42443712.979303926,0.062860876102394,2,24.09,109.84,7.0,636.0804999999999,5.13181825258225,0.0,1.124062808935428,7.0,343.65,0.0,0.0,0.0,0.0,0.067,2.463010424402951,5.0,765.0,263.4
2564,26081,Kent County,"675,232",76247.0,264944.0,0.0,101724440.12406877,0.0450443001858552,71,26.6,1.3825352112676057,3.294366197183099,7.691774647887324,2.834293716921411,0.0,0.3795127929796532,31.0,461.3,0.0,0.0,0.0,0.0,0.05,5.449217755669039,56.0,345.0,151.55357142857142
2565,37147,Pitt County,"182,936",54915.0,80763.0,0.0,331267915.1033385,0.1951081672151702,8,3.28,0.66375,1.6875,29.884375,5.10225844197508,124.0,2.61963501437798,21.0,398.55,0.0,0.0,0.0,0.0,0.062,3.647170166255486,12.0,230.0,210.83333333333331
2566,30009,Carbon County,"11,466",66780.0,6399.0,0.0,120848451.31884016,0.0226349251017773,24,21.1,78.04916666666666,14.9875,9.812458333333334,27.637169196196613,25.0,1.5929795300914598,61.0,1038.02,0.0,0.0,0.0,0.0,0.14,137.0077840107683,0.0,0.0,0.0
2567,31167,Stanton County,"5,744",76035.0,2478.0,0.0,137048745.06553626,0.122771601933795,4,1.01,0.665,2.55,11.84225,7.298761027301349,0.0,3.2907171215397333,14.0,348.62,0.0,0.0,0.0,0.0,0.061,6.503690331530642,4.0,115.0,115.0
2568,13001,Appling County,"19,100",43268.0,8524.0,0.0,264024049.9396169,0.1990003945508129,4,1.1900000000000002,0.71,2.35,0.2272499999999999,6.965788604022093,6.0,4.793155643123073,12.0,399.43,0.0,0.0,0.0,1.0,0.11,6.275110513242024,11.0,500.0,226.8181818181818
2569,25007,Dukes County,"21,219",93225.0,17621.0,0.0,100298130.52600676,0.0788765166207607,13,7.09,2.9130769230769227,3.4923076923076923,0.1085384615384615,5.7053916138206535,150.0,21.84717621082506,0.0,0.0,0.0,0.0,0.0,0.0,0.09,24.775707580001683,0.0,0.0,0.0
2570,38049,McHenry County,"5,130",78071.0,2837.0,0.0,291954449.9720923,0.058971028744517,91,87.03999999999999,2.3143956043956044,2.232967032967033,0.710835164835165,7.434802440321928,132.0,4.674860601091785,19.0,439.1,0.0,0.0,0.0,0.0,0.023,8.68879184168448,17.0,230.0,91.54117647058824
2571,31179,Wayne County,"10,020",64951.0,3956.0,0.0,92732729.07295844,0.0807613451681894,0,0.0,0.0,0.0,0.0,20.876992739874296,0.0,1.522828285667445,12.0,167.02,0.0,0.0,0.0,0.0,0.058,7.830280025616448,11.0,230.0,87.81818181818181
2572,38045,LaMoure County,"4,135",70227.0,2077.0,0.0,52097183.53109206,0.0174766206031046,62,33.78,1.3820967741935484,2.370967741935484,0.0436451612903225,19.158402217128646,0.0,5.069691025070873,6.0,153.98,0.0,0.0,0.0,0.0,0.031,5.187526946837361,9.0,115.0,76.17777777777778
2573,16023,Butte County,"2,783",37358.0,1285.0,0.0,0.0,0.0,1,2.03,5.97,2.9,37.956,25.077720163434435,0.0,8.000350447182086,30.0,246.84,0.0,0.0,0.0,0.0,0.25,104.67275969537714,0.0,0.0,0.0
2574,33007,Coos County,"31,343",55247.0,20570.0,0.0,234323154.25799364,0.0494303987353933,48,80.58,15.441458333333337,5.735416666666667,10.135583333333331,1.4386725725141294,169.0,0.75248136223579,74.0,605.47,0.0,0.0,0.0,0.0,0.14,3.2802766432203785,12.0,115.0,115.0
2575,38043,Kidder County,"2,393",57240.0,1648.0,0.0,0.0,0.0,190,268.6,3.883631578947369,2.471578947368421,0.0971578947368421,0.8805778052544212,0.0,16.710613484689365,6.0,26.56,0.0,0.0,0.0,0.0,0.025,12.909526155846212,14.0,345.0,129.15714285714287
2576,48273,Kleberg County,"30,315",52487.0,13921.0,0.0,725622982.2216375,0.256984363348966,24,20.1,0.9620833333333332,1.3125,0.115375,8.363847535614502,0.0,9.846070725190378,11.0,449.54,1.0,13545386.392463252,0.0047971916321135,0.0,0.027,15.21067383152739,4.0,345.0,189.75
2577,18127,Porter County,"176,049",82915.0,71572.0,0.0,104288995.47928904,0.0771638402176072,13,57729.69,373846.8284615384,9.076923076923077,144.52907692307693,1.2567401347588716,0.0,2.648956640607921,19.0,196.37,0.0,0.0,0.0,0.0,0.073,1.375873989870396,45.0,345.0,174.8
2578,26009,Antrim County,"24,698",68850.0,17596.0,0.0,464586.8172006258,0.0002980910415574,35,57868.03,138925.04685714285,12.048571428571428,55.21748571428571,1.8292527914575427,0.0,2.179923169717177,30.0,249.63,0.0,0.0,0.0,0.0,0.026,4.145508972371648,14.0,345.0,118.28571428571428
2579,45069,Marlboro County,"25,488",34275.0,12034.0,0.0,257432873.63019636,0.2047413889458454,15,4.24,0.762,2.4066666666666667,0.6496,3.1097654638041266,1063.0,2.0546059200119147,15.0,282.06,0.0,0.0,0.0,0.0,0.16,1.076045536024291,28.0,230.0,103.5
2580,16009,Benewah County,"10,508",54191.0,4666.0,0.0,76633701.37335767,0.0377311437416635,5,130.13,65.652,5.5,80.102,9.68531121493867,20.0,3.0348869509079583,26.0,302.11,0.0,0.0,0.0,0.0,0.15,40.34837808004908,0.0,0.0,0.0
2581,17103,Lee County,"32,914",64588.0,14993.0,0.0,259633964.4092027,0.1375965546294825,5,0.71,0.3,2.14,39.3914,5.063465486812509,0.0,3.2271890823942724,18.0,415.97,0.0,0.0,0.0,0.0,0.084,4.132811184657232,22.0,345.0,185.04545454545453
2582,31127,Nemaha County,"7,102",57196.0,3312.0,0.0,225156478.6357036,0.2122374744434499,1,0.11,0.16,1.4,13.736,14.839994300707552,2.0,2.5611938126582223,9.0,183.33,0.0,0.0,0.0,1.0,0.049,0.7367075635151478,10.0,345.0,124.2
2583,37031,Carteret County,"70,469",66965.0,51096.0,0.0,1519428401.4423552,0.4409571495190659,3,0.5900000000000001,0.33,1.4666666666666668,0.0793333333333333,7.948146446538629,1445.0,12.938269424736127,8.0,258.35,3.0,57822354.014326274,0.0167807712297833,0.0,0.056,13.515023413432532,17.0,230.0,121.76470588235294
2584,20149,Pottawatomie County,"27,186",85241.0,9938.0,0.0,326739060.4327744,0.1464118861366587,10,48.31,280.316,9.37,53.9027,19.400687871878688,15.0,4.913976879862642,16.0,311.4,0.0,0.0,0.0,0.0,0.059,15.411455191799057,3.0,345.0,230.0
2585,26075,Jackson County,"159,552",62581.0,69095.0,0.0,102302114.8750598,0.0545949533549603,63,40.16,3.4436507936507934,3.5825396825396822,0.3349682539682539,6.362702200197021,0.0,1.1909764207836695,45.0,303.15,0.0,0.0,0.0,0.0,0.067,2.695866217101466,22.0,138.0,137.1818181818182
2586,48091,Comal County,"209,166",93744.0,70899.0,0.0,167035854.6689796,0.1121845400902423,1,30.62,1393.0,45.5,18.452,6.07209931051291,0.0,5.379324018872075,7.0,326.5,1.0,5340820.182569745,0.0035869990731848,0.0,0.027,4.065590683752709,29.0,138.0,135.6206896551724
2587,25019,Nantucket County,"14,758",135590.0,12287.0,0.0,55345056.93438324,0.0703720425246795,6,1.86,0.57,1.7333333333333334,0.0536666666666666,3.546506938198349,48.0,39.76231671710647,0.0,0.0,0.0,0.0,0.0,0.0,0.069,43.28949376999574,0.0,0.0,0.0
2588,45009,Bamberg County,"12,796",43920.0,6644.0,0.0,120978309.40751076,0.118085060870711,0,0.0,0.0,0.0,0.0,17.469663718702616,386.0,2.0810183831083275,7.0,253.86,0.0,0.0,0.0,0.0,0.3,1.8442104031451008,15.0,230.0,96.6
2589,48007,Aransas County,"26,146",58168.0,15600.0,0.0,781929594.6442637,0.5718365532267087,35,22.34,0.5925714285714285,0.94,0.0496857142857142,5.6085125281352,5.0,2.6583384760074824,8.0,445.41,0.0,0.0,0.0,0.0,0.028,21.178564091918226,2.0,138.0,138.0
2590,13019,Berrien County,"18,932",48670.0,8059.0,0.0,134405188.97325107,0.113334995553416,5,1.63,0.6519999999999999,2.2,0.3812,6.18250467665321,66.0,3.1389321910557006,8.0,279.7,0.0,0.0,0.0,0.0,0.07,4.813699321916595,11.0,115.0,115.0
2591,18165,Vermillion County,"15,488",59567.0,7301.0,0.0,85007679.0731226,0.1262795830864908,4,1.05,0.615,2.4,0.12875,7.65232471518364,0.0,3.065706006207108,10.0,275.44,0.0,0.0,0.0,0.0,0.14,6.4834042380139225,11.0,345.0,234.1818181818182
2592,51019,Bedford County,"83,059",74773.0,37302.0,0.0,104972092.67292508,0.0522054322643131,4,80.47,382.07,10.775,20.8,20.5691822570258,0.0,2.8324926267990613,26.0,587.98,0.0,0.0,0.0,0.0,0.099,2.317695541765449,25.0,138.0,130.64
2593,35033,Mora County,"4,051",40231.0,3092.0,0.0,351778.4587195719,7.042532126183337e-05,10,7.17,2.481,3.4,0.0059,16.108167821005573,1.0,13.06935425531252,28.0,618.76,0.0,0.0,0.0,0.0,0.088,22.60190007628196,3.0,115.0,115.0
2594,31011,Boone County,"5,355",66800.0,2559.0,0.0,16652.408313325333,9.355891947904497e-06,2,0.28,0.365,2.7,5.0515,13.68503497312565,0.0,1.8612816647771184,7.0,143.12,0.0,0.0,0.0,0.0,0.063,7.971279793324188,7.0,115.0,115.0
2595,29149,Oregon County,"8,709",41365.0,4380.0,0.0,159808218.6855857,0.0779470078778084,0,0.0,0.0,0.0,0.0,30.99725723133971,1.0,11.03847562809005,13.0,196.9,0.0,0.0,0.0,0.0,0.39,3.870429577100969,6.0,161.0,99.66666666666669
2596,47083,Houston County,"8,479",51544.0,3957.0,0.0,42170633.64435857,0.0786675121167611,1,574.74,7560.0,13.2,2141.379,10.33549967670267,0.0,3.2854226432512603,12.0,96.29,0.0,0.0,0.0,0.0,0.35,5.954469756852995,2.0,161.0,161.0
2597,42131,Wyoming County,"25,790",67968.0,12846.0,0.0,68100401.08501057,0.064924680164281,11,3.54,1.818181818181818,5.336363636363637,0.0954545454545454,10.250565681869316,0.0,1.4454657999717848,17.0,385.52,0.0,0.0,0.0,0.0,0.064,4.289747328047309,5.0,230.0,138.0
2598,37107,Lenoir County,"55,837",43063.0,26681.0,0.0,176278977.92741954,0.1695756030337394,2,0.24,0.2,1.7000000000000002,48.119,0.6061221141311292,74.0,0.2051347083528992,11.0,327.71,0.0,0.0,0.0,0.0,0.07,3.470667068824558,18.0,230.0,134.16666666666666
2599,16059,Lemhi County,"8,474",49216.0,4609.0,0.0,0.0,0.0,2,1.12,5.345,9.1,0.1775,8.297864111903243,27.0,2.3400059124841635,88.0,1251.73,0.0,0.0,0.0,0.0,0.34,200.58011893322623,0.0,0.0,0.0
2600,21183,Ohio County,"23,934",52474.0,10196.0,0.0,317741322.2957256,0.2057614109823828,11,3.28,1.007272727272727,3.290909090909091,24.149636363636365,3.829344656288897,0.0,2.216400159806036,18.0,501.04,0.0,0.0,0.0,0.0,0.23,7.46003859300867,39.0,161.0,92.5897435897436
2601,31153,Sarpy County,"208,303",95911.0,73715.0,12.0,133609835.86616568,0.2084091446997719,5,1.46,0.834,2.58,65.6214,6.139735046675598,0.0,6.681720907686665,17.0,445.04,2.0,9679958.093696484,0.0150991263027798,0.0,0.042,2.4219759538945653,40.0,345.0,131.1
2602,13071,Colquitt County,"47,438",47235.0,19143.0,0.0,226841106.3028905,0.1573440442785679,3,0.74,0.7600000000000001,2.7,6.5793333333333335,7.214821556177229,11.0,0.492625858694791,9.0,284.41,0.0,0.0,0.0,0.0,0.061,2.108593584555165,19.0,230.0,121.05263157894736
2603,46117,Stanley County,"3,018",82298.0,1468.0,0.0,103969348.3269757,0.026458966558552,4,1322.29,7863.985,10.225,487.888,11.886933049748514,2.0,8.90850946679914,48.0,242.49,0.0,0.0,0.0,0.0,0.053,10.787632988235224,7.0,230.0,131.42857142857142
2604,32031,Washoe County,"509,386",81531.0,208480.0,11.0,411674105.7161792,0.0243007713405704,46,1124.65,3332.3608695652174,10.295652173913044,1.9886956521739128,27.86312786649776,179.0,9.624408802410285,91.0,384.55,1.0,243480.1556777394,1.437242592365145e-05,0.0,0.39,59.70198913397277,20.0,345.0,142.5
2605,47073,Hawkins County,"59,559",53647.0,27138.0,0.0,66691953.80642491,0.0515389780634731,2,71.24,950.65,15.15,88.384,14.24252989153903,0.0,0.5970405271617567,31.0,201.77,1.0,23764655.7686309,0.0183651250629197,0.0,0.24,2.309568360503766,35.0,500.0,141.6
2606,38011,Bowman County,"2,762",79709.0,1645.0,0.0,27836010.16131967,0.0092091267637697,4,9.31,53.825,8.4,0.5874999999999999,10.651909870806987,0.0,6.707955056686598,33.0,451.74,0.0,0.0,0.0,0.0,0.034,11.208788007149629,29.0,115.0,89.62068965517241
2607,42057,Fulton County,"14,483",63153.0,7119.0,0.0,46018530.752580605,0.0405607438896325,3,1.05,1.893333333333333,5.133333333333334,0.1026666666666666,4.84456294076687,0.0,2.033708142314353,14.0,230.49,0.0,0.0,0.0,0.0,0.06,9.628249450159837,1.0,138.0,138.0
2608,22055,Lafayette Parish,"257,949",66617.0,108681.0,0.0,285500500.6606914,0.4093744493860599,0,0.0,0.0,0.0,0.0,14.056776656720531,1.0,0.9987806055995164,14.0,162.63,0.0,0.0,0.0,0.0,0.053,0.3475272602440177,42.0,230.0,128.14285714285714
2609,48237,Jack County,"9,563",58861.0,3816.0,0.0,164068095.39211464,0.0688462003873511,8,42.440000000000005,146.1825,8.125,1.018375,2.179615712849809,0.0,13.068527446028094,8.0,42.06,0.0,0.0,0.0,0.0,0.063,1.8655101411409023,13.0,345.0,212.30769230769232
2610,17175,Stark County,"5,319",58125.0,2588.0,0.0,58276423.13373757,0.0780270419286991,0,0.0,0.0,0.0,0.0,21.58167401799513,0.0,1.4626334224882225,5.0,219.26,0.0,0.0,0.0,0.0,0.084,10.803489109454466,1.0,138.0,138.0
2611,40055,Greer County,"5,373",55204.0,2628.0,0.0,140507522.58587432,0.0842932769022513,2,20.540000000000003,82.015,5.1,2.905,19.66816703311366,0.0,0.5741736559063451,13.0,314.0,0.0,0.0,0.0,0.0,0.11,7.761348872748602,6.0,69.0,69.0
2612,48211,Hemphill County,"3,083",67798.0,1679.0,0.0,6.28223225378259,2.659173236550805e-09,2,0.3399999999999999,0.4549999999999999,2.6500000000000004,0.076,9.040269872208178,0.0,5.644342225646946,15.0,70.14,0.0,0.0,0.0,0.0,0.089,8.008621792120755,7.0,69.0,64.85714285714286
2613,16069,Nez Perce County,"42,905",65023.0,18382.0,0.0,0.0,0.0,3,0.8300000000000001,1.7066666666666668,6.066666666666666,0.1003333333333333,9.182514262217936,0.0,3.753770992655475,19.0,609.55,0.0,0.0,0.0,0.0,0.15,19.68033267816992,1.0,500.0,500.0
2614,46129,Walworth County,"5,217",57697.0,2939.0,0.0,0.0,0.0,14,1110.87,2083.7314285714283,4.207142857142857,69.22035714285714,9.24940207549738,0.0,13.12808306457635,21.0,72.97999999999999,0.0,0.0,0.0,0.0,0.039,14.34459189250288,3.0,230.0,153.33333333333334
2615,06055,Napa County,"132,949",105809.0,55588.0,1.0,203097463.61519608,0.0989728974914591,24,114.43,87.09958333333333,4.6875,4.387833333333334,2.271593142389447,38.0,2.033173632150373,28.0,181.68,0.0,0.0,0.0,0.0,0.67,8.790896398606533,18.0,230.0,131.38888888888889
2616,40033,Cotton County,"5,432",60208.0,2712.0,0.0,3558972.681070023,0.0021407232824086,5,39.79,231.48,7.52,7.5242,9.713655298926048,0.0,1.663997105591872,20.0,352.64,0.0,0.0,0.0,0.0,0.15,4.897606608137063,10.0,69.0,69.0
2617,29221,Washington County,"23,810",49364.0,10740.0,0.0,98798533.54941387,0.0500287456636239,21,6.96,2.079047619047619,4.752380952380952,0.0683333333333333,1.0042807409489007,0.0,3.1025038184311797,13.0,289.4,0.0,0.0,0.0,0.0,0.32,9.492337793183076,15.0,161.0,134.93333333333334
2618,36011,Cayuga County,"74,365",63227.0,36701.0,0.0,213195486.89252225,0.0953086849004674,19,19592.49,86374.06368421053,8.021052631578947,418.31147368421057,9.66520648311064,55.0,0.6499179240558323,30.0,326.52,0.0,0.0,0.0,0.0,0.078,1.290117564227662,8.0,115.0,115.0
2619,48417,Shackelford County,"3,197",60924.0,1583.0,0.0,4.427655566734948,1.867218291255307e-09,2,0.78,1.465,3.5500000000000003,0.0925,8.61653593973032,0.0,8.609289867145295,6.0,291.88,0.0,0.0,0.0,0.0,0.041,3.580308170344056,7.0,345.0,167.57142857142858
2620,48407,San Jacinto County,"29,488",54839.0,14041.0,0.0,371343369.5970566,0.2283389240973073,4,282.22,762.7275,6.2,193.4395,7.526582471505008,3.0,2.683206501497563,19.0,445.05,0.0,0.0,0.0,0.0,0.045,5.913097856128699,6.0,138.0,111.16666666666669
2621,13179,Liberty County,"70,313",55149.0,26877.0,0.0,834352973.8479173,0.5346643685887842,8,5.35,2.345,2.95,1.06375,4.174881270350785,192.0,2.822802187537796,12.0,228.23,1.0,479338316.0523034,0.3071663026627272,0.0,0.16,5.783340468500486,7.0,500.0,186.42857142857144
2622,48349,Navarro County,"57,181",56261.0,21429.0,0.0,730143676.4623492,0.2595852313479657,13,176.65,197.95846153846156,4.7384615384615385,3.733307692307693,3.0352174950403508,1.0,8.768087631613978,32.0,393.81,0.0,0.0,0.0,0.0,0.049,2.561361636708657,23.0,345.0,144.0
2623,48047,Brooks County,"6,579",30566.0,3665.0,0.0,245376305.93359107,0.1003986978092303,4,4.58,4.04,2.125,0.67775,17.50414951856522,0.0,17.269316920781883,4.0,24.06,0.0,0.0,0.0,0.0,0.026,23.1539748521984,1.0,345.0,345.0
2624,47187,Williamson County,"272,061",125943.0,91828.0,5.0,88722062.47198153,0.0586497501981838,1,0.34,1.21,3.5,6.35,4.949244152777042,1.0,3.7717279731586135,17.0,295.99,0.0,0.0,0.0,0.0,0.21,3.739002526902199,30.0,500.0,183.6
2625,56021,Laramie County,"102,938",76282.0,44389.0,17.0,369840825.17140806,0.0531326775172182,7,2.35,1.241428571428571,3.442857142857143,0.4227142857142857,2.8991958250116108,1.0,8.291446600491303,32.0,430.07,2.0,24048651.378968384,0.0034549166870653,0.0,0.08,83.72609728837155,0.0,0.0,0.0
2626,53003,Asotin County,"22,545",63724.0,10109.0,0.0,0.0,0.0,0,0.0,0.0,0.0,0.0,28.111572086854164,6.0,0.306459394490813,22.0,288.14,0.0,0.0,0.0,0.0,0.15,39.12792017089136,0.0,0.0,0.0
2627,27155,Traverse County,"3,130",63456.0,1889.0,0.0,51219.40418578869,3.375591067001305e-05,20,58.73,14.376,2.05,1.9795000000000005,9.430143320230927,0.0,5.385647360366891,25.0,131.0,0.0,0.0,0.0,0.0,0.052,2.3532900824778302,8.0,115.0,115.0
2628,17017,Cass County,"12,463",64826.0,5684.0,0.0,221947499.8198349,0.2233393151078831,9,11.37,1.7544444444444445,1.2444444444444445,202.30211111111112,10.064483032020478,0.0,2.8250574771612995,13.0,277.99,0.0,0.0,0.0,0.0,0.12,2.220475126825832,10.0,138.0,75.9
2629,13247,Rockdale County,"98,416",68999.0,35398.0,0.0,26350361.873369142,0.0770189704810113,6,3.38,4.614999999999999,4.883333333333334,1.9966666666666668,6.622079036453961,22.0,0.6532729239027022,5.0,157.49,0.0,0.0,0.0,0.0,0.11,2.6159580561068068,16.0,230.0,186.875
2630,42067,Juniata County,"23,403",61915.0,10502.0,0.0,64933852.14134792,0.0637105688482164,0,0.0,0.0,0.0,0.0,19.97290164396912,0.0,0.1893198925460781,8.0,225.89,0.0,0.0,0.0,0.0,0.059,3.590585324692804,10.0,500.0,146.6
2631,42083,McKean County,"38,984",57861.0,19530.0,0.0,116510438.6666222,0.0456826505442493,3,41.94,535.8133333333333,17.633333333333333,36.27366666666666,15.527195328212438,0.0,0.9605488025192026,39.0,319.14,0.0,0.0,0.0,0.0,0.058,7.260419366267326,4.0,230.0,143.75
2632,40049,Garvin County,"26,377",53600.0,12109.0,0.0,421587094.8900037,0.200035016774812,7,5.5,7.177142857142857,4.742857142857143,0.1331428571428571,10.041467872160188,0.0,3.036411295203488,16.0,537.19,0.0,0.0,0.0,0.0,0.27,7.082549922031078,44.0,138.0,95.6590909090909
2633,31021,Burt County,"6,678",54950.0,3340.0,0.0,277827065.1825025,0.2158068446370346,4,1.01,1.08,3.525,0.078,10.12405270968764,0.0,5.357680834911995,28.0,346.19,0.0,0.0,0.0,0.0,0.043,8.574100146777221,6.0,345.0,161.0
2634,35045,San Juan County,"120,340",50734.0,48050.0,0.0,402181179.5912144,0.0280373874737476,12,60.88,109.7775,5.8500000000000005,3.6655833333333327,24.137581205297817,56.0,23.778171668435053,57.0,366.91,0.0,0.0,0.0,0.0,0.07,6.060648690278795,65.0,500.0,153.33846153846153
2635,36073,Orleans County,"39,825",61069.0,18244.0,0.0,79851566.14624876,0.037717298255616,9,19353.09,182224.52444444445,12.033333333333331,863.193888888889,0.0,121.0,2.5944853465367435,8.0,190.53,0.0,0.0,0.0,0.0,0.1,21.49587681104668,11.0,115.0,115.0
2636,22031,De Soto Parish,"27,381",49807.0,12463.0,0.0,443793122.7735234,0.1915393044090023,10,602.15,629.5319999999999,3.53,22.6629,3.557583170032546,14.0,0.0015794076335833,53.0,381.66,0.0,0.0,0.0,0.0,0.069,16.540509956239575,3.0,345.0,268.3333333333333
2637,06019,Fresno County,"1,035,456",67756.0,339270.0,0.0,1076487580.3392248,0.0691417109059444,76,91.16,38.556973684210526,12.48157894736842,7.673118421052632,7.8514186496954785,136.0,14.067167988798262,74.0,991.98,2.0,12370031.566763671,0.0007945146438355,0.0,0.29,3.1778731468759585,146.0,500.0,122.34931506849315
2638,19095,Iowa County,"16,504",69787.0,7342.0,0.0,225632845.59917045,0.1482867129662923,3,0.9,0.9233333333333332,2.966666666666667,20.109,10.23205996322112,0.0,0.8650264850365759,12.0,244.76,0.0,0.0,0.0,0.0,0.048,12.87709913082226,7.0,345.0,121.57142857142856
2639,31019,Buffalo County,"51,172",70093.0,21019.0,1.0,356594550.6246085,0.1411544245649984,2,0.28,0.19,1.2,0.001,21.317041405145844,6.0,9.604612658672538,15.0,477.08,0.0,0.0,0.0,0.0,0.045,1.1814157029349168,60.0,345.0,79.73333333333333
2640,40007,Beaver County,"4,882",62981.0,2480.0,0.0,0.0,0.0,0,0.0,0.0,0.0,0.0,46.56670596529919,2.0,2.786316339979705,26.0,273.33,0.0,0.0,0.0,0.0,0.066,13.663980240969648,17.0,345.0,147.47058823529412
2641,19023,Butler County,"14,049",65743.0,6545.0,0.0,296918624.6582841,0.1970595275993317,1,0.13,0.3,2.4,0.012,17.227843750293506,0.0,5.6925122487252935,17.0,437.33,0.0,0.0,0.0,0.0,0.034,19.50011722196992,2.0,161.0,161.0
2642,30085,Roosevelt County,"10,242",51038.0,4076.0,0.0,417774641.0827431,0.0680750183038674,25,16.84,1.5192,2.208,13.58168,6.1762434831139865,2.0,4.800447667657727,28.0,512.22,0.0,0.0,0.0,0.0,0.049,39.61310726705361,1.0,69.0,69.0
2643,72017,Barceloneta Municipio,,20282.0,10055.0,0.0,18058336.11517129,0.225611391002207,1,0.29,0.44,1.5,0.052,2.324249443720002,0.0,2.8708826505771605,1.0,16.91,0.0,0.0,0.0,0.0,0.48,52.27953488823736,0.0,0.0,0.0
2644,51670,Hopewell city,"23,261",50661.0,10415.0,0.0,3113528.5197729766,0.1110158343242055,0,0.0,0.0,0.0,0.0,5.249951883685738,0.0,1.89982709874266,2.0,24.17,1.0,16683.395220281356,0.0005948623974303,0.0,0.11,1.2183833604995105,2.0,230.0,230.0
2645,17201,Winnebago County,"283,674",61738.0,125039.0,0.0,188636328.3941537,0.1402848360811486,7,2.58,1.4728571428571429,3.4,2.4908571428571427,10.500971226866609,0.0,2.899212890451574,20.0,450.39,0.0,0.0,0.0,0.0,0.064,2.1464255165804893,45.0,345.0,176.33333333333334
2646,04007,Gila County,"53,801",55242.0,32519.0,0.0,137861717.2127105,0.0111012851979232,10,70.62,333.355,21.69,3.1842999999999995,25.46844161825977,3.0,2.1709531049166806,58.0,764.72,0.0,0.0,0.0,0.0,0.14,6.3621608703729535,15.0,500.0,222.66666666666663
2647,24045,Wicomico County,"106,899",69421.0,43708.0,0.0,188335424.2747388,0.1816976701131933,2,0.73,0.93,2.35,0.6605,10.011160825601785,0.0,1.82962183577916,18.0,210.01,0.0,0.0,0.0,0.0,0.058,0.1392674302834305,21.0,230.0,83.23809523809524
2648,21043,Carter County,"26,149",47004.0,12249.0,0.0,54983612.29079873,0.0515128752944082,1,2.89,146.8,50.7,5.681,9.238929182672251,0.0,1.7333887886990942,12.0,233.57,0.0,0.0,0.0,0.0,0.12,4.729614908288036,13.0,69.0,69.0
2649,37097,Iredell County,"211,798",73103.0,79853.0,0.0,127732290.47139695,0.0825550297593202,3,115.96,181.2733333333333,5.3,50.68833333333333,15.523657920208253,14.0,0.0925022445961114,23.0,465.9,0.0,0.0,0.0,0.0,0.12,4.189236298386096,49.0,500.0,118.77551020408164
2650,51083,Halifax County,"33,447",49145.0,17384.0,0.0,197824001.45775804,0.0920780591991897,4,182.51,1039.075,8.7,70.54325,0.9217756421897064,88.0,1.0494460093880589,42.0,487.39,0.0,0.0,0.0,0.0,0.083,1.6776546066175098,21.0,230.0,125.95238095238096
2651,37091,Hertford County,"19,015",46196.0,9864.0,0.0,185274258.23406357,0.198488251226514,1,0.21,0.45,2.2,0.005,10.332704054751396,188.0,2.373049097008446,12.0,210.65,0.0,0.0,0.0,0.0,0.057,5.203775161045025,5.0,230.0,230.0
2652,36057,Montgomery County,"50,046",58033.0,22924.0,0.0,54997621.44677191,0.0517543698784156,1,0.63,3.56,5.7,20.948,15.19221628990447,60.0,0.6178123219751066,15.0,318.54,0.0,0.0,0.0,0.0,0.12,9.410204817232582,21.0,345.0,125.95238095238096
2653,13123,Gilmer County,"33,894",70334.0,17850.0,0.0,60438822.772457175,0.0541497762613929,3,10.2,194.89,23.1,9.147666666666666,11.42884450709433,0.0,1.043485018571397,9.0,147.27,0.0,0.0,0.0,0.0,0.25,6.511323832053864,1.0,230.0,230.0
2654,27135,Roseau County,"15,246",70122.0,7159.0,0.0,699353872.3750942,0.1608934189437198,12,14.31,2.879166666666667,2.0,0.6963333333333335,24.51644422838465,8.0,4.14032950916968,28.0,276.42,0.0,0.0,0.0,0.0,0.019,4.029142173324123,19.0,230.0,85.94736842105263
2655,28089,Madison County,"116,298",79105.0,46174.0,0.0,416916299.5500677,0.2169319154479952,45,111.3,94.86133333333332,3.806666666666667,6.341955555555557,2.726741931057429,3.0,2.5760778210129778,22.0,315.22,0.0,0.0,0.0,0.0,0.12,4.937755023841864,14.0,500.0,216.42857142857144
2656,48227,Howard County,"30,504",67243.0,13974.0,0.0,151236898.89839298,0.0645792383258473,9,7.5,30.69333333333333,12.577777777777778,0.305,10.112357578474665,0.0,5.356292466871951,8.0,55.25,0.0,0.0,0.0,0.0,0.036,2.616024423348997,27.0,345.0,158.44444444444446
2657,54099,Wayne County,"37,309",52694.0,18280.0,0.0,69409436.08489002,0.0523305723202536,2,6.119999999999999,74.05,23.65,2.991,3.344277371341388,0.0,3.3992916589909994,20.0,290.95,0.0,0.0,0.0,0.0,0.11,8.733912424957376,18.0,765.0,157.5
2658,12049,Hardee County,"25,932",44665.0,9837.0,0.0,422943689.3681091,0.255899962229608,17,18.52,1.7164705882352942,1.876470588235294,0.2840588235294117,10.745341206993096,0.0,0.1008061643078436,16.0,282.1,0.0,0.0,0.0,0.0,0.031,11.891109791597303,12.0,230.0,176.33333333333334
2659,39025,Clermont County,"216,977",79573.0,86713.0,0.0,56627576.29967229,0.047506342650218,2,8.27,182.475,24.75,6.3195,1.4189983849033625,0.0,0.6506777065185856,19.0,285.75,0.0,0.0,0.0,0.0,0.11,8.630343854995258,24.0,345.0,166.75
2660,48501,Yoakum County,"7,438",80317.0,3009.0,0.0,0.0,0.0,0,0.0,0.0,0.0,0.0,59.74642873771407,0.0,66.99249826369027,0.0,0.0,0.0,0.0,0.0,0.0,0.036,0.6222651236031201,41.0,230.0,114.55121951219512
2661,41071,Yamhill County,"110,024",80125.0,40239.0,0.0,171087517.2410224,0.0919502757834535,4,2.17,7.172499999999999,7.75,10.5025,9.15278753014238,39.0,5.15911184850246,18.0,425.15,0.0,0.0,0.0,0.0,0.59,21.56503676885702,1.0,115.0,115.0
2662,19115,Louisa County,"10,416",72500.0,4743.0,0.0,249532551.9899233,0.2307535602354181,10,8.16,3.5200000000000005,2.0,28.471300000000003,4.656236560017382,0.0,1.376248047080841,13.0,303.21,0.0,0.0,0.0,0.0,0.063,9.221722209365174,3.0,161.0,161.0
2663,20049,Elk County,"2,458",50000.0,1511.0,0.0,6213.820200737628,3.6883882260378166e-06,32,5.55,0.540625,3.025,0.14484375,1.5786473237008924,0.0,0.411109462240027,18.0,217.43,0.0,0.0,0.0,0.0,0.059,18.76991344643924,1.0,345.0,345.0
2664,39121,Noble County,"14,276",51547.0,5787.0,0.0,51523623.87303644,0.0491768894661153,2,14.5,56.43,6.45,1.9125,6.757537216894723,0.0,0.7709171192266556,15.0,176.74,0.0,0.0,0.0,0.0,0.069,0.5363981715384962,9.0,138.0,138.0
2665,39137,Putnam County,"34,380",79453.0,13846.0,0.0,105427502.24730352,0.0840509461414105,1,0.11,0.14,1.3,0.014,3.4264238612456683,0.0,2.9707610839130565,15.0,333.91,0.0,0.0,0.0,0.0,0.094,8.514166725800859,5.0,345.0,179.4
2666,48425,Somervell County,"10,261",87899.0,3933.0,0.0,54181911.77498862,0.1091319745686351,2,10.92,123.21,13.1,0.3445,6.726725306640044,0.0,0.6499737588753429,5.0,117.36,0.0,0.0,0.0,1.0,0.042,4.811309666706965,2.0,345.0,195.5
2667,42075,Lebanon County,"146,380",72532.0,59213.0,0.0,53560366.62196519,0.0570476302608569,2,0.47,1.06,4.699999999999999,0.1965,11.82943917615239,0.0,3.388584104032796,19.0,287.5,1.0,48378663.831311695,0.0515285518159827,0.0,0.09,1.957697876364528,12.0,500.0,185.41666666666663
2668,30035,Glacier County,"13,463",41078.0,5342.0,0.0,0.0,0.0,56,61.03,17.706964285714285,7.116071428571429,0.3800892857142857,4.878352707531154,84.0,3.700835586875769,98.0,861.15,0.0,0.0,0.0,0.0,0.18,200.4899476110034,0.0,0.0,0.0
2669,32027,Pershing County,"6,421",66304.0,2297.0,0.0,193187823.0975198,0.0122935033550658,8,73.66,10.92,1.725,2.771125,8.442697296552234,7.0,7.291999526829831,22.0,152.85,0.0,0.0,0.0,0.0,0.25,11.482675286393574,7.0,345.0,184.28571428571428
2670,27087,Mahnomen County,"5,153",52739.0,2569.0,0.0,44670204.27398413,0.0295884053311629,100,63.17,2.7734,3.08,0.10639,1.7289419200272795,106.0,0.7293238811610849,16.0,240.43,0.0,0.0,0.0,0.0,0.025,3.702246667610923,4.0,115.0,80.5
2671,34031,Passaic County,"531,624",84465.0,184830.0,3.0,63922386.798353285,0.1243433165894733,34,33.07,6.015,6.158823529411765,2.2586764705882354,0.6226166827572953,203.0,0.0639946029795865,27.0,188.22,0.0,0.0,0.0,0.0,0.16,12.21409560488573,9.0,500.0,260.0
2672,30047,Lake County,"33,392",58009.0,16436.0,0.0,449934717.8441053,0.1050308182595407,26,519.35,109.40653846153847,9.834615384615384,13.747269230769232,3.690500538647132,102.0,8.105950940415433,46.0,426.36,0.0,0.0,0.0,0.0,0.54,72.03028869173127,0.0,0.0,0.0
2673,48261,Kenedy County,319,45455.0,93.0,0.0,851570.4482498491,0.0001689760463252,48,30.78,0.9083333333333332,1.4791666666666667,0.1412708333333333,10.199355926981386,0.0,17.89050500231347,2.0,366.62,0.0,0.0,0.0,0.0,0.025,9.307220791510318,2.0,138.0,138.0
2674,48033,Borden County,567,80625.0,341.0,0.0,976.9961284208324,4.1633409686378827e-07,2,39.7,222.565,6.75,0.0195,3.080757037623407,0.0,24.89838009014264,2.0,9.75,0.0,0.0,0.0,0.0,0.035,16.494435430155196,10.0,345.0,174.8
2675,29157,Perry County,"19,093",61486.0,8491.0,0.0,231811193.83266225,0.1848619719834802,5,2.62,1.458,3.62,0.0954,7.289171654803423,0.0,0.7303215087085883,23.0,249.18,0.0,0.0,0.0,0.0,0.5,8.688400501439183,3.0,345.0,207.0
2676,48411,San Saba County,"5,787",54087.0,2855.0,0.0,465919.8573900095,0.0001580060229334,3,80.86,404.1466666666667,6.966666666666666,11.455,10.029499827662514,0.0,1.354096747317934,18.0,480.13,0.0,0.0,0.0,0.0,0.028,44.84247023953452,0.0,0.0,0.0
2677,40073,Kingfisher County,"15,795",65167.0,6402.0,0.0,344034870.9503691,0.1466087944756751,3,0.52,0.3466666666666667,1.9666666666666663,8.94,2.3253162611941818,7.0,2.0297728427682245,16.0,510.04,0.0,0.0,0.0,0.0,0.14,0.9065801811092316,25.0,345.0,99.36
2678,48051,Burleson County,"20,549",71745.0,9375.0,0.0,493837909.8748731,0.2817006701049733,6,44.83,212.07666666666668,7.083333333333333,5.065166666666666,13.878135541326811,3.0,3.5968669479981368,15.0,448.73,0.0,0.0,0.0,0.0,0.037,16.362439702001904,2.0,138.0,138.0
2679,36035,Fulton County,"52,216",60557.0,28164.0,0.0,9014.14200590846,6.531272288826151e-06,37,118.34,30.775945945945946,7.037837837837837,2.8293513513513515,0.0217475873388033,71.0,0.5520582568278531,53.0,293.61,0.0,0.0,0.0,0.0,0.13,10.67445079095032,22.0,115.0,108.72727272727272
2680,28133,Sunflower County,"22,893",37403.0,9426.0,0.0,487453397.5844047,0.2662320444373408,107,150.14,1.493177570093458,1.1878504672897197,7.098392523364487,2.086809205798596,10.0,1.1527971027660238,22.0,377.89,0.0,0.0,0.0,0.0,0.2,7.619019046078167,7.0,115.0,115.0
2681,48247,Jim Hogg County,"4,555",42292.0,2094.0,0.0,59393.93638522289,2.018301840328939e-05,1,0.34,0.73,2.2,0.103,28.253455771017705,0.0,35.65443677667061,0.0,0.0,0.0,0.0,0.0,0.0,0.024,39.824214959285534,0.0,0.0,0.0
2682,08017,Cheyenne County,"1,713",65577.0,969.0,0.0,0.0,0.0,4,1.07,0.5975,2.25,0.002,8.361474332989564,1.0,12.615126500849708,1.0,11.92,0.0,0.0,0.0,0.0,0.052,67.44761561419193,0.0,0.0,0.0
2683,41005,Clackamas County,"426,280",95740.0,170723.0,1.0,93728796.80545808,0.0192186022330143,11,12.07,16.14818181818182,11.145454545454545,14.807363636363636,4.337612801296853,380.0,0.554800434008482,42.0,839.9,1.0,326579.27192692907,6.69633809312441e-05,0.0,0.33,25.85462368508006,2.0,500.0,500.0
2684,05113,Polk County,"19,486",48449.0,9652.0,0.0,10168.72402464972,4.556447489317696e-06,5,7.140000000000001,57.468,15.079999999999998,2.3676000000000004,9.073209283899171,0.0,0.3846336112599508,43.0,405.75,0.0,0.0,0.0,0.0,0.11,7.449346674240497,12.0,138.0,74.75
2685,13193,Macon County,"11,756",33960.0,5169.0,0.0,141129754.806952,0.1342109232722692,5,1.6,0.8539999999999999,2.8600000000000003,1.6674,2.523815305403437,119.0,0.3703422638306704,8.0,335.89,0.0,0.0,0.0,0.0,0.083,0.5057503029219952,11.0,115.0,115.0
2686,18007,Benton County,"8,883",58620.0,3795.0,0.0,16948224.12880936,0.0160975525659615,0,0.0,0.0,0.0,0.0,22.28958213292203,0.0,5.553166755152681,16.0,149.08,0.0,0.0,0.0,0.0,0.092,4.208809382819512,6.0,345.0,345.0
2687,47129,Morgan County,"22,160",51971.0,8546.0,0.0,23931168.14883634,0.0176840508097533,0,0.0,0.0,0.0,0.0,21.534443880132628,1.0,0.2103074113776855,25.0,428.45,0.0,0.0,0.0,0.0,0.23,4.618790857082394,12.0,69.0,69.0
2688,46043,Douglas County,"2,888",75048.0,1347.0,0.0,1062.6643878587493,9.461111736549056e-07,3,0.64,0.5733333333333334,2.533333333333333,0.1876666666666666,2.584247624956219,1.0,8.60952467619419,2.0,60.34,0.0,0.0,0.0,0.0,0.089,0.1642711545519617,10.0,345.0,101.2
2689,24047,Worcester County,"54,459",76689.0,56399.0,0.0,357251882.45917207,0.1985076943629245,8,3.0,0.9375,2.325,1.055875,9.854470979327418,0.0,5.475444190789018,13.0,132.74,0.0,0.0,0.0,0.0,0.051,8.401265307549865,17.0,138.0,85.23529411764706
2690,17185,Wabash County,"10,907",54074.0,5411.0,0.0,155607622.8505141,0.2640202650587501,1,0.37,0.94,2.6,0.037,8.803719262817825,0.0,2.119795949161565,12.0,130.32,0.0,0.0,0.0,0.0,0.46,7.986174342090167,3.0,345.0,207.0
2691,18069,Huntington County,"37,224",59894.0,16241.0,0.0,91890448.27570271,0.0915099060491374,3,10.0,171.48666666666668,43.06666666666667,13.199666666666666,2.4511119014241265,0.0,1.950331873531011,16.0,408.78,0.0,0.0,0.0,0.0,0.08,4.695810464444087,9.0,138.0,138.0
2692,21209,Scott County,"62,262",80782.0,22930.0,0.0,40763923.12396161,0.0551443851355545,3,0.5800000000000001,0.71,3.6666666666666665,0.0463333333333333,3.110732961681068,0.0,2.3388338919775755,11.0,269.52,0.0,0.0,0.0,0.0,0.12,0.3378377887077279,20.0,138.0,82.8
2693,19053,Decatur County,"7,655",56068.0,3662.0,0.0,137424226.4836646,0.0994596672436317,5,3.88,8.888,5.74,0.1814,1.3172291530242446,0.0,5.122617268087534,16.0,170.31,0.0,0.0,0.0,0.0,0.049,33.388251821959265,0.0,0.0,0.0
2694,18169,Wabash County,"30,713",66194.0,14053.0,0.0,93781246.114129,0.0860124150841823,5,18.75,156.118,18.42,8.2468,10.669929224024802,0.0,3.460612388818403,11.0,434.98,0.0,0.0,0.0,0.0,0.079,7.148216957677179,2.0,138.0,138.0
2695,18003,Allen County,"402,329",66222.0,162764.0,0.0,178132448.23366404,0.1042107233917354,8,3.42,0.7925,2.25,18.7025,2.197535647607848,0.0,1.358202582500173,33.0,293.51,0.0,0.0,0.0,0.0,0.083,0.4369709256028521,66.0,345.0,147.4090909090909
2696,18099,Marshall County,"46,599",66016.0,19828.0,0.0,75451638.98639499,0.0647748888495694,13,12.79,4.966153846153846,3.223076923076923,1.0890769230769233,6.544079650785579,0.0,3.5627070174396755,11.0,146.16,0.0,0.0,0.0,0.0,0.072,3.775008031958696,4.0,345.0,189.75
2697,31171,Thomas County,639,70069.0,370.0,0.0,0.0,0.0,0,0.0,0.0,0.0,0.0,29.26291371792552,0.0,6.773139976042252,3.0,368.63,0.0,0.0,0.0,0.0,0.056,23.829980919334343,0.0,0.0,0.0
2698,42077,Lehigh County,"384,383",74973.0,149876.0,2.0,49444837.77542442,0.0548250661453314,0,0.0,0.0,0.0,0.0,13.032888817098756,0.0,1.1081492172157816,14.0,222.15,0.0,0.0,0.0,0.0,0.098,1.5363877871922578,131.0,500.0,103.58015267175573
2699,31159,Seward County,"18,032",79677.0,7099.0,0.0,170968662.90663525,0.1146257333809504,5,0.95,0.5740000000000001,2.84,0.0566,8.827274353025418,0.0,4.048547777373281,15.0,359.18,0.0,0.0,0.0,0.0,0.045,5.342887451058802,3.0,115.0,115.0
2700,36015,Chemung County,"80,415",61358.0,39035.0,0.0,24368.77264287068,2.290591403249278e-05,3,0.72,0.89,3.233333333333333,0.707,5.399936953812913,0.0,3.339742272379825,17.0,192.46,0.0,0.0,0.0,0.0,0.063,3.400642979799445,16.0,230.0,129.375
2701,36121,Wyoming County,"39,741",65066.0,18137.0,0.0,13.528054051398058,8.760719072843197e-09,12,5.53,2.6533333333333333,3.725,0.0864166666666666,2.168394953255924,0.0,0.4626367866282911,21.0,523.11,0.0,0.0,0.0,0.0,0.11,0.8838950806129596,16.0,230.0,150.9375
2702,06099,Stanislaus County,"557,719",74872.0,183317.0,1.0,324514343.83487564,0.0827549261932384,22,35.15,9.810454545454546,3.3909090909090907,25.05122727272727,2.552877234721591,337.0,5.549788910370717,14.0,330.25,0.0,0.0,0.0,0.0,0.38,1.4928693745148185,115.0,500.0,93.20869565217392
2703,42095,Northampton County,"324,411",82201.0,127724.0,0.0,48722193.62569507,0.0498791910411291,4,1.18,1.295,4.325,0.072,8.487284603440518,0.0,1.8877391858789976,19.0,303.72,0.0,0.0,0.0,0.0,0.11,0.8750205230037658,100.0,500.0,101.14
2704,01103,Morgan County,"126,483",61588.0,53324.0,0.0,266760905.79299477,0.1719338807819352,12,170.45,114.05583333333333,3.4166666666666665,289.3014166666667,10.982677793338334,0.0,2.6686578144642024,23.0,232.88,0.0,0.0,0.0,0.0,0.18,5.348395645084978,43.0,500.0,176.7674418604651
2705,21027,Breckinridge County,"21,503",51756.0,10725.0,0.0,114902415.70612273,0.0757592095148545,6,16.73,69.32166666666667,7.083333333333333,2.9761666666666664,11.412840305791123,0.0,0.5072636139628125,35.0,314.95,0.0,0.0,0.0,0.0,0.18,2.3312609667824225,26.0,345.0,106.15384615384616
2706,31113,Logan County,669,69250.0,371.0,0.0,0.0,0.0,4,1.48,0.8400000000000001,2.3,0.494,6.883886004123025,0.0,6.027755194781018,2.0,172.0,0.0,0.0,0.0,0.0,0.049,15.500873779460346,6.0,115.0,76.66666666666667
2707,31121,Merrick County,"7,905",57873.0,3567.0,0.0,531429070.2861445,0.4130323614093097,3,0.64,0.32,1.5,35.199333333333335,9.426661700303365,3.0,6.717915595234058,10.0,194.57,0.0,0.0,0.0,0.0,0.052,10.935152014505322,6.0,345.0,230.0
2708,31161,Sheridan County,"4,809",53609.0,2724.0,0.0,26908.587295069658,4.2067107690389714e-06,131,50.49,1.118702290076336,2.8587786259541983,0.1650916030534351,8.096703289697054,353.0,2.5186741808115216,32.0,400.27,0.0,0.0,0.0,0.0,0.086,28.713725262855423,3.0,115.0,115.0
2709,21039,Carlisle County,"4,747",53065.0,2305.0,0.0,152552486.48826733,0.2960141790813717,1,0.7,2.02,2.9,19.82,12.52268840585252,7.0,3.8239661913065945,25.0,100.82,0.0,0.0,0.0,0.0,0.85,5.687670683689056,2.0,161.0,115.0
2710,56025,Natrona County,"80,526",69104.0,36936.0,0.0,17880949.593565755,0.0012842835030045,20,91.71,66.4165,4.05,11.1521,8.932916109541177,6.0,6.692651685113408,75.0,972.61,0.0,0.0,0.0,0.0,0.18,36.41498115785576,1.0,115.0,115.0
2711,13321,Worth County,"20,059",56496.0,9258.0,0.0,129483111.65666974,0.0869825944883859,4,27.52,44.9475,3.45,30.56725,4.305792943505708,9.0,2.9137850414727566,7.0,133.85,0.0,0.0,0.0,0.0,0.066,2.6390883828854808,10.0,500.0,165.0
2712,18109,Morgan County,"74,967",79134.0,29442.0,0.0,183346589.2165853,0.1729008163561504,12,3.04,1.1525,3.941666666666667,20.170666666666666,1.3921742920732096,0.0,0.7551784363613253,15.0,537.67,0.0,0.0,0.0,0.0,0.15,2.1823041742039355,18.0,138.0,99.66666666666669
2713,48139,Ellis County,"240,867",93248.0,69624.0,15.0,483190963.06270313,0.1959764397479739,10,38.55,121.65,9.85,0.7327,1.3215681306129128,2.0,0.8601230760963343,26.0,290.28,0.0,0.0,0.0,0.0,0.05,0.991439937975778,16.0,345.0,218.5
2714,13229,Pierce County,"20,764",54861.0,8389.0,0.0,185061788.05875856,0.2081775775432723,2,0.27,0.31,2.25,0.0925,7.744166275269278,3.0,2.2036314593468416,10.0,402.09,0.0,0.0,0.0,0.0,0.095,2.679388002965348,18.0,230.0,134.16666666666666
2715,60010,Eastern District,,,,0.0,23117573.510445982,0.0557252597580181,0,0.0,0.0,0.0,0.0,279.95474767817626,0.0,3770.298676323216,0.0,0.0,0.0,0.0,0.0,0.0,0.0,3710.194176213852,0.0,0.0,0.0
2716,18053,Grant County,"66,524",53033.0,29856.0,0.0,47006856.393180594,0.0437441458289524,1,0.12,0.4,3.3,0.361,8.483420831917822,0.0,0.7697129966475101,7.0,195.45,0.0,0.0,0.0,0.0,0.086,4.991741092078767,16.0,138.0,138.0
2717,12035,Flagler County,"140,360",69251.0,56326.0,0.0,506563418.3892633,0.3426342901103922,6,78.88,72.91000000000001,2.983333333333333,2.8785000000000003,6.65418200826954,0.0,2.7554209126160707,11.0,91.54,0.0,0.0,0.0,0.0,0.05,5.47161731031255,14.0,230.0,180.7142857142857
2718,28077,Lawrence County,"11,819",41096.0,5770.0,0.0,232916830.78380132,0.2064055889866008,5,2.65,1.612,2.96,0.3294,5.190813585946512,172.0,0.6939818359994728,8.0,234.05,0.0,0.0,0.0,0.0,0.078,3.585498705619968,10.0,115.0,110.4
2719,22127,Winn Parish,"14,961",44922.0,6400.0,0.0,511708821.42414993,0.2065051171448274,5,3.0,1.4600000000000002,2.18,203.38360000000003,5.228084989736384,13.0,0.6854647208181869,39.0,622.07,0.0,0.0,0.0,0.0,0.074,0.2306635231205306,9.0,230.0,140.55555555555554
2720,17073,Henry County,"48,095",66313.0,22213.0,0.0,180487819.5942741,0.084398307913851,3,0.56,0.5233333333333333,2.533333333333333,0.9713333333333334,19.85883881768796,0.0,0.8507325920468888,19.0,435.55,0.0,0.0,0.0,0.0,0.074,16.656837933377158,10.0,345.0,154.1
2721,55087,Outagamie County,"195,894",78705.0,79305.0,0.0,293475712.7468423,0.1757837434490976,3,1.27,1.2,2.566666666666667,11.352333333333332,14.848462854214636,0.0,5.4001314852815625,11.0,348.64,0.0,0.0,0.0,0.0,0.028,8.002181170039012,19.0,345.0,170.68421052631578
2722,29107,Lafayette County,"33,531",78397.0,14151.0,0.0,222434009.42721832,0.1344571902426389,12,5.5,1.2483333333333333,2.966666666666667,0.42,6.989183136268097,8.0,1.1567682805344095,22.0,453.59,0.0,0.0,0.0,0.0,0.077,4.299671819851909,20.0,161.0,156.4
2723,37195,Wilson County,"81,150",49827.0,36429.0,0.0,132783809.7049184,0.1374082235300148,4,9.829999999999998,14.04,3.35,4.61075,3.070223095733581,177.0,2.835721918739996,15.0,222.13,0.0,0.0,0.0,0.0,0.067,0.6090788669312185,49.0,230.0,124.3877551020408
2724,39117,Morrow County,"36,305",70412.0,14507.0,0.0,34849586.54101688,0.0330421660572851,4,4.66,8.885000000000002,4.3,0.3305,1.687698900430774,0.0,0.7751549555124535,11.0,230.79,0.0,0.0,0.0,0.0,0.074,8.886747715575016,4.0,138.0,138.0
2725,30039,Granite County,"3,658",53917.0,2615.0,1.0,61245836.17614306,0.0136469544639662,14,14.33,7.354999999999999,7.15,0.1815714285714285,18.8716627326344,13.0,1.5123978276790808,43.0,664.08,0.0,0.0,0.0,0.0,0.18,36.43104522076069,1.0,69.0,69.0
2726,38031,Foster County,"3,212",78426.0,1773.0,0.0,43788846.56145962,0.0261369354305018,38,40.15,2.1107894736842105,1.9,0.0622894736842105,3.3560254562305905,119.0,3.97832093880238,5.0,138.15,0.0,0.0,0.0,0.0,0.023,13.02083459071244,3.0,115.0,66.06666666666666
2727,05033,Crawford County,"62,657",56702.0,25453.0,0.0,209883715.5943841,0.1337983766767723,11,9.04,6.784545454545454,5.390909090909091,2.6524545454545456,9.135958319149312,0.0,0.9658351339517852,36.0,288.3,1.0,2903625.353315415,0.0018510266870914,0.0,0.12,10.299719082377404,36.0,161.0,140.55555555555554
2728,48053,Burnet County,"57,015",71482.0,23802.0,0.0,213652050.4987458,0.0807336371259447,5,155.36,1111.1799999999998,29.4,56.7842,16.109468556604316,3.0,1.1701848398600374,37.0,485.9,0.0,0.0,0.0,0.0,0.029,9.24988790392874,24.0,138.0,135.125
2729,29186,Ste. Genevieve County,"18,689",61215.0,8319.0,0.0,123254640.67950584,0.0939054202863396,13,4.25,2.531538461538461,5.415384615384616,0.1549230769230769,3.80667142328885,0.0,3.1631328528214784,23.0,282.79,0.0,0.0,0.0,0.0,0.43,4.498249839595201,4.0,345.0,241.5
2730,48179,Gray County,"20,919",54563.0,10005.0,0.0,43937040.99272193,0.0182541439203053,2,0.92,1.46,3.1,0.0095,21.171300674831038,1.0,2.1384789461677003,19.0,73.25,0.0,0.0,0.0,0.0,0.11,1.8371625529359528,16.0,345.0,159.5625
2731,17109,McDonough County,"25,916",48904.0,13655.0,0.0,18397.998003028584,1.2037800273040115e-05,3,1.4,2.1133333333333333,4.033333333333334,1.7606666666666666,6.316271336765773,0.0,2.231595009630988,10.0,234.03,0.0,0.0,0.0,0.0,0.09,0.7701588961731395,1.0,138.0,138.0
2732,19137,Montgomery County,"10,002",61261.0,5030.0,0.0,92023929.19366802,0.0835960851512939,1,0.52,2.16,4.2,0.086,11.166758313026529,0.0,0.8472250848211438,9.0,401.13,0.0,0.0,0.0,0.0,0.043,8.201181012664431,4.0,69.0,69.0
2733,05067,Jackson County,"16,741",41929.0,7118.0,0.0,755997559.6912396,0.4550558802157415,9,4.48,0.6422222222222222,1.3333333333333333,5.425333333333333,2.670001394493549,47.0,0.9769064643759486,39.0,840.75,0.0,0.0,0.0,0.0,0.51,5.0388733079848524,10.0,161.0,161.0
2734,48229,Hudspeth County,"3,433",35163.0,1143.0,0.0,2765.852309143811,2.3360830350027002e-07,1,1.0,49.6,49.5,41.947,45.73978080225855,0.0,44.73317632408901,2.0,649.26,1.0,23971.359938260408,2.024659346147388e-06,0.0,0.14,43.62393060151471,5.0,115.0,115.0
2735,28101,Newton County,"20,960",49160.0,9113.0,0.0,196330296.99010852,0.1308046209702354,8,2.24,1.18375,3.2,0.144,3.202343204717947,0.0,4.065490530491663,21.0,196.74,0.0,0.0,0.0,0.0,0.11,4.610113329192532,10.0,161.0,156.4
2736,37163,Sampson County,"61,504",49963.0,25685.0,0.0,262918790.43312964,0.1071008817257962,4,0.52,0.3075,2.375,0.1635,3.4611191579365594,411.0,0.4649376181872375,12.0,332.8,0.0,0.0,0.0,0.0,0.093,1.5766518278920214,21.0,230.0,136.9047619047619
2737,47127,Moore County,"6,920",69250.0,2981.0,0.0,13064397.399790144,0.038677430976634,1,31.05,484.61,15.6,27.094,4.722678836796559,0.0,0.9921237643107996,5.0,163.95,0.0,0.0,0.0,0.0,0.18,4.868960277280149,2.0,161.0,161.0
2738,12103,Pinellas County,"948,563",66406.0,516276.0,0.0,424470038.2321909,0.1890675197307275,16,15.84,4.13875,2.50625,0.365625,0.4705960753785612,0.0,3.5629874171666454,4.0,167.52,0.0,0.0,0.0,0.0,0.029,2.2240164980365384,55.0,230.0,164.34545454545454
2739,72019,Barranquitas Municipio,,21262.0,11074.0,0.0,261609.43281769933,0.0029463225033893,0,0.0,0.0,0.0,0.0,15.42788111883574,0.0,4.040934489460444,3.0,77.64,0.0,0.0,0.0,0.0,0.44,79.26852096927695,0.0,0.0,0.0
2740,17065,Hamilton County,"7,859",60574.0,3821.0,0.0,26120.193131808053,2.3137664253098583e-05,4,0.9,0.61,2.675,0.0325,1.0941507312723275,0.0,2.302530192934209,20.0,177.67000000000002,0.0,0.0,0.0,0.0,0.44,2.6850628436432507,18.0,345.0,95.83333333333331
2741,05105,Perry County,"10,309",53980.0,4946.0,0.0,1128381.01456451,0.0007769174664154,7,16.16,63.06999999999999,9.9,3.880142857142857,12.563689029042704,1.0,0.304692264779079,20.0,267.85,0.0,0.0,0.0,0.0,0.21,5.194964795044707,3.0,500.0,258.6666666666667
2742,20023,Cheyenne County,"2,604",52730.0,1453.0,0.0,8009.933129701395,3.0292003957525485e-06,1,0.39,0.68,1.7,0.003,13.018690371279774,11.0,4.90005704647482,10.0,57.97,0.0,0.0,0.0,0.0,0.039,6.674163543619137,8.0,115.0,84.8125
2743,08029,Delta County,"32,178",56349.0,14841.0,0.0,45429253.30529938,0.0152709626951647,22,7.72,2.233181818181818,5.440909090909091,3.8246818181818174,6.292304200574316,61.0,0.591690704430813,45.0,577.64,0.0,0.0,0.0,0.0,0.14,10.22518418100664,1.0,34.5,34.5
2744,19185,Wayne County,"6,738",58257.0,3032.0,0.0,82493582.1328559,0.0604246751765024,7,51.830000000000005,97.79571428571428,4.414285714285714,2.898142857142857,1.2703792735736483,0.0,7.26047621101133,10.0,71.19,0.0,0.0,0.0,0.0,0.052,26.721548391957118,0.0,0.0,0.0
2745,48165,Gaines County,"23,956",73299.0,7583.0,0.0,0.0,0.0,4,13.23,6.8375,2.25,0.0584999999999999,22.06490566979461,0.0,53.237703883148434,0.0,0.0,0.0,0.0,0.0,0.0,0.039,4.371595157093211,34.0,230.0,92.67647058823528
2746,01093,Marion County,"29,097",49743.0,14143.0,0.0,130134642.9134071,0.0675728989012234,2,4.300000000000001,22.87,7.6,2.851,12.534215814494395,1.0,0.2763265775445848,21.0,343.04,0.0,0.0,0.0,0.0,0.2,4.5312643677030735,13.0,500.0,187.07692307692307
2747,37189,Watauga County,"54,786",50034.0,32783.0,0.0,19990132.558527824,0.0246339648422327,1,0.17,0.71,4.2,0.191,10.809370062479855,59.0,4.170746225537399,19.0,242.56,0.0,0.0,0.0,0.0,0.17,21.36852359575535,0.0,0.0,0.0
2748,51770,Roanoke city,"99,111",51523.0,48726.0,0.0,9027247.409607202,0.0813370789147272,0,0.0,0.0,0.0,0.0,9.862455262068035,0.0,1.3576853432217069,5.0,71.21000000000001,0.0,0.0,0.0,0.0,0.12,3.1148458945953474,4.0,138.0,138.0
2749,48317,Martin County,"5,284",70217.0,2173.0,0.0,645.7307220526682,2.722698997297089e-07,5,2.35,1.008,2.22,0.0275999999999999,14.585354201029237,0.0,27.52156936361995,0.0,0.0,0.0,0.0,0.0,0.0,0.039,3.8020485778349458,11.0,345.0,125.45454545454544
2750,48037,Bowie County,"92,696",56628.0,39659.0,0.0,841771506.6990561,0.3521514559512342,22,93.31,322.44090909090914,6.127272727272726,27.402272727272727,9.880969277552316,13.0,2.2445651570943874,48.0,423.41,1.0,60376808.2567628,0.0252583756566957,0.0,0.083,3.6728322338218384,33.0,345.0,97.57575757575758
2751,49057,Weber County,"278,174",82291.0,96614.0,0.0,167681675.56925035,0.0981085697204992,3,6488.75,7645.873333333333,8.700000000000001,73.654,6.189507159788057,282.0,3.026259741981693,23.0,123.84,1.0,1640196.0045375258,0.0009596593278315,0.0,0.52,5.354479932490204,14.0,138.0,73.92857142857143
2752,29127,Marion County,"28,525",62492.0,12874.0,0.0,192879894.4823425,0.1676142188904811,4,0.6100000000000001,0.46,3.0,9.26325,16.33563298944729,38.0,1.382719284220644,23.0,302.16,0.0,0.0,0.0,0.0,0.099,5.893369113420938,27.0,345.0,116.70370370370372
2753,36045,Jefferson County,"111,540",62782.0,61573.0,0.0,5327796.198064971,0.0011080055159561,44,19375.86,37276.075454545455,5.831818181818182,190.141,0.2672436376997899,170.0,0.3776933789756162,48.0,682.71,1.0,362447718.0202659,0.0753771457996165,0.0,0.1,7.257357657304323,31.0,115.0,115.0
2754,18097,Marion County,"992,196",59504.0,436859.0,0.0,133922142.72995636,0.1283040007731119,22,15.83,10.14590909090909,4.222727272727273,19.99022727272727,6.140607105032435,0.0,2.706218601111533,18.0,519.5799999999999,1.0,189429.33629073808,0.0001814826227721,0.0,0.12,1.0515859731212638,121.0,345.0,148.45454545454547
2755,05017,Chicot County,"9,107",36593.0,5131.0,0.0,606516024.3394347,0.338802132165739,70,100.27,3.6542857142857135,1.917142857142857,3.4129285714285715,3.4404141451716925,3.0,0.6294300167764263,37.0,295.19,0.0,0.0,0.0,0.0,0.15,1.3523102995444385,8.0,115.0,115.0
2756,13021,Bibb County,"157,556",48897.0,71828.0,0.0,134112490.41415437,0.20313816744388,5,7.709999999999999,11.746,4.04,2.1088,6.739163657995932,63.0,0.9441662679895776,11.0,346.18,2.0,147409.9140441684,0.0002232795745535,0.0,0.12,1.7714969572765271,39.0,500.0,127.82051282051282
2757,72059,Guayanilla Municipio,,21312.0,8303.0,0.0,25214108.493878264,0.151587704456547,0,0.0,0.0,0.0,0.0,4.823932670604188,0.0,1.5562533072471665,2.0,17.86,0.0,0.0,0.0,0.0,0.55,25.629374130404965,0.0,0.0,0.0
2758,72131,San Sebastián Municipio,,17557.0,18369.0,0.0,5331292.577886719,0.0289011195173866,1,2.64,57.5,21.8,1.853,6.582046857010847,0.0,0.2204564952967427,7.0,76.56,0.0,0.0,0.0,0.0,0.5,11.783086263967537,0.0,0.0,0.0
2759,05115,Pope County,"64,976",51678.0,26940.0,0.0,263511525.1380075,0.1224991999099784,7,101.04,92.43,6.1571428571428575,167.08342857142856,15.393925891503011,28.0,1.8612166891374904,27.0,298.07,0.0,0.0,0.0,1.0,0.21,15.554693131740134,11.0,500.0,191.8181818181818
2760,51175,Southampton County,"18,110",67813.0,7737.0,0.0,249946058.67217064,0.1602075951528439,2,0.29,0.285,1.95,0.1505,13.511924383435936,921.0,1.7764504055151122,21.0,449.04,0.0,0.0,0.0,0.0,0.066,9.3105686493314,10.0,500.0,234.0
2761,48183,Gregg County,"126,095",63811.0,53265.0,0.0,164816419.2573498,0.230751745961185,4,11.05,31.88,5.1,1.26,6.20478720333203,134.0,0.4494233543438446,9.0,296.8,0.0,0.0,0.0,0.0,0.066,3.800481628516151,20.0,138.0,94.3
2762,36087,Rockland County,"357,397",106173.0,108165.0,4.0,83059818.08769621,0.1607316988253398,16,13.21,5.804375,5.5875,0.7033125,4.962383822634018,263.0,1.6841984124830434,18.0,104.08,0.0,0.0,0.0,0.0,0.18,4.397141417852943,7.0,345.0,345.0
2763,05089,Marion County,"17,593",42891.0,9515.0,0.0,16579.560927694904,9.998926245435324e-06,1,153.16,6670.7,43.6,226.176,7.905821196690511,0.0,3.665606346920047,22.0,556.66,0.0,0.0,0.0,0.0,0.22,4.018290838252844,6.0,161.0,161.0
2764,51800,Suffolk city,"104,699",87758.0,38847.0,0.0,275448499.0347461,0.2479586366754944,9,22.15,5.947777777777778,2.266666666666667,1.4424444444444444,0.9094927279984822,157.0,5.756563536637912,17.0,160.18,0.0,0.0,0.0,0.0,0.056,3.491655990978278,11.0,500.0,254.54545454545453
2765,08041,El Paso County,"757,040",82748.0,289809.0,4.0,272085939.9834478,0.0493404703993037,8,4.02,7.195,6.275,0.0287499999999999,16.7185336173656,39.0,20.78983172735453,6.0,94.68,7.0,449145763.5870955,0.0814487630437277,0.0,0.082,35.65901043069809,8.0,34.5,34.5
2766,29187,St. Francois County,"67,809",53083.0,28780.0,0.0,87865533.79815376,0.0746141926082736,14,5.63,2.5778571428571437,4.828571428571428,0.0953571428571428,9.158149168991306,0.0,4.348577196561604,15.0,296.92,0.0,0.0,0.0,0.0,0.4,1.4989909696849637,15.0,138.0,138.0
2767,48475,Ward County,"11,125",70771.0,5124.0,1.0,0.0,0.0,1,0.96,2.82,2.9,0.089,26.863871963213924,0.0,14.483336514401389,2.0,397.26,0.0,0.0,0.0,0.0,0.085,8.657407533328376,12.0,138.0,115.0
2768,08061,Kiowa County,"1,412",45250.0,687.0,0.0,0.0,0.0,12,58.94,22.331666666666667,4.441666666666667,0.0115,8.450680955758513,0.0,19.60287864660841,3.0,44.29,0.0,0.0,0.0,0.0,0.057,87.09186223056413,0.0,0.0,0.0
2769,48487,Wilbarger County,"12,481",50769.0,5861.0,0.0,397091.35655100166,0.0001567708692415,3,5.85,26.256666666666664,17.5,0.3153333333333333,4.488850952729904,3.0,4.813031001782798,15.0,317.19,0.0,0.0,0.0,0.0,0.083,3.1508941777782624,18.0,345.0,145.66666666666666
2770,41015,Curry County,"22,621",64300.0,13055.0,0.0,166585454.04270172,0.0323334732774165,2,1.33,3.2750000000000004,4.65,0.8015000000000001,39.78296709224263,3.0,0.985821847239431,59.0,536.15,0.0,0.0,0.0,0.0,1.15,15.358984966829508,17.0,230.0,121.76470588235294
2771,08119,Teller County,"24,756",69655.0,13365.0,0.0,23561329.8729946,0.0162722148963885,4,1.64,5.95,10.575,0.0685,7.980553889265003,11.0,0.6841772152433823,14.0,282.67,0.0,0.0,0.0,0.0,0.14,14.889304899743824,0.0,0.0,0.0
2772,29049,Clinton County,"21,661",66494.0,8955.0,0.0,73083324.49338746,0.0666323334038926,6,25.74,51.35666666666668,4.883333333333334,1.074,5.019719644950874,0.0,0.6426095019736506,7.0,148.0,0.0,0.0,0.0,0.0,0.061,6.6354070386462585,20.0,161.0,87.4
2773,53045,Mason County,"71,165",74388.0,33461.0,0.0,249594110.1528877,0.0916887507938182,25,24.17,26.9852,6.468000000000001,1.40552,5.320489216772003,808.0,3.641246085333524,36.0,352.17,0.0,0.0,0.0,0.0,0.83,47.90085100903559,0.0,0.0,0.0
2774,37127,Nash County,"99,365",56770.0,43320.0,0.0,123404660.10752438,0.087775158570686,6,13.15,10.735,2.966666666666667,9.780333333333331,9.318518784262269,151.0,0.5896135816433146,13.0,394.08,0.0,0.0,0.0,0.0,0.066,4.346981082968655,15.0,230.0,161.0
2775,51199,York County,"71,374",105154.0,27905.0,0.0,66498587.02620037,0.1194275555985141,8,3.1900000000000004,1.3975,3.5,0.217375,9.663271839086098,0.0,7.06939626038654,9.0,125.67,3.0,47646546.87346111,0.0855703990156288,0.0,0.06,0.9710338509674352,22.0,230.0,172.5
2776,16047,Gooding County,"16,446",60938.0,6077.0,0.0,6.162971614020758,3.241271690407232e-09,9,7.91,4.463333333333334,4.222222222222222,154.2431111111111,8.107930869366626,4.0,1.2434292292191171,22.0,290.53000000000003,0.0,0.0,0.0,0.0,0.12,57.99833058288445,0.0,0.0,0.0
2777,47167,Tipton County,"62,287",70674.0,24045.0,0.0,365080114.7601524,0.3010398272116176,3,1.5,1.8566666666666665,3.1666666666666665,0.2023333333333333,4.811556163799646,31.0,1.1661471224441329,22.0,121.86,0.0,0.0,0.0,0.0,0.65,5.028204589178067,24.0,500.0,166.25
2778,22121,West Baton Rouge Parish,"28,756",80510.0,11536.0,0.0,293649298.155488,0.5563864976733683,1,0.13,0.22,1.7,0.024,7.67956849219645,19.0,3.94458331990429,16.0,362.96,0.0,0.0,0.0,0.0,0.057,4.231049936870408,23.0,230.0,184.0
2779,29171,Putnam County,"4,546",50950.0,2845.0,0.0,144042830.96206418,0.1070323956568636,3,4.0,8.783333333333333,4.766666666666667,0.1936666666666666,1.5065545424090452,10.0,4.623687896860037,21.0,270.41,0.0,0.0,0.0,0.0,0.06,1.7217159472482593,8.0,69.0,69.0
2780,56039,Teton County,"23,333",108279.0,13365.0,0.0,300683044.27701426,0.0275283982557075,54,531.6800000000001,318.282037037037,7.683333333333333,1.5242037037037035,3.561610595297507,341.0,2.1867453251700617,193.0,1547.87,0.0,0.0,0.0,0.0,0.53,92.351377648508,0.0,0.0,0.0
2781,55043,Grant County,"52,446",63497.0,22148.0,0.0,242907197.95108363,0.0792539058656074,4,0.8200000000000001,0.5725,2.7,0.03125,26.37675946190658,0.0,2.417009397996688,31.0,405.68,0.0,0.0,0.0,0.0,0.041,3.1996088661753657,54.0,161.0,78.79629629629629
2782,38059,Morton County,"34,601",79555.0,15184.0,0.0,116248622.46498124,0.0230745524707265,6,1094.45,4852.608333333334,6.733333333333333,161.181,3.723091587129427,29.0,3.289746381983876,32.0,742.71,0.0,0.0,0.0,0.0,0.026,6.667604271614223,24.0,230.0,128.41666666666666
2783,37041,Chowan County,"14,082",51188.0,7162.0,0.0,96955889.83147264,0.1602189589529771,2,0.3,0.3399999999999999,2.3,0.0235,5.624068650709956,198.0,7.004061320877385,2.0,9.26,0.0,0.0,0.0,0.0,0.051,5.12814337131511,2.0,230.0,230.0
2784,37021,Buncombe County,"277,417",66531.0,130081.0,0.0,57141044.8043204,0.0334306107285099,7,3.35,5.147142857142858,7.228571428571428,1.2877142857142856,3.471944702389904,6.0,3.9244958162858654,17.0,302.69,0.0,0.0,0.0,0.0,0.21,4.343110975533009,60.0,230.0,116.91666666666669
2785,06063,Plumas County,"18,583",67885.0,15436.0,0.0,342953301.9602054,0.0506668620892166,23,171.46,96.0321739130435,8.02608695652174,1.8261739130434784,13.908726962784211,362.0,4.98987458309953,89.0,730.5,0.0,0.0,0.0,0.0,0.62,9.414614718836976,35.0,230.0,80.27142857142857
2786,51730,Petersburg city,"33,734",46930.0,17941.0,0.0,4806600.490259951,0.0808873200794708,0,0.0,0.0,0.0,0.0,11.21326818716682,0.0,3.692877873341055,1.0,15.87,1.0,48052.542574436,0.0008086466515632,0.0,0.11,4.05667217134055,1.0,230.0,230.0
2787,13175,Laurens County,"51,041",46776.0,21943.0,0.0,239352473.10652715,0.1129112427660379,4,2.67,2.1375,3.125,35.406749999999995,7.1766845933192815,762.0,0.855836711343647,17.0,391.76,0.0,0.0,0.0,0.0,0.12,5.549791308732035,23.0,230.0,135.0
2788,36061,New York County,"1,664,862",99880.0,913058.0,4.0,21783993.39703516,0.2484082620704769,1,0.28,0.95,3.4,0.011,1.1169275963975984,12.0,6.691613541027465,0.0,0.0,0.0,0.0,0.0,0.0,0.18,1.868715290134898,9.0,345.0,322.0
2789,05007,Benton County,"332,554",85269.0,114425.0,0.0,204819944.04933232,0.0894218888508208,9,97.63,334.00777777777785,13.666666666666666,7.606333333333333,12.18665954672311,17.0,5.3459136355477,22.0,235.97,0.0,0.0,0.0,0.0,0.11,0.2126801535059777,70.0,345.0,130.77142857142857
2790,72071,Isabela Municipio,,19965.0,20390.0,0.0,8737830.340137795,0.0367301259646589,1,2.64,57.5,21.8,1.853,13.492276130662043,0.0,2.792260177125786,42.0,29.07,0.0,0.0,0.0,0.0,0.53,3.5355571794129665,1.0,230.0,230.0
2791,12083,Marion County,"442,660",55265.0,179079.0,0.0,859608122.3200722,0.1996167160958767,71,314.77,31.895915492957748,3.046478873239437,4.632042253521127,11.36503034399166,0.0,1.601082773588958,17.0,147.91,0.0,0.0,0.0,0.0,0.044,2.3074728441193573,70.0,230.0,96.6
2792,51135,Nottoway County,"15,796",62366.0,6658.0,0.0,48440702.01877882,0.0591776993258658,3,1.69,2.74,4.6000000000000005,2.814666666666666,6.039394176354874,3.0,2.2720103505002927,14.0,265.6,1.0,86887623.38461153,0.1061464726460881,0.0,0.13,3.502358674774287,6.0,115.0,115.0
2793,34041,Warren County,"112,953",92620.0,46493.0,0.0,61569942.492357016,0.0655514519755593,17,10.85,6.64764705882353,6.094117647058823,0.6074705882352941,0.7112229739759763,164.0,1.6426063774893924,15.0,252.13,0.0,0.0,0.0,0.0,0.12,6.090790430076711,10.0,230.0,230.0
2794,36021,Columbia County,"60,168",81741.0,33292.0,0.0,228571.06135603023,0.0001361480287084,14,6.42,2.537857142857143,4.835714285714286,37.806,2.045573610129973,51.0,2.438049979146302,24.0,300.72,0.0,0.0,0.0,0.0,0.098,2.7089623911545235,21.0,115.0,115.0
2795,51690,Martinsville city,"13,849",39127.0,7042.0,0.0,1087287.3784778088,0.0381367633922404,1,0.1,0.42,4.2,0.207,2.7952715056650894,0.0,2.558452656764436,1.0,41.25,0.0,0.0,0.0,0.0,0.1,4.862385840194726,0.0,0.0,0.0
2796,29165,Platte County,"114,400",92543.0,45378.0,5.0,199246973.14214,0.180439321782237,8,4.84,1.41875,2.8625,0.0465,9.39795948862448,13.0,0.1019738416127658,10.0,280.47,0.0,0.0,0.0,0.0,0.062,3.2664530439549715,24.0,345.0,138.0
2797,29021,Buchanan County,"83,540",58303.0,38368.0,0.0,517192.7254550924,0.0004809733979651,9,6.029999999999999,1.4144444444444444,2.111111111111111,178.15133333333335,9.427117532522606,7.0,2.9914125957866027,15.0,477.68,1.0,361608.46854379657,0.0003362848031078,0.0,0.058,8.558089034787468,13.0,345.0,161.0
2798,01083,Limestone County,"122,928",80146.0,42616.0,0.0,312811385.1715633,0.198912554245568,11,182.26,126.47363636363634,2.9909090909090907,466.6452727272727,11.923727000216497,13.0,2.554668489828777,35.0,211.55,0.0,0.0,0.0,1.0,0.19,6.850182579529655,18.0,500.0,236.33333333333331
2799,18065,Henry County,"49,137",57632.0,20978.0,0.0,67401174.08002824,0.0659109279829644,3,2.97,11.323333333333332,7.2,0.5133333333333333,3.576969422695049,0.0,0.9675126829447795,13.0,344.63,0.0,0.0,0.0,0.0,0.1,1.5231671637400328,15.0,138.0,92.0
2800,31143,Polk County,"5,270",67695.0,2537.0,0.0,198106936.29885015,0.1735866212022582,0,0.0,0.0,0.0,0.0,15.48221313583336,0.0,6.466174256242523,5.0,211.22,0.0,0.0,0.0,0.0,0.052,19.484317096858412,1.0,115.0,115.0
2801,39123,Ottawa County,"39,481",69515.0,28626.0,0.0,264296577.5339095,0.1744142616175882,22,25778.29,22682.32772727273,2.077272727272728,445.45222727272727,0.0,0.0,3.558221481952132,14.0,206.72,1.0,2339970.853199633,0.0015441905921582,1.0,0.072,12.222042557424,7.0,345.0,226.7142857142857
2802,27107,Norman County,"6,336",65278.0,3213.0,0.0,394817736.0828875,0.1738733339190425,2,0.46,0.31,1.3,0.0035,6.599522700676255,13.0,3.7886250263263728,20.0,636.01,0.0,0.0,0.0,0.0,0.025,5.0544372340268895,11.0,230.0,83.63636363636364
2803,27053,Hennepin County,"1,284,784",92595.0,556973.0,3.0,265275165.32970116,0.1688066706621943,97,107.45,5.832474226804123,3.71958762886598,8.771412371134021,0.9673851884353992,600.0,5.422131868343438,28.0,537.58,1.0,1124651.9857623216,0.0007156672850781,0.0,0.025,2.066999185321724,80.0,345.0,115.0
2804,42027,Centre County,"157,393",70087.0,65712.0,0.0,112464954.45017508,0.0390627600437476,3,7.65,78.36666666666666,15.033333333333331,5.620333333333334,12.644569530949909,0.0,0.965599707592064,38.0,570.52,0.0,0.0,0.0,0.0,0.051,4.147587518716083,8.0,230.0,215.625
2805,48025,Bee County,"32,515",50283.0,10591.0,0.0,300263266.8248914,0.1316911964555484,0,0.0,0.0,0.0,0.0,26.16844598772381,0.0,1.997895975066852,5.0,155.59,0.0,0.0,0.0,0.0,0.03,17.72202326418266,1.0,345.0,345.0
2806,47077,Henderson County,"28,518",51576.0,12901.0,0.0,117649284.63873117,0.0863775080236472,10,11.61,5.694999999999999,4.66,0.2737,2.298756946439533,1.0,2.2934061930538268,29.0,218.18,0.0,0.0,0.0,0.0,0.43,1.1635659249443304,12.0,161.0,161.0
2807,19171,Tama County,"16,796",65483.0,7589.0,0.0,255144237.88854775,0.1364276309425787,9,2.04,0.7255555555555556,3.055555555555556,4.742999999999999,3.305326715279306,0.0,6.986437258662981,14.0,253.95,0.0,0.0,0.0,0.0,0.041,5.05749556855805,3.0,161.0,130.33333333333334
2808,20175,Seward County,"21,073",57131.0,8268.0,0.0,63953808.44794957,0.0385576359784814,1,1.03,1.49,1.4,0.08,13.576289030928578,0.0,1.0527205425824655,1.0,45.69,0.0,0.0,0.0,0.0,0.054,5.814545338877268,15.0,138.0,111.93333333333334
2809,19135,Monroe County,"7,406",76324.0,3660.0,0.0,74648616.7602803,0.0663648309124038,3,0.95,1.13,3.4,70.96400000000001,4.270940011389896,0.0,0.1358256160575116,10.0,198.91,0.0,0.0,0.0,0.0,0.052,15.460324245889694,4.0,161.0,138.0
2810,31147,Richardson County,"7,530",50321.0,4099.0,0.0,298924115.3131731,0.2081153044846867,1,0.53,1.78,3.4,0.143,22.607976641625573,2.0,1.6188248362958106,19.0,223.62,0.0,0.0,0.0,0.0,0.051,4.540489897496345,9.0,345.0,125.22222222222224
2811,17021,Christian County,"33,443",56933.0,15210.0,0.0,115813379.32720108,0.0624741671185883,9,14.39,14.438888888888888,3.6,4.000333333333334,2.3339309209610537,0.0,0.6489911034116754,11.0,209.5,0.0,0.0,0.0,0.0,0.17,2.9166972312764794,12.0,345.0,224.25
2812,12089,Nassau County,"106,879",84085.0,42121.0,0.0,672654392.4704931,0.3577710160134228,2,0.43,0.35,1.95,0.1425,25.081811447447382,6667.0,10.341258129200902,17.0,171.4,0.0,0.0,0.0,0.0,0.075,3.0828312523804646,14.0,500.0,167.14285714285714
2813,12133,Washington County,"26,695",47536.0,10874.0,0.0,501690102.4321321,0.3144772857724649,35,20.27,2.548285714285714,3.951428571428572,0.57,5.735952790528971,5375.0,4.286589727919631,10.0,235.37,0.0,0.0,0.0,0.0,0.047,8.933467219080317,16.0,230.0,129.375
2814,13007,Baker County,"2,725",45417.0,1421.0,0.0,156394001.35884374,0.1729516826555481,3,1.42,1.4966666666666668,2.9,2.121,10.860948290284355,50.0,3.2606247373598336,6.0,228.19,0.0,0.0,0.0,0.0,0.057,17.792856449598148,0.0,0.0,0.0
2815,13275,Thomas County,"46,368",55958.0,20796.0,0.0,173019066.9522233,0.1209721906896569,9,1.37,0.4433333333333333,2.911111111111111,0.4847777777777777,6.163741502023918,51.0,4.586393345903792,11.0,193.7,0.0,0.0,0.0,0.0,0.055,4.087459219505801,8.0,230.0,120.75
2816,21005,Anderson County,"25,225",69885.0,10055.0,0.0,26526276.8847345,0.0501352254581055,2,11.12,180.985,19.0,6.6315,3.449354666913188,0.0,0.0086048719908471,5.0,343.45,0.0,0.0,0.0,0.0,0.12,4.00185935578818,13.0,69.0,69.0
2817,21185,Oldham County,"70,986",117334.0,23195.0,0.0,45013490.624557845,0.0885169583000981,3,0.46,0.4533333333333333,2.966666666666667,0.059,0.5975075307052515,0.0,2.8900660084833643,10.0,186.94,0.0,0.0,0.0,0.0,0.13,2.202188609143075,14.0,345.0,133.07142857142858
2818,13057,Cherokee County,"299,273",100824.0,101159.0,0.0,89553154.49674249,0.0796255383692256,5,38.43,171.81199999999998,11.16,13.6858,8.47526726417434,16.0,0.3363888081893627,16.0,283.88,0.0,0.0,0.0,0.0,0.16,0.512863107859872,31.0,500.0,145.96774193548387
2819,38065,Oliver County,"1,898",69722.0,908.0,0.0,32318957.42666292,0.0170684297186508,4,2.63,6.645,5.3500000000000005,0.297,7.774332975465021,5.0,1.0863705543994444,29.0,227.71,0.0,0.0,0.0,0.0,0.025,5.599467598854129,18.0,345.0,198.05555555555557
2820,26133,Osceola County,"23,516",54875.0,12619.0,0.0,11.065129814762344,7.45578652878017e-09,34,9.55,0.9973529411764704,3.2323529411764707,0.1344705882352941,2.4375991665464576,0.0,6.004677520397775,19.0,243.97,0.0,0.0,0.0,0.0,0.032,8.289288372893989,9.0,69.0,69.0
2821,47109,McNairy County,"26,236",46920.0,12274.0,0.0,135483752.27272198,0.0928130847288784,7,1.67,0.8485714285714286,3.071428571428572,0.2432857142857143,6.339504541272923,1.0,1.74523599964985,19.0,139.72,0.0,0.0,0.0,0.0,0.35,6.241597618339721,9.0,161.0,161.0
2822,53001,Adams County,"21,488",63105.0,6774.0,0.0,147832718.62052596,0.0295774046286137,17,11.93,3.5288235294117647,3.288235294117647,0.6974117647058824,26.95625740123683,9.0,23.774233703515804,11.0,306.57,0.0,0.0,0.0,0.0,0.17,42.176561630608695,0.0,0.0,0.0
2823,29057,Dade County,"7,804",46806.0,3792.0,0.0,122273295.67683785,0.0932534276544676,1,96.44,2064.8,21.4,36.836,5.552376151436239,0.0,4.710850412477482,21.0,177.67000000000002,0.0,0.0,0.0,0.0,0.11,8.842793246828215,6.0,345.0,191.66666666666663
2824,22101,St. Mary Parish,"46,552",47322.0,22516.0,0.0,1735007375.2022238,0.5982638213413033,33,170.52999999999997,17.226666666666667,1.681818181818182,9.72481818181818,5.592078658612311,658.0,1.442140774877063,28.0,465.55,0.0,0.0,0.0,0.0,0.051,7.796825109630978,15.0,230.0,162.53333333333333
2825,50007,Chittenden County,"169,115",89494.0,73209.0,0.0,286360071.97241974,0.1781394629749145,11,6.12,3.481818181818181,5.381818181818182,7.795545454545455,7.926444074950547,262.0,1.8486282143818968,21.0,230.72,4.0,48739415.260122485,0.0303199157632067,0.0,0.19,2.7533077613423163,22.0,115.0,96.70454545454544
2826,69085,Northern Islands Municipality,,,,0.0,0.0,0.0,0,0.0,0.0,0.0,0.0,312.8085368690683,0.0,5518.487794654718,0.0,0.0,0.0,0.0,0.0,0.0,0.0,5833.816331115603,0.0,0.0,0.0
2827,27079,Le Sueur County,"29,453",87180.0,12889.0,0.0,151443985.27189738,0.1233776244152762,48,66.36,7.474166666666666,3.875,4.874291666666666,5.10942409448937,35.0,3.143624668326145,27.0,277.53,0.0,0.0,0.0,0.0,0.026,8.682509046301371,26.0,345.0,90.23076923076924
2828,53017,Douglas County,"46,473",79422.0,17438.0,13.0,15835.020137162594,3.306969767919429e-06,15,111.26,62.01133333333333,5.306666666666668,0.3398,6.275574431083623,8.0,6.3886381911765255,42.0,450.26,0.0,0.0,0.0,0.0,0.21,19.53809418876819,3.0,500.0,500.0
2829,36009,Cattaraugus County,"75,390",56889.0,40254.0,0.0,1222982.589005863,0.0003570792622959,22,51.13999999999999,75.43772727272727,6.077272727272727,6.364227272727273,11.39287009836095,0.0,2.555383559224275,45.0,472.55,0.0,0.0,0.0,0.0,0.074,9.935690570936552,36.0,345.0,121.38888888888889
2830,55027,Dodge County,"89,097",71747.0,38150.0,0.0,452356678.0803768,0.1925429054850276,18,67.19000000000001,8.306666666666667,2.1500000000000004,4.901944444444444,4.738174979855288,0.0,4.826280851257928,22.0,386.59,0.0,0.0,0.0,0.0,0.039,0.5396646751472177,38.0,345.0,94.42105263157896
2831,19105,Jones County,"21,253",68781.0,8893.0,0.0,144654273.55098584,0.0967828415268755,1,0.37,0.92,2.5,0.075,14.886360318664542,0.0,0.2347993169270511,9.0,494.21,0.0,0.0,0.0,0.0,0.048,13.202334552041751,1.0,161.0,161.0
2832,20007,Barber County,"4,083",53774.0,2496.0,0.0,244533024.2832369,0.0830995233110979,3,0.72,0.7000000000000001,2.9333333333333336,0.061,11.73053397597382,0.0,7.32893544158487,18.0,298.37,0.0,0.0,0.0,0.0,0.063,10.313911780737582,10.0,345.0,163.3
2833,29169,Pulaski County,"54,442",62541.0,19325.0,0.0,120081444.69804926,0.0840713774121519,1,0.15,0.43,2.8,0.045,15.403979382982424,0.0,0.2976900223085725,6.0,490.99,1.0,249570318.37146592,0.1747290805789188,0.0,0.18,2.978030028569984,20.0,161.0,96.6
2834,47151,Scott County,"22,671",39744.0,9834.0,0.0,43096073.3755872,0.0312048202391521,3,0.46,0.4833333333333333,3.1666666666666665,0.091,6.103468521723731,0.0,2.4279450017984208,23.0,228.17,0.0,0.0,0.0,0.0,0.2,3.9780677750995617,7.0,161.0,134.71428571428572
2835,46031,Corson County,"3,781",48125.0,1369.0,0.0,47233218.64758635,0.0072092343387585,14,1097.37,2080.328571428571,4.45,76.86407142857142,22.263189125460368,1.0,1.0540016913005517,54.0,517.28,0.0,0.0,0.0,0.0,0.032,24.859263336753767,3.0,115.0,115.0
2836,46053,Gregory County,"4,037",48272.0,2211.0,0.0,14527135.674689297,0.005324008710602,5,1.46,0.9600000000000002,3.2,0.5721999999999999,12.88615167856676,1.0,3.2615721728029534,35.0,190.65,0.0,0.0,0.0,0.0,0.099,9.936442806111945,6.0,115.0,115.0
2837,37181,Vance County,"42,638",48340.0,19392.0,0.0,86675182.84833883,0.1245526053064695,3,181.44,1383.7333333333331,10.233333333333333,89.09466666666667,2.523493801196436,7.0,2.995640979025337,15.0,274.05,0.0,0.0,0.0,0.0,0.072,1.4179603440863315,11.0,230.0,146.36363636363637
2838,21033,Caldwell County,"12,609",52488.0,6092.0,0.0,93493288.38439076,0.1036853039458785,5,3.4,7.684,4.4,0.6176,7.12451217254506,0.0,3.457494679718322,17.0,238.87,0.0,0.0,0.0,0.0,0.42,2.05675301551648,18.0,161.0,115.0
2839,45011,Barnwell County,"20,653",42470.0,9914.0,0.0,111441594.53626038,0.0772128837731018,9,14.91,18.137777777777774,5.222222222222222,0.4036666666666666,5.9913136079225024,9.0,0.956857797762942,19.0,481.93,0.0,0.0,0.0,0.0,0.23,4.210019055761137,26.0,230.0,109.6923076923077
2840,47039,Decatur County,"11,820",48466.0,6584.0,0.0,130149494.26233543,0.1457045004438179,6,577.54,1261.7816666666663,4.866666666666666,363.8066666666666,1.0036751826826564,0.0,0.8397176524781722,22.0,151.64,0.0,0.0,0.0,0.0,0.36,6.669145988722828,2.0,161.0,161.0
2841,18009,Blackford County,"11,730",51108.0,5864.0,0.0,17396850.495474424,0.0405655099274328,0,0.0,0.0,0.0,0.0,15.41073224991551,0.0,2.793199115362334,5.0,127.4,0.0,0.0,0.0,0.0,0.088,4.16192490537653,1.0,345.0,345.0
2842,01055,Etowah County,"103,886",52177.0,47412.0,0.0,183929727.24272344,0.1294423073935241,9,29.9,18.067777777777778,3.588888888888889,132.45044444444443,5.170247339880433,31.0,0.8301929413087875,21.0,413.05,0.0,0.0,0.0,0.0,0.18,2.4568785117859666,26.0,230.0,128.26923076923077
2843,16025,Camas County,"1,316",63750.0,678.0,0.0,9945.874348793035,3.559978088393588e-06,6,20.6,45.903333333333336,6.033333333333334,3.6485,20.34391245437908,3.0,0.5037315905279236,31.0,303.89,0.0,0.0,0.0,0.0,0.22,69.32340966613683,0.0,0.0,0.0
2844,20155,Reno County,"61,539",57390.0,28309.0,0.0,644846072.2848821,0.1957193695499518,5,40.35,37.86,2.4799999999999995,11.3342,13.488626818884908,0.0,5.744749975068283,17.0,632.5,0.0,0.0,0.0,0.0,0.055,12.166842102080002,36.0,115.0,93.27777777777776
2845,40001,Adair County,"19,828",44955.0,8141.0,0.0,90667010.26804596,0.060638290966072,4,1.11,1.3325,4.575,0.2975,12.652096759989504,0.0,4.415461013617946,16.0,211.89,0.0,0.0,0.0,0.0,0.1,5.308936287239147,13.0,161.0,83.15384615384616
2846,39085,Lake County,"232,217",76835.0,105399.0,0.0,53261378.68353488,0.0209985035291358,2,25767.93,249500.25,11.5,4898.4555,0.0,0.0,16.881964864428628,8.0,142.86,0.0,0.0,0.0,1.0,0.081,18.24689279067563,51.0,345.0,150.1764705882353
2847,51775,Salem city,"25,816",68402.0,11096.0,0.0,6635321.341660859,0.1751987070233908,0,0.0,0.0,0.0,0.0,11.66330203266816,0.0,0.7907544296895724,2.0,53.46,0.0,0.0,0.0,0.0,0.13,5.527447140585576,0.0,0.0,0.0
2848,51121,Montgomery County,"98,434",65270.0,41660.0,0.0,41673292.51489557,0.0413338827023565,0,0.0,0.0,0.0,0.0,19.219426366824734,0.0,3.4282101657032182,18.0,388.39,1.0,9322174.049331138,0.0092462492266066,0.0,0.17,1.411155950286515,18.0,765.0,172.83333333333334
2849,47065,Hamilton County,"390,833",69069.0,163534.0,0.0,175266196.12248582,0.117550842552568,4,152.16,309.19,6.8,670.69325,0.0,58.0,2.607992553739236,37.0,270.71,0.0,0.0,0.0,1.0,0.32,4.599851025413592,36.0,500.0,179.83333333333334
2850,35035,Otero County,"70,368",50833.0,32244.0,0.0,340924986.993358,0.0198634857455033,6,2.34,1.0766666666666669,2.766666666666667,0.2285,41.82804171076321,0.0,12.217046563156089,12.0,133.23,3.0,6060970695.13195,0.353133415266545,0.0,0.14,36.43183598345004,11.0,345.0,131.72727272727272
2851,35003,Catron County,"3,827",44777.0,3205.0,0.0,49873.06080273989,2.7787907912169016e-06,4,1.5,2.0525,5.1,0.03,24.725027494354663,9.0,8.80288506731756,53.0,410.12,0.0,0.0,0.0,0.0,0.13,54.877592410209296,1.0,345.0,345.0
2852,01091,Marengo County,"18,311",42975.0,9834.0,0.0,616508229.6796701,0.2422327331139714,10,3.88,0.8870000000000001,2.36,32.8793,17.847197561004275,12.0,8.241372497957766,16.0,469.01,0.0,0.0,0.0,0.0,0.12,1.552270370322286,21.0,230.0,120.47619047619048
2853,56023,Lincoln County,"21,180",83033.0,9591.0,0.0,273727809.8832606,0.0258111497629859,11,98.66,161.39545454545453,7.509090909090909,16.081999999999997,17.848188577577368,127.0,5.99414583016773,95.0,1112.15,0.0,0.0,0.0,0.0,0.35,124.8440936296254,0.0,0.0,0.0
2854,29011,Barton County,"11,795",48105.0,5311.0,0.0,211055691.70425552,0.1365611415510637,5,0.98,0.38,1.7,0.8715999999999999,5.3225019523953625,0.0,4.738163791516467,11.0,187.06,0.0,0.0,0.0,0.0,0.089,24.81893331968784,1.0,161.0,161.0
2855,48057,Calhoun County,"19,599",62267.0,10696.0,0.0,1562464454.8479722,0.5841884433994644,59,68.78,1.814915254237288,1.2932203389830508,0.2505593220338983,2.678070729006073,104.0,2.8710056920496108,13.0,725.47,0.0,0.0,0.0,0.0,0.03,5.339306975598969,23.0,138.0,126.0
2856,51735,Poquoson city,"13,292",114503.0,4927.0,0.0,49390980.96314174,0.2430617615531943,1,0.3,0.3,1.0,0.054,4.40421708986819,0.0,7.20789341049619,2.0,86.82,0.0,0.0,0.0,0.0,0.056,12.057934313797883,0.0,0.0,0.0
2857,54075,Pocahontas County,"7,602",41680.0,6925.0,0.0,61826152.95731424,0.0253458462704519,2,0.29,0.885,6.25,0.1875,9.387236649227056,0.0,3.234585920924637,16.0,567.54,0.0,0.0,0.0,0.0,0.082,20.52350231072762,0.0,0.0,0.0
2858,48077,Clay County,"10,764",75227.0,5138.0,0.0,738801.8102019695,0.0002554305097242,5,44.15,169.51600000000002,5.720000000000001,1.1638,5.248141159534615,0.0,5.193621480408649,16.0,187.32,0.0,0.0,0.0,0.0,0.092,3.8589265803796935,11.0,345.0,108.72727272727272
2859,51095,James City County,"83,326",100711.0,34104.0,0.0,88101318.27134855,0.1899594184073571,7,9.05,12.154285714285717,6.3,0.4102857142857142,5.183732180861578,0.0,0.7626995811754508,12.0,92.12,2.0,3909101.2924254416,0.0084285981478449,0.0,0.076,2.684027193121956,15.0,500.0,194.33333333333331
2860,31101,Keith County,"8,100",59511.0,5370.0,0.0,331158099.9145313,0.1152041774737172,2,111.48,1178.7,13.7,81.38550000000001,0.9332702893559892,1.0,1.5357557331595488,17.0,196.97,0.0,0.0,0.0,0.0,0.042,1.7599618798124832,13.0,345.0,141.53846153846155
2861,31137,Phelps County,"8,994",65114.0,4163.0,0.0,143770251.54526585,0.1027154077116386,1,0.27,0.56,2.1,0.019,8.448633089151132,0.0,11.424310055067467,10.0,69.56,0.0,0.0,0.0,0.0,0.044,6.279029006403112,26.0,115.0,72.53846153846153
2862,22019,Calcasieu Parish,"208,466",64370.0,93431.0,0.0,1330847808.2467449,0.4696216266442997,62,368.01,19.67935483870968,1.7258064516129032,9.207612903225806,4.4728407089437,281.0,2.146487835969627,53.0,701.39,0.0,0.0,0.0,0.0,0.052,1.23006665433198,143.0,500.0,109.08391608391608
2863,22111,Union Parish,"20,561",47068.0,10458.0,0.0,603919007.3155835,0.2575556626819072,7,51.13,43.917142857142856,3.3428571428571425,72.98842857142857,6.810090428000512,0.0,2.845016650657503,42.0,486.51,0.0,0.0,0.0,0.0,0.1,15.567517135669352,7.0,500.0,225.0
2864,40135,Sequoyah County,"40,842",47494.0,18183.0,0.0,375157107.5687021,0.2028285266909281,9,187.41,241.97666666666663,6.944444444444445,121.3031111111111,2.826077930473454,19.0,2.9552589930253044,46.0,275.07,1.0,24944.39000231619,1.3486173582482858e-05,0.0,0.1,0.8517312688803678,30.0,345.0,93.53333333333332
2865,42073,Lawrence County,"83,911",57585.0,39647.0,0.0,61545853.96457243,0.0656828650047579,2,0.3299999999999999,0.445,2.6,21.9095,7.900207387036972,0.0,1.1030234322829784,20.0,245.49,1.0,23868.276375385904,2.54726626421198e-05,0.0,0.054,2.1800368331760014,22.0,345.0,112.9090909090909
2866,39067,Harrison County,"14,070",54056.0,7403.0,0.0,54134039.121484905,0.0508836017683075,5,23.35,45.41799999999999,7.459999999999999,1.7567999999999997,3.8020351837561854,0.0,1.82214712646012,27.0,237.78,0.0,0.0,0.0,0.0,0.057,4.264571684026031,3.0,138.0,138.0
2867,37003,Alexander County,"36,958",62764.0,16035.0,0.0,28254248.530621164,0.0413797233772645,4,17.48,47.925,7.275,34.25,10.732001388980004,0.0,1.9295582171604968,20.0,257.56,0.0,0.0,0.0,0.0,0.14,2.8334367568217487,9.0,100.0,100.0
2868,34009,Cape May County,"93,390",83870.0,99525.0,0.0,366690173.33916366,0.2282417327218877,11,3.87,0.8236363636363637,2.3363636363636364,0.3350909090909091,10.278958277090869,504.0,6.535498387722939,12.0,218.38,0.0,0.0,0.0,0.0,0.07,1.847184682874024,13.0,230.0,107.92307692307692
2869,33005,Cheshire County,"78,269",76551.0,35706.0,0.0,108603785.1190024,0.0575245198787494,70,46.88,5.699571428571429,5.605714285714285,9.017671428571427,1.7638799433638688,1390.0,0.5205580318536879,57.0,392.97,0.0,0.0,0.0,0.0,0.15,3.303474037539804,20.0,345.0,117.3
2870,27089,Marshall County,"8,798",69396.0,4430.0,0.0,841924498.3996357,0.1793084811358118,11,53.92,10.77,1.4181818181818182,1.5219090909090909,13.09608615887496,4.0,1.2990367604480095,25.0,681.79,0.0,0.0,0.0,0.0,0.02,8.131436308959254,8.0,115.0,103.5
2871,51101,King William County,"19,617",79398.0,7470.0,0.0,118738939.60439532,0.1603464253017054,4,0.76,0.4475,2.55,0.0955,11.892016100476209,0.0,0.3126469280574468,20.0,171.58,0.0,0.0,0.0,0.0,0.11,13.603343048920555,5.0,230.0,184.0
2872,08055,Huerfano County,"7,011",49631.0,4738.0,0.0,88.75496195227689,2.1508278446852723e-08,9,6.66,15.39,7.444444444444445,0.1848888888888888,12.688602310974751,0.0,5.34133685738758,16.0,235.19,0.0,0.0,0.0,0.0,0.12,81.8514757417455,0.0,0.0,0.0
2873,48255,Karnes County,"15,018",57798.0,5842.0,0.0,308576824.1776739,0.1581082941219615,3,0.48,0.5366666666666666,3.266666666666667,0.019,16.18861818724586,0.0,4.162497211324935,5.0,395.38,0.0,0.0,0.0,0.0,0.03,4.663349765742547,6.0,345.0,149.5
2874,47023,Chester County,"17,994",57471.0,7224.0,0.0,62448781.42013087,0.084318564023366,4,0.52,0.4775,3.625,0.0455,5.420263693397514,10.0,1.0313267349264412,17.0,156.81,0.0,0.0,0.0,0.0,0.42,5.9812564574885965,3.0,161.0,161.0
2875,17171,Scott County,"4,866",70500.0,2389.0,0.0,195427219.1341126,0.298655538959602,3,1.49,1.17,2.1666666666666665,0.0169999999999999,9.255897920484328,0.0,2.89008815292603,4.0,202.56,0.0,0.0,0.0,0.0,0.14,4.113959360061037,12.0,345.0,115.0
2876,48003,Andrews County,"18,914",86458.0,6976.0,0.0,60119.9193554754,1.5463708238935493e-05,3,1.81,2.0933333333333333,3.1333333333333333,0.0133333333333333,16.9652467446487,0.0,61.84690657081887,0.0,0.0,0.0,0.0,0.0,0.0,0.047,0.8752447110888555,11.0,230.0,133.8181818181818
2877,39109,Miami County,"112,634",71440.0,46770.0,0.0,95935309.29858084,0.0904226731214382,6,1.08,0.42,2.3666666666666667,18.651333333333334,4.240289838751786,0.0,1.475496581653219,8.0,318.21,0.0,0.0,0.0,0.0,0.13,5.698783677944776,16.0,345.0,133.6875
2878,31169,Thayer County,"4,842",60305.0,2520.0,0.0,174952638.9106448,0.1174826398450445,1,0.13,0.39,3.2,0.042,16.659178486446113,0.0,0.1307249086311998,11.0,209.11,0.0,0.0,0.0,0.0,0.046,0.1793781633253987,6.0,115.0,99.66666666666669
2879,47033,Crockett County,"14,006",59136.0,6109.0,0.0,137555682.98109433,0.1998598600726239,1,0.28,0.95,3.3,0.066,13.45766868296,2.0,2.8312099416063057,8.0,121.03000000000002,0.0,0.0,0.0,0.0,0.62,9.316262604830095,1.0,500.0,500.0
2880,19079,Hamilton County,"14,944",66685.0,7042.0,0.0,83230315.54293935,0.0556470757104849,3,1.66,1.46,2.7,0.168,8.850077469132085,0.0,1.32321795778874,17.0,685.86,0.0,0.0,0.0,0.0,0.034,21.9870049864132,0.0,0.0,0.0
2881,39165,Warren County,"257,181",103128.0,93520.0,2.0,89024827.38628677,0.0843540527914228,9,12.37,33.78888888888889,5.677777777777778,19.35033333333333,7.099133464103468,0.0,4.747446832890701,16.0,434.88,0.0,0.0,0.0,0.0,0.1,5.803061241404259,53.0,345.0,131.49056603773585
2882,13255,Spalding County,"70,775",57367.0,27957.0,0.0,54532844.5803097,0.1054922066485542,4,4.77,11.232500000000002,6.300000000000001,0.47725,6.744409270966768,34.0,3.6062957429736233,9.0,320.18,0.0,0.0,0.0,0.0,0.099,0.8251619121717096,26.0,500.0,134.23076923076923
2883,34019,Hunterdon County,"131,781",133534.0,51684.0,0.0,60961775.65152926,0.0538128513656966,2,13.47,150.1,20.0,1.299,7.215831420290798,139.0,1.5871259546476248,19.0,293.77,0.0,0.0,0.0,0.0,0.13,11.988458207813958,4.0,500.0,297.5
2884,29217,Vernon County,"19,946",53318.0,8965.0,0.0,412245669.376962,0.1902059556085469,19,6.84,0.8989473684210527,2.3684210526315788,0.7881052631578948,7.5524902209276625,0.0,4.508594244329317,14.0,325.61,1.0,5101770.234510803,0.0023539048553668,0.0,0.083,6.818134043784796,3.0,161.0,161.0
2885,18121,Parke County,"16,642",63393.0,7604.0,0.0,156493265.43645042,0.1342739539700793,5,7.59,34.144,8.64,1.8368,0.9823496659927896,0.0,3.3300899872473777,10.0,368.73,0.0,0.0,0.0,0.0,0.14,3.479441983490423,10.0,345.0,156.4
2886,19069,Franklin County,"9,868",62214.0,4668.0,0.0,162132845.1027282,0.1074625036027627,5,1.0,0.4920000000000001,2.34,3.6158,3.966328971766198,0.0,6.197737422843244,13.0,312.34,0.0,0.0,0.0,0.0,0.033,6.493430916276616,8.0,161.0,161.0
2887,13035,Butts County,"27,218",60076.0,9509.0,0.0,48455445.22758464,0.0994928386748278,4,12.51,38.165,7.725,15.45375,4.632543407271618,26.0,4.3148206461012775,14.0,362.75,0.0,0.0,0.0,0.0,0.11,0.5396816773993063,5.0,500.0,192.0
2888,08039,Elbert County,"30,534",124360.0,9898.0,0.0,191205936.77302995,0.0398998816146133,1,0.55,1.21,2.2,0.034,21.69046443570377,6.0,13.8514920762937,7.0,75.72,0.0,0.0,0.0,0.0,0.069,73.63352234430083,0.0,0.0,0.0
2889,40145,Wagoner County,"93,263",75082.0,32942.0,0.0,465107742.7259232,0.3039579163385872,7,69.37,231.15,11.528571428571428,64.87814285714286,10.91631876199723,18.0,1.0579111734626891,12.0,234.88,0.0,0.0,0.0,0.0,0.089,5.203466871058868,39.0,345.0,123.84615384615384
2890,30083,Richland County,"11,377",67515.0,5559.0,0.0,340023878.5824377,0.0624128591093904,6,2.4,0.8933333333333334,2.8166666666666664,0.1023333333333333,13.02639779915661,0.0,12.961690561398614,33.0,875.5,0.0,0.0,0.0,0.0,0.042,48.440841639199405,0.0,0.0,0.0
2891,05003,Ashley County,"17,831",44804.0,9432.0,0.0,950488365.839587,0.3902371687533186,23,29.47,2.755652173913043,1.9956521739130435,36.918217391304346,4.032400625625236,1.0,3.2155781282921496,47.0,682.32,0.0,0.0,0.0,0.0,0.13,6.668959806053792,11.0,115.0,115.0
2892,05041,Desha County,"9,984",38067.0,5828.0,0.0,1325523014.578138,0.6297172064126887,55,51.9,2.945636363636364,2.4309090909090907,24.81418181818182,4.718478250007203,4.0,2.4588346914563584,36.0,821.49,0.0,0.0,0.0,0.0,0.21,8.630712400215904,9.0,115.0,115.0
2893,72147,Vieques Municipio,,17062.0,5070.0,0.0,74208409.97958964,0.1085339750845681,2,0.53,0.655,2.45,0.1154999999999999,9.569968750752482,0.0,4.561665879335674,2.0,0.22,1.0,349721.6318186825,0.0005114875643445,0.0,0.49,174.78929651455718,0.0,0.0,0.0
2894,47135,Perry County,"9,126",55978.0,4808.0,0.0,121343546.84486988,0.110793678245706,3,575.3100000000001,2520.6966666666667,6.8,1388.071,12.803468748389566,1.0,1.1322827875757988,17.0,459.75,0.0,0.0,0.0,0.0,0.33,20.78529222120184,1.0,161.0,161.0
2895,48147,Fannin County,"39,265",65835.0,14667.0,0.0,435190510.7771722,0.1869296213985216,9,10.64,8.393333333333334,4.333333333333333,0.2426666666666667,6.386090233924121,0.0,1.4889115218530522,22.0,293.79,0.0,0.0,0.0,0.0,0.088,6.556458763688243,23.0,345.0,148.0
2896,20043,Doniphan County,"7,594",66358.0,3386.0,0.0,106572842.93968152,0.1033153212254511,2,1.52,1.7100000000000002,1.9,0.124,17.077462131292922,0.0,5.241025585457981,13.0,199.04,0.0,0.0,0.0,0.0,0.056,14.613596393138806,2.0,115.0,92.0
2897,48265,Kerr County,"54,037",66713.0,25246.0,0.0,197913745.418365,0.0690112018450715,2,0.54,0.8049999999999999,2.9,3.0755,16.416951836513505,0.0,1.0182153064605233,12.0,213.46,0.0,0.0,0.0,0.0,0.023,15.41228884106168,2.0,138.0,138.0
2898,12053,Hernando County,"221,701",59202.0,89635.0,0.0,402767810.50724536,0.2173722226458543,20,10.15,1.764,3.39,2.5334,1.184851864790356,0.0,6.18623995203866,4.0,93.8,0.0,0.0,0.0,0.0,0.035,1.165479917495781,42.0,230.0,108.42857142857144
2899,12129,Wakulla County,"38,089",72035.0,13843.0,0.0,1059357696.170091,0.4460955739527633,6,3.32,1.3133333333333337,2.35,0.2218333333333333,1.3643435889938005,7056.0,13.281307496394138,6.0,179.36,0.0,0.0,0.0,0.0,0.043,11.628757829706965,10.0,230.0,147.2
2900,12131,Walton County,"93,288",74832.0,56744.0,0.0,781423741.0081347,0.2140619883291366,15,9.89,2.587333333333333,3.22,0.2954,10.104436213947972,5289.0,0.1313310398871594,31.0,523.49,1.0,620887313.920853,0.1700848924487066,0.0,0.048,2.384492122401048,32.0,230.0,122.1875
2901,28017,Chickasaw County,"16,730",40224.0,7794.0,0.0,199471563.27525416,0.1527359928655262,13,3.79,0.8907692307692308,3.1153846153846154,0.3466923076923077,10.825369982568382,0.0,3.015510601799277,16.0,216.97,0.0,0.0,0.0,0.0,0.2,9.45162106780742,9.0,161.0,109.88888888888889
2902,29025,Caldwell County,"9,012",58269.0,4260.0,1.0,113675269.50695723,0.1021568123000635,2,0.37,0.53,2.75,0.032,10.7416511047695,0.0,1.1751317215390835,4.0,125.0,0.0,0.0,0.0,0.0,0.064,12.038412403666507,3.0,69.0,69.0
2903,12107,Putnam County,"77,734",44852.0,36183.0,0.0,893785251.7418393,0.4173221153191791,72,322.72,33.39402777777778,3.4430555555555555,2.8091527777777774,2.822529631570804,0.0,6.697774817343657,21.0,129.44,0.0,0.0,0.0,0.0,0.051,4.847095630852389,46.0,500.0,159.2391304347826
2904,18025,Crawford County,"10,509",46706.0,5863.0,0.0,48657181.85817739,0.0608415586403081,1,32.96,372.1,11.3,5.095,12.50012256762355,0.0,0.0447730758826595,12.0,217.97,0.0,0.0,0.0,0.0,0.18,8.564350091403327,10.0,765.0,166.2
2905,29111,Lewis County,"9,879",49779.0,4334.0,0.0,212312764.49639428,0.1604838239891357,7,2.71,0.8528571428571429,2.4857142857142853,0.134,8.077032431207446,27.0,1.292227331146069,20.0,366.76,0.0,0.0,0.0,0.0,0.087,6.075724725211376,14.0,161.0,82.14285714285714
2906,31075,Grant County,561,65139.0,396.0,0.0,19980.01660952408,9.847792652564078e-06,63,20.88,1.2373015873015871,3.3206349206349204,0.001,1.0747455659001866,13.0,19.742248391393023,2.0,11.7,0.0,0.0,0.0,0.0,0.058,14.672297348452902,1.0,115.0,115.0
2907,21055,Crittenden County,"8,807",45810.0,4344.0,0.0,167973204.14613712,0.174671788794199,3,69.09,304.17,6.266666666666667,1665.778,5.678933501796377,0.0,0.230373921837217,17.0,272.09000000000003,0.0,0.0,0.0,0.0,0.47,3.458992784379611,14.0,161.0,82.14285714285714
2908,19147,Palo Alto County,"8,899",67306.0,4509.0,0.0,172545505.77522847,0.1169935404668599,10,14.41,3.883,2.34,0.2294999999999999,1.6770008137719077,125.0,1.293405578102084,21.0,420.92,0.0,0.0,0.0,0.0,0.03,15.685827372475895,4.0,69.0,69.0
2909,19159,Ringgold County,"4,642",67898.0,2673.0,0.0,99551184.12299716,0.0713293374792213,3,1.61,1.903333333333333,3.233333333333333,0.2546666666666666,0.7150320663152981,0.0,0.1314370401893607,18.0,221.31,0.0,0.0,0.0,0.0,0.047,26.32498651001018,0.0,0.0,0.0
2910,37151,Randolph County,"149,516",56423.0,62249.0,0.0,87930979.38200285,0.0429781528423835,5,3.35,4.466,5.14,1.0108,5.636156662561995,14.0,5.769770606723781,17.0,411.12,0.0,0.0,0.0,0.0,0.095,3.106565198307229,22.0,500.0,141.36363636363637
2911,24015,Cecil County,"107,131",86869.0,43957.0,0.0,110380699.8856152,0.1019971591830239,3,1.22,1.5499999999999998,3.066666666666667,0.0996666666666666,8.212178056866243,0.0,3.5403645858993844,26.0,227.34,0.0,0.0,0.0,0.0,0.12,10.462224584021408,8.0,500.0,243.625
2912,18171,Warren County,"8,474",72833.0,3671.0,0.0,39004522.89885912,0.0411018134788532,1,0.51,1.02,2.0,0.024,22.54752020331106,0.0,2.747962114050395,11.0,313.89,0.0,0.0,0.0,0.0,0.1,16.52582108383467,3.0,69.0,69.0
2913,31077,Greeley County,"2,154",52813.0,1198.0,0.0,72229245.31318136,0.0488698115138833,1,2.96,57.0,19.3,0.056,23.871705470606955,0.0,9.87632137214744,10.0,348.89,0.0,0.0,0.0,0.0,0.057,5.123363767187898,1.0,115.0,115.0
2914,31095,Jefferson County,"7,070",54494.0,3683.0,0.0,144427535.51387757,0.0968682632616056,10,1.95,0.555,2.8,0.7494999999999999,6.163788855402768,0.0,5.700201466971208,9.0,163.59,0.0,0.0,0.0,0.0,0.045,6.292690592071855,4.0,115.0,115.0
2915,31151,Saline County,"14,996",71104.0,5734.0,0.0,185535397.98460573,0.1243007180384485,3,0.51,0.5166666666666667,3.033333333333333,0.065,9.405220749758069,0.0,2.346455494340389,9.0,283.61,0.0,0.0,0.0,0.0,0.044,9.408244027092936,3.0,345.0,268.3333333333333
2916,21119,Knott County,"13,321",38336.0,6718.0,0.0,18048604.16198844,0.0197494038980159,1,1.81,58.8,32.6,1.961,12.890730068923697,0.0,0.7342662670661623,9.0,201.26,0.0,0.0,0.0,0.0,0.14,7.442631215681411,10.0,138.0,128.8
2917,19045,Clinton County,"46,002",61080.0,21575.0,0.0,319334861.6567876,0.1736132929377929,1,0.4,1.0,2.5,0.028,12.892626471362878,0.0,5.045395534772586,20.0,350.41,0.0,0.0,0.0,0.0,0.058,3.5917093105618525,16.0,161.0,106.375
2918,27063,Jackson County,"9,857",68368.0,4912.0,0.0,1000514.881468416,0.0005370996339068,30,63.83,8.614333333333333,2.8366666666666664,0.2539666666666667,3.5387322454392938,437.0,8.683112620684703,30.0,208.39,0.0,0.0,0.0,0.0,0.031,0.1591077365675593,33.0,345.0,127.54545454545456
2919,27039,Dodge County,"21,376",92890.0,8334.0,0.0,61450451.04628183,0.0539589897043458,1,2.06,7.46,3.6,0.281,16.482832104067192,5.0,2.1440775686216105,9.0,168.28,0.0,0.0,0.0,0.0,0.027,0.6261858838093253,11.0,161.0,85.72727272727273
2920,27047,Freeborn County,"30,440",65679.0,14150.0,0.0,99965142.78031988,0.0534269629526421,27,44.83,4.714444444444444,2.781481481481481,0.5442222222222222,0.9583490498107454,85.0,2.1982110863091333,41.0,311.29,0.0,0.0,0.0,0.0,0.028,0.6615594531603247,55.0,161.0,79.03636363636363
2921,06009,Calaveras County,"46,605",77526.0,27521.0,0.0,116223332.06538,0.0432760518860021,13,104.77,339.4476923076923,23.73846153846154,12.039846153846154,10.91151673016032,3.0,4.463266707039391,32.0,457.22,0.0,0.0,0.0,0.0,0.2,11.902830614932588,16.0,230.0,123.125
2922,25001,Barnstable County,"233,539",90447.0,165068.0,0.0,347806344.13649297,0.1028606904786569,76,33.81,1.7700000000000002,3.331578947368421,0.1889210526315789,5.53648503219823,6845.0,8.05313662510431,14.0,35.84,3.0,98034070.1566804,0.0289927205663388,0.0,0.086,7.80245359644652,34.0,345.0,121.76470588235294
2923,51119,Middlesex County,"10,841",69389.0,7127.0,0.0,55777596.669891626,0.1021820984647411,2,0.74,1.145,2.85,2.242,1.413118127197014,0.0,3.86564221048712,7.0,47.6,0.0,0.0,0.0,0.0,0.071,6.924753781401935,1.0,115.0,115.0
2924,42065,Jefferson County,"43,255",56607.0,22065.0,0.0,69932838.02917829,0.0411102168979464,3,0.78,1.4366666666666668,5.766666666666667,0.182,12.38630115105886,0.0,0.952525132414932,13.0,380.11,0.0,0.0,0.0,0.0,0.049,18.33128037251554,9.0,138.0,122.66666666666669
2925,18089,Lake County,"504,612",66375.0,215277.0,1.0,328280397.47392726,0.2022743627427366,22,57739.03999999999,220911.0536363636,6.35,91.36327272727272,7.946918709406164,0.0,3.077545248598544,21.0,209.54,0.0,0.0,0.0,0.0,0.077,2.189884701858014,131.0,345.0,152.22137404580153
2926,21075,Fulton County,"6,218",35449.0,3195.0,0.0,285249864.8735464,0.4774508826341876,2,0.38,0.27,1.5,0.217,6.241088496714489,24.0,2.35253072073839,26.0,104.77,0.0,0.0,0.0,0.0,0.99,1.2053104895579028,14.0,69.0,69.0
2927,20079,Harvey County,"33,580",70685.0,14585.0,0.0,309780249.5635977,0.2211980266267371,3,0.87,0.71,2.3000000000000003,0.1426666666666666,16.392403075222905,0.0,0.0669930327956716,15.0,305.77,0.0,0.0,0.0,0.0,0.053,1.752135559546949,14.0,345.0,101.85714285714286
2928,30021,Dawson County,"8,692",68168.0,4381.0,0.0,17499.17265404597,2.834725597071504e-06,2,0.41,0.575,2.75,0.5615,14.26330538379305,0.0,19.155198255477387,16.0,647.35,0.0,0.0,0.0,0.0,0.036,22.54010380593652,1.0,69.0,69.0
2929,54091,Taylor County,"16,287",52946.0,7444.0,0.0,19775064.16286514,0.0434609266898301,1,6.3,437.9,69.5,76.001,2.750416792149807,0.0,0.4875796932986294,9.0,116.83,0.0,0.0,0.0,0.0,0.059,2.296023030673952,9.0,138.0,138.0
2930,26111,Midland County,"83,754",73643.0,36927.0,0.0,41890341.33775162,0.0306284946513661,10,20.51,11.353,2.79,2.9984,3.3874617701728003,0.0,0.5141677256194916,18.0,265.25,0.0,0.0,0.0,0.0,0.035,2.9605090946134083,19.0,345.0,192.47368421052636
2931,28119,Quitman County,"5,364",31192.0,3065.0,0.0,734838202.1210701,0.6980830206593518,3,2.34,0.4599999999999999,0.8333333333333334,40.716,2.6180949259856985,8.0,2.210319666694679,26.0,273.01,0.0,0.0,0.0,0.0,0.31,14.75066153202882,1.0,115.0,115.0
2932,21093,Hardin County,"113,482",64136.0,46920.0,0.0,113914439.02863573,0.0697998501891693,5,0.91,0.5680000000000001,2.92,9.8348,8.27971695530067,0.0,1.8833292699849769,21.0,552.04,1.0,238168325.82936284,0.1459350860562623,0.0,0.15,4.053203330853855,58.0,138.0,77.32758620689656
2933,17081,Jefferson County,"36,147",58384.0,16659.0,0.0,194069184.3658208,0.128349170884115,12,75.48,62.956666666666656,2.8833333333333333,1.666,8.042954388790267,0.0,3.3540614108069757,18.0,219.4,0.0,0.0,0.0,0.0,0.4,1.7255821935579123,10.0,138.0,138.0
2934,46057,Hamlin County,"6,900",76995.0,2788.0,0.0,161589243.82180917,0.1159510601452726,30,97.65,11.907333333333334,2.53,0.2190666666666666,1.7587764740143443,3.0,7.484243970385326,16.0,253.13,0.0,0.0,0.0,0.0,0.048,4.051493134197883,11.0,230.0,102.45454545454544
2935,55069,Lincoln County,"28,403",64314.0,16151.0,0.0,118046618.63706627,0.0502630226623247,49,46.96,4.035510204081633,3.512244897959184,3.545061224489796,4.143355154165225,0.0,1.2129335033576358,43.0,359.8,0.0,0.0,0.0,0.0,0.023,4.880760366839675,9.0,115.0,115.0
2936,36033,Franklin County,"46,500",60270.0,25352.0,0.0,7210.845801145755,1.6401407236040548e-06,118,147.53,7.353305084745762,5.227118644067796,1.5992203389830508,1.2234203633465133,62.0,2.2635255997672035,107.0,752.92,0.0,0.0,0.0,0.0,0.3,14.812163303020707,5.0,115.0,115.0
2937,51630,Fredericksburg city,"30,393",83445.0,12118.0,0.0,1916435.205022199,0.0703412047170927,0,0.0,0.0,0.0,0.0,5.064991784285055,0.0,2.0803034961914806,1.0,100.45,0.0,0.0,0.0,0.0,0.11,2.700904164524874,2.0,115.0,115.0
2938,46007,Bennett County,"3,307",44821.0,1241.0,0.0,0.0,0.0,24,16.990000000000002,1.3329166666666663,1.9708333333333328,0.15675,8.216771700054943,0.0,3.009630650209964,16.0,281.32,0.0,0.0,0.0,0.0,0.099,4.397440401488665,2.0,115.0,115.0
2939,22115,Vernon Parish,"45,091",56547.0,21996.0,0.0,630496947.4923058,0.1816299658247349,8,24.89,24.37125,4.3125,5.410625,6.9386521481298375,41.0,2.1224562254753145,54.0,594.17,1.0,856318691.6249775,0.246683406340876,0.0,0.06,6.574390253313326,11.0,230.0,110.8181818181818
2940,23019,Penobscot County,"157,967",59438.0,75119.0,0.0,359778666.3484891,0.0390525356247864,175,529.8,19.904742857142857,4.502857142857143,6.45764,1.5887207744572889,1018.0,0.8493271472302788,266.0,1503.12,2.0,1929875.646445869,0.0002094802846404,0.0,0.15,9.375883177724187,23.0,345.0,151.0
2941,24041,Talbot County,"38,238",81667.0,19606.0,0.0,185097741.16491476,0.1498857961632884,1,0.23,0.53,2.4,0.024,13.48538481638696,0.0,17.373648341024563,5.0,204.34,1.0,10538.618344890354,8.533811332022556e-06,0.0,0.071,2.039279980379761,16.0,138.0,73.3125
2942,13257,Stephens County,"27,854",52901.0,12342.0,0.0,53708964.78351184,0.1127653540088917,7,191.39,608.7757142857143,8.571428571428571,22.807571428571432,3.3287822648571472,12.0,1.3284633823297238,11.0,117.65,0.0,0.0,0.0,0.0,0.17,2.359614632371613,11.0,500.0,150.0
2943,06065,Riverside County,"2,544,916",84505.0,851646.0,1.0,658917683.9636035,0.0348378701503255,19,1017.27,539.5873684210526,17.721052631578946,6.876368421052632,22.093972655024054,110.0,13.430505833169237,51.0,412.08,3.0,471230686.5884449,0.024914604463892,0.0,0.6,15.596996795571847,232.0,500.0,121.5646551724138
2944,05005,Baxter County,"42,982",47403.0,22747.0,0.0,168097726.50369838,0.1106203499069855,2,232.58,4558.35,37.2,145.2165,6.300734003421467,0.0,6.898946603086106,22.0,489.76,0.0,0.0,0.0,0.0,0.26,1.6748905192069736,22.0,161.0,102.45454545454544
2945,28007,Attala County,"17,100",42680.0,8354.0,0.0,283044111.6339153,0.1483494523472685,10,2.11,0.743,3.38,1.5638999999999998,4.494488924216512,0.0,1.793254203450532,31.0,199.63,0.0,0.0,0.0,0.0,0.14,5.90670997554348,7.0,500.0,241.42857142857144
2946,19169,Story County,"101,291",66197.0,41347.0,0.0,131589204.0056347,0.0885678304890444,3,1.33,1.4433333333333334,3.1666666666666665,2.2113333333333336,9.69158761863911,0.0,0.2753805835472232,12.0,354.68,0.0,0.0,0.0,0.0,0.037,5.747318253954295,9.0,161.0,161.0
2947,20011,Bourbon County,"14,319",55826.0,6779.0,0.0,231048688.0181951,0.1395862555753677,7,2.63,1.4214285714285713,3.614285714285714,0.2067142857142857,9.28192168882372,0.0,3.474922442136889,12.0,171.65,0.0,0.0,0.0,0.0,0.072,2.416686131361839,12.0,345.0,92.0
2948,42031,Clarion County,"36,680",58690.0,18897.0,0.0,61021301.35568258,0.0386335994824905,1,0.93,5.59,6.0,0.215,18.50125538908873,0.0,0.6037562360136315,18.0,503.97,0.0,0.0,0.0,0.0,0.05,1.598253428453246,11.0,345.0,144.27272727272728
2949,46097,Miner County,"2,281",62037.0,1214.0,0.0,16126405.683702197,0.0108868628131455,25,57.690000000000005,5.836799999999999,2.2,0.1628,9.100461983078032,0.0,23.44018761599142,0.0,0.0,0.0,0.0,0.0,0.0,0.063,4.418352467836531,5.0,69.0,69.0
2950,46073,Jerauld County,"1,654",66607.0,1016.0,0.0,17639.32654124347,1.2787631465252371e-05,5,2.72,1.366,2.4200000000000004,0.0794,6.35769642541276,0.0,0.9931951611186494,3.0,40.760000000000005,0.0,0.0,0.0,0.0,0.095,9.680864033684912,1.0,230.0,230.0
2951,18031,Decatur County,"26,576",71566.0,11554.0,0.0,41435954.36614751,0.042854365813983,5,1.24,0.6359999999999999,2.42,0.19,7.973785344614451,0.0,1.2398190398667874,9.0,323.88,0.0,0.0,0.0,0.0,0.13,1.186125554162501,18.0,345.0,112.44444444444444
2952,18037,Dubois County,"44,016",68945.0,18595.0,0.0,191481063.82407063,0.1698265832415802,6,34.46,63.065000000000005,5.216666666666667,0.9265,4.253389498032519,0.0,1.306154313906284,25.0,448.56,0.0,0.0,0.0,0.0,0.22,4.472169042256524,38.0,161.0,76.86842105263158
2953,51057,Essex County,"10,654",52335.0,5768.0,0.0,81819614.08528847,0.1103728068270094,2,0.32,0.6799999999999999,4.35,0.662,9.61172362581672,0.0,2.368602174714771,13.0,103.82,1.0,616750.9705625586,0.0008319830947053,0.0,0.096,17.654922970931008,0.0,0.0,0.0
2954,45089,Williamsburg County,"29,662",40848.0,14801.0,0.0,501258424.8815782,0.2065393356589329,2,0.31,0.325,2.0,0.037,21.256164786360788,106.0,4.760662189711439,11.0,446.4,0.0,0.0,0.0,0.0,0.39,5.391062576659424,34.0,230.0,135.97058823529412
2955,36031,Essex County,"36,438",68090.0,25262.0,0.0,5530738.7197273625,0.0011143709213422,122,198.47,27.656229508196724,6.179508196721312,0.9458852459016394,4.124985299506276,700.0,0.468960349337178,131.0,832.37,0.0,0.0,0.0,0.0,0.24,22.925705834805115,16.0,115.0,115.0
2956,19195,Worth County,"7,338",69897.0,3486.0,0.0,109758285.01207373,0.1054329969824117,7,9.03,4.105714285714286,3.0,0.436,9.75586450257452,0.0,0.1027955919833055,13.0,196.45,0.0,0.0,0.0,0.0,0.029,8.615288531286014,7.0,161.0,108.42857142857144
2957,40063,Hughes County,"13,455",44799.0,5818.0,0.0,241720111.7599516,0.1145572640357144,22,6.25,1.5177272727272728,3.3318181818181816,0.1977727272727272,2.172230868429267,18.0,8.182556105325329,17.0,593.77,0.0,0.0,0.0,0.0,0.14,4.551976830047235,16.0,345.0,138.0
2958,51027,Buchanan County,"18,492",39591.0,10402.0,0.0,15619443.00239504,0.01196716633948,0,0.0,0.0,0.0,0.0,27.15080397803847,0.0,2.287301627156536,16.0,144.0,0.0,0.0,0.0,0.0,0.14,2.697917533293814,37.0,138.0,89.51351351351352
2959,51005,Alleghany County,"14,546",52546.0,7938.0,0.0,47216220.92867554,0.0405366191479721,1,8.92,519.9,58.3,14.635,16.01236216964709,0.0,0.4862323585957965,14.0,437.05,0.0,0.0,0.0,0.0,0.11,0.4918663940560298,8.0,138.0,138.0
2960,28087,Lowndes County,"57,346",53687.0,26973.0,0.0,417210189.5044144,0.3115292988895147,16,14.88,5.5356250000000005,2.90625,49.5598125,1.6532488520790545,1.0,0.0193008879043379,27.0,211.36,1.0,17767777.09651428,0.0132671331644063,0.0,0.17,3.354771816319265,36.0,500.0,208.08333333333331
2961,18143,Scott County,"25,053",49343.0,10734.0,0.0,80253234.52689548,0.1607587885919378,8,3.66,4.672499999999999,4.45,0.2,2.625669851416162,0.0,0.5431883476881584,12.0,124.36,0.0,0.0,0.0,0.0,0.14,2.7418005229487545,10.0,138.0,75.9
2962,08099,Prowers County,"11,884",49422.0,5473.0,0.0,321963346.0358784,0.0755999870644774,4,1.98,1.18,2.125,4.0695,22.79595841939548,12.0,9.04865320900104,14.0,127.9,0.0,0.0,0.0,0.0,0.052,53.62997602671175,0.0,0.0,0.0
2963,48435,Sutton County,"3,203",56778.0,1641.0,0.0,0.0948793499697377,2.5187297473828952e-11,0,0.0,0.0,0.0,0.0,84.26310974184511,0.0,25.82096463570344,2.0,33.54,0.0,0.0,0.0,0.0,0.027,14.592928683423102,1.0,138.0,138.0
2964,72121,Sabana Grande Municipio,,20464.0,10907.0,0.0,2227285.5910734423,0.0236851752173287,0,0.0,0.0,0.0,0.0,7.492417991169486,0.0,0.1162503152561049,2.0,11.03,0.0,0.0,0.0,0.0,0.54,8.504542616525416,0.0,0.0,0.0
2965,40101,Muskogee County,"66,708",50289.0,29435.0,1.0,423952609.7457876,0.1948646437298709,11,5.970000000000001,4.088181818181819,2.9454545454545453,0.3054545454545455,7.388229151043188,38.0,4.113809178312176,33.0,329.01,2.0,135652025.91712257,0.0623507984003817,0.0,0.097,4.305508346860871,62.0,345.0,119.4516129032258
2966,19005,Allamakee County,"14,238",64049.0,7696.0,0.0,206854747.98401836,0.1212315380354425,3,1.26,1.4900000000000002,4.1000000000000005,0.015,18.34437808567629,7.0,2.095862928765116,22.0,257.40000000000003,0.0,0.0,0.0,0.0,0.034,12.297939679919669,8.0,161.0,103.5
2967,48061,Cameron County,"433,946",47435.0,155572.0,0.0,1260592603.9940827,0.3803407503507299,34,69.73,4.245588235294117,1.402941176470588,0.2049411764705882,2.4373486632080006,0.0,1.7841757950444588,17.0,751.09,0.0,0.0,0.0,0.0,0.022,4.564451665814616,43.0,345.0,138.93023255813952
2968,48339,Montgomery County,"781,194",95946.0,242656.0,2.0,591942271.6175513,0.2122325368950725,16,78.9,72.865625,4.5875,5.710125,3.5812150586980165,82.0,0.987097712143606,34.0,495.5,0.0,0.0,0.0,0.0,0.042,0.7913581486892931,52.0,345.0,141.09615384615384
2969,08071,Las Animas County,"14,391",48965.0,8112.0,0.0,31457741.14230511,0.0025433172143876,8,11.03,31.37125,10.4875,0.03825,28.19452443921918,10.0,3.988443664135241,37.0,416.25,1.0,952528005.5389118,0.0770106430310572,0.0,0.078,60.47539274622428,0.0,0.0,0.0
2970,48299,Llano County,"23,353",64241.0,15388.0,0.0,274816019.1984554,0.1098579914475948,5,102.24,314.198,14.16,34.376999999999995,5.214293764666504,1.0,5.19005643297454,31.0,269.51,0.0,0.0,0.0,0.0,0.027,6.878649125407547,14.0,138.0,123.21428571428572
2971,48319,Mason County,"3,990",77583.0,2374.0,0.0,51271.36970820423,2.123539766318703e-05,0,0.0,0.0,0.0,0.0,29.42518973293611,2.0,2.5950424229016136,11.0,332.33,0.0,0.0,0.0,0.0,0.026,5.198532503893101,4.0,138.0,103.5
2972,37043,Clay County,"12,239",57065.0,7320.0,0.0,29525718.18959992,0.0516277684106522,2,26.47,226.05,22.65,8.813,2.2500873026137107,3.0,2.487997370551001,18.0,104.28,0.0,0.0,0.0,0.0,0.24,6.572676284206531,3.0,161.0,99.66666666666669
2973,36071,Orange County,"417,669",91806.0,147158.0,0.0,222577581.20561752,0.1025123722158252,54,29.89,3.149074074074074,5.683333333333333,0.4058148148148148,3.02134064614094,1166.0,0.9308004134315668,65.0,501.74,3.0,65262799.15760328,0.0300580333511235,0.0,0.14,4.335617021077253,43.0,345.0,133.72093023255815
2974,36093,Schenectady County,"162,581",75056.0,70843.0,0.0,28347053.874043964,0.0522568098734922,5,13.88,26.894,8.1,129.2324,4.692547935730503,201.0,4.431906478514181,6.0,219.67,1.0,510162.8516510271,0.0009404675089589,0.0,0.12,4.123507206128817,14.0,115.0,115.0
2975,54059,Mingo County,"21,455",38305.0,11602.0,0.0,25727925.02376726,0.0234308881853495,4,2.12,63.99,47.875,4.812749999999999,6.96912149225902,0.0,2.365283868251286,15.0,351.9,0.0,0.0,0.0,0.0,0.11,2.812788546355826,12.0,138.0,122.66666666666669
2976,51065,Fluvanna County,"28,975",90766.0,11183.0,0.0,46267378.536704026,0.0613318686406325,2,1.31,12.465,12.95,0.2465,7.758529456922322,0.0,1.0649802585086086,6.0,335.99,0.0,0.0,0.0,0.0,0.19,4.961192404731072,9.0,500.0,238.88888888888889
2977,17097,Lake County,"719,339",104553.0,269416.0,1.0,234098716.6566921,0.066055737138264,66,57780.27,73638.98303030303,4.275757575757575,29.26019696969697,0.0,0.0,19.75108606647052,19.0,293.25,3.0,2821989.710581301,0.0007962820693392,0.0,0.068,16.512505442480272,83.0,345.0,182.89156626506025
2978,13195,Madison County,"32,919",53626.0,12253.0,0.0,40672005.10514563,0.0549872261506417,5,0.8200000000000001,0.526,3.26,0.466,6.05144101330517,20.0,2.200326598359664,12.0,183.1,0.0,0.0,0.0,0.0,0.14,4.311782882521969,9.0,230.0,140.55555555555554
2979,05039,Dallas County,"6,011",40085.0,3511.0,0.0,419297294.3456138,0.2423558023184196,1,0.24,0.78,3.2,4.588,17.84368945020259,7.0,0.5022703507048205,45.0,388.86,0.0,0.0,0.0,0.0,0.15,17.861155846980854,5.0,500.0,192.0
2980,08057,Jackson County,"1,211",38686.0,1186.0,0.0,0.0,0.0,26,18.46,3.106923076923077,4.465384615384616,0.0312692307692307,0.7268597516658414,241.0,5.207940697449502,81.0,499.49,0.0,0.0,0.0,0.0,0.17,72.14938000806667,0.0,0.0,0.0
2981,08063,Kit Carson County,"7,069",58992.0,3430.0,0.0,0.0,0.0,1,0.13,0.39,3.1,0.071,32.64841068933087,2.0,20.42564301483593,2.0,23.51,0.0,0.0,0.0,0.0,0.047,59.033481157228216,0.0,0.0,0.0
2982,16073,Owyhee County,"12,661",58440.0,4760.0,0.0,221385.66141329065,1.1105548549390196e-05,43,45.96,8.895813953488371,3.8930232558139535,10.85841860465116,10.42886656380706,98.0,6.924634655865541,147.0,1182.94,1.0,442891814.40476936,0.0222171414155749,0.0,0.13,79.40617635375858,1.0,500.0,500.0
2983,55141,Wood County,"74,060",63273.0,34558.0,0.0,514491270.9045842,0.2454688873870365,41,123.14,17.424146341463416,2.204878048780488,4.3724390243902445,3.796843295431388,0.0,1.7864773406772758,26.0,319.01,2.0,53597.71487037007,2.5572001275328413e-05,0.0,0.027,6.836336902416843,29.0,138.0,95.17241379310344
2984,36013,Chautauqua County,"124,126",54625.0,66350.0,0.0,12764155.625572097,0.0032850936374092,5,25822.72,99830.508,7.06,1962.9852,4.613855895282681,0.0,3.603989926548333,41.0,387.13,0.0,0.0,0.0,0.0,0.062,5.659849264560736,52.0,230.0,117.21153846153848
2985,13067,Cobb County,"793,345",94244.0,308949.0,2.0,87696709.8523564,0.0983334552981207,2,37.24,417.715,15.75,68.822,14.969676042841138,18.0,1.9943625915468324,4.0,191.65,3.0,10646402.868043505,0.0119377064689549,0.0,0.13,2.297781491155288,121.0,500.0,149.54545454545453
2986,26041,Delta County,"36,582",53852.0,19815.0,0.0,175553341.78875726,0.0340382504952997,16,57739.35,303753.220625,8.43125,118.9770625,2.3606498841907766,0.0,10.756712671898606,21.0,379.25,0.0,0.0,0.0,0.0,0.022,12.96546484141334,31.0,138.0,80.12903225806451
2987,05131,Sebastian County,"130,641",54047.0,56926.0,0.0,196933453.59407005,0.1396424865867545,16,5.67,1.485,3.6375,0.306375,2.0710440106349406,0.0,1.527615128094998,25.0,209.51,2.0,226112458.7455917,0.1603328708821778,0.0,0.11,2.7570810356474333,57.0,500.0,126.59649122807018
2988,06087,Santa Cruz County,"258,852",104409.0,106433.0,0.0,62929622.9759528,0.0400178608202887,8,2.99,2.62875,6.550000000000001,0.4836249999999999,10.61661218517468,13.0,3.056332024131954,14.0,145.76,0.0,0.0,0.0,0.0,0.56,1.9138850957831013,22.0,115.0,70.0
2989,13191,McIntosh County,"11,989",51262.0,6814.0,0.0,794957917.4300978,0.5348343456720416,2,0.4599999999999999,0.3349999999999999,1.45,1.21,14.706800038821129,68.0,4.242171684521008,17.0,145.09,1.0,63801896.58768213,0.042924845285422,0.0,0.13,6.338737817179744,4.0,115.0,115.0
2990,13207,Monroe County,"32,023",74867.0,11179.0,0.0,90219947.2909632,0.0874634210089725,9,18.86,11.217777777777778,4.366666666666666,8.789555555555557,3.681783357629103,53.0,3.232829622220164,13.0,408.19,0.0,0.0,0.0,0.0,0.11,3.177460243587918,9.0,115.0,115.0
2991,29069,Dunklin County,"26,855",44868.0,13492.0,0.0,179901.32987517357,0.0001269371415103,1,0.27,0.39,1.4,0.339,7.5322440338018515,8.0,0.0472041216663481,26.0,375.08,0.0,0.0,0.0,0.0,1.23,4.733962789730179,13.0,345.0,161.0
2992,48483,Wheeler County,"4,773",58158.0,2612.0,0.0,14933.315303591144,6.298092821291764e-06,0,0.0,0.0,0.0,0.0,38.22618927568972,1.0,6.471730841105214,27.0,116.47,0.0,0.0,0.0,0.0,0.098,0.8759304044014843,7.0,230.0,98.57142857142856
2993,13117,Forsyth County,"282,805",131660.0,88181.0,1.0,99515204.92130668,0.1554537685416439,2,133.93,1575.325,13.5,32.4065,2.8631943448775297,54.0,2.121359952538037,10.0,297.16,1.0,52958.02833569184,8.272630384300033e-05,0.0,0.14,1.109598274383621,21.0,230.0,142.38095238095238
2994,48409,San Patricio County,"72,053",63842.0,29551.0,0.0,357530883.394482,0.1950282447094348,22,73.38,30.555909090909093,1.804545454545455,9.941227272727271,12.528310352849616,3.0,8.02481030209726,12.0,175.41,0.0,0.0,0.0,0.0,0.029,3.4207737580280515,13.0,138.0,132.69230769230768
2995,28147,Walthall County,"13,928",37145.0,6882.0,0.0,107727576.74373531,0.1028518015553194,1,0.12,0.34,2.7,0.06,9.449373166055071,11.0,1.432787153325364,7.0,141.25,0.0,0.0,0.0,0.0,0.069,2.4033284501516774,6.0,500.0,179.16666666666666
2996,29137,Monroe County,"8,959",50245.0,4493.0,0.0,245125143.30509013,0.1412239251539454,3,59.35,766.11,15.1,16.885666666666665,8.110757414554941,13.0,0.7089468019951068,30.0,366.75,0.0,0.0,0.0,0.0,0.1,15.030583822794636,5.0,69.0,69.0
2997,26073,Isabella County,"64,691",52638.0,28580.0,0.0,98726673.18644576,0.0659835869078849,18,7.84,1.3505555555555555,2.583333333333333,1.2503333333333333,8.13531898688401,0.0,1.9024415631875475,15.0,213.16,0.0,0.0,0.0,0.0,0.036,21.318524277458533,1.0,138.0,138.0
2998,48341,Moore County,"21,891",59041.0,8184.0,0.0,2814.6604305337632,1.1947246909383196e-06,3,36.38,1001.5466666666666,29.76666666666667,3.508,19.37689655916468,3.0,4.311746073201706,8.0,53.74,0.0,0.0,0.0,0.0,0.1,6.612256678464243,17.0,345.0,136.64705882352942
2999,45017,Calhoun County,"14,188",55550.0,7059.0,0.0,104621856.33069994,0.1029205649854824,7,63.31,38.47714285714285,2.8714285714285714,158.211,2.7961909393459834,173.0,2.7651543054768952,17.0,274.85,0.0,0.0,0.0,0.0,0.28,3.6461642944210593,18.0,230.0,127.77777777777776
3000,56035,Sublette County,"8,929",85960.0,5235.0,0.0,21215.36278577277,1.6596176043007027e-06,98,81.14,5.753979591836735,7.05,0.2765510204081632,16.467327375157158,47.0,4.124967543284292,119.0,1424.97,0.0,0.0,0.0,0.0,0.22,105.22493231075488,0.0,0.0,0.0
3001,29095,Jackson County,"732,994",65169.0,330584.0,2.0,195360018.9838684,0.1223815036952846,20,15.3,8.3635,5.115,0.3326,0.4041794750521941,23.0,2.337946312995569,21.0,332.46,1.0,17512367.45745829,0.0109704630141599,0.0,0.07,2.015658146915969,80.0,345.0,163.3
3002,13281,Towns County,"13,285",55574.0,8618.0,0.0,22845144.435301814,0.0513452114269012,1,21.53,296.7,13.8,10.952,0.73256327537494,1.0,0.8232760584343468,10.0,43.29,0.0,0.0,0.0,0.0,0.2,4.500501531407832,5.0,69.0,69.0
3003,26149,St. Joseph County,"60,968",62281.0,27198.0,0.0,83896500.9740128,0.0621707913383371,47,32.04,2.5795744680851067,3.1765957446808515,3.436702127659574,1.3635854763167805,0.0,1.4697851672405398,43.0,294.33,0.0,0.0,0.0,0.0,0.082,11.166013195414823,10.0,138.0,124.2
3004,17055,Franklin County,"36,916",51031.0,18478.0,0.0,249142926.10092664,0.222945443386025,17,77.49000000000001,44.77529411764706,2.723529411764706,1.2272941176470589,4.920671543082262,0.0,3.954182827539544,14.0,250.52,0.0,0.0,0.0,0.0,0.46,1.482310032367938,21.0,345.0,112.8095238095238
3005,30033,Garfield County,"1,148",61786.0,752.0,0.0,446.6885259264842,3.5566924328491446e-08,18,819.86,1309.7844444444445,4.322222222222222,17.731499999999997,6.911412445474299,1.0,17.821223370749994,41.0,409.55,0.0,0.0,0.0,0.0,0.034,132.71568714245413,0.0,0.0,0.0
3006,31001,Adams County,"31,071",61502.0,13804.0,0.0,162775445.49547777,0.1113869945478549,8,2.49,0.6525,2.0125,0.07275,1.2542759421461802,0.0,6.270432028364985,5.0,124.11,1.0,5366704.2638974,0.0036724277225172,0.0,0.045,4.462415542498176,30.0,345.0,98.13333333333334
3007,27109,Olmsted County,"166,731",90420.0,69216.0,1.0,67433925.43347564,0.039765096375967,9,3.63,5.432222222222222,5.444444444444445,6.959666666666667,4.9675145479508895,75.0,1.0893818852440629,20.0,294.58,1.0,46155.25559673462,2.7217282328790955e-05,0.0,0.027,2.204293943032934,65.0,345.0,107.21538461538462
3008,34039,Union County,"601,863",95000.0,209928.0,0.0,34120286.061207585,0.1249805063882431,1,0.27,0.66,2.4,0.249,6.7685248574083605,71.0,0.0420602269530639,6.0,125.02,0.0,0.0,0.0,0.0,0.17,2.129590588954384,19.0,345.0,237.26315789473685
3009,72139,Trujillo Alto Municipio,,35821.0,29548.0,0.0,3967926.6231029104,0.0716507335624564,1,0.66,4.09,6.2,13.44,3.388624864982307,0.0,0.7987150596630574,1.0,42.19,0.0,0.0,0.0,0.0,0.45,114.51050318406143,0.0,0.0,0.0
3010,01097,Mobile County,"411,658",55352.0,184845.0,0.0,831205613.1040728,0.1952068794706995,14,15.34,12.76142857142857,3.157142857142857,149.5697142857143,9.54540456013964,168.0,3.334106183335694,30.0,535.16,0.0,0.0,0.0,0.0,0.062,0.3539403635226653,174.0,230.0,131.52298850574712
3011,46087,McCook County,"5,964",74873.0,2465.0,0.0,34462360.54244461,0.0230659305567619,27,11.52,1.1425925925925926,2.203703703703704,0.2671481481481481,5.327726397868498,2.0,2.542820740446732,6.0,96.35,0.0,0.0,0.0,0.0,0.056,4.077209921582712,18.0,230.0,80.5
3012,01057,Fayette County,"15,872",45650.0,7816.0,0.0,185850022.77987108,0.1140167235133091,2,0.5,1.165,4.6,0.5375,7.10483118796157,6.0,4.361358316649018,16.0,382.06,0.0,0.0,0.0,0.0,0.19,8.01299410250788,19.0,500.0,178.8421052631579
3013,01017,Chambers County,"34,253",48805.0,16427.0,0.0,146090851.45274845,0.0935246391396317,5,109.70000000000002,195.492,6.58,69.56980000000001,6.559645400454038,44.0,1.7576744433650138,23.0,243.64,0.0,0.0,0.0,0.0,0.093,0.9584966228710712,22.0,115.0,115.0
3014,37131,Northampton County,"16,491",45698.0,10652.0,0.0,269602128.35805374,0.1890718722951754,9,88.05000000000001,85.60666666666665,3.788888888888889,94.6,4.19565538979541,265.0,2.0103267079497305,16.0,318.76,0.0,0.0,0.0,0.0,0.064,0.8141081980055819,12.0,230.0,201.25
3015,08081,Moffat County,"13,122",63983.0,6096.0,0.0,6756.536908201237,5.490999466025609e-07,9,4.37,3.428888888888889,4.133333333333334,23.11,54.81157051948047,61.0,6.365053838471941,75.0,684.05,0.0,0.0,0.0,0.0,0.17,67.55983825025326,0.0,0.0,0.0
3016,21087,Green County,"11,644",38595.0,5278.0,0.0,67260335.60052457,0.0899239591301254,0,0.0,0.0,0.0,0.0,18.667078290222715,0.0,0.7241303854721194,9.0,471.56,0.0,0.0,0.0,0.0,0.13,2.691001502376213,8.0,69.0,69.0
3017,18047,Franklin County,"23,286",75985.0,9687.0,0.0,68693454.25229326,0.0678243421118683,1,19.84,443.6,22.4,13.266,5.663145052547779,0.0,1.6058361749682997,20.0,222.29,0.0,0.0,0.0,0.0,0.11,2.153753544569013,22.0,138.0,81.54545454545455
3018,37013,Beaufort County,"44,670",56081.0,24299.0,0.0,541788554.8486851,0.2172572742517632,13,4.24,2.0923076923076924,3.5461538461538464,0.0451538461538461,8.162327730935244,952.0,4.461238863562654,19.0,247.63,0.0,0.0,0.0,0.0,0.056,17.33156408148254,9.0,230.0,230.0
3019,72073,Jayuya Municipio,,18363.0,6188.0,0.0,1958849.222122072,0.0169769799939752,0,0.0,0.0,0.0,0.0,6.635272391541536,0.0,0.3903982048527987,7.0,27.12,0.0,0.0,0.0,0.0,0.47,49.60643744362272,0.0,0.0,0.0
3020,38015,Burleigh County,"103,251",82141.0,42968.0,0.0,169472793.87450287,0.0392175506235919,48,116.27,7.067083333333333,2.270833333333333,0.6048333333333333,17.331370249230705,8.0,9.935951857266824,18.0,206.55,1.0,339240.5638686364,7.850336141236971e-05,0.0,0.024,6.089690780839405,70.0,230.0,131.42857142857142
3021,37159,Rowan County,"155,096",59717.0,63508.0,0.0,122190106.82825293,0.0900422541121324,6,50.48,78.31333333333333,6.083333333333333,54.97566666666666,11.188164330254072,22.0,1.4202019213147017,45.0,502.6,0.0,0.0,0.0,0.0,0.11,2.4095785802996588,80.0,500.0,118.0
3022,26071,Iron County,"11,757",52241.0,8981.0,0.0,227997.15448202935,7.26800856125491e-05,110,95.8,4.812818181818182,4.031818181818182,1.9529727272727275,4.5366114546122,0.0,1.336056078328432,84.0,609.61,0.0,0.0,0.0,0.0,0.021,21.874584385461336,6.0,138.0,92.0
3023,27067,Kandiyohi County,"44,720",73285.0,20032.0,0.0,185566588.9502076,0.0830814713865399,99,146.93,6.731515151515152,3.1707070707070706,0.2972828282828283,1.3040683544628808,0.0,1.3580899237821018,38.0,271.73,0.0,0.0,0.0,0.0,0.033,3.165120821363673,30.0,115.0,72.06666666666666
3024,21237,Wolfe County,"6,298",28666.0,3067.0,0.0,18291458.086404625,0.0317051249406497,0,0.0,0.0,0.0,0.0,27.51155502655292,0.0,1.7108846614319695,6.0,245.5,0.0,0.0,0.0,0.0,0.13,4.19663946965253,3.0,69.0,69.0
3025,48149,Fayette County,"25,459",72881.0,13198.0,0.0,386677388.8037132,0.1555487755606536,4,9.44,27.505,4.525,0.08125,17.177221741065733,1.0,0.2042009294380062,14.0,501.51,0.0,0.0,0.0,0.0,0.035,7.565364969747497,21.0,345.0,197.14285714285717
3026,46081,Lawrence County,"29,459",62977.0,14289.0,0.0,47013110.90146396,0.0226810200818021,1,0.74,6.39,8.6,0.01,4.991119211696662,16.0,2.743419815379577,24.0,402.72,0.0,0.0,0.0,0.0,0.07,2.02467815504402,28.0,69.0,69.0
3027,23029,Washington County,"31,334",51669.0,21723.0,0.0,856556350.9802449,0.1015228461850345,153,615.98,19.88084967320261,4.227450980392157,2.8744509803921567,0.1508547445725482,556.0,0.265303058150644,222.0,961.73,0.0,0.0,0.0,0.0,0.14,32.5965368841347,5.0,115.0,115.0
3028,48045,Briscoe County,"1,474",35446.0,925.0,0.0,0.0,0.0,1,0.79,85.4,108.1,0.16,21.071710023291843,16.0,10.318263951169692,8.0,107.25,0.0,0.0,0.0,0.0,0.066,13.606542414647835,13.0,345.0,153.92307692307693
3029,26131,Ontonagon County,"5,823",48316.0,5271.0,0.0,0.0,0.0,19,81917.63,631813.9378947369,12.289473684210526,154.12136842105264,0.0,0.0,18.10543304453893,34.0,471.9,0.0,0.0,0.0,0.0,0.022,22.58778396627869,10.0,69.0,69.0
3030,28015,Carroll County,"9,226",42285.0,4946.0,0.0,172412594.3570774,0.1049014176432777,29,7.59,0.7406896551724138,3.075862068965517,0.6741034482758621,1.632872738033722,0.0,1.1737070681659905,18.0,213.57,0.0,0.0,0.0,0.0,0.17,5.382440392471361,6.0,115.0,115.0
3031,38033,Golden Valley County,"1,808",84750.0,930.0,0.0,1023597.2311721784,0.0003942326282008,2,0.6699999999999999,1.0499999999999998,3.1,0.272,15.708683311238644,0.0,7.5141219530831025,8.0,267.81,0.0,0.0,0.0,0.0,0.032,7.178866348243079,2.0,69.0,69.0
3032,56027,Niobrara County,"2,341",54375.0,1325.0,0.0,9380.69085623499,1.378226205408586e-06,2,0.29,0.42,2.75,0.1145,27.70458993284776,0.0,3.315738813547113,55.0,639.17,0.0,0.0,0.0,0.0,0.12,69.49012782953771,0.0,0.0,0.0
3033,27117,Pipestone County,"9,260",68341.0,4339.0,0.0,54240281.09506014,0.044944461381454,2,0.51,0.59,2.35,0.2215,8.764204990875301,1.0,0.4063742311446621,13.0,151.03,0.0,0.0,0.0,0.0,0.039,1.2556421489433849,17.0,115.0,77.11764705882354
3034,51099,King George County,"29,646",103264.0,10391.0,0.0,50366048.396736935,0.1035653910316236,2,0.31,0.425,2.35,34.8675,6.105943266488132,0.0,4.402480943806381,9.0,141.46,2.0,17414734.282678828,0.035809117909959,0.0,0.099,5.388469585803604,5.0,230.0,230.0
3035,53025,Grant County,"105,727",66387.0,38851.0,29.0,490641040.0201442,0.0678635577174744,66,495.84,122.82727272727271,5.056060606060606,50.57015151515152,1.3743979724377064,92.0,1.6483949988859232,67.0,684.89,1.0,143431.0902396179,1.983882976963556e-05,0.0,0.2,11.540134474187978,5.0,500.0,423.0
3036,27129,Renville County,"14,356",66313.0,6950.0,0.0,47291871.84488116,0.0184982213259568,9,9.9,2.5544444444444445,2.288888888888889,0.3754444444444444,18.49345450135658,91.0,4.667298700054116,31.0,414.93,0.0,0.0,0.0,0.0,0.032,9.57941747225761,27.0,230.0,87.74074074074075
3037,12001,Alachua County,"290,028",57566.0,123751.0,2.0,741444878.3548485,0.2954922080819315,14,63.33,22.212857142857143,3.2857142857142856,4.017,22.247652258175385,0.0,10.320129102715946,13.0,131.5,0.0,0.0,0.0,0.0,0.049,3.9314332007094976,48.0,230.0,122.66666666666669
3038,13241,Rabun County,"17,764",57261.0,12078.0,0.0,48750620.93276378,0.0499239371518877,4,13.33,57.2025,18.0,16.55625,10.824512971898066,0.0,0.2522455373716969,24.0,147.4,0.0,0.0,0.0,0.0,0.2,2.915237505352933,5.0,115.0,115.0
3039,54097,Upshur County,"23,758",49663.0,11224.0,0.0,27726342.11898941,0.0301763729362377,2,1.96,16.255,11.25,1.018,6.461826255790273,0.0,1.6542965079659666,12.0,298.56,0.0,0.0,0.0,0.0,0.071,7.189913446557088,7.0,138.0,138.0
3040,29215,Texas County,"25,994",42870.0,11042.0,0.0,14188.563048751414,4.645624110389555e-06,0,0.0,0.0,0.0,0.0,35.78067953850764,0.0,2.6514813740810035,20.0,424.0,1.0,68876.18154957192,2.2551462649095884e-05,0.0,0.23,3.97464206484954,9.0,69.0,69.0
3041,05119,Pulaski County,"404,611",58326.0,190782.0,1.0,565283521.3595927,0.270321958639934,25,43.86,11.633200000000002,2.432,0.32152,7.254522388927641,73.0,0.8143701674814874,45.0,414.35,2.0,122671521.84740868,0.0586622549607959,0.0,0.26,0.438786829046503,68.0,500.0,133.33823529411765
3042,19047,Crawford County,"16,237",61188.0,6860.0,0.0,78647129.76517352,0.0424674921238521,3,0.45,0.4033333333333333,2.9333333333333336,2.645,2.4625174101139637,0.0,1.876064390544537,10.0,329.23,0.0,0.0,0.0,0.0,0.036,2.0144819704031565,32.0,161.0,74.75
3043,16005,Bannock County,"91,591",60998.0,35186.0,0.0,77678576.73303895,0.0261243841827372,7,200.43,295.18142857142857,4.8,38.83542857142857,19.57849720865674,1.0,0.4590879002476512,30.0,424.79,0.0,0.0,0.0,0.0,0.3,91.02806532919504,0.0,0.0,0.0
3044,39055,Geauga County,"95,676",97162.0,37465.0,0.0,52853433.67140285,0.0499650086945907,13,9.73,5.201538461538462,3.715384615384615,0.2754615384615385,2.73834177247507,0.0,0.8951568683965834,21.0,227.89,0.0,0.0,0.0,0.0,0.079,10.38937660181321,22.0,345.0,166.22727272727272
3045,72035,Cayey Municipio,,26704.0,19696.0,0.0,2598293.6248714887,0.0193069103971651,0,0.0,0.0,0.0,0.0,5.681227157263987,0.0,2.777362910334293,3.0,60.370000000000005,0.0,0.0,0.0,0.0,0.43,95.85636897739884,0.0,0.0,0.0
3046,06107,Tulare County,"485,146",64474.0,151190.0,0.0,708386804.5775346,0.0565302737802332,25,17.31,12.6844,7.492000000000001,1.18624,17.309823464400154,0.0,0.7818815374296425,61.0,786.44,0.0,0.0,0.0,0.0,0.33,9.70711093170998,90.0,230.0,75.06666666666666
3047,72015,Arroyo Municipio,,18496.0,8153.0,0.0,7509876.817113111,0.0813378001022289,0,0.0,0.0,0.0,0.0,6.815133762910029,0.0,3.9323793216083063,0.0,0.0,0.0,0.0,0.0,0.0,0.44,108.45956120048608,0.0,0.0,0.0
3048,72125,San Germán Municipio,,17862.0,15768.0,0.0,14256565.617637943,0.1009854881815635,0,0.0,0.0,0.0,0.0,14.60190390820817,0.0,1.7011704961471197,4.0,36.62,0.0,0.0,0.0,0.0,0.53,1.5162935084305558,3.0,115.0,63.66666666666666
3049,36117,Wayne County,"91,250",71007.0,42274.0,0.0,14324.925847708631,3.999031665540323e-06,14,19352.28,117144.49,9.364285714285714,553.7069285714286,0.0,102.0,6.432417187322902,26.0,290.83,0.0,0.0,0.0,1.0,0.085,15.521877390623516,20.0,345.0,138.0
3050,51163,Rockbridge County,"22,663",61903.0,11283.0,0.0,81995113.13117743,0.0527681476480954,1,1.48,10.2,6.9,2.612,16.18537557135042,0.0,0.1738065627008016,17.0,461.49,0.0,0.0,0.0,0.0,0.091,2.7899752663439044,15.0,230.0,130.33333333333334
3051,38095,Towner County,"2,040",61250.0,1319.0,0.0,0.0,0.0,46,23.68,1.0319565217391304,1.7173913043478262,0.0524782608695652,1.9667888205261244,1233.0,2.125840335675832,17.0,60.89,0.0,0.0,0.0,0.0,0.02,11.68882921178574,16.0,115.0,67.9
3052,42045,Delaware County,"580,937",86390.0,229039.0,0.0,47388806.59743438,0.0959964125308618,4,2.33,4.9775,5.575,0.6005,3.670998101877747,0.0,2.90266204643414,5.0,26.03,0.0,0.0,0.0,0.0,0.14,0.6039291892693429,41.0,230.0,176.14634146341464
3053,36063,Niagara County,"208,912",65882.0,100182.0,2.0,124536715.49751864,0.0421923242289047,8,19356.24,205014.8725,14.5,968.431875,0.0,120.0,4.224322744275318,24.0,317.08,2.0,6026619.558985889,0.0020417841069693,0.0,0.099,18.73060717067641,138.0,345.0,122.5
3054,20117,Marshall County,"9,852",64306.0,4766.0,0.0,291035097.27466816,0.1241518675125025,2,0.28,0.395,2.75,0.0895,23.035839566584876,0.0,4.143633281137623,15.0,274.71,0.0,0.0,0.0,0.0,0.051,8.303770251331565,4.0,115.0,115.0
3055,48505,Zapata County,"13,753",35061.0,6183.0,0.0,521857875.64102864,0.1904418721295107,4,121.24,980.1925,9.35,54.1595,16.267577176644522,1.0,8.32974876072106,17.0,171.86,0.0,0.0,0.0,0.0,0.022,12.93800106677426,1.0,345.0,345.0
3056,13177,Lee County,"34,179",83632.0,12697.0,0.0,103200163.25994892,0.110133997086706,3,27.43,59.796666666666674,3.4,40.574,3.3760792415896765,30.0,0.1218451435216963,10.0,205.34,0.0,0.0,0.0,0.0,0.068,5.308158606686672,6.0,230.0,134.16666666666666
3057,21019,Boyd County,"47,751",58327.0,21745.0,0.0,33550090.93133091,0.0799528601220607,0,0.0,0.0,0.0,0.0,12.621818455151791,0.0,1.0967846364623932,10.0,92.79,0.0,0.0,0.0,0.0,0.11,1.7934388847021057,29.0,765.0,128.68965517241378
3058,27019,Carver County,"114,379",116308.0,40570.0,1.0,102810131.08673084,0.1055965379028575,63,61.92,4.878888888888889,3.631746031746032,7.10484126984127,2.8686864089202486,149.0,2.1368896337980514,20.0,314.7,0.0,0.0,0.0,0.0,0.026,1.6420629916986704,24.0,115.0,99.66666666666669
3059,31037,Colfax County,"10,934",71205.0,3996.0,0.0,251100790.8765573,0.2327654231772991,2,0.5700000000000001,0.39,1.45,0.0225,13.607238876690172,0.0,1.1559138138385134,13.0,275.94,0.0,0.0,0.0,0.0,0.057,9.81543810059474,3.0,115.0,115.0
3060,45025,Chesterfield County,"44,740",46326.0,20583.0,0.0,192282147.62894464,0.0921496428638938,14,11.43,5.671428571428572,3.4428571428571426,0.785,10.608029486964648,408.0,2.0029153049665287,19.0,392.23,0.0,0.0,0.0,0.0,0.17,4.3351658070694326,36.0,230.0,99.02777777777776
3061,17083,Jersey County,"21,160",77607.0,9834.0,0.0,116399578.46008876,0.1190815909152282,3,5.19,5.133333333333333,3.0666666666666664,559.4540000000001,15.378913102402642,0.0,11.983179684034052,10.0,234.42,0.0,0.0,0.0,0.0,0.21,19.73539233273461,0.0,0.0,0.0
3062,51085,Hanover County,"116,423",104678.0,43331.0,0.0,110519832.65941884,0.0903082207045608,5,1.34,0.97,3.62,2.3978,11.829577683357051,0.0,4.590204792400455,12.0,306.84,0.0,0.0,0.0,0.0,0.17,3.2848630098206737,19.0,500.0,197.8947368421053
3063,20199,Wallace County,"1,441",57708.0,742.0,0.0,0.0,0.0,0,0.0,0.0,0.0,0.0,29.220624206498115,1.0,6.847008112744265,7.0,55.14999999999999,0.0,0.0,0.0,0.0,0.044,6.714280127351361,4.0,115.0,103.5
3064,26003,Alger County,"8,641",55528.0,6208.0,0.0,46.54517160769744,3.560291276223465e-09,48,81882.76,250087.28166666665,7.18125,60.12422916666667,0.0,0.0,44.16919677181491,35.0,357.41,0.0,0.0,0.0,0.0,0.02,61.62209760537057,10.0,138.0,75.9
3065,05049,Fulton County,"12,492",38917.0,6247.0,0.0,36962.17280377425,2.3001369339179888e-05,4,80.12,612.25,10.725,16.12225,17.1789547656789,1.0,0.8382634520454015,20.0,328.45,0.0,0.0,0.0,0.0,0.34,3.7240039674800434,8.0,161.0,103.5
3066,48215,Hidalgo County,"921,549",49371.0,296286.0,0.0,186967.20175717436,4.5607155542827e-05,25,22.61,2.6772000000000005,3.36,0.1181199999999999,0.9363245593065886,0.0,28.74499965042108,8.0,327.97,0.0,0.0,0.0,0.0,0.022,4.10603367526538,41.0,345.0,145.70731707317074
3067,37155,Robeson County,"119,941",39393.0,48811.0,0.0,533908504.8587109,0.2171633490543703,1,0.12,0.2,1.7,0.142,22.410352050099817,1460.0,1.6372203881760292,28.0,363.02,0.0,0.0,0.0,0.0,0.14,1.0073869361547376,49.0,230.0,136.12244897959184
3068,26123,Newaygo County,"51,622",59065.0,24689.0,0.0,34612150.6579621,0.0155086987334022,49,24.36,2.429591836734694,3.5142857142857142,1.1471020408163266,2.423360026581666,0.0,0.7148395877442769,29.0,361.62,0.0,0.0,0.0,0.0,0.038,8.41461930688295,12.0,345.0,149.5
3069,41049,Morrow County,"12,602",64975.0,4724.0,28.0,108127413.78656702,0.0203882454342205,5,4.7700000000000005,40.64,19.880000000000003,0.1568,8.522479040465372,33.0,3.095863490604964,22.0,509.1,2.0,233922626.1648601,0.0441078885349155,0.0,0.18,45.964262632693725,2.0,500.0,500.0
3070,27153,Todd County,"26,060",63216.0,12841.0,0.0,169162945.98633605,0.0666802214009264,97,88.16,4.569072164948453,3.4381443298969074,0.3421237113402062,2.752919261319792,0.0,2.380456730748445,33.0,411.37,0.0,0.0,0.0,0.0,0.031,1.4270649223813878,10.0,115.0,105.8
3071,05083,Logan County,"21,633",51131.0,9779.0,0.0,231101709.85106733,0.1222392079988088,11,112.96,86.39818181818181,7.054545454545456,210.849,6.138220377889278,9.0,4.084427794048043,26.0,264.92,1.0,465.2178002358349,2.4607284595351894e-07,0.0,0.14,5.442967923551982,13.0,161.0,139.76923076923077
3072,37109,Lincoln County,"98,654",75672.0,37715.0,0.0,71788778.6035869,0.0909190452222611,1,111.96,510.8,4.6,82.688,17.800579040460885,13.0,2.9929976696597445,16.0,233.96,0.0,0.0,0.0,0.0,0.13,3.019030137943879,22.0,230.0,135.45454545454547
3073,05091,Miller County,"42,357",47613.0,19790.0,0.0,833107920.3578184,0.503965190314362,28,11.41,0.9367857142857144,2.1607142857142856,0.4317142857142858,10.262645667633905,5.0,3.279527050516604,33.0,262.57,0.0,0.0,0.0,0.0,0.088,2.759816991271455,16.0,138.0,77.625
3074,12095,Orange County,"1,528,002",72629.0,565109.0,2.0,849771531.350011,0.3269753042850139,125,243.55,14.783359999999998,3.2184,0.762552,1.3176939600427655,0.0,6.438942023164659,33.0,236.39,2.0,171680.37967140315,6.605921981599346e-05,0.0,0.038,1.4845682235347992,135.0,230.0,125.73333333333332
3075,08111,San Juan County,813,67344.0,729.0,0.0,2850879.0202977825,0.0028347305353284,0,0.0,0.0,0.0,0.0,18.93868044017749,24.0,0.8192214220299765,6.0,178.75,0.0,0.0,0.0,0.0,0.15,77.80438739946224,0.0,0.0,0.0
3076,16041,Franklin County,"15,889",61679.0,5027.0,0.0,32788.29841440651,1.8959753584697983e-05,9,5.43,4.341111111111111,5.344444444444445,2.819777777777778,4.721609160569669,40.0,0.1689575327063229,23.0,198.04,0.0,0.0,0.0,0.0,0.39,43.73253104841064,0.0,0.0,0.0
3077,13045,Carroll County,"131,036",66895.0,46510.0,0.0,105946586.14715011,0.0812107960192053,18,9.8,4.622222222222223,4.372222222222223,0.721,1.985289029152843,91.0,1.4109058388874651,11.0,277.9,0.0,0.0,0.0,0.0,0.12,2.0630813604750124,32.0,500.0,134.21875
3078,20161,Riley County,"72,598",56327.0,30595.0,0.0,200503685.96737215,0.1244511905821277,4,44.85,697.2625,18.175,107.55175,4.7519839333148335,28.0,0.8154492582696529,24.0,313.26,1.0,329723189.5043201,0.2046568036810389,0.0,0.056,14.883031018748277,8.0,230.0,143.75
3079,48413,Schleicher County,"2,245",53774.0,1296.0,0.0,3975.842376080138,1.1712139655234194e-06,0,0.0,0.0,0.0,0.0,39.97771127938444,0.0,24.74168013692304,5.0,131.73999999999998,0.0,0.0,0.0,0.0,0.028,4.054650218590635,10.0,345.0,138.0
3080,51167,Russell County,"25,332",44088.0,12814.0,0.0,31724691.335210927,0.0257092438531104,2,1.6,6.869999999999999,8.05,0.242,8.933698615271648,1.0,2.167268580820333,15.0,284.87,0.0,0.0,0.0,0.0,0.16,6.450528148313438,10.0,138.0,138.0
3081,37027,Caldwell County,"81,105",52362.0,37125.0,0.0,62405469.05220012,0.0507676402000602,3,19.89,80.47333333333334,9.633333333333336,39.815000000000005,19.00728256637908,4.0,3.777430099019429,24.0,261.32,0.0,0.0,0.0,0.0,0.16,7.564845113503039,12.0,230.0,143.33333333333334
3082,16065,Madison County,"55,172",53025.0,14328.0,1.0,13231.367186708172,1.079321013603158e-05,1,0.67,1.79,2.7,2.739,13.867942619670062,0.0,2.4784037506848584,12.0,350.36,0.0,0.0,0.0,0.0,0.21,42.6453560531152,0.0,0.0,0.0
3083,18173,Warrick County,"66,803",91105.0,26274.0,0.0,228353487.453054,0.2254635219261402,13,4.54,0.7492307692307693,2.261538461538461,0.7368461538461537,3.2606986620403884,0.0,1.8397468046216523,15.0,162.19,0.0,0.0,0.0,0.0,0.31,6.255854696903475,56.0,138.0,99.80357142857144
3084,21001,Adair County,"19,423",49690.0,8629.0,0.0,97519232.65545332,0.0913020645329162,1,30.77,892.1,29.0,25.798,9.180957310123434,0.0,0.1155955493200745,17.0,272.11,0.0,0.0,0.0,0.0,0.13,0.5452466230907349,7.0,69.0,69.0
3085,21077,Gallatin County,"8,840",58641.0,3726.0,0.0,31957835.08732064,0.1179255765383504,1,0.2,0.7,3.5,0.186,4.301109900217461,0.0,3.703459760278865,16.0,156.72,0.0,0.0,0.0,0.0,0.11,1.6900711302489326,8.0,345.0,129.375
3086,21097,Harrison County,"19,627",58840.0,8101.0,0.0,54372671.48984583,0.0677474701758216,0,0.0,0.0,0.0,0.0,15.380017142554822,0.0,0.5409326238781949,10.0,321.84000000000003,0.0,0.0,0.0,0.0,0.13,5.539493879986417,9.0,138.0,76.66666666666667
3087,22079,Rapides Parish,"125,877",55407.0,58076.0,0.0,2437620.690784748,0.0006912643295647,45,117.83,10.374444444444444,3.062222222222222,121.90204444444446,1.2147921428027402,349.0,0.7842891906875484,81.0,820.48,4.0,56242831.087956175,0.0159494309643088,0.0,0.062,4.629043172037528,24.0,230.0,184.0
3088,31111,Lincoln County,"33,303",63019.0,16573.0,0.0,438386287.5506172,0.0657297127958907,17,23.12,7.99235294117647,3.3117647058823527,16.071764705882355,1.622227899330466,8.0,6.611028591695685,27.0,331.2,0.0,0.0,0.0,0.0,0.041,0.7545387845743772,56.0,345.0,107.19642857142856
3089,48067,Cass County,"28,651",54303.0,13944.0,0.0,455603254.1579887,0.1831808221934833,10,96.31,711.1360000000001,11.53,49.575,1.6023406174552868,2.0,1.1775296687942007,29.0,370.54,0.0,0.0,0.0,0.0,0.077,1.620133424946047,18.0,345.0,140.55555555555554
3090,47079,Henry County,"32,896",48025.0,16976.0,1.0,253916410.312135,0.1652130714286591,7,577.25,1081.24,4.828571428571428,306.82314285714284,10.515670654951466,21.0,0.5284363196564816,40.0,261.34,0.0,0.0,0.0,0.0,0.52,1.67621425206714,27.0,161.0,89.44444444444444
3091,51840,Winchester city,"28,272",62495.0,12353.0,0.0,1534741.2051176836,0.0643120963572892,0,0.0,0.0,0.0,0.0,10.143822973798232,0.0,4.866122727523291,0.0,0.0,0.0,0.0,0.0,0.0,0.072,3.2135219683858485,0.0,0.0,0.0
3092,37061,Duplin County,"51,571",49376.0,23865.0,0.0,304855860.90202993,0.143505225101927,2,0.44,0.4399999999999999,1.9,0.082,12.902201489933244,246.0,3.6301470111481096,13.0,216.44,0.0,0.0,0.0,0.0,0.084,5.077196445095111,29.0,230.0,118.96551724137932
3093,37087,Haywood County,"63,369",56596.0,35051.0,0.0,29546490.065867424,0.0205733661250455,4,2.25,7.595,11.35,8.99825,3.128426255082454,0.0,2.476307512778196,17.0,176.36,0.0,0.0,0.0,0.0,0.23,1.351988129913105,27.0,115.0,115.0
3094,27037,Dakota County,"457,710",101360.0,174164.0,2.0,146192072.74966326,0.0961782334120066,37,20.4,2.4575675675675672,3.6216216216216215,25.73183783783784,11.990297393683706,728.0,0.1928539548594182,15.0,482.55,1.0,48572.56868149652,3.195538417510025e-05,0.0,0.025,3.091760930028544,119.0,345.0,104.17647058823528
3095,41025,Harney County,"7,380",45462.0,3705.0,0.0,997577766.2884784,0.0376591608362031,64,520.14,37.23578125,3.640625,0.887359375,8.180837510034172,22.0,7.521403456885598,157.0,1072.09,0.0,0.0,0.0,0.0,0.15,61.16188421204196,1.0,500.0,500.0
3096,72095,Maunabo Municipio,,21951.0,4988.0,0.0,7305869.867224506,0.0735250500862618,0,0.0,0.0,0.0,0.0,13.117791080137955,0.0,5.942651296398471,0.0,0.0,0.0,0.0,0.0,0.0,0.45,124.1254766345538,0.0,0.0,0.0
3097,55001,Adams County,"21,752",55223.0,16789.0,0.0,189078135.9774186,0.1061899480824264,24,160.92000000000002,39.30708333333333,3.845833333333333,23.532875,1.905408795074712,0.0,1.504714845165931,36.0,257.81,0.0,0.0,0.0,0.0,0.031,2.2564532358102145,24.0,138.0,77.625
3098,27095,Mille Lacs County,"27,753",68088.0,12875.0,0.0,364947089.17511487,0.206745638609783,11,527.24,369.96,3.7,1.9009090909090909,10.882045910843065,0.0,1.9049579889930843,23.0,237.65,0.0,0.0,0.0,0.0,0.023,2.7806565583995733,19.0,69.0,69.0
3099,38099,Walsh County,"10,179",68082.0,5219.0,0.0,543887197.3738898,0.1622803721106542,13,7.29,1.1730769230769231,2.076923076923077,0.5056923076923078,6.520241713998752,246.0,3.434951990944411,21.0,577.48,0.0,0.0,0.0,0.0,0.02,3.877839720953765,28.0,230.0,71.57142857142857
3100,39115,Morgan County,"13,626",51056.0,7295.0,0.0,47619500.72452974,0.0435913598890459,4,2.87,8.790000000000001,6.475,0.2635,9.745623242884154,0.0,1.2351783558704794,10.0,250.88,1.0,1815516.8357828655,0.0016619419895023,0.0,0.077,13.679816263250853,6.0,138.0,138.0
3101,39133,Portage County,"163,404",69796.0,70692.0,0.0,117967748.67317048,0.0903579175768491,25,36.72,16.3876,4.704,1.33004,2.879828075126716,0.0,0.3159510330891624,30.0,205.17,1.0,82046670.8592926,0.0628440095394047,0.0,0.067,3.727705282881748,10.0,345.0,200.1
3102,56041,Uinta County,"20,728",78164.0,8831.0,0.0,261810880.95954597,0.0484094632738204,11,13.85,12.48,6.527272727272727,0.7989999999999999,10.644444952732403,0.0,4.04387786244102,58.0,460.91,0.0,0.0,0.0,0.0,0.21,73.27671482142637,0.0,0.0,0.0
3103,32013,Humboldt County,"17,267",75574.0,7671.0,0.0,239979417.23004425,0.0095939063184054,27,29.3,7.534814814814815,4.992592592592593,0.7969999999999999,34.15465883435304,131.0,4.022435520365192,148.0,799.29,0.0,0.0,0.0,0.0,0.25,21.92221289836697,9.0,120.0,120.0
3104,13307,Webster County,"2,369",35000.0,1207.0,0.0,38669629.26139216,0.0709080442457161,4,0.58,0.4575,3.225,0.2185,1.8892862337745189,0.0,0.7031182352421457,5.0,185.31,0.0,0.0,0.0,0.0,0.069,16.453364058738334,0.0,0.0,0.0
3105,13169,Jones County,"29,171",66288.0,11662.0,0.0,76713881.14988633,0.0749067938572179,5,2.01,6.994,7.24,13.816800000000004,13.234625455319742,26.0,1.410707354191039,12.0,388.52,0.0,0.0,0.0,0.0,0.13,8.068654335943705,12.0,230.0,124.58333333333331
3106,13135,Gwinnett County,"1,018,099",82296.0,331184.0,4.0,84454360.56002069,0.074586065453609,11,135.85000000000002,287.1090909090909,5.509090909090909,6.108181818181819,6.379688607158809,75.0,0.8014375765438139,12.0,411.41,0.0,0.0,0.0,0.0,0.12,1.146851478964699,112.0,500.0,151.65178571428572
3107,55095,Polk County,"45,803",74142.0,24272.0,0.0,160234937.40438798,0.064686409892285,123,78.77,3.1508130081300814,3.7089430894308943,4.481861788617886,0.0,0.0,0.5660473036071256,42.0,399.75,0.0,0.0,0.0,0.0,0.023,2.8892383343928323,43.0,161.0,77.55813953488372
3108,55045,Green County,"37,227",76080.0,16304.0,0.0,114723238.73842344,0.075775905605007,3,0.63,0.8433333333333334,4.0,7.104333333333333,13.545593779557388,0.0,2.1367982685646374,20.0,259.91,0.0,0.0,0.0,0.0,0.051,2.8916621610588664,27.0,138.0,79.22222222222223
3109,72107,Orocovis Municipio,,16869.0,8978.0,0.0,716496.5396621394,0.0043379674749311,1,0.18,1.21,6.7,0.175,4.893182006170971,0.0,1.4882377896957055,6.0,77.43,0.0,0.0,0.0,0.0,0.46,66.15223212473875,0.0,0.0,0.0
3110,36079,Putnam County,"99,028",120970.0,38323.0,0.0,55752893.59596733,0.0874445928898147,41,27.11,7.132439024390244,7.390243902439025,0.6794146341463415,0.7366641533897947,117.0,1.089080573441202,27.0,151.99,1.0,222.4804022521539,3.4894526447160066e-07,0.0,0.15,5.768284047097492,8.0,345.0,172.5
3111,51700,Newport News city,"183,230",63355.0,81681.0,0.0,49375283.29297361,0.159362693564041,6,1.81,0.9283333333333332,2.983333333333333,0.2406666666666666,3.816094059715025,0.0,0.9998989654094262,4.0,19.78,2.0,32122136.92836875,0.1036767775804593,0.0,0.061,4.967049115142684,14.0,230.0,156.07142857142858
3112,08011,Bent County,"5,716",45776.0,2151.0,0.0,6995.142182900571,1.7525548720799173e-06,7,72.63999999999999,130.06428571428572,5.328571428571428,4.459428571428572,9.297954593502157,9.0,9.015551488877568,12.0,416.06,0.0,0.0,0.0,0.0,0.061,112.4834080958494,0.0,0.0,0.0
3113,40065,Jackson County,"24,764",60954.0,12041.0,0.0,433069076.9192757,0.2079089170648455,3,1.05,0.6733333333333333,1.9333333333333336,0.6789999999999998,4.364529429870345,0.0,0.8277584931663627,21.0,388.38,1.0,16573770.072749311,0.0079567781934921,0.0,0.1,6.320739705160226,15.0,138.0,96.6
3114,30089,Sanders County,"14,062",47110.0,6813.0,0.0,128023903.1284254,0.0177176099314067,8,27.02,64.55,8.2,82.956125,29.406051529123094,37.0,1.2113218719301144,80.0,766.2,0.0,0.0,0.0,0.0,0.25,16.167740791047837,2.0,500.0,284.5
3115,48173,Glasscock County,"1,128",112188.0,488.0,0.0,24.38736568063724,1.0449645223329352e-08,4,1.69,0.985,1.8,0.04875,12.416656675889914,0.0,16.15268539024729,1.0,0.81,0.0,0.0,0.0,0.0,0.037,7.59443347656792,9.0,345.0,184.0
3116,05047,Franklin County,"17,725",47695.0,7750.0,0.0,77399140.32233484,0.0481915753868281,7,4.69,4.287142857142857,4.971428571428571,2.458,4.497859292180296,5.0,2.2063858978845103,22.0,224.21,1.0,39181563.84962407,0.0243958948402958,0.0,0.13,2.2437916780318123,24.0,161.0,134.16666666666666
3117,30037,Golden Valley County,844,54792.0,472.0,0.0,24671597.316741478,0.0081040263944978,5,9.89,25.66,5.14,0.0502,9.544046897277564,0.0,4.97153181758602,7.0,382.28,0.0,0.0,0.0,0.0,0.055,59.66396561228759,0.0,0.0,0.0
3118,37101,Johnston County,"256,448",75288.0,85278.0,0.0,323899666.3654676,0.1571778525786042,9,10.77,6.524444444444445,2.788888888888889,1.3058888888888889,6.105968349332802,260.0,1.0435814629733713,20.0,507.66,0.0,0.0,0.0,0.0,0.077,2.940333792415644,29.0,230.0,182.41379310344828
3119,06085,Santa Clara County,"1,914,391",153792.0,688287.0,74.0,239469907.51970208,0.0709017629967561,25,43.76,15.2572,7.6,2.14104,4.968220549100752,48.0,3.4985023936705955,63.0,322.38,1.0,200022.66030051588,5.922230229884326e-05,0.0,0.79,4.494541741758138,121.0,500.0,125.9504132231405
3120,45019,Charleston County,"436,200",78795.0,202600.0,0.0,1562600645.8003292,0.4413695802697301,25,12.05,0.7868,1.984,0.6236,11.819827815380611,3082.0,6.9353225558958735,17.0,303.64,1.0,14031857.371248271,0.0039634151022512,0.0,0.95,3.076277095482837,116.0,230.0,121.9396551724138
3121,53005,Benton County,"221,722",83778.0,80421.0,0.0,36455.64573889947,7.998860818040037e-06,3,0.3399999999999999,0.4166666666666667,3.8666666666666663,0.0063333333333333,38.427867227349246,100.0,2.5649593175789844,12.0,542.54,0.0,0.0,0.0,1.0,0.22,18.076368594086343,5.0,500.0,500.0
3122,29001,Adair County,"25,684",51020.0,11354.0,0.0,195168672.1961476,0.1323329424314944,4,4.16,8.3575,5.975,0.14225,2.018141234050865,0.0,3.0034910365326795,17.0,298.54,0.0,0.0,0.0,0.0,0.07,1.7124267654728436,11.0,161.0,77.36363636363636
3123,39043,Erie County,"73,296",65171.0,38298.0,1.0,96909390.41153108,0.0597921437612971,12,25771.21,41584.020833333336,3.483333333333333,817.9423333333333,0.0,0.0,8.32458196408665,9.0,118.65,0.0,0.0,0.0,0.0,0.07,9.815266436194827,15.0,138.0,128.8
3124,17183,Vermilion County,"71,259",52787.0,34496.0,0.0,97082335.78745048,0.041591868862696,8,4.64,3.0700000000000003,3.175,1.20975,1.3697280482040115,0.0,0.0292715890803668,20.0,278.69,0.0,0.0,0.0,0.0,0.11,4.745662475637081,10.0,345.0,200.1
3125,29189,St. Louis County,"990,911",78067.0,444860.0,0.0,217363764.9221169,0.1601697263162876,10,4.98,2.148,3.7,36.0575,7.541965083394319,0.0,5.342616004464785,15.0,560.0899999999999,0.0,0.0,0.0,0.0,0.29,2.1249588411877007,75.0,345.0,151.8
3126,17007,Boone County,"53,568",80502.0,20183.0,0.0,62802190.0412364,0.085974422037205,3,1.23,1.43,2.966666666666667,0.7206666666666667,4.114781555754128,0.0,1.3114958722256205,5.0,133.88,0.0,0.0,0.0,0.0,0.067,4.1324303947403935,7.0,345.0,167.57142857142858
3127,06103,Tehama County,"64,665",59029.0,27440.0,0.0,350386588.5633376,0.0456708414338521,9,12.44,20.58777777777778,4.377777777777777,32.004333333333335,7.178812438553418,59.0,3.8203225389950113,74.0,883.47,0.0,0.0,0.0,0.0,0.48,0.307932371353786,30.0,500.0,117.66666666666669
3128,55025,Dane County,"590,375",84297.0,250416.0,2.0,390009201.5226616,0.1216833196291409,22,128.8,34.62090909090909,4.0181818181818185,5.998409090909092,0.960916111928627,0.0,4.03211037509524,39.0,316.06,1.0,613153.2305299868,0.0001913045134343,0.0,0.044,0.7501702368265675,128.0,345.0,92.71875
3129,48151,Fisher County,"3,692",60461.0,2038.0,0.0,877963.0129791163,0.0003759158583655,0,0.0,0.0,0.0,0.0,29.981990302446693,0.0,5.069538678907751,8.0,412.67,0.0,0.0,0.0,0.0,0.037,13.442807588392636,1.0,138.0,138.0
3130,22085,Sabine Parish,"21,834",40777.0,13558.0,0.0,1500390.2242946185,0.000572698315627,4,600.65,1573.1975,5.375,48.558,5.306329455748323,4.0,1.0143110581422663,67.0,495.34,1.0,42581038.81763798,0.016253164552559,0.0,0.064,10.777290633290104,5.0,230.0,174.8
3131,17137,Morgan County,"32,515",61188.0,15072.0,0.0,149090508.19534004,0.1005568203549593,5,9.38,3.482,2.2,0.514,0.5621371309051839,0.0,3.660961279719917,9.0,312.18,0.0,0.0,0.0,0.0,0.14,1.4663069739454988,25.0,138.0,93.84
3132,22067,Morehouse Parish,"23,705",37875.0,11913.0,0.0,1003569653.614962,0.4806830797632022,46,45.89,3.365,2.1021739130434782,35.47745652173913,0.7578415540580171,0.0,3.749418650218988,24.0,574.29,0.0,0.0,0.0,0.0,0.11,0.7468179115382193,12.0,115.0,115.0
3133,21029,Bullitt County,"86,454",73900.0,32854.0,0.0,137778211.11794958,0.1771653166090192,4,0.55,0.5375,3.7,10.8005,5.920644958623878,0.0,1.7631327076989542,11.0,321.98,1.0,144166540.61818078,0.185379898648717,0.0,0.14,1.127138983880633,32.0,345.0,87.6875
3134,01047,Dallas County,"35,140",37180.0,18992.0,0.0,740327936.7108315,0.2876127133458303,29,11.3,1.1320689655172411,2.817241379310345,27.593172413793106,4.361410202509815,4.0,0.2024399646068734,30.0,711.48,0.0,0.0,0.0,0.0,0.11,8.403593892620808,29.0,115.0,115.0
3135,48093,Comanche County,"14,432",57383.0,6957.0,0.0,77809.79168732336,3.1701019677814805e-05,5,12.46,108.876,14.12,1.3990000000000002,4.538716018583833,0.0,1.99072900207448,27.0,414.56,0.0,0.0,0.0,0.0,0.035,7.659305552193923,4.0,138.0,74.75
3136,30053,Lincoln County,"22,328",44593.0,10993.0,0.0,14320715.608553097,0.0015045865126153,41,187.84,187.12048780487805,7.992682926829268,8.546073170731708,9.310584767563054,436.0,2.2999850874696928,116.0,883.9,0.0,0.0,0.0,0.0,0.17,105.63203080284758,0.0,0.0,0.0
3137,72129,San Lorenzo Municipio,,19629.0,16209.0,0.0,2871252.07071048,0.020835707959753,0,0.0,0.0,0.0,0.0,12.33948836128705,0.0,0.2045923688170878,5.0,51.24,0.0,0.0,0.0,0.0,0.44,115.08526169830508,0.0,0.0,0.0
3138,72135,Toa Alta Municipio,,32456.0,26651.0,0.0,7118726.451862715,0.0997186992186555,1,0.99,34.5,35.0,5.966,2.4102064207114138,0.0,0.4174121665673107,2.0,69.58,0.0,0.0,0.0,0.0,0.46,87.22975208318832,0.0,0.0,0.0
3139,27021,Cass County,"31,430",61970.0,24136.0,0.0,465568.4824803441,7.446522069126943e-05,325,1126.86,12.868676923076922,3.631384615384616,0.9660246153846156,0.2753988967181222,15.0,2.938504393789799,160.0,947.79,0.0,0.0,0.0,0.0,0.023,22.244633141537875,24.0,250.0,115.83333333333331
3140,08007,Archuleta County,"14,306",66813.0,9591.0,0.0,48740831.324092746,0.0138844857087298,8,54.28,160.71625,6.0375,5.65975,4.496262722278359,2.0,1.738150595404975,32.0,418.53,0.0,0.0,0.0,0.0,0.15,65.07722992923779,0.0,0.0,0.0
3141,16063,Lincoln County,"5,603",62250.0,1952.0,0.0,961.4642561757124,3.078551111057864e-07,2,0.3999999999999999,0.6,2.75,0.4135,19.35478446821921,0.0,4.223816618697512,8.0,109.44,0.0,0.0,0.0,0.0,0.087,111.21450584170287,0.0,0.0,0.0
3142,42071,Lancaster County,"563,159",81458.0,216592.0,0.0,221152658.2382824,0.0867905035882507,5,5.54,20.184,12.739999999999998,1.7396,18.74388161236092,0.0,1.8630463210860084,58.0,486.66,0.0,0.0,0.0,0.0,0.12,1.2356990332751523,183.0,500.0,106.16939890710384
3143,55057,Juneau County,"26,649",63455.0,14540.0,0.0,328457160.8235987,0.1575055956978741,28,172.26,34.323214285714286,2.7607142857142857,21.60857142857143,3.769599886371519,0.0,1.3816598213940008,43.0,434.23,3.0,68164416.0179385,0.032686993102486,0.0,0.031,6.529462826470719,34.0,69.0,69.0
3144,02090,Fairbanks North Star Borough,"93,972",81655.0,42772.0,0.0,611302431.7054174,0.0317453948541894,44,24.94,6.760454545454545,4.581818181818182,27.82365909090909,19.52113849072844,0.0,3.407906932371716,296.0,3716.98,4.0,2832367347.6740603,0.1470869657318092,0.0,0.39,28.62610185201396,11.0,138.0,138.0
3145,21101,Henderson County,"44,255",56912.0,20098.0,0.0,549933489.4187075,0.4560826704607991,3,0.36,0.3066666666666667,2.566666666666667,0.032,12.060532807861213,0.0,0.1103008151049452,23.0,543.5799999999999,0.0,0.0,0.0,0.0,0.36,0.9494215016990484,58.0,345.0,89.22413793103448
3146,12093,Okeechobee County,"42,608",50476.0,18496.0,0.0,1235874427.8884714,0.5349255328714654,10,1422.34,567.579,2.01,17.119999999999997,6.714248365833763,0.0,0.564564664698634,38.0,221.98,1.0,119228.45311603555,5.160584471798083e-05,0.0,0.03,32.636698634483984,0.0,0.0,0.0
3147,13291,Union County,"27,859",59783.0,14755.0,0.0,61374771.77670201,0.07168367854852,3,7.670000000000001,72.35333333333334,13.033333333333331,9.310666666666668,6.410113235603777,0.0,0.2050072038418891,18.0,165.14,0.0,0.0,0.0,0.0,0.21,5.84094878113876,7.0,161.0,95.28571428571428
3148,19013,Black Hawk County,"131,532",62329.0,58599.0,0.0,268280927.62346035,0.1808759078452965,12,2.43,0.4808333333333333,2.316666666666667,29.35108333333333,0.4663177854629765,0.0,0.2770920684621062,14.0,378.94,0.0,0.0,0.0,0.0,0.038,5.036797884366431,20.0,345.0,161.0
3149,48403,Sabine County,"10,012",47061.0,7634.0,0.0,25134.140239459764,1.6829473731880358e-05,2,979.82,7051.65,15.55,141.2115,6.998551547622075,0.0,3.252199003828671,53.0,260.74,0.0,0.0,0.0,0.0,0.06,6.49767885488759,3.0,138.0,76.66666666666667
3150,39131,Pike County,"27,061",50832.0,12047.0,0.0,95898586.74658428,0.0833979020615538,6,2.37,2.816666666666667,4.566666666666667,59.03383333333333,4.218099935208458,0.0,1.773642835700607,16.0,281.47,0.0,0.0,0.0,0.0,0.1,1.0970441739998713,16.0,345.0,202.6875
3151,01125,Tuscaloosa County,"241,368",61645.0,101330.0,0.0,537084385.2597849,0.1534665527354802,18,23.72,14.025,4.416666666666667,3.2608888888888887,0.4651083253944439,202.0,0.9912143659815034,25.0,446.46,0.0,0.0,0.0,0.0,0.19,1.6832256268407653,105.0,230.0,121.79047619047618
3152,01131,Wilcox County,"9,666",38208.0,5314.0,0.0,576269844.0225433,0.2452073329989165,11,4.87,1.3245454545454545,2.690909090909091,87.91372727272727,12.962999623451486,3.0,1.7608917108141748,32.0,403.26,0.0,0.0,0.0,0.0,0.092,7.020426879237373,14.0,115.0,115.0
3153,28097,Montgomery County,"9,354",36845.0,5281.0,0.0,137994292.8381469,0.1306235915579982,8,1.22,0.46125,3.0,0.30375,7.61413912854228,0.0,5.922851620821532,17.0,85.39,1.0,47491.3485769305,4.495468900534565e-05,0.0,0.17,11.949747205206428,3.0,115.0,115.0
3154,31099,Kearney County,"6,790",74276.0,2970.0,0.0,194872703.21492532,0.1457168485595618,1,0.19,0.3,1.6,0.059,10.48454074188785,0.0,17.224854823448542,3.0,16.54,0.0,0.0,0.0,0.0,0.044,1.481998686989401,26.0,115.0,76.07692307692308
3155,31087,Hitchcock County,"2,467",49456.0,1580.0,0.0,132793044.03239778,0.0713616469614407,1,15.62,437.8,28.0,7.693,1.9312977677752767,31.0,1.1970879714799163,13.0,139.98,0.0,0.0,0.0,0.0,0.038,1.754522661657647,12.0,69.0,69.0
3156,10003,New Castle County,"588,026",85309.0,233746.0,0.0,184323028.8204393,0.1440559649374654,10,5.68,1.6829999999999998,3.16,1.3647,3.008989922815435,0.0,2.5792400084876164,17.0,96.24,2.0,1084686.256739855,0.000847726550334,0.0,0.13,2.8248817173492538,74.0,500.0,150.97297297297297
3157,16081,Teton County,"13,254",88906.0,5958.0,0.0,2256.343439221348,1.9351002265845024e-06,0,0.0,0.0,0.0,0.0,34.50968235716503,1.0,0.2230016919666026,18.0,125.4,0.0,0.0,0.0,0.0,0.32,67.00230127825624,0.0,0.0,0.0
3158,17161,Rock Island County,"141,869",64435.0,66731.0,0.0,243745182.7870496,0.2085353051390341,12,3.4400000000000004,0.7183333333333334,2.1416666666666666,57.624500000000005,2.2355391458973664,0.0,0.6117928035071429,24.0,378.81,1.0,3498710.8041349878,0.0029933093109411,1.0,0.065,0.253067268992692,43.0,345.0,139.6046511627907
3159,51073,Gloucester County,"40,097",83750.0,17064.0,0.0,144511844.86322615,0.1937487871455815,3,2.56,3.6566666666666654,4.1000000000000005,1.7493333333333334,3.719756514661301,0.0,1.5476114037369302,12.0,71.32000000000001,0.0,0.0,0.0,0.0,0.067,16.126498995554655,4.0,230.0,230.0
3160,05133,Sevier County,"15,758",53567.0,6767.0,0.0,58505.24558777597,3.885954612120312e-05,5,105.52,588.5840000000001,27.160000000000004,32.1052,9.955107512142929,0.0,2.072563682711856,44.0,335.4,0.0,0.0,0.0,0.0,0.097,1.976581126108349,10.0,138.0,96.6
3161,18017,Cass County,"37,836",55862.0,16387.0,0.0,42589764.75070132,0.0396386505525183,2,0.58,0.99,3.4000000000000004,0.0155,4.949264930596326,0.0,0.1118153828867091,11.0,429.79,1.0,515212.884304159,0.0004795129440284,0.0,0.081,7.342003701772016,4.0,345.0,258.75
3162,16077,Power County,"8,246",56671.0,2948.0,0.0,635.6652996978193,1.7018703159953764e-07,2,200.24,1032.105,6.550000000000001,125.779,9.60875134110848,0.0,3.970829810934454,21.0,223.3,0.0,0.0,0.0,0.0,0.2,112.71932349693348,0.0,0.0,0.0
3163,18015,Carroll County,"20,655",61464.0,9525.0,0.0,85174253.77631517,0.0876915488721409,1,5.28,50.0,9.5,60.302,17.909016987187997,0.0,2.070543016599642,12.0,451.6,0.0,0.0,0.0,0.0,0.088,17.77749298162259,3.0,69.0,69.0
3164,42101,Philadelphia County,"1,574,281",57537.0,730630.0,1.0,46197910.90504687,0.1252416184525287,2,0.89,1.14,2.55,0.08,5.048552072898768,1.0,4.699333727555742,8.0,146.9,2.0,1614649.3937741076,0.0043772824213913,0.0,0.13,0.3913779191607504,53.0,230.0,165.7735849056604
3165,56043,Washakie County,"7,597",61875.0,3856.0,0.0,35117083.577695966,0.0060457375167976,1,0.83,5.39,6.5,0.1,33.10237830965488,1.0,21.918789140854496,40.0,603.79,0.0,0.0,0.0,0.0,0.19,116.70954778466329,0.0,0.0,0.0
3166,37029,Camden County,"11,315",79120.0,4170.0,0.0,376012770.6198359,0.4679326435914507,0,0.0,0.0,0.0,0.0,24.041474173317976,77.0,0.4020154280895364,12.0,135.76,0.0,0.0,0.0,0.0,0.046,1.4382816013200328,1.0,230.0,230.0
3167,36109,Tompkins County,"104,047",69995.0,46728.0,0.0,71734331.76790893,0.0563460685437276,4,171.95,205.35,4.85,16.293499999999998,2.643369820978208,0.0,0.0249778007041584,30.0,252.07,0.0,0.0,0.0,0.0,0.067,1.0719705639214598,8.0,115.0,115.0
3168,05069,Jefferson County,"62,987",46855.0,30767.0,0.0,1025571006.6615463,0.4322859651695384,48,30.01,1.0610416666666669,1.6208333333333331,53.5215,2.5201944644595407,96.0,1.3454031805963746,34.0,787.45,1.0,52314147.08271768,0.0220508101504247,0.0,0.22,3.125732074188701,34.0,230.0,121.76470588235294
3169,05079,Lincoln County,"12,764",50526.0,4400.0,0.0,496284217.76054496,0.3363036740449801,34,23.19,1.5844117647058822,1.7088235294117649,38.14714705882353,1.7901860530970966,5.0,0.4047716696743136,16.0,453.6500000000001,0.0,0.0,0.0,0.0,0.2,15.936973434631929,1.0,115.0,115.0
3170,22065,Madison Parish,"8,844",34508.0,4391.0,0.0,798654844.3883518,0.4741717382266317,14,30.47,8.963571428571429,2.792857142857143,61.39407142857143,19.970697464727504,20.0,1.9856487571904524,20.0,520.67,0.0,0.0,0.0,0.0,0.098,8.78422554341682,3.0,115.0,115.0
3171,30105,Valley County,"7,385",59725.0,4274.0,0.0,122784465.70423044,0.0093657408884678,29,825.61,813.3634482758621,3.2241379310344827,21.13351724137931,3.337698895972621,1.0,10.577913797314132,39.0,842.77,0.0,0.0,0.0,0.0,0.034,163.11799531287895,0.0,0.0,0.0
3172,13313,Whitfield County,"106,212",59659.0,39213.0,0.0,77891596.85111524,0.1033281104493191,4,1.24,1.485,3.3,4.83575,1.2678283186844883,22.0,1.188678248166806,10.0,153.9,0.0,0.0,0.0,0.0,0.34,1.4055682720297944,43.0,500.0,161.93023255813952
3173,20203,Wichita County,"2,031",69551.0,1002.0,0.0,0.0,0.0,0,0.0,0.0,0.0,0.0,39.66346623244238,4.0,42.41850214150813,0.0,0.0,0.0,0.0,0.0,0.0,0.043,1.7955500626966163,4.0,115.0,115.0
3174,46023,Charles Mix County,"9,303",60729.0,3668.0,0.0,200168729.5423337,0.0671910511388289,15,23.58,4.869333333333333,2.5133333333333336,0.5205333333333333,7.352599133178315,22.0,10.267849859723295,45.0,180.93,0.0,0.0,0.0,0.0,0.098,16.095448320222825,16.0,230.0,107.8125
3175,31027,Cedar County,"8,373",72035.0,3915.0,0.0,11291.470551752744,5.845251279190462e-06,1,84.87,666.1,7.8,950.348,32.89616187378903,0.0,0.91025490505466,26.0,224.49,0.0,0.0,0.0,0.0,0.058,1.862701077938627,22.0,115.0,75.27272727272727
3176,53035,Kitsap County,"283,374",93675.0,113930.0,0.0,213560349.0855229,0.1457256645721322,12,4.42,2.365,5.366666666666667,0.2319999999999999,4.479722931750498,556.0,10.053520588552669,11.0,60.99,6.0,35183523.58857099,0.0240079320851857,0.0,0.76,24.075258266019365,0.0,0.0,0.0
3177,17111,McHenry County,"317,751",100101.0,119985.0,0.0,185577764.39087555,0.1172567179538056,25,36.9,5.1080000000000005,3.124,2.9774000000000003,1.913809769377645,0.0,3.258571495460272,16.0,296.44,0.0,0.0,0.0,0.0,0.067,4.83969255270253,34.0,345.0,162.35294117647058
3178,30069,Petroleum County,548,57981.0,292.0,0.0,4961413.458938099,0.0011439798153636,12,829.24,1969.7016666666664,6.291666666666667,26.507666666666665,6.926998704011811,0.0,4.448964283811442,30.0,471.11,0.0,0.0,0.0,0.0,0.037,134.84527119661308,0.0,0.0,0.0
3179,29033,Carroll County,"8,417",59101.0,4381.0,0.0,660674726.2647471,0.3636884380883052,2,0.48,0.415,1.75,0.015,10.392400578515712,84.0,7.37893561362176,18.0,637.39,0.0,0.0,0.0,0.0,0.074,13.056779319276844,3.0,161.0,99.66666666666669
3180,53075,Whitman County,"48,512",49345.0,20974.0,0.0,8997.618648198935,1.595121478373285e-06,12,13.39,24.0625,7.583333333333333,144.94991666666667,26.841791234299578,59.0,2.0962283845090464,31.0,564.46,0.0,0.0,0.0,0.0,0.15,27.968603233580133,2.0,500.0,500.0
3181,27147,Steele County,"37,464",79722.0,15731.0,0.0,54822717.22460602,0.0489663793532915,7,3.86,5.331428571428572,12.12857142857143,0.833,4.982077672985732,117.0,0.3068908866464293,12.0,185.66,0.0,0.0,0.0,0.0,0.027,3.3085013374086323,26.0,161.0,79.61538461538461
3182,21117,Kenton County,"175,779",76016.0,72564.0,0.0,26173021.541828983,0.0615031218102319,1,0.18,1.2,6.7,0.313,6.1445801671625295,0.0,3.473503302074275,8.0,228.81,0.0,0.0,0.0,0.0,0.11,1.981113399411616,47.0,345.0,86.61702127659575
3183,19037,Chickasaw County,"11,663",72734.0,5540.0,0.0,206071656.07772171,0.157348872102383,1,1.66,5.38,3.2,29.306,19.284949592671143,0.0,2.6137684321781345,9.0,329.09000000000003,0.0,0.0,0.0,0.0,0.033,9.076582905609737,3.0,345.0,191.66666666666663
3184,17037,DeKalb County,"101,835",68617.0,41399.0,3.0,80920985.26007015,0.0492305166584526,3,1.38,1.5833333333333333,2.533333333333333,1.908666666666667,12.103827706286596,0.0,0.7348090883450197,17.0,284.58,0.0,0.0,0.0,0.0,0.085,1.4256551927046015,12.0,138.0,138.0
3185,19081,Hancock County,"10,528",67865.0,5127.0,0.0,140869530.2611558,0.0949152864765019,8,2.96,1.1975,2.85,0.414125,12.118422346431895,93.0,1.418308256288125,11.0,314.04,0.0,0.0,0.0,0.0,0.03,4.11266152766735,11.0,69.0,69.0
3186,38089,Stark County,"34,013",78734.0,15366.0,0.0,220915042.95413783,0.063637997569732,4,2.54,3.2575,3.6,1.5955,8.827890246675805,22.0,2.2554732598146003,13.0,255.44,0.0,0.0,0.0,0.0,0.028,8.606490040824838,10.0,230.0,161.0
3187,26095,Luce County,"6,339",51015.0,3852.0,0.0,1775.9232235434624,3.585340527679627e-07,54,81919.70999999999,222299.545,5.770370370370371,53.8215,0.0,0.0,6.324269343632273,33.0,320.77,0.0,0.0,0.0,0.0,0.022,42.117097690506014,4.0,69.0,69.0
3188,40019,Carter County,"48,910",56390.0,21609.0,0.0,278481783.9995024,0.1289575622857514,8,24.74,11.1425,3.2375,0.204875,8.521791318248644,2.0,3.5073655373708044,18.0,518.24,0.0,0.0,0.0,0.0,0.16,8.682081015018166,42.0,345.0,147.85714285714286
3189,37139,Pasquotank County,"42,201",61411.0,17445.0,0.0,187540224.69659945,0.2502666453084893,0,0.0,0.0,0.0,0.0,29.5653055906915,132.0,3.9518435568570585,8.0,84.65,0.0,0.0,0.0,0.0,0.047,3.4066089165082887,6.0,230.0,230.0
3190,35055,Taos County,"34,564",55145.0,20950.0,0.0,83538442.9551093,0.0146366002172655,4,1.93,5.2775,5.65,0.04375,14.18043628086382,13.0,3.9545413100611766,29.0,439.17,0.0,0.0,0.0,0.0,0.19,31.035053032026426,3.0,345.0,191.66666666666663
3191,28011,Bolivar County,"28,262",37845.0,13685.0,0.0,758930048.5658658,0.3227307997212895,38,44.32,3.3326315789473684,1.9368421052631577,1.0549736842105262,3.339025189504528,9.0,0.4866315263370269,25.0,660.67,0.0,0.0,0.0,0.0,0.22,3.566321696465041,11.0,115.0,115.0
3192,32023,Nye County,"57,336",53602.0,25017.0,0.0,1699223875.6670177,0.0360508017458149,20,11.99,6.8115000000000006,9.115,2.6655,33.51550960108755,18.0,15.27897177908124,98.0,340.97,1.0,7629966481.919117,0.1618776742169443,0.0,0.26,44.713376289787234,16.0,230.0,153.0
3193,21069,Fleming County,"15,787",46885.0,6753.0,0.0,53098846.20935171,0.0583566660706022,4,0.84,1.025,4.625,0.1825,7.056898636868731,0.0,2.9537110031845595,8.0,421.44,0.0,0.0,0.0,0.0,0.14,2.7920613855097574,14.0,345.0,118.28571428571428
3194,55019,Clark County,"35,052",63187.0,14799.0,0.0,200475402.76359332,0.0635151247494968,9,7.39,3.48,3.288888888888889,4.255,11.79444274488912,0.0,0.7128630690697717,37.0,545.6899999999999,0.0,0.0,0.0,0.0,0.025,2.1515493574919824,38.0,345.0,77.47368421052632
3195,45091,York County,"306,887",80158.0,115366.0,0.0,146891017.25312224,0.0815264188367409,9,39.37,35.102222222222224,4.277777777777778,91.02444444444444,3.6148903107489687,31.0,0.4047591502618493,30.0,344.64,0.0,0.0,0.0,1.0,0.15,3.95282573044008,117.0,230.0,115.55555555555556
3196,18001,Adams County,"36,650",61731.0,13212.0,0.0,73484397.07161985,0.0834569329450807,3,0.54,0.2699999999999999,1.5333333333333332,9.962666666666667,10.464119489448716,0.0,4.228780017471396,8.0,124.93,0.0,0.0,0.0,0.0,0.09,9.28842503089126,3.0,765.0,324.0
3197,22005,Ascension Parish,"135,105",93800.0,49998.0,0.0,462939125.2506491,0.5904938344600201,7,241.06,53.32571428571429,1.9,24.643428571428576,4.137087765236885,57.0,3.3833986775362463,18.0,461.57,0.0,0.0,0.0,0.0,0.056,4.136667011071904,26.0,230.0,208.7692307692308
3198,28155,Webster County,"10,167",55657.0,5064.0,0.0,108679859.07426372,0.0991461027916731,3,0.43,0.36,2.566666666666667,0.7846666666666667,1.5080983598540711,2.0,3.4033562380141458,16.0,130.02,0.0,0.0,0.0,0.0,0.18,8.230592524339176,1.0,161.0,161.0
3199,25011,Franklin County,"70,698",70383.0,34395.0,0.0,6583.562093105886,3.508355101124221e-06,26,104.01,88.27230769230769,7.265384615384615,1.6062307692307694,6.714439808943715,138.0,0.9421301226250308,46.0,348.29,0.0,0.0,0.0,0.0,0.1,0.7069220159445786,34.0,345.0,117.02941176470588
3200,31031,Cherry County,"5,561",62373.0,2998.0,0.0,0.0,0.0,230,136.41,2.4996521739130437,3.220869565217391,0.0713,6.301722285453057,8.0,0.9202591757952838,61.0,1143.08,0.0,0.0,0.0,0.0,0.081,43.224788126854016,4.0,115.0,115.0
3201,30001,Beaverhead County,"10,043",55867.0,4964.0,0.0,99363693.84017664,0.0068840795724349,38,65.29,13.134736842105264,5.8,1.3023684210526316,14.713668943683397,2.0,1.5508188584185858,217.0,1618.86,0.0,0.0,0.0,0.0,0.31,147.26568171532534,0.0,0.0,0.0
3202,29143,New Madrid County,"15,086",44092.0,7919.0,0.0,4686605.758312401,0.0025976414247999,4,2.21,1.48,2.475,0.32775,12.291784411741144,5.0,1.0099016908985026,34.0,482.94,0.0,0.0,0.0,0.0,1.91,5.86493046395218,26.0,500.0,159.8846153846154
3203,05057,Hempstead County,"19,080",45049.0,9663.0,0.0,442058335.2505167,0.2303374191954292,6,97.56,383.6366666666666,6.366666666666666,25.952166666666667,19.24847280635564,6.0,1.1101690087561968,32.0,353.6,0.0,0.0,0.0,0.0,0.1,2.8883570373421725,19.0,138.0,113.78947368421052
3204,29029,Camden County,"44,047",59834.0,39729.0,0.0,224702092.5024752,0.1224347357107505,9,177.66,367.9088888888889,5.933333333333334,43.86311111111111,2.314238826285828,0.0,2.490221256790145,19.0,247.11,1.0,1296538.8929085482,0.0007064526855272,0.0,0.14,1.5309752920059585,12.0,161.0,122.66666666666669
3205,51031,Campbell County,"55,629",59022.0,25285.0,0.0,72552555.35788347,0.0552857689679772,4,9.42,29.76,6.0,12.636,4.078354348964042,0.0,2.071835712188645,20.0,550.95,0.0,0.0,0.0,0.0,0.095,8.563322492444051,16.0,765.0,167.125
3206,39105,Meigs County,"21,587",46255.0,10679.0,0.0,68121570.92402525,0.0607426878989508,2,1.16,7.015,10.0,840.479,14.141561747525124,0.0,2.7938001307815834,17.0,489.27,0.0,0.0,0.0,0.0,0.094,5.571877308899417,11.0,765.0,195.0
3207,54067,Nicholas County,"23,848",48826.0,12547.0,0.0,59328666.22538846,0.0350086134317788,1,4.82,509.9,105.9,40.145,3.3497384929165537,0.0,0.6077420487991898,24.0,423.55,0.0,0.0,0.0,0.0,0.11,6.696405732430897,15.0,138.0,133.4
3208,40053,Grant County,"4,067",58980.0,2185.0,0.0,78853.67051893641,3.034062077077669e-05,1,0.11,0.13,1.2,0.008,9.050085842499351,0.0,4.41544056892208,16.0,227.12,1.0,3408.513250067232,1.3114977049498585e-06,0.0,0.076,0.8165835572784383,22.0,345.0,119.1818181818182
3209,46115,Spink County,"6,155",65795.0,3007.0,0.0,763036052.6713758,0.1951394388210981,16,15.74,2.630625,2.3125,0.80125,8.38352160961701,1.0,4.131041100398534,16.0,483.56,0.0,0.0,0.0,0.0,0.056,3.1766448560213694,26.0,115.0,76.07692307692308
3210,50027,Windsor County,"57,312",69492.0,34673.0,0.0,80229207.6593098,0.0317181918012497,16,7.460000000000001,7.75375,7.3,14.1216875,13.67100073128374,100.0,1.961031956530456,40.0,507.67,0.0,0.0,0.0,0.0,0.13,9.905944115879969,46.0,115.0,55.0
3211,48455,Trinity County,"14,384",51165.0,8256.0,0.0,487311.9040442319,0.0002635284103975,14,82.93,45.22071428571428,3.335714285714286,136.32207142857143,4.321685651951494,0.0,5.011331798253096,36.0,412.85,0.0,0.0,0.0,0.0,0.049,11.485631634746586,3.0,138.0,138.0
3212,35001,Bernalillo County,"667,601",62220.0,299693.0,7.0,149382704.87087336,0.0494073042184474,0,0.0,0.0,0.0,0.0,38.91714369050801,22.0,0.8029540040379703,4.0,114.12,1.0,203249201.87476388,0.0672232783431215,0.0,0.2,2.989423163977628,109.0,345.0,117.11009174311928
3213,13205,Mitchell County,"20,467",45966.0,9044.0,0.0,214089313.0027961,0.1608729580352119,3,0.5,0.3899999999999999,2.3000000000000003,0.2936666666666667,10.622364876658477,4.0,2.55251504703619,4.0,155.11,0.0,0.0,0.0,0.0,0.057,3.316806227381811,7.0,230.0,213.57142857142856
3214,15001,Hawaii County,"210,043",74238.0,88965.0,0.0,136936241.00217775,0.0103951344075748,0,0.0,0.0,0.0,0.0,163.24293024305803,0.0,24.39774579673885,36.0,263.33,5.0,590625375.6130521,0.0448356849807524,0.0,1.21,42.12918885596415,38.0,69.0,69.0
3215,21147,McCreary County,"17,124",35000.0,6933.0,0.0,37634966.17669185,0.0337186294336645,2,159.62,3755.725,26.1,117.8815,5.552809381303312,1.0,3.907696980613924,19.0,331.53000000000003,0.0,0.0,0.0,0.0,0.17,1.8590494815421608,11.0,161.0,85.72727272727273
3216,21191,Pendleton County,"14,800",58723.0,6278.0,0.0,59332563.78747331,0.0812615486823469,1,0.45,2.42,5.3,1.049,6.721082443180031,0.0,1.9989358999746951,12.0,445.27,0.0,0.0,0.0,0.0,0.12,7.733723004410722,12.0,138.0,103.5
3217,21215,Spencer County,"20,998",101118.0,7480.0,0.0,54688932.83784851,0.1101731817585568,1,10.6,359.8,33.9,13.137,3.379857350700886,0.0,0.658375603647035,16.0,291.14,0.0,0.0,0.0,0.0,0.13,3.7550704682965073,7.0,161.0,121.57142857142856
3218,30041,Hill County,"16,167",58427.0,7236.0,0.0,14529.565521347706,1.9235280676997087e-06,11,16.02,12.755454545454546,3.7818181818181817,0.122,9.07421192423307,8.0,4.329675875847496,28.0,451.41,0.0,0.0,0.0,0.0,0.041,259.20589595822145,0.0,0.0,0.0
3219,31175,Valley County,"4,094",62321.0,2112.0,0.0,107292832.22844364,0.072618821040929,3,3.3,19.17,7.399999999999999,7.612666666666667,6.904659922538408,0.0,0.3519592792985784,23.0,435.14,0.0,0.0,0.0,0.0,0.054,10.89541754364078,1.0,115.0,115.0
3220,48069,Castro County,"7,295",59886.0,3024.0,0.0,156929.31726103672,6.737598873643029e-05,12,2.5700000000000003,0.31,1.45,0.0137499999999999,3.388292583776723,0.0,33.23393958702906,0.0,0.0,0.0,0.0,0.0,0.0,0.059,0.90727590065134,22.0,345.0,117.0909090909091
3221,24043,Washington County,"157,731",73017.0,63701.0,0.0,91416448.83575316,0.0755208706532768,3,0.55,0.6333333333333333,3.9,46.23866666666666,14.98641966378647,0.0,0.4262187455867025,37.0,300.49,0.0,0.0,0.0,0.0,0.07,1.5854219207453788,16.0,138.0,138.0
3222,21133,Letcher County,"19,952",38466.0,10614.0,0.0,20756701.45369561,0.0236384127780145,0,0.0,0.0,0.0,0.0,15.147395046662822,0.0,0.0641512116811617,9.0,275.91,0.0,0.0,0.0,0.0,0.16,3.669251900929028,7.0,138.0,59.142857142857146
3223,34033,Salem County,"66,280",73378.0,27739.0,0.0,231782876.4575188,0.2402131838546382,15,5.76,0.6793333333333335,2.1533333333333333,1.1126,1.0937562973061914,0.0,0.5819820262675195,14.0,184.11,0.0,0.0,0.0,2.0,0.13,3.3170134775469595,15.0,500.0,236.06666666666663
3224,47119,Maury County,"118,131",71500.0,43464.0,0.0,104834773.509606,0.0657592392092878,9,2.03,5.403333333333332,41.766666666666666,0.0617777777777777,6.7247505651512,1.0,0.4737538898310347,10.0,372.3200000000001,0.0,0.0,0.0,0.0,0.22,1.4401234611614195,27.0,161.0,161.0
3225,56015,Goshen County,"12,640",62356.0,5866.0,0.0,371691906.6596642,0.0642923057534844,13,9.02,2.883846153846154,2.1384615384615384,0.0421538461538461,22.099190036618644,7.0,1.9090346984519104,26.0,497.76,0.0,0.0,0.0,0.0,0.088,14.7412224376102,1.0,34.5,34.5
3226,55107,Rusk County,"14,146",57473.0,8667.0,0.0,198747744.4233728,0.0824369528449204,33,35.67,5.152424242424242,3.136363636363636,5.841757575757575,6.686267312570338,0.0,1.096876918720855,40.0,488.58,0.0,0.0,0.0,0.0,0.022,1.4793970098537852,28.0,345.0,87.07142857142857
3227,55133,Waukesha County,"417,210",101639.0,172274.0,1.0,201978173.2311561,0.1343308496454472,43,60.31,5.855348837209302,3.427906976744186,0.6782093023255814,4.703714169766317,0.0,4.276417393536056,36.0,219.63,0.0,0.0,0.0,0.0,0.046,4.100634789962043,20.0,345.0,173.65
3228,21079,Garrard County,"18,207",58263.0,7284.0,0.0,29069661.842496656,0.0479763019449737,1,7.28,284.3,39.1,16.925,12.388908213359883,0.0,0.3194570564608635,11.0,415.05,0.0,0.0,0.0,0.0,0.12,2.328877397392057,15.0,345.0,92.0
3229,53009,Clallam County,"78,202",66108.0,37994.0,0.0,370044117.0363408,0.0535308736257996,11,56.58,293.77,21.55454545454545,13.215090909090913,4.755642747131686,23.0,7.381293031568811,74.0,610.79,0.0,0.0,0.0,0.0,0.87,82.41292221418823,0.0,0.0,0.0
3230,53065,Stevens County,"49,668",62381.0,22312.0,0.0,174918.31602678236,2.6588986034383135e-05,27,303.67,248.8903703703704,7.285185185185185,134.21596296296298,13.40620023878386,116.0,0.0271648849451378,81.0,798.02,0.0,0.0,0.0,0.0,0.15,71.4661424432125,0.0,0.0,0.0
3231,19177,Van Buren County,"7,131",58417.0,3509.0,0.0,145700867.4019479,0.1146811869832945,5,2.34,1.6599999999999997,3.24,0.1078,7.962745086815172,0.0,1.8191520203207867,11.0,321.91,0.0,0.0,0.0,0.0,0.065,6.011056509756944,8.0,69.0,69.0
3232,31073,Gosper County,"1,803",76583.0,1193.0,0.0,87601068.663441,0.0730954258513566,4,12.42,33.357499999999995,8.9,0.0235,10.567262036939889,1.0,11.068131322963604,7.0,97.63,0.0,0.0,0.0,0.0,0.043,2.795925832895207,19.0,115.0,93.21052631578948
3233,28095,Monroe County,"33,318",51190.0,16739.0,0.0,486995225.39550257,0.2435429866050426,12,20.16,6.275833333333334,2.8833333333333333,22.639,1.4512377755159622,0.0,3.045655295968177,33.0,319.31,0.0,0.0,0.0,0.0,0.18,7.967100485723432,17.0,161.0,139.35294117647058
3234,12033,Escambia County,"333,834",61642.0,146123.0,0.0,518208110.66978174,0.1777377703991373,4,2.06,2.2975,3.65,0.37825,7.267296486386866,2552.0,2.676104570102158,27.0,340.59000000000003,4.0,32011144.86066628,0.0109793525001082,0.0,0.053,3.436391281678901,47.0,230.0,137.0212765957447
