,GEOID,sfha_area,county_name,county_area,pct_sfha,sfha_area_log
0,01001,235178276.05815518,Autauga County,1565309073.7425575,0.150243986956428,8.371397202508831
1,01003,1109787828.1863012,Baldwin County,5250611951.498759,0.21136352075485568,9.045239957295522
2,01005,272364685.03556377,Barbour County,2342683550.0672326,0.11626183358300662,8.435150796016025
3,01007,166793868.06571174,Bibb County,1621761112.0019095,0.10284737180546931,8.222180080391997
4,01009,97272073.0826922,Blount County,1685119456.034909,0.05772414100040936,7.98798817175308
5,01011,264292075.95741308,Bullock County,1619114250.9075718,0.16323250555621252,8.422084142249664
6,01013,246843455.6868358,Butler County,2014703871.8804784,0.12252096158252665,8.39242161769557
7,01015,178110706.00951284,Calhoun County,1585782476.992456,0.112317236817569,8.250690025142898
8,01017,146090851.45274845,Chambers County,1562057365.80962,0.09352463913963174,8.16462302026314
9,01019,342013308.2857726,Cherokee County,1553931795.2428665,0.22009544391381658,8.534043005480283
10,01021,139212876.70668897,Chilton County,1815031029.2424598,0.07669999821699594,8.143679407864004
11,01023,513713501.6718632,Choctaw County,2385014716.483863,0.21539217268613403,8.710720980217161
12,01025,620728184.4723413,Clarke County,3244152411.0544796,0.19133755317943887,8.792901465191026
13,01027,83793742.66864014,Clay County,1569537101.0102642,0.053387551409077624,7.9232115887315855
14,01029,102721494.6329594,Cleburne County,1453018818.096156,0.07069522662311566,8.011661329908565
15,01031,192368372.12185267,Coffee County,1762473177.9155607,0.109146836690793,8.284133669876269
16,01033,179675941.00084955,Colbert County,1614902734.8451993,0.11126115345768663,8.25448992802908
17,01035,204989654.3424495,Conecuh County,2208639943.0445547,0.09281261755135896,8.311731943129265
18,01037,120698620.24344394,Coosa County,1725838196.9018667,0.06993623183222837,8.081702305526932
19,01039,250826059.84753862,Covington County,2703360550.491813,0.09278305840554886,8.399372656004251
20,01041,181135753.47466514,Crenshaw County,1582341453.1703253,0.11447324034376255,8.258004181979647
21,01043,123847514.37832032,Cullman County,1955495943.6145127,0.06333304591233374,8.092887294715332
22,01045,167261920.9117708,Dale County,1457327594.7561069,0.11477304177429176,8.223397080114838
23,01047,740327936.7108315,Dallas County,2574044547.956574,0.28761271334583033,8.869424138050134
24,01049,89492252.4418055,DeKalb County,2016727534.8547997,0.04437498417367954,7.951785439036811
25,01051,308479841.786533,Elmore County,1701726827.2343102,0.18127459522271405,8.489226789482789
26,01053,329058929.7519157,Escambia County,2468620206.6275997,0.1332967010755557,8.517273680851847
27,01055,183929727.24272344,Etowah County,1420939806.6703901,0.12944230739352416,8.264651926815832
28,01057,185850022.77987108,Fayette County,1630024237.2617981,0.11401672351330915,8.269162618666106
29,01059,143781836.31276447,Franklin County,1674485399.2846441,0.08586628248546653,8.15770402591512
30,01061,217579685.2391213,Geneva County,1499475868.8596563,0.14510382578186437,8.337618344151267
31,01063,606153366.7517414,Greene County,1709198332.2830575,0.35464191328929834,8.782582521703356
32,01065,464398583.46207243,Hale County,1700330585.494123,0.27312252536298187,8.666890886356999
33,01067,117429685.22642002,Henry County,1471913507.2485251,0.07978028915974382,8.069777896748176
34,01069,203868247.40378535,Houston County,1506537722.4368482,0.135322364895069,8.309349589433214
35,01071,426080169.6763246,Jackson County,2918379517.149804,0.1459988898539317,8.6294913220434
36,01073,191681802.88074815,Jefferson County,2911534176.734112,0.06583532641054517,8.282580885527208
37,01075,314844727.9928501,Lamar County,1567981781.6930642,0.2007961646422252,8.498096425532797
38,01077,279704768.7229982,Lauderdale County,1863755196.152884,0.15007591624713248,8.446699870779334
39,01079,241659450.05539674,Lawrence County,1857546765.1964698,0.13009602481250954,8.38320378282727
40,01081,118107139.84336713,Lee County,1595043595.959893,0.07404633963768907,8.072276152493137
41,01083,312811385.1715633,Limestone County,1572607552.8917153,0.19891255424556803,8.495282551381537
42,01085,357322389.30648416,Lowndes County,1877923143.3499258,0.1902752999087471,8.553060229323222
43,01087,312461660.1945509,Macon County,1588201223.324038,0.19673933983036596,8.494796735961655
44,01089,377906497.5792504,Madison County,2104922667.0344667,0.17953462305181325,8.577384359074964
45,01091,616508229.6796701,Marengo County,2545107020.6502624,0.24223273311397148,8.789938878305712
46,01093,130134642.9134071,Marion County,1925840759.083534,0.06757289890122346,8.114392924723036
47,01095,233645470.2893558,Marshall County,1614029503.1050653,0.14475910746356824,8.368557365728522
48,01097,831205613.1040728,Mobile County,4258075408.8066673,0.19520687947069953,8.91970846733585
49,01099,331929078.6258787,Monroe County,2679079672.48483,0.12389668065303057,8.521045300417073
50,01101,547977841.6989493,Montgomery County,2071762626.5205238,0.26449837191013775,8.738762997495314
51,01103,266760905.79299474,Morgan County,1551531929.4824107,0.17193388078193522,8.42612218340798
52,01105,297165144.4923624,Perry County,1874838586.733128,0.15850172201232918,8.472997868204523
53,01107,468663849.2028192,Pickens County,2305402929.8610554,0.20328934397210346,8.670861455127204
54,01109,234126050.0147503,Pike County,1742984572.9499261,0.13432479761912183,8.369449738124986
55,01111,124261851.02278574,Randolph County,1512901429.8073707,0.0821347964742206,8.094337818643172
56,01113,250917614.9161806,Russell County,1676217059.7918503,0.1496927939316756,8.399531150723936
57,01115,217156090.74772894,St. Clair County,1692191569.775903,0.12832831378334247,8.3367720148701
58,01117,205086257.63217747,Shelby County,2096567904.360181,0.09781999295403912,8.311936560251185
59,01119,662979745.1696695,Sumter County,2365533981.767599,0.28026642199165147,8.82150026038821
60,01121,257969809.24092507,Talladega County,1969221081.66543,0.13100093820992012,8.411568882525826
61,01123,247110982.91177553,Tallapoosa County,1984589083.3151872,0.12451493610908371,8.392892048163771
62,01125,537084385.2597849,Tuscaloosa County,3499683648.889412,0.15346655273548027,8.73004252624693
63,01127,150741606.40684402,Walker County,2085440888.2917166,0.07228284783958734,8.178233139105766
64,01129,556260620.5236313,Washington County,2819373219.9672556,0.19729939143356542,8.745278315928243
65,01131,576269844.0225433,Wilcox County,2350132995.513187,0.24520733299891656,8.760625893714906
66,01133,89151638.96851094,Winston County,1636531426.6031942,0.054475971264148125,7.950129331682677
67,02020,171723983.30843604,Anchorage Municipality,5036234582.514624,0.03409769352377807,8.234830953818838
68,02050,34399984.08178151,Bethel Census Area,117988529304.8027,0.0002915536305475524,7.536558241619153
69,02063,113897901.92707175,Chugach Census Area,39336741388.478485,0.0028954584926658877,8.056515724171696
70,02090,611302431.7054174,Fairbanks North Star Borough,19256412922.66816,0.03174539485418947,8.786256123377836
71,02105,585997.2126525445,Hoonah-Angoon Census Area,24825960605.010258,2.360421101023907e-05,5.767895551004095
72,02110,200155784.76569858,Juneau City and Borough,8438284065.599288,0.023719962875116067,8.301368146306983
73,02122,86987595.25329012,Kenai Peninsula Borough,64027676377.026024,0.0013585936609828687,7.939457325070134
74,02130,7605996.938646293,Ketchikan Gateway Borough,17294895234.40059,0.00043978277032389923,6.881156146332598
75,02158,22923374.417955402,Kusilvak Census Area,50915531209.1427,0.0004502236129835201,7.360278548010158
76,02164,391684.4586804007,Lake and Peninsula Borough,87568803116.21997,4.472876695146365e-06,5.592936340991486
77,02170,108972414.7954123,Matanuska-Susitna Borough,65442966835.47054,0.0016651508949675016,8.037316574840718
78,02180,2558448.7378537944,Nome Census Area,73271300174.3153,3.49174742602785e-05,6.407976719859648
79,02198,0.0,Prince of Wales-Hyder Census Area,28269368855.647213,0.0,-3.0
80,02220,66073069.61660021,Sitka City and Borough,12365858129.705627,0.005343185157354955,7.820024483696738
81,02290,7223180.396965146,Yukon-Koyukuk Census Area,383002873934.6971,1.885933732757503e-05,6.858728461442386
82,04001,470332509.73678005,Apache County,29057630951.539715,0.016186195995164496,8.672404998545705
83,04003,979414897.5315117,Cochise County,16101121579.577347,0.06082898589957863,8.990966705631717
84,04005,247874567.16775447,Coconino County,48332774788.355835,0.00512849858616997,8.394231968861828
85,04007,137861717.2127105,Gila County,12418536660.827429,0.011101285197923229,8.139443683789635
86,04009,571012166.3016456,Graham County,12018083025.544828,0.04751274933680693,8.756645361664088
87,04011,141476550.34845322,Greenlee County,4784874807.9503355,0.02956745077496742,8.150684461784063
88,04012,701518724.2713362,La Paz County,11682601362.428398,0.060048160722785744,8.846039267295424
89,04013,1892764552.9243155,Maricopa County,23895180386.288948,0.07921114309772626,9.277096594035184
90,04015,1574520891.667678,Mohave County,34863424433.971985,0.045162542613955525,9.197148427485253
91,04017,637467939.1056242,Navajo County,25793197912.773987,0.02471457557381516,8.804458347193496
92,04019,906553809.6519212,Pima County,23803716954.421032,0.03808454836644947,8.95739358729724
93,04021,968434214.3392085,Pinal County,13920394304.088577,0.06956945278875962,8.986070124467206
94,04023,237322284.3899302,Santa Cruz County,3204967974.3823833,0.07404825454945883,8.375338520069937
95,04025,565818254.4226359,Yavapai County,21049657769.763798,0.02688016406781634,8.752676954551815
96,04027,658728255.6859419,Yuma County,14293971204.257221,0.046084341872029984,8.81870629259854
97,05001,1201124603.3226397,Arkansas County,2690329827.27776,0.44645998090799555,9.079588062964017
98,05003,950488365.839587,Ashley County,2435668465.0928802,0.39023716875331865,8.977946805386463
99,05005,168097726.50369838,Baxter County,1519591346.8456972,0.1106203499069855,8.225561839714658
100,05007,204819944.04933232,Benton County,2290490020.749011,0.08942188885082081,8.311372243169455
101,05009,105975916.32703732,Boone County,1559173339.902212,0.06796929732885498,8.025207180413553
102,05011,10491.534039050734,Bradley County,1690840720.6135485,6.204921558337981e-06,4.020839035402014
103,05013,402367.1785294322,Calhoun County,1637955734.434338,0.00024565204667657776,5.604622548761157
104,05015,81593805.64684771,Carroll County,1654220696.810307,0.04932461902101582,7.911657189696619
105,05017,606516024.3394347,Chicot County,1790177707.7445674,0.33880213216573907,8.782842279548335
106,05019,734146715.0572817,Clark County,2286820901.5118628,0.3210337611362231,8.865782859879292
107,05021,700386156.3832031,Clay County,1661079724.5583317,0.421645117948466,8.845337553366052
108,05023,189672299.7349169,Cleburne County,1533633136.6513085,0.12367514446712256,8.278003909959574
109,05025,1835936.5562867674,Cleveland County,1551142749.0039864,0.0011836025778192572,6.263857669623215
110,05027,377579407.22545576,Columbia County,1986084807.2251055,0.19011242916308177,8.577008300319378
111,05029,328669174.5539995,Conway County,1467216152.7941637,0.22400869423914296,8.516758974089425
112,05031,700938369.0618917,Craighead County,1845861767.6506784,0.379735027479339,8.84567983372617
113,05033,209883715.5943841,Crawford County,1568656666.899759,0.1337983766767723,8.321978743959162
114,05035,563712571.1193658,Crittenden County,1667517661.6324804,0.3380549328440082,8.751057719949388
115,05037,21213.17653901254,Cross County,1611644632.0863132,1.3162440476441488e-05,4.326605726710776
116,05039,419297294.34561384,Dallas County,1730089770.2243552,0.2423558023184196,8.62252205998495
117,05041,1325523014.5781379,Desha County,2104949652.1291637,0.6297172064126887,9.122387272633391
118,05043,736886704.5839562,Drew County,2165027413.990106,0.34035906419581424,8.867400720754738
119,05045,302309019.01073694,Faulkner County,1719969708.518582,0.17576415300425094,8.480451104004151
120,05047,77399140.32233484,Franklin County,1606072009.4966996,0.048191575386828195,7.888736136976106
121,05049,36962.17280377425,Fulton County,1606955318.9954617,2.3001369339179888e-05,4.567757504843042
122,05051,235855059.58475414,Garland County,1902465937.905786,0.1239733415907466,8.372645197209257
123,05053,473397083.19207656,Grant County,1639478660.646245,0.28874854827660534,8.67522557772265
124,05055,520059035.8551423,Greene County,1500577548.524437,0.3465725822477699,8.716052646502618
125,05057,442058335.25051665,Hempstead County,1919177252.2008393,0.2303374191954292,8.64547958384263
126,05059,273316177.5150296,Hot Spring County,1611422969.4484832,0.1696116927069578,8.436665338234961
127,05061,219714103.34046516,Howard County,1542543833.029576,0.1424362138928291,8.341857934966892
128,05063,508709199.28907394,Independence County,1998255088.1770425,0.25457670659713244,8.706469591306984
129,05065,13863.40037300441,Izard County,1512290383.3373702,9.167155015831166e-06,4.141869797108209
130,05067,755997559.6912396,Jackson County,1661329064.3180392,0.45505588021574156,8.878520393630962
131,05069,1025571006.6615465,Jefferson County,2372436510.3070774,0.4322859651695384,9.010965734654802
132,05071,132050243.95627734,Johnson County,1771484977.523251,0.07454211897461273,8.120739207884492
133,05073,70488.22773629858,Lafayette County,1414356118.9061234,4.9837680053885476e-05,4.848116597534586
134,05075,539137784.0316823,Lawrence County,1534086106.1843777,0.35143906320398205,8.731699769264882
135,05077,16785327.494136825,Lee County,1611351713.440024,0.01041692347743396,7.224929819098673
136,05079,496284217.76054496,Lincoln County,1475702634.4415364,0.3363036740449801,8.695730464502068
137,05081,376023.3217397902,Little River County,1459058431.0834825,0.0002577164243248017,5.575214782754962
138,05083,231101709.85106733,Logan County,1890569430.4999042,0.12223920799880883,8.363803158705291
139,05085,728519657.3698127,Lonoke County,2080764712.9979203,0.35012111307874766,8.862441274668116
140,05087,3871.15336114027,Madison County,2168121189.709675,1.785487536173493e-06,3.5878404890288125
141,05089,16579.560927694904,Marion County,1658134135.6791935,9.998926245435323e-06,4.21957305125055
142,05091,833107920.3578184,Miller County,1653106080.2793632,0.503965190314362,8.920701263328134
143,05093,631468490.4633176,Mississippi County,2408634576.2027383,0.2621686563425659,8.800351684647666
144,05095,76329.18720349197,Monroe County,1609024324.8282888,4.7438181030381646e-05,4.882690643481837
145,05097,1622.4527629680224,Montgomery County,2074343197.934399,7.821525216191986e-07,3.2101723290323614
146,05099,36645.0484186746,Nevada County,1607557359.2139585,2.2795484222468303e-05,4.564015311709107
147,05101,46.05147353038818,Newton County,2132512450.6915612,2.159493770620376e-08,1.6632529616066691
148,05103,572381044.2386181,Ouachita County,1915923046.2272277,0.29874949589741195,8.757685242630629
149,05105,1128381.01456451,Perry County,1452382091.2029314,0.0007769174664154193,6.0524557707614814
150,05107,733244048.3804758,Phillips County,1883991157.4696553,0.38919718145879134,8.865248546571685
151,05109,8234.516610265477,Pike County,1590146155.3003235,5.178465251648684e-06,3.9156381626635035
152,05111,583071657.3688437,Poinsett County,1977868217.8144577,0.29479803159643125,8.765721931239186
153,05113,10168.724024649719,Polk County,2231721982.6388106,4.556447489317696e-06,4.007266503613927
154,05115,263511525.1380075,Pope County,2151128540.689698,0.12249919990997842,8.4207996145953
155,05117,40180.035297598464,Prairie County,1749698202.6310651,2.2963980437985668e-05,4.604010324742733
156,05119,565283521.3595927,Pulaski County,2091149103.1053987,0.270321958639934,8.752266325480507
157,05121,416980047.4199419,Randolph County,1698816886.6093347,0.2454532037600542,8.620115274392704
158,05123,35.37605602715304,St. Francis County,1664100575.8434606,2.1258364152192214e-08,1.54872168938887
159,05125,219598191.7525777,Saline County,1891854292.995697,0.11607563677900916,8.341628759663863
160,05127,8144.0797584417105,Scott County,2326844402.121843,3.500053441912638e-06,3.910842071570742
161,05129,8.118630971802386,Searcy County,1731080426.1066484,4.6899213054253625e-09,0.9095362914884891
162,05131,196933453.59407005,Sebastian County,1410268883.1147587,0.13964248658675457,8.29431949713179
163,05133,58505.245587775964,Sevier County,1505556585.897782,3.885954612120312e-05,4.767194814149689
164,05135,119182127.14818715,Sharp County,1571223346.1822722,0.07585307807306552,8.076211132396958
165,05137,1521.3327844040518,Stone County,1578818831.9908712,9.635892057897927e-07,3.182224509793492
166,05139,637678278.1879288,Union County,2733272385.7337008,0.23330213319253756,8.804601623474072
167,05141,2867.4554432159885,Van Buren County,1874986349.8995535,1.5293207032518415e-06,3.4574968296719573
168,05143,157986780.9341605,Washington County,2466244570.7963505,0.06405965685842202,8.198620750200702
169,05145,831313954.6890305,White County,2698799833.11098,0.3080309789891873,8.919765070762944
170,05147,1134400.6326927522,Woodruff County,1538727369.67796,0.0007372330245416839,6.054766460442296
171,05149,496089079.4594759,Yell County,2456683289.437037,0.20193448687199625,8.695559666902632
172,06001,197072010.69612885,Alameda County,2126920294.0133727,0.0926560394627039,8.294624947653606
173,06003,2319161.220792377,Alpine County,1924850007.576835,0.0012048529556398706,6.365330940660848
174,06005,67865680.54609562,Amador County,1569404304.3602824,0.04324295553258273,7.831650208492215
175,06007,785264361.9936814,Butte County,4343749435.51109,0.18078030826869884,8.89501588811798
176,06009,116223332.06538,Calaveras County,2685626969.1961656,0.04327605188600217,8.065293322292723
177,06011,955645499.0649989,Colusa County,2994910554.7475886,0.3190898297613902,8.98029681868656
178,06013,348625112.22200096,Contra Costa County,2082090905.0253024,0.16743990926648053,8.542358667074241
179,06015,101914137.08089708,Del Norte County,3184860941.4650755,0.0319995563241186,8.008234431610012
180,06017,180463496.18368876,El Dorado County,4626652517.347453,0.03900519771196301,8.256389366857475
181,06019,1076487580.3392248,Fresno County,15569293357.574024,0.06914171090594448,9.032009023643182
182,06021,545746057.122595,Glenn County,3436885183.150617,0.15879089001812555,8.73699060672538
183,06023,505507950.119486,Humboldt County,10495292410.473465,0.048165208776368096,8.70372799012743
184,06025,1416247048.062701,Imperial County,11604504448.304598,0.12204287174620479,9.151139017656286
185,06027,1292307780.0242813,Inyo County,26488065992.648212,0.0487883026410068,9.111365958897505
186,06029,2186283718.6030054,Kern County,21147038929.235634,0.10338486281313283,9.33970652057283
187,06031,1408825672.8586981,Kings County,3605766442.68319,0.39071462205143176,9.148857257127103
188,06033,280727072.2569488,Lake County,3439748111.850627,0.0816126830013475,8.448284296372613
189,06035,1439689955.4462848,Lassen County,12225042442.6788,0.11776564066724124,9.158268974639556
190,06037,552864958.4344907,Los Angeles County,12300991915.069473,0.04494474610272665,8.742619064454242
191,06039,768170500.0980811,Madera County,5576317505.751356,0.1377558755049005,8.885457625023658
192,06041,217131213.5066319,Marin County,2144967653.2960484,0.10122819948961881,8.336722259565539
193,06043,70239884.8952122,Mariposa County,3788698171.880376,0.018539319235438414,7.846583791209822
194,06045,257562078.18253902,Mendocino County,10044373829.200357,0.02564242257031206,8.410881920613292
195,06047,1374774744.3141415,Merced County,5124685071.383889,0.26826521535749553,9.138231545209937
196,06049,1188715373.701091,Modoc County,10886382449.13416,0.10919287277066357,9.07507787948984
197,06051,304811214.66894346,Mono County,8111320908.118861,0.037578492840031626,8.484030941603502
198,06053,633662148.8346903,Monterey County,9767417033.582216,0.06487509918497805,8.80185776576063
199,06055,203097463.61519608,Napa County,2052051306.5985804,0.09897289749145914,8.30770449974962
200,06057,58104564.31040523,Nevada County,2522119458.2487664,0.023037990575890538,7.764210249040907
201,06059,124980006.73146048,Orange County,2459786992.053128,0.050809280289405276,8.096840543726096
202,06061,364812561.037336,Placer County,3890773239.815273,0.09376351140285334,8.562069783317892
203,06063,342953301.9602054,Plumas County,6768789062.88526,0.05066686208921664,8.535234988610537
204,06065,658917683.9636035,Riverside County,18913833742.42948,0.03483787015032551,8.8188311632543
205,06067,959525466.3335929,Sacramento County,2575386617.652857,0.37257530956966783,8.982056505639306
206,06069,135972567.21502817,San Benito County,3601310734.0756016,0.03775641072247828,8.133451297278668
207,06071,473477303.5643483,San Bernardino County,52073375953.64387,0.009092502548439371,8.675299165656982
208,06073,504596892.7419159,San Diego County,11722014941.995392,0.043046941608489396,8.702944571847905
209,06075,35588803.26363078,San Francisco County,600615600.0331155,0.059253877624338355,7.551313384342549
210,06077,1202376692.150354,San Joaquin County,3694906197.1806526,0.32541467306201466,9.080040548942655
211,06079,550768937.8770838,San Luis Obispo County,9364791889.01036,0.058812725835735276,8.740969439049405
212,06081,176789175.65107906,San Mateo County,1919084440.2529993,0.09212162421981408,8.247455670753508
213,06083,282722428.77356833,Santa Barbara County,9810074269.18826,0.02881960126046654,8.451360263058493
214,06085,239469907.51970208,Santa Clara County,3377488759.0687733,0.07090176299675612,8.379250946482042
215,06087,62929622.975952804,Santa Cruz County,1572538403.7531567,0.040017860820288714,7.79885512981646
216,06089,304837783.3975649,Shasta County,9964710199.469526,0.030591735965767777,8.48406879503154
217,06091,62600386.05847745,Sierra County,2491993911.8754644,0.02512060152320543,7.796577011532854
218,06093,531817531.7050234,Siskiyou County,16441084596.978724,0.032346864257529105,8.725762650027674
219,06095,832649859.4953997,Solano County,2346902432.592085,0.35478673843963865,8.920462413103516
220,06097,298906429.9902433,Sonoma County,4577395688.832636,0.06530054430720907,8.475535257560791
221,06099,324514343.83487564,Stanislaus County,3921390046.03922,0.08275492619323847,8.511233897780746
222,06101,546203550.2666276,Sutter County,1575787129.2546942,0.34662267518644313,8.737354518682933
223,06103,350386588.5633376,Tehama County,7671997658.9619875,0.045670841433852125,8.544547474710738
224,06105,42472625.991814435,Trinity County,8307673945.341865,0.005112457021213375,7.628109113331912
225,06107,708386804.5775346,Tulare County,12531105144.324167,0.05653027378023326,8.850270462805865
226,06109,166055351.6935813,Tuolumne County,5890802500.360444,0.028188918518898026,8.220252876766518
227,06111,273081181.4618752,Ventura County,5714961408.954008,0.04778355651431361,8.43629177312243
228,06113,1051261023.0610077,Yolo County,2646516528.410193,0.39722443135184876,9.0217105626513
229,06115,297366444.26827514,Yuba County,1667972058.7446349,0.17828023120008493,8.473291959845337
230,08001,200566349.66579825,Adams County,3065542502.7472906,0.06542605411148397,8.302258070359816
231,08003,23054.406048355486,Alamosa County,1873313572.612524,1.2306752262625099e-05,4.362753956790134
232,08005,118340196.6077336,Arapahoe County,2086308856.017315,0.05672228072388121,8.073132286472319
233,08007,48740831.324092746,Archuleta County,3510452770.5658484,0.013884485708729884,7.687892932251691
234,08009,80644.8495044524,Baca County,6623543695.077019,1.2175483882501157e-05,4.906576641174443
235,08011,6995.142182900571,Bent County,3991396956.7177067,1.7525548720799173e-06,3.844796608450034
236,08013,70890311.77929048,Boulder County,1917813028.6609526,0.03696414130046203,7.850586886412152
237,08014,4036415.934988649,Broomfield County,86887559.35672662,0.04645562569454496,6.605995912123183
238,08015,26065188.508724213,Chaffee County,2628715594.532186,0.009915560497659258,7.41606087019674
239,08017,0.0,Cheyenne County,4613880613.212095,0.0,-3.0
240,08019,7327933.036560933,Clear Creek County,1026509132.7974439,0.007138692489360364,6.864981492107576
241,08021,10281.342796756076,Conejos County,3343654100.3399415,3.0748822959021975e-06,4.012049881719092
242,08023,6069.822018076762,Costilla County,3188281310.042642,1.903791236663361e-06,3.783176028242768
243,08025,1270.0725583664523,Crowley County,2072851111.9939144,6.127176964218842e-07,3.103828874552436
244,08027,7548.173494640365,Custer County,1916396248.325811,3.938733182782292e-06,3.8778419313953156
245,08029,45429253.30529938,Delta County,2974878153.5353885,0.015270962695164706,7.657335598632392
246,08031,15868103.253658501,Denver County,400735707.96702534,0.039597427776424186,7.200525017790424
247,08033,37440.53410089984,Dolores County,2766675054.1700225,1.3532682142945644e-05,4.573342047056115
248,08035,59021888.86303025,Douglas County,2184685401.022873,0.02701619594079592,7.771013104013465
249,08037,24436090.104301084,Eagle County,4381725266.446997,0.0055768193162223385,7.388031717874397
250,08039,191205936.77302995,Elbert County,4792142959.717467,0.039899881614613386,8.281501372606263
251,08041,272085939.9834478,El Paso County,5514457762.188001,0.04934047039930374,8.43470610023277
252,08043,96549019.02930325,Fremont County,3974849645.580962,0.02428998015978833,7.984747865563467
253,08045,5250231.294305296,Garfield County,7655504727.791272,0.0006858112535997436,6.720178436370169
254,08047,4952136.173190428,Gilpin County,389498828.85921055,0.012714123397224494,6.694792578436609
255,08049,10336663.717629232,Grand County,4842163346.13848,0.002134720160952954,7.014380387656016
256,08051,107246626.06503922,Gunnison County,8442405921.022315,0.012703324984408286,8.030383638349072
257,08053,38711145.15153517,Hinsdale County,2908939260.8311577,0.013307649861508078,7.587836018802056
258,08055,88.75496195227689,Huerfano County,4126548862.1784277,2.150827844685272e-08,1.9481975353159815
259,08057,0.0,Jackson County,4198280500.359206,0.0,-3.0
260,08059,55495113.70626223,Jefferson County,2004814944.2834103,0.02768091581943893,7.744254745584041
261,08061,0.0,Kiowa County,4625637130.643194,0.0,-3.0
262,08063,0.0,Kit Carson County,5598754542.517364,0.0,-3.0
263,08065,37.90625530658248,Lake County,994327776.4221723,3.8122494619408295e-08,1.5787223402597619
264,08067,60210961.938033015,La Plata County,4401898280.824152,0.013678408290425086,7.779675565614005
265,08069,110101407.1378849,Larimer County,6821999123.778541,0.01613917051881742,8.041792869459925
266,08071,31457741.14230511,Las Animas County,12368783950.482948,0.0025433172143876615,7.497727534427816
267,08073,3073184.6961181257,Lincoln County,6699070707.832695,0.0004587479114864235,6.487588661957906
268,08075,369935059.29566693,Logan County,4778313483.42933,0.07741958759687102,8.56812549200088
269,08077,42084929.999447264,Mesa County,8653340730.087023,0.004863431513001804,7.624126609153719
270,08079,8129574.076873731,Mineral County,2273431302.595837,0.0035759048745353616,6.910067792768156
271,08081,6756.536908201237,Moffat County,12304748798.476254,5.490999466025609e-07,3.829724217758667
272,08083,65898464.5775545,Montezuma County,5283199083.426167,0.012473212448927667,7.818875295734684
273,08085,44780221.14791533,Montrose County,5808947937.136479,0.007708834996030235,7.651086234028997
274,08087,357546548.5212115,Morgan County,3351104919.8088417,0.10669512207979664,8.553332590054156
275,08089,72256.33518122399,Otero County,3288517175.10638,2.1972314977763973e-05,4.858875936520442
276,08091,10153074.103572734,Ouray County,1404319063.1374826,0.007229891247711952,7.006597555994988
277,08093,196441173.9733712,Park County,5724685350.294979,0.03431475477743927,8.293232520903812
278,08095,242.61108767306115,Phillips County,1782026983.5647368,1.361433299891711e-07,2.3849124349432977
279,08097,28893488.339243203,Pitkin County,2520577644.773294,0.011463042370131765,7.460799977824231
280,08099,321963346.0358784,Prowers County,4258775147.160852,0.07559998706447744,8.50780643219267
281,08101,260699099.5941149,Pueblo County,6210184596.140248,0.041979283475107085,8.416139531200749
282,08103,147319949.2139006,Rio Blanco County,8347144384.695353,0.017649143518352756,8.168261560470057
283,08105,89704829.10976307,Rio Grande County,2362940547.2642846,0.03796321884341086,7.952815823196876
284,08107,47006943.760788724,Routt County,6133435210.148166,0.007664048310645345,7.672162015694991
285,08109,15708.921651312447,Saguache County,8211002908.102562,1.913155046603502e-06,4.196146401294969
286,08111,2850879.0202977825,San Juan County,1005696656.0906208,0.002834730535328435,6.454978788162642
287,08113,4038.060127922423,San Miguel County,3337810650.561216,1.209793050196981e-06,3.606172888980691
288,08115,75141159.39263329,Sedgwick County,1422949848.806132,0.05280661117865637,7.875877891743772
289,08117,28519327.293417342,Summit County,1603874365.1114001,0.01778152199061831,7.455139277288942
290,08119,23561329.8729946,Teller County,1447948544.3757129,0.016272214896388557,7.372199799724471
291,08121,15262257.124664648,Washington County,6537014744.626151,0.00233474417924653,7.183618765908031
292,08123,462823208.421181,Weld County,10403323502.025127,0.04448801465522889,8.665415128665554
293,08125,4399.112939296806,Yuma County,6134898590.593771,7.170636766582697e-07,3.6433652105713272
294,09110,195493875.26879907,Capitol Planning Region,2709608749.2519164,0.07214837762934301,8.291133155705307
295,09120,60095658.00868785,Greater Bridgeport Planning Region,616832049.3346212,0.09742628981991651,7.7788430947888685
296,09130,164357078.22895524,Lower Connecticut River Valley Planning Region,1339543613.0520313,0.12269632479862468,8.215788412220604
297,09140,48513344.41923793,Naugatuck Valley Planning Region,1091854237.5022614,0.04443207046594207,7.685861215116443
298,09150,69026146.91229445,Northeastern Connecticut Planning Region,1458569141.8078978,0.04732456277440264,7.839013631450046
299,09160,17237997.19700286,Northwest Hills Planning Region,2092990750.9165118,0.008236059901102964,7.236486805782019
300,09170,147341675.51878914,South Central Connecticut Planning Region,1604703218.9450862,0.09181864520446958,8.16832560419717
301,09180,172565093.6015924,Southeastern Connecticut Planning Region,1765625821.9045475,0.09773593672041433,8.236952951350695
302,09190,143598350.0163798,Western Connecticut Planning Region,1678388036.3266673,0.08555730076023435,8.157149449777702
303,10001,344099616.2928004,Kent County,2067668239.9192374,0.16641916224734432,8.536684188338517
304,10003,184323028.82043934,New Castle County,1279523752.4558866,0.1440559649374654,8.265579598188594
305,10005,417700541.12620187,Sussex County,3098719474.930714,0.1347977913152469,8.620865037889985
306,11001,30437644.360553462,District of Columbia,177025954.13911313,0.17193888042334463,7.483411038362484
307,12001,741444878.3548485,Alachua County,2509185887.3966217,0.2954922080819315,8.870078869571113
308,12003,639369703.9191604,Baker County,1525425119.5194037,0.41914197933268493,8.80575205368728
309,12005,997357473.2583708,Bay County,3798791837.341171,0.26254596618182574,8.998850846213866
310,12007,361756107.0606238,Bradford County,778267414.7650355,0.46482237364369233,8.55841587148638
311,12009,1703636380.335143,Brevard County,4032709627.2847214,0.42245451267023776,9.231376905650677
312,12011,580215762.9449649,Broward County,3388815588.073664,0.1712149120733897,8.763589523273021
313,12013,588993613.7098378,Calhoun County,1487465104.0330465,0.3959713825304989,8.770110585881874
314,12015,706467209.544427,Charlotte County,2453322885.971878,0.2879634040769818,8.849092009009823
315,12017,743774601.3640748,Citrus County,2488325947.520196,0.29890561648698083,8.871441343859832
316,12019,404738571.2145513,Clay County,1666770780.2170067,0.24282797371925133,8.607174594230605
317,12021,5289812614.956968,Collier County,6747021681.131476,0.7840218788314114,9.72344028796503
318,12023,812295352.4615941,Columbia County,2075404409.7042913,0.39139135903509614,8.909713968431163
319,12027,478538718.6679244,DeSoto County,1655275091.3304884,0.289099208448356,8.679917082392857
320,12029,1307898003.1826282,Dixie County,2702377660.3203306,0.48398046741830836,9.116573876723935
321,12031,628594981.27969,Duval County,2378809712.539427,0.2642476941161689,8.798370909276528
322,12033,518208110.66978174,Escambia County,2915576748.2964716,0.17773777039913735,8.714504206009897
323,12035,506563418.3892633,Flagler County,1478437602.4537861,0.3426342901103922,8.70463382389732
324,12037,1431870585.2158403,Franklin County,3681934191.104659,0.38889086846667636,9.155903767506727
325,12039,278801300.473275,Gadsden County,1368880672.5536823,0.20367100366255006,8.445294795206044
326,12041,242329254.757875,Gilchrist County,920067740.1803237,0.2633819708866012,8.38440584671453
327,12043,1582852497.5835214,Glades County,2556952184.5279527,0.6190387552654751,9.199440445835322
328,12045,1083801503.302999,Gulf County,2057872091.460848,0.5266612574222856,9.034949749071814
329,12047,515477826.7633259,Hamilton County,1344349794.5133688,0.38344025406714916,8.712209988880433
330,12049,422943689.3681091,Hardee County,1652769643.586817,0.255899962229608,8.626282549350954
331,12051,817917284.1453145,Hendry County,3080476547.104475,0.26551647825857466,8.912709385755424
332,12053,402767810.50724536,Hernando County,1852894567.6901872,0.21737222264585432,8.605054754142593
333,12055,1358849621.7187138,Highlands County,2866394600.2232456,0.47406230168479996,9.13317139781351
334,12057,1010253009.1215997,Hillsborough County,3439042047.572951,0.29376000500911864,9.004430152698843
335,12059,392708357.36844635,Holmes County,1266626517.7866926,0.3100427409767689,8.59407014374766
336,12061,952680997.1509135,Indian River County,1597054659.4532106,0.5965237266688708,8.97894750255949
337,12063,496095833.08324033,Jackson County,2472308974.9956393,0.20066093603212168,8.695565579231063
338,12065,760031831.4842283,Jefferson County,1742082322.4815295,0.4362777933488195,8.880831781687226
339,12067,962514708.2729046,Lafayette County,1419074355.0671148,0.6782693978198082,8.983407374724319
340,12069,1365776976.705011,Lake County,2995998203.0989013,0.45586708806845205,9.135379787417522
341,12071,974947120.0027115,Lee County,3923385828.106824,0.24849636582216,8.988981060710444
342,12073,605676764.2551676,Leon County,1817634423.985919,0.33322254258750755,8.78224091302455
343,12075,1584629530.2881303,Levy County,4120540837.8444705,0.38456833523753614,9.199927744940384
344,12077,1240323465.1991935,Liberty County,2183681844.840807,0.5679964176693582,9.093534960026824
345,12079,705051697.3079665,Madison County,1853635724.2768798,0.3803615176779211,8.848220962428082
346,12081,573637691.2617426,Manatee County,2496827245.4381757,0.22974664839540118,8.758637679217696
347,12083,859608122.3200722,Marion County,4306293276.096169,0.19961671609587678,8.934300510428708
348,12085,168773005.0399925,Martin County,1950579154.299974,0.08652456100945155,8.227302983170654
349,12086,2895903727.860304,Miami-Dade County,6188314717.734317,0.4679632274617992,9.461784119972082
350,12087,4527458220.6992,Monroe County,13699912977.284718,0.33047350214603544,9.65585445134323
351,12089,672654392.4704931,Nassau County,1880125449.9756806,0.35777101601342287,8.82779198250749
352,12091,385009640.3693283,Okaloosa County,3228910029.8283215,0.11923826827401536,8.585471604072708
353,12093,1235874427.8884714,Okeechobee County,2310367241.687515,0.5349255328714654,9.091974346120805
354,12095,849771531.350011,Orange County,2598885971.5512104,0.3269753042850139,8.929302177466294
355,12097,1992278579.6831043,Osceola County,3900464162.473844,0.510779870470471,9.29935006559395
356,12099,2109827116.288337,Palm Beach County,6172462296.02961,0.34181288035497076,9.324246869744291
357,12101,851840831.4635155,Pasco County,2627778647.9643564,0.3241676509257754,8.930358453364782
358,12103,424470038.23219085,Pinellas County,2245071172.6515837,0.18906751973072752,8.627847040423964
359,12105,2162817788.3961964,Polk County,5206944158.080744,0.41537180402437834,9.335019932833944
360,12107,893785251.7418393,Putnam County,2141715521.2544832,0.4173221153191791,8.951233184135543
361,12109,623381230.9282768,St. Johns County,2127768233.80741,0.2929742163754385,8.794753722184394
362,12111,140081880.54978207,St. Lucie County,1781912700.6786263,0.07861321180124765,8.146381963367691
363,12113,534894499.3876469,Santa Rosa County,3165401239.846476,0.16898157890833126,8.728268131831378
364,12115,420740209.6259335,Sarasota County,2526671857.5390162,0.1665195297800702,8.624014018992561
365,12117,305337931.22202855,Seminole County,894424133.3680831,0.34137935217851795,8.484780758761795
366,12119,718909272.839932,Sumter County,1501749434.1060164,0.47871452887737886,8.8566740853888
367,12121,241705592.59062666,Suwannee County,1792935604.8822901,0.13480996859700106,8.38328669924333
368,12123,2035274701.664618,Taylor County,3915798552.3018603,0.5197598074773799,9.308623034379966
369,12125,245096702.03112844,Union County,646854081.3910096,0.37890570544761343,8.389337467519379
370,12127,1695197027.0830734,Volusia County,3709998013.3231535,0.4569266670751222,9.229220182068646
371,12129,1059357696.170091,Wakulla County,2374732586.5247555,0.44609557395276334,9.025042626060133
372,12131,781423741.0081347,Walton County,3650455398.9596524,0.2140619883291366,8.892886601709131
373,12133,501690102.4321321,Washington County,1595314272.6979718,0.3144772857724649,8.700435533156362
374,13001,264024049.93961686,Appling County,1326751389.29034,0.19900039455081295,8.42164348853945
375,13003,104001949.79812172,Atkinson County,892338504.0217035,0.116549884745971,8.017041481405142
376,13005,59773443.079768956,Bacon County,740276551.7350155,0.08074474727002438,7.776508272864153
377,13007,156394001.35884374,Baker County,904264121.3865446,0.17295168265554817,8.194220091266795
378,13009,76431697.36229594,Baldwin County,694831266.2410995,0.11000037142222513,7.883273504323008
379,13011,37353775.40639235,Banks County,607214075.963551,0.06151664937463434,7.57233450322596
380,13013,32152731.63009835,Barrow County,421987126.60735434,0.07619363151809,7.507217875609136
381,13015,118324771.73792347,Bartow County,1215943009.5650508,0.09731111639866154,8.073075675340567
382,13017,43556865.23773349,Ben Hill County,657616528.1623224,0.06623444419721482,7.639056616297032
383,13019,134405188.97325107,Berrien County,1185910744.6640732,0.11333499555341607,8.128416035826305
384,13021,134112490.41415437,Bibb County,660203309.4110931,0.20313816744388002,8.12746922726075
385,13023,31519738.068845604,Bleckley County,567547535.5988731,0.05553673673445898,7.498582599829785
386,13025,302291000.95433706,Brantley County,1158263950.763096,0.2609862810244413,8.480425218651149
387,13027,210936549.09363264,Brooks County,1289297128.9290388,0.16360584721758292,8.324151836709
388,13029,669954251.9966631,Bryan County,1177035567.0722249,0.5691877720085528,8.826045147800368
389,13031,305873368.24482185,Bulloch County,1783563083.0652966,0.17149568251835348,8.485541665518895
390,13033,186960209.668147,Burke County,2162594763.354882,0.08645179986384108,8.271749186430077
391,13035,48455445.22758464,Butts County,487024451.9402188,0.09949283867482785,7.685342588401166
392,13037,130459821.05045323,Calhoun County,734463020.7662468,0.17762612597479419,8.115476778475756
393,13039,863203395.386806,Camden County,2025131881.567756,0.4262455217082243,8.936113139964112
394,13043,60301469.41179278,Candler County,644539036.7850296,0.09355751315324112,7.78032789506042
395,13045,105946586.14715011,Carroll County,1304587460.5402844,0.08121079601920533,8.025086967267606
396,13047,57007592.41626562,Catoosa County,420770093.2407563,0.13548394558461885,7.755932699976677
397,13049,1008286544.2931007,Charlton County,2026379033.7517188,0.4975804267113438,9.003583971515416
398,13051,879648533.0741436,Chatham County,1631625265.4354672,0.5391241185759481,8.944309182791132
399,13053,52413135.91322991,Chattahoochee County,650502900.65076,0.08057325472460777,7.71944014461965
400,13055,56817982.75414033,Chattooga County,812083253.0268221,0.06996571169565013,7.754485810628329
401,13057,89553154.49674249,Cherokee County,1124678794.4023967,0.07962553836922566,7.952080888418816
402,13059,24732826.395596888,Clarke County,313762289.83595824,0.07882663786182766,7.393273749127415
403,13061,74871293.35862215,Clay County,562640893.9672323,0.13307119009906623,7.87431533538656
404,13063,33551837.221083544,Clayton County,373923317.11595637,0.08972919228430698,7.52571630613145
405,13065,1049806026.7943277,Clinch County,2134132590.739662,0.4919122791852773,9.02110906166554
406,13067,87696709.8523564,Cobb County,891829841.4968073,0.09833345529812074,7.942983300101095
407,13069,184136417.08105674,Coffee County,1560856189.5604653,0.11797141742629683,8.265139688415605
408,13071,226841106.30289054,Colquitt County,1441688545.2701492,0.15734404427856793,8.35572175667296
409,13073,61843173.094719656,Columbia County,796944495.5727093,0.07760035164089717,7.791291764587626
410,13075,162181532.71936306,Cook County,603992869.3886085,0.2685156413908185,8.210001400465465
411,13077,109787350.90440647,Coweta County,1154850094.7408936,0.0950663219446146,8.040552305975345
412,13079,60385952.768402465,Crawford County,845511033.090707,0.07141947343687025,7.780935922987738
413,13081,85101021.79803124,Crisp County,727646034.1796848,0.11695387290053781,7.929934774644127
414,13083,26803214.717619043,Dade County,451343540.97427386,0.05938539556755682,7.428186885477636
415,13085,34344728.57007429,Dawson County,555314936.1300162,0.06184729841668285,7.535860088464659
416,13087,199900690.92363402,Decatur County,1613997634.4838724,0.12385438903543293,8.30081429518984
417,13089,56610214.6689093,DeKalb County,702097608.78135,0.08063012031499323,7.7528948017628885
418,13091,116016902.7446459,Dodge County,1303067155.7943232,0.08903370960487784,8.0645212671096
419,13093,72694284.56967339,Dooly County,1029050549.8164028,0.07064209292987898,7.861500266746333
420,13095,229309207.86755884,Dougherty County,866536334.8446523,0.26462734295921714,8.36042149409416
421,13097,51534884.114571,Douglas County,520729731.8373001,0.09896666344120497,7.71210130380252
422,13099,185215808.53023317,Early County,1337329366.092768,0.13849677815074998,8.267678051810703
423,13101,163309313.6820097,Echols County,1089658884.8941529,0.14987196079979948,8.213010953663757
424,13103,298390944.0449283,Effingham County,1250714157.7754016,0.23857645025436117,8.474785638470328
425,13105,107662168.5983646,Elbert County,969215522.3735993,0.11108176263489984,8.032063123401388
426,13107,145038802.22916782,Emanuel County,1787568598.156663,0.08113747487997469,8.161484204580443
427,13109,60616139.742992185,Evans County,483990042.32703704,0.125242534849577,7.782588275461755
428,13111,63037311.39117376,Fannin County,1016071147.2943296,0.062040253341544276,7.799597681758731
429,13113,70651056.20160408,Fayette County,517037556.1032733,0.13664588842264336,7.849118658746984
430,13115,162032284.06329843,Floyd County,1342818690.8996718,0.12066579439309028,8.209601554012394
431,13117,99515204.92130668,Forsyth County,640159488.2831545,0.1554537685416439,7.997889441643839
432,13119,15526076.833852004,Franklin County,689625899.6285782,0.02251376701805154,7.191061731052548
433,13121,106024478.46777777,Fulton County,1385123727.8744564,0.07654513191430039,8.0254061448555
434,13123,60438822.772457175,Gilmer County,1116141689.6850257,0.05414977626139291,7.78131599656754
435,13125,25029464.381173197,Glascock County,374131989.2492132,0.0669000916799467,7.398451556026301
436,13127,673561220.4778149,Glynn County,1515962081.740882,0.4443127097904183,8.828377075200509
437,13129,158169880.36615658,Gordon County,928952112.5514883,0.17026699033142015,8.199123786141923
438,13131,114269586.1351628,Grady County,1192078035.6981049,0.0958574713342858,8.057930654447151
439,13133,90270761.49650507,Greene County,1052081769.9938958,0.08580203941470141,7.955547106055285
440,13135,84454360.56002069,Gwinnett County,1132307489.9633827,0.07458606545360909,7.926622078047925
441,13137,25318000.686416935,Habersham County,722753859.2947478,0.035029907292535044,7.403429407320629
442,13139,150653716.62383497,Hall County,1110137724.6901004,0.13570723097973325,8.177979850179618
443,13141,51575023.626638286,Hancock County,1237537109.4329007,0.041675537027146166,7.712439435604968
444,13143,40303960.97079901,Haralson County,733421119.8763987,0.05495336836985457,7.6053477296066845
445,13145,107704467.81240505,Harris County,1224951742.4340737,0.08792547827099535,8.032233719142573
446,13147,86062535.57889159,Hart County,665492053.1891661,0.1293216578116348,7.934814137146647
447,13149,76194109.37277448,Heard County,779831160.9380009,0.09770590505914928,7.881921396991137
448,13151,98704626.09548855,Henry County,845705697.0080428,0.11671273641018153,7.994337507695938
449,13153,132257998.51375264,Houston County,983945313.8554901,0.13441600529150657,8.12142194615735
450,13155,94205404.88923545,Irwin County,939551413.091725,0.10026636496585048,7.974075820485727
451,13157,75123805.5277558,Jackson County,888603260.9276279,0.08454144704503198,7.875777579767612
452,13159,66475152.75589155,Jasper County,967268456.8871614,0.06872461547006317,7.822659343993809
453,13161,88824181.83036786,Jeff Davis County,868676846.1666836,0.10225227277822954,7.948531215848856
454,13163,116750994.51520927,Jefferson County,1371830958.214919,0.08510596281274356,8.067260588690504
455,13165,146473401.87901926,Jenkins County,912901876.6406991,0.16044813317507114,8.165758768270438
456,13167,56990340.624554396,Johnson County,794071862.2104927,0.07176975200444438,7.755801252716181
457,13169,76713881.14988633,Jones County,1024124477.8959962,0.07490679385721792,7.884873955367223
458,13171,26442252.871075336,Lamar County,481308745.0590299,0.05493823484930102,7.422298454150571
459,13173,123069412.19256447,Lanier County,517449659.9790333,0.2378384250896042,8.090150126316889
460,13175,239352473.10652715,Laurens County,2119828524.0955725,0.11291124276603796,8.379037919185436
461,13177,103200163.25994891,Lee County,937041839.848069,0.11013399708670606,8.013680384338413
462,13179,834352973.8479173,Liberty County,1560517256.9291346,0.5346643685887842,8.921349818221135
463,13181,152628467.59179038,Lincoln County,666398131.9386774,0.22903495714756203,8.183635543877147
464,13183,536800531.9382271,Long County,1045890735.4847451,0.5132472386701399,8.729812937522627
465,13185,130229337.26467316,Lowndes County,1322384223.6191332,0.09848071002258205,8.114708830448606
466,13187,20487903.59460608,Lumpkin County,732187457.102169,0.027981773514248017,7.311497521922946
467,13189,51885370.72218265,McDuffie County,689704067.944748,0.07522845396112578,7.71504492413369
468,13191,794957917.4300978,McIntosh County,1486362878.2687845,0.5348343456720416,8.900344139082643
469,13193,141129754.806952,Macon County,1051551925.6256566,0.13421092327226927,8.149618587011465
470,13195,40672005.10514563,Madison County,739662789.9309117,0.054987226150641715,7.609295583397191
471,13197,21524386.29810137,Marion County,950999853.0933552,0.022633427574240035,7.332930777746442
472,13199,109430851.60847412,Meriwether County,1308174655.28934,0.08365156071936769,8.03913977898867
473,13201,79767752.01991935,Miller County,734683134.179603,0.10857436125710634,7.901827353131001
474,13205,214089313.00279614,Mitchell County,1330797392.0386057,0.16087295803521195,8.330594988549363
475,13207,90219947.2909632,Monroe County,1031516332.773079,0.08746342100897252,7.955302569039499
476,13209,92973223.74967347,Montgomery County,633754585.9867805,0.14670225005931997,7.968357889933404
477,13211,78414480.02116337,Morgan County,918463411.3746481,0.08537572542362008,7.894396266932674
478,13213,86107273.48117475,Murray County,897954854.1561112,0.09589265326940906,7.935039837861966
479,13215,62021850.12671326,Muscogee County,572415630.9461334,0.10835107703854747,7.792544717210438
480,13217,72563709.99085927,Newton County,723122092.336735,0.1003477984697896,7.8607194789556045
481,13219,31316380.511785913,Oconee County,482707992.2983289,0.06487644913994173,7.495771561362891
482,13221,78745859.88768107,Oglethorpe County,1144873411.278018,0.06878128106737788,7.896227729766202
483,13223,39261874.46125396,Paulding County,814285145.1168453,0.048216370759926006,7.593971030087733
484,13225,19971966.736086026,Peach County,391912297.0078713,0.05096029619015731,7.300420834074839
485,13227,40299753.61342362,Pickens County,602709898.662993,0.06686426372425874,7.605302390949463
486,13229,185061788.05875856,Pierce County,888961194.7775267,0.2081775775432723,8.267316753988014
487,13231,33898404.89208783,Pike County,568256458.7840897,0.05965335610020336,7.530179262733215
488,13233,54387839.6114955,Polk County,808440355.2833736,0.06727501819528979,7.735501808162365
489,13235,120876434.96312933,Pulaski County,650630600.7356637,0.1857835073026924,8.082341642775063
490,13237,85945500.51836026,Putnam County,934173658.7368612,0.09200163129687373,7.934223145121226
491,13239,48548213.905286565,Quitman County,415861377.55788565,0.11674133864121325,7.686173256799892
492,13241,48750620.93276378,Rabun County,976497922.9191349,0.04992393715188771,7.687980151652809
493,13243,45769886.52589101,Randolph County,1115956381.0356627,0.04101404616138697,7.660579835721899
494,13245,135246598.04109332,Richmond County,851031882.8717564,0.1589207182047184,8.131126349785054
495,13247,26350361.873369142,Rockdale County,342128201.77680373,0.07701897048101135,7.420786583835567
496,13249,15894987.83519334,Schley County,434660846.8881937,0.036568713167951725,7.201260199902498
497,13251,290414387.8158634,Screven County,1698692595.1542137,0.17096347428858866,8.463018128538675
498,13253,146340489.06891352,Seminole County,664477046.7657791,0.22023407698008407,8.165364502111956
499,13255,54532844.580309704,Spalding County,516937187.2368267,0.10549220664855424,7.736658152257609
500,13257,53708964.78351184,Stephens County,476289594.9342456,0.1127653540088917,7.730046781630632
501,13259,106642267.00365902,Stewart County,1200751613.2281249,0.08881292835989602,8.02792936874966
502,13261,87245699.64805841,Sumter County,1275857786.0011415,0.06838199414176742,7.940744029731951
503,13263,64337461.00569408,Talbot County,1022429682.1881053,0.06292604970936021,7.808463918043418
504,13265,35634856.15142414,Taliaferro County,505946806.259512,0.07043202113454232,7.551875010015685
505,13267,225697656.81696042,Tattnall County,1264816993.7024562,0.17844293517616588,8.353527050277087
506,13269,74369478.10920805,Taylor County,983414633.0833908,0.07562372534159935,7.871394733825092
507,13271,202779751.28979424,Telfair County,1149977611.2096417,0.17633365146691307,8.307024586057159
508,13273,71641627.3626641,Terrell County,874647115.5349511,0.08190917924521673,7.855165442434283
509,13275,173019066.9522233,Thomas County,1430238354.4999025,0.1209721906896569,8.238093965650666
510,13277,77346837.74737838,Tift County,696160632.4457701,0.11110487169554734,7.888442562683049
511,13279,128915177.62102322,Toombs County,960865014.5939431,0.1341657523825052,8.110304051329
512,13281,22845144.435301818,Towns County,444932327.67822635,0.051345211426901204,7.35879390818689
513,13283,40125584.533256866,Treutlen County,524335017.6811944,0.07652661596150341,7.603421372095873
514,13285,151295384.5069929,Troup County,1155036007.3067408,0.1309875913390583,8.179825679422496
515,13287,55001126.922442354,Turner County,751045882.931551,0.07323271210509394,7.74037158788731
516,13289,114899686.39078687,Twiggs County,939218395.2134944,0.12233543015804002,8.06031884332273
517,13291,61374771.77670201,Union County,856188926.3977942,0.07168367854852009,7.787989890208516
518,13293,56816285.689656794,Upson County,848360311.6478915,0.06697188082654927,7.754472838736121
519,13295,46956582.58835484,Walker County,1157547508.3307788,0.04056557700691504,7.67169648226444
520,13297,85132285.49440154,Walton County,854695253.8933129,0.09960542673731537,7.93009429279232
521,13299,1230721467.2435322,Ware County,2351675830.7095227,0.5233380601067843,9.090159775980934
522,13301,26277866.554160267,Warren County,742518120.9574941,0.0353902023566433,7.419590102861397
523,13303,137745356.98830724,Washington County,1772473028.3967314,0.07771365475327041,8.139076968918326
524,13305,237726317.1098446,Wayne County,1680055251.7709966,0.14149910656762638,8.376077262263985
525,13307,38669629.26139216,Webster County,545348975.179616,0.07090804424571613,7.5873700083784925
526,13309,113506304.87810116,Wheeler County,777691484.5063007,0.14595287095133616,8.055019985741946
527,13311,18850614.11405465,White County,627441917.897398,0.03004360017453788,7.275325503212106
528,13313,77891596.85111524,Whitfield County,753827748.4452778,0.10332811044931915,7.891490607382379
529,13315,123702013.04047908,Wilcox County,989673028.5956941,0.12499281021733737,8.09237676709632
530,13317,64574260.83864894,Wilkes County,1227898404.6639373,0.052589253796059963,7.810059443647539
531,13319,175888434.37887552,Wilkinson County,1170544770.3126588,0.15026203084218195,8.245237283174703
532,13321,129483111.65666974,Worth County,1488609444.4326854,0.08698259448838593,8.11221312755103
533,15001,136936241.00217775,Hawaii County,13173109229.101828,0.010395134407574814,8.136518402003741
534,15003,106275642.40906188,Honolulu County,5610486531.99769,0.018942321989893627,8.026433738850185
535,15005,1534216.902810066,Kalawao County,136821648.30760473,0.011213261364611057,6.185886763438654
536,15007,90811126.40017532,Kauai County,3279737363.383759,0.02768853610475809,7.958139062602576
537,15009,122234637.92587197,Maui County,6211643693.165558,0.019678308023424174,8.087194290431162
538,16001,88828259.43158208,Ada County,2747353812.0705967,0.03233229700569033,7.948551152301116
539,16003,381.30401938651255,Adams County,3547005318.767224,1.0750026716030872e-07,2.5812725222354254
540,16005,77678576.73303895,Bannock County,2973412739.2127523,0.02612438418273721,7.890301259610867
541,16007,0.0,Bear Lake County,2718496706.4366503,0.0,-3.0
542,16009,76633701.37335767,Benewah County,2031046339.2801201,0.0377311437416635,7.884419802297361
543,16011,0.0,Bingham County,5491374629.922095,0.0,-3.0
544,16013,65708807.68618776,Blaine County,6876366673.742652,0.009555745178205271,7.81762358681351
545,16015,9122.1358536162,Boise County,4938441764.312402,1.8471688619550444e-06,3.9600965833976307
546,16017,401181381.3747252,Bonner County,4967941347.123636,0.08075404948309288,8.603340769429604
547,16019,66277.03011806689,Bonneville County,4921728384.755661,1.3466210431959302e-05,4.821363045946466
548,16021,38931.06573969489,Boundary County,3310141877.684498,1.1761147158721743e-05,4.590296303867557
549,16023,0.0,Butte County,5797734322.68615,0.0,-3.0
550,16025,9945.874348793037,Camas County,2793802125.136403,3.559978088393588e-06,3.997643011937169
551,16027,133814033.45470232,Canyon County,1563569304.6879537,0.0855824126589694,8.126501661509387
552,16029,304.04851609553,Caribou County,4658450845.345235,6.526816020809535e-08,2.4829443165557668
553,16031,0.0,Cassia County,6684057238.5396385,0.0,-3.0
554,16033,0.0,Clark County,4569001335.470622,0.0,-3.0
555,16035,0.0,Clearwater County,6444005804.377419,0.0,-3.0
556,16037,25.39474135331171,Custer County,12790906401.078897,1.9853746526649348e-09,1.4047608952883792
557,16039,6704.4482206770335,Elmore County,8032748297.988308,8.346394001111763e-07,3.8263631057900405
558,16041,32788.29841440651,Franklin County,1729363109.4904766,1.8959753584697983e-05,4.5157188922993825
559,16043,8.14382068544353,Fremont County,4911074300.974844,1.658256460063532e-09,0.9108815274192812
560,16045,40761954.05099545,Gem County,1462288325.9607086,0.027875456110350368,7.610254995100279
561,16047,6.162971614020758,Gooding County,1901405436.7180939,3.2412716904072324e-09,0.7898606300621939
562,16049,0.0,Idaho County,22024154911.245396,0.0,-3.0
563,16051,75231329.28024665,Jefferson County,2863785924.6613545,0.026269885829242917,7.876398735545228
564,16053,12370.54210556341,Jerome County,1560537590.4741237,7.927102929833933e-06,4.092388766934823
565,16055,249088945.70548275,Kootenai County,3390281771.100205,0.07347145828078151,8.396354454452597
566,16057,3217.260958396995,Latah County,2788853246.776968,1.1536142900724988e-06,3.507486423803605
567,16059,0.0,Lemhi County,11834020990.196472,0.0,-3.0
568,16063,961.4642561757125,Lincoln County,3123106362.3476124,3.0785511110578637e-07,2.9829335950500093
569,16065,13231.367186708172,Madison County,1225897302.0952456,1.079321013603158e-05,4.121604754634603
570,16067,0.0,Minidoka County,1974538951.6934366,0.0,-3.0
571,16071,0.0,Oneida County,3109265306.3417845,0.0,-3.0
572,16073,221385.66141329065,Owyhee County,19934689441.832832,1.1105548549390195e-05,5.345149491265296
573,16075,18139.696331437714,Payette County,1062721448.0531949,1.7069097800432956e-05,4.258630036396454
574,16077,635.6652996978193,Power County,3735098342.8254724,1.7018703159953762e-07,2.8032291876091042
575,16079,53080570.91010307,Shoshone County,6844861756.667748,0.007754805399597147,7.7249355852965484
576,16081,2256.343439221348,Teton County,1166008565.4601197,1.9351002265845024e-06,3.3534053970112248
577,16083,9263279.320974715,Twin Falls County,4995278149.128405,0.0018544071109615804,6.966764759826325
578,16085,181815284.04512137,Valley County,9669727745.979748,0.01880252358922021,8.259630388775312
579,16087,129263497.04117943,Washington County,3816098765.5865674,0.033873205328665154,8.111475900972215
580,17001,283842119.0367771,Adams County,2256580575.029548,0.1257841719359214,8.45307684041128
581,17003,366333438.3610161,Alexander County,654307053.3333213,0.5598800081624615,8.563876562217125
582,17005,0.0,Bond County,991529302.7402291,0.0,-3.0
583,17007,62802190.0412364,Boone County,730475280.357907,0.08597442203720508,7.7979747887479345
584,17009,46945159.22130102,Brown County,795973012.6907023,0.058978330260981954,7.671590816379974
585,17011,225971232.79089212,Bureau County,2262408524.0356684,0.09988082629206428,8.354053154921983
586,17013,206741506.37945774,Calhoun County,734466645.7481333,0.2814852213865604,8.31542767634855
587,17015,154178616.04754528,Carroll County,1209479258.3438373,0.12747520470806994,8.188024143000812
588,17017,221947499.81983486,Cass County,993768158.1616029,0.22333931510788313,8.346250257177871
589,17019,180348028.16763335,Champaign County,2586008615.8628564,0.06973991774867225,8.256111398330772
590,17021,115813379.32720107,Christian County,1853780285.0154755,0.0624741671185883,8.063758734113039
591,17023,116948111.52568838,Clark County,1307326283.0366354,0.08945594764150483,8.0679932132323
592,17025,169955863.83044913,Clay County,1216087582.946218,0.13975626937880303,8.230336153242165
593,17027,423039450.70896506,Clinton County,1303136433.255969,0.32463174224357627,8.62638086956591
594,17029,62943729.31787823,Coles County,1321068108.4803743,0.04764608948911987,7.798952470617701
595,17031,209274538.53410605,Cook County,4233694886.0176816,0.049430708676069676,8.320716392952392
596,17033,173404268.74023655,Crawford County,1154776113.762302,0.1501626736764404,8.23905978442015
597,17035,70231411.57766438,Cumberland County,898528010.336198,0.07816274035952003,7.846531397373483
598,17037,80920985.26007015,DeKalb County,1643715945.9746685,0.049230516658452635,7.908061161924286
599,17039,75883776.04614419,De Witt County,1049170680.0680107,0.07232738913484044,7.880148933650936
600,17041,80232268.06505539,Douglas County,1080558948.0263958,0.07425070905349208,7.904349069338851
601,17043,73640536.45222181,DuPage County,871242569.2319232,0.08452357478026172,7.867116943572138
602,17045,51448156.30184434,Edgar County,1615965783.590075,0.0318374044947571,7.711369815991592
603,17047,213936.20926593387,Edwards County,576793684.285936,0.00037090594972582694,5.330284298305726
604,17049,86522369.35232008,Effingham County,1243180115.16387,0.06959761364982507,7.937128403774258
605,17051,723.183597812648,Fayette County,1878498893.7501664,3.849795175385548e-07,2.859249168080959
606,17053,119302778.35408315,Ford County,1259330711.3244817,0.0947350662389614,8.076650557754425
607,17055,249142926.10092664,Franklin County,1117506248.6903634,0.22294544338602504,8.396448560788585
608,17057,295268249.990522,Fulton County,2286037243.9436364,0.1291616095812838,8.470216750064269
609,17059,395056220.2742597,Gallatin County,849770700.4952387,0.46489743650142856,8.59665890427939
610,17061,283916558.8540761,Greene County,1415160577.2834373,0.20062497741357835,8.453190722605708
611,17063,122042511.71048316,Grundy County,1115072293.977227,0.10944807109786878,8.086511137115341
612,17065,26120.193131808053,Hamilton County,1128903628.5635464,2.3137664253098586e-05,4.416976400400115
613,17067,260999877.16682985,Hancock County,2109362087.8438454,0.12373403251673096,8.41664030294998
614,17069,50594666.97867339,Hardin County,469920860.9342607,0.1076663565820103,7.704104741674546
615,17071,197142273.3415517,Henderson County,1023634738.3175979,0.19259044848904433,8.294779760306264
616,17073,180487819.5942741,Henry County,2138524148.8313463,0.08439830791385101,8.256447898424213
617,17075,148398092.0308217,Iroquois County,2898280894.5948744,0.05120210822476715,8.171428317214044
618,17077,436092491.00665414,Jackson County,1559751830.0893579,0.2795909468377867,8.639578608705033
619,17079,56672.15447175347,Jasper County,1290378167.4929574,4.391902769237048e-05,4.753369730934882
620,17081,194069184.3658208,Jefferson County,1512040810.4626055,0.12834917088411507,8.287956580612903
621,17083,116399578.46008876,Jersey County,977477522.4740763,0.11908159091522823,8.065951407527319
622,17085,127837994.03117105,Jo Daviess County,1602175274.6763022,0.0797902676765493,8.106659947298498
623,17087,28815.866560658924,Johnson County,903088100.2465785,3.190814556496876e-05,4.459631699438285
624,17089,139911427.46228224,Kane County,1357620109.2704449,0.1030563900069715,8.145853187555193
625,17091,124705911.64190191,Kankakee County,1764560365.8679888,0.0706725108724512,8.09588704155422
626,17093,51260934.43354115,Kendall County,834548414.544833,0.061423559784124844,7.709786518665745
627,17095,90750460.31433976,Knox County,1864266316.121499,0.04867891434263586,7.957848836594155
628,17097,234098716.6566921,Lake County,3543957372.948398,0.06605573713826401,8.369399032876418
629,17099,125536750.31950366,LaSalle County,2973768931.7498956,0.04221469562721955,8.098770882191545
630,17101,350720159.29285103,Lawrence County,969014640.2734616,0.3619348405240562,8.544960729720836
631,17103,259633964.40920267,Lee County,1886921988.0420718,0.1375965546294825,8.414361504734964
632,17105,200931768.37856442,Livingston County,2708959793.771258,0.07417303455022445,8.303048606440685
633,17107,242537774.9861927,Logan County,1603010630.8125834,0.15130141392964291,8.384779389086154
634,17109,18397.998003028584,McDonough County,1528352156.1852775,1.2037800273040117e-05,4.264770590987829
635,17111,185577764.39087555,McHenry County,1582662107.8033721,0.11725671795380564,8.268525938583178
636,17113,125209220.43168627,McLean County,3072402204.1407986,0.04075287417218254,8.097636311586799
637,17115,106326699.16553017,Macon County,1517090763.1221764,0.07008591822595345,8.026642331736417
638,17117,48711.04941610085,Macoupin County,2247341198.059777,2.1674968384042052e-05,4.687627494897115
639,17119,19260.36972931614,Madison County,1916349734.0597563,1.0050550474684677e-05,4.284664642297692
640,17121,72605651.17303385,Marion County,1492099758.9897983,0.04866005153850458,7.860970424807311
641,17123,87206222.4709403,Marshall County,1032208794.3910207,0.08448506052730345,7.940547474483173
642,17125,266356940.50478673,Mason County,1459663434.0634394,0.18247832636548078,8.425464017749695
643,17127,66655582.79493544,Massac County,627002944.4930285,0.10630824524888108,7.8238365299828745
644,17129,119017390.62642135,Menard County,816909812.379021,0.14569220350018386,8.075610424432096
645,17131,196735064.3863138,Mercer County,1473016336.232349,0.1335593228310819,8.29388177177883
646,17133,344914302.2172836,Monroe County,1031680398.0786477,0.33432282212556863,8.537711203198059
647,17135,1491.2121973546914,Montgomery County,1838217527.683642,8.112272758239795e-07,3.1735397385674142
648,17137,149090508.19534004,Morgan County,1482649388.3662963,0.10055682035495937,8.17344999510175
649,17139,70957090.79115184,Moultrie County,892238678.6249858,0.07952702846339572,7.8509958013161265
650,17141,104652081.98458228,Ogle County,1977282745.777249,0.052927221566101634,8.019747872768882
651,17143,1474508.8770427601,Peoria County,1632332375.827185,0.0009033141159719706,6.168647391790071
652,17145,129877953.01416992,Perry County,1157786354.3256807,0.11217782324772137,8.11353543516476
653,17147,67954930.08635943,Piatt County,1138246230.4111753,0.05970143214250898,7.832220970002517
654,17149,303270449.33263826,Pike County,2198442353.945369,0.13794787422484972,8.481830094726837
655,17151,320069.49052691023,Pope County,970024339.879251,0.00032996026735447956,5.505244279914324
656,17153,449136.6287148182,Pulaski County,525868968.557882,0.0008540846780644028,5.652378475758113
657,17155,82806663.49443418,Putnam County,445844399.5241982,0.18572996225320948,7.918065286094742
658,17157,388896880.79490626,Randolph County,1546344363.1919172,0.25149435665944236,8.589834459839262
659,17159,44489.43022728784,Richland County,937358860.2236986,4.7462537684521954e-05,4.648256853569368
660,17161,243745182.78704962,Rock Island County,1168843724.685086,0.20853530513903415,8.386936041358302
661,17163,438866.05516773555,St. Clair County,1745369983.1468236,0.00025144585927648405,5.642331991897324
662,17165,305101820.10035515,Saline County,1002149349.2927458,0.30444745617574553,8.484444798457279
663,17167,225821884.55552602,Sangamon County,2271452576.5852585,0.09941738906784077,8.353766027409971
664,17169,125070738.29312266,Schuyler County,1143113415.7090888,0.10941236151579901,8.097155713499252
665,17171,195427219.1341126,Scott County,654356586.9057841,0.298655538959602,8.290985052202199
666,17173,39957.33251209577,Shelby County,1989275526.2366676,2.0086374152346543e-05,4.601596498582423
667,17175,58276423.13373757,Stark County,746874694.8909123,0.07802704192869911,7.765492887975829
668,17177,130915440.62518425,Stephenson County,1462742314.61366,0.08950000237038448,8.116990871785912
669,17179,186761234.81184775,Tazewell County,1704058946.7033641,0.10959787228789944,8.27128673670144
670,17181,286104484.47705,Union County,1093271811.1190813,0.2616956566219258,8.456524665106233
671,17183,97082335.78745049,Vermilion County,2334166231.095331,0.04159186886269605,7.9871402168547
672,17185,155607622.8505141,Wabash County,589377572.2704016,0.26402026505875015,8.192030868240169
673,17187,82618287.87169653,Warren County,1406440995.898057,0.05874280407969916,7.917076190699333
674,17189,80499.13540130925,Washington County,1460506307.785013,5.5117280200859464e-05,4.905791221260318
675,17191,33779.02966163744,Wayne County,1853035367.72755,1.822902587286393e-05,4.528647182702658
676,17193,521683440.56315964,White County,1299832927.5226545,0.40134653424839273,8.717407051432462
677,17195,392027260.2332624,Whiteside County,1803692706.4885623,0.21734703412781603,8.593316267422715
678,17197,281005502.0431549,Will County,2199476479.093745,0.12776017598466802,8.44871482340694
679,17199,146365986.42811784,Williamson County,1150809403.6141617,0.12718525410763049,8.165440164000984
680,17201,188636328.39415374,Winnebago County,1344666563.1418345,0.14028483608114864,8.275625334754606
681,17203,97187911.9145421,Woodford County,1406225593.6927977,0.06911260351856009,7.987612251399076
682,18001,73484397.07161985,Adams County,880506801.2740968,0.08345693294508076,7.866195135211904
683,18003,178132448.23366404,Allen County,1709348543.3744822,0.10421072339173543,8.250743036845003
684,18005,228401143.59624636,Bartholomew County,1060683959.3282838,0.21533383397340108,8.358698274077883
685,18007,16948224.12880936,Benton County,1052844776.2081907,0.016097552565961536,7.22912419864355
686,18009,17396850.495474424,Blackford County,428858173.5221726,0.04056550992743288,7.240470631282147
687,18011,69822772.57135463,Boone County,1096136807.239198,0.06369895811382782,7.84399709009499
688,18013,70925495.80427031,Brown County,820069904.894714,0.08648713406130444,7.850802380417702
689,18015,85174253.77631517,Carroll County,971293754.8919781,0.08769154887214092,7.930308337346297
690,18017,42589764.750701316,Cass County,1074450420.4115868,0.03963865055251835,7.629305241216737
691,18019,91108851.0580687,Clark County,975440682.4130274,0.09340275908185958,7.959560569941048
692,18021,211784097.9868748,Clay County,933228057.2308127,0.22693713111809585,8.325893347577942
693,18023,33494486.27972375,Clinton County,1049580320.1829951,0.0319122659177565,7.524973321217794
694,18025,48657181.85817739,Crawford County,799735952.621397,0.06084155864030811,7.687146951728976
695,18027,573984.1357927119,Daviess County,1131498811.320145,0.0005072777187658127,5.758899889961406
696,18029,54158115.909051515,Dearborn County,796190309.0159768,0.06802157134515531,7.73366354740344
697,18031,41435954.36614751,Decatur County,966901588.1837479,0.04285436581398304,7.617377346114742
698,18033,56865692.584935926,DeKalb County,942393219.9502251,0.06034178873648882,7.754850332929378
699,18035,79790557.19366196,Delaware County,1025400041.0392022,0.07781407645819616,7.901951497855665
700,18037,191481063.82407066,Dubois County,1127509369.6708643,0.1698265832415802,8.282125831657595
701,18039,69181802.28544004,Elkhart County,1212038055.2366138,0.05707890275106452,7.839991871827809
702,18041,59515560.29670473,Fayette County,557268019.4160963,0.1067988081553019,7.7746305265344064
703,18043,32892482.59222998,Floyd County,387247665.77646244,0.08493913714438518,7.517096653532863
704,18045,66638806.70939932,Fountain County,1030485715.8058835,0.06466737547864498,7.823727211632091
705,18047,68693454.25229326,Franklin County,1012814162.4874351,0.06782434211186839,7.836915355442176
706,18049,31224873.122526392,Fulton County,961572723.8659589,0.032472710953143746,7.4945006823747775
707,18051,417601419.4012571,Gibson County,1293194626.1561015,0.3229223281282399,8.620761966137692
708,18053,47006856.393180594,Grant County,1074586221.8223648,0.04374414582895247,7.672161208509875
709,18055,286438111.2857331,Greene County,1413903583.5685778,0.20258673548502268,8.457030801416431
710,18057,103612955.89007841,Hamilton County,1042384167.168243,0.09939997090665235,8.015414063519309
711,18059,69874556.27723905,Hancock County,795194946.9271808,0.08787097622696256,7.844319063019358
712,18061,74422107.84669031,Harrison County,1259040123.1853757,0.059110195518155634,7.87170196632589
713,18063,60739009.55706784,Hendricks County,1058730256.5058215,0.05736967389363909,7.783467705807916
714,18065,67401174.08002824,Henry County,1022610000.2331785,0.0659109279829644,7.82866746170551
715,18067,44021674.21612391,Howard County,761253215.9033704,0.05782789917528808,7.6436665554693
716,18069,91890448.27570271,Huntington County,1004158481.2289171,0.0915099060491374,7.963270370185757
717,18071,360951361.9702749,Jackson County,1331010550.1128702,0.27118595111035454,8.557448684868
718,18073,172386261.9567362,Jasper County,1453992427.439599,0.11856063257516339,8.236502652476625
719,18075,59113543.2799824,Jay County,994768672.6429389,0.05942441183127261,7.771686991851995
720,18077,38840129.79430763,Jefferson County,940196893.2807907,0.041310634051104,7.589280672556557
721,18079,85900540.22460392,Jennings County,979910584.3850347,0.08766161075656997,7.933995895103198
722,18081,98268014.94480994,Johnson County,833434663.7951392,0.11790728081471366,7.992412183214044
723,18083,1214759.1435029055,Knox County,1356903510.4982429,0.0008952435704561312,6.0844901770433
724,18085,140346015.98870856,Kosciusko County,1435871339.3232503,0.09774275183656492,8.147200088803423
725,18087,54545287.86432696,LaGrange County,1001554856.2079309,0.0544606094476396,7.736757238105297
726,18089,328280397.47392726,Lake County,1622946146.1285226,0.20227436274273664,8.516244950586055
727,18091,230442922.3235331,LaPorte County,1588334679.0855687,0.14508461305913373,8.362563374024424
728,18093,116606025.33504255,Lawrence County,1170490121.4200935,0.09962153733819697,8.066720992126134
729,18095,76956407.61465529,Madison County,1173016960.6749835,0.06560553699954401,7.886244786302212
730,18097,133922142.72995636,Marion County,1043787737.8958694,0.1283040007731119,8.126852389340836
731,18099,75451638.98639499,Marshall County,1164828536.5895543,0.06477488884956942,7.877668678113603
732,18101,140826951.49136838,Martin County,881648970.7700468,0.15973131729328485,8.148685778132098
733,18103,51055931.73341304,Miami County,977431592.6627808,0.05223478769938595,7.708046206165724
734,18105,124441104.22202416,Monroe County,1065317572.4893123,0.11681127528127075,8.094963856148
735,18107,66641908.57102794,Montgomery County,1309033653.0898664,0.050909240120546324,7.823747426430404
736,18109,183346589.2165853,Morgan County,1060414826.7230737,0.17290081635615048,8.26327283522512
737,18111,61943202.96365928,Newton County,1044889340.9978714,0.05928206991230612,7.791993658139155
738,18113,87632144.79395933,Noble County,1081146024.6174364,0.08105486474407375,7.9426634411718915
739,18115,23292622.295292772,Ohio County,226496391.74935186,0.10283882279709397,7.367218384399917
740,18117,70648787.91059189,Orange County,1057212294.4448011,0.06682554514530438,7.84910471525998
741,18119,114892977.31511104,Owen County,1004478020.290685,0.11438077787094063,8.06029348381387
742,18121,156493265.43645042,Parke County,1165477449.7168846,0.13427395397007935,8.194495652768824
743,18123,112570150.76859881,Perry County,1000539812.3379803,0.11250941679727268,8.051423247756983
744,18125,121484913.80913281,Pike County,883430238.6956096,0.1375150051332928,8.084522349903015
745,18127,104288995.47928903,Porter County,1351526766.749647,0.0771638402176072,8.018238484319848
746,18129,420761957.2461085,Posey County,1086807599.8955688,0.3871540439048636,8.624036466638712
747,18131,33022203.91314522,Pulaski County,1125437611.517181,0.029341656592255363,7.51880605486896
748,18133,111398213.49618183,Putnam County,1250171803.5943928,0.08910632376758035,8.046878226075258
749,18135,73271686.37774523,Randolph County,1174077055.0840633,0.062407902497080156,7.8649361871245835
750,18137,47173715.02929117,Ripley County,1160474263.5344386,0.04065037589512318,7.673700079205716
751,18139,59249627.29194878,Rush County,1057907624.576908,0.05600642808075483,7.7726856227813
752,18141,102838818.82919912,St. Joseph County,1194983092.434873,0.08605880658918516,8.012157079848762
753,18143,80253234.52689548,Scott County,499215223.191351,0.16075878859193787,7.90446254524274
754,18145,184577804.73759747,Shelby County,1069034113.1790414,0.1726584797081068,8.266179476434832
755,18147,266874459.50700206,Spencer County,1039903472.7056046,0.2566338766161173,8.426307012807769
756,18149,190732992.0749755,Starke County,808608989.1457849,0.23587790221880414,8.280425821715397
757,18151,88169110.20101483,Steuben County,835183990.7975492,0.10556848691127181,7.945316457937507
758,18153,1017758.3743363518,Sullivan County,1176154606.718033,0.00086532703143197,6.007644684961921
759,18155,32153894.22578489,Switzerland County,579058093.7591736,0.05552792469758221,7.507233578777656
760,18157,122758697.43568085,Tippecanoe County,1303391968.6206431,0.09418402168427831,8.089052271588857
761,18159,45070342.43938069,Tipton County,674865646.4890954,0.06678417055876756,7.653890857813661
762,18161,31726228.16311248,Union County,427807099.4950486,0.07416012544102175,7.501418443204025
763,18163,191607092.77089897,Vanderburgh County,613462293.9326123,0.3123371960525852,8.282411581437115
764,18165,85007679.0731226,Vermillion County,673170412.7887367,0.12627958308649084,7.92945815899526
765,18167,199784994.73144636,Vigo County,1063061582.5089295,0.18793360424137817,8.300562866524512
766,18169,93781246.114129,Wabash County,1090322205.490255,0.08601241508418236,7.9721159991143775
767,18171,39004522.89885912,Warren County,948973283.5979806,0.041101813478853264,7.591114970015213
768,18173,228353487.453054,Warrick County,1012817885.1382467,0.2254635219261402,8.358607648614296
769,18175,111235850.04520728,Washington County,1337976205.9708576,0.08313739029797822,8.046244777965839
770,18177,80998196.49943009,Wayne County,1047241291.4845113,0.07734434953821534,7.908475349019006
771,18179,58705938.69182105,Wells County,958937690.5399029,0.06121976356854669,7.768682036700162
772,18181,20005921.10787388,White County,1317579001.5618935,0.015183849381447583,7.30115855188057
773,18183,45312714.045922935,Whitley County,875330721.1151855,0.05176639292197331,7.656220075427961
774,19001,91924986.3508952,Adair County,1477002199.881223,0.06223754193344302,7.9634335740611935
775,19003,81306619.22641046,Adams County,1102054138.515792,0.07377733668865977,7.910125903243764
776,19005,206854747.98401833,Allamakee County,1706278344.2006943,0.1212315380354425,8.31566549380793
777,19007,174978849.7246453,Appanoose County,1337091567.474456,0.13086527054773914,8.242985557243104
778,19009,45893383.70945592,Audubon County,1148414598.6003587,0.039962382719088495,7.661750079324733
779,19011,176185836.35118213,Benton County,1860554228.4748201,0.0946953513392671,8.245970992377206
780,19013,268280927.62346035,Black Hawk County,1483231961.7321362,0.18087590784529659,8.428589799314238
781,19015,102582831.50136063,Boone County,1485696419.1134012,0.06904696691843519,8.01107468233823
782,19017,176981139.93876255,Bremer County,1138052091.1141286,0.15551233666773706,8.247926988076479
783,19019,141012070.3204546,Buchanan County,1484309718.3144603,0.09500178337482279,8.14925628889397
784,19021,136878124.98847786,Buena Vista County,1502780038.2928307,0.09108327333384893,8.136334047436751
785,19023,296918624.6582841,Butler County,1506745846.1688256,0.19705952759933174,8.472637440213306
786,19025,106502105.10878754,Calhoun County,1481768466.877551,0.07187499767302617,8.027358192080195
787,19027,122856116.73439181,Carroll County,1477022583.5518067,0.08317822496590326,8.089396783919861
788,19029,124924028.93670875,Cass County,1463209643.9623315,0.08537671238853915,8.096645982260041
789,19031,171709370.2462743,Cedar County,1507184535.569612,0.1139272373050059,8.234793995426774
790,19033,137271827.8749457,Cerro Gordo County,1489549689.631252,0.09215659526533032,8.137581416672873
791,19035,124423860.10763016,Cherokee County,1494604352.0494242,0.08324869383460465,8.094903670707605
792,19037,206071656.07772174,Chickasaw County,1309648129.8171368,0.157348872102383,8.314018261283705
793,19039,66954837.67448449,Clarke County,1118098386.8531408,0.05988277817207765,7.825781961480449
794,19041,195869044.26389855,Clay County,1483006147.7618215,0.13207567922729618,8.291965804206887
795,19043,175573558.48627114,Clayton County,2052903521.5517914,0.08552450548360643,8.244459111412153
796,19045,319334861.6567876,Clinton County,1839345687.4941478,0.1736132929377929,8.504246332880664
797,19047,78647129.76517352,Crawford County,1851937230.8543015,0.042467492123852105,7.895682877633706
798,19049,143816213.19164905,Dallas County,1532251691.0755224,0.09385939270244902,8.157807849212263
799,19051,113704684.14169279,Davis County,1307566057.3541548,0.08695903622014549,8.05577835611624
800,19053,137424226.4836646,Decatur County,1381708086.2239032,0.09945966724363171,8.138063301145229
801,19055,114652620.01994482,Delaware County,1499378689.009718,0.07646675310269246,8.05938398359834
802,19057,166144715.685471,Des Moines County,1113111202.8979433,0.14926156097694415,8.220486532887064
803,19059,112990304.74755889,Dickinson County,1046255014.6140375,0.10799499468993314,8.05304117998923
804,19061,102107870.65849122,Dubuque County,1596627018.840628,0.06395223771963703,8.00905921958194
805,19063,66344196.72192651,Emmet County,1042524868.7183981,0.06363799916205845,7.821802940140374
806,19065,135809274.64477715,Fayette County,1894161744.438852,0.07169887948772338,8.132929429664236
807,19067,120639115.96173345,Floyd County,1298495890.9988306,0.09290681379741239,8.081488146049626
808,19069,162132845.1027282,Franklin County,1508738766.2403204,0.1074625036027627,8.209871003758774
809,19071,210108960.32266384,Fremont County,1338087197.4825633,0.1570218747462471,8.32244457375838
810,19073,91356752.73161905,Greene County,1479552237.195327,0.0617462164801947,7.960740654218668
811,19075,106868866.41336375,Grundy County,1299892229.761949,0.08221363584343819,8.028851202741267
812,19077,107023316.29604216,Guthrie County,1536012300.01717,0.06967608025980379,8.029478404190014
813,19079,83230315.54293935,Hamilton County,1495681749.3153064,0.0556470757104849,7.920281541139399
814,19081,140869530.2611558,Hancock County,1484160618.279657,0.0949152864765019,8.1488170664236
815,19083,170166716.33524224,Hardin County,1476281839.370787,0.11526709317766166,8.230874618468514
816,19085,441783288.86350995,Harrison County,1817221785.6492875,0.2431091748691876,8.645209283986317
817,19087,99594425.39733644,Henry County,1130575047.7099519,0.08809183043537974,7.9982350303263505
818,19089,115661796.65777141,Howard County,1226634327.4343092,0.09429199401234392,8.063189934231884
819,19091,66416737.04522894,Humboldt County,1128391415.2862666,0.05885966176761402,7.822277535555855
820,19093,82529001.61170734,Ida County,1119006316.3612547,0.07375204268736592,7.916606591302068
821,19095,225632845.59917045,Iowa County,1521598537.6279802,0.1482867129662923,8.353402320597642
822,19097,176216472.90817565,Jackson County,1682474043.5633993,0.10473651797620462,8.246046504298272
823,19099,231111102.25122926,Jasper County,1898339257.9085886,0.12174383545428318,8.36382080887619
824,19101,91033877.33861685,Jefferson County,1131524697.669618,0.0804523997806691,7.959203040713602
825,19103,252057888.4495475,Johnson County,1613726691.867162,0.15619614505967178,8.401500293747722
826,19105,144654273.55098584,Jones County,1494627263.1478474,0.09678284152687555,8.160331268627829
827,19107,227959366.81889135,Keokuk County,1502000891.340637,0.15177046041259154,8.35785744200679
828,19109,123980439.94097844,Kossuth County,2523487464.073832,0.049130594744793636,8.093353173103106
829,19111,162376060.94704062,Lee County,1395715407.1451626,0.11633894712043726,8.210522001724652
830,19113,196027015.34839568,Linn County,1876883652.6809857,0.10444281672355449,8.29231592752316
831,19115,249532551.9899233,Louisa County,1081381157.176282,0.2307535602354181,8.3971272081874
832,19117,109975601.44126333,Lucas County,1125311155.64769,0.09772905999315824,8.041296345755443
833,19119,161389216.54376504,Lyon County,1522341554.0267677,0.10601380230137716,8.207874513337984
834,19121,116035722.15873717,Madison County,1455982929.312814,0.07969579850328534,8.064591709473385
835,19123,233279850.37025893,Mahaska County,1485091349.7312503,0.15708114548810378,8.36787722807582
836,19125,276309636.20141053,Marion County,1477607767.0025628,0.18699795870857203,8.441396031049548
837,19127,215611704.33698022,Marshall County,1484579122.9604874,0.14523422901638017,8.33367233254174
838,19129,157273509.83789238,Mills County,1141260383.7996318,0.13780685991594402,8.196655578951228
839,19131,104422231.13400392,Mitchell County,1216486720.1253753,0.08583918706752657,8.018792968316076
840,19133,516697026.18862087,Monona County,1810230164.397013,0.28543167402181285,8.713235962004044
841,19135,74648616.7602803,Monroe County,1124821923.509613,0.06636483091240382,7.87302176465972
842,19137,92023929.19366802,Montgomery County,1100816252.6644776,0.08359608515129399,7.963900772627234
843,19139,245268412.22673345,Muscatine County,1163226835.3295658,0.21085174858198996,8.389641619635087
844,19141,122171489.93303058,O'Brien County,1484601407.2265303,0.08229245192570994,8.08696987031793
845,19143,94058316.98568535,Osceola County,1034429097.7824739,0.09092775637046561,7.973397203519833
846,19145,115433187.95130058,Page County,1386856713.5111454,0.08323368003826079,8.062330689862833
847,19147,172545505.77522847,Palo Alto County,1474829337.471878,0.11699354046685999,8.236903651880167
848,19149,224686318.3453806,Plymouth County,2236892178.0108185,0.1004457526178957,8.351576628059657
849,19151,75073040.48653716,Pocahontas County,1498713760.653028,0.05009164688914707,7.875484005319158
850,19153,254279179.79402363,Polk County,1532983850.9832485,0.1658720537929543,8.40531080189689
851,19155,379438009.8523624,Pottawattamie County,2484169891.363622,0.15274237529868762,8.579140833781782
852,19157,118220816.16887632,Poweshiek County,1517905176.7692523,0.0778841906452289,8.072693953294463
853,19159,99551184.12299715,Ringgold County,1395655527.4608705,0.07132933747922138,7.998046430164125
854,19161,122522538.9145431,Sac County,1497869721.1184278,0.08179786077994694,8.088215987690411
855,19163,177197851.57126305,Scott County,1212659918.1903787,0.14612328560812898,8.24845845199817
856,19165,89013512.5832967,Shelby County,1531589713.9363186,0.05811837972881408,7.949455939176914
857,19167,212439029.85976523,Sioux County,1991683572.5075226,0.10666304266008744,8.327234309471454
858,19169,131589204.0056347,Story County,1485744917.5286257,0.08856783048904449,8.119220259850312
859,19171,255144237.88854778,Tama County,1870180081.0125914,0.1364276309425787,8.406785764786491
860,19173,91594975.48382561,Taylor County,1384752266.4392984,0.06614538766515227,7.961871650752301
861,19175,87001983.72755617,Union County,1102811658.5883286,0.07889106272137568,7.939529155061649
862,19177,145700867.4019479,Van Buren County,1270486216.9169204,0.11468118698329456,8.16346213726891
863,19179,124246034.35536715,Wapello County,1129289728.7136621,0.110021397694719,8.09428253595964
864,19181,203545129.11701486,Warren County,1484053481.271757,0.13715484764240923,8.308660714072436
865,19183,197455749.11394045,Washington County,1478597601.7732692,0.13354258716308853,8.295469783160158
866,19185,82493582.1328559,Wayne County,1365230047.0277994,0.06042467517650243,7.916420162461796
867,19187,133649293.44571026,Webster County,1860935320.5067143,0.07181834423418804,8.12596666714788
868,19189,51760208.81298462,Winnebago County,1040444052.1389248,0.04974819040637215,7.713996019719731
869,19191,112036633.40106986,Winneshiek County,1787432556.973053,0.06268020181460693,8.04936005019731
870,19193,404151036.58022773,Woodbury County,2273584666.0329394,0.17775939582026212,8.606543697030228
871,19195,109758285.01207373,Worth County,1041024045.1609613,0.10543299698241178,8.040437312510113
872,19197,146583487.6959585,Wright County,1507964281.5253057,0.09720620673301977,8.166085050755386
873,20001,244102548.1964335,Allen County,1308786207.6529171,0.18651063616737637,8.3875723130604
874,20003,230253468.96839923,Anderson County,1511863697.5404282,0.15229776952974433,8.362206181943455
875,20005,161316270.21262157,Atchison County,1123587696.6603968,0.14357247831397288,8.207678172148073
876,20007,244533024.28323686,Barber County,2942652551.30025,0.0830995233110979,8.388337519066612
877,20009,477906091.82684225,Barton County,2332632346.208027,0.20487844670581534,8.67934256647048
878,20011,231048688.0181951,Bourbon County,1655239529.6071496,0.13958625557536775,8.36370350677534
879,20013,144436107.63027307,Brown County,1481746237.0894215,0.09747695254079902,8.159675776230578
880,20015,408220551.46984285,Butler County,3746488367.712416,0.10896084850761192,8.610894865068214
881,20017,282097286.901008,Chase County,2014289995.0650198,0.1400480008301397,8.45039890930619
882,20019,110200.10750754822,Chautauqua County,1669938050.2438464,6.599053629052686e-05,5.0421820221401425
883,20021,454800817.4990569,Cherokee County,1530742504.3839347,0.2971112490811097,8.657821236656517
884,20023,8009.933129701395,Cheyenne County,2644240090.8611646,3.0292003957525485e-06,3.9036289446454324
885,20025,293.0962187439609,Clark County,2530903851.1911764,1.1580693537844767e-07,2.467011697353886
886,20027,326796272.38794136,Clay County,1698015758.7189848,0.19245773822174808,8.51427709409616
887,20029,309573546.09631634,Cloud County,1859586582.6147716,0.16647439220658594,8.490763841950066
888,20031,355930130.9249654,Coffey County,1694094774.295753,0.21010048335278528,8.55136475434548
889,20033,530.396395872741,Comanche County,2045285464.6175573,2.593263410161273e-07,2.72460138311754
890,20035,404227854.8398905,Cowley County,2932971279.76803,0.1378219615133296,8.606626236905365
891,20037,264119197.04210094,Crawford County,1541072868.809468,0.171386572554575,8.42179996829096
892,20039,6655.365821245352,Decatur County,2315831055.958523,2.8738563653516145e-06,3.823171997309169
893,20041,351553704.37935936,Dickinson County,2206527864.853178,0.15932438922666933,8.545991678529296
894,20043,106572842.93968153,Doniphan County,1031529899.6856616,0.10331532122545116,8.027646551186027
895,20045,203753560.74566197,Douglas County,1229303161.5556543,0.16574720306406487,8.309105207100918
896,20047,214966542.76755983,Edwards County,1610905748.6774907,0.13344451898817883,8.332370871907804
897,20049,6213.820200737628,Elk County,1684697981.864211,3.6883882260378166e-06,3.7933587525156414
898,20051,254375770.69477177,Ellis County,2331959433.643518,0.10908241671139537,8.405475742376328
899,20053,163277189.3578366,Ellsworth County,1873300878.3447762,0.08716015203180076,8.21292551586006
900,20057,329454376.6255496,Ford County,2846605685.810391,0.11573586684934845,8.517795281293585
901,20059,264225472.1138061,Franklin County,1494775725.5345027,0.17676596401732722,8.421974682565645
902,20061,188443929.69925433,Geary County,1047901112.2082511,0.17982987851033463,8.275182152185497
903,20069,171.75876467027575,Gray County,2251469634.6617117,7.628740002797457e-08,2.234921436397506
904,20071,0.0,Greeley County,2016058125.5284824,0.0,-3.0
905,20073,85.87612007495538,Greenwood County,2985288789.7113028,2.876643638998161e-08,1.933877471761802
906,20075,35481.43940386285,Hamilton County,2583851867.1708384,1.3731994412943217e-05,4.550001242127884
907,20077,222067286.58989042,Harper County,2079189673.446948,0.10680472754644846,8.346484586015984
908,20079,309780249.5635977,Harvey County,1400465701.650854,0.2211980266267371,8.491053725306532
909,20081,97.56718074693754,Haskell County,1496683090.245791,6.51889377135374e-08,1.98930820722494
910,20083,14729.776768095397,Hodgeman County,2228195590.105816,6.610630069237273e-06,4.168196194580721
911,20085,187780193.88143155,Jackson County,1704266869.0773356,0.11018238826827216,8.273649783131457
912,20087,256587407.21916974,Jefferson County,1441787700.8687022,0.1779647635116955,8.409235338286015
913,20089,22258.94677744882,Jewell County,2368180765.489694,9.399175562025181e-06,4.347504630562545
914,20091,95652034.45225549,Johnson County,1242998746.1678154,0.07695263953173903,7.980694211607708
915,20095,55268.76231013641,Kingman County,2244637082.6123137,2.4622582749909173e-05,4.742479746948476
916,20097,2626.091417788147,Kiowa County,1872224632.6618562,1.402658298568838e-06,3.419310005770661
917,20099,331481386.85111845,Labette County,1691566921.4117272,0.19596114268684964,8.5204591471771
918,20103,186967688.59634194,Leavenworth County,1214556984.08576,0.15393900084241754,8.271766559069352
919,20105,258422114.02179864,Lincoln County,1865985255.744946,0.13849097318758305,8.412329674907953
920,20107,251841731.81804132,Linn County,1570555945.1900697,0.16035196491364928,8.401127697165895
921,20111,411627912.8404016,Lyon County,2215520124.8214517,0.18579290173388724,8.614504816969818
922,20113,414481572.3464162,McPherson County,2332550828.557156,0.17769455107771506,8.617505226790431
923,20115,316488267.51294273,Marion County,2470155562.027223,0.12812483245112105,8.50035761499035
924,20117,291035097.27466816,Marshall County,2344186222.1312127,0.12415186751250254,8.463945365735153
925,20119,545.2668588613474,Meade County,2536480824.046464,2.1496983288502836e-07,2.7366098986944256
926,20121,230052385.4422325,Miami County,1528754301.6291652,0.15048355723157733,8.36182674088037
927,20123,323916444.0374497,Mitchell County,1862613000.460005,0.17390431826549738,8.51043299609255
928,20125,353986441.9263556,Montgomery County,1687330144.1467385,0.20979085993000027,8.54898662838484
929,20127,186285547.3087452,Morris County,1820474606.1397612,0.1023280119813128,8.270179162104482
930,20129,0.0,Morton County,1890501561.7036695,0.0,-3.0
931,20131,174234504.98350227,Nemaha County,1863333385.1583314,0.09350688737254455,8.241134165829168
932,20133,362965496.5039331,Neosho County,1496480683.820425,0.2425460618558096,8.559865342970788
933,20135,0.0,Ness County,2784229827.10365,0.0,-3.0
934,20137,4704.675156402614,Norton County,2282544274.5995207,2.0611539538386672e-06,3.672529734388613
935,20139,297776491.9632274,Osage County,1864390376.414526,0.15971788726773614,8.473890409288561
936,20141,12.612321705609858,Osborne County,2316411287.649986,5.4447678496702285e-09,1.1008294726513346
937,20143,358334248.9382963,Ottawa County,1868250882.9982514,0.19180199629464417,8.55428831923087
938,20145,32837.90562660988,Pawnee County,1954523759.6393478,1.6800975411355034e-05,4.516375463627381
939,20147,5773.650859761644,Phillips County,2316889079.3647757,2.4919841485655467e-06,3.7614505932020013
940,20149,326739060.4327744,Pottawatomie County,2231642997.3984556,0.1464118861366587,8.51420105586152
941,20151,18228.676016995578,Pratt County,1905512969.8619232,9.566282835805867e-06,4.2607551500006675
942,20153,1461.0561703017202,Rawlins County,2770191378.533637,5.274206618443489e-07,3.164667209952635
943,20155,644846072.2848821,Reno County,3294748362.247833,0.1957193695499518,8.809456058922223
944,20157,203013345.91802758,Republic County,1865950399.1830575,0.10879889733773739,8.307524588989427
945,20159,376282575.35543895,Rice County,1885418826.1350117,0.19957506000234135,8.575514107765098
946,20161,200503685.96737218,Riley County,1611102995.7166693,0.12445119058212777,8.30212236090139
947,20163,2.1277143023175857,Rooks County,2318416574.023948,9.177446047259009e-10,0.3281173780879889
948,20165,36775.14232498946,Rush County,1859542297.1587145,1.9776448420226846e-05,4.565554373993198
949,20167,4977.58243021267,Russell County,2329529745.3339076,2.136732720491276e-06,3.6970185480519993
950,20169,492138387.1111657,Saline County,1868180196.6669703,0.26343196870901014,8.692087241605481
951,20173,520933002.2701963,Sedgwick County,2613610748.6200414,0.19931544991741537,8.716781871831348
952,20175,63953808.44794957,Seward County,1658654811.8157835,0.038557635978481414,7.8058664118188155
953,20177,249557272.67778718,Shawnee County,1439333682.3389437,0.17338388987899736,8.397170230736874
954,20183,4034.9732473589283,Smith County,2323126132.484098,1.7368722218471915e-06,3.6058407672450525
955,20185,7299.50485613939,Stafford County,2058825232.9839563,3.5454708535701495e-06,3.8632934613237944
956,20187,0.0,Stanton County,1762282033.1064858,0.0,-3.0
957,20189,0.0,Stevens County,1884058980.7696016,0.0,-3.0
958,20191,581251935.4081247,Sumner County,3069018612.025642,0.1893934214444146,8.76436441198163
959,20195,1.4880662191695924,Trego County,2330009398.6326056,6.386524535235275e-10,0.17291401137238363
960,20197,183366612.55644187,Wabaunsee County,2071166216.0279741,0.08853302604949657,8.26332026207518
961,20201,207244374.16822872,Washington County,2327553891.5147295,0.08903955991040786,8.316482750076728
962,20205,285117522.29748774,Wilson County,1489434536.7306173,0.1914266893013874,8.455023908308064
963,20207,194832037.53819612,Woodson County,1308598926.570049,0.14888598300234568,8.289660372370422
964,20209,52655060.23143251,Wyandotte County,404540983.4617875,0.13016001439667793,7.7214401138960795
965,21001,97519232.65545332,Adair County,1068094496.595919,0.09130206453291628,7.989090275317676
966,21003,73861226.77961177,Allen County,911320932.5821221,0.08104853530614572,7.868416516686549
967,21005,26526276.8847345,Anderson County,529094596.51080275,0.05013522545810559,7.42367629855194
968,21007,275568438.77496827,Ballard County,709609033.6974083,0.3883384028232034,8.44022947575249
969,21009,107183654.82556245,Barren County,1294993269.066678,0.08276773121980116,8.030128561850587
970,21011,74060120.91500802,Bath County,735567799.8598758,0.10068428896577084,7.86958441677516
971,21013,36224281.496746376,Bell County,935287830.5488747,0.03873062421381888,7.558999780073962
972,21015,56728460.78892131,Boone County,664343849.77893,0.08539020991584181,7.7538010000372495
973,21017,50129108.0321695,Bourbon County,755269396.9166847,0.0663724867402503,7.700089977110184
974,21019,33550090.93133091,Boyd County,419623399.0893057,0.0799528601220607,7.5256937015946095
975,21021,21755257.226550937,Boyle County,473554582.1615206,0.04594033728329679,7.337564222625083
976,21023,40257826.81716695,Bracken County,541180253.5809717,0.07438894259497135,7.6048503272751455
977,21025,51267247.858668566,Breathitt County,1282737543.6718087,0.03996705959967241,7.709840004168694
978,21027,114902415.70612273,Breckinridge County,1516679179.2302582,0.07575920951485453,8.060329159386674
979,21029,137778211.11794958,Bullitt County,777681623.892605,0.17716531660901924,8.139180541671664
980,21031,214030829.3793267,Butler County,1117515128.200383,0.19152387648120373,8.330476334402556
981,21033,93493288.38439076,Caldwell County,901702409.3712661,0.10368530394587858,7.970780435238185
982,21035,176702528.10965103,Calloway County,1063698939.7984736,0.16612080871597817,8.247242763070155
983,21037,53695285.38229749,Campbell County,412860796.2495625,0.13005663378568944,7.729936154937815
984,21039,152552486.48826733,Carlisle County,515355335.2129527,0.29601417908137173,8.183419290705189
985,21041,59951705.25854919,Carroll County,355517370.03076243,0.16863228160514815,7.777801540633863
986,21043,54983612.29079873,Carter County,1067376106.9743125,0.05151287529440826,7.740233268553301
987,21045,82672866.71770507,Casey County,1154464103.3081698,0.07161146585745037,7.917362997244671
988,21047,153710227.73734087,Christian County,1875261663.9211082,0.08196734924764473,8.186702766019863
989,21049,39415524.76878209,Clark County,660868233.1447166,0.05964203269572332,7.595667313040308
990,21051,49096291.317496054,Clay County,1220225372.3124819,0.04023542898837807,7.691048687219821
991,21053,36632801.39346691,Clinton County,532028529.53613216,0.06885495675468102,7.56387013143108
992,21055,167973204.14613712,Crittenden County,961650449.1406207,0.174671788794199,8.225240006611555
993,21057,50834991.383643985,Cumberland County,805247140.4889652,0.06312967637832997,7.706162754290189
994,21059,399308167.0829788,Daviess County,1234053670.456718,0.32357439278568534,8.601308192947236
995,21061,62112960.75030987,Edmonson County,797726585.9963503,0.07786246796918718,7.793182231343595
996,21063,19855207.493887912,Elliott County,609484209.0275574,0.03257706631245991,7.2978744299752725
997,21065,65409376.38009258,Estill County,662026261.1050918,0.09880178509974444,7.815640008548853
998,21067,41045609.67921437,Fayette County,739616070.7605641,0.05549583263787959,7.613266710940848
999,21069,53098846.20935171,Fleming County,909901983.5216528,0.058356666070602234,7.725085084359783
1000,21071,51523228.007530004,Floyd County,1024871848.1638703,0.05027284933217502,7.71200306441339
1001,21073,51184501.40677781,Franklin County,549098538.3813007,0.09321551202388134,7.709138477146966
1002,21075,285249864.8735464,Fulton County,597443371.1375052,0.47745088263418767,8.455225447361057
1003,21077,31957835.087320637,Gallatin County,271000032.6089368,0.11792557653835042,7.50457735133527
1004,21079,29069661.842496656,Garrard County,605917102.0692258,0.04797630194497375,7.463439979814542
1005,21081,31354444.55782791,Grant County,675401191.5715781,0.04642343683888068,7.496299111691733
1006,21083,189633878.57209715,Graves County,1442073029.1701753,0.13150088430765522,8.277915927743559
1007,21085,99436531.07428364,Grayson County,1323559805.3857641,0.07512809823149769,7.997545965179642
1008,21087,67260335.60052457,Green County,747969020.1717516,0.08992395913012545,7.827759029935599
1009,21089,103460776.42254315,Greenup County,917998516.3091221,0.1127025529828899,8.014775733257244
1010,21091,117721457.91674541,Hancock County,515207919.2769975,0.22849310639857107,8.070855631967424
1011,21093,113914439.02863571,Hardin County,1632015523.2412155,0.06979985018916937,8.056578775821475
1012,21095,32560352.63288203,Harlan County,1212507786.7781508,0.026853726621748703,7.512689099722071
1013,21097,54372671.48984583,Harrison County,802578625.4266788,0.06774747017582161,7.735380671703751
1014,21099,68047119.57282001,Hart County,1082220085.6096544,0.06287733934866545,7.83280974629657
1015,21101,549933489.4187075,Henderson County,1205775893.3552265,0.45608267046079914,8.740310167813028
1016,21103,46878962.69360473,Henry County,754003108.9333212,0.06217343421822731,7.670977993347208
1017,21105,203229067.53418958,Hickman County,655369993.4806088,0.3100982186487651,8.30798582451398
1018,21107,384114383.749385,Hopkins County,1435929417.1532853,0.26750227355247563,8.58446057029056
1019,21109,22278616.943543784,Jackson County,897463381.7021734,0.024823984351639017,7.347888226358213
1020,21111,137648557.36869606,Jefferson County,1029781411.0280737,0.13366774336242462,8.138771664115374
1021,21113,24910161.0881785,Jessamine County,451888678.4230925,0.05512455230147571,7.396376536043737
1022,21115,28863743.87875662,Johnson County,684108159.0562063,0.04219178429121056,7.460352662199781
1023,21117,26173021.541828986,Kenton County,425555984.3382574,0.06150312181023191,7.417853862633341
1024,21119,18048604.16198844,Knott County,913880958.3919443,0.019749403898015976,7.256443620216615
1025,21121,69549197.9428516,Knox County,1004267326.1787994,0.06925366994412112,7.842292125980576
1026,21123,57868765.83692468,Larue County,682812213.2086306,0.08475063087256629,7.7624442203021236
1027,21125,62817806.492071725,Laurel County,1149159661.8407195,0.054664124210077485,7.798082767392207
1028,21127,59784169.90716198,Lawrence County,1087970466.2883546,0.054950177196553464,7.776586203526052
1029,21129,34991080.33957724,Lee County,547152728.6769246,0.06395121235014128,7.54395735141998
1030,21131,18532457.43743722,Leslie County,1047395585.118469,0.0176938471965595,7.267933011396068
1031,21133,20756701.45369561,Letcher County,878092012.7175738,0.02363841277801455,7.317158338875658
1032,21135,89424332.93216385,Lewis County,1282467897.3523295,0.06972832077651336,7.951455709184144
1033,21137,43734715.541485325,Lincoln County,871252817.0153536,0.0501975025932279,7.640826306150504
1034,21139,259465944.6774866,Livingston County,886176565.9343299,0.2927926043766704,8.414080364077432
1035,21141,140361005.99565414,Logan County,1442703273.8616536,0.09729028036371802,8.147246472233807
1036,21143,160635016.86838552,Lyon County,664406088.7058202,0.2417723431482731,8.205840223230764
1037,21145,211594741.10560492,McCracken County,693954437.1648605,0.3049115759963605,8.325504869711144
1038,21147,37634966.17669185,McCreary County,1116147566.1616688,0.033718629433664514,7.575591530072739
1039,21149,316840603.170433,McLean County,663647664.1330796,0.47742291624625943,8.50084083138769
1040,21151,65953926.69254066,Madison County,1148029902.4555066,0.057449659239252084,7.819240657207183
1041,21153,35306203.68135804,Magoffin County,800713946.2751774,0.044093404199587315,7.547851022336816
1042,21155,61253565.445114374,Marion County,898356346.1012189,0.06818404045449115,7.787131373175443
1043,21157,259872264.95799863,Marshall County,881037658.2102826,0.2949615859620536,8.414759931605653
1044,21159,17534210.743237406,Martin County,597337095.9144642,0.029353962550064394,7.243886222048897
1045,21161,40719332.92647833,Mason County,638200965.6462986,0.06380330823417407,7.609800654685083
1046,21163,82288734.94312772,Meade County,840204804.6501919,0.0979389007152697,7.9153403858020415
1047,21165,20002931.914363544,Menifee County,533367942.49765575,0.0375030636837561,7.301093656731063
1048,21167,41228113.91947043,Mercer County,656064371.8655738,0.06284156812575395,7.615193467407034
1049,21169,41111296.84277777,Metcalfe County,754178423.0625571,0.05451136705268442,7.613961176688238
1050,21171,41876801.97638987,Monroe County,860022670.1996216,0.04869267221371009,7.621973508331448
1051,21173,27399714.81223127,Montgomery County,514988888.48307574,0.05320447765958297,7.43774604253993
1052,21175,51428235.469261274,Morgan County,994004293.7791498,0.051738443979687396,7.711201623705204
1053,21177,238053929.85261226,Muhlenberg County,1241640066.45232,0.19172539311879053,8.376675355311269
1054,21179,110387458.90198752,Nelson County,1098352448.5351524,0.10050276580091277,8.042919736086954
1055,21181,27633190.735051587,Nicholas County,509776569.67869425,0.054206474715910224,7.441431034719427
1056,21183,317741322.2957256,Ohio County,1544222120.0695906,0.20576141098238285,8.502073698549069
1057,21185,45013490.624557845,Oldham County,508529568.67258227,0.08851695830009812,7.653342692135062
1058,21187,59762704.96560275,Owen County,917493555.930603,0.06513692066750935,7.776430246194947
1059,21189,20037339.69045877,Owsley County,513568862.0851304,0.039015877265427615,7.301840060807324
1060,21191,59332563.78747331,Pendleton County,730143158.1055082,0.08126154868234697,7.773293114815294
1061,21193,31551014.46616596,Perry County,887354315.0169473,0.035556275472175256,7.499013327776957
1062,21195,57719149.96633708,Pike County,2042378851.9946423,0.02826074599723112,7.761319926593091
1063,21197,46293123.878372185,Powell County,466512143.573699,0.09923240909388858,7.665516488145041
1064,21199,98693200.95930457,Pulaski County,1753821298.1707683,0.05627323665315352,7.994287234866908
1065,21201,13857798.296316268,Robertson County,259271665.62020802,0.05344895001606442,7.1416942358110695
1066,21203,34771571.844906025,Rockcastle County,823865508.3597342,0.04220539820162407,7.541224323371603
1067,21205,55893082.27207683,Rowan County,741426122.4766397,0.07538590909822963,7.747358059826654
1068,21207,100741145.05477409,Russell County,732644539.1503588,0.13750344085223468,8.003206882878432
1069,21209,40763923.12396161,Scott County,739221645.572015,0.055144385135554565,7.610275973899979
1070,21211,39838938.38963094,Shelby County,998863084.3266766,0.03988428345661204,7.600307757029929
1071,21213,43400024.55740982,Simpson County,612442229.7295301,0.0708638667463809,7.6374899752631755
1072,21215,54688932.83784851,Spencer County,496390609.4470308,0.11017318175855681,7.737899448941996
1073,21217,58881269.622764856,Taylor County,716963054.8569578,0.0821259466912313,7.769977165878533
1074,21219,74430579.16096514,Todd County,976570829.331445,0.07621626299437995,7.871751398353244
1075,21221,194933468.38805848,Trigg County,1246642240.6403275,0.15636680840200998,8.289886410122426
1076,21223,43001544.71595805,Trimble County,403981443.1596773,0.10644435640317593,7.633484056742409
1077,21225,339645152.80445975,Union County,940717480.351514,0.3610490502180803,8.531025421002816
1078,21227,118819500.80747062,Warren County,1418185061.0202532,0.08378278975946268,8.074887723460783
1079,21229,45278169.900408454,Washington County,780101730.7777478,0.05804136577836703,7.65588886478397
1080,21231,105890838.4094113,Wayne County,1253974585.000876,0.08444416631405438,8.024858386925981
1081,21233,234503102.3646502,Webster County,869343363.0624136,0.26974738903920786,8.370148592600655
1082,21235,92413551.26864392,Whitley County,1152851332.1287975,0.08016085742642781,7.965735659641212
1083,21237,18291458.086404625,Wolfe County,576924333.8622777,0.03170512494064971,7.262248326256856
1084,21239,26348115.192098096,Woodford County,497374080.21516126,0.05297444366361039,7.420749553494901
1085,22001,609432769.1751246,Acadia Parish,1703008673.0059943,0.3578565270013628,8.784925802511774
1086,22003,585117731.4174066,Allen Parish,1984246675.5214732,0.29488154806338973,8.767243259178038
1087,22005,462939125.2506491,Ascension Parish,783986382.6418881,0.5904938344600201,8.665523886686548
1088,22007,685893866.9581349,Assumption Parish,958114847.9408563,0.7158785488318354,8.836256919555217
1089,22009,198285.39569520933,Avoyelles Parish,2241981497.241794,8.844203038211987e-05,5.297290730502706
1090,22011,611056508.0626299,Beauregard Parish,3019797200.5218544,0.20235018032238478,8.786081373917593
1091,22013,30829467.479474254,Bienville Parish,2129343529.6327546,0.014478390663807721,7.488966023192648
1092,22015,753807473.5472826,Bossier Parish,2245297991.992103,0.3357271401104668,8.877260438903836
1093,22017,672943545.8035927,Caddo Parish,2426912211.8684044,0.2772838434421632,8.827978632167616
1094,22019,1330847808.2467449,Calcasieu Parish,2833872489.5537105,0.46962162664429974,9.124128393703582
1095,22021,661465407.45906,Caldwell Parish,1401202800.789868,0.47206971545174414,8.82050713689534
1096,22023,4125179166.4286604,Cameron Parish,5016090142.232284,0.8223893609282018,9.615442815747025
1097,22025,393408.9165819928,Catahoula Parish,1915132321.0836,0.00020542127154921512,5.594844200048893
1098,22027,1005732.39210405,Claiborne Parish,1987381821.0933418,0.0005060589673456682,6.002482438315448
1099,22029,1083203.8234174855,Concordia Parish,1935683483.8271337,0.0005595975956130134,6.034710184687153
1100,22031,443793122.7735234,De Soto Parish,2316982011.3049603,0.19153930440900238,8.647180567918033
1101,22033,540327318.0977846,East Baton Rouge Parish,1218188657.5992367,0.4435497857635965,8.732656925339748
1102,22035,4154210.176868986,East Carroll Parish,1146504181.7828631,0.0036233711510838197,6.6184884654247895
1103,22037,196724973.61095285,East Feliciana Parish,1180173586.1347437,0.16669155785400896,8.29385949572721
1104,22039,703593613.3784741,Evangeline Parish,1760349674.331669,0.39968968872369015,8.847321888649777
1105,22041,533951886.4068383,Franklin Parish,1644975794.1705143,0.3245955887612837,8.727502125176532
1106,22043,443821001.24717104,Grant Parish,1721854049.1773264,0.25775761973508815,8.647207848843259
1107,22045,1330568142.9892118,Iberia Parish,2694532863.947411,0.4938029002325727,9.124037121177379
1108,22047,1334330962.1224978,Iberville Parish,1691135653.3754907,0.789014742524756,9.125263563611076
1109,22049,242971801.7061618,Jackson Parish,1503328994.5722578,0.16162250750395096,8.38555587411855
1110,22051,1485422845.8785021,Jefferson Parish,1662860535.912583,0.8932937031085998,9.171850099102334
1111,22053,763791789.4013339,Jefferson Davis Parish,1706097086.9062576,0.4476836607149666,8.882974985490002
1112,22055,285500500.6606914,Lafayette Parish,697406741.160464,0.40937444938605994,8.455606874173528
1113,22057,10245303.068210615,Lafourche Parish,3803215029.7233696,0.0026938532236910665,7.010524809915254
1114,22059,626273207.0073359,LaSalle Parish,1716019000.7829459,0.3649570352785105,8.796763832270788
1115,22061,166238140.18810833,Lincoln Parish,1223430139.2651265,0.13587873541186588,8.220730671514078
1116,22063,1135058809.8507617,Livingston Parish,1790828210.7450693,0.6338178073364856,9.055018363848461
1117,22065,798654844.3883518,Madison Parish,1684315575.9878554,0.4741717382266317,8.90235913029836
1118,22067,1003569653.6149621,Morehouse Parish,2087799000.7664683,0.4806830797632022,9.001547520452068
1119,22069,1308553098.5015454,Natchitoches Parish,3365826039.9099417,0.38877621213500324,9.116791350146533
1120,22071,356026304.180676,Orleans Parish,906105439.5140573,0.3929192880373969,8.551482086003587
1121,22073,659268488.4301628,Ouachita Parish,1636125724.583225,0.40294488285617547,8.819062317928564
1122,22075,6612406631.055533,Plaquemines Parish,6649119200.038175,0.9944785816168809,9.820359552732738
1123,22077,4302197.913644162,Pointe Coupee Parish,1529017063.8268952,0.002813701701193851,6.633690385424004
1124,22079,2437620.690784748,Rapides Parish,3526322112.294455,0.0006912643295647978,6.386966127746368
1125,22081,1784202.9563456003,Red River Parish,1041712927.6989528,0.0017127587734624154,6.25144425488417
1126,22083,517205014.3879672,Richland Parish,1461802646.1520011,0.35381316058596546,8.71366272678628
1127,22085,1500390.2242946185,Sabine Parish,2619861423.290255,0.0005726983156270514,6.176204226156879
1128,22087,5527219962.775789,St. Bernard Parish,5581949512.87622,0.9901952624304139,9.7425067482292
1129,22089,9094423.86551535,St. Charles Parish,1027983555.0978354,0.008846857345543638,6.958775191632759
1130,22091,231280675.0594292,St. Helena Parish,1060875340.7142296,0.2180092855242733,8.36413934628017
1131,22093,398380427.0893319,St. James Parish,654832195.6227849,0.6083702508097485,8.600297992865421
1132,22095,605049506.3746852,St. John the Baptist Parish,1061924863.6833614,0.5697667764139435,8.781790910960162
1133,22097,1377892385.2084272,St. Landry Parish,2432237751.1539607,0.5665122106400554,9.139215300057272
1134,22099,1775539439.314164,St. Martin Parish,2115333520.4689147,0.8393661907842186,9.249330323546513
1135,22101,1735007375.2022238,St. Mary Parish,2900070693.414737,0.5982638213413033,9.239301325238278
1136,22103,26570941.660478223,St. Tammany Parish,2837646331.7188087,0.00936372562129114,7.424406945871967
1137,22105,849379605.3159916,Tangipahoa Parish,2185815184.0668616,0.3885871099749896,8.929101828817803
1138,22107,1344498.1781389327,Tensas Parish,1661978100.0047474,0.0008089746658726082,6.128560218392382
1139,22109,3860410845.9528046,Terrebonne Parish,5392984372.711541,0.7158208849049245,9.586633527116229
1140,22111,603919007.3155835,Union Parish,2344809665.71273,0.2575556626819072,8.780978698498538
1141,22113,2825825307.6763663,Vermilion Parish,3967777569.928337,0.712193478055123,9.45114531028792
1142,22115,630496947.4923058,Vernon Parish,3471326686.8128357,0.18162996582473495,8.799682988307955
1143,22117,511514512.2286097,Washington Parish,1750492573.8543618,0.2922117579181269,8.70885795963534
1144,22119,329163161.83440083,Webster Parish,1592635388.761995,0.20667829194117654,8.517411225365219
1145,22121,293649298.155488,West Baton Rouge Parish,527779339.3323456,0.5563864976733683,8.467828967184326
1146,22123,199598185.91777948,West Carroll Parish,933968681.9644977,0.2137097204351084,8.300156589811854
1147,22125,431911613.8841522,West Feliciana Parish,1103336286.3433921,0.3914596295165516,8.635394882163778
1148,22127,511708821.42414993,Winn Parish,2477947416.021053,0.20650511714482742,8.709022903904387
1149,23001,158207677.4769736,Androscoggin County,1287537133.186892,0.12287620558591611,8.199227555049236
1150,23003,63189323.47472547,Aroostook County,17683243066.80394,0.003573401283690338,7.800643705698976
1151,23005,514304379.01917905,Cumberland County,3153212222.2302423,0.16310490470426237,8.711220222116546
1152,23007,458.8268307784584,Franklin County,4516511889.786666,1.0158875742495404e-07,2.66164975270555
1153,23009,594380772.0159849,Hancock County,6073339594.972595,0.09786720513833987,8.774064751724946
1154,23011,374727960.0500793,Kennebec County,2463530780.2218695,0.1521101189636164,8.573716098866068
1155,23013,382057734.8824136,Knox County,2932578955.426871,0.1302804598578321,8.58212899654169
1156,23015,258740335.3655141,Lincoln County,1811988519.5888383,0.142793584268528,8.41286413672437
1157,23017,389084866.13034254,Oxford County,5635179911.702534,0.06904568660218516,8.59004433878763
1158,23019,359778666.3484891,Penobscot County,9212683903.683308,0.03905253562478645,8.556035407588231
1159,23021,0.0,Piscataquis County,11339064465.48304,0.0,-3.0
1160,23023,162069783.40167984,Sagadahoc County,958373079.3248119,0.1691092820719259,8.209702051710135
1161,23025,663.6725918630663,Somerset County,10601755803.13042,6.260025265504617e-08,2.8219545370388737
1162,23027,222913050.47058254,Waldo County,2238853692.7800894,0.09956570685678928,8.348135495047675
1163,23029,856556350.9802449,Washington County,8437079762.5107355,0.1015228461850345,8.932755939531742
1164,23031,272955634.25763637,York County,3288539130.1149855,0.08300209407819707,8.43609206329551
1165,24001,54834491.02180186,Allegany County,1108200825.8709145,0.04948064442986536,7.7390538166758835
1166,24003,164602295.42368895,Anne Arundel County,1522398462.067743,0.1081203768428167,8.216435887275553
1167,24005,157709717.56289825,Baltimore County,1765698407.0325067,0.08931860443140491,8.197858453977956
1168,24009,60747906.50178841,Calvert County,893739315.8567002,0.06797049813519512,7.78353131585137
1169,24011,64096073.53117566,Caroline County,844127338.390107,0.0759317588900955,7.806831425844258
1170,24013,68027348.27091075,Carroll County,1172428985.9365132,0.05802257457544164,7.832683542350809
1171,24015,110380699.8856152,Cecil County,1082193864.7089944,0.10199715918302396,8.042893143452122
1172,24017,170179113.28606915,Charles County,1665196796.7780778,0.10219759827507587,8.230906256448886
1173,24019,960922604.2630737,Dorchester County,2545927265.6141953,0.3774352147610371,8.982688409630429
1174,24021,115844732.14883512,Frederick County,1728635774.0874004,0.06701511902355087,8.0638762897421
1175,24023,62913331.09239116,Garrett County,1703600964.459178,0.036929616973047155,7.798742680530404
1176,24025,170324770.61514658,Harford County,1364038092.011055,0.1248680455573129,8.231277812728365
1177,24027,37361480.70126449,Howard County,656293358.3277832,0.05692801889152205,7.57242407976576
1178,24029,375828398.2479402,Kent County,1070818785.4212852,0.35097292218316894,8.574989593052532
1179,24031,106048954.34922928,Montgomery County,1312864358.3105597,0.0807767791683345,8.025506390701102
1180,24033,136079877.1502871,Prince George's County,1291983055.7553518,0.10532636364238433,8.133793908537037
1181,24035,393700714.1285415,Queen Anne's County,1322693987.0860572,0.29765064177533496,8.59516620255309
1182,24037,146731112.02857542,St. Mary's County,1979402630.165879,0.0741289870956062,8.166522208936557
1183,24039,541168453.9281303,Somerset County,1580798567.9157832,0.342338653963761,8.733332472545303
1184,24041,185097741.16491473,Talbot County,1234925162.3767323,0.1498857961632884,8.267401118887078
1185,24043,91416448.83575317,Washington County,1210479276.0593867,0.07552087065327687,7.96102434667813
1186,24045,188335424.2747388,Wicomico County,1036531861.7316905,0.1816976701131933,8.27493201476194
1187,24047,357251882.45917207,Worcester County,1799687833.7925847,0.1985076943629245,8.552974525888231
1188,24510,26152249.507629603,Baltimore city,238408044.98382187,0.10969533141972733,7.417509051029949
1189,25001,347806344.13649297,Barnstable County,3381333943.200207,0.10286069047865691,8.541337499457313
1190,25003,8742.24537300803,Berkshire County,2451301226.280843,3.5663692732989485e-06,3.9416230415645415
1191,25005,295451545.559865,Bristol County,1790007333.4283097,0.1650560531470012,8.47048626619519
1192,25007,100298130.52600677,Dukes County,1271584177.6867678,0.07887651662076078,8.00129283821113
1193,25009,362011892.29010373,Essex County,2145779596.7937088,0.16870879601569205,8.558722837581701
1194,25011,6583.562093105886,Franklin County,1876538122.0949507,3.5083551011242206e-06,3.818461001950694
1195,25013,120242570.95652214,Hampden County,1642452661.6197493,0.07320915467843174,8.080058253513052
1196,25015,6607932.892522853,Hampshire County,1412159839.9120207,0.004679309456169307,6.820065623882436
1197,25017,287246896.46099323,Middlesex County,2193583084.6495605,0.13094871968657748,8.458255345082822
1198,25019,55345056.93438324,Nantucket County,786463699.9128407,0.07037204252467955,7.743078838556193
1199,25021,169071114.2740927,Norfolk County,1150857771.9715486,0.1469087826417116,8.228069414915788
1200,25023,467828081.92933345,Plymouth County,2831626513.661972,0.16521532047823623,8.670086287292166
1201,25025,47063506.19651726,Suffolk County,311376251.8401544,0.15114674262530914,7.672684278673235
1202,25027,292748136.49905133,Worcester County,4089986871.8201804,0.071576791240107,8.466494139234339
1203,26001,114818342.64955303,Alcona County,4637750908.36031,0.02475733279305149,8.060011273737713
1204,26003,46.545171607697434,Alger County,13073416750.6288,3.560291276223465e-09,1.6678839663479603
1205,26005,217676115.87085247,Allegan County,4748197701.122706,0.04584394533938281,8.337810779458621
1206,26007,129254680.2316581,Alpena County,4389834330.240775,0.029444090712318224,8.111446277587392
1207,26009,464586.81720062584,Antrim County,1558540017.7516506,0.00029809104155749475,5.667066883329167
1208,26011,170065251.0884338,Arenac County,1762941947.9495103,0.09646673351112772,8.230615584619144
1209,26013,87158876.10672693,Baraga County,2768530876.98301,0.031481995317931145,7.940311621489783
1210,26015,82675188.3904171,Barry County,1494532815.5930116,0.05531841624876777,7.917375193210895
1211,26017,221821439.96623555,Bay County,1633546446.8239381,0.1357913271443963,8.346003520214683
1212,26019,115018244.46524374,Benzie County,2226257182.6253076,0.05166440129329927,8.060766734636758
1213,26021,151060402.54480448,Berrien County,4095986259.350466,0.036880104809911975,8.179150637670752
1214,26023,46093915.33372287,Branch County,1346025710.102373,0.034244453867242376,7.663643599772262
1215,26025,132909957.41912106,Calhoun County,1860459287.8655338,0.07143932591591719,8.12355751887063
1216,26027,47763339.166706145,Cass County,1316514977.110249,0.03628013353220386,7.6790946810069105
1217,26029,219188960.6730014,Charlevoix County,3601217333.0129976,0.06086524094607047,8.340818677371207
1218,26031,234320646.99727845,Cheboygan County,2293171392.0121474,0.10218191619409371,8.369810557834494
1219,26033,931782683.5016155,Chippewa County,6989024801.315088,0.13332084375008754,8.96931463514296
1220,26035,37024106.53574571,Clare County,1490200825.8873503,0.0248450449715054,7.5684845869544075
1221,26037,131602523.10344356,Clinton County,1488115620.468105,0.08843568422596516,8.119264215720436
1222,26039,35614421.847745836,Crawford County,1458995710.4545233,0.02441023067617575,7.551625898563014
1223,26041,175553341.78875726,Delta County,5157531284.194498,0.03403825049529974,8.244409101001812
1224,26043,46069700.061460204,Dickinson County,2011351210.7222233,0.022904851134833776,7.663415384780518
1225,26045,113479138.04516925,Eaton County,1500725319.0755153,0.07561619478444948,8.054916028364438
1226,26047,117638914.44542156,Emmet County,2284364912.85541,0.05149742660789484,8.070551008251691
1227,26049,107443401.70017469,Genesee County,1682422667.4445143,0.0638623122353516,8.031179749815745
1228,26051,33413540.37986555,Gladwin County,1336297506.9211483,0.025004566877364683,7.523922494387405
1229,26053,112423.88764479701,Gogebic County,3824656581.101416,2.9394505169512873e-05,5.050858603086164
1230,26055,141389413.08288628,Grand Traverse County,1557395310.2773745,0.0907858217819499,8.150416891700045
1231,26057,19745353.49274647,Gratiot County,1480468074.0202544,0.013337236945020627,7.295464913155332
1232,26059,18310426.296423033,Hillsdale County,1572146334.6918547,0.011646769700997286,7.262698455523067
1233,26061,48.00869132229321,Houghton County,3888907787.8709974,1.2345032060679385e-08,1.6813289136872307
1234,26063,176378596.19711342,Huron County,5534151925.019624,0.03187093498458447,8.246445881719595
1235,26065,148583703.42357543,Ingham County,1452242452.8646455,0.10231329013312077,8.171971178866714
1236,26067,66885725.678063475,Ionia County,1502301240.7826688,0.04452217961506665,7.825333443324302
1237,26069,83517505.07763112,Iosco County,4895376002.9488325,0.0170604883112804,7.921777512157621
1238,26071,227997.15448202938,Iron County,3136996228.8908324,7.26800856125491e-05,5.357929428727802
1239,26073,98726673.18644577,Isabella County,1496230772.1202106,0.06598358690788499,7.994434502752135
1240,26075,102302114.87505981,Jackson County,1873838305.3452125,0.05459495335496035,8.009884611908728
1241,26077,71441640.24905038,Kalamazoo County,1502973114.166077,0.04753354506190864,7.853951417092251
1242,26079,0.058705102150386046,Kalkaska County,1477749328.0608687,3.972602188723037e-11,-1.223988554279714
1243,26081,101724440.12406877,Kent County,2258319914.047906,0.04504430018585528,8.007425308245034
1244,26085,66.33167779808251,Lake County,1487544335.657143,4.4591395502023526e-08,1.8217275297792572
1245,26087,63345943.247915454,Lapeer County,1716758553.2771919,0.03689857442503592,7.801718807364307
1246,26089,271901377.92284906,Leelanau County,6558337680.212436,0.04145888656255371,8.434411408481976
1247,26091,45635822.84215442,Lenawee County,1972023798.113859,0.02314161871971463,7.659305885544802
1248,26093,88672393.33295564,Livingston County,1516194361.2147927,0.05848352665149756,7.947788430554542
1249,26095,1775.9232235434624,Luce County,4953290237.936787,3.585340527679627e-07,3.2494244310377276
1250,26097,454697253.61172897,Mackinac County,5440412200.473462,0.08357772110947,8.657722331059212
1251,26099,122649501.81110488,Macomb County,1478678789.59414,0.082945331111951,8.088665788492724
1252,26101,83645768.48993775,Manistee County,3317052597.1860695,0.02521689543328205,7.9224439755731435
1253,26103,183676333.4291664,Marquette County,8870744429.49651,0.02070585336879011,8.264053201363897
1254,26105,80016965.71649686,Mason County,3217572174.0463247,0.02486873996547212,7.903182078695908
1255,26107,20259178.756461814,Mecosta County,1479509305.689335,0.01369317426971007,7.306621836466932
1256,26109,156040841.7728489,Menominee County,3465853790.047318,0.04502233828240012,8.19323828447974
1257,26111,41890341.33775162,Midland County,1367691811.6471386,0.030628494651366116,7.622113899175551
1258,26113,3747.329123420384,Missaukee County,1486382489.550007,2.521106881819406e-06,3.5737219542265612
1259,26115,170475208.65971994,Monroe County,1761023371.0987265,0.09680462591098841,8.231661230691058
1260,26117,29.620003184024572,Montcalm County,1866738187.8297453,1.5867250896313717e-08,1.4715997628249098
1261,26119,108.25090747885085,Montmorency County,1457233752.0176907,7.4285204641305e-08,2.034435557683515
1262,26121,127933445.7123603,Muskegon County,3781454766.0647187,0.03383180644138657,8.106984097175394
1263,26123,34612150.6579621,Newaygo County,2231789478.469607,0.015508698733402267,7.539228585434
1264,26125,162316037.85568628,Oakland County,2349732936.642224,0.06907850476302912,8.210361433002747
1265,26127,62981032.71278525,Oceana County,3382400769.468825,0.0186202159369411,7.799209777580633
1266,26129,0.0,Ogemaw County,1489107975.7856238,0.0,-3.0
1267,26133,11.065129814762344,Osceola County,1484099601.3029215,7.45578652878017e-09,1.0439957605378367
1268,26135,356.0594171641094,Oscoda County,1480224596.6256058,2.4054418361632435e-07,2.5515236963288443
1269,26137,7.355860482478889,Otsego County,1362911016.6960156,5.397168554929616e-09,0.8666925200408567
1270,26139,133987317.60629043,Ottawa County,4225326695.078141,0.03171052258807944,8.12706369273918
1271,26141,12808.504883792768,Presque Isle County,6663330795.659183,1.9222375830623404e-06,4.107498472112442
1272,26143,137604268.4552193,Roscommon County,1502249497.448638,0.09159881144172191,8.138631905834306
1273,26145,386473489.73174924,Saginaw County,2113341394.1549978,0.1828731935127204,8.587119708713207
1274,26147,274657843.4024332,St. Clair County,2166515413.8176665,0.12677400846110407,8.438792005681035
1275,26149,83896500.9740128,St. Joseph County,1349452036.3661304,0.06217079133833712,7.923743848326528
1276,26151,71302738.12310222,Sanilac County,4117928651.592204,0.01731519512741749,7.853106207682939
1277,26153,8834.04715234529,Schoolcraft County,4879365202.80526,1.8104910752051092e-06,3.9461597621672055
1278,26155,38213952.50495193,Shiawassee County,1401031596.1184742,0.027275582228711192,7.582221959508594
1279,26157,90572377.84752883,Tuscola County,2367015421.5248933,0.03826438012354805,7.956995769674292
1280,26159,42912597.48969926,Van Buren County,2822836964.51558,0.0152019397610033,7.632584803083958
1281,26161,56717687.389041126,Washtenaw County,1871063092.123362,0.030313081171771433,7.753718514590041
1282,26163,161879537.1222487,Wayne County,1741485531.07986,0.0929548562036404,8.209191953903948
1283,26165,0.0,Wexford County,1490330810.390517,0.0,-3.0
1284,27001,303367.67247743026,Aitkin County,5166442876.197315,5.871886707101649e-05,5.481969300978243
1285,27003,296798815.79280406,Anoka County,1155345659.9688456,0.2568917909821095,8.472462163806307
1286,27005,2881.8743098707628,Becker County,3742919616.089399,7.699535671251588e-07,3.4596751862605655
1287,27007,7285.704258811908,Beltrami County,7912751351.085822,9.207548595359479e-07,3.862471597998302
1288,27009,61196183.69801267,Benton County,1069786730.7994561,0.05720409679439612,7.786724339626964
1289,27011,101124297.57348299,Big Stone County,1367684342.9415703,0.07393833094264148,8.004855517951993
1290,27013,120019585.26574148,Blue Earth County,1982847521.595531,0.06052890298350613,8.07925212170789
1291,27015,136439315.16658744,Brown County,1601299971.4888103,0.08520534415530705,8.134939530878395
1292,27017,47681518.586326934,Carlton County,2266647617.508157,0.0210361408707833,7.678350078602859
1293,27019,102810131.08673085,Carver County,973612706.7092862,0.10559653790285753,8.012035912895682
1294,27021,465568.48248034413,Cass County,6252160111.236051,7.446522069126943e-05,5.667983573201435
1295,27023,1269894.0260138614,Chippewa County,1522604888.8919413,0.0008340272878921416,6.103767480480844
1296,27025,134222820.43197152,Chisago County,1145768487.0894208,0.11714654569784497,8.127826360434726
1297,27027,311877855.5063846,Clay County,2726296561.1549096,0.11439615922571071,8.493984539321527
1298,27029,34751.87119100582,Clearwater County,2668035661.5778093,1.3025264876127792e-05,4.5409782063454385
1299,27033,77037892.44171765,Cottonwood County,1679772323.3336728,0.04586210367416246,7.886704393106379
1300,27035,485463135.0378503,Crow Wing County,2995702560.4667397,0.1620531829308894,8.686156256165592
1301,27037,146192072.74966326,Dakota County,1520012039.7658815,0.09617823341200664,8.164923823688985
1302,27039,61450451.04628183,Dodge County,1138836204.735921,0.053958989704345824,7.788525074962533
1303,27041,56883611.67869916,Douglas County,1865252856.8502254,0.03049646136168162,7.754987163016501
1304,27043,317.78322027997206,Faribault County,1869723901.552886,1.6996264529540402e-07,2.5021323283166823
1305,27045,92316581.62514934,Fillmore County,2232899058.1411777,0.041343822188720056,7.965279714698287
1306,27047,99965142.78031988,Freeborn County,1871061674.77514,0.0534269629526421,7.999848590632647
1307,27049,151525232.90677994,Goodhue County,2019064853.0942516,0.07504723420575864,8.180484960231864
1308,27051,4683.270888416366,Grant County,1490500626.2193,3.1420791149183372e-06,3.6705493715790656
1309,27053,265275165.32970113,Hennepin County,1571473237.9299965,0.16880667066219437,8.423696593877223
1310,27055,189362161.2475863,Houston County,1473280756.3846264,0.12853094050605376,8.277293201685806
1311,27059,297495338.8780287,Isanti County,1169871729.721947,0.25429739972324733,8.473480165644483
1312,27061,264421060.70211112,Itasca County,7582939363.705591,0.034870522896136576,8.42229604303328
1313,27063,1000514.881468416,Jackson County,1862810581.6989925,0.0005370996339068934,6.000223553068022
1314,27065,21369.643416937895,Kanabec County,1382214952.2627826,1.5460434270338556e-05,4.329797295722959
1315,27067,185566588.95020762,Kandiyohi County,2233549621.2729726,0.08308147138653996,8.268499784704384
1316,27069,556952179.993648,Kittson County,2858812795.02803,0.1948193952966365,8.745817908179125
1317,27071,385527388.096519,Koochiching County,8173908865.7482605,0.04716560882052687,8.586055236024112
1318,27073,216996234.57941484,Lac qui Parle County,2015041608.190031,0.10768821531895173,8.336452197834078
1319,27075,125568.1347412201,Lake County,7746476120.264104,1.620971042726703e-05,5.098879446507549
1320,27077,1398511201.5126832,Lake of the Woods County,4609728582.969703,0.30338254765787687,9.145665949246052
1321,27079,151443985.27189738,Le Sueur County,1227483394.8994894,0.12337762441527621,8.180252029635449
1322,27081,64437511.12750016,Lincoln County,1420432902.876332,0.04536469902732908,7.809138757631212
1323,27083,88091321.12010849,Lyon County,1869109963.420124,0.04713009017346295,7.94493312322614
1324,27085,108438978.0300611,McLeod County,1309437271.4314842,0.08281341947103353,8.035185415976299
1325,27087,44670204.273984134,Mahnomen County,1509719897.8458219,0.029588405331162974,7.650017938486962
1326,27089,841924498.3996357,Marshall County,4695396966.538047,0.17930848113581188,8.925273146846214
1327,27091,44582.551818168926,Martin County,1889597560.903815,2.3593675574414166e-05,4.649164932764718
1328,27093,130115855.92106177,Meeker County,1669542943.5558105,0.07793501594151249,8.1143302229249
1329,27095,364947089.17511487,Mille Lacs County,1765198490.4210014,0.206745638609783,8.562229904060503
1330,27097,142488318.07968193,Morrison County,2987256433.480353,0.047698723311032774,8.153779260126539
1331,27099,46265321.629839756,Mower County,1842805402.0306652,0.025105918171749467,7.665255585675932
1332,27101,7883.119378811096,Murray County,1863512254.4472106,4.230248210065853e-06,3.896698158486546
1333,27103,71006594.31256784,Nicollet County,1209089894.6385808,0.05872730772743165,7.851298683099466
1334,27105,114210848.12297009,Nobles County,1871396789.652316,0.06102973391558994,8.057707356594817
1335,27107,394817736.0828875,Norman County,2270720455.999994,0.17387333391904256,8.596396653902234
1336,27109,67433925.43347564,Olmsted County,1695806915.590199,0.03976509637596703,7.828878441374868
1337,27111,1023.864002956163,Otter Tail County,5760981500.050417,1.7772388315206405e-07,3.0102426984990536
1338,27113,57451329.06064043,Pennington County,1601117935.290833,0.03588200955990463,7.759300079977482
1339,27115,215595736.40413627,Pine County,3715615813.256006,0.058024227272089536,8.333640168045168
1340,27117,54240281.09506014,Pipestone County,1206829038.0590007,0.04494446138145408,7.7343219315623895
1341,27119,589143.2754359836,Polk County,5174256063.233383,0.00011386047931068742,5.770220925684609
1342,27121,120301904.47743261,Pope County,1856806376.2536774,0.06478968729101182,8.080272502634337
1343,27123,74030666.01571591,Ramsey County,440332616.49361223,0.16812442059192736,7.869411656529081
1344,27125,48741736.97857343,Red Lake County,1120157285.362129,0.04351329729808078,7.687901001812235
1345,27127,98614317.01059504,Redwood County,2283714118.1229534,0.04318155071513453,7.993939971206479
1346,27129,47291871.844881155,Renville County,2556563196.620473,0.018498221325956812,7.674786504039718
1347,27131,115945964.71306773,Rice County,1336183135.071659,0.0867740069978129,8.064255638416789
1348,27133,57489.81868715143,Rock County,1250260542.0800915,4.5982270696557456e-05,4.759590946513466
1349,27135,699353872.3750942,Roseau County,4346690355.43167,0.16089341894371983,8.84469698394524
1350,27137,1564522112.923837,St. Louis County,17768725222.600246,0.08804920405510595,9.194381705835275
1351,27139,132915503.26408315,Scott County,953910460.72668,0.1393375046572289,8.123575640008152
1352,27141,95334508.46816605,Sherburne County,1168385579.9680912,0.08159507452220495,7.979250131750592
1353,27143,1994976.4195549123,Sibley County,1555579713.4955518,0.001282464924328429,6.2999377669483785
1354,27145,148735116.05626026,Stearns County,3599821895.1958466,0.04131735413209058,8.172413516668705
1355,27147,54822717.22460602,Steele County,1119599160.6620758,0.04896637935329155,7.738960557048824
1356,27149,81277333.94663529,Stevens County,1490213243.0683124,0.05454074061191891,7.9099694494819195
1357,27151,108267732.06635807,Swift County,1948057800.5868068,0.05557726882320686,8.034499039513559
1358,27153,169162945.98633605,Todd County,2536928378.944852,0.06668022140092641,8.228305239816688
1359,27155,51219.40418578869,Traverse County,1517346241.5662,3.375591067001305e-05,4.709434530672245
1360,27157,45273.37369744505,Wabasha County,1423238219.306722,3.181011659418358e-05,4.655842868205291
1361,27159,226.80917785216036,Wadena County,1407142706.6776283,1.6118420454146702e-07,2.3556625391355692
1362,27161,84438820.09444608,Waseca County,1121394738.3962939,0.07529803485185065,7.926542156070755
1363,27163,150035628.34365258,Washington County,1096369343.1990778,0.1368477049037746,8.176194401430072
1364,27165,93869105.15777665,Watonwan County,1138896508.9244204,0.0824211018492164,7.972522677816236
1365,27167,313489443.02561253,Wilkin County,1945660337.586031,0.1611223896430746,8.496222920246526
1366,27169,159189.01655284443,Winona County,1661842198.331577,9.579069343206222e-05,5.201913102467469
1367,27171,155926753.78310865,Wright County,1850255626.050484,0.0842730872360305,8.192920637472103
1368,27173,162665601.76085767,Yellow Medicine County,1976751034.3421535,0.08228937227544765,8.211295724144957
1369,28001,438480316.1197694,Adams County,1262738076.2203257,0.34724565955296516,8.641950102167264
1370,28003,184605802.371817,Alcorn County,1039518475.9446348,0.1775878030489659,8.266245347279783
1371,28005,222733272.92312217,Amite County,1894828732.7884147,0.11754797099543117,8.347785098794105
1372,28007,283044111.6339153,Attala County,1907955217.5989335,0.1483494523472685,8.451854124382018
1373,28009,87121433.1853242,Benton County,1058410654.9904476,0.08231345062008139,7.940125011143868
1374,28011,758930048.5658658,Bolivar County,2351588535.1546187,0.3227307997212895,8.88020174833102
1375,28013,344841639.6456753,Calhoun County,1522808772.5757465,0.2264510461562385,8.537619701401287
1376,28015,172412594.3570774,Carroll County,1643567820.4404695,0.10490141764327773,8.236568986897266
1377,28017,199471563.27525416,Chickasaw County,1305989240.2105606,0.1527359928655262,8.299880991288592
1378,28019,139077386.5804552,Choctaw County,1087420448.3309503,0.12789660778765105,8.14325652121228
1379,28021,262170064.25852564,Claiborne County,1298111347.6759348,0.20196269351462037,8.418583100515304
1380,28023,281184801.7140216,Clarke County,1796247069.856358,0.15654015888610878,8.448991842984773
1381,28025,326626662.44828796,Clay County,1077227894.352013,0.30321036445567007,8.514051633192986
1382,28027,490494409.00050455,Coahoma County,1510052047.2213326,0.324819538441122,8.69063406135178
1383,28029,289394208.0177582,Copiah County,2018803640.3364341,0.143349359113267,8.461489834831863
1384,28031,205864303.01682258,Covington County,1074665680.9944487,0.19156125170604196,8.313581046246894
1385,28033,307325070.74719363,DeSoto County,1284088286.5548666,0.2393332872552936,8.487597990270942
1386,28035,192033798.89558512,Forrest County,1217915800.2850573,0.1576741174148812,8.28337767340379
1387,28037,182517550.44443017,Franklin County,1467909748.413768,0.12433840066915539,8.261304631505556
1388,28039,333073412.3565506,George County,1252655086.9115918,0.2658939526424146,8.522539966443036
1389,28041,302122602.87432003,Greene County,1861414611.1872294,0.1623080645539916,8.480183217616283
1390,28043,384446346.83070713,Grenada County,1163950762.155442,0.3302943383264571,8.58483573841363
1391,28045,545504103.688785,Hancock County,1431656337.597958,0.38103006242687765,8.7367980220245
1392,28047,390087375.8587948,Harrison County,2550331143.2357516,0.1529555786876635,8.591161895753617
1393,28049,449690192.2882782,Hinds County,2272147918.1984982,0.1979141360853042,8.652913415739844
1394,28051,515077435.6710199,Holmes County,1980345777.9318843,0.26009469730529877,8.711872524880047
1395,28053,548348623.3413328,Humphreys County,1116889997.4657586,0.4909602777225552,8.73905675748844
1396,28055,1041521904.0489786,Issaquena County,1143279175.9482408,0.9109952546674662,9.017668407944836
1397,28057,282815310.80826277,Itawamba County,1399758561.441864,0.20204578032152934,8.451502917218155
1398,28059,797595167.6981028,Jackson County,2702401964.9175673,0.2951430534955344,8.901782514100024
1399,28061,238089729.73117486,Jasper County,1754767109.9686186,0.1356816687403223,8.376740662028807
1400,28063,175253296.16652343,Jefferson County,1365608755.7269306,0.12833345966153673,8.243666194934873
1401,28065,117896192.41836464,Jefferson Davis County,1059662784.8538435,0.11125821733432467,8.071499779327816
1402,28067,354557238.33978194,Jones County,1812320730.2037952,0.19563713664518534,8.549686355989984
1403,28069,179762582.15734234,Kemper County,1986585584.395073,0.09048821433589589,8.25469929777926
1404,28071,350980679.0366492,Lafayette County,1759194098.9530604,0.1995121966618274,8.545283209861022
1405,28073,138446030.0018257,Lamar County,1294981260.5078816,0.10690967832810819,8.141280506686245
1406,28075,296115354.36081797,Lauderdale County,1852238850.0970309,0.1598688821073512,8.471460927287046
1407,28077,232916830.78380135,Lawrence County,1128442460.9205787,0.20640558898660083,8.36720087218802
1408,28079,326037430.1585257,Leake County,1516073702.9487877,0.21505381270341783,8.513267461351985
1409,28081,231676020.06520304,Lee County,1173718755.4436421,0.1973863150696899,8.364881083889752
1410,28083,1067765430.9260228,Leflore County,1570513954.586256,0.6798828038476871,9.028475856397652
1411,28085,156541071.9321054,Lincoln County,1523560871.8264706,0.1027468444660444,8.194628303375769
1412,28087,417210189.50441444,Lowndes County,1339232589.0104477,0.31152929888951475,8.620354906638328
1413,28089,416916299.5500677,Madison County,1921876265.5973248,0.21693191544799525,8.620048874417998
1414,28091,240825865.00027764,Marion County,1420919632.1924179,0.16948591570143462,8.381703128865219
1415,28093,240755865.6860212,Marshall County,1838201706.599538,0.13097358403142378,8.38157687691588
1416,28095,486995225.39550257,Monroe County,1999627384.8167515,0.24354298660504264,8.68752470332117
1417,28097,137994292.8381469,Montgomery County,1056427029.6983528,0.13062359155799821,8.139861125243847
1418,28099,245773988.1407192,Neshoba County,1480472103.797029,0.16601054995252684,8.39053591677541
1419,28101,196330296.99010855,Newton County,1500943128.2613745,0.13080462097023543,8.292987323546878
1420,28103,373923417.4631864,Noxubee County,1813474115.0351934,0.20619175888040164,8.572782664290385
1421,28105,221369509.78098547,Oktibbeha County,1194811278.2965229,0.1852757115722898,8.345117803329897
1422,28107,346448295.88308465,Panola County,1826282279.4059675,0.18970139489924495,8.539638429459416
1423,28109,455292327.66423845,Pearl River County,2122090369.9728715,0.21454898156389957,8.658290331879186
1424,28111,297236212.5282513,Perry County,1684014075.641781,0.17650458914066616,8.473101718761418
1425,28113,86849200.63667889,Pike County,1063691703.3000816,0.0816488465287743,7.938765825543708
1426,28115,128241087.3999488,Pontotoc County,1297639333.8203933,0.0988264489659025,8.108027191896225
1427,28117,99083182.8577141,Prentiss County,1083130909.5023527,0.09147849257043003,7.9959999490217335
1428,28119,734838202.1210701,Quitman County,1052651590.6761383,0.6980830206593518,8.866191725940176
1429,28121,467498854.30816525,Rankin County,2087752290.6058412,0.22392448395901535,8.66978055089235
1430,28123,229300217.12394977,Scott County,1580903635.7585838,0.14504376606985403,8.360404465964667
1431,28125,998933516.4602052,Sharkey County,1126956126.8156202,0.8863996500758538,8.99953658492784
1432,28127,236455845.79169106,Simpson County,1529309464.2539105,0.15461608740324412,8.373750055353455
1433,28129,284527771.85355926,Smith County,1650525612.4019415,0.17238615972732332,8.454124662908743
1434,28131,125396235.25654353,Stone County,1160512528.7509854,0.10805246143400334,8.098284497966642
1435,28133,487453397.5844047,Sunflower County,1830934358.8394732,0.2662320444373408,8.687933101800827
1436,28135,821823641.765553,Tallahatchie County,1689039150.763838,0.48656281377130767,8.914778630648255
1437,28137,194861212.9670116,Tate County,1064423479.6574812,0.18306737561794073,8.28972540160944
1438,28139,115597799.4049111,Tippah County,1191276950.1006222,0.09703688079849697,8.062949566654005
1439,28141,144743785.20876467,Tishomingo County,1151299094.0211327,0.12572213941663002,8.160599925718655
1440,28143,531272782.6019361,Tunica County,1233203971.4776962,0.4308069020936856,8.725317567334294
1441,28145,163919580.10805607,Union County,1079786862.8234682,0.1518073480533305,8.214630832920264
1442,28147,107727576.74373533,Walthall County,1047405831.6401336,0.10285180155531942,8.03232689080994
1443,28149,811240533.5711759,Warren County,1602046639.4121685,0.5063776007600133,8.909149642022474
1444,28151,1141873923.1799166,Washington County,1969334718.247953,0.5798272445000112,9.057618155144949
1445,28153,316710114.0167679,Wayne County,2107001200.5982313,0.15031321003844034,8.500661932623474
1446,28155,108679859.07426372,Webster County,1096158658.930074,0.09914610279167317,8.036149066598309
1447,28157,386515751.12862724,Wilkinson County,1781306438.4482527,0.21698442378355307,8.587167196803621
1448,28159,220044435.8333644,Winston County,1580115192.3176992,0.13925847742189298,8.34251039122669
1449,28161,255132343.16341022,Yalobusha County,1282055291.2150168,0.19900260535691772,8.406765517674694
1450,28163,1076390552.555548,Yazoo County,2419460118.7414846,0.4448887353908719,9.031969877320474
1451,29001,195168672.19614762,Adair County,1474830594.786946,0.13233294243149443,8.290410107471022
1452,29003,178919068.7328464,Andrew County,1130187802.7449203,0.158309148531156,8.25265662902217
1453,29005,1136.1378037278998,Atchison County,1424821815.5650804,7.973893937589037e-07,3.0554313930040435
1454,29007,119591517.54885373,Audrain County,1804761898.315528,0.06626442948539323,8.077700376877019
1455,29009,184568024.08631942,Barry County,2048239455.584962,0.0901105696324008,8.26615646285836
1456,29011,211055691.70425552,Barton County,1545503276.459771,0.13656114155106372,8.324397068610088
1457,29013,370547883.5531281,Bates County,2205064193.8247643,0.16804403454141592,8.568844337064698
1458,29015,247733009.61109206,Benton County,1949043521.763336,0.12710491420271797,8.393983878758762
1459,29017,234238462.76838446,Bollinger County,1608894759.0090566,0.14558967356737218,8.369658209254645
1460,29019,213767202.80547944,Boone County,1789791880.0330944,0.11943690503363259,8.329941074433208
1461,29021,517192.7254550924,Buchanan County,1075304221.9032993,0.00048097339796514146,5.71365240854666
1462,29023,906680074.0918658,Butler County,1810602245.8295984,0.5007615980706104,8.957454071441186
1463,29025,113675269.50695725,Caldwell County,1112752707.7984843,0.10215681230006357,8.055665992529047
1464,29027,255812814.4746335,Callaway County,2194707711.8884006,0.11655894454142303,8.407922295876267
1465,29029,224702092.5024752,Camden County,1835280577.8364165,0.12243473571075054,8.351607116738137
1466,29031,298557121.6377666,Cape Girardeau County,1518636233.681497,0.19659554738398455,8.475027435094184
1467,29033,660674726.2647471,Carroll County,1816595352.1578057,0.36368843808830525,8.819987693438762
1468,29035,10520.38590789032,Carter County,1318357520.0418675,7.979918761002115e-06,4.022031712143945
1469,29037,263277368.0003875,Cass County,1819186502.742181,0.14472258210113806,8.420413527641728
1470,29039,185223120.20509294,Cedar County,1291508781.7942731,0.14341607491647507,8.267695195905448
1471,29041,766862733.7290165,Chariton County,1985895317.9720838,0.38615466121955805,8.884717633416185
1472,29043,80740337.447321,Christian County,1460183154.3898203,0.05529466437452545,7.907090560180036
1473,29045,247765556.33843732,Clark County,1325620705.8643394,0.1869053155569773,8.394040931856718
1474,29047,159521255.75819644,Clay County,1058414719.2609184,0.15071715543562048,8.202818559768627
1475,29049,73083324.49338746,Clinton County,1096814725.8237534,0.06663233340389267,7.863818294793367
1476,29051,160330156.83119372,Cole County,1033210974.1195402,0.15517659108084916,8.205015217388581
1477,29053,218227930.1159951,Cooper County,1474171166.64618,0.14803432264414423,8.33891033341744
1478,29055,147504739.78355676,Crawford County,1926312223.356433,0.07657364055269424,8.168805975766423
1479,29057,122273295.67683785,Dade County,1311193580.2499144,0.09325342765446767,8.087331618065646
1480,29059,97491672.13696453,Dallas County,1405966782.9866478,0.06934137656500408,7.9889675192985665
1481,29061,226432531.11210096,Daviess County,1473820316.0854332,0.15363645665675252,8.354938821226412
1482,29063,98034781.71016273,DeKalb County,1102873127.580131,0.08889035307738954,7.991380186154483
1483,29065,110430766.8612456,Dent County,1954160062.2913141,0.056510604730997345,8.0430900880396
1484,29067,5891.579104910394,Douglas County,2109794357.3274329,2.7924897440589946e-06,3.77023178694544
1485,29069,179901.32987517357,Dunklin County,1417247369.325167,0.00012693714151033137,5.255034376183828
1486,29071,328214193.97074294,Franklin County,2410168391.589427,0.1361789471292072,8.516157358649767
1487,29073,164310271.88057306,Gasconade County,1362224530.6659632,0.12061908164305718,8.21566471426916
1488,29075,171369141.29054943,Gentry County,1273539151.4992676,0.13456134512143264,8.233932620543044
1489,29077,111088983.27366261,Greene County,1755701170.232036,0.06327328656902412,8.045670991971875
1490,29079,250442876.03848347,Grundy County,1134519340.38263,0.2207480006061586,8.398708682498901
1491,29081,217474826.03138143,Harrison County,1881380563.757814,0.11559321395188842,8.337408992104569
1492,29083,403441995.5355345,Henry County,1896712320.7442062,0.21270594972317014,8.60578110329792
1493,29085,74991.31747346358,Hickory County,1066363085.61005,7.03243749576742e-05,4.875010989294347
1494,29087,405391.24346054014,Holt County,1218208686.466669,0.00033277651683501756,5.607874364673872
1495,29089,209201194.3324185,Howard County,1221093624.474447,0.17132281271426483,8.3205641595974
1496,29091,119433090.45023656,Howell County,2404296595.324685,0.049674857370959204,8.07712467025531
1497,29093,103288077.00418837,Iron County,1429840382.8254933,0.07223748765584717,8.01405019189999
1498,29095,195360018.98386836,Jackson County,1596319812.1040537,0.12238150369528465,8.290835688805062
1499,29097,244695186.65873986,Jasper County,1660887259.561307,0.14732799306520758,8.388625426533341
1500,29099,184517342.86466023,Jefferson County,1719388536.5677812,0.10731567585822754,8.266037191941592
1501,29101,249409663.83251405,Johnson County,2157956540.149925,0.11557677793417757,8.396913277002422
1502,29103,177261955.11945656,Knox County,1312683771.9029958,0.13503782016172877,8.24861553506953
1503,29105,147131418.42349952,Laclede County,1989243138.734247,0.07396351685652618,8.167705421819488
1504,29107,222434009.42721832,Lafayette County,1654311004.3116176,0.13445719024263897,8.3472011901843
1505,29109,118959486.12023813,Lawrence County,1588640675.3101113,0.07488130448190658,8.075399079461505
1506,29111,212312764.49639428,Lewis County,1322954296.694521,0.1604838239891357,8.326976105254726
1507,29113,363414193.39707625,Lincoln County,1658791452.3039992,0.21908371476854885,8.56040188498107
1508,29115,294486536.5433243,Linn County,1609356172.460114,0.18298406628854733,8.469065444324595
1509,29117,421075037.734292,Livingston County,1394845460.9925716,0.30187934757636525,8.624359496240615
1510,29119,91465451.10467656,McDonald County,1397675772.8971634,0.06544110792954719,7.961257080650274
1511,29121,399675285.3134297,Macon County,2104031003.102053,0.18995693729045496,8.601707293660604
1512,29123,98903452.27616335,Madison County,1288776498.6935549,0.07674212896993601,7.995211451139695
1513,29125,49310.8515639053,Maries County,1372506048.080129,3.592760238316011e-05,4.692942511365018
1514,29127,192879894.4823425,Marion County,1150737066.0980139,0.1676142188904811,8.285286959784813
1515,29129,110920685.12912892,Mercer County,1178729944.7110696,0.09410186415202831,8.045012543445631
1516,29131,135674133.11446676,Miller County,1553972399.7858672,0.08730794262057824,8.13249705535288
1517,29133,1049139.8019014923,Mississippi County,1110544665.2744615,0.0009447074347452801,6.020833363868647
1518,29135,118895865.27253897,Moniteau County,1084871656.0797722,0.10959440649613246,8.07516675184233
1519,29137,245125143.30509013,Monroe County,1735719659.6673265,0.1412239251539454,8.389387860574978
1520,29139,146162333.16276634,Montgomery County,1399865788.835358,0.10441167598243012,8.164835466966688
1521,29141,121669210.72377893,Morgan County,1590281679.662652,0.07650796225583681,8.085180690768444
1522,29143,4686605.758312401,New Madrid County,1804177325.4648993,0.0025976414247999486,6.670858421888806
1523,29145,116564003.59950954,Newton County,1622821559.2921162,0.07182798560450196,8.066564455643785
1524,29147,244770377.7699478,Nodaway County,2273688226.547677,0.10765344822214358,8.388758858126145
1525,29149,159808218.6855857,Oregon County,2050216205.0415676,0.07794700787780849,8.203599110637851
1526,29151,198325861.31442678,Osage County,1588769040.9903617,0.1248298879180073,8.29737934907305
1527,29153,139574829.0294078,Ozark County,1956165133.7633615,0.07135125078161844,8.14480710454184
1528,29155,11258552.89279333,Pemiscot County,1329756549.0180693,0.008466627143973813,7.051482572519907
1529,29157,231811193.83266225,Perry County,1253969063.2174878,0.18486197198348028,8.365134403598299
1530,29159,161267128.70681342,Pettis County,1777454643.8237314,0.0907292511047647,8.207545853590817
1531,29161,134354067.97580314,Phelps County,1746486165.4861324,0.07692821771560145,8.128250820550592
1532,29163,285567719.71513486,Pike County,1773405360.7158203,0.16102788794992015,8.455709113673176
1533,29165,199246973.14213997,Platte County,1104232554.0471768,0.180439321782237,8.299391732541341
1534,29167,134124743.33053124,Polk County,1663844143.0841918,0.08061136248129007,8.127508903885051
1535,29169,120081444.69804926,Pulaski County,1428327314.1744943,0.08407137741215197,8.07947590426062
1536,29171,144042830.96206418,Putnam County,1345787227.1106837,0.10703239565686369,8.158491648241842
1537,29173,155359429.22777888,Ralls County,1253123851.3860135,0.12397771302169701,8.191337617022947
1538,29175,136605692.30593517,Randolph County,1263474860.4994335,0.1081190426313167,8.135468796607476
1539,29177,386288185.57904667,Ray County,1487067386.3568838,0.25976508470500526,8.586911425680789
1540,29179,68151.17561482263,Reynolds County,2109320234.8146613,3.230954432142488e-05,4.8334733582325216
1541,29181,227581167.95023823,Ripley County,1635894036.6455772,0.1391173039648072,8.357136321900374
1542,29183,618081229.4216511,St. Charles County,1534226662.129897,0.40286174440717715,8.791045554654845
1543,29185,151184.69904919574,St. Clair County,1818331190.8518722,8.314475372243218e-05,5.179507842617445
1544,29186,123254640.67950583,Ste. Genevieve County,1312540216.567623,0.0939054202863396,8.090803279949219
1545,29187,87865533.79815376,St. Francois County,1177598131.4902112,0.07461419260827364,7.943818551794708
1546,29189,217363764.9221169,St. Louis County,1357083950.3895266,0.16016972631628762,8.337187147820462
1547,29195,425374703.5551288,Saline County,1986304453.474123,0.21415382863947774,8.6287716594439
1548,29197,244563.00168637218,Schuyler County,798132417.2317798,0.0003064190808520316,5.388390757915109
1549,29199,146042114.0706663,Scotland County,1137766239.028693,0.12835862856621758,8.164478111069073
1550,29201,421252864.60382277,Scott County,1102984069.8491886,0.3819210776647217,8.6245428671799
1551,29203,52858.392210976264,Shannon County,2600345647.885952,2.0327448488992018e-05,4.723113957316073
1552,29205,174734155.36104316,Shelby County,1300994873.875102,0.1343081044128833,8.242377805013923
1553,29207,592176.1395756424,Stoddard County,2146955019.2264633,0.0002758214002028791,5.772450905206124
1554,29209,196099383.94581792,Stone County,1322479705.2854502,0.14828158281906556,8.292476229318382
1555,29211,179329720.2390588,Sullivan County,1687387756.9338856,0.10627653276619406,8.253652270971193
1556,29213,135865778.24615175,Taney County,1687655723.7246375,0.08050562465803006,8.13311008079416
1557,29215,14188.563048751414,Texas County,3054178020.3481946,4.645624110389555e-06,4.151938444981122
1558,29217,412245669.37696195,Vernon County,2167364676.137604,0.19020595560854697,8.615156102096707
1559,29219,150810743.17452714,Warren County,1133687723.068058,0.13302670577255038,8.178432280099155
1560,29221,98798533.54941387,Washington County,1974835311.9564724,0.05002874566362398,7.9947504984774085
1561,29223,284638490.00009966,Wayne County,2004816859.0944393,0.14197730266926661,8.45429362682638
1562,29225,77322651.23946925,Webster County,1537840863.6824944,0.05028000820209277,7.888306736708893
1563,29227,88930072.86018012,Worth County,691058946.6278272,0.12868666746032853,7.949048648137046
1564,29229,110091655.05275355,Wright County,1769313526.3531082,0.06222280755388413,8.04175440070237
1565,29510,16096853.965383515,St. Louis city,171382353.09030244,0.09392363726562898,7.206741004072291
1566,30001,99363693.84017664,Beaverhead County,14433838655.504045,0.006884079572434901,7.997227728011866
1567,30003,1240.094594099861,Big Horn County,12991581185.861317,9.545370777880762e-08,3.0934551645089114
1568,30005,423702348.48878825,Blaine County,10978286106.807877,0.0385945806446091,8.627060871207336
1569,30007,137694648.18077832,Broadwater County,3206683597.8542633,0.042939892252829695,8.13891706073412
1570,30009,120848451.31884016,Carbon County,5339025898.051283,0.022634925101777316,8.082241089269468
1571,30011,0.0,Carter County,8671300754.044933,0.0,-3.0
1572,30013,202683134.35328317,Cascade County,7022635615.421898,0.02886140552532521,8.30681761173391
1573,30015,0.0,Chouteau County,10351391041.695486,0.0,-3.0
1574,30017,66446697.36092288,Custer County,9824337027.28761,0.006763479019130116,7.822473399828978
1575,30019,0.0,Daniels County,3695035265.666097,0.0,-3.0
1576,30021,17499.17265404597,Dawson County,6173145179.245569,2.8347255970715037e-06,4.243017540917077
1577,30023,308375.91886173416,Deer Lodge County,1920198704.574325,0.0001605958373615796,5.489080457966878
1578,30025,0.0,Fallon County,4203236483.215286,0.0,-3.0
1579,30027,11722372.279579815,Fergus County,11266512793.10253,0.001040461453765567,7.069015509643637
1580,30029,324648389.0493625,Flathead County,13613011017.633125,0.02384838950242829,8.5114132521856
1581,30031,119547415.90141042,Gallatin County,6821447983.077021,0.017525225758224565,8.07754019298669
1582,30033,446.6885259264842,Garfield County,12559099060.715164,3.5566924328491446e-08,2.6500057691594106
1583,30035,0.0,Glacier County,7863089430.076216,0.0,-3.0
1584,30037,24671597.316741474,Golden Valley County,3044362902.555717,0.008104026394497803,7.39219726800713
1585,30039,61245836.17614306,Granite County,4487875762.893327,0.013646954463966257,7.7870765683547924
1586,30041,14529.565521347706,Hill County,7553602032.292251,1.9235280676997087e-06,4.162252657643173
1587,30043,668172.2380300731,Jefferson County,4297859646.235427,0.00015546627694446404,5.824888427772471
1588,30045,0.0,Judith Basin County,4844533494.429525,0.0,-3.0
1589,30047,449934717.8441053,Lake County,4283835214.2727795,0.10503081825954079,8.653149505472353
1590,30049,40939913.86429542,Lewis and Clark County,9058661388.910988,0.004519422032311678,7.612146924602348
1591,30053,14320715.608553095,Lincoln County,9518040663.31801,0.0015045865126153875,7.155964720312268
1592,30055,132390286.71217395,McCone County,6946358224.936191,0.019058948937720543,8.12185612270477
1593,30057,119944946.67587662,Madison County,9333131740.494827,0.012851521869712442,8.07898195570879
1594,30059,259.3339906372795,Meagher County,6202386648.675041,4.181196776771062e-08,2.413861117677451
1595,30061,24826719.61758243,Mineral County,3168697234.753392,0.007834992673105482,7.394919339543915
1596,30063,128816761.03862733,Missoula County,6780447707.376215,0.018998267754280006,8.109972375084592
1597,30065,82714112.71184365,Musselshell County,4847697115.908987,0.01706255789793377,7.917579615361622
1598,30067,125009261.92947438,Park County,7286250501.030159,0.017156871275809154,8.096942191058321
1599,30069,4961413.458938099,Petroleum County,4336976397.928046,0.001143979815363619,6.695605420522868
1600,30071,38733056.80209282,Phillips County,13499120849.342287,0.0028693021741471405,7.588081772749807
1601,30073,0.0,Pondera County,4251589823.6887965,0.0,-3.0
1602,30075,6501.0854198770885,Powder River County,8543855415.486762,7.609077054479518e-07,3.812985939216882
1603,30077,150.7936725838478,Powell County,6040669413.552364,2.496307317290682e-08,2.1783859986404734
1604,30079,0.0,Prairie County,4512873059.722865,0.0,-3.0
1605,30081,107891888.68706973,Ravalli County,6216864438.856347,0.017354711486505806,8.032988795652075
1606,30083,340023878.5824377,Richland County,5447977923.691671,0.06241285910939043,8.53150941696249
1607,30085,417774641.0827431,Roosevelt County,6136974348.180362,0.06807501830386745,8.620942074773916
1608,30087,5646981.250092775,Rosebud County,13015245630.508846,0.0004338743509270212,6.75181634581011
1609,30089,128023903.12842539,Sanders County,7225799846.8228035,0.017717609931406794,8.10729106361693
1610,30091,77217162.4387249,Sheridan County,4418366852.808763,0.017476403614977747,7.887713838217684
1611,30093,23757650.988752346,Silver Bow County,1861086632.5153177,0.012765472909040848,7.375803498067552
1612,30095,62908069.74344862,Stillwater County,4676923607.316742,0.0134507370710595,7.798706359605678
1613,30097,50540896.82391307,Sweet Grass County,4823272770.041623,0.010478548328809718,7.703642944007626
1614,30099,532045.5800631917,Teton County,5936083124.921271,8.962906496870326e-05,5.725948840483471
1615,30103,0.0,Treasure County,2549642361.9562855,0.0,-3.0
1616,30105,122784465.70423044,Valley County,13109957574.7837,0.009365740888467844,8.089143424742845
1617,30107,47124374.099256776,Wheatland County,3697219758.2672462,0.012745894802137017,7.673245595009926
1618,30109,0.0,Wibaux County,2305736500.5181093,0.0,-3.0
1619,30111,166116730.58847457,Yellowstone County,6860968427.245467,0.024211848859238504,8.220413374996696
1620,31001,162775445.49547777,Adams County,1461350547.756676,0.11138699454785499,8.211588892631418
1621,31003,1765522.7991575736,Antelope County,2223742384.956953,0.0007939421450528095,6.246873330462516
1622,31005,0.0,Arthur County,1859879568.6765406,0.0,-3.0
1623,31007,21126.33327132261,Banner County,1932623808.0460472,1.0931425548711469e-05,4.324824147130547
1624,31009,3.647302762098289,Blaine County,1850124751.4996397,1.971382069853358e-09,0.5620908719953491
1625,31011,16652.408313325333,Boone County,1779884633.7740238,9.355891947904497e-06,4.2214770772287835
1626,31013,0.0539955605425551,Box Butte County,2791769744.6386313,1.9340979192947133e-11,-1.2596723670455383
1627,31015,145372651.1749146,Boyd County,1410317852.713003,0.1030779344495029,8.162482710783246
1628,31017,0.0,Brown County,3173111487.744362,0.0,-3.0
1629,31019,356594550.6246085,Buffalo County,2526272567.959106,0.14115442456499844,8.552174702127864
1630,31021,277827065.1825025,Burt County,1287387643.5651505,0.2158068446370346,8.443774551291062
1631,31023,169177447.0191711,Butler County,1530194010.2420914,0.11055947539123198,8.228342466932789
1632,31025,163760506.86524835,Cass County,1465651951.9999635,0.11173219306383622,8.214209173870827
1633,31027,11291.470551752744,Cedar County,1931733985.8341482,5.845251279190462e-06,4.052750544684933
1634,31029,57760715.78407116,Chase County,2324511764.1196985,0.024848536658598225,7.761632566479528
1635,31033,58601.10925331382,Cheyenne County,3097938266.5908003,1.891616430362339e-05,4.7679058442146784
1636,31035,160870553.8268077,Clay County,1485457833.7015567,0.10829695072928486,8.206476556961503
1637,31037,251100790.8765573,Colfax County,1078771870.1900668,0.23276542317729912,8.399848080587148
1638,31039,26449.303892638098,Cuming County,1488335591.757594,1.777106187550335e-05,4.422414262939885
1639,31041,13805.92900506984,Custer County,6671690410.777457,2.069329983113084e-06,4.140065667220548
1640,31043,92272928.89481251,Dakota County,692615978.3731718,0.13322379467991013,7.965074306057188
1641,31045,234862094.6242491,Dawes County,3628512578.273546,0.06472682388660672,8.370812929832265
1642,31047,276946308.8779102,Dawson County,2640319241.7017603,0.10489122091895618,8.44239558127471
1643,31049,111512540.74491028,Deuel County,1141438285.8780098,0.09769476118381058,8.047323711065664
1644,31051,8418154.6898861,Dixon County,1250231939.407156,0.0067332743825740705,6.925216902022715
1645,31053,508909666.55817086,Dodge County,1406369066.8969884,0.36186067977236497,8.706640700221763
1646,31055,241837784.65357816,Douglas County,878892833.9192725,0.2751618574191166,8.383524155850628
1647,31057,141268021.63389844,Dundy County,2385002784.1166587,0.05923180575498588,8.150043863198324
1648,31059,126247771.872791,Fillmore County,1493192769.2925107,0.08454887705664985,8.10122372206629
1649,31061,162761328.31158787,Franklin County,1491843824.0900757,0.10910078232274838,8.211551225519372
1650,31063,111941439.54902895,Frontier County,2538393568.3487105,0.04409932366077089,8.048990887568158
1651,31065,176325242.27749255,Furnas County,1866458227.2872899,0.09447050016959857,8.24631448925641
1652,31067,289578309.19200736,Gage County,2227285958.8016086,0.13001397869351944,8.461766027999609
1653,31069,389336286.2028678,Garden County,4482928899.573442,0.08684864179753414,8.590324881919344
1654,31071,71777136.9864216,Garfield County,1479880038.5055277,0.04850199686381775,7.855986131409286
1655,31073,87601068.663441,Gosper County,1198448023.8419063,0.07309542585135667,7.9425094042529985
1656,31075,19980.01660952408,Grant County,2028882747.0714328,9.847792652564078e-06,4.3005958666585204
1657,31077,72229245.31318136,Greeley County,1477993122.4547882,0.04886981151388331,7.858713077166828
1658,31079,416879602.9731787,Hall County,1430047173.1235344,0.2915145813425321,8.62001064654758
1659,31081,148016914.3597718,Hamilton County,1410868536.1740444,0.10491191104251293,8.170311346434264
1660,31083,186929188.8004494,Harlan County,1486811061.6348336,0.12572491127077715,8.271677121312687
1661,31085,65269968.307310924,Hayes County,1847392472.5214522,0.03533086189218139,7.8147134018253
1662,31087,132793044.03239778,Hitchcock County,1860846122.3456717,0.07136164696144073,8.123175326409772
1663,31089,512518.0103845821,Holt County,6261283856.855863,8.185509906620745e-05,5.7097091323765445
1664,31093,196730381.44523144,Howard County,1490777892.5119886,0.13196491739875285,8.29387143401986
1665,31095,144427535.51387757,Jefferson County,1490968565.4612358,0.09686826326160569,8.159650000589107
1666,31097,131264718.55083185,Johnson County,975734742.1761374,0.13452910189308012,8.118148011715746
1667,31099,194872703.21492535,Kearney County,1337338167.420434,0.14571684855956185,8.289751009600218
1668,31101,331158099.91453135,Keith County,2874532045.4206786,0.11520417747371726,8.520035382078357
1669,31103,11902.210377193911,Keya Paha County,2004450442.790295,5.937892064133769e-06,4.0756276588454075
1670,31105,0.0,Kimball County,2466965746.6396627,0.0,-3.0
1671,31107,268888836.93135816,Knox County,2951866242.934902,0.09109113177974304,8.42957277262378
1672,31109,277622785.9687077,Lancaster County,2192120120.4660463,0.12664579070132564,8.443455108089722
1673,31111,438386287.55061716,Lincoln County,6669529941.686035,0.06572971279589077,8.641856961229498
1674,31113,0.0,Logan County,1479305484.8508146,0.0,-3.0
1675,31115,90305728.77982458,Loup County,1479078906.3963056,0.061055382771869504,7.955715301797258
1676,31117,1.3355462543447345,McPherson County,2228141250.640682,5.993992768459855e-10,0.12598399314050343
1677,31119,153020917.0564969,Madison County,1490410517.880522,0.10267031480300096,8.184750800371484
1678,31121,531429070.2861445,Merrick County,1286652378.6970415,0.4130323614093097,8.725445307545051
1679,31123,174165.19817909205,Morrill County,3703834644.7255387,4.702294105572794e-05,5.240961380784342
1680,31125,231348014.8454866,Nance County,1160912230.591047,0.19928122794235878,8.364265777253182
1681,31127,225156478.63570362,Nemaha County,1060870514.1546335,0.21223747444344992,8.352484447837663
1682,31129,144976315.5792747,Nuckolls County,1491363700.2403855,0.09721057013517675,8.161297058421539
1683,31131,253048412.61091074,Otoe County,1603251071.5240874,0.15783455074840966,8.403203617297642
1684,31133,135757385.51419666,Pawnee County,1121330547.4915884,0.12106812377303496,8.132763465526056
1685,31135,56646359.352328986,Perkins County,2290609181.643878,0.024729822881298404,7.753172003103784
1686,31137,143770251.54526585,Phelps County,1399695087.1176393,0.10271540771163862,8.157669032598681
1687,31139,11844.630189139423,Pierce County,1488189206.7379107,7.959088895089275e-06,4.0735215424741265
1688,31141,286142004.74382263,Platte County,1773078342.7667863,0.16138147866456626,8.456581615546819
1689,31143,198106936.29885018,Polk County,1141256940.9253123,0.17358662120225823,8.29689968171731
1690,31145,160856314.4943626,Red Willow County,1859627347.6117535,0.08649921969632467,8.206438114020488
1691,31147,298924115.3131731,Richardson County,1436338937.4622767,0.20811530448468674,8.475560952595018
1692,31149,16.225768642241615,Rock County,2620274354.2480164,6.192393027827879e-09,1.210232044129059
1693,31151,185535397.98460573,Saline County,1492633356.5282874,0.12430071803844857,8.268426780167868
1694,31153,133609835.86616567,Sarpy County,641093921.5677894,0.20840914469977193,8.125838430486823
1695,31155,332335047.2322345,Saunders County,1967924976.126004,0.1688758724361835,8.521576143317219
1696,31157,129515.66887719066,Scotts Bluff County,1930978290.5395923,6.70725660209255e-05,5.112322316135388
1697,31159,170968662.90663525,Seward County,1491538225.0025227,0.11462573338095046,8.232916515225654
1698,31161,26908.587295069658,Sheridan County,6396586019.917162,4.2067107690389714e-06,4.429890913975443
1699,31163,150667431.39785552,Sherman County,1480551422.6934123,0.10176440283564216,8.17801938441557
1700,31165,356200.79978386825,Sioux County,5354451387.745858,6.652423824391528e-05,5.551694891476535
1701,31167,137048745.06553626,Stanton County,1116290273.2135088,0.12277160193379508,8.136875063128537
1702,31169,174952638.9106448,Thayer County,1489178649.2149065,0.11748263984504456,8.242920497582698
1703,31173,131424638.57022572,Thurston County,1025835947.5978205,0.12811467455198872,8.11867679134587
1704,31175,107292832.22844364,Valley County,1477479676.6250427,0.07261882104092901,8.030570709597095
1705,31177,219209800.9596317,Washington County,1018377941.3833,0.21525387781069868,8.340859967731872
1706,31179,92732729.07295845,Wayne County,1148231606.0961833,0.08076134516818949,7.967233041022269
1707,31181,175379594.5791285,Webster County,1489355207.3263996,0.11775538415309222,8.243979061796407
1708,31183,56961419.457122356,Wheeler County,1490777577.5228333,0.03820920056483068,7.755580803226215
1709,31185,147385320.5824086,York County,1491389156.3151522,0.09882418680484488,8.16845423042199
1710,32001,1038133440.7489007,Churchill County,13011591018.397423,0.07978528062256622,9.016253180927272
1711,32003,886910627.7586852,Clark County,20877694173.96526,0.04248125393390778,8.947879859035405
1712,32005,196663125.28850442,Douglas County,1912465414.3051786,0.10283225192856858,8.29372293651024
1713,32007,836232016.9362097,Elko County,44553808417.873856,0.01876903561404045,8.9223267914289
1714,32009,73703.08925901372,Esmeralda County,9295602881.99509,7.928812170082187e-06,4.867485697551062
1715,32011,881544719.9378105,Eureka County,10826042030.174032,0.08142816344891277,8.945244348546886
1716,32013,239979417.23004425,Humboldt County,25013733641.49437,0.009593906318405468,8.380173994351972
1717,32015,971275089.6381269,Lander County,14295446156.56149,0.06794297141907109,8.98734225049735
1718,32017,9595151.490775142,Lincoln County,27550146409.57802,0.0003482795099571345,6.9820518359263755
1719,32019,323662204.204891,Lyon County,5247374378.603186,0.06168079135437019,8.510091987437207
1720,32021,199786173.79550636,Mineral County,9871642734.253048,0.020238391843566194,8.300565429577382
1721,32023,1699223875.6670175,Nye County,47134149405.270256,0.0360508017458149,9.23025060168364
1722,32027,193187823.0975198,Pershing County,15714627272.453835,0.012293503355065804,8.285979748747268
1723,32029,6881571.592112195,Storey County,685119383.2766162,0.010044339366375462,6.837687632461225
1724,32031,411674105.7161792,Washoe County,16940783481.587845,0.02430077134057045,8.614553550753103
1725,32033,55852204.21347301,White Pine County,23039784748.252487,0.002424163455681124,7.747040317277818
1726,32510,14405447.746284083,Carson City,406935486.09134793,0.03539983176362845,7.1585267614816
1727,33001,1586.4943407373087,Belknap County,1217320952.5751786,1.303267094336266e-06,3.2004388009904505
1728,33003,286413332.80993724,Carroll County,2573135875.893324,0.11130905891648733,8.456993230924375
1729,33005,108603785.1190024,Cheshire County,1887956394.0371532,0.05752451987874948,8.035844961791353
1730,33007,234323154.25799364,Coos County,4740466600.570075,0.04943039873539339,8.369815204815806
1731,33009,252493502.68082222,Grafton County,4531714163.768525,0.055716996605728396,8.402250207065624
1732,33011,171196510.84277967,Hillsborough County,2311512188.8729787,0.07406256028710355,8.23349490907516
1733,33013,222773539.52669457,Merrimack County,2473375668.103815,0.09006862257098265,8.347863605175132
1734,33015,237178208.56570116,Rockingham County,2059681808.018573,0.11515283945429809,8.375074784464642
1735,33017,95332015.11824931,Strafford County,990897555.9174323,0.09620774069826545,7.979238773195457
1736,33019,76277112.49767663,Sullivan County,1430023467.45047,0.05333976276184331,7.882394244289716
1737,34001,274188427.30105865,Atlantic County,1740045486.7898552,0.1575754366093605,8.43804912053037
1738,34003,108241823.40332818,Bergen County,638305787.2999427,0.1695767538959581,8.034395099625856
1739,34005,367372746.6481258,Burlington County,2124741596.675183,0.17290231773265718,8.565106935260726
1740,34007,64993551.395802766,Camden County,589249133.691121,0.11029893415146164,7.812870268462608
1741,34009,366690173.33916366,Cape May County,1606586880.3492446,0.2282417327218877,8.564299271778642
1742,34011,400433788.29285145,Cumberland County,1755611999.6098216,0.2280878624558538,8.602530715786456
1743,34013,55218655.93864499,Essex County,335205499.09857607,0.16473075795933312,7.742085831403217
1744,34015,114386457.16655326,Gloucester County,872136343.0708032,0.13115662255719912,8.058374609023762
1745,34017,84993673.24949758,Hudson County,161477296.29663455,0.5263506090253319,7.9293865989535846
1746,34019,60961775.65152926,Hunterdon County,1132847899.7935002,0.05381285136569667,7.7850576083457215
1747,34021,64407577.43289369,Mercer County,592732604.6178294,0.10866211328870824,7.808936964318491
1748,34023,124112575.9206516,Middlesex County,836244348.5952412,0.1484166393819476,8.093815789368698
1749,34025,152634979.46361914,Monmouth County,1713016529.5138748,0.08910303948259879,8.183654072594095
1750,34027,32608475.228367854,Morris County,1247152090.7356389,0.026146350128903352,7.5133304916929955
1751,34029,576161651.0254017,Ocean County,2369415116.777673,0.24316619192037686,8.760544348526357
1752,34031,63922386.798353285,Passaic County,514079795.7754075,0.12434331658947333,7.805652982739539
1753,34033,231782876.4575188,Salem County,964904892.9711496,0.24021318385463825,8.365081348218302
1754,34035,80280590.44807568,Somerset County,789825095.9900554,0.10164350418296468,7.904610557983764
1755,34037,113693372.55470495,Sussex County,1386761162.612731,0.08198482595265406,8.055735149416186
1756,34039,34120286.061207585,Union County,273004863.2961634,0.12498050638824311,7.533012663606782
1757,34041,61569942.492357016,Warren County,939261307.5193698,0.06555145197555931,7.789368747958391
1758,35001,149382704.87087336,Bernalillo County,3023494344.285587,0.049407304218447474,8.174300318941867
1759,35003,49873.06080273989,Catron County,17947756614.271503,2.7787907912169016e-06,4.697866031206464
1760,35005,733450009.1354169,Chaves County,15734388799.771605,0.04661445820800255,8.865370518320994
1761,35006,317931392.3469382,Cibola County,11764061065.911802,0.02702564960906178,8.50233341199901
1762,35007,76668651.69283222,Colfax County,9759411041.733017,0.007855868695865265,7.884617825756854
1763,35009,84501593.25839391,Curry County,3648283151.4466996,0.0231620161458371,7.92686489755608
1764,35011,24710.941259328752,De Baca County,6045909493.48344,4.087216536397599e-06,4.392889305913002
1765,35013,299959045.7332705,Doña Ana County,9880730743.11226,0.030357981968324396,8.477061963300454
1766,35015,717425147.8723589,Eddy County,10873181912.747663,0.06598115929903217,8.855776595912866
1767,35017,287216089.72149765,Grant County,10274774536.633772,0.027953517490574113,8.458208765242857
1768,35019,9350.557268385535,Guadalupe County,7849961191.961793,1.1911596808861072e-06,3.970837540887638
1769,35021,31755.027629660923,Harding County,5506126265.717647,5.767217476899269e-06,4.501812508625972
1770,35023,69523.73774005732,Hidalgo County,8929385712.668358,7.785948549789056e-06,4.842133118885325
1771,35025,21115864.01626483,Lea County,11382214129.68179,0.0018551631322064367,7.32460885655199
1772,35027,200109411.72517163,Lincoln County,12513086194.01163,0.015992010973355057,8.301267515245994
1773,35028,1440458.9819049968,Los Alamos County,282834896.8468962,0.005092932300658586,6.158500896249447
1774,35029,827799235.6691372,Luna County,7680207470.113395,0.10778344711264878,8.917925021068854
1775,35031,320917564.9142021,McKinley County,14130879681.280138,0.022710374170076417,8.50639348816743
1776,35033,351778.4587195719,Mora County,4995056499.802101,7.042532126183337e-05,5.546269242991447
1777,35035,340924986.993358,Otero County,17163401799.733765,0.01986348574550334,8.532658832604922
1778,35037,20090.01011584958,Quay County,7462063956.809956,2.6922859723703164e-06,4.302980177044456
1779,35039,341037758.7132545,Rio Arriba County,15271063462.774687,0.022332286126934175,8.532802465483464
1780,35041,260453514.88007534,Roosevelt County,6353923158.582298,0.04099097650060161,8.415730222713831
1781,35043,191762110.3610857,Sandoval County,9620211688.024235,0.01993325267465805,8.282762800508104
1782,35045,402181179.5912144,San Juan County,14344459874.080301,0.02803738747374762,8.604421743559353
1783,35047,471460161.648409,San Miguel County,12280048006.524605,0.03839237121857455,8.673445000770483
1784,35049,409979900.9803748,Santa Fe County,4950504835.297727,0.08281577629359459,8.612762566215244
1785,35051,15404.406316442395,Sierra County,10976925742.002062,1.4033443131986437e-06,4.187644993522792
1786,35053,238741843.66038612,Socorro County,17218906442.402596,0.013865099067642874,8.377928543341186
1787,35055,83538442.9551093,Taos County,5707503225.821943,0.014636600217265552,7.92188637634122
1788,35057,165390.81805932446,Torrance County,8666378819.755306,1.908418977512389e-05,5.218511397946039
1789,35059,0.0,Union County,9922334339.581953,0.0,-3.0
1790,35061,265120067.44691333,Valencia County,2765614836.644737,0.09586297554310161,8.423442601562034
1791,36001,81575204.5548318,Albany County,1381245392.5135188,0.05905916862925093,7.911558171486669
1792,36003,64031.90521133363,Allegany County,2679400052.2085857,2.389785174429372e-05,4.8063964308377685
1793,36005,18924425.594761845,Bronx County,148588946.62442893,0.12736092438016217,7.2770227064348925
1794,36007,5843214.357196944,Broome County,1852705025.8317378,0.003153882715125545,6.766651818686525
1795,36009,1222982.589005863,Cattaraugus County,3424961116.8746023,0.0003570792622959404,6.087420274601125
1796,36011,213195486.89252222,Cayuga County,2236894645.1749487,0.09530868490046748,8.32877800693059
1797,36013,12764155.625572095,Chautauqua County,3885476955.7309628,0.003285093637409262,7.105992090675771
1798,36015,24368.77264287068,Chemung County,1063863795.5378157,2.290591403249278e-05,4.386833673889877
1799,36017,125531532.00766751,Chenango County,2327440787.8161926,0.05393543529219152,8.098752829062613
1800,36019,311785747.94234985,Clinton County,2894345520.490119,0.1077223661567376,8.49385625924595
1801,36021,228571.06135603026,Columbia County,1678842239.027689,0.0001361480287084083,5.3590212468178064
1802,36023,62298082.28079596,Cortland County,1298928595.2638714,0.04796112927834989,7.7944746780034295
1803,36025,154704218.79365945,Delaware County,3800470893.764061,0.04070659218769529,8.189502157101169
1804,36027,193683023.53201708,Dutchess County,2137505408.3336987,0.09061171156661704,8.287091556139664
1805,36029,196871610.0023009,Erie County,3177617786.8550277,0.061955723818234894,8.294183092939209
1806,36031,5530738.7197273625,Essex County,4963103948.428158,0.0011143709213422737,6.742783142318997
1807,36033,7210.845801145755,Franklin County,4396479946.73323,1.6401407236040548e-06,3.857986268806826
1808,36035,9014.142005908461,Fulton County,1380151003.8603137,6.531272288826151e-06,3.95492444370437
1809,36037,10154.199401025822,Genesee County,1282939724.516249,7.914790700595549e-06,4.006645730291833
1810,36039,87683346.75160539,Greene County,1704341662.3455553,0.051447047671728856,7.942917117879001
1811,36043,1165580.0881466563,Herkimer County,3773758954.9494796,0.00030886447758353457,6.066542120052604
1812,36045,5327796.198064971,Jefferson County,4808456385.225848,0.0011080055159561834,6.726547603678326
1813,36047,28078776.408977848,Kings County,250843353.77921513,0.11193749400150324,7.448378178601181
1814,36049,10581.776448405319,Lewis County,3345274495.674632,3.1632012446474355e-06,4.0245586233890185
1815,36051,23132719.480270922,Livingston County,1658051266.3975096,0.01395175164307915,7.36422669140808
1816,36053,4793182.456450932,Madison County,1712745436.9605122,0.0027985375719097243,6.680623961175373
1817,36055,161554381.73006344,Monroe County,3539798785.053718,0.045639425159476055,8.208318741591146
1818,36057,54997621.446771905,Montgomery County,1062666236.2226713,0.05175436987841561,7.740343907413429
1819,36059,205543042.73622748,Nassau County,1174251290.2124653,0.17504178573143162,8.312902781277074
1820,36061,21783993.39703516,New York County,87694319.08369751,0.24840826207047695,7.338137496712493
1821,36063,124536715.49751863,Niagara County,2951643877.7317276,0.04219232422890471,8.095297407557862
1822,36065,311173047.3286889,Oneida County,3257568254.6824627,0.09552310895755002,8.493001972948393
1823,36067,217733495.38591307,Onondaga County,2086540714.6788883,0.10435142427566842,8.337925244579578
1824,36069,351609.55935283704,Ontario County,1715862866.4773695,0.0002049170514859874,5.546060675139034
1825,36071,222577581.20561752,Orange County,2171226520.21955,0.10251237221582524,8.347481418540555
1826,36073,79851566.14624876,Orleans County,2117107264.8173842,0.03771729825561603,7.9022834384762275
1827,36075,444955251.36805224,Oswego County,3398119669.3042216,0.1309416073210743,8.648316336687241
1828,36077,157798846.96416724,Otsego County,2630801395.976423,0.05998128448825767,8.19810382549891
1829,36079,55752893.59596733,Putnam County,637579657.6263919,0.08744459288981478,7.746267412358481
1830,36081,48457315.24361669,Queens County,470038548.22497994,0.10309221536533002,7.685359348580939
1831,36083,33395285.932643298,Rensselaer County,1723385805.7950432,0.019377719034442884,7.523685166287708
1832,36085,34581112.20948127,Richmond County,266424207.28616253,0.12979718532985324,7.538838957101785
1833,36087,83059818.08769621,Rockland County,516760655.76805556,0.16073169882533983,7.9193909756161185
1834,36089,0.0,St. Lawrence County,7306900636.233359,0.0,-3.0
1835,36091,369443.589160937,Saratoga County,2185300145.635897,0.00016905851120667598,5.567548135959384
1836,36093,28347053.874043964,Schenectady County,542456647.1368793,0.052256809873492224,7.452507929109069
1837,36095,65663267.03611915,Schoharie County,1622180547.7063498,0.04047839627282082,7.817322486996661
1838,36097,84603.79656242875,Schuyler County,886651826.5837282,9.541941270048176e-05,4.927389857405362
1839,36099,322815.2146843476,Seneca County,1011191465.2135997,0.00031924242419921684,5.508953996719222
1840,36101,36696.17144780497,Steuben County,3636438554.535883,1.0091239243416416e-05,4.564620768026317
1841,36103,469916038.8715755,Suffolk County,6146700444.994539,0.0764501285001197,8.672020268336384
1842,36105,144278275.6398084,Sullivan County,2581221729.5672164,0.05589534366115807,8.159200943154525
1843,36107,82629483.27167301,Tioga County,1354644667.7163548,0.06099716423124367,7.917135036884141
1844,36109,71734331.76790893,Tompkins County,1273102695.9270313,0.056346068543727625,7.8557270570522455
1845,36111,235477958.86066273,Ulster County,3006354620.85863,0.07832674070679294,8.371950262663495
1846,36115,949340.1496971708,Washington County,2190896872.610244,0.0004333111985166709,5.977421848994663
1847,36117,14324.925847708633,Wayne County,3582098629.3123393,3.999031665540323e-06,4.1560924128580945
1848,36119,179285909.6811837,Westchester County,1295203955.466383,0.138422917042919,8.253546159123067
1849,36121,13.528054051398058,Wyoming County,1544171652.9106412,8.760719072843197e-09,1.131267431880706
1850,36123,130103121.13319606,Yates County,973346669.82625,0.1336657587336488,8.114287715278724
1851,37001,77190151.28747913,Alamance County,1124676547.393295,0.06863320077793535,7.8875618921243
1852,37003,28254248.530621164,Alexander County,682804190.666606,0.04137972337726456,7.451083761008887
1853,37005,7114991.558039583,Alleghany County,611907519.0531697,0.011627560270952233,6.8521743891898454
1854,37007,140589036.08629936,Anson County,1391081387.6129024,0.10106456555180451,8.1479514533122
1855,37009,36089155.46652909,Ashe County,1112081861.2646186,0.03245188751257019,7.557376719131178
1856,37011,14599403.456415027,Avery County,641047451.9959142,0.022774294494049527,7.164335110548423
1857,37013,541788554.8486851,Beaufort County,2493764854.2015996,0.2172572742517632,8.733829826429657
1858,37015,514025930.1466881,Bertie County,1919979549.8631556,0.26772469018397865,8.710985027625648
1859,37017,380077906.65050197,Bladen County,2299147035.6914377,0.1653125705969469,8.579872625461546
1860,37019,892116259.3851461,Brunswick County,2718261386.282524,0.32819369906335544,8.950421454734624
1861,37021,57141044.804320395,Buncombe County,1709243222.278016,0.03343061072850997,7.75694817705192
1862,37023,82153039.16637146,Burke County,1331866870.5066738,0.06168262082764961,7.914623634346913
1863,37025,82788234.92444265,Cabarrus County,942609418.1849489,0.087828779691016,7.91796862337909
1864,37027,62405469.052200116,Caldwell County,1229237144.0996401,0.05076764020006023,7.795222651790528
1865,37029,376012770.61983585,Camden County,803561742.8480378,0.4679326435914507,8.575202595236105
1866,37031,1519428401.4423552,Carteret County,3445750688.2460895,0.4409571495190659,9.181680240058819
1867,37033,66185725.09959627,Caswell County,1110336608.3786614,0.0596087029826407,7.820764331153505
1868,37035,89435769.8178609,Catawba County,1077495979.6390774,0.0830033443352788,7.951511249534157
1869,37037,191539265.20088696,Chatham County,1835591371.5817232,0.10434744255516858,8.282257817012258
1870,37039,54863218.87105722,Cherokee County,1208655847.3679194,0.04539192772742748,7.73928128444537
1871,37041,96955889.83147264,Chowan County,605146172.8691443,0.16021895895297714,7.986574196540531
1872,37043,29525718.189599916,Clay County,571896076.443775,0.05162776841065229,7.470200470296425
1873,37045,62842082.93428293,Cleveland County,1212578316.1733317,0.05182517458550692,7.798250571535147
1874,37047,695449837.7898616,Columbus County,2473632266.152004,0.28114519983671915,8.842265810163747
1875,37049,462149441.6599305,Craven County,2002792355.407822,0.23075254926556008,8.66478243268643
1876,37051,146435838.0723392,Cumberland County,1705449563.5938754,0.08586348209779746,8.16564737708283
1877,37053,675569566.072165,Currituck County,1363440486.969811,0.49548885523679137,8.829670076683167
1878,37055,972295617.236267,Dare County,3993073295.432555,0.24349555976055323,8.987798328111268
1879,37057,124779750.10250312,Davidson County,1469837024.7382765,0.08489359568603994,8.096144111533338
1880,37059,77620801.93223792,Davie County,690488997.0462756,0.11241424883564927,7.8899781253066115
1881,37061,304855860.90202993,Duplin County,2124353734.754263,0.14350522510192706,8.484094548819566
1882,37063,113255762.373608,Durham County,771460542.7951963,0.1468069409788008,8.054060307848927
1883,37065,273043308.82557297,Edgecombe County,1312780054.2584558,0.207988617697125,8.436231538222586
1884,37067,75917325.23889343,Forsyth County,1068478763.6199396,0.07105178673059469,7.880340898391601
1885,37069,95399746.83354351,Franklin County,1280935689.6803005,0.07447660924909794,7.979547222204025
1886,37071,75047536.32479872,Gaston County,941938694.8961471,0.07967348271330231,7.875336439714891
1887,37073,288914161.1883082,Gates County,895473824.560685,0.32263830975746055,8.460768829402681
1888,37075,39994210.97530882,Graham County,781250680.665198,0.05119254544681567,7.60199713325315
1889,37077,85449894.8286954,Granville County,1392353895.550584,0.061370816070368095,7.931711532534684
1890,37079,80313893.6103667,Greene County,692068496.8183225,0.1160490529183128,7.9047906809799535
1891,37081,106206203.97538276,Guilford County,1703381504.9268425,0.06235021553785401,8.026149886557247
1892,37083,338070799.52121055,Halifax County,1891392703.2882242,0.1787417276874695,8.529007660697633
1893,37085,136698752.90296888,Harnett County,1557661490.8671725,0.0877589602776061,8.135764552538596
1894,37087,29546490.065867424,Haywood County,1436152445.1702719,0.02057336612504556,7.470505896888039
1895,37089,58759110.35965151,Henderson County,971484399.0998983,0.06048384350185461,7.769075211754284
1896,37091,185274258.23406354,Hertford County,933426825.4629806,0.198488251226514,8.26781508319875
1897,37093,76808938.50811237,Hoke County,1014440967.0163028,0.075715532993531,7.885411763251535
1898,37095,1540650900.835958,Hyde County,3778896884.7518826,0.4076985818407996,9.187704242212343
1899,37097,127732290.47139697,Iredell County,1547238137.3222902,0.08255502975932029,8.10630069993581
1900,37099,30930311.07268086,Jackson County,1281785975.4544022,0.024130636209930324,7.490384287830651
1901,37101,323899666.3654676,Johnston County,2060720776.1887844,0.15717785257860423,8.510410500664463
1902,37103,191583518.92749828,Jones County,1226868881.1035602,0.15615647432117621,8.282358145941535
1903,37105,63563173.85056137,Lee County,671332792.2389096,0.09468206318147634,7.8032055743724404
1904,37107,176278977.92741954,Lenoir County,1039530302.5538787,0.1695756030337394,8.24620052379083
1905,37109,71788778.6035869,Lincoln County,789590106.5402929,0.09091904522226116,7.856056564423773
1906,37111,56025733.55585378,McDowell County,1153454545.0549805,0.048572120848666175,7.74838755155441
1907,37113,34807988.93623715,Macon County,1345811243.1906214,0.02586394571479065,7.541678932256115
1908,37115,23629330.44562198,Madison County,1169338575.9469519,0.020207432587680187,7.373451415772989
1909,37117,256629688.96056426,Martin County,1182849248.590373,0.21695891447400875,8.40930689758188
1910,37119,125528421.96720813,Mecklenburg County,1414303312.9939604,0.08875636563522933,8.098742069294769
1911,37121,9134892.667320278,Mitchell County,574668484.7785845,0.015895934628884136,6.960703448915696
1912,37123,80357071.04435824,Montgomery County,1298962465.06413,0.06186250427212382,7.905024098658334
1913,37125,140413001.7777404,Moore County,1827699832.3832164,0.07682497929359103,8.147407323885849
1914,37127,123404660.10752438,Nash County,1405917825.920481,0.08777515857068603,8.091331560193199
1915,37129,214383162.1259623,New Hanover County,851783639.6174588,0.25168734424418276,8.33119067242694
1916,37131,269602128.35805374,Northampton County,1425924041.9281194,0.1890718722951754,8.430723316390523
1917,37133,470391817.2994826,Onslow County,2344440399.0169773,0.2006414057259539,8.672459758365369
1918,37135,47047423.273642614,Orange County,1038500937.600614,0.045303207315674165,7.672535842678299
1919,37137,457865676.8470385,Pamlico County,1454607366.8056612,0.31476925478008416,8.66073808857203
1920,37139,187540224.69659942,Pasquotank County,749361643.7197589,0.2502666453084893,8.273094432013632
1921,37141,745160757.4141318,Pender County,2419478884.4158926,0.30798398870673654,8.872249975468943
1922,37143,150244798.70592245,Perquimans County,851929357.0700405,0.17635828306544699,8.176799446185713
1923,37145,64182572.12457665,Person County,1047360313.6779777,0.06128031708513856,7.807417117520489
1924,37147,331267915.1033385,Pitt County,1697868007.432041,0.1951081672151702,8.520179374403185
1925,37149,25741737.278384693,Polk County,617570388.5558357,0.04168227258852346,7.410637853578075
1926,37151,87930979.38200285,Randolph County,2045945988.057643,0.04297815284238357,7.944141910395276
1927,37153,110041921.30452871,Richmond County,1242424698.6007743,0.08857029438360212,8.041558164461238
1928,37155,533908504.8587109,Robeson County,2458557151.4880176,0.21716334905437037,8.727466838977824
1929,37157,108285550.33291842,Rockingham County,1483441521.516818,0.07299617056842019,8.034570508066478
1930,37159,122190106.82825291,Rowan County,1357030741.1016798,0.09004225411213247,8.087036044503956
1931,37161,73375780.0551408,Rutherford County,1469169167.5551865,0.04994372443661058,7.865552731254332
1932,37163,262918790.43312964,Sampson County,2454870456.680874,0.10710088172579622,8.41982162562799
1933,37165,79416340.45635098,Scotland County,830412037.2244288,0.09563486184736959,7.899909870693157
1934,37167,65265733.49374046,Stanly County,1048437125.8047004,0.06225049827727863,7.814685223232919
1935,37169,56341707.38691182,Stokes County,1181318793.2078965,0.04769390592180008,7.750830003777072
1936,37171,54368947.27878745,Surry County,1389934599.835076,0.03911619099577681,7.735350924044465
1937,37173,44592777.87571629,Swain County,1399219748.3526065,0.03186974592676976,7.649264527271161
1938,37175,42974786.136956155,Transylvania County,985034747.8835704,0.043627685448956066,7.633213724117982
1939,37177,861250942.4449996,Tyrrell County,1546678537.513192,0.5568390079490928,8.935129710153852
1940,37179,103213233.1182757,Union County,1656670452.0131269,0.06230160801917766,8.013735382390456
1941,37181,86675182.84833883,Vance County,695892170.5015247,0.12455260530646957,7.937894766513899
1942,37183,200693434.92532086,Wake County,2219651256.7671747,0.09041665185621191,8.302533166100314
1943,37185,101919250.5004352,Warren County,1150733071.5004733,0.08856897661552372,8.008256221267887
1944,37187,169432585.61666787,Washington County,1092738512.7360775,0.1550531839428175,8.228996938420947
1945,37189,19990132.558527824,Watauga County,811486607.476864,0.024633964842232785,7.3008156740421075
1946,37191,237386771.99403232,Wayne County,1444493488.4683945,0.16433910840659793,8.375456514915024
1947,37193,79655222.46567762,Wilkes County,1958870458.72781,0.040663854064862344,7.901214254890529
1948,37195,132783809.7049184,Wilson County,966345436.2024677,0.13740822353001486,8.123145124851064
1949,37197,56947417.4042806,Yadkin County,874674250.7395535,0.06510700109912976,7.755474033383197
1950,37199,19164129.83353593,Yancey County,811134670.2056429,0.023626323146410867,7.282489104485811
1951,38001,42.69080005486029,Adams County,2560628465.4388704,1.6672000890040657e-08,1.6303444667601847
1952,38003,25601423.204362143,Barnes County,3919699087.6582484,0.0065314766852822975,7.40826410879056
1953,38005,251816382.78208965,Benson County,3728019470.548394,0.06754696019467069,8.401083981216026
1954,38007,841.8526683977656,Billings County,2986557994.7390656,2.818805694986405e-07,2.9252366086845676
1955,38009,4938656.4437919175,Bottineau County,4397012172.753588,0.0011231846194092135,6.693608815730158
1956,38011,27836010.16131967,Bowman County,3022654685.440009,0.009209126763769766,7.444606986374441
1957,38015,169472793.87450287,Burleigh County,4321350802.886544,0.039217550623591974,8.229099989158074
1958,38017,382409031.78699315,Cass County,4578608759.845153,0.08352079241641212,8.582528140950732
1959,38019,2246712.4304958135,Cavalier County,3910450568.488529,0.0005745405525901366,6.351547488348447
1960,38021,73678248.3428136,Dickey County,2958174222.568531,0.02490666296146684,7.867339292220566
1961,38025,1226105.9812164058,Dunn County,5392498517.164319,0.00022737252079230272,6.088528011375255
1962,38027,39826267.35106225,Eddy County,1668323897.464207,0.023872023539072217,7.600169604818422
1963,38029,3826301.9481015676,Emmons County,4028237848.4283943,0.0009498699163442865,6.582779238993498
1964,38031,43788846.56145962,Foster County,1675362694.2184665,0.026136935430501818,7.641363505636144
1965,38033,1023597.2311721784,Golden Valley County,2596429513.8215504,0.00039423262820087056,6.010129102875586
1966,38035,258933088.9831553,Grand Forks County,3728074082.2733254,0.06945492049483676,8.413187552346804
1967,38037,227003729.56490776,Grant County,4314957483.026124,0.052608566934408754,8.356032992508487
1968,38039,595.7620573813142,Griggs County,1855933047.0127962,3.2100406765223497e-07,2.7750735695858615
1969,38041,73147717.37305477,Hettinger County,2936494879.3976865,0.024909873974668168,7.864200778208155
1970,38043,0.0,Kidder County,3710971579.5779667,0.0,-3.0
1971,38045,52097183.53109206,LaMoure County,2980964381.74307,0.01747662060310465,7.71681424518947
1972,38047,1295610.1880347717,Logan County,2618529375.9634457,0.0004947854318258594,6.1124743547627896
1973,38049,291954449.9720923,McHenry County,4950811545.732742,0.05897102874451702,8.465315099159254
1974,38051,154844241.24104217,McIntosh County,2575902626.3129416,0.06011261437420128,8.189895058299134
1975,38053,9249034.67780283,McKenzie County,7408832977.67969,0.001248379428402158,6.966096407815127
1976,38055,570864509.709697,McLean County,6029390193.969425,0.09468030619094343,8.756533044029785
1977,38057,326047647.1511864,Mercer County,2881613778.896528,0.11314758748691216,8.5132810705686
1978,38059,116248622.46498123,Morton County,5037957837.425445,0.0230745524707265,8.065387815248291
1979,38061,974.4770883881597,Mountrail County,5028253292.759922,1.938003182519244e-07,2.9887720782416363
1980,38063,69364094.92403798,Nelson County,2612963098.8532987,0.02654614409000972,7.841134723897977
1981,38065,32318957.426662922,Oliver County,1893493306.613188,0.017068429718650805,7.50945734248881
1982,38067,678055644.6699612,Pembina County,2903999156.521523,0.23349030358609052,8.831265335728302
1983,38069,0.0,Pierce County,2803573016.4247417,0.0,-3.0
1984,38071,721348.3365967602,Ramsey County,3369590747.384973,0.00021407594888387397,5.858145035265295
1985,38073,65576312.511411026,Ransom County,2237375249.518481,0.029309483299917664,7.816746991770101
1986,38075,7731612.382794973,Renville County,2312706405.580915,0.003343101555881632,6.8882700730080115
1987,38077,353237080.9733592,Richland County,3743414369.426493,0.09436227094129487,8.548066287253373
1988,38079,1105931.9510384165,Rolette County,2433289180.436983,0.00045450082954784983,6.043728405663621
1989,38081,20133.364197979725,Sargent County,2245193816.693,8.967316784986805e-06,4.303916371250599
1990,38083,0.0,Sheridan County,2604252327.1896267,0.0,-3.0
1991,38085,53051086.06713057,Sioux County,2922030895.5696864,0.018155552751877253,7.724694279256548
1992,38087,849.044654490179,Slope County,3158501035.7091017,2.688125300233006e-07,2.9289310435538134
1993,38089,220915042.95413783,Stark County,3471432970.719539,0.06363799756973207,8.344225289660352
1994,38091,135636967.31951413,Steele County,1852877289.18227,0.07320342696810471,8.132378070912226
1995,38093,50916452.29520564,Stutsman County,5951975393.74341,0.00855454683981522,7.706858135714976
1996,38095,0.0,Towner County,2697823213.5405436,0.0,-3.0
1997,38097,222524570.43770614,Traill County,2233697656.6623425,0.09962161610099415,8.34737797134755
1998,38099,543887197.3738898,Walsh County,3351527916.161229,0.16228037211065421,8.735508836026279
1999,38101,429.6376329555559,Ward County,5324964050.1514,8.068366826689476e-08,2.633103326055222
2000,38103,147787796.18164,Wells County,3341831977.2545385,0.04422358669960844,8.169638572967049
2001,38105,12957164.610239394,Williams County,5562796177.584361,0.002329253885384316,7.112509976193943
2002,39001,51546060.10690874,Adams County,1518471478.0378888,0.03394601798745315,7.712195475850664
2003,39003,63219092.19071822,Allen County,1053739477.2276547,0.05999499264945929,7.80084825520242
2004,39005,68873749.36287135,Ashland County,1105497282.3927166,0.06230114760101658,7.838053725844585
2005,39007,110644103.0807385,Ashtabula County,3543581789.479583,0.03122380395147812,8.043928272603035
2006,39009,79439992.52775863,Athens County,1316793736.7206395,0.06032834931733275,7.900039194642423
2007,39011,109387312.70250808,Auglaize County,1040929804.6342764,0.10508615683354418,8.038966953237042
2008,39013,56295647.46557021,Belmont County,1402013526.1806083,0.04015342677822223,7.750474818398005
2009,39015,45622207.70291799,Brown County,1276790858.891106,0.035731934784167335,7.659176297390222
2010,39017,90929640.88934287,Butler County,1217466639.3352935,0.07468758317598599,7.958705475925617
2011,39019,53108289.27447809,Carroll County,1033381442.1799561,0.05139272596423273,7.725162312148079
2012,39021,92356063.68862075,Champaign County,1113225437.437837,0.08296258833357638,7.9654654145623
2013,39023,104864937.05939889,Clark County,1039930673.8742518,0.10083839211004861,8.020630300522603
2014,39025,56627576.29967229,Clermont County,1192000333.8630476,0.04750634265021808,7.753027973920905
2015,39027,57449617.71384607,Clinton County,1067938841.9416382,0.05379485739969521,7.7592871431220365
2016,39029,51216459.03916435,Columbiana County,1384969536.8084733,0.03698020619080739,7.709409549289063
2017,39031,121850669.49305439,Coshocton County,1469648843.5747855,0.08291141793890291,8.08582791970683
2018,39033,39594915.69487717,Crawford County,1042979180.9936496,0.03796328480608306,7.5976394226177675
2019,39035,74383608.69288787,Cuyahoga County,3225901202.0401516,0.023058241413545327,7.871477244173866
2020,39037,77893808.3054057,Darke County,1553322463.739407,0.05014657942812932,7.891502937451353
2021,39039,66557594.32083753,Defiance County,1072723883.6399105,0.06204541106607768,7.823197616293
2022,39041,98944898.27025211,Delaware County,1184450623.6865265,0.08353653271108294,7.995393406326515
2023,39043,96909390.41153108,Erie County,1620771297.286377,0.059792143761297115,7.986365861743767
2024,39045,84605527.08258131,Fairfield County,1317169456.1294029,0.06423283404338932,7.927398735420737
2025,39047,91787.59700586823,Fayette County,1054163932.215395,8.707146412510106e-05,4.962784004932445
2026,39049,142854719.1153261,Franklin County,1407971283.5344114,0.10146138688050499,8.1548945916024
2027,39051,83937547.86442244,Fulton County,1054689430.9214718,0.07958508486340574,7.9239562776694745
2028,39053,95850035.08130057,Gallia County,1220393226.7455983,0.07854028765539958,7.9815922761712725
2029,39055,52853433.67140285,Geauga County,1057808955.7527657,0.0499650086945907,7.723073206904311
2030,39057,100261845.20140147,Greene County,1078100698.5455801,0.09299859033266603,8.001135693034335
2031,39059,126534309.98089316,Guernsey County,1368265664.3490055,0.09247788150928699,8.102208301128139
2032,39061,116021647.07430181,Hamilton County,1068733076.5360289,0.1085599852961887,8.06453902653959
2033,39063,74083649.61937878,Hancock County,1382146315.0279186,0.053600439268893414,7.869722369070062
2034,39065,82965517.06329057,Hardin County,1218663436.569382,0.06807910582502087,7.918897624177874
2035,39067,54134039.121484905,Harrison County,1063879859.9198577,0.05088360176830759,7.733470432470021
2036,39069,3662.0344911230027,Henry County,1087149092.9321766,3.368474954291724e-06,3.5637225490110587
2037,39071,60450536.082141235,Highland County,1444674986.509326,0.04184369262750504,7.781400156593279
2038,39073,59415985.58577083,Hocking County,1097245866.5451698,0.05415011110759548,7.773903305555672
2039,39075,62662214.351698615,Holmes County,1098260680.0465567,0.05705586614376678,7.797005737883157
2040,39077,63036428.402935155,Huron County,1283532618.5269525,0.049111668447724355,7.799591598383712
2041,39079,49318778.980933495,Jackson County,1091766779.0764608,0.0451733647937638,7.693012315937222
2042,39081,39437778.32495837,Jefferson County,1064372187.2088951,0.03705262012564996,7.595912441564472
2043,39083,69270304.70812756,Knox County,1371757488.4561536,0.050497486101634424,7.840547098033859
2044,39085,53261378.683534876,Lake County,2536436875.591328,0.020998503529135876,7.726412404073186
2045,39087,75591701.96026519,Lawrence County,1184312147.602246,0.06382751550197967,7.878474123672793
2046,39089,122288120.33015016,Licking County,1780239847.2269502,0.06869193525840707,8.0873842695856
2047,39091,107075003.80355388,Logan County,1209117161.8956912,0.08855635101207097,8.029688098499816
2048,39093,119820022.56008828,Lorain County,2389972710.323139,0.050134473101949295,8.078529397028301
2049,39095,152775917.3818633,Lucas County,1543211162.5454245,0.0989987119649067,8.18405490023424
2050,39097,55828252.5247971,Madison County,1210845476.640755,0.04610683493626392,7.746854034257722
2051,39099,58346126.19476806,Mahoning County,1101376043.046513,0.052975663092668164,7.766012027002641
2052,39101,133741249.10667297,Marion County,1046763901.4509603,0.12776639404672727,8.126265375077702
2053,39103,57930187.16340205,Medina County,1095767306.1816628,0.05286723452743537,7.762904931646575
2054,39105,68121570.92402525,Meigs County,1121477716.582935,0.06074268789895082,7.833284654502005
2055,39107,123009959.02745612,Mercer County,1226164225.2159805,0.1003209492641891,8.089940273846018
2056,39109,95935309.29858084,Miami County,1060965198.0730443,0.09042267312143822,7.981978480076199
2057,39111,33216196.012706812,Monroe County,1184437936.131606,0.028043846789635476,7.521349894676157
2058,39113,82292480.16713123,Montgomery County,1202389471.9094615,0.06844078569354586,7.915360151485718
2059,39115,47619500.72452974,Morgan County,1092406863.3265097,0.04359135988904597,7.677784837660964
2060,39117,34849586.54101688,Morrow County,1054700423.7130884,0.033042166057285154,7.542197629963849
2061,39119,121286924.36898135,Muskingum County,1741989863.2771263,0.06962550524881343,8.083813983223909
2062,39121,51523623.87303644,Noble County,1047720269.2646523,0.04917688946611537,7.712006401190825
2063,39123,264296577.5339095,Ottawa County,1515338109.8696659,0.1744142616175882,8.42209153934311
2064,39125,86681566.1738214,Paulding County,1084806654.5692358,0.07990508337012521,7.937926749612914
2065,39127,44704640.311204135,Perry County,1068334493.4849215,0.04184517169840412,7.650352604952731
2066,39129,148415644.29488322,Pickaway County,1311965300.677412,0.11312467198503741,8.17147968176024
2067,39131,95898586.74658427,Pike County,1149892076.1316507,0.08339790206155388,7.981812207042945
2068,39133,117967748.67317048,Portage County,1305560728.2321355,0.09035791757684916,8.071763291312031
2069,39135,73026320.98438177,Preble County,1104803908.4687932,0.06609889811631174,7.863479421742446
2070,39137,105427502.24730352,Putnam County,1254328560.0845976,0.08405094614141051,8.022953917486136
2071,39139,85209091.67706136,Richland County,1295191800.921034,0.06578878249265294,7.9304859357873365
2072,39141,171532217.25713342,Ross County,1794925601.674458,0.09556508475733685,8.234345701424715
2073,39143,148891827.39757478,Sandusky County,1081864573.8249881,0.1376251991237314,8.172870860189315
2074,39145,143625301.07600582,Scioto County,1596365785.851064,0.08997016996291701,8.157230952094567
2075,39147,70984180.14416574,Seneca County,1431728585.1114123,0.04957935525094094,7.851161570674079
2076,39149,81352528.08155784,Shelby County,1063725270.629781,0.07647889011172301,7.9103710534651945
2077,39151,84078417.01766947,Stark County,1502693967.9320605,0.055951789793482955,7.924684526443967
2078,39153,66727734.08950472,Summit County,1087833274.644668,0.0613400377105589,7.824306377530249
2079,39155,161262337.65018266,Trumbull County,1647330372.8981898,0.09789313686147229,8.207532951021134
2080,39157,134750296.34249938,Tuscarawas County,1480347427.1008618,0.09102612932316619,8.12952972896234
2081,39159,74907278.02069587,Union County,1131547141.4099333,0.06619899010779144,7.874524015978561
2082,39161,35083158.52388999,Van Wert County,1062980786.3667028,0.03300450861751244,7.545098685839403
2083,39163,39465.707762569175,Vinton County,1074789950.0982027,3.6719461099318265e-05,4.596219906682972
2084,39165,89024827.38628677,Warren County,1055371075.1327273,0.08435405279142284,7.94951114028146
2085,39167,96833166.45978568,Washington County,1657958250.542958,0.058405069264002386,7.9860241335878674
2086,39169,126034327.26622066,Wayne County,1442528896.1510823,0.08737040041450965,8.10048884759633
2087,39171,15799.743579345746,Williams County,1095803693.8802235,1.4418406935095377e-05,4.19865006615206
2088,39173,73581248.8706518,Wood County,1607161503.899618,0.04578335698815222,7.8667671547028295
2089,39175,17967.494720926577,Wyandot County,1055595767.3027388,1.7021188676075474e-05,4.254487550098804
2090,40001,90667010.26804596,Adair County,1495210515.0650673,0.06063829096607202,7.957449295171167
2091,40003,10042.999928240222,Alfalfa County,2282939425.317063,4.3991530466672e-06,4.0018635028328795
2092,40005,377901.72776735,Atoka County,2563681917.6662436,0.00014740585607100562,5.577378878665899
2093,40007,0.0,Beaver County,4707754578.771945,0.0,-3.0
2094,40009,3356984.397078216,Beckham County,2340850631.1692715,0.0014340874006990264,6.525949322825527
2095,40011,119901.22104172417,Blaine County,2431628260.318169,4.930902597177233e-05,5.078823609481441
2096,40013,502911122.1071064,Bryan County,2444059232.6077256,0.20576879455188893,8.701491240347046
2097,40015,378653091.54405004,Caddo County,3341465565.5304976,0.11331946540168351,8.578241507008974
2098,40017,457135466.1727043,Canadian County,2345259617.4276175,0.19491891762248065,8.66004491668644
2099,40019,278481783.9995024,Carter County,2159483934.586378,0.12895756228575142,8.444796792447635
2100,40021,216232168.00917906,Cherokee County,2009890315.2205133,0.10758406385248706,8.3349203027075
2101,40023,532435012.287031,Choctaw County,2070757807.441692,0.2571208522665552,8.726266606426092
2102,40025,0.0,Cimarron County,4768056223.160084,0.0,-3.0
2103,40027,239205847.0488997,Cleveland County,1444974438.654929,0.16554330696089492,8.378771791162825
2104,40029,229980836.42941836,Coal County,1350510551.1154387,0.1702917731664283,8.361691649151235
2105,40031,349819412.88434565,Comanche County,2807192967.572726,0.12461537803965837,8.543843906557886
2106,40033,3558972.681070023,Cotton County,1662509447.3049145,0.002140723282408684,6.551324654463026
2107,40035,254928906.43636912,Craig County,1975292428.3518317,0.12905881821714862,8.406419082995628
2108,40037,354496835.8152337,Creek County,2511032211.2018285,0.14117574208479178,8.549612363091208
2109,40039,256088079.02500042,Custer County,2595251645.2994742,0.09867562534401153,8.408389362405464
2110,40041,276615287.9395394,Delaware County,2051262381.111572,0.13485124598718692,8.44187617897191
2111,40043,15682.827811984223,Dewey County,2611693025.000924,6.004851129844662e-06,4.1954244018834235
2112,40045,116934.9149283069,Ellis County,3190462449.2586384,3.665139984815644e-05,5.0679442077475425
2113,40047,300598952.22421837,Garfield County,2745597306.3157477,0.1094839915280894,8.477987462466462
2114,40049,421587094.89000374,Garvin County,2107566473.546991,0.200035016774812,8.624887308315957
2115,40051,403924886.50056154,Grady County,2861761127.4586515,0.14114556334730202,8.606300611618474
2116,40053,78853.67051893641,Grant County,2598947171.011288,3.0340620770776692e-05,4.896821919393423
2117,40055,140507522.58587432,Greer County,1666888840.3616164,0.08429327690225132,8.147699576415558
2118,40057,201070041.82445744,Harmon County,1395292470.6903026,0.14410601794832353,8.303347368264083
2119,40059,1303.1997771390236,Harper County,2695179235.48519,4.835299114733718e-07,3.115011330283793
2120,40061,316074024.1215418,Haskell County,1619959178.293502,0.19511233885195836,8.49978880572952
2121,40063,241720111.75995162,Hughes County,2110037401.7713346,0.11455726403571442,8.383312786375498
2122,40065,433069076.91927564,Jackson County,2082975001.9053004,0.20790891706484557,8.636557174257787
2123,40067,4948374.567849289,Jefferson County,2005103790.0268004,0.0024678894890439304,6.69446256626577
2124,40069,213005162.09074596,Johnston County,1705137685.4849184,0.12491962608296359,8.328390128512892
2125,40071,609485648.7482194,Kay County,2447324161.325973,0.24904165062383762,8.784963483961947
2126,40073,344034870.9503691,Kingfisher County,2346618237.881018,0.14660879447567512,8.536602464357085
2127,40075,211267397.78018424,Kiowa County,2669336759.803691,0.07914602644430721,8.324832483061968
2128,40077,53478.737330111755,Latimer County,1888486995.0024743,2.8318297913426556e-05,4.7281811528395
2129,40079,736328656.8261191,Le Flore County,4166308410.3971844,0.17673407349983555,8.867071702907372
2130,40081,263940634.0223222,Lincoln County,2501352425.715975,0.10551917087284217,8.421506255599498
2131,40083,240848143.9868526,Logan County,1939471845.2149677,0.12418233581532472,8.381743303924525
2132,40085,304900007.92912287,Love County,1378531528.1570184,0.2211773918125389,8.484157435660915
2133,40087,328971071.2597004,McClain County,1502862784.143392,0.21889627897546796,8.51715770906173
2134,40089,1011998797.6794909,McCurtain County,4927439560.862196,0.20538025584679376,9.005179996534375
2135,40091,357689697.1860119,McIntosh County,1844226941.8550494,0.1939510203805087,8.553506431009275
2136,40093,8687.87998497397,Major County,2481089684.755074,3.501638831661828e-06,3.93891386289819
2137,40095,1382471.0870503425,Marshall County,1105874038.3085148,0.0012501162330973024,6.140656057566976
2138,40097,306678412.40362775,Mayes County,1770360498.9795802,0.1732293578513497,8.486683206359029
2139,40099,90977077.9435088,Murray County,1101116511.9134347,0.08262257168899947,7.958931983791417
2140,40101,423952609.74578756,Muskogee County,2175626125.042403,0.19486464372987095,8.627317313017889
2141,40103,291312326.5133994,Noble County,1923227003.3760748,0.15147058875630562,8.464358861640791
2142,40105,242241866.60889,Nowata County,1504364403.1264288,0.16102605599112388,8.38424920431623
2143,40107,315077.0572062744,Okfuskee County,1628449360.9461312,0.00019348287073735852,5.498416781919958
2144,40109,256509562.43244427,Oklahoma County,1860756662.0942469,0.1378522875440078,8.409103559836408
2145,40111,319725697.6740486,Okmulgee County,1819330847.8808408,0.17573807317479698,8.504777543716033
2146,40113,655183386.0695922,Osage County,5967409259.571319,0.10979360683511402,8.81636287619231
2147,40115,295728356.1167671,Ottawa County,1255124711.6995935,0.23561671072216758,8.470892969149196
2148,40117,837912.1194174573,Pawnee County,1540877534.3541675,0.000543788912964231,5.923198472545443
2149,40119,237567309.47399372,Payne County,1805877790.38945,0.13155226269367912,8.375786679190515
2150,40121,600420213.4822063,Pittsburg County,3568705132.62701,0.16824595789459987,8.778455304584634
2151,40123,218878320.08720902,Pontotoc County,1878431075.4906764,0.11652187985126602,8.340202746801623
2152,40125,349714184.7256439,Pottawatomie County,2055221417.9339924,0.17015888491333134,8.543713248047228
2153,40127,71539.88028416585,Pushmataha County,3684421638.4135413,1.9416854883897025e-05,4.854548215129774
2154,40129,228970071.03858984,Roger Mills County,2969213529.418011,0.07711472036956188,8.359778718882206
2155,40131,473883048.30107397,Rogers County,1843122680.9228263,0.2571087932485358,8.675671173437651
2156,40133,222203502.89593792,Seminole County,1658954631.13004,0.13394188046274552,8.34675090103518
2157,40135,375157107.5687021,Sequoyah County,1849626941.9753258,0.2028285266909281,8.574213178825797
2158,40137,277237916.0717687,Stephens County,2308664189.887189,0.1200858562653565,8.442852625705648
2159,40139,129592213.80694768,Texas County,5306092705.222723,0.024423284892740683,8.112578908927897
2160,40141,4938106.17437657,Tillman County,2277122118.892649,0.0021685732765083063,6.693560423563598
2161,40143,289849630.08743006,Tulsa County,1519842595.8328998,0.19071029518592186,8.462172750452327
2162,40145,465107742.72592324,Wagoner County,1530171506.3996775,0.30395791633858726,8.667553569345076
2163,40147,280176227.27980036,Washington County,1099072684.508516,0.25492056278797404,8.447431282988433
2164,40149,89220893.89459395,Washita County,2612568639.145056,0.03415064108087543,7.95046657008223
2165,40151,32074.376072914645,Woods County,3341053329.084141,9.600079051029983e-06,4.506158230552099
2166,40153,297558910.96576184,Woodward County,3228495028.719947,0.09216644545484705,8.473572960568703
2167,41001,868020.6120382972,Baker County,7997830001.455251,0.0001085320157943287,5.938530038566461
2168,41003,239776526.05361086,Benton County,1756437271.2776794,0.13651300275539643,8.379806663733818
2169,41005,93728796.80545807,Clackamas County,4876983022.441033,0.0192186022330143,7.971873042037791
2170,41007,139609351.1056425,Clatsop County,2806501649.2500315,0.04974497383350894,8.144914508530718
2171,41009,228953517.14795706,Columbia County,1784465224.8812575,0.12830371472394042,8.359747319480451
2172,41011,304201026.0592874,Coos County,4678441892.421568,0.06502186690659795,8.483160674580784
2173,41013,95825492.28748158,Crook County,7736396395.145499,0.01238632140767903,7.981481059052107
2174,41015,166585454.04270172,Curry County,5152105145.445483,0.03233347327741653,8.221637076876585
2175,41017,47271500.51080445,Deschutes County,7910301351.034356,0.005975941802093696,7.674599388079387
2176,41019,283165109.80303085,Douglas County,13294301223.244408,0.021299736259016842,8.452039740708909
2177,41021,603034.2695154145,Gilliam County,3167128816.152338,0.00019040408664148528,5.780341993852942
2178,41023,12114931.76676243,Grant County,11728820941.649384,0.0010329198328658897,7.083320972500127
2179,41025,997577766.2884785,Harney County,26489644063.695423,0.0376591608362031,8.998946761154732
2180,41027,40181.071150640666,Hood River County,1381521715.0500038,2.9084646815838376e-05,4.60402152083669
2181,41029,95999717.8436551,Jackson County,7255365201.167428,0.013231548679066936,7.982269956594887
2182,41031,870.2411943846358,Jefferson County,4640783629.62117,1.8752031205033236e-07,2.9396401365804183
2183,41033,92051625.61126043,Josephine County,4249713032.634702,0.021660668592060443,7.964031462456552
2184,41035,1275128205.3346658,Klamath County,15895327496.572552,0.08022031666913543,9.105553852276385
2185,41037,427966.19017334434,Lake County,21647392552.647717,1.9769872474595066e-05,5.631409461614083
2186,41039,576158211.6141943,Lane County,12231104188.859459,0.04710598509486825,8.760541755986981
2187,41041,153447695.0796992,Lincoln County,3093878696.80374,0.049597191783318686,8.185960369331859
2188,41043,453296662.6472432,Linn County,5979944434.437236,0.07580282185178905,8.656382521620374
2189,41045,177354.04572699507,Malheur County,25718051580.797874,6.896091843108935e-06,5.248841102315451
2190,41047,220824753.29193172,Marion County,3084829500.133001,0.07158410320000214,8.344047753912166
2191,41049,108127413.78656702,Morrow County,5303419273.395695,0.020388245434220544,8.03393581557502
2192,41051,148815375.55780926,Multnomah County,1204366582.7291746,0.12356318889269058,8.172647804700286
2193,41053,162460313.42852294,Polk County,1927315551.8173206,0.0842935726198725,8.210747286769685
2194,41055,43990156.86679702,Sherman County,2152769327.134828,0.02043421759698916,7.643355510662864
2195,41057,175439483.81503552,Tillamook County,3450922291.010837,0.05083843361875476,8.244127340875478
2196,41059,77945819.72941417,Umatilla County,8369596419.554726,0.009312972313372428,7.891792828739802
2197,41061,0.0,Union County,5280588573.2175455,0.0,-3.0
2198,41063,0.0,Wallowa County,8162028406.56403,0.0,-3.0
2199,41065,485389.7308890309,Wasco County,6202813147.12377,7.825316019943386e-05,5.686090584869627
2200,41067,166592523.08353937,Washington County,1881973934.2450535,0.08852010118321182,8.22165550573827
2201,41069,0.0,Wheeler County,4445716545.012224,0.0,-3.0
2202,41071,171087517.2410224,Yamhill County,1860652573.1792264,0.09195027578345358,8.233218324031618
2203,42001,91664531.6890998,Adams County,1351252413.9234736,0.06783672002697426,7.96220132399053
2204,42003,97914730.96216775,Allegheny County,1927615895.1137888,0.0507957686022234,7.990848034956817
2205,42005,78307763.87793356,Armstrong County,1719680430.227352,0.04553623016317097,7.893804822627844
2206,42007,66476712.861795194,Beaver County,1150017129.9543397,0.057804976230601525,7.8226695363349545
2207,42009,128286127.65180987,Bedford County,2633036934.3509693,0.04872173495865973,8.10817969605095
2208,42011,123921431.96701129,Berks County,2242297412.8794193,0.05526538596317563,8.093146423248667
2209,42013,60968653.99039483,Blair County,1363211166.443113,0.04472429179807416,7.785106607182614
2210,42015,191777556.76244542,Bradford County,3007020284.069603,0.06377660895020633,8.282797781436829
2211,42017,152496053.4021034,Bucks County,1610802932.47285,0.0946708317497266,8.183258604289799
2212,42019,89921851.33738004,Butler County,2060754753.0870802,0.04363539678978009,7.953865239703697
2213,42021,77923343.1162712,Cambria County,1795461432.774225,0.04340017651945291,7.891667576650817
2214,42023,41591842.97768354,Cameron County,1031893302.7718209,0.040306340651656114,7.619008164840507
2215,42025,47111417.002632126,Carbon County,1003625334.0449022,0.04694123932958069,7.67312616701903
2216,42027,112464954.45017508,Centre County,2879083667.519194,0.0390627600437476,8.051017211695267
2217,42029,143819930.2816605,Chester County,1966318030.3580687,0.07314174414373383,8.1578190738912
2218,42031,61021301.35568258,Clarion County,1579487859.6113892,0.0386335994824905,7.785481465286062
2219,42033,150442846.05237836,Clearfield County,2989817408.329118,0.050318405944547125,8.177371540740696
2220,42035,117538820.69030195,Clinton County,2327312560.9878354,0.0505040975847319,8.070181328969587
2221,42037,79556427.65551761,Columbia County,1270210664.836253,0.0626324670843269,7.900675273649307
2222,42039,294121706.8499583,Crawford County,2687378112.3282733,0.1094455988536496,8.468527077610466
2223,42041,71944519.44049537,Cumberland County,1425458637.931338,0.05047113786823242,7.856997716035348
2224,42043,164855086.4508652,Dauphin County,1445455017.9828727,0.11405065145570555,8.21710235144216
2225,42045,47388806.59743438,Delaware County,493651849.56468403,0.09599641253086189,7.6756757719144115
2226,42047,77054426.52984437,Elk County,2154456375.071889,0.03576513658916545,7.886797592602787
2227,42049,178233164.85085222,Erie County,4035415613.2267337,0.04416723875148421,8.250988518847976
2228,42051,64407119.80797042,Fayette County,2068691058.9779704,0.031134238014153034,7.8089338785839715
2229,42053,50218526.08689552,Forest County,1114965322.2631295,0.04504043765680817,7.700863962035061
2230,42055,103712147.38184285,Franklin County,2001747070.8454738,0.05181081510864315,8.015829626518016
2231,42057,46018530.752580605,Fulton County,1134558352.2284226,0.040560743889632586,7.66293274871336
2232,42059,50771214.14949365,Greene County,1496954934.2252173,0.03391632773218482,7.705617549312712
2233,42061,143280280.93302715,Huntingdon County,2303034374.834703,0.06221369619952411,8.156186424376278
2234,42063,109080313.38996825,Indiana County,2161025003.0371346,0.050476192194289865,8.037746377012283
2235,42065,69932838.02917829,Jefferson County,1701106034.1224227,0.04111021689794645,7.844681153234318
2236,42067,64933852.141347915,Juniata County,1019200633.6663821,0.06371056884821649,7.812471167766344
2237,42069,49546878.4208771,Lackawanna County,1204417684.6682901,0.041137621152185964,7.695016298037067
2238,42071,221152658.23828238,Lancaster County,2548120463.587458,0.08679050358825072,8.344692163925897
2239,42073,61545853.96457243,Lawrence County,937015368.6218497,0.06568286500475792,7.789198802019228
2240,42075,53560366.62196519,Lebanon County,938871016.6759627,0.05704763026085696,7.7288435411141645
2241,42077,49444837.77542442,Lehigh County,901865538.0069213,0.05482506614533148,7.69412095635298
2242,42079,159590538.88107258,Luzerne County,2346601168.4441295,0.06800923012702927,8.20300714119327
2243,42081,166715592.43330655,Lycoming County,3221804857.1711717,0.05174602430132506,8.221976220052959
2244,42083,116510438.66662219,McKean County,2550430793.2782316,0.04568265054424938,8.066364837401993
2245,42085,131260257.0045901,Mercer County,1767830552.6971295,0.07424934296125271,8.118133250263737
2246,42087,51212675.043927476,Mifflin County,1074088961.9612782,0.047680105519763955,7.70937746138231
2247,42089,124631421.09313264,Monroe County,1598311676.2192328,0.07797691961304144,8.095627547038163
2248,42091,86026407.14212318,Montgomery County,1261800033.08108,0.06817752804464806,7.934631785152259
2249,42093,29617931.73378925,Montour County,342730875.29828674,0.0864174600785881,7.471554727799977
2250,42095,48722193.62569507,Northampton County,976804006.0136483,0.049879191041129194,7.6877268333711735
2251,42097,128604927.38782227,Northumberland County,1236019238.5381613,0.1040476744843577,8.109257608532062
2252,42099,63702797.285631135,Perry County,1438838887.7076104,0.04427375283630527,7.804158503284722
2253,42101,46197910.905046865,Philadelphia County,368870280.3098763,0.12524161845252876,7.6646223369741
2254,42103,93021940.80243862,Pike County,1468053586.8162081,0.06336413168961824,7.968585396360521
2255,42105,96569403.47782172,Potter County,2800981906.505387,0.034476982251665254,7.984839548722702
2256,42107,95885743.9951309,Schuylkill County,2027330319.2439513,0.04729655699663654,7.981754042373544
2257,42109,40947444.92599744,Snyder County,858706036.8045884,0.04768505538678967,7.612226807470657
2258,42111,130826482.38429528,Somerset County,2801460733.8552723,0.046699381077619624,8.116695664398566
2259,42113,40443205.44809,Sullivan County,1171954933.3286998,0.034509181452241765,7.606845569611408
2260,42115,99861742.13337801,Susquehanna County,2155229229.3826723,0.04633462685636537,7.999399138253714
2261,42117,119285927.76112853,Tioga County,2945045688.6413026,0.04050393113465113,8.076589212691884
2262,42119,44364454.98159445,Union County,822934880.7019231,0.0539100432147848,7.647035150579277
2263,42121,81031495.46988137,Venango County,1768487381.8211627,0.045819662782346976,7.908653854071354
2264,42123,144654084.53534323,Warren County,2327648406.934223,0.0621460200365351,8.160330701147156
2265,42125,79111979.57182278,Washington County,2229590448.4557776,0.03548274062019597,7.898242251746029
2266,42127,122339564.50310525,Wayne County,1944519828.5947578,0.0629150511627933,8.087566930193166
2267,42129,133086207.21855405,Westmoreland County,2683052086.948956,0.04960254326254754,8.124133048421111
2268,42131,68100401.08501057,Wyoming County,1048913924.7616457,0.06492468016428102,7.833149669753141
2269,42133,121018432.4608541,York County,2358765444.290085,0.051305835751412274,8.082851523265258
2270,44001,30016811.531669226,Bristol County,115859913.76593675,0.25907849018695095,7.477364558416579
2271,44003,46289965.700378455,Kent County,487274884.8579935,0.09499764329915904,7.6654868589917635
2272,44005,83340563.30524203,Newport County,812299380.982882,0.1025983341319305,7.920856431566013
2273,44007,104895808.08130339,Providence County,1128422719.370084,0.0929579015742071,8.020758132968579
2274,44009,184977943.4722863,Washington County,1457597807.6047952,0.12690602476704615,8.267119946787261
2275,45001,116634712.73436423,Abbeville County,1325405208.7739959,0.08799928652932616,8.066827824057738
2276,45003,223852930.78149983,Aiken County,2797594742.590483,0.08001621084482707,8.349962784733917
2277,45005,148971529.01706374,Allendale County,1068155090.6292028,0.13946619767482568,8.173103275312714
2278,45007,194319523.54676497,Anderson County,1957421311.4059992,0.09927322361029517,8.288516436951303
2279,45009,120978309.40751077,Bamberg County,1024501393.4486386,0.11808506087071105,8.082707511236922
2280,45011,111441594.53626038,Barnwell County,1443303100.3445392,0.0772128837731018,8.04704731746633
2281,45013,1306673685.611152,Beaufort County,2391934553.901712,0.546283209747404,9.116167145168989
2282,45015,918957578.3289349,Berkeley County,3197355539.017309,0.28741175859703477,8.963295463592361
2283,45017,104621856.33069994,Calhoun County,1016530139.9720988,0.10292056498548242,8.019622421555129
2284,45019,1562600645.8003292,Charleston County,3540345133.9926767,0.4413695802697301,9.193847999461523
2285,45021,78415796.50770092,Cherokee County,1029573584.787989,0.07616337255180104,7.8944035581630585
2286,45023,104125847.01735616,Chester County,1518947331.038725,0.06855132162229101,8.017558547225427
2287,45025,192282147.62894464,Chesterfield County,2086629330.869439,0.09214964286389388,8.283938964187966
2288,45027,451003968.2475456,Clarendon County,1801754346.8728082,0.2503137950133573,8.654180363121561
2289,45029,865278488.7633703,Colleton County,2933204628.620978,0.29499424633397425,8.937155907081427
2290,45031,217209720.62586915,Darlington County,1466585676.334263,0.14810571528885086,8.336879257013242
2291,45033,243639190.1144378,Dillon County,1053659236.7495153,0.23123148511092845,8.386747147187203
2292,45035,431906735.6309446,Dorchester County,1478907132.673761,0.2920445280766801,8.635389976969416
2293,45037,50867055.041870184,Edgefield County,1313083718.1533954,0.038738622936704374,7.706436594803488
2294,45039,153742632.3403549,Fairfield County,1838570740.922362,0.08362073262583647,8.186794312674044
2295,45041,386458016.6023166,Florence County,2083066438.7301128,0.1855236152899236,8.587102320640199
2296,45043,876296798.7021527,Georgetown County,2657861017.4599776,0.32970000799349475,8.942651225126859
2297,45045,132605743.28212082,Greenville County,2060531658.6453538,0.06435511084032518,8.122562334190564
2298,45047,80226477.57297523,Greenwood County,1201269184.1135662,0.06678476284412099,7.904317724475111
2299,45049,288832701.8613237,Hampton County,1457400465.6537478,0.19818348399646057,8.460646362839189
2300,45051,780565502.4343216,Horry County,3249724651.459699,0.2401943506455878,8.892409353461954
2301,45053,729894418.6066396,Jasper County,1816954767.4298027,0.40171303749026255,8.86326004267888
2302,45055,278525268.03323144,Kershaw County,1917265245.63751,0.14527216235050408,8.444864600838457
2303,45057,96126282.86598133,Lancaster County,1438054324.5286307,0.06684468119623356,7.982842148786947
2304,45059,120801131.85674796,Laurens County,1872388454.9770427,0.06451713133332106,8.082071003467822
2305,45061,142445723.19742858,Lee County,1065087391.3368223,0.13374087831294368,8.153649414479633
2306,45063,254927602.99521303,Lexington County,1960861947.086613,0.13000793012173878,8.406416862459883
2307,45065,155483075.64368472,McCormick County,1019498403.388572,0.1525093861127155,8.191683122918217
2308,45067,542000311.4422897,Marion County,1279885487.0210435,0.423475628826611,8.733999536092009
2309,45069,257432873.63019633,Marlboro County,1257356292.0308602,0.2047413889458454,8.410664004592567
2310,45071,191415266.89050126,Newberry County,1676647207.133942,0.11416550009808338,8.281976573264844
2311,45073,152850718.7041986,Oconee County,1744507294.4428782,0.08761827433516846,8.184267485122742
2312,45075,436296006.81996965,Orangeburg County,2921207100.2831116,0.14935469887694222,8.639781238144844
2313,45077,73628207.00726442,Pickens County,1328028088.538632,0.055441754314312156,7.8670442246801775
2314,45079,464578987.4471607,Richland County,1999381470.1260111,0.23236135494337687,8.667059563101573
2315,45081,88672785.48409282,Saluda County,1196796963.9528155,0.07409175336743985,7.947790351205287
2316,45083,105921704.37843654,Spartanburg County,2123203797.9584765,0.04988767657644706,8.02498496035685
2317,45085,390732153.6525917,Sumter County,1766591772.220326,0.22117852001625893,8.591879151126887
2318,45087,102245475.2591744,Union County,1334717524.8860316,0.07660457988509958,8.009644097970153
2319,45089,501258424.8815782,Williamsburg County,2426939271.7972484,0.20653933565893295,8.700061685078145
2320,45091,146891017.25312224,York County,1801759716.0409534,0.08152641883674097,8.166995238429825
2321,46003,245597.68253824653,Aurora County,1846104303.6539195,0.0001330356481224517,5.390224266250476
2322,46005,474653368.5338759,Beadle County,3275846188.3518286,0.14489488860058095,8.676376567335057
2323,46009,4638258.008462734,Bon Homme County,1506385832.4580383,0.0030790637488234186,6.666354903200062
2324,46011,390309083.9393163,Brookings County,2084775551.099251,0.18721875538760796,8.591408659042571
2325,46013,616479676.5375652,Brown County,4483142929.825972,0.13751060052896774,8.78991876379851
2326,46015,10692.298996703006,Brule County,2192365343.204876,4.87706076445846e-06,4.029071135371157
2327,46019,387459586.873841,Butte County,5870249763.596579,0.06600393551848681,8.58822641106803
2328,46021,585.460924124038,Campbell County,1996458169.3087664,2.932497826021279e-07,2.76749865571832
2329,46023,200168729.54233366,Charles Mix County,2979098051.744253,0.0671910511388289,8.301396232746175
2330,46025,16748912.09907093,Clark County,2505809276.1176004,0.0066840330821270715,7.223986603356149
2331,46027,186119296.24220064,Clay County,1081110375.0147817,0.17215568414062798,8.269791401704168
2332,46029,215901989.1630581,Codington County,1857445910.9308038,0.11623594953290739,8.33425664362647
2333,46031,47233218.64758635,Corson County,6551766308.059849,0.007209234338758544,7.674247541039162
2334,46033,205398000.7677729,Custer County,4037955032.066863,0.05086683708377954,8.312596212098088
2335,46035,73210189.50334567,Davison County,1131689511.188346,0.06469105596505027,7.864571531024788
2336,46037,300465137.237886,Day County,2825917075.994198,0.10632482452875164,8.47779408837495
2337,46039,21738786.738746338,Deuel County,1648821159.7530956,0.013184441872399087,7.3372353020806935
2338,46041,125091862.51964203,Dewey County,6333218145.24976,0.019751705949599633,8.097229058875449
2339,46043,1062.6643878587493,Douglas County,1123191880.0341287,9.461111736549055e-07,3.0263965353762226
2340,46045,47670.261041881466,Edmunds County,2981245729.5094333,1.5990047573074645e-05,4.678247539236259
2341,46047,139935827.2742382,Fall River County,4530313838.847165,0.03088877112095348,8.1459289196093
2342,46049,20.04558934562961,Faulk County,2605248631.0405393,7.694309520709115e-09,1.3020404939451777
2343,46051,240720349.8051693,Grant County,1780702963.9521453,0.1351827647160801,8.38151280583363
2344,46053,14527135.674689295,Gregory County,2728608547.4954896,0.005324008710602087,7.162179992627639
2345,46055,6920513.690895433,Haakon County,4731733219.629523,0.0014625747838415291,6.84013833221334
2346,46057,161589243.82180917,Hamlin County,1393598675.3321395,0.11595106014527264,8.208412448617585
2347,46059,18.22989150137983,Hand County,3730147628.8636284,4.8871769471851916e-09,1.2608079064313444
2348,46061,143509217.4212625,Hanson County,1127566059.4954937,0.12727344550036632,8.156879796171523
2349,46063,709.2349948369808,Harding County,6936288134.225093,1.0224993268913778e-07,2.850790768613014
2350,46065,175620284.74084508,Hughes County,2073869572.342531,0.08468241546283642,8.244574676961108
2351,46067,112675470.25142428,Hutchinson County,2109338920.838761,0.05341743289249118,8.051829379280019
2352,46069,8127.814973073924,Hyde County,2243561165.59392,3.622729390095461e-06,3.909973861920246
2353,46071,1.1970978732623303,Jackson County,4846539897.220108,2.4700051967981634e-10,0.07849229725324833
2354,46073,17639.32654124347,Jerauld County,1379405294.027634,1.2787631465252371e-05,4.246482024634012
2355,46075,1542.639647027086,Jones County,2514575168.0329466,6.13479233644796e-07,3.188264770399382
2356,46077,169725603.141236,Kingsbury County,2237138744.2860084,0.07586726731846245,8.229747360671688
2357,46079,189035648.99767524,Lake County,1489662955.1431243,0.12689826805789972,8.276543712657256
2358,46081,47013110.901463956,Lawrence County,2072795259.2919028,0.02268102008180216,7.672218989819879
2359,46083,92024017.73184788,Lincoln County,1496361668.1548123,0.061498513153791345,7.963901190470993
2360,46085,198.80595304490447,Lyman County,4420799560.186835,4.497058741032411e-08,2.2984315692777386
2361,46087,34462360.54244461,McCook County,1494080651.012009,0.0230659305567619,7.537345021686626
2362,46089,25820.003182215783,McPherson County,2982463263.2168026,8.657274508845766e-06,4.411956308275602
2363,46091,49697418.69796479,Marshall County,2295310649.6437535,0.021651717908283193,7.696333831914239
2364,46093,23924095.768485203,Meade County,9020420520.271345,0.0026522151284101704,7.378835532248501
2365,46097,16126405.683702195,Miner County,1481272057.9366646,0.01088686281314551,7.2075375809508335
2366,46099,195009204.96969146,Minnehaha County,2107890225.2338176,0.0925139282089797,8.290055111740084
2367,46101,175504879.17101598,Moody County,1348876259.546817,0.13011191940614367,8.244289194693739
2368,46102,238792.9013806678,Oglala Lakota County,5429529227.793093,4.398040628611341e-05,5.378021414154484
2369,46103,231025110.87176943,Pennington County,7211715843.183139,0.032034694086033,8.363659187341408
2370,46105,13337.735474922822,Perkins County,7484997716.730369,1.7819291307344678e-06,4.125082132439549
2371,46107,40260.71160893073,Potter County,2327508917.9423614,1.729776900039691e-05,4.6048814575716985
2372,46109,206596730.72734618,Roberts County,2941650642.202462,0.0702315658302183,8.315123444783442
2373,46111,234062226.55983064,Sanborn County,1477461502.1517475,0.15842187848478403,8.3693313320228
2374,46115,763036052.6713758,Spink County,3910209321.504299,0.1951394388210981,8.882545058409356
2375,46117,103969348.3269757,Stanley County,3929456129.62237,0.026458966558552063,8.016905321855589
2376,46119,60613.29464635522,Sully County,2771786863.706126,2.1867949314583966e-05,4.782567897970002
2377,46125,179813208.86374864,Turner County,1599824846.9480193,0.11239555955564619,8.254821591325841
2378,46127,318726507.1845789,Union County,1209857390.1588883,0.26344138555265684,8.503418183479113
2379,46129,0.0,Walworth County,1928589600.1562533,0.0,-3.0
2380,46135,249579909.34435618,Yankton County,1378550224.526723,0.18104520597357324,8.397209622630488
2381,46137,81324819.60535473,Ziebach County,5103820966.103105,0.015934105084302805,7.910223108608652
2382,47001,39216954.02689649,Anderson County,893017668.6904982,0.043915093062384065,7.59347385908577
2383,47003,65222582.58978413,Bedford County,1229700595.3137038,0.053039400678785126,7.814397991383775
2384,47005,195819600.8576141,Benton County,1129831951.7425182,0.17331745712767752,8.291856161004834
2385,47007,27495047.814702332,Bledsoe County,1053832218.2070192,0.0260905363678121,7.439254479285315
2386,47009,77788114.36886379,Blount County,1467608702.7737334,0.05300330682275647,7.890913244060186
2387,47011,63228623.833417885,Bradley County,858448322.2830517,0.07365454878548862,7.800913729533882
2388,47013,77704777.30915028,Campbell County,1290110644.0821366,0.06023109542238852,7.89044772016072
2389,47015,23082799.497866526,Cannon County,688148570.8011312,0.0335433371183114,7.363288479231522
2390,47017,174068309.06674916,Carroll County,1554234732.8530066,0.11199615179569652,8.240719710521162
2391,47019,34566308.68676229,Carter County,900525171.7239293,0.038384611304745575,7.538653004010714
2392,47021,83334856.29005599,Cheatham County,795288185.4586127,0.10478573404431996,7.920826690825471
2393,47023,62448781.42013087,Chester County,740629090.9179299,0.08431856402336606,7.7955239682947495
2394,47025,48602603.84023438,Claiborne County,1143671920.8719952,0.04249698095514771,7.686659536825824
2395,47027,76429452.0393623,Clay County,671697523.4737986,0.11378552007173454,7.8832607459293405
2396,47029,64659571.95934846,Cocke County,1147517327.6529737,0.05634735999289632,7.810632825300684
2397,47031,54777507.71154435,Coffee County,1125489916.0536783,0.04866992314210288,7.738602268675293
2398,47033,137555682.98109433,Crockett County,688260678.9132652,0.19985986007262393,8.138478537559438
2399,47035,13069237.230256971,Cumberland County,1773673705.1239967,0.007368456324577077,7.116250241297236
2400,47037,174347065.1019767,Davidson County,1360453483.8025255,0.12815363933992746,8.24141464101334
2401,47039,130149494.26233543,Decatur County,893242788.4238186,0.1457045004438179,8.114442484861163
2402,47041,100327457.31148121,DeKalb County,852114719.0108131,0.11773937836439143,8.00141980567656
2403,47043,39824362.21115008,Dickson County,1272513317.9824126,0.03129583136645843,7.60014882929522
2404,47045,745104455.6219119,Dyer County,1362822071.4713943,0.5467364164548987,8.872217160427056
2405,47047,261560882.2553376,Fayette County,1827366552.4241362,0.14313542179501854,8.41757279358755
2406,47049,17504087.177971296,Fentress County,1292226767.1196277,0.013545677603465752,7.243139467659043
2407,47051,107564911.75032496,Franklin County,1491187444.7313879,0.07213372948543097,8.031670625252575
2408,47053,543280756.5892849,Gibson County,1563447915.312241,0.34748887460109895,8.735024322271597
2409,47055,146815825.0107898,Giles County,1582947555.1556435,0.0927483823027568,8.1667728699185
2410,47057,72339995.44111475,Grainger County,783316179.6196615,0.09235095268457161,7.859378477062255
2411,47059,86801716.70656282,Greene County,1616509517.5188553,0.05369700318238327,7.938528314453554
2412,47061,26766942.192564473,Grundy County,935301267.5392711,0.028618524449332675,7.42759876101464
2413,47063,57592401.756206274,Hamblen County,455328522.82333374,0.1264853811465529,7.760365190149143
2414,47065,175266196.12248582,Hamilton County,1490982049.270364,0.11755084255256805,8.243698161086924
2415,47067,27817011.559003532,Hancock County,578804796.0226918,0.0480594005961087,7.444310470993427
2416,47069,249063520.43150434,Hardeman County,1736278665.421991,0.14344674353927575,8.39631012241793
2417,47071,375220369.5640189,Hardin County,1544390526.4787095,0.24295692257290702,8.574286406864704
2418,47073,66691953.80642491,Hawkins County,1294010015.5709345,0.05153897806347312,7.824073440695816
2419,47075,400401595.752961,Haywood County,1383214075.059302,0.2894718922924455,8.602495799640844
2420,47077,117649284.63873117,Henderson County,1362036105.585759,0.08637750802364727,8.070589290815382
2421,47079,253916410.312135,Henry County,1536902668.2720985,0.16521307142865913,8.404690769712376
2422,47081,95009167.24336539,Hickman County,1586698521.174593,0.05987852511076427,7.977765511515826
2423,47083,42170633.64435857,Houston County,536061615.6484951,0.07866751211676119,7.62501012666379
2424,47085,203604813.65402484,Humphreys County,1441852983.8075252,0.14121052280681365,8.308788041440273
2425,47087,57014395.2098214,Jackson County,827565515.7252262,0.0688941166910001,7.755984521836088
2426,47089,112296525.04826035,Jefferson County,814075451.7434393,0.13794363262983056,8.050366317478904
2427,47091,23307933.839501657,Johnson County,783964023.7253046,0.02973087174172241,7.3675037766763145
2428,47093,100336254.4831851,Knox County,1362017548.4186018,0.07366737278802506,8.001457884939578
2429,47095,287225205.5312032,Lake County,502180993.3225903,0.571955548597786,8.458222548882322
2430,47097,671595299.9403921,Lauderdale County,1302454695.4730473,0.5156381272029358,8.827107648132092
2431,47099,56361033.22559596,Lawrence County,1600577585.6296043,0.03521293421301145,7.750978946121068
2432,47101,28459545.77861379,Lewis County,731639737.5443387,0.038898305160590174,7.454227964371544
2433,47103,95412689.49142544,Lincoln County,1478150372.1231215,0.06454870308924031,7.979606137912206
2434,47105,62755738.08815048,Loudon County,640681392.3028346,0.09795155414547665,7.797653441810796
2435,47107,68103576.5884672,McMinn County,1119337917.1869526,0.060842731710206585,7.833169920316337
2436,47109,135483752.27272198,McNairy County,1459748403.6705728,0.09281308472887848,8.131887216088963
2437,47111,24666336.387866396,Macon County,795745071.2667173,0.030997787204136824,7.392104649925376
2438,47113,219500458.27775308,Madison County,1446831569.3361442,0.1517111341290869,8.341435431310376
2439,47115,128568841.22621205,Marion County,1326958628.4332788,0.09688986413842567,8.109135729686894
2440,47117,69068542.7081249,Marshall County,974244281.975806,0.07089448096944553,7.839280292837444
2441,47119,104834773.50960599,Maury County,1594221204.0494401,0.06575923920928782,8.020505361262703
2442,47121,95202884.19121678,Meigs County,561136094.4273623,0.1696609523726522,7.978650105630174
2443,47123,81107193.19548431,Monroe County,1690192248.0096428,0.04798696319368137,7.909059372423338
2444,47125,125286997.65148495,Montgomery County,1408510581.4904735,0.08894998681437477,8.097906002033385
2445,47127,13064397.399790144,Moore County,337778313.3446133,0.03867743097663403,7.11608938256337
2446,47129,23931168.14883634,Morgan County,1353262801.9614968,0.017684050809753382,7.378963898306118
2447,47131,359784843.3661139,Obion County,1438597346.1445022,0.2500941937160885,8.556042863899266
2448,47133,20861530.827840928,Overton County,1126214366.3964722,0.018523587915674697,7.319346173991038
2449,47135,121343546.84486988,Perry County,1095220853.4476802,0.11079367824570607,8.084016685128194
2450,47137,38007320.56711877,Pickett County,451935998.00806177,0.08409890058468143,7.579867253883622
2451,47139,56117557.02487453,Polk County,1145529667.2382202,0.04898830526159086,7.749098756560252
2452,47141,23204817.34097308,Putnam County,1042638378.0354329,0.022255863422844857,7.365578154195024
2453,47143,94602670.99280074,Rhea County,871480791.3530449,0.10855393708210412,7.975903398362608
2454,47145,123266114.49249199,Roane County,1022985530.2983396,0.12049643992182678,8.090843706676505
2455,47147,48049028.180920005,Robertson County,1234161601.8717449,0.03893252561742988,7.6816846082481085
2456,47149,171832873.6431877,Rutherford County,1616299509.698308,0.10631251980968635,8.235106253072173
2457,47151,43096073.375587195,Scott County,1381071034.708776,0.031204820239152137,7.634437701980533
2458,47153,27293456.326349605,Sequatchie County,689049213.3392096,0.03961031490636563,7.43605853636053
2459,47155,60318525.11814895,Sevier County,1548027843.0600157,0.038964754664177224,7.780450713822494
2460,47157,533100812.7012317,Shelby County,2024247336.6878858,0.2633575467973701,8.726809344599294
2461,47159,90105980.38402838,Smith County,842666556.0302529,0.10692957936827559,7.954753616306756
2462,47161,165260711.96103463,Stewart County,1276897347.1519449,0.12942364735085424,8.218169619414718
2463,47163,71683845.40939172,Sullivan County,1112934310.6999686,0.06440977218530257,7.855421294585418
2464,47165,87525778.50163126,Sumner County,1406907597.3014896,0.06221146198194504,7.942135982309316
2465,47167,365080114.7601524,Tipton County,1212730282.7061393,0.30103982721161765,8.562388178376478
2466,47169,35772967.40198363,Trousdale County,302104306.61272246,0.11841263636086521,7.553554966799496
2467,47171,6054142.946229249,Unicoi County,482728738.446631,0.012541500979848078,6.782052671073799
2468,47173,78351971.57908024,Union County,640083143.4459265,0.12240905323215924,7.894049929146363
2469,47175,16570937.324544316,Van Buren County,711035923.5772893,0.023305344744291336,7.219347074731855
2470,47177,63965743.31587297,Warren County,1124144107.889984,0.056901728939305236,7.80594745099109
2471,47179,27383023.32382292,Washington County,854241312.1999202,0.03205537233185744,7.437481396347309
2472,47181,91529156.5865414,Wayne County,1905357604.2096927,0.04803778376527172,7.961559460493127
2473,47183,251692541.16210508,Weakley County,1506814961.9649289,0.16703613085570307,8.40087034554557
2474,47185,30336321.672155675,White County,982705524.8379829,0.030870205677491408,7.481962920752112
2475,47187,88722062.47198153,Williamson County,1512744081.1287363,0.05864975019818384,7.948031629063372
2476,47189,126278953.34697285,Wilson County,1511383746.5226882,0.08355187994942304,8.101330973623382
2477,48001,501080312.91225034,Anderson County,2792009970.1870275,0.179469385232419,8.699907339958402
2478,48003,60119.9193554754,Andrews County,3887807402.114695,1.5463708238935493e-05,4.779018396578868
2479,48005,591851119.1510613,Angelina County,2239760976.337718,0.2642474466712113,8.772212473171479
2480,48007,781929594.6442637,Aransas County,1367400510.2193286,0.5718365532267087,8.893167650715109
2481,48009,272429480.86339045,Archer County,2397276104.109595,0.11364126159534603,8.435254102814701
2482,48011,0.0,Armstrong County,2366801483.3842516,0.0,-3.0
2483,48013,418492786.3559483,Atascosa County,3163592571.7849593,0.13228403369269093,8.621687976373789
2484,48015,353810100.03160274,Austin County,1700012136.232425,0.20812210247846724,8.548770226328983
2485,48017,15604.418414203594,Bailey County,2143622583.6572645,7.279461661381024e-06,4.193247614725266
2486,48019,164649074.5731312,Bandera County,2065955456.0480714,0.07969633328304446,8.21655929406112
2487,48021,336602835.4968436,Bastrop County,2319509909.162408,0.14511808471574641,8.527117770094588
2488,48023,2216.3160337100435,Baylor County,2333755741.561539,9.496778065673165e-07,3.3456318842796384
2489,48025,300263266.8248914,Bee County,2280055728.146136,0.13169119645554847,8.477502205357167
2490,48027,408667819.8086363,Bell County,2823793922.590878,0.14472296173570512,8.611370440918497
2491,48029,392637596.66617405,Bexar County,3253215183.882703,0.12069216896914954,8.593991882740628
2492,48031,26451.190032539696,Blanco County,1847766975.3745263,1.4315219605642249e-05,4.422445232031474
2493,48033,976.9961284208325,Borden County,2346663739.003043,4.1633409686378827e-07,2.989893287247105
2494,48035,274025461.5048064,Bosque County,2596722344.845533,0.10552744002405344,8.437790917848602
2495,48037,841771506.6990561,Bowie County,2390367816.1013317,0.35215145595123426,8.925194221135968
2496,48039,2548313656.016611,Brazoria County,4166408715.7213836,0.6116331425673367,9.406252881549554
2497,48041,453431408.6111332,Brazos County,1531301256.6395986,0.2961085590735926,8.656511599854216
2498,48047,245376305.93359107,Brooks County,2444018809.8837266,0.10039869780923034,8.389832624003589
2499,48049,340173093.04109263,Brown County,2478496010.922219,0.13724980453550065,8.531699958878306
2500,48051,493837909.8748731,Burleson County,1753059052.684712,0.28170067010497335,8.69358442585097
2501,48053,213652050.4987458,Burnet County,2646382079.447851,0.08073363712594471,8.329707065262046
2502,48055,250620827.2803744,Caldwell County,1415305056.8185098,0.1770790163385338,8.399017159226064
2503,48057,1562464454.8479722,Calhoun County,2674589804.885217,0.5841884433994644,9.193810146183447
2504,48059,42855.14393130863,Callahan County,2334262215.3930717,1.8359181607235226e-05,4.632002968176288
2505,48061,1260592603.9940827,Cameron County,3314376918.1494,0.38034075035072995,9.100574754754101
2506,48063,946872.115307493,Camp County,526371757.5936732,0.001798865728731632,5.97629132754356
2507,48065,8620.069997261102,Carson County,2393423929.762112,3.6015642235673104e-06,3.9355108428075143
2508,48067,455603254.1579887,Cass County,2487177689.795285,0.1831808221934833,8.658586817378627
2509,48069,156929.31726103672,Castro County,2329157912.248712,6.737598873643029e-05,5.195704088070791
2510,48071,933131982.4462452,Chambers County,2256230511.5719233,0.41358007422571774,8.969943074823382
2511,48073,436891631.73452014,Cherokee County,2751014829.2810273,0.15881107840073003,8.640373726270813
2512,48075,0.14268997000476522,Childress County,1848515369.8086572,7.719166003988124e-11,-0.8425735458783732
2513,48077,738801.8102019695,Clay County,2892378874.393142,0.0002554305097242765,5.868527951459672
2514,48079,1341.6515668639336,Cochran County,2007682954.6052272,6.682586828694493e-07,3.1276400658858154
2515,48081,27289.425069966346,Coke County,2403485190.619745,1.135410576960106e-05,4.435994402021393
2516,48083,67.92738738152732,Coleman County,3318896791.3346953,2.0466857408425256e-08,1.8320513045713365
2517,48085,386307098.1967165,Collin County,2294393802.914393,0.16837000592750037,8.586932688159777
2518,48087,0.022534965840377088,Collingsworth County,2381029254.6837373,9.464380076829555e-12,-1.6282864277098996
2519,48089,475803945.4434813,Colorado County,2521833943.9137645,0.18867378107578986,8.67742803895737
2520,48091,167035854.6689796,Comal County,1488938266.6686003,0.11218454009024237,8.222809703566586
2521,48093,77809.79168732336,Comanche County,2454488608.824677,3.1701019677814805e-05,4.891034258203481
2522,48095,48778.736262961764,Concho County,2573654245.4860272,1.895310387885846e-05,4.688230553525355
2523,48097,311866100.92298853,Cooke County,2327109387.9066644,0.13401437102341185,8.493968170583509
2524,48099,253921759.09307837,Coryell County,2737141312.0810976,0.09276896226450841,8.404699918083603
2525,48103,18143.259567762845,Crane County,2035016190.861994,8.915535733441858e-06,4.2587153378144365
2526,48105,15935.891136687791,Crockett County,7270989783.635796,2.1917086408996694e-06,4.202376381533951
2527,48107,31310.8708918337,Crosby County,2335377189.9410906,1.3407200783965655e-05,4.495695161278366
2528,48109,15479.033654618537,Culberson County,9873996882.414188,1.5676563238729643e-06,4.189743872545514
2529,48113,468985052.3114197,Dallas County,2353375055.5527587,0.19928189992702414,8.671159000920445
2530,48115,67424368.59889182,Dawson County,2336502356.890682,0.028856965797636643,7.828816888163612
2531,48117,157121.022145434,Deaf Smith County,3880677330.2238226,4.048804081744458e-05,5.196234298504034
2532,48119,1762518.0537577777,Delta County,719840341.1179191,0.0024484846890083568,6.246133574481316
2533,48121,574991493.1851623,Denton County,2464791373.6663527,0.23328201296398898,8.75966141949026
2534,48123,399420104.0119313,DeWitt County,2358158031.381136,0.16937800550118232,8.601429920429892
2535,48127,21406.480901627234,Dimmit County,3456372247.4340153,6.1933378031024415e-06,4.330545298015802
2536,48129,1062.5366713156777,Donley County,2416578168.7762957,4.3968644798844803e-07,3.0263443365148186
2537,48131,508545936.4298807,Duval County,4650563226.713422,0.10935147242138946,8.706330188404081
2538,48133,24954452.256641887,Eastland County,2413647217.1385574,0.010338897946414079,7.397148041679828
2539,48135,152904399.38445324,Ector County,2335697551.188802,0.06546412625497225,8.184419981169935
2540,48137,30796.763206445146,Edwards County,5490460080.9319725,5.609140719081156e-06,4.488505087893005
2541,48139,483190963.06270313,Ellis County,2465556388.737787,0.19597643974797396,8.68411880324497
2542,48141,8557928.335487023,El Paso County,2629567654.6054835,0.003254500153475221,6.932368645410528
2543,48143,214154149.0320919,Erath County,2822586501.9358187,0.07587159822567642,8.330726492856902
2544,48145,266401.7502103063,Falls County,2004316324.6045942,0.0001329140250668074,5.425537075372411
2545,48147,435190510.7771722,Fannin County,2328098176.8500714,0.1869296213985216,8.638679417109225
2546,48149,386677388.8037132,Fayette County,2485891563.0160956,0.15554877556065366,8.587348777181807
2547,48151,877963.0129791163,Fisher County,2335530660.494972,0.0003759158583655881,5.943476220731715
2548,48153,0.0,Floyd County,2570621095.4179664,0.0,-3.0
2549,48157,631899854.6145415,Fort Bend County,2293508462.0945554,0.2755166876678783,8.800648255443628
2550,48159,214733.47751485129,Franklin County,763445073.6961645,0.0002812690590499649,5.33189975939104
2551,48161,1448135.51915798,Freestone County,2310248904.5553565,0.0006268309515492212,6.160809206131005
2552,48163,1584247.3004816785,Frio County,2937947242.925292,0.0005392361296808908,6.199822976044956
2553,48165,0.0,Gaines County,3892365684.027107,0.0,-3.0
2554,48167,1255528928.7119477,Galveston County,2263503743.609549,0.5546838313197526,9.098826723767907
2555,48171,34310.112732343485,Gillespie County,2749732183.3067102,1.2477619798988428e-05,4.5354221576728255
2556,48173,24.387365680637238,Glasscock County,2333798436.1604195,1.0449645223329352e-08,1.3871826982365587
2557,48175,354505546.5929992,Goliad County,2225748759.6528087,0.15927473622328248,8.549623034543973
2558,48177,542604552.0074055,Gonzales County,2770909086.8900986,0.19582185304260277,8.734483432816361
2559,48179,43937040.99272193,Gray County,2406962560.6406956,0.018254143920305343,7.642830805352577
2560,48181,388364780.3887561,Grayson County,2536118403.211672,0.15313353662705237,8.589239838187764
2561,48183,164816419.2573498,Gregg County,714258601.0381638,0.23075174596118506,8.217000474582555
2562,48185,339108362.9919947,Grimes County,2076138060.7907488,0.16333613327373653,8.530338500355862
2563,48187,258329503.3668573,Guadalupe County,1851293377.4241192,0.13954001376394254,8.412174009031027
2564,48189,320438190.42606926,Hale County,2602356175.701338,0.12313387130403501,8.505744270531206
2565,48193,128263.9135436323,Hamilton County,2166247655.841534,5.9210179961535796e-05,5.108104490210535
2566,48195,0.0268784620239563,Hansford County,2383845187.1719365,1.1275254856563666e-11,-1.5547311887136541
2567,48197,3680.908792846394,Hardeman County,1804886363.195189,2.0394130444478977e-06,3.5659551744287152
2568,48199,460225472.3531933,Hardin County,2324582850.91745,0.19798196143947064,8.662970652135145
2569,48201,1122638348.2292187,Harris County,4602509065.198054,0.24391876959419082,9.050239873212641
2570,48203,397378864.89216524,Harrison County,2371790501.5980163,0.1675438301251428,8.599204764876557
2571,48207,1801.137369055782,Haskell County,2357569125.600984,7.639807246782814e-07,3.255547077955053
2572,48209,156320946.99412692,Hays County,1758082614.4920628,0.08891558662008067,8.1940171773465
2573,48211,6.28223225378259,Hemphill County,2362475737.733894,2.6591732365508053e-09,0.7981831133005228
2574,48213,581961347.9651603,Henderson County,2456415749.9021983,0.23691484146701589,8.764894141140529
2575,48215,186967.20175717433,Hidalgo County,4099514638.258999,4.5607155542827e-05,5.271765430542923
2576,48217,369465020.07609725,Hill County,2552974950.484246,0.1447194066694691,8.567573326880723
2577,48219,259.8106927644506,Hockley County,2353170137.2625456,1.1040880072814865e-07,2.4146586924983944
2578,48221,99848311.27281263,Hood County,1131460651.4553564,0.08824726794023408,7.999340724082369
2579,48223,354630532.44774455,Hopkins County,2053269023.6389077,0.1727150842704724,8.549776124110837
2580,48225,548637517.9219105,Houston County,3202714461.674209,0.17130391250524155,8.739285502994655
2581,48227,151236898.89839298,Howard County,2341881118.747442,0.06457923832584732,8.179657763607919
2582,48229,2765.852309143811,Hudspeth County,11839700334.712692,2.3360830350027002e-07,3.4418291429754775
2583,48231,463411386.4438988,Hunt County,2284441624.6243997,0.20285542928683561,8.665966700600775
2584,48235,20991.228305571785,Irion County,2723662508.896623,7.706985809367216e-06,4.322037872836489
2585,48237,164068095.39211464,Jack County,2383110389.08486,0.06884620038735116,8.215024136556776
2586,48239,476474029.02614737,Jackson County,2219286718.9078593,0.21469692264937565,8.678039233709738
2587,48241,522805706.6203778,Jasper County,2511505465.4759555,0.20816427191063303,8.71834031942237
2588,48245,1348442.8525171836,Jefferson County,2881927502.287957,0.0004678961741565869,6.129832545947949
2589,48247,59393.93638522289,Jim Hogg County,2942767786.187173,2.018301840328939e-05,4.77374211679065
2590,48249,412304056.3743129,Jim Wells County,2249518741.2170005,0.18328545071434008,8.615217607546324
2591,48251,194422638.4607073,Johnson County,1901682216.7719238,0.10223718597460345,8.288746832537653
2592,48253,215384267.1705972,Jones County,2427174197.9031315,0.08873869348012622,8.333213976909493
2593,48255,308576824.1776739,Karnes County,1951680181.5573566,0.15810829412196156,8.489363305041195
2594,48257,533095629.69120616,Kaufman County,2091452354.9717612,0.2548925527392203,8.726805122201688
2595,48259,150786502.166332,Kendall County,1717244605.591668,0.08780723589134774,8.178362466887794
2596,48261,851570.4482498491,Kenedy County,5039592692.390351,0.00016897604632527097,5.930220582368917
2597,48265,197913745.418365,Kerr County,2867849568.2871394,0.06901120184507152,8.29647595768532
2598,48267,123330.5519917344,Kimble County,3240529808.7523146,3.805876176748387e-05,5.091070678801726
2599,48271,228462.53322109734,Kinney County,3535650520.342971,6.46168313034897e-05,5.358814989897652
2600,48273,725622982.2216375,Kleberg County,2823607525.241894,0.256984363348966,8.860711029419196
2601,48277,471180838.0978858,Lamar County,2416725434.189884,0.19496664016193108,8.67318762032503
2602,48279,13368.429972432123,Lamb County,2635871444.324874,5.071730641953284e-06,4.126080437927533
2603,48281,4565.404940704735,Lampasas County,1848190257.0519795,2.470202904319463e-06,3.6594793996074277
2604,48283,7546.4199596732515,La Salle County,3870049786.3875318,1.9499542321695556e-06,3.8777410276558584
2605,48285,413218454.36977834,Lavaca County,2513417319.463858,0.16440503181458252,8.616179708908634
2606,48287,192531018.9938917,Lee County,1642327380.3244593,0.11723059683499591,8.284500709392878
2607,48289,466067798.9477896,Leon County,2798790678.28962,0.16652470746137046,8.668449098165475
2608,48291,1034754445.481448,Liberty County,3046742306.072539,0.3396265064554534,9.014837300880336
2609,48293,293330369.181295,Limestone County,2416883499.4012814,0.12136719426234643,8.46735702883638
2610,48297,244693385.1791753,Live Oak County,2794281130.019063,0.08756935104003152,8.38862222918596
2611,48299,274816019.1984554,Llano County,2501556924.327621,0.10985799144759482,8.439042044425207
2612,48301,558.1329579955191,Loving County,1752211923.3997319,3.1853051023223307e-07,2.746738446672581
2613,48303,289985317.2487131,Lubbock County,2332808617.0371413,0.12430737572335371,8.462376008937373
2614,48305,281710.14434714627,Lynn County,2314094642.872776,0.00012173665637003684,5.449802487699095
2615,48307,388485.0836995137,McCulloch County,2780179875.301672,0.00013973379461908373,5.589374349373625
2616,48309,509175266.7693887,McLennan County,2746017818.8404903,0.18542314739399202,8.706867299604516
2617,48311,3014.194652104441,McMullen County,2996051968.3774104,1.0060555303841595e-06,3.479171439044154
2618,48313,796931.0632305727,Madison County,1223596789.2176025,0.0006513020222455387,5.901420755876551
2619,48315,468537.4988179932,Marion County,1088629971.1610966,0.00043039187899472094,5.670744355762278
2620,48317,645.7307220526682,Martin County,2371656663.824043,2.722698997297089e-07,2.8100521219703856
2621,48319,51271.36970820423,Mason County,2414429459.782924,2.123539766318703e-05,4.709874928188438
2622,48321,1886579132.2372556,Matagorda County,4176385591.8088055,0.4517253234321624,9.275675026326653
2623,48323,501892558.58007646,Maverick County,3345691744.740179,0.15001159606802109,8.70061075656842
2624,48325,564503181.196513,Medina County,3456426372.8369327,0.16331989179135487,8.751666393688149
2625,48329,36338.315592896324,Midland County,2336168430.7394676,1.555466425911515e-05,4.560364804332775
2626,48331,520392.88199387665,Milam County,2644180979.9011865,0.0001968068320396601,5.716331348424478
2627,48333,156167.40204025974,Mills County,1941916528.8440726,8.041921458550977e-05,5.193590388330607
2628,48335,575.3456598935229,Mitchell County,2372200891.687661,2.4253665105243396e-07,2.7599295961923045
2629,48337,112365124.62275514,Montague County,2430122128.8544483,0.0462384681364651,8.050631537801404
2630,48339,591942271.6175513,Montgomery County,2789121217.12142,0.21223253689507252,8.772279354797268
2631,48341,2814.6604305337632,Moore County,2355907140.6845784,1.1947246909383196e-06,3.449426161995868
2632,48343,1108494.9835977792,Morris County,670031510.8344969,0.001654392316888491,6.04473373248304
2633,48347,394125048.2669661,Nacogdoches County,2540698323.216069,0.15512469334339324,8.595634036943427
2634,48349,730143676.4623492,Navarro County,2812731959.637622,0.25958523134796574,8.86340832827872
2635,48351,637871350.5339614,Newton County,2433884754.888565,0.2620795209192911,8.804733096610423
2636,48353,37698.043829743314,Nolan County,2367114080.588656,1.5925740182479305e-05,4.576318826553999
2637,48355,743665496.3625126,Nueces County,3018817895.858496,0.2463432780701162,8.871377632117378
2638,48357,0.0,Ochiltree County,2378124129.6488905,0.0,-3.0
2639,48359,12052.618200216617,Oldham County,3888677096.9392934,3.099413476552993e-06,4.081081435341963
2640,48361,546148055.9871821,Orange County,982861460.5147895,0.5556714531274106,8.737310392122907
2641,48363,301643739.7236823,Palo Pinto County,2552455073.8955393,0.1181778840335535,8.479494316454218
2642,48365,338290.3532495134,Panola County,2127211669.7645998,0.00015902994424948276,5.529289614826314
2643,48367,217770492.1609739,Parker County,2357134224.444401,0.09238781988000895,8.337999032630918
2644,48369,6070.651439650776,Parmer County,2292674071.0850196,2.6478475576678066e-06,3.7832353691169507
2645,48373,511058061.5491467,Polk County,2874005032.6142735,0.17782086522105855,8.708470243340965
2646,48375,211765328.17732903,Potter County,2387908997.8765345,0.088682327662253,8.325854855613539
2647,48379,169903279.35216036,Rains County,670360584.180939,0.25345058071955684,8.230201761395456
2648,48381,187200991.4521047,Randall County,2389112607.1008897,0.07835586773754753,8.272308144516789
2649,48383,4316.621736740785,Reagan County,3045841756.269896,1.417217991661903e-06,3.6351440939397364
2650,48385,80180.3819728455,Real County,1813159306.7849782,4.42213663591525e-05,4.904068126279635
2651,48387,1065284.7073625377,Red River County,2736932501.3901706,0.00038922578719842286,6.027465692982572
2652,48389,0.0,Reeves County,6842931692.041939,0.0,-3.0
2653,48391,390874580.6263685,Refugio County,2119234434.610583,0.1844414068791748,8.59203742829303
2654,48393,12733.18343102526,Roberts County,2393645513.324278,5.319577757084634e-06,4.104937029566744
2655,48395,542203288.7930782,Robertson County,2242173569.912195,0.2418203907444646,8.734162147513718
2656,48397,100369273.7378814,Rockwall County,385718979.9912674,0.26021346872833107,8.00160078165366
2657,48399,46528.489656351296,Runnels County,2737864242.921272,1.699444732391329e-05,4.667718964627621
2658,48401,324767359.63936424,Rusk County,2430880516.7419024,0.13360070863320275,8.511572374508791
2659,48403,25134.140239459764,Sabine County,1493459667.2412717,1.6829473731880358e-05,4.400264051237648
2660,48405,534363.9227951196,San Augustine County,1534045158.7965522,0.0003483365008721936,5.7278371301831
2661,48407,371343369.5970566,San Jacinto County,1626281507.040856,0.22833892409730736,8.569775673915588
2662,48409,357530883.394482,San Patricio County,1833226176.686119,0.1950282447094348,8.553313561966304
2663,48411,465919.85739000945,San Saba County,2948747451.14231,0.00015800602293340434,5.668311221299056
2664,48413,3975.842376080138,Schleicher County,3394633681.902282,1.1712139655234194e-06,3.5994292675150352
2665,48417,4.4276555667349475,Shackelford County,2371257601.4657025,1.867218291255307e-09,0.6462719048765044
2666,48419,429890.469644622,Shelby County,2161648306.4773197,0.00019887160568926362,5.633357818244884
2667,48421,0.0,Sherman County,2390621250.484617,0.0,-3.0
2668,48423,339320363.85695255,Smith County,2459767971.111031,0.13794811862018347,8.530609924029898
2669,48425,54181911.77498862,Somervell County,496480632.63908607,0.10913197456863513,7.733854324785641
2670,48427,356781504.3408493,Starr County,3183406367.88942,0.11207538815642734,8.552402332333918
2671,48429,54311727.72786409,Stephens County,2386645080.7423024,0.022756516319121848,7.734893618502019
2672,48431,29865.86181058553,Sterling County,2391890412.173022,1.2486300232899269e-05,4.47517506582555
2673,48433,0.0,Stonewall County,2383416288.246645,0.0,-3.0
2674,48435,0.09487934996973779,Sutton County,3766952372.2552166,2.5187297473828952e-11,-1.0182749190012634
2675,48437,678745.245197577,Swisher County,2332780763.2827163,0.00029095972321138263,5.831706800891724
2676,48439,349334359.5871603,Tarrant County,2340768788.3512974,0.1492391565222515,8.543241303775813
2677,48441,327670485.22694117,Taylor County,2380988752.31882,0.13761950152340127,8.515437324263319
2678,48443,0.0,Terrell County,6107342088.971853,0.0,-3.0
2679,48445,0.0,Terry County,2307527209.0000443,0.0,-3.0
2680,48447,9102.44847192275,Throckmorton County,2371085781.8550005,3.838936803375169e-06,3.9591582768258617
2681,48449,267326103.1574756,Titus County,1102411475.593631,0.2424921266476519,8.427041367676072
2682,48451,447893015.1756858,Tom Green County,3990043099.9358563,0.11225267596304564,8.651174289741236
2683,48453,370872578.0590905,Travis County,2654806462.0544786,0.13969853673328897,8.569224723224938
2684,48455,487311.9040442319,Trinity County,1849181662.4597332,0.0002635284103975065,5.687807021337915
2685,48457,414984063.14564157,Tyler County,2423252291.623995,0.1712508699899056,8.618031418590714
2686,48459,259264545.0274599,Upshur County,1534788936.8318765,0.16892521102128596,8.413743130146539
2687,48461,2311.241589322741,Upton County,3215475169.8341136,7.187869497502536e-07,3.363845531664731
2688,48463,473901548.2468647,Uvalde County,4036842023.1474333,0.11739412776856066,8.675688127552336
2689,48465,737924132.6449312,Val Verde County,8372575953.854394,0.08813585409221888,8.868011713493864
2690,48467,351579850.6173653,Van Zandt County,2226400106.3512316,0.15791404681234816,8.5460239772777
2691,48469,544894058.0164819,Victoria County,2302071028.894058,0.23669732652786796,8.736312072018094
2692,48471,361096189.53085923,Walker County,2075872126.3026998,0.17394914886881854,8.557622905557764
2693,48473,329629610.06609786,Waller County,1341381723.5464377,0.2457388558974848,8.518026216711847
2694,48475,0.0,Ward County,2164825587.7430143,0.0,-3.0
2695,48477,313576968.1005525,Washington County,1610326775.598822,0.19472877980554262,8.496344156710947
2696,48479,1309214450.2648144,Webb County,8742742387.728886,0.14974871638702267,9.117010790125175
2697,48481,868416937.3813345,Wharton County,2834404954.2691784,0.30638421516774644,8.938728285233733
2698,48483,14933.315303591144,Wheeler County,2371085299.522191,6.298092821291764e-06,4.174156264015494
2699,48485,315203994.7456998,Wichita County,1639104242.3357537,0.19230259223570084,8.498591712895736
2700,48487,397091.35655100166,Wilbarger County,2532940963.281005,0.00015677086924151428,5.598890435014639
2701,48489,488728888.2245545,Willacy County,2032537826.243615,0.24045254258701143,8.689068010454717
2702,48491,343483002.1212641,Williamson County,2931564950.084409,0.11716711311866862,8.535905250079239
2703,48493,286291040.9699278,Wilson County,2093774229.8888524,0.13673443721060866,8.456807757669633
2704,48495,21829.492888971323,Winkler County,2178896435.9348946,1.0018600484609534e-05,4.339043666823432
2705,48497,288073674.176911,Wise County,2389408279.1527977,0.12056276722999054,8.459503571776898
2706,48499,373970456.5333726,Wood County,1801903416.575977,0.20754189880165763,8.572837294524307
2707,48501,0.0,Yoakum County,2071286983.095375,0.0,-3.0
2708,48503,389754181.93284726,Young County,2410911760.931517,0.16166256610829083,8.590790783722458
2709,48505,521857875.64102864,Zapata County,2740247561.135805,0.19044187212951072,8.71755224202779
2710,48507,1076293.3419380374,Zavala County,3371477649.1235194,0.00031923490349041486,6.031930654096829
2711,49001,0.0,Beaver County,6695009363.959199,0.0,-3.0
2712,49003,1062478034.194143,Box Elder County,17428670344.948845,0.06096150843211451,9.026319960156277
2713,49005,107958392.65865672,Cache County,3037640316.5681562,0.03554021589383735,8.033256409931921
2714,49007,89903707.66398853,Carbon County,3846966498.8207974,0.0233700261469775,7.953777602581302
2715,49009,4269.427646890505,Daggett County,1865196112.8636422,2.2889966462216337e-06,3.630369759777903
2716,49011,993457345.0803864,Davis County,1645256271.2054257,0.6038313680776992,8.997149225050803
2717,49013,182019.48586442988,Duchesne County,8418777668.338102,2.162065480704887e-05,5.260117885702944
2718,49015,26606.01494877463,Emery County,11582868604.037285,2.2970143112476412e-06,4.424979847080422
2719,49019,12424153.739935005,Grand County,9543293608.35149,0.0013018727338601872,7.094266816869456
2720,49021,7467.735074983059,Iron County,8548424271.8497715,8.735803041005515e-07,3.8731889606959022
2721,49023,266877.8731656553,Juab County,8821025913.779768,3.0254743130133193e-05,5.426312569568397
2722,49025,0.0,Kane County,10637620694.259434,0.0,-3.0
2723,49027,0.0,Millard County,17707610157.29869,0.0,-3.0
2724,49029,25413187.43972104,Morgan County,1582251626.380621,0.016061407058151275,7.405059139709991
2725,49031,3521.2194665280012,Piute County,1984040521.161988,1.774771950960829e-06,3.5466932174584493
2726,49033,2496.217653204655,Rich County,2813578381.0127606,8.872038788932298e-07,3.3972826241679037
2727,49035,249877898.37753326,Salt Lake County,2086731532.059577,0.11974606917014716,8.39772784461493
2728,49037,0.0,San Juan County,20548472085.026985,0.0,-3.0
2729,49039,169240663.75008962,Sanpete County,4149771158.322611,0.040783131718159324,8.228504719937858
2730,49041,49559912.25207263,Sevier County,4968250426.391504,0.009975324912932891,7.695130528776663
2731,49043,94789188.58027397,Summit County,4871054514.428649,0.019459685433512806,7.976758805615984
2732,49045,7538408.536405973,Tooele County,18870692534.18189,0.0003994770474242582,6.8772796699580105
2733,49047,558908733.3647162,Uintah County,11666575325.629154,0.047906837933571166,8.747340895844042
2734,49049,449753198.6954197,Utah County,5553705977.386163,0.080982536800966,8.652974260780823
2735,49051,117785176.79428008,Wasatch County,3127399135.5332913,0.037662342313781794,8.071090638149863
2736,49053,59807635.07459125,Washington County,6295209370.940715,0.009500499753140695,7.776756629800054
2737,49057,167681675.56925035,Weber County,1709144023.2688894,0.0981085697204992,8.224485605041693
2738,50001,12908.087560576425,Addison County,2092100140.8604095,6.169918594464493e-06,4.110861936375322
2739,50003,40530507.687249795,Bennington County,1753162783.6754658,0.023118507913040744,7.607782043781774
2740,50005,5903988.509965146,Caledonia County,1703805679.4127803,0.003465177150953016,6.771145503688072
2741,50007,286360071.97241974,Chittenden County,1607504969.3663032,0.17813946297491456,8.456912462900899
2742,50009,2548073.0764874923,Essex County,1744219160.9342806,0.0014608674950701906,6.406211879194891
2743,50011,2275324.445550631,Franklin County,1784833216.539211,0.0012748106794888553,6.357043332993148
2744,50013,189789.46380917824,Grand Isle County,500737150.90890825,0.0003790201375405913,5.278272101124854
2745,50015,9826062.240937956,Lamoille County,1207388747.5542045,0.008138275481565083,6.992379510790517
2746,50017,12449794.620085375,Orange County,1791348644.657697,0.006949956200438227,7.0951621871213115
2747,50019,756462.2778431523,Orleans County,1870289712.0928705,0.0004044626203908615,5.878787276709884
2748,50021,156746383.59795624,Rutland County,2448875169.9619536,0.06400750251405893,8.195197529718795
2749,50023,57523211.472793534,Washington County,1800995175.6637502,0.03193968104417246,7.759843124356978
2750,50025,80731503.50985837,Windham County,2068540471.1379702,0.039028244618025475,7.907043040683454
2751,50027,80229207.6593098,Windsor County,2529438253.0390215,0.03171819180124976,7.904332503152832
2752,51001,868075347.8473445,Accomack County,3392986050.5728955,0.2558440662320945,8.93855742302736
2753,51003,116191630.97576383,Albemarle County,1880237340.2132246,0.061796257573837644,8.065174847920886
2754,51005,47216220.92867554,Alleghany County,1164779449.32508,0.04053661914797219,7.674091224270305
2755,51007,90267246.52584077,Amelia County,928567587.9721359,0.0972112829427657,7.955530195130206
2756,51009,64505381.48785545,Amherst County,1240453385.1725705,0.052001455483054314,7.809595948021639
2757,51011,40141784.75942739,Appomattox County,868841768.5876828,0.04620149054836366,7.6035966779265936
2758,51013,3302473.576242015,Arlington County,67606554.84771352,0.04884842281463639,6.518839351554121
2759,51015,94900896.46407953,Augusta County,2514246238.2581043,0.03774526735687903,7.977270314935179
2760,51017,51449384.353122085,Bath County,1384666282.295098,0.0371565228466777,7.711380182340293
2761,51019,104972092.67292507,Bedford County,2010750378.2644176,0.05220543226431314,8.021073855177981
2762,51021,32396976.369095538,Bland County,928858652.0719172,0.034878263013248215,7.510504479124536
2763,51023,80785812.34192047,Botetourt County,1414025317.8449342,0.05713180048646035,7.907335096390884
2764,51025,112857880.44240771,Brunswick County,1475210750.5854158,0.07650288638258751,8.05253188963085
2765,51027,15619443.00239504,Buchanan County,1305191434.5726097,0.01196716633948007,7.19366554267412
2766,51029,95196870.60155377,Buckingham County,1511127342.530465,0.06299725239710204,7.978622672098962
2767,51031,72552555.35788347,Campbell County,1312318824.7577345,0.0552857689679772,7.860652713241274
2768,51033,159318807.79355478,Caroline County,1390789537.7858417,0.11455277988874778,8.202267047861673
2769,51035,23150745.248445198,Carroll County,1237162176.4319468,0.018712781306662152,7.364564976024044
2770,51036,92276863.15490665,Charles City County,528986269.214911,0.17444094209072442,7.96509282276675
2771,51037,115997275.8222996,Charlotte County,1236819513.965636,0.09378674455933793,8.064447790013118
2772,51041,131842119.03373583,Chesterfield County,1131841826.2336147,0.11648457936252597,8.1200541746147
2773,51043,18532850.7637675,Clarke County,461415464.7977902,0.04016521373398115,7.267942228610931
2774,51045,14231814.803545864,Craig County,852563787.1419239,0.016692961885298483,7.1532602837347286
2775,51047,99380232.29884067,Culpeper County,991044617.0383976,0.10027826254263407,7.997300007567705
2776,51049,71902024.85660961,Cumberland County,776372140.9026915,0.092612834835893,7.856741120871117
2777,51051,19303072.904543515,Dickenson County,863942196.4842802,0.0223430143626452,7.285626450960645
2778,51053,106519440.4707007,Dinwiddie County,1313891891.6616168,0.08107169330042109,8.02742887649868
2779,51057,81819614.08528847,Essex County,741302286.6540554,0.11037280682700949,7.9128574267562115
2780,51059,106853422.41765738,Fairfax County,1052754239.865365,0.10149892384315895,8.02878843678305
2781,51061,113502626.54710653,Fauquier County,1687961644.7801788,0.06724242040575978,8.055005911592144
2782,51063,9374947.517885674,Floyd County,988776390.144554,0.009481362632976203,6.971968845218727
2783,51065,46267378.536704026,Fluvanna County,754377447.8453072,0.061331868640632566,7.665274893516283
2784,51067,76713337.17799668,Franklin County,1843076330.4168546,0.04162244173611962,7.884870875809469
2785,51069,39212855.93328806,Frederick County,1075874210.3647876,0.03644743554173725,7.593428473805787
2786,51071,31232400.025163926,Giles County,936439828.8126239,0.03335227642417306,7.494605358487976
2787,51073,144511844.86322615,Gloucester County,745872255.4719318,0.19374878714558155,8.159903445351024
2788,51075,88479738.92675918,Goochland County,752441206.0170468,0.11759023591373416,7.9468438325139585
2789,51077,31790208.776793245,Grayson County,1154011734.8997939,0.027547561099587673,7.502293380093
2790,51079,24158254.393468156,Greene County,405581022.942229,0.05956455807082784,7.383065550220671
2791,51081,148731475.935534,Greensville County,769156719.7258904,0.1933695333098545,8.1724028876812
2792,51083,197824001.45775804,Halifax County,2148438001.1725845,0.09207805919918971,8.296278982249689
2793,51085,110519832.65941885,Hanover County,1223807000.0402222,0.09030822070456082,8.043440218673792
2794,51087,91077450.34094642,Henrico County,634066295.2327428,0.14364026447347306,7.959410864302323
2795,51089,51092558.22332902,Henry County,995554442.4556986,0.05132070738120643,7.70835764852087
2796,51091,20641245.29508094,Highland County,1077058919.9706488,0.019164453227538788,7.314735894936852
2797,51093,108242334.01332119,Isle of Wight County,939720744.3355063,0.11518563856953197,8.034397148321752
2798,51095,88101318.27134855,James City County,463790208.50874746,0.1899594184073571,7.944982406869746
2799,51097,84845401.65134121,King and Queen County,845151303.9380254,0.10039078358632325,7.928628309928538
2800,51099,50366048.396736935,King George County,486321230.432642,0.10356539103162368,7.702137878465837
2801,51101,118738939.60439533,King William County,740515040.3632505,0.16034642530170543,8.074593166153273
2802,51103,69198973.59419991,Lancaster County,599375816.7968031,0.11545172770568977,7.84009965276244
2803,51105,38260998.85532655,Lee County,1132519514.6781855,0.033783964302106284,7.582756303697768
2804,51107,92590761.09770657,Loudoun County,1350249620.2269332,0.06857306953520569,7.966567654025056
2805,51109,114727264.14575188,Louisa County,1320011157.991504,0.08691385936488448,8.059666637268746
2806,51111,58807329.849039644,Lunenburg County,1119841362.4429367,0.05251398262406678,7.769431460685496
2807,51113,54906585.81927133,Madison County,833655872.3807534,0.06586241114390423,7.739624439420257
2808,51115,98897937.10168748,Mathews County,652579885.4633358,0.1515491655576686,7.995187232807864
2809,51117,276902359.4018784,Mecklenburg County,1759200272.3082213,0.15740240821959334,8.442326656255814
2810,51119,55777596.669891626,Middlesex County,545864662.28366,0.10218209846474115,7.746459797576928
2811,51121,41673292.51489557,Montgomery County,1008211418.5832256,0.04133388270235658,7.619857814472062
2812,51125,69715106.76558173,Nelson County,1228208609.3209403,0.05676161707100087,7.843326896813601
2813,51127,97409443.90770802,New Kent County,579584734.2040378,0.16806764940329824,7.98860106405125
2814,51131,575720465.7826899,Northampton County,2059699984.8497462,0.27951666262923647,8.76021166808453
2815,51133,100069737.30111875,Northumberland County,739692378.5308498,0.1352856135950375,8.000302759698974
2816,51135,48440702.01877882,Nottoway County,818563454.9940333,0.05917769932586584,7.68521042846579
2817,51137,60593856.98524832,Orange County,889016731.8205429,0.06815828635886664,7.7824285975622445
2818,51139,30819746.79812328,Page County,811319707.8449082,0.03798717879045381,7.48882906643317
2819,51141,48751337.33966636,Patrick County,1257993787.0333905,0.038753241742657644,7.687986533710567
2820,51143,153407042.53355974,Pittsylvania County,2533609584.125356,0.06054880889887318,8.185845297446678
2821,51145,65704365.892240494,Powhatan County,679365459.3369144,0.09671431626266423,7.817594228316957
2822,51147,70506869.58378108,Prince Edward County,916436108.3326052,0.07693593578723525,7.848231432983159
2823,51149,76932398.81431451,Prince George County,729977444.5112134,0.10539010402688234,7.886109274307136
2824,51153,88651445.79998946,Prince William County,899225755.2313886,0.09858641757561502,7.94768582282776
2825,51155,50286734.74643886,Pulaski County,853255018.5115794,0.05893517606747768,7.701453436630905
2826,51157,32381465.732883163,Rappahannock County,692043327.814153,0.046791095920484256,7.510296503025457
2827,51159,58254693.329712614,Richmond County,560384067.5317897,0.10395494216367585,7.765330920350761
2828,51161,16945402.585874017,Roanoke County,650671963.2913157,0.02604292722274143,7.2290518912129915
2829,51163,81995113.13117743,Rockbridge County,1553875146.0065095,0.05276814764809549,7.91378796942063
2830,51165,108759306.99639317,Rockingham County,2211600930.9035106,0.04917673232845018,8.03646643164655
2831,51167,31724691.335210927,Russell County,1233979945.752965,0.025709243853110405,7.501397405340975
2832,51169,49885269.68417096,Scott County,1395891711.5278952,0.03573720602550771,7.697972324403692
2833,51171,81690562.51537395,Shenandoah County,1325636339.3445086,0.06162365958960338,7.912171886595997
2834,51173,25181061.624452256,Smyth County,1172511326.4543805,0.021476177718980857,7.401074035873377
2835,51175,249946058.67217064,Southampton County,1560138634.0873096,0.16020759515284394,8.397846292879011
2836,51177,99425015.33591795,Spotsylvania County,1073978586.6000502,0.0925763479611571,7.997495666650608
2837,51179,74275060.303799,Stafford County,725325196.097979,0.10240242680576303,7.870843013084666
2838,51181,96518881.75348131,Surry County,803692714.2380303,0.12009425996226618,7.984612281630123
2839,51183,209003000.0433934,Sussex County,1276464409.2655432,0.163735861749291,8.320152520050645
2840,51185,30952777.98394688,Tazewell County,1346583431.1608787,0.022986156867579113,7.490699632657981
2841,51187,38734840.857396565,Warren County,564321820.5086746,0.0686396298170454,7.588101776013025
2842,51191,36559736.288586564,Washington County,1466468047.823154,0.024930469056490087,7.563003054447176
2843,51193,69010795.29612619,Westmoreland County,655060619.3649273,0.10535024279589765,7.838917032349676
2844,51195,24448648.557071555,Wise County,1050152288.7911301,0.02328105058478263,7.388254857733935
2845,51197,56992054.30558859,Wythe County,1203683075.4067564,0.04734805653583645,7.755814311613872
2846,51199,66498587.02620037,York County,556811086.7960168,0.11942755559851412,7.82281241744131
2847,51510,3889502.6247311546,Alexandria city,39751342.62155714,0.09784581773149667,6.589894069009289
2848,51520,1677490.9640192892,Bristol city,33658652.91978771,0.04983832739880991,6.2246601897335285
2849,51530,2677587.3680541646,Buena Vista city,16894325.433282938,0.15849033917501912,6.427743650663205
2850,51540,1899455.4408374024,Charlottesville city,26581344.414762646,0.0714582156266893,6.278629110161803
2851,51550,113450644.8336364,Chesapeake city,908947852.5021065,0.12481535054110651,8.054806968685728
2852,51570,4610528.744374103,Colonial Heights city,20185231.48107299,0.22841099190253233,6.663750734073054
2853,51580,2452117.8483097567,Covington city,14685339.183840675,0.1669772701612501,6.389541338633903
2854,51590,11550111.582391685,Danville city,113185952.06551747,0.10204545150360997,7.062586179883332
2855,51595,3154697.838365566,Emporia city,17292746.45312644,0.1824289650528712,6.4989577683406905
2856,51600,1144245.1228679116,Fairfax city,16248076.138761938,0.07042342201598645,6.058519070383348
2857,51610,212721.86182063408,Falls Church city,5300290.9017582685,0.040133997503810165,5.32781212748814
2858,51620,4721435.35367212,Franklin city,21665663.944770265,0.21792248627634586,6.674074047754812
2859,51630,1916435.205022199,Fredericksburg city,27244844.792322855,0.07034120471709271,6.282494140499993
2860,51640,548080.0951152119,Galax city,21437368.939511444,0.025566574735066468,5.738844030672293
2861,51650,77251200.18218803,Hampton city,352950461.4702455,0.21887264252436878,7.887905235396379
2862,51660,2730359.9962463304,Harrisonburg city,45029932.94415336,0.06063433404692284,6.4362199124290775
2863,51670,3113528.5197729766,Hopewell city,28045805.7062416,0.11101583432420557,6.493252848331898
2864,51678,604570.5484543976,Lexington city,6540784.051608735,0.09243089875528007,5.781446987497827
2865,51680,7883131.893035471,Lynchburg city,128122205.01043475,0.061528225278307064,6.896698792879339
2866,51683,2059858.8077536193,Manassas city,25639527.073579356,0.08033918885642131,6.313837453048444
2867,51685,217117.77453323532,Manassas Park city,7836792.715659309,0.027704927565507163,5.336695380801154
2868,51690,1087287.3784778088,Martinsville city,28510216.435908567,0.03813676339224041,6.036344347054227
2869,51700,49375283.29297361,Newport News city,309829623.1616579,0.15936269356404104,7.6935096004351555
2870,51710,50240087.57738291,Norfolk city,249682998.73573044,0.201215492571675,7.701050387790749
2871,51720,924315.462690061,Norton city,19455516.015219647,0.047509172307071586,5.965820218793485
2872,51730,4806600.490259951,Petersburg city,59423411.30275449,0.08088732007947089,6.681838026507338
2873,51735,49390980.96314174,Poquoson city,203203418.94803748,0.24306176155319434,7.693647651856688
2874,51740,33687657.99841498,Portsmouth city,120906501.94026864,0.2786256938858232,7.527470819432132
2875,51750,3024781.590667543,Radford city,25920016.527019806,0.11669674621983438,6.480694021316416
2876,51760,17684141.76216209,Richmond city,162054222.5129536,0.10912484406722897,7.247583987726274
2877,51770,9027247.409607202,Roanoke city,110985635.70338263,0.08133707891472725,6.955555345372009
2878,51775,6635321.341660859,Salem city,37873118.211854,0.17519870702339088,6.821861960201967
2879,51790,1989104.434824083,Staunton city,51741511.65305591,0.03844310634296291,6.298657585895381
2880,51800,275448499.0347461,Suffolk city,1110864710.049313,0.24795863667549445,8.440040410173602
2881,51810,307335490.97705495,Virginia Beach city,1288516183.2703066,0.23851892197195765,8.487612715303296
2882,51820,3878463.581254004,Waynesboro city,39136220.99962085,0.09910163736277906,6.588659717889168
2883,51830,781456.6699263622,Williamsburg city,23566674.78803631,0.0331593946517678,5.892904902893578
2884,51840,1534741.2051176836,Winchester city,23863958.602614176,0.06431209635728921,6.186035153604375
2885,53001,147832718.62052596,Adams County,4998163986.217707,0.02957740462861371,8.169770563586747
2886,53005,36455.64573889947,Benton County,4557604709.995717,7.998860818040037e-06,4.561764807211161
2887,53007,4467804.232287092,Chelan County,7755469063.529729,0.000576084334253494,6.650094135288287
2888,53009,370044117.0363408,Clallam County,6912723293.53495,0.05353087362579962,8.568253504185117
2889,53011,174295146.72686097,Clark County,1697993268.058317,0.10264772540951844,8.241285294289257
2890,53013,0.0,Columbia County,2262186810.433732,0.0,-3.0
2891,53015,177560731.71167117,Cowlitz County,3021014739.877207,0.05877519542287581,8.249346926047632
2892,53017,15835.020137162594,Douglas County,4788377653.396316,3.306969767919429e-06,4.1996186474204
2893,53019,23908062.066772707,Ferry County,5846663683.438344,0.004089180319110248,7.378544374635971
2894,53021,59.3556664306318,Franklin County,3276227489.318001,1.8117077224996863e-08,1.7734695022535356
2895,53025,490641040.0201442,Grant County,7229816068.039821,0.0678635577174744,8.690763872262686
2896,53027,440422080.56751114,Grays Harbor County,5759105532.524041,0.07647404238041242,8.643869084206784
2897,53029,132326259.24869135,Island County,1339864945.6484861,0.09876089353516618,8.121646035537593
2898,53031,247733379.48747903,Jefferson County,5666626344.872235,0.04371796628370503,8.39398452717923
2899,53033,502493623.549148,King County,5976145400.8246,0.08408323255987261,8.701130555098386
2900,53035,213560349.0855229,Kitsap County,1465495797.960924,0.14572566457213226,8.32952062208579
2901,53037,194861824.58939618,Kittitas County,6042465314.835936,0.032248728695381354,8.289726764753011
2902,53039,140608015.24079764,Klickitat County,4932447465.466704,0.028506743604514686,8.148010077981578
2903,53041,32347168.627645206,Lewis County,6310105473.938761,0.005126248485265673,7.50983627255433
2904,53043,30962.756276762215,Lincoln County,6059687736.567633,5.109629014365737e-06,4.490839628262894
2905,53045,249594110.1528877,Mason County,2722189014.3770566,0.09168875079381826,8.397234332781835
2906,53047,3104.9608752121176,Okanogan County,13759813146.585443,2.256542906603806e-07,3.4920562719887176
2907,53049,510309574.7882632,Pacific County,3176718322.5610704,0.16064048586367946,8.70783371694899
2908,53051,62921.596841660925,Pend Oreille County,3692024350.230197,1.704257363246745e-05,4.798799742638555
2909,53053,304346324.9632102,Pierce County,4676200016.460496,0.06508411186260071,8.483368061937883
2910,53055,171745367.06132263,San Juan County,1607911265.8508008,0.1068127145501691,8.234885030526893
2911,53057,10284888.580131251,Skagit County,4965099231.145815,0.0020714366624567477,7.012199591231328
2912,53059,71415052.55554128,Skamania County,4368221288.276442,0.016348771695062027,7.853789760141022
2913,53061,480026491.01003885,Snohomish County,5686972404.843902,0.08440809218648122,8.681265205255693
2914,53063,118169402.35365276,Spokane County,4612726655.995659,0.02561812376201725,8.072505039076805
2915,53065,174918.31602678236,Stevens County,6578600470.156682,2.6588986034383138e-05,5.24283529013693
2916,53067,177296037.06543776,Thurston County,2004884742.6220126,0.08843203466827118,8.248699028328426
2917,53069,1390875.6190336465,Wahkiakum County,742545319.3065428,0.0018731188290737248,6.143288294659012
2918,53071,42.79230492052,Walla Walla County,3364303081.806985,1.2719515418193545e-08,1.6313758282768562
2919,53073,286199050.0089801,Whatcom County,6487595513.746197,0.044114811011655895,8.45666818785804
2920,53075,8997.618648198935,Whitman County,5640710610.564133,1.595121478373285e-06,3.9541276305077298
2921,53077,229268492.8968263,Yakima County,11163924301.255592,0.020536550294508963,8.360344376139507
2922,54001,29029224.828087717,Barbour County,887977988.4136267,0.0326913788481947,7.4628354389682725
2923,54003,42528751.78994551,Berkeley County,832782728.4330113,0.051068244258582154,7.628682636458212
2924,54005,32664134.85231851,Boone County,1305439422.985008,0.025021563066962498,7.514071159895935
2925,54007,49860668.686247975,Braxton County,1337141429.6457086,0.03728900143304897,7.6977580985808025
2926,54009,17270360.61377329,Brooke County,239342494.07194066,0.07215751921003309,7.237301405973425
2927,54011,62028423.46145021,Cabell County,745960072.4920871,0.08315247122306024,7.792590743114678
2928,54013,26273596.547591753,Calhoun County,726957017.3715065,0.036141884485262225,7.4195195266991
2929,54015,23485153.479669023,Clay County,890479767.6698922,0.02637359582141023,7.370793402738975
2930,54017,23018575.91189537,Doddridge County,830029024.3134859,0.027732254219584612,7.36207845168724
2931,54019,30332134.595815025,Fayette County,1731928177.3579164,0.017513506040468245,7.481902974471467
2932,54021,28865783.3987802,Gilmer County,880799806.4864385,0.032772240849969624,7.460383348482315
2933,54023,32866507.906910814,Grant County,1243934025.9724028,0.026421423661289873,7.516753562405581
2934,54025,95503668.73342401,Greenbrier County,2653456026.884456,0.0359921806752378,7.98002005514932
2935,54027,107779300.3462111,Hampshire County,1669536646.8233418,0.06455641482999776,8.032535360032583
2936,54029,19172824.668909773,Hancock County,227836460.6029968,0.08415169643246112,7.2826861007854635
2937,54031,70997210.96800806,Hardy County,1513814383.7008603,0.046899548407275254,7.851241288373149
2938,54033,38367468.50421769,Harrison County,1078775207.1629481,0.03556576777947986,7.583963145289431
2939,54035,80371041.86026189,Jackson County,1221514096.6854877,0.0657962458872512,7.905099598185582
2940,54037,37757534.054194316,Jefferson County,548205128.4330952,0.06887482822737287,7.577003622776647
2941,54039,104746965.87162277,Kanawha County,2359541292.8085904,0.04439293611468914,8.020141451935597
2942,54041,41158504.019928776,Lewis County,1009180207.0351822,0.04078409756057958,7.614459581171476
2943,54043,46692103.84159857,Lincoln County,1136119399.5471692,0.04109788448310007,7.669243442717413
2944,54045,22708774.043251533,Logan County,1177703317.3674896,0.019282253610367905,7.356193689033116
2945,54047,17695164.532378443,McDowell County,1385380268.4324827,0.01277278515912458,7.247854605154157
2946,54049,25217043.849463597,Marion County,806828742.3766166,0.03125451849321033,7.401694173645488
2947,54051,40697117.75907223,Marshall County,808357556.8434201,0.05034544109167685,7.6095636528316
2948,54053,128771494.53134269,Mason County,1151807891.3308015,0.11179945501376953,8.109819736180404
2949,54055,31633301.43261595,Mercer County,1089548570.047619,0.029033401816344364,7.500144519755737
2950,54057,39127796.86806044,Mineral County,852676125.5219581,0.04588822848078303,7.5924853951905735
2951,54059,25727925.02376726,Mingo County,1098034561.0566297,0.023430888185349545,7.41040476146756
2952,54061,33231539.5723953,Monongalia County,947624446.5079508,0.03506825905014944,7.521550462035301
2953,54063,29647769.4088811,Monroe County,1226724512.763931,0.02416823753043115,7.471992024195354
2954,54065,34135619.074486576,Morgan County,594757570.2251703,0.057394173329417424,7.533207783520776
2955,54067,59328666.22538846,Nicholas County,1694687689.9595566,0.035008613431778884,7.77326458503001
2956,54069,18407853.480935216,Ohio County,282896536.11752534,0.06506920775193915,7.265003148889603
2957,54071,60847235.78253628,Pendleton County,1808188972.816718,0.033650927362835925,7.7842408535402035
2958,54073,27638799.139182616,Pleasants County,348475608.4682035,0.07931343964266155,7.441519169739722
2959,54075,61826152.95731424,Pocahontas County,2439301189.536163,0.025345846270451982,7.791172224002439
2960,54077,42516700.60053121,Preston County,1687088551.3872242,0.02520122643566721,7.628559554860059
2961,54079,53858942.09280964,Putnam County,907529314.9357108,0.05934677944439183,7.7312578186756955
2962,54081,43067760.85266142,Raleigh County,1577254311.6823397,0.027305527417911604,7.634152292840427
2963,54083,108058353.95463891,Randolph County,2693478542.936881,0.040118513005422206,8.033658347680063
2964,54085,32836308.503279235,Ritchie County,1175073492.5033607,0.027944046659860573,7.516354327304446
2965,54087,28692291.646617614,Roane County,1252827156.1950176,0.022902035212709993,7.457765236645041
2966,54089,52790884.65273472,Summers County,952400597.1812686,0.05542928554326298,7.722558939837977
2967,54091,19775064.16286514,Taylor County,455007881.07890224,0.04346092668983018,7.296117901321034
2968,54093,53111945.35896983,Tucker County,1090623985.841401,0.04869867713205914,7.725192208849517
2969,54095,42443712.979303926,Tyler County,675200786.4186845,0.062860876102394,7.627813369016375
2970,54097,27726342.118989415,Upshur County,918809632.2104313,0.030176372936237743,7.442892577767921
2971,54099,69409436.08489002,Wayne County,1326364933.6780956,0.052330572320253656,7.841418516009028
2972,54101,45832113.07341392,Webster County,1440626264.055748,0.031814020205618264,7.661169880709819
2973,54103,35751860.76873155,Wetzel County,935838466.1858647,0.03820302547985985,7.553298650360765
2974,54105,33593532.38148284,Wirt County,608040831.1358038,0.05524881004904067,7.52625567259909
2975,54107,102176581.37600243,Wood County,975820601.9946454,0.10470836664766697,8.00935136796906
2976,54109,23353057.05353187,Wyoming County,1299704360.7410111,0.017967976225160467,7.368343740362981
2977,55001,189078135.9774186,Adams County,1780565292.5892086,0.10618994808242649,8.276641312171826
2978,55003,105626.87319614115,Ashland County,5937192077.782473,1.7790711806580553e-05,5.023774427953686
2979,55005,151642380.61542156,Barron County,2304475926.5745945,0.06580341277021927,8.180820593747406
2980,55007,206489493.79284927,Bayfield County,5287967350.776929,0.03904893508136185,8.314897959607759
2981,55009,180119217.33156443,Brown County,1594741880.982239,0.11294568699771323,8.255560051166274
2982,55011,253045520.3680321,Buffalo County,1837840347.4776318,0.13768634512531394,8.40319865345579
2983,55013,413313865.6443619,Burnett County,2279771193.6042395,0.1812962049892941,8.616279975018607
2984,55015,313635066.9182467,Calumet County,1028425265.1674988,0.30496631844917305,8.49642461433801
2985,55017,150631236.86561617,Chippewa County,2696861852.7722597,0.05585426510103721,8.177915042197315
2986,55019,200475402.76359335,Clark County,3156341163.6876554,0.0635151247494968,8.302061094667328
2987,55021,316210682.12815267,Columbia County,2061591285.9537601,0.1533818484209702,8.499976537042697
2988,55023,197141048.0235585,Crawford County,1551946730.8221698,0.12702823112950515,8.294777060984158
2989,55025,390009201.52266157,Dane County,3205116384.9844666,0.12168331962914093,8.591074853497807
2990,55027,452356678.08037674,Dodge County,2349381177.877533,0.19254290548502764,8.655481006131623
2991,55029,490500335.7154952,Door County,6138895121.706503,0.07990042605242373,8.690639308963208
2992,55031,388702855.99847096,Douglas County,3832338107.8177023,0.10142707795158894,8.589617731627547
2993,55033,173102515.98049432,Dunn County,2237475522.459897,0.07736509930181679,8.23830338023206
2994,55035,179855817.17945278,Eau Claire County,1671059890.4108434,0.10762978527073246,8.254924489018665
2995,55037,35617482.30547635,Florence County,1288088389.8876505,0.027651427173086295,7.551663217231412
2996,55039,388005850.0549272,Fond du Lac County,1983520821.5351815,0.19561470988473068,8.588838273604143
2997,55041,207679797.10377648,Forest County,2710452907.193952,0.07662180610205876,8.317394250831374
2998,55043,242907197.95108363,Grant County,3064923997.0959477,0.07925390586560747,8.38544038423516
2999,55045,114723238.73842345,Green County,1513980437.7454107,0.07577590560500702,8.059651399017635
3000,55047,186552733.0772047,Green Lake County,984517363.4349372,0.18948648343420835,8.270801616025404
3001,55049,143233314.36767632,Iowa County,1989250298.0361452,0.07200366615959845,8.156044041461938
3002,55051,239069151.83070675,Iron County,2380629082.4095783,0.1004226797014218,8.378523540759943
3003,55053,121177930.89147633,Jackson County,2591226316.4808016,0.04676470369290267,8.083423532665778
3004,55055,374305488.6215311,Jefferson County,1509294203.928907,0.2480003485385161,8.573226195431285
3005,55057,328457160.8235987,Juneau County,2085368201.480551,0.15750559569787417,8.516478734532924
3006,55059,98558760.64023292,Kenosha County,1952915653.089588,0.050467494837428926,7.993695233679341
3007,55061,77698442.3510704,Kewaunee County,2808284574.4907675,0.027667581503971916,7.89041231243436
3008,55063,188564938.75104588,La Crosse County,1243325527.7614424,0.15166176077036678,8.275460944381946
3009,55065,123079726.78684439,Lafayette County,1643524470.09998,0.07488767525277984,8.090186523530383
3010,55067,3613.6270084820317,Langlade County,2299376155.651363,1.5715684445976914e-06,3.557943443692936
3011,55069,118046618.63706627,Lincoln County,2348577789.086083,0.05026302266232472,8.072053551534516
3012,55071,207793972.03800294,Manitowoc County,3869641415.176069,0.05369850840004727,8.317632944818032
3013,55073,378808087.88960874,Marathon County,4082686893.077082,0.09278401646032294,8.578419243004847
3014,55075,732620.8135674079,Marinette County,4014477420.4287143,0.00018249469030247274,5.864879253290243
3015,55077,134863875.91258433,Marquette County,1202958270.188203,0.11211018640861486,8.129895636904417
3016,55078,12362.993531320975,Menominee County,945239950.4019892,1.3079211819245762e-05,4.092123677137347
3017,55079,87213975.51817268,Milwaukee County,3080824529.157333,0.028308647471729734,7.9405860836084
3018,55081,177926172.45719913,Monroe County,2351916647.672825,0.07565156385676064,8.250239836325285
3019,55083,246819178.73974937,Oconto County,2975503357.099696,0.08295039498134887,8.392378902920619
3020,55085,404984751.3364021,Oneida County,3202705509.967234,0.12645082417850695,8.607438671277148
3021,55087,293475712.7468423,Outagamie County,1669527039.2385583,0.17578374344909767,8.467572166040073
3022,55089,113992053.59325334,Ozaukee County,2890927189.653468,0.03943096664669629,8.0568745776483
3023,55091,100215703.48640612,Pepin County,644136039.313441,0.15558158117223506,8.000935779451064
3024,55093,123216545.26739629,Pierce County,1535152869.0183773,0.08026337165117936,8.090669027928374
3025,55095,160234937.40438798,Polk County,2477103578.189129,0.06468640989228505,8.204757215044651
3026,55097,149606764.52053618,Portage County,2131088173.7778633,0.07020205281103993,8.174951230747414
3027,55099,61066.60878811308,Price County,3310087127.476912,1.8448640907727592e-05,4.78580381010256
3028,55101,151165921.37396607,Racine County,2051642571.1618109,0.07368043707942916,8.179453895484363
3029,55103,116096103.76900378,Richland County,1526273724.2457867,0.07606506088963372,8.064817644892914
3030,55105,147594895.2575997,Rock County,1880740805.910365,0.07847699948540064,8.16907133716616
3031,55107,198747744.4233728,Rusk County,2410906002.2785525,0.08243695284492049,8.298302208575768
3032,55109,113304583.2154536,St. Croix County,1904120161.9653158,0.059504954297898704,8.05424747760706
3033,55111,215107827.3139285,Sauk County,2199379006.0249643,0.0978038922462493,8.332656213724668
3034,55113,60444.288119612465,Sawyer County,3497100803.0916843,1.7284113762513064e-05,4.781355274245552
3035,55115,173299544.9564616,Shawano County,2355324907.4493046,0.07357776602640188,8.238797422363525
3036,55117,171746840.99005422,Sheboygan County,3292501055.9466653,0.05216303292594489,8.23488875765141
3037,55119,148422922.01096797,Taylor County,2550005275.8490734,0.058204947031549846,8.171500977321504
3038,55121,177951036.68357408,Trempealeau County,1921705313.4726353,0.09260058523853797,8.250300522404931
3039,55123,166333184.29304796,Vernon County,2114425474.2423196,0.07866590065211523,8.220978901763639
3040,55125,86129964.0616137,Vilas County,2635873906.2838025,0.03267605626213144,7.935154266008554
3041,55127,135003065.18467477,Walworth County,1493377497.4780524,0.09040116475081604,8.130343629073616
3042,55129,254387944.70413655,Washburn County,2210079944.335619,0.11510350354344721,8.405496526504326
3043,55131,168404712.0936183,Washington County,1128361599.5469708,0.14924711383410388,8.226354239230497
3044,55133,201978173.23115614,Waukesha County,1503587402.032052,0.1343308496454472,8.305304439956519
3045,55135,226659523.8192335,Waupaca County,1981791627.5694451,0.11437101694551942,8.355373972040972
3046,55137,164502098.36378762,Waushara County,1650846858.8082757,0.09964709778261291,8.21617144211843
3047,55139,548760124.2063076,Winnebago County,1498491778.4412313,0.3662082983045404,8.739382545727276
3048,55141,514491270.9045842,Wood County,2095953081.3914263,0.24546888738703654,8.711378010721976
3049,56001,523756190.05557215,Albany County,11159618195.152056,0.04693316392160276,8.719129168750534
3050,56003,374912020.65359366,Big Horn County,8179911659.565652,0.04583326034030803,8.57392936525555
3051,56005,160145873.7105589,Campbell County,12448303445.77186,0.01286487547545713,8.204515753194114
3052,56007,242391653.41366848,Carbon County,20626603850.94377,0.011751408771181585,8.38451766112807
3053,56009,101251471.78003073,Converse County,11046455487.286022,0.009165969291830004,8.005401344792727
3054,56011,262789.7777104321,Crook County,7421255290.403548,3.5410421475494386e-05,5.419608469198302
3055,56013,5388949.131146774,Fremont County,23998159688.700584,0.00022455676606252995,6.731504084183848
3056,56015,371691906.6596642,Goshen County,5781281326.0243,0.06429230575348444,8.570183104730699
3057,56017,0.0,Hot Springs County,5196554925.550361,0.0,-3.0
3058,56019,317013.44760373456,Johnson County,10812157138.47941,2.932009251655386e-05,5.50107768660419
3059,56021,369840825.17140806,Laramie County,6960703703.508199,0.05313267751721828,8.568014849409648
3060,56023,273727809.8832606,Lincoln County,10605021953.56656,0.025811149762985975,8.437318922604602
3061,56025,17880949.593565755,Natrona County,13922899073.089197,0.001284283503004547,7.252390578930206
3062,56027,9380.69085623499,Niobrara County,6806350669.739305,1.3782262054085861e-06,3.9722348701769925
3063,56029,208909782.64214963,Park County,18039667292.52062,0.011580578469358201,8.319958777215652
3064,56031,6005.008643008737,Platte County,5467056422.361822,1.0983988784982238e-06,3.7785137091414427
3065,56033,63226797.374017134,Sheridan County,6543462498.145552,0.009662590316966882,7.800901184065579
3066,56035,21215.362785772766,Sublette County,12783283770.186375,1.6596176043007027e-06,4.326650483135355
3067,56037,45576.93059685709,Sweetwater County,27171988309.625843,1.6773498529995755e-06,4.658745083560249
3068,56039,300683044.27701426,Teton County,10922649457.625921,0.027528398255707534,8.4781089386289
3069,56041,261810880.95954594,Uinta County,5408258287.819763,0.04840946327382046,8.41798769203492
3070,56043,35117083.577695966,Washakie County,5808569009.178066,0.006045737516797646,7.545518441224048
3071,56045,54.553004450925584,Weston County,6216030056.906227,8.77618093083628e-09,1.7368266347980568
3072,60010,23117573.510445982,Eastern District,414849093.76523185,0.055725259758018175,7.363942247313672
3073,60020,11314064.402706575,Manu'a District,521858992.10616094,0.021680309382127064,7.053618646571155
3074,60050,13561791.327076461,Western District,269226443.1108019,0.050373177204941263,7.132317057710794
3075,66010,97055549.46529022,Guam,1477893555.4910989,0.06567154251717337,7.9870203726319895
3076,69100,4917306.484955912,Rota Municipality,624189588.165462,0.007877905332269687,6.691727277847058
3077,69110,18528476.092113327,Saipan Municipality,651656084.6794277,0.028432905834414372,7.267839701479312
3078,69120,10354048.322505716,Tinian Municipality,741133982.1600378,0.013970548607592927,7.015110187551661
3079,72001,3417063.3000660175,Adjuntas Municipio,173758814.55869925,0.019665553708710783,6.53365302417454
3080,72003,20835095.973093737,Aguada Municipio,117949606.18409333,0.17664404865052916,7.318795505317574
3081,72005,14986494.574539466,Aguadilla Municipio,195745706.18496594,0.07656103863845821,7.1757000608313755
3082,72007,871473.3525460782,Aguas Buenas Municipio,77947888.3587939,0.011180204761092294,5.9402541125190815
3083,72009,1363976.4144901936,Aibonito Municipio,81166345.0380169,0.016804704140014323,6.134806861001531
3084,72011,25592149.706434987,Añasco Municipio,116355068.9429079,0.21994873054471156,7.408106767593507
3085,72013,62860641.788270965,Arecibo Municipio,443430731.5873047,0.14175977736873357,7.798378810727315
3086,72015,7509876.817113111,Arroyo Municipio,92329480.36059946,0.08133780010222894,6.875632813481866
3087,72017,18058336.11517129,Barceloneta Municipio,80041774.64157665,0.22561139100220706,7.256677732198141
3088,72019,261609.43281769933,Barranquitas Municipio,88791852.39115828,0.0029463225033893974,5.417653400894959
3089,72021,4331813.849229229,Bayamón Municipio,115411721.60805641,0.03753356928458507,6.636669785544403
3090,72023,69317360.09195526,Cabo Rojo Municipio,459493588.81538105,0.1508559896791207,7.840842014531005
3091,72025,12076717.808422852,Caguas Municipio,152984157.82666856,0.07894096996700668,7.081948918478808
3092,72027,3864477.726460596,Camuy Municipio,160564495.9080117,0.02406807124206697,6.587090808627371
3093,72029,14463344.761537245,Canóvanas Municipio,85492452.69345388,0.16917686071538685,7.160268738597258
3094,72031,39648465.17291979,Carolina Municipio,156246786.48755226,0.25375539596187774,7.598226380067271
3095,72033,7433669.2013214575,Cataño Municipio,18130638.26962867,0.41000592978427475,6.871203231120363
3096,72035,2598293.6248714887,Cayey Municipio,134578426.65769053,0.01930691039716512,6.414688227911034
3097,72037,31437405.4255882,Ceiba Municipio,411380520.72910154,0.07641928540969996,7.497446695910217
3098,72039,4061098.724949698,Ciales Municipio,172770606.59455758,0.023505727073586752,6.608643547385631
3099,72041,2402928.526348953,Cidra Municipio,94418336.74750802,0.025449807835260067,6.380740853350891
3100,72043,1643714.1283086953,Coamo Municipio,202091027.89298967,0.008133533415343246,6.21582628835047
3101,72045,1665384.6390963232,Comerío Municipio,73877205.45153011,0.022542604703543648,6.2215145548268
3102,72047,210357.2693471587,Corozal Municipio,110260339.56551383,0.0019078235218219137,5.32295752665531
3103,72049,52430170.01476271,Culebra Municipio,437273872.21730137,0.11990236175992641,7.719581266006454
3104,72051,26916874.471883394,Dorado Municipio,139108951.2552279,0.19349491336828567,7.430024629178024
3105,72053,21781938.097104758,Fajardo Municipio,272801644.41422665,0.07984533283835596,7.338096519490685
3106,72054,0.0,Florida Municipio,39451761.14360254,0.0,-3.0
3107,72055,31948938.836923357,Guánica Municipio,205854984.42530522,0.15520119139265282,7.504456437940813
3108,72057,38751233.72635971,Guayama Municipio,276655742.668794,0.14007023079492628,7.5882855337444
3109,72059,25214108.493878264,Guayanilla Municipio,166333467.37634608,0.15158770445654707,7.4016436172463065
3110,72061,4088606.838478493,Guaynabo Municipio,71912941.20568588,0.0568549522510035,6.611575350795405
3111,72063,11504181.190006632,Gurabo Municipio,73329698.82036857,0.15688297340737406,7.060855713236535
3112,72065,5987637.275740424,Hatillo Municipio,152086471.10817382,0.03936995337002478,6.777255483474382
3113,72067,11047380.996122543,Hormigueros Municipio,29385362.80352728,0.3759484294948527,7.043259332020131
3114,72069,34890017.58751887,Humacao Municipio,184918379.92135397,0.18867793240649006,7.542701188381753
3115,72071,8737830.340137795,Isabela Municipio,237892740.92185754,0.03673012596465891,6.941403607937868
3116,72073,1958849.222122072,Jayuya Municipio,115382666.57657768,0.016976979993975214,6.2920010086919556
3117,72075,33682847.261558294,Juana Díaz Municipio,277670140.27777267,0.1213052553215229,7.527408795955652
3118,72077,5111840.96589982,Juncos Municipio,68933058.9147037,0.0741565954910706,6.708577334142479
3119,72079,60352523.66236561,Lajas Municipio,261940587.173532,0.23040539197685656,7.780695434999374
3120,72081,1520126.108062055,Lares Municipio,159651137.9361541,0.009521548845270159,6.181879618338141
3121,72083,1543549.2590881232,Las Marías Municipio,120448044.70187287,0.01281506281740514,6.188520493904332
3122,72085,897089.3837819203,Las Piedras Municipio,87780928.80137324,0.010219638776115186,5.952835717719162
3123,72087,53019025.56383846,Loíza Municipio,169909740.59508103,0.3120422959751925,7.724431741584503
3124,72089,14739993.283818338,Luquillo Municipio,120510584.98102438,0.12231285149050848,7.168497285669098
3125,72091,25392558.8449813,Manatí Municipio,183076820.77437547,0.13869892833825853,7.404706467580872
3126,72093,100096.55179672933,Maricao Municipio,94864249.2065821,0.0010551556844006962,5.000419121164261
3127,72095,7305869.867224506,Maunabo Municipio,99365724.45245576,0.07352505008626188,6.863671932313984
3128,72097,28010291.50462347,Mayagüez Municipio,709879977.0046222,0.03945778499460492,7.447317628588829
3129,72099,3210604.42017959,Moca Municipio,130440087.72710457,0.024613632788231008,6.506586799405795
3130,72101,1819847.7610298363,Morovis Municipio,100815706.64762482,0.01805123250676249,6.260035058932466
3131,72103,30651129.67864708,Naguabo Municipio,187151181.033207,0.16377737778319723,7.486446485529667
3132,72105,1953019.4988378435,Naranjito Municipio,71867241.87866193,0.027175378486560698,6.290706579503777
3133,72107,716496.5396621394,Orocovis Municipio,165168721.0203245,0.004337967474931119,5.855214097908561
3134,72109,14496752.777891845,Patillas Municipio,194770406.73920122,0.07442995586749011,7.161270732707905
3135,72111,20485953.405845415,Peñuelas Municipio,175769538.58706757,0.11655007784922689,7.311456180624858
3136,72113,61530240.73089453,Ponce Municipio,501368775.4569564,0.12272451684853086,7.789088614232005
3137,72115,3851758.822495947,Quebradillas Municipio,88914554.17234676,0.04331977884104242,6.585659086109821
3138,72117,7715627.051791625,Rincón Municipio,140929948.2965488,0.05474795914603036,6.887371227158849
3139,72119,36994651.88625218,Río Grande Municipio,231884965.29405415,0.15953881201111564,7.568138945047166
3140,72121,2227285.5910734423,Sabana Grande Municipio,94037116.91539024,0.0236851752173287,6.347775907698311
3141,72123,51497172.99516215,Salinas Municipio,295571843.2193586,0.17422895372663602,7.711783388538938
3142,72125,14256565.617637943,San Germán Municipio,141174399.15729094,0.10098548818156358,7.154014917345182
3143,72127,26041788.426823884,San Juan Municipio,199297905.93225893,0.1306676470332581,7.415670806227352
3144,72129,2871252.07071048,San Lorenzo Municipio,137804392.16448468,0.020835707959753022,6.458071321562109
3145,72131,5331292.577886719,San Sebastián Municipio,184466645.82247296,0.028901119517386626,6.726832517060569
3146,72133,23858578.98968912,Santa Isabel Municipio,199285361.23614955,0.11972068014276842,7.37764457366457
3147,72135,7118726.451862715,Toa Alta Municipio,71388079.74473593,0.0997186992186555,6.852402304877616
3148,72137,33647670.849676035,Toa Baja Municipio,108277722.40301785,0.310753404328518,7.526955006993628
3149,72139,3967926.6231029104,Trujillo Alto Municipio,55378729.92806348,0.07165073356245646,6.59856363247361
3150,72141,9945941.723237945,Utuado Municipio,297999805.70280606,0.03337566512763767,6.997645910263587
3151,72143,9932368.824099906,Vega Alta Municipio,97118278.91296281,0.1022708488584448,6.9970528381209105
3152,72145,35763807.665923364,Vega Baja Municipio,176572746.26276195,0.20254432477763257,7.553443750635655
3153,72147,74208409.97958964,Vieques Municipio,683734378.3065857,0.10853397508456812,7.8704531263193624
3154,72149,4981977.2525527,Villalba Municipio,95795958.94368508,0.052006131651977316,6.697401740326321
3155,72151,30105475.489816368,Yabucoa Municipio,215597694.1496208,0.1396372795570055,7.4786454909155955
3156,72153,8072732.540889341,Yauco Municipio,177060256.56369764,0.045593137034595714,6.907020564089294
3157,78010,61464558.07878149,St. Croix Island,861559799.288318,0.07134102372180505,7.788624763461781
3158,78020,19684996.032013565,St. John Island,237668285.1738511,0.0828255062202105,7.294135331605776
3159,78030,40570656.03844948,St. Thomas Island,799030690.5789765,0.0507748407123787,7.608212030430706
