geo_id,county_name,protected_count,total_protected_area_m,pct_protected
01001,Autauga County,2,1493472.5004882507,0.0009541070997036072
01003,Baldwin County,267,434159609.1625957,0.0826874301839558
01005,Barbour County,16,108740200.37894727,0.04641693940089621
01007,Bibb County,28,38839284.75297165,0.023948832208110237
01011,Bullock County,9,17709388.175103948,0.010937701379119553
01015,Calhoun County,7,67582686.29532579,0.042617879729810675
01019,Cherokee County,25,31883667.847527694,0.020518061310756966
01021,Chilton County,1,395189.26158900495,0.00021773140801562143
01025,Clarke County,3,109085057.2375149,0.03362513329084254
01027,Clay County,8,52275240.5713906,0.033306151563886215
01029,Cleburne County,1,23923867.204960298,0.016464939687640758
01031,Coffee County,1,12115.463591626689,6.874126507817488e-06
01033,Colbert County,33,164199097.15052283,0.1016773912184025
01035,Conecuh County,5,476175.04892091313,0.00021559650336872943
01037,Coosa County,28,123256141.17192598,0.07141813258808843
01039,Covington County,3,2031428.4316682834,0.0007514456144305517
01041,Crenshaw County,3,1340444.7745931991,0.0008471273832253696
01045,Dale County,1,787193.6727391543,0.0005401624696957008
01047,Dallas County,6,2777516.310299996,0.0010790474906523938
01049,DeKalb County,22,31911344.746987887,0.015823329723757405
01051,Elmore County,2,23663424.410628125,0.013905536442113078
01055,Etowah County,15,1541051.1983510784,0.0010845295424315887
01057,Fayette County,2,6366332.726433412,0.003905667523771243
01059,Franklin County,5,2935459.6032870347,0.0017530517761104854
01061,Geneva County,3,28804820.34197912,0.019209925724318563
01063,Greene County,4,15809982.503646234,0.009249940253674893
01065,Hale County,13,13968479.343360689,0.008215155018987903
01069,Houston County,13,1813172.2490033456,0.0012035359221360888
01071,Jackson County,124,288661446.07061726,0.09891155046504752
01073,Jefferson County,8,4496248.066120054,0.0015442883213240054
01075,Lamar County,12,42753249.56822111,0.027263574468105227
01077,Lauderdale County,20,70214960.96383603,0.03767391828539072
01079,Lawrence County,21,103524693.39187847,0.055731944590331386
01081,Lee County,3,3828662.8191664433,0.002400349952063615
01083,Limestone County,263,36033727.55122382,0.02291336290680472
01085,Lowndes County,35,30314767.369014315,0.01614270928837777
01087,Macon County,5,2461091.3846794954,0.0015496092992099211
01089,Madison County,258,52034104.620097205,0.024720197760902587
01091,Marengo County,21,14364301.382488023,0.005643888946885236
01093,Marion County,15,30545130.75251323,0.015860673115595025
01095,Marshall County,9,4238342.010921297,0.0026259383518369974
01097,Mobile County,85,153023564.08827123,0.03593726024010384
01099,Monroe County,6,18908402.034987006,0.007057797582200931
01101,Montgomery County,20,17835906.264178555,0.008609049142919208
01103,Morgan County,441,37288531.29093203,0.024033364011147213
01105,Perry County,1,508358.08731576893,0.0002711476555438143
01107,Pickens County,2,8775.212725664342,3.8062801090261967e-06
01109,Pike County,2,1661325.778356664,0.0009531500187319165
01113,Russell County,2,2944462.207807503,0.0017566115262323352
01115,St. Clair County,4,291622.3839684081,0.00017233413859222847
01117,Shelby County,22,33717784.89430567,0.01608237147669489
01119,Sumter County,8,15183046.53400759,0.006418443652576881
01121,Talladega County,6,1955499.080424275,0.000993031755021639
01123,Tallapoosa County,3,1604471.2507087195,0.0008084652204316833
01125,Tuscaloosa County,7,27898256.975147113,0.007971651090235062
01127,Walker County,16,30127080.706348523,0.01444638442068762
01129,Washington County,1,61315303.330050156,0.021747849094900008
01131,Wilcox County,18,13533596.074555468,0.005758651148847085
01133,Winston County,3,26478597.039389316,0.016179705814967776
02013,Aleutians East Borough,1850,12730057465.808826,0.32732217909626626
02016,Aleutians West Census Area,22607,9012814412.80902,0.24651086109888637
02020,Anchorage Municipality,21,1948039417.462997,0.3863713228747229
02050,Bethel Census Area,2919,51818513014.058205,0.43918263343142766
02060,Bristol Bay Borough,6,153882009.50834197,0.07000695422366666
02063,Chugach Census Area,3801,11539195197.7843,0.2942071545216965
02066,Copper River Census Area,73,38291543569.3772,0.587545817797849
02068,Denali Borough,9,17460397891.68212,0.5322288291773486
02070,Dillingham Census Area,237,16877634360.157064,0.31588879688165655
02090,Fairbanks North Star Borough,13,992602593.0169417,0.051546598891659474
02100,Haines Borough,19,542234046.9364814,0.07623968158073235
02105,Hoonah-Angoon Census Area,1663,16521627536.974108,0.6663795805098279
02110,Juneau City and Borough,77,277570916.13106024,0.03292561048242175
02122,Kenai Peninsula Borough,996,26808333905.396282,0.4187083695459024
02130,Ketchikan Gateway Borough,982,8681831976.263096,0.5038426756512676
02150,Kodiak Island Borough,2053,15559415212.68184,0.4943745131331243
02158,Kusilvak Census Area,1272,34858474391.025116,0.6846334224955205
02164,Lake and Peninsula Borough,1099,33260276911.913765,0.37919079555241136
02170,Matanuska-Susitna Borough,64,11257271366.81815,0.17203114330830815
02180,Nome Census Area,391,7402817012.164195,0.10103296917828157
02185,North Slope Borough,358,66635078345.64256,0.27131225066628867
02188,Northwest Arctic Borough,845,52170143520.15424,0.49589134853541617
02195,Petersburg Borough,85,2475835034.7350664,0.2501106880260944
02198,Prince of Wales-Hyder Census Area,2381,1351001627.7380745,0.04781322992158009
02220,Sitka City and Borough,2514,2124201679.0023904,0.17032753885095964
02230,Skagway Municipality,20,47472777.443144456,0.04117896327043379
02240,Southeast Fairbanks Census Area,599,11988637615.739744,0.18425749637466943
02275,Wrangell City and Borough,322,1459699149.0734339,0.16210351492581188
02282,Yakutat City and Borough,39,12299580656.018728,0.5181954678973456
02290,Yukon-Koyukuk Census Area,1473,141348004762.8816,0.3690520734871653
04001,Apache County,71,601706876.1779147,0.02070735552872641
04003,Cochise County,87,1119226014.8810022,0.06951230132319636
04005,Coconino County,1722,7326670017.804148,0.15158802685158088
04007,Gila County,21,1051237972.61294,0.0846507121832587
04009,Graham County,25,873588736.930217,0.07268952420060468
04011,Greenlee County,19,811228545.0244485,0.16954018184060887
04012,La Paz County,58,1726212901.565163,0.14775929161776558
04013,Maricopa County,94,3327606287.1085925,0.13925814264768482
04015,Mohave County,2653,10248719439.4076,0.2939676423358003
04017,Navajo County,27,118349819.54583219,0.004588413581926043
04019,Pima County,219,5144311184.023614,0.21611399115430757
04021,Pinal County,70,3588318740.8353534,0.2577748242832735
04023,Santa Cruz County,29,243848368.73492268,0.07608449466079745
04025,Yavapai County,55,1783759515.7431283,0.08474054710311556
04027,Yuma County,30,4108092126.922322,0.28740033600311077
05001,Arkansas County,60,395784266.68863326,0.14711365969915732
05003,Ashley County,32,172172230.21395177,0.07068787590817963
05005,Baxter County,4,309808945.51978135,0.2038764870324309
05007,Benton County,17,5403521.226809613,0.002359111449880624
05009,Boone County,7,161297.9124806389,0.00010345091757876818
05011,Bradley County,7,68914036.91866994,0.04075726121243593
05013,Calhoun County,1,184393.6223911131,0.00011257546129889206
05015,Carroll County,5,18123235.887147225,0.010955754526643583
05017,Chicot County,42,69855642.16537799,0.03902162442486719
05019,Clark County,3,1792978.9161305728,0.0007840486830189507
05021,Clay County,40,73349136.57089272,0.04415750519764792
05023,Cleburne County,5,6451786.364717563,0.004206864217087169
05025,Cleveland County,3,3077117.8664445477,0.0019837747805096853
05027,Columbia County,3,3902224.8649142617,0.001964782596754422
05029,Conway County,27,44247698.933008865,0.030157587198553305
05031,Craighead County,21,51996636.14274747,0.028169301219628313
05033,Crawford County,15,5503747.142554115,0.003508573455676264
05035,Crittenden County,14,28648719.537273396,0.01716518168715711
05037,Cross County,8,3785927.744508107,0.0023491082768086068
05039,Dallas County,1,1305828.7958745882,0.0007547751673632805
05041,Desha County,28,164762865.7924649,0.07827401744540864
05043,Drew County,25,71945101.72466108,0.03323057309102034
05045,Faulkner County,10,31507403.217368726,0.01831858029901365
05047,Franklin County,11,94973651.97170755,0.059134118152939986
05051,Garland County,5,14367616.226583632,0.007552101825378289
05055,Greene County,26,29075935.873911574,0.01937649667252567
05057,Hempstead County,26,73764069.82804339,0.038435256432647565
05059,Hot Spring County,6,4284087.896164826,0.002658574370193699
05061,Howard County,5,124903792.51085244,0.0809726050154053
05063,Independence County,45,55463677.00269525,0.02775605443511875
05065,Izard County,1,2027853.4789051402,0.0013409154284771481
05067,Jackson County,53,44180919.79356339,0.026593719896886667
05069,Jefferson County,21,45268817.381244056,0.019081150194988735
05071,Johnson County,7,56299072.96230087,0.031780722770234124
05073,Lafayette County,11,82504679.97052619,0.05833373848895709
05075,Lawrence County,13,48920841.42120183,0.031889240937962755
05077,Lee County,59,76544633.17474099,0.04750336784718953
05079,Lincoln County,2,1899043.2424624478,0.0012868739257764629
05081,Little River County,20,21531270.900770783,0.014756962738484362
05083,Logan County,2,19583838.339907333,0.010358698296908877
05085,Lonoke County,25,37155151.526793964,0.017856488672023666
05087,Madison County,7,64055622.22209194,0.029544299703407967
05089,Marion County,18,102844643.020766,0.06202432047431426
05091,Miller County,11,156440567.57318416,0.09463431865591211
05093,Mississippi County,30,101639126.6595467,0.04219781932209176
05095,Monroe County,175,437009129.0428779,0.2715988330937834
05097,Montgomery County,6,212299979.71654737,0.10234563881615788
05099,Nevada County,36,31952367.95285181,0.01987634703652222
05101,Newton County,56,284456552.20276284,0.13339033594411856
05103,Ouachita County,61,48878952.37254251,0.025511960132633404
05105,Perry County,12,331534477.2006639,0.22826946035374288
05107,Phillips County,61,102399916.07862711,0.05435265217282588
05109,Pike County,2,128564918.62049045,0.0808510074322131
05111,Poinsett County,28,93587737.15051235,0.047317478640678326
05113,Polk County,16,114252294.82556733,0.05119468092995808
05115,Pope County,16,110692636.94023378,0.051457937006750616
05117,Prairie County,117,217753525.72179168,0.1244520485843498
05119,Pulaski County,14,74408672.42215413,0.03558267189635406
05121,Randolph County,7,39672457.93501851,0.02335299243707354
05123,St. Francis County,47,132243405.14021191,0.07946839695862909
05125,Saline County,19,281100719.25643134,0.1485847616791446
05127,Scott County,6,257677553.16757765,0.11074120509845915
05129,Searcy County,30,83112600.26238532,0.048011980846732104
05131,Sebastian County,3,29547218.18247799,0.020951478505891234
05133,Sevier County,26,111994824.39219035,0.07438765533040856
05135,Sharp County,6,58538804.26054979,0.03725683150796224
05137,Stone County,10,242630938.4545011,0.15367877145761424
05139,Union County,21,177643597.79841354,0.06499300937792489
05141,Van Buren County,7,57320510.469799936,0.030571161476920034
05143,Washington County,3,109686.57845971476,4.447514234504588e-05
05145,White County,88,204569645.9497276,0.07580022921296649
05147,Woodruff County,246,248682196.8530822,0.16161550236487124
05149,Yell County,28,268626450.87276155,0.10934516957385987
06001,Alameda County,132,181868981.9527727,0.08550813232854933
06003,Alpine County,26,955664005.1204569,0.49648751921378587
06005,Amador County,7,88371285.91619495,0.05630880817050965
06007,Butte County,111,271066180.7836158,0.062403733182119434
06009,Calaveras County,2,11084642.699954806,0.004127394767439551
06011,Colusa County,123,165577043.63898778,0.05528556315756033
06013,Contra Costa County,106,151740973.52702776,0.07287820707957708
06015,Del Norte County,1002,684959601.9261714,0.2150673497258195
06017,El Dorado County,32,298953982.2810567,0.06461561164581514
06019,Fresno County,142,3676554485.092711,0.23614962701012912
06021,Glenn County,92,136467278.5054105,0.039707034597729514
06023,Humboldt County,1473,953494703.1383828,0.09084975109286816
06025,Imperial County,313,1376241494.4886422,0.11859347302137445
06027,Inyo County,555,17496880638.605545,0.660557121968125
06029,Kern County,532,2008544869.6821375,0.09497995801697497
06031,Kings County,7,22497187.56654945,0.006239224842807216
06033,Lake County,52,607593720.9838489,0.17663901577285987
06035,Lassen County,123,1207817450.9390597,0.09879863048347862
06037,Los Angeles County,802,815893222.3541151,0.0663274340855133
06039,Madera County,57,943167898.457433,0.16912156044740345
06041,Marin County,466,494505744.14774334,0.23054228504931573
06043,Mariposa County,84,1134430530.4912422,0.2994248892432129
06045,Mendocino County,3631,950299720.1619654,0.09461015055008361
06047,Merced County,228,803091131.6558545,0.15671033838553255
06049,Modoc County,65,611611311.6275375,0.05618131775961817
06051,Mono County,219,2810783272.9906406,0.3465259610401116
06053,Monterey County,2830,1435783266.5977895,0.14699723188446787
06055,Napa County,90,345293429.42632747,0.16826744454000855
06057,Nevada County,70,66171015.623759136,0.02623627341313701
06059,Orange County,219,195351071.89377382,0.07941890696499325
06061,Placer County,86,256714513.62608916,0.06598033286532913
06063,Plumas County,45,290612007.2409423,0.04293412079192001
06065,Riverside County,1005,7410147947.972685,0.39176568328026545
06067,Sacramento County,130,170231779.29380313,0.06609950448874687
06069,San Benito County,28,158012378.88155156,0.043876352403151145
06071,San Bernardino County,703,22548427830.567757,0.4330179405649675
06073,San Diego County,684,1017111484.296913,0.08677254695120604
06075,San Francisco County,191,12010694.021729888,0.019996029287107725
06077,San Joaquin County,226,71154937.00562547,0.01925771343761812
06079,San Luis Obispo County,2024,1522933287.633502,0.16262329218662877
06081,San Mateo County,1032,231245157.9424529,0.12050005437121186
06083,Santa Barbara County,505,1675391066.3017745,0.17078270972564302
06085,Santa Clara County,258,446752895.3455965,0.13227368829756636
06087,Santa Cruz County,268,94255911.26257814,0.059938702315707526
06089,Shasta County,59,743984142.4526486,0.07466189458196698
06091,Sierra County,27,109276005.21522419,0.04385083153473003
06093,Siskiyou County,83,2680048546.7587705,0.16300923037956216
06095,Solano County,95,200502985.85627556,0.08543302996828278
06097,Sonoma County,1914,298109818.912098,0.06512651279839995
06099,Stanislaus County,197,200959005.6977087,0.05124688014666802
06101,Sutter County,46,82798515.17358328,0.05254422608004456
06103,Tehama County,122,1193492796.260165,0.1555648019347343
06105,Trinity County,71,2322017297.454272,0.2795026998810222
06107,Tulare County,248,4167634531.5042567,0.3325832328560296
06109,Tuolumne County,59,2282372083.195272,0.38744671597046654
06111,Ventura County,169,1208040445.3829057,0.2113820827364092
06113,Yolo County,55,298261529.2826873,0.11269966617660122
06115,Yuba County,31,66326626.34328828,0.039764830589073236
08001,Adams County,96,78110087.6854015,0.025480021044484786
08003,Alamosa County,81,536975382.3921182,0.2866446867780334
08005,Arapahoe County,187,70857027.32928078,0.03396286560329228
08007,Archuleta County,17,362134490.68319297,0.10315891267305113
08009,Baca County,16,92667740.41908473,0.013990658880677473
08011,Bent County,32,245902646.59464708,0.06160816607849105
08013,Boulder County,347,300161380.15312546,0.15651250169172853
08014,Broomfield County,44,4493687.141701204,0.05171714311191911
08015,Chaffee County,50,469443115.07958186,0.1785826948997728
08017,Cheyenne County,44,144083255.1570018,0.031228214866334293
08019,Clear Creek County,45,203627226.12243116,0.19836864358591275
08021,Conejos County,33,451603288.08468294,0.135062590719799
08023,Costilla County,37,834403191.9350119,0.2617094010201544
08025,Crowley County,3,18616597.96695921,0.008981155404380034
08027,Custer County,49,241921710.13190517,0.12623783329948063
08029,Delta County,26,458019776.75744337,0.1539625332546862
08031,Denver County,7,393520.1571590267,0.0009819942622157965
08033,Dolores County,55,322904150.37442863,0.1167119896815264
08035,Douglas County,494,121484100.83862086,0.0556071372023368
08037,Eagle County,114,786676531.4869173,0.17953579552576748
08039,Elbert County,48,246163420.36342165,0.051368129549644155
08041,El Paso County,18,44095303.48956391,0.007996308139654334
08043,Fremont County,25,406109797.7877754,0.10216985145252536
08045,Garfield County,27,777714087.504545,0.1015888716887941
08047,Gilpin County,9,50240617.04495602,0.12898785440793123
08049,Grand County,114,967428022.2822982,0.1997925210544165
08051,Gunnison County,295,1832498618.0348234,0.21705881417899436
08053,Hinsdale County,27,1579047674.4138353,0.5428259351013952
08055,Huerfano County,63,305719773.5080036,0.0740860665216043
08057,Jackson County,71,620681496.57539,0.1478418358473863
08059,Jefferson County,112,92723780.7472999,0.04625054348263466
08061,Kiowa County,10,45829568.91355043,0.009907731112314366
08063,Kit Carson County,3,11446037.859757535,0.0020443900112294185
08065,Lake County,14,204257499.4977092,0.205422702997294
08067,La Plata County,14,534949732.5082382,0.12152705455249117
08069,Larimer County,473,1725637162.2804542,0.25295182993131493
08071,Las Animas County,111,963960004.5925664,0.07793490519776848
08073,Lincoln County,41,276262650.1631455,0.04123895122026527
08075,Logan County,34,24489454.57379547,0.005125125143054115
08077,Mesa County,177,1503248431.566878,0.1737188536145583
08079,Mineral County,21,749974462.899391,0.3298865736752456
08081,Moffat County,218,1433104309.6068523,0.11646757955630227
08083,Montezuma County,72,969107447.5283964,0.1834319365206892
08085,Montrose County,94,619776272.5094787,0.10669337706179689
08087,Morgan County,32,28117816.429209705,0.008390610590256808
08089,Otero County,117,282257727.7256938,0.0858313071503305
08091,Ouray County,12,173652071.50815573,0.12365571049088116
08093,Park County,92,753306267.6312807,0.13158911303176968
08097,Pitkin County,58,1126503286.1539626,0.44692266809947073
08099,Prowers County,9,30314326.88681035,0.007118085796809377
08101,Pueblo County,51,559828171.6376381,0.09014678436218848
08103,Rio Blanco County,52,575929296.3834825,0.06899716473455234
08105,Rio Grande County,34,121826055.60891452,0.05155697030718059
08107,Routt County,191,747728129.5514412,0.12191017006493743
08109,Saguache County,191,1513300548.5515656,0.18430154823818828
08111,San Juan County,8,291536855.2336565,0.28988547736346026
08113,San Miguel County,80,219883321.67082745,0.06587651148930768
08115,Sedgwick County,10,8077478.815531904,0.005676573094656113
08117,Summit County,12,390548014.9785125,0.24350287246556596
08119,Teller County,21,58465992.325890094,0.04037850139978405
08121,Washington County,19,27857969.343024876,0.004261573582332509
08123,Weld County,55,101271418.62605539,0.0097345255725347
08125,Yuma County,61,191258036.26227427,0.031175419353117274
09110,Capitol Planning Region,1114,100505484.27565834,0.037092249686807965
09120,Greater Bridgeport Planning Region,73,14947594.030663112,0.0242328427110541
09130,Lower Connecticut River Valley Planning Region,711,84719227.86158262,0.06324484480030064
09140,Naugatuck Valley Planning Region,337,37547857.79616851,0.03438907548874236
09150,Northeastern Connecticut Planning Region,192,46745831.55678627,0.0320491022378169
09160,Northwest Hills Planning Region,534,156879374.65988114,0.07495464305859208
09170,South Central Connecticut Planning Region,728,37837769.268296234,0.023579294164798058
09180,Southeastern Connecticut Planning Region,326,59050828.74918651,0.033444701633874696
09190,Western Connecticut Planning Region,998,72778679.98211464,0.0433622490256237
10001,Kent County,98,103163217.9590224,0.04989350610862613
10003,New Castle County,230,79382172.8878094,0.062040405842755976
10005,Sussex County,177,116258547.15808833,0.03751825490929117
11001,District of Columbia,74,1732099.4107354777,0.009784437587872306
12001,Alachua County,104,223663254.18943524,0.08913717034935789
12003,Baker County,28,76659374.0604807,0.050254432734550006
12005,Bay County,16,15743633.325888075,0.004144379055238589
12007,Bradford County,3,294880.39040075114,0.0003788934043291321
12009,Brevard County,804,220808204.9524965,0.054754303019652756
12011,Broward County,103,10659725.71415622,0.003145560871376781
12013,Calhoun County,7,539636.6560579789,0.00036278945609872386
12015,Charlotte County,157,153665860.0697179,0.06263580783200814
12017,Citrus County,1622,215013984.1547787,0.08640909123285696
12019,Clay County,15,325631121.52109975,0.1953664683454611
12021,Collier County,707,1172913100.5412238,0.17384160833829224
12023,Columbia County,18,42828713.96984792,0.020636322140199337
12027,DeSoto County,6,18574651.180537388,0.011221488970517448
12029,Dixie County,49,113906417.60451196,0.0421504437655136
12031,Duval County,1776,146679745.5151378,0.061660983184013404
12033,Escambia County,84,118695180.37279543,0.04071070428473808
12035,Flagler County,25,46045165.78297065,0.031144476951045816
12037,Franklin County,56,714418246.6922736,0.19403341005340863
12039,Gadsden County,16,11325080.257332752,0.008273241404019194
12043,Glades County,17,129570676.47370285,0.05067387542783616
12045,Gulf County,24,131376310.31000508,0.06384085330431939
12047,Hamilton County,10,10388605.80492139,0.0077276061984163985
12049,Hardee County,9,12149182.548331961,0.007350802088769002
12051,Hendry County,20,174102524.5948573,0.056518049056313406
12053,Hernando County,352,31599024.42842354,0.017053871037633356
12055,Highlands County,2684,405372400.5062615,0.14142239888209585
12057,Hillsborough County,342,186423892.57851836,0.05420808642949027
12059,Holmes County,4,1255234.6866858318,0.0009910061640579237
12061,Indian River County,75,88079951.94410528,0.05515149494279428
12063,Jackson County,18,8642456.66131043,0.0034957024986432585
12065,Jefferson County,40,115734706.41554171,0.0664346942288479
12067,Lafayette County,5,3403392.792649822,0.002398318862219772
12069,Lake County,40,170128010.84901857,0.05678508559379978
12071,Lee County,852,252631485.46529526,0.06439119060585731
12073,Leon County,24,54003431.10984976,0.029710832055779533
12075,Levy County,77,270474682.3411771,0.06564057801758533
12077,Liberty County,31,107473164.1807826,0.049216493892963405
12079,Madison County,9,3542175.2431898797,0.001910933845738258
12081,Manatee County,89,169916917.4763692,0.06805313334625568
12083,Marion County,14,353162498.59400827,0.08201111220896919
12085,Martin County,182,247317009.14069366,0.1267915780784874
12086,Miami-Dade County,423,2912325052.586025,0.47061682952871614
12087,Monroe County,1986,6257453259.261743,0.456751314379661
12089,Nassau County,31,24481180.749660432,0.013021035777148257
12091,Okaloosa County,3,497810.5559982137,0.00015417294114716546
12093,Okeechobee County,24,324704817.33395237,0.14054251266858508
12095,Orange County,37,86020082.83618546,0.03309882783503161
12097,Osceola County,13,60822765.17384521,0.015593724965379713
12099,Palm Beach County,187,751777896.5793381,0.12179546192428616
12101,Pasco County,22,51733123.23298298,0.019687017590373147
12103,Pinellas County,200,94778992.68703541,0.04221647573653305
12105,Polk County,287,238346397.30955514,0.045774716952998354
12107,Putnam County,16,81541955.56156135,0.03807319635833536
12109,St. Johns County,241,213994043.1118439,0.10057206405837038
12111,St. Lucie County,119,58500796.31863494,0.03283033803864518
12113,Santa Rosa County,23,20493997.84666736,0.006474375886254337
12115,Sarasota County,81,278872200.38584,0.11037135651538958
12117,Seminole County,40,56215548.49550439,0.0628511086789577
12121,Suwannee County,12,8791477.679980483,0.004903398457836794
12123,Taylor County,11,23678415.5469584,0.006046893176626309
12125,Union County,2,3224.939128757788,4.985574369141788e-06
12127,Volusia County,192,357896618.1864451,0.09646814277141362
12129,Wakulla County,57,419093968.9317396,0.1764804893442985
12131,Walton County,25,25609100.99291419,0.007015316778503596
12133,Washington County,8,3396787.361704673,0.002129227713834757
13001,Appling County,19,33746404.31972988,0.025435363845957997
13003,Atkinson County,3,13760752.430994617,0.015421000389195423
13007,Baker County,4,137228857.08774418,0.15175749412386902
13009,Baldwin County,9,8308219.578787761,0.01195717571519253
13011,Banks County,5,15294306.297516223,0.02519198933442704
13013,Barrow County,1,7360888.921172753,0.01744317424853817
13015,Bartow County,4,56471337.55672616,0.046442420930407215
13019,Berrien County,6,8687516.61397998,0.007325607492934783
13021,Bibb County,72,25393095.1697824,0.03846253844506384
13023,Bleckley County,12,34781264.77076791,0.0612834394146292
13025,Brantley County,27,58880258.32744096,0.050834922509387426
13027,Brooks County,15,6397521.202068619,0.00496202237523233
13029,Bryan County,29,104770125.81554475,0.08901186059836086
13031,Bulloch County,13,48968903.20131716,0.027455660899393032
13033,Burke County,27,88695234.82503991,0.04101334023737533
13035,Butts County,7,5666424.910614028,0.011634785251623437
13037,Calhoun County,23,58066630.96854113,0.07905997907472062
13039,Camden County,49,110279144.32615544,0.0544552902109187
13043,Candler County,8,12426125.972148329,0.019279089803668156
13045,Carroll County,8,3551702.5796457315,0.0027220756773668263
13049,Charlton County,23,823653841.9823581,0.40646583335272496
13051,Chatham County,126,247736590.24389675,0.15183424496541953
13053,Chattahoochee County,3,104430.45119331064,0.0001605380254090167
13055,Chattooga County,18,12889880.136760984,0.015872609229062865
13057,Cherokee County,14,18349241.744138915,0.016312423713366483
13059,Clarke County,33,9723989.504201634,0.030991579997578282
13061,Clay County,14,5671693.256474939,0.010080485292285354
13063,Clayton County,23,17011427.14623512,0.04547619456013135
13065,Clinch County,23,156999209.55497885,0.07356581790476505
13067,Cobb County,22,2405273.9161210167,0.0026968859884515493
13069,Coffee County,11,27951694.09572399,0.01790792405006581
13071,Colquitt County,11,10357400.442700634,0.007184214979498112
13073,Columbia County,6,9182972.75073765,0.0115227258909114
13075,Cook County,1,2642001.9422495677,0.004374227041660219
13077,Coweta County,9,13018299.87516789,0.011270785258575576
13079,Crawford County,8,3962114.181694121,0.004686058521567594
13081,Crisp County,1,5958796.663631577,0.00818914195052159
13083,Dade County,35,25288704.041855074,0.05602983480668981
13085,Dawson County,8,108585382.68707146,0.19553837943528338
13087,Decatur County,50,58917927.81522334,0.03650434582827894
13089,DeKalb County,61,21603495.161539875,0.03076738142845025
13093,Dooly County,20,13445987.127295064,0.013066400994289273
13095,Dougherty County,17,48241235.2737389,0.05567133579273033
13097,Douglas County,25,16793503.944063835,0.03223604637935339
13099,Early County,21,22584316.650516786,0.016887624840174156
13103,Effingham County,37,56511933.406751335,0.045183732074534716
13105,Elbert County,11,22425057.393978875,0.02313732794031218
13107,Emanuel County,20,47762804.792649895,0.026719424865211446
13109,Evans County,1,18836.866696114226,3.8919946793835056e-05
13111,Fannin County,62,274905570.83619124,0.27055740454783234
13113,Fayette County,25,6681666.942153038,0.012931232932106686
13115,Floyd County,23,84607094.40663022,0.06300708724120062
13117,Forsyth County,10,3230022.4738403424,0.005045285269517929
13119,Franklin County,1,2039679.562793209,0.002957660905560174
13121,Fulton County,55,8333581.594484039,0.006020835960195304
13123,Gilmer County,39,150778942.07277733,0.13508599217470915
13127,Glynn County,24,187312986.96125495,0.12356077339684346
13129,Gordon County,12,39534340.89322953,0.042559840571456946
13131,Grady County,5,813979.0050996043,0.0006828235909887935
13133,Greene County,19,126933193.69299492,0.12064955150181043
13135,Gwinnett County,59,19276669.614269268,0.017020664840475673
13137,Habersham County,12,43573766.87680135,0.0602885312334617
13139,Hall County,23,23474702.83527046,0.02113773423522481
13141,Hancock County,7,13086865.137343075,0.010574927466312023
13145,Harris County,12,69752692.19821365,0.05694321644019189
13147,Hart County,1,4005005.1826743507,0.006018111205808692
13149,Heard County,11,28075850.66176419,0.0360024733568815
13151,Henry County,39,10593432.106212068,0.012526144903232603
13153,Houston County,19,56681276.92377602,0.057606125183600254
13155,Irwin County,3,28900752.0801518,0.030760160303574927
13157,Jackson County,12,5225780.565973778,0.005883027817490691
13159,Jasper County,5,36874800.90932365,0.03812261285557997
13161,Jeff Davis County,20,60886260.62290305,0.07009080637015157
13163,Jefferson County,5,648330.0657946273,0.0004726020055094013
13165,Jenkins County,29,23083075.731657665,0.0252853853434926
13167,Johnson County,2,1268733.8483833156,0.0015977569604727687
13169,Jones County,20,194871169.893928,0.19028074623729285
13171,Lamar County,2,462250.5474313976,0.0009604033838502256
13173,Lanier County,5,37518979.7918011,0.0725074969163742
13175,Laurens County,4,36011544.05011784,0.016987951451261092
13177,Lee County,5,10409265.134943645,0.011108644977170519
13179,Liberty County,15,65657151.35202211,0.04207396685969735
13181,Lincoln County,5,15203953.490847731,0.022815120214422818
13183,Long County,21,141714444.24373892,0.1354964141431637
13185,Lowndes County,13,14979082.448846534,0.01132732997059763
13187,Lumpkin County,31,75349480.56301595,0.10236362935542698
13189,McDuffie County,2,51393429.87539947,0.07451519042540794
13191,McIntosh County,61,345930252.4090513,0.23273548547580472
13193,Macon County,7,3218036.3468149262,0.0030602733620598396
13195,Madison County,7,2622187.8409100524,0.0035451125521063177
13197,Marion County,52,82369416.87686504,0.0866134920421509
13199,Meriwether County,6,29606507.51471968,0.022631922498944752
13201,Miller County,17,28368143.93289467,0.03861276054005576
13205,Mitchell County,2,544447.3260768253,0.00040911361063219917
13207,Monroe County,2,46010782.84139809,0.04460499691527409
13209,Montgomery County,11,6788530.04850264,0.010711606997399752
13211,Morgan County,10,27156872.203510154,0.029567723507309743
13213,Murray County,128,226245842.23612127,0.2519568115561178
13215,Muscogee County,10,10648545.182000475,0.01860282041139082
13217,Newton County,6,1842409.1482221968,0.002547853375503815
13219,Oconee County,11,1638437.501167521,0.0033942622202544448
13221,Oglethorpe County,6,17864072.475237645,0.01560353511511466
13223,Paulding County,47,117414197.44884011,0.14419297478882265
13225,Peach County,3,667467.8234317743,0.0017031050786813456
13227,Pickens County,9,3507109.3565077735,0.005818786866814096
13229,Pierce County,12,32130229.06195776,0.03614356743296198
13231,Pike County,2,247361.54890495655,0.0004352991419301099
13233,Polk County,15,24188670.496539585,0.02992016707040909
13235,Pulaski County,7,28276130.656316645,0.043459576946342435
13237,Putnam County,7,163890652.9575144,0.1754391717479152
13239,Quitman County,3,1123697.1949939474,0.0027020955915472954
13241,Rabun County,39,145701209.0409862,0.14920790471876094
13243,Randolph County,3,2215088.6214720164,0.0019849240159515087
13245,Richmond County,2,6557448.217116574,0.007705290716929399
13247,Rockdale County,31,7126458.492140307,0.020829789924929835
13249,Schley County,3,304758.2444283082,0.0007011403180436522
13251,Screven County,52,69672187.82607044,0.041015183103064755
13253,Seminole County,40,17894415.14858786,0.026930072657416336
13255,Spalding County,11,2148671.160413979,0.004156542058618831
13257,Stephens County,1,42604490.6450872,0.08945081119100118
13259,Stewart County,9,30967670.30558996,0.02579023835107398
13261,Sumter County,3,2794737.0982345412,0.002190476970786793
13263,Talbot County,42,67658340.45106009,0.06617407702933785
13265,Taliaferro County,1,936554.0052801496,0.0018510918414608574
13267,Tattnall County,9,31650526.887684885,0.02502379952615563
13269,Taylor County,4,13873974.15109433,0.014107959600410268
13271,Telfair County,6,34907228.285904236,0.030354702513891413
13273,Terrell County,2,5924038.305965619,0.006773061049585837
13275,Thomas County,6,28565194.840988833,0.01997233171090463
13277,Tift County,1,5036.1955163200455,7.234243480023767e-06
13279,Toombs County,4,429770.21073058306,0.00044727428327922034
13281,Towns County,11,141813228.1694805,0.318729881709203
13283,Treutlen County,2,22371.631117875935,4.266667342579072e-05
13285,Troup County,4,19445131.207168207,0.01683508659830397
13287,Turner County,9,4298837.955598984,0.005723802038324717
13289,Twiggs County,22,32745670.49426919,0.034864809572108385
13291,Union County,39,176237584.832753,0.20678362847916365
13293,Upson County,9,19548803.495209005,0.023043043417762556
13295,Walker County,78,152177390.33042204,0.13146535173305116
13297,Walton County,13,1402177.9260970303,0.0016405589254665925
13299,Ware County,39,908971303.3292263,0.38652066440631755
13301,Warren County,5,27397121.31007082,0.03689757938128369
13303,Washington County,3,3378532.185459966,0.001906112043079142
13305,Wayne County,31,212612561.37148222,0.12655093405253234
13307,Webster County,1,17771183.459501944,0.0325868100396609
13309,Wheeler County,8,16340227.865852106,0.021011195628945427
13311,White County,22,124630674.39844787,0.19863300624875938
13313,Whitfield County,31,17662739.37731098,0.02343073655212513
13315,Wilcox County,1,1865651.4772575884,0.0018851190477574933
13317,Wilkes County,8,39231141.19514625,0.031949826668178964
13319,Wilkinson County,6,15274621.42700725,0.01304915609757267
13321,Worth County,6,14708884.185028655,0.009880955841126063
15001,Hawaii County,173,2421648177.960185,0.18383269551962042
15003,Honolulu County,209,2707964254.1931977,0.48266121641129356
15007,Kauai County,24,68505996.58419281,0.0208876470869345
15009,Maui County,193,421310239.2888118,0.0678258863676234
16001,Ada County,69,1124385599.102543,0.4093341988275369
16003,Adams County,14,128921545.39356147,0.03634655101972032
16005,Bannock County,11,58989191.29997779,0.019838884296835276
16007,Bear Lake County,34,119521065.45448764,0.043966010860110344
16009,Benewah County,16,31491713.654605646,0.015505167482179479
16011,Bingham County,22,215192268.88724834,0.03918732255393448
16013,Blaine County,320,1997423983.039733,0.2904766539961996
16015,Boise County,24,299931182.02374995,0.06072795424154939
16017,Bonner County,88,60941432.87734443,0.012266938879002176
16019,Bonneville County,121,451791332.6614792,0.09179525917375565
16021,Boundary County,38,55253059.49131673,0.016692051740684506
16023,Butte County,82,824216655.502902,0.1421618531704359
16025,Camas County,4,37242885.66831511,0.013330538098326062
16027,Canyon County,73,18848810.84453978,0.012054989166115016
16029,Caribou County,35,68926625.46718742,0.014796017402262635
16031,Cassia County,78,77683731.70767745,0.011622242140561045
16033,Clark County,199,43947677.47740463,0.009618661552191836
16035,Clearwater County,18,28094838.07083312,0.004359840590420977
16037,Custer County,121,3239337150.4087496,0.253253135378703
16039,Elmore County,62,1344515305.3738418,0.16737924001808413
16041,Franklin County,4,8081049.324993948,0.004672842380681171
16043,Fremont County,260,424827596.39233524,0.08650400510291753
16045,Gem County,13,8291776.371883649,0.005670411617662634
16047,Gooding County,28,186831445.29211032,0.09825965661200027
16049,Idaho County,359,9237920022.130943,0.41944492579087367
16051,Jefferson County,30,149383746.45032847,0.05216302837580031
16053,Jerome County,50,18466748.28505053,0.011833574407025703
16055,Kootenai County,60,60973585.88065385,0.017984813651895012
16057,Latah County,7,675867.0666941381,0.00024234587010816123
16059,Lemhi County,117,2419022711.947175,0.20441257573829977
16061,Lewis County,10,15524196.42197374,0.0124945010610221
16063,Lincoln County,75,462375851.0189693,0.1480499852945787
16065,Madison County,17,17956139.085699074,0.014647343668192571
16067,Minidoka County,131,667867975.7384064,0.3382399598476486
16069,Nez Perce County,33,338429924.6517343,0.15255635086878425
16071,Oneida County,1,10021499.998268507,0.0032231086803137256
16073,Owyhee County,192,2794331371.859674,0.14017431171994
16075,Payette County,36,3504772.641877481,0.003297922189083588
16077,Power County,11,212509596.8574168,0.05689531502312741
16079,Shoshone County,96,298301416.4156697,0.04358034201714688
16081,Teton County,69,36215022.37044562,0.031058967698196004
16083,Twin Falls County,104,68903714.46924159,0.013793771790108185
16085,Valley County,29,3545936234.6482067,0.3667050092604061
16087,Washington County,45,112227902.14096707,0.029409066434807146
17001,Adams County,86,44370895.80985805,0.019662890082831168
17003,Alexander County,95,81999904.33941542,0.12532327723825665
17005,Bond County,10,1773366.3925279728,0.0017885163791045795
17007,Boone County,56,12632148.090007097,0.01729305348131391
17009,Brown County,66,18659163.541577335,0.02344195499606447
17011,Bureau County,33,18650514.33727515,0.008243654496849112
17013,Calhoun County,48,39015046.17737247,0.053120242291781354
17015,Carroll County,95,55995004.23972879,0.04629678750312096
17017,Cass County,83,120365354.46456315,0.12112015543397704
17019,Champaign County,57,8787558.49527432,0.0033981164696555554
17021,Christian County,64,16021733.03422941,0.008642735691892226
17023,Clark County,70,24817014.572473153,0.018983030399135428
17025,Clay County,15,3497748.6161642624,0.0028762308648478735
17027,Clinton County,28,5512927.908129465,0.004230507061466422
17029,Coles County,33,10808861.573514804,0.008181910890930314
17031,Cook County,769,109449277.45607549,0.025852033423839415
17033,Crawford County,41,24650811.583842486,0.021346831899462803
17035,Cumberland County,1,78501.85839405384,8.736718035598628e-05
17037,DeKalb County,35,7135746.218891647,0.004341228322549616
17039,De Witt County,11,2165694.737628145,0.0020641967621568016
17041,Douglas County,12,2075300.5840206402,0.001920580629133289
17043,DuPage County,288,70053528.79700871,0.08040644993181714
17045,Edgar County,4,246731.27514679116,0.00015268347736834266
17047,Edwards County,10,771359.0924954001,0.001337322363179983
17049,Effingham County,16,4212971.542715501,0.003388865501328683
17051,Fayette County,72,34707074.84506669,0.01847596620249504
17053,Ford County,9,885804.326257276,0.0007033929431903172
17055,Franklin County,12,15534991.051547548,0.013901480250230833
17057,Fulton County,151,123475060.85129464,0.05401270692186252
17059,Gallatin County,16,7688466.6574013885,0.009047695634740744
17061,Greene County,43,14173836.465885837,0.010015708954452494
17063,Grundy County,20,21134089.063948195,0.018953110754390608
17065,Hamilton County,24,19664858.978870783,0.017419431064665356
17067,Hancock County,129,42498202.33529412,0.020147419280649382
17069,Hardin County,14,11894571.952796306,0.025311861935961803
17071,Henderson County,39,40324977.189979546,0.03939391175055814
17073,Henry County,11,5699655.26777548,0.0026652283871389185
17075,Iroquois County,155,25180024.278725177,0.008687917142096366
17077,Jackson County,69,39252022.074129805,0.025165555956662103
17079,Jasper County,64,110434231.8605895,0.0855828435084843
17081,Jefferson County,11,14900393.737134758,0.009854491789632037
17083,Jersey County,62,19402176.009027477,0.019849229842051973
17085,Jo Daviess County,155,111019938.06450664,0.06929325387756775
17087,Johnson County,145,334226573.7364888,0.37009298707240307
17089,Kane County,323,64586904.22419607,0.047573620012017606
17091,Kankakee County,283,34023404.1409724,0.019281518822596513
17093,Kendall County,70,9600615.36031484,0.011503952371482024
17095,Knox County,87,33938514.4776191,0.018204756712754306
17097,Lake County,918,131208797.13085714,0.03702324358339184
17099,LaSalle County,118,30145863.924073957,0.01013725839862712
17101,Lawrence County,88,41224835.40670172,0.042543046412158635
17103,Lee County,64,30194717.808413893,0.01600210183557136
17105,Livingston County,13,1267012.1198961786,0.0004677116739825499
17107,Logan County,107,11723031.200658219,0.007313133784219286
17109,McDonough County,117,27676731.737556264,0.01810887080180782
17111,McHenry County,551,78637313.88688995,0.04968673624382681
17113,McLean County,61,15516553.23685085,0.005050300138843206
17115,Macon County,56,17133913.855898276,0.011293928005096153
17117,Macoupin County,69,14396794.73520716,0.006406145514368928
17119,Madison County,88,19506758.647703983,0.010177272241839948
17121,Marion County,32,7555341.721832263,0.005063563371686315
17123,Marshall County,51,31023215.959323592,0.03005517500713262
17125,Mason County,83,91708096.90334105,0.0628282484763173
17127,Massac County,44,20071333.331398673,0.032011545473690846
17129,Menard County,81,12592726.073089862,0.015415075050426786
17131,Mercer County,31,26553130.856059067,0.018026365454555982
17133,Monroe County,107,46555743.458077446,0.045126174594850764
17135,Montgomery County,10,4219836.004936539,0.002295612973647363
17137,Morgan County,36,15894224.692242917,0.010720150615096114
17139,Moultrie County,4,352747.710713597,0.000395351287905619
17141,Ogle County,107,34274514.96827495,0.01733414962602475
17143,Peoria County,107,54100894.17745248,0.03314330784539102
17145,Perry County,3,1149173.6299896059,0.0009925610444972612
17147,Piatt County,33,17417119.30955215,0.01530171490369287
17149,Pike County,50,26721740.60582281,0.012154851663915252
17151,Pope County,46,70799473.54257265,0.07298731668549409
17153,Pulaski County,83,62184210.26177745,0.11825038960708548
17155,Putnam County,36,19596417.79176122,0.043953491188563495
17157,Randolph County,112,89036267.30250314,0.05757855068491175
17159,Richland County,15,33937129.323298804,0.036205055092787944
17161,Rock Island County,117,50137326.671259396,0.042894807880621125
17163,St. Clair County,111,52926348.491435096,0.030323856422406037
17165,Saline County,17,76751791.12386496,0.07658717834594927
17167,Sangamon County,111,28827659.73086333,0.012691288397577258
17169,Schuyler County,264,75493531.735579,0.06604203108643356
17171,Scott County,6,1049085.44601232,0.0016032320400033778
17173,Shelby County,18,3859178.4826912847,0.0019399919380673981
17175,Stark County,8,684650.2029242181,0.0009166868372731657
17177,Stephenson County,19,3005853.6807285342,0.002054944094184107
17179,Tazewell County,78,23277177.919268258,0.013659843143513139
17181,Union County,120,108963391.8263146,0.09966724727175777
17183,Vermilion County,116,24892705.662700493,0.010664495705563718
17185,Wabash County,14,7492703.346000494,0.012712908830566489
17187,Warren County,10,1212081.698754801,0.0008618077240812809
17189,Washington County,28,8966705.694242971,0.00613945015397828
17191,Wayne County,25,14699711.463977274,0.007932774352829084
17193,White County,22,19510692.24898215,0.015010153882560369
17195,Whiteside County,63,25333022.095818345,0.014045087616469217
17197,Will County,458,119926333.57256296,0.05452496979050277
17199,Williamson County,30,364527746.9883158,0.3167577077711691
17201,Winnebago County,216,54570460.24187232,0.040582893735654095
17203,Woodford County,43,11459964.992337214,0.00814944987755696
18001,Adams County,33,7013993.524745998,0.007965859564737844
18003,Allen County,58,9636968.181262705,0.005637801733658165
18005,Bartholomew County,12,4702244.778577982,0.0044332194686491225
18007,Benton County,13,5841933.401474137,0.00554867208987643
18011,Boone County,4,175747.04573386055,0.00016033313047529975
18013,Brown County,43,127464161.3509349,0.15543084874855753
18015,Carroll County,7,1097667.9363847228,0.001130109125953142
18017,Cass County,2,385435.77446522063,0.00035872830159773507
18019,Clark County,7,5667334.507445871,0.00581002476575333
18021,Clay County,2,8633830.09791917,0.009251575786885919
18023,Clinton County,4,221732.89136628306,0.00021125862128171892
18025,Crawford County,19,8369695.713303277,0.01046557390082163
18027,Daviess County,30,46256229.593038455,0.04088049331582615
18029,Dearborn County,3,296891.87877757853,0.00037289059589849826
18033,DeKalb County,35,5025127.576814038,0.005332304467427577
18035,Delaware County,4,371900.0078361287,0.0003626877247432365
18037,Dubois County,9,3132751.5087340684,0.002778470488141989
18039,Elkhart County,29,4064375.669828474,0.0033533399815858117
18041,Fayette County,2,435940.97983721306,0.0007822824290078321
18043,Floyd County,15,10527282.955028256,0.02718488403078471
18045,Fountain County,44,11296549.984706936,0.010962167113810619
18049,Fulton County,11,3691101.593753689,0.0038386088770423848
18051,Gibson County,88,39870631.05221639,0.03083111408982072
18055,Greene County,49,37016461.739502475,0.026180329528606106
18057,Hamilton County,28,3468397.5737567185,0.003327369790741809
18059,Hancock County,1,88712.32703854429,0.00011156047191089419
18061,Harrison County,59,23595864.311225194,0.01874115357938512
18063,Hendricks County,2,1803357.291915175,0.0017033208384272754
18065,Henry County,12,6540861.697303838,0.006396242649507017
18067,Howard County,1,324904.2890858076,0.00042680186079771873
18069,Huntington County,18,30969165.97530528,0.03084091461081364
18071,Jackson County,96,69596415.56656674,0.05228840264313858
18073,Jasper County,51,31908838.94748912,0.021945670655024528
18075,Jay County,12,3664671.2746126554,0.003683943187390728
18077,Jefferson County,22,11509771.343055833,0.012241873414557012
18079,Jennings County,25,40626507.32996654,0.04145940246593502
18081,Johnson County,5,20527260.996920288,0.02462971766130093
18083,Knox County,44,12999358.15085633,0.009580164037476952
18085,Kosciusko County,92,30902065.833636526,0.021521472702562078
18087,LaGrange County,37,42432452.49197262,0.04236657644609815
18089,Lake County,203,25104639.863226105,0.015468432811652319
18091,LaPorte County,115,53970926.5037262,0.033979568169347205
18093,Lawrence County,26,5464749.43930443,0.004668770235048497
18095,Madison County,7,1222788.3440852636,0.0010424302574016991
18097,Marion County,33,7064863.77005591,0.006768487175643631
18099,Marshall County,34,7738858.13521788,0.00664377450596813
18101,Martin County,11,5643238.945057256,0.006400777556773377
18103,Miami County,14,1314605.4403956663,0.0013449590234896483
18105,Monroe County,51,52756004.14670376,0.049521387339391744
18107,Montgomery County,7,6633032.883778709,0.0050668714362328525
18109,Morgan County,4,475847.99421714887,0.0004487375864054345
18111,Newton County,77,93294791.4026705,0.0892867672600984
18113,Noble County,53,20384374.79656879,0.018854414049926136
18117,Orange County,9,3530659.472389481,0.0033395936567722465
18119,Owen County,13,7776517.445022599,0.007741849286828786
18121,Parke County,21,12023833.670708248,0.010316659214323745
18123,Perry County,14,2540202.499191011,0.002538832006349917
18125,Pike County,86,85335134.59594184,0.09659521585081729
18127,Porter County,645,56541653.9682227,0.04183539339306053
18129,Posey County,86,58668272.69100462,0.05398220688987231
18131,Pulaski County,15,33534609.850194328,0.029796951432062888
18133,Putnam County,49,11637019.102746408,0.009308335917742326
18135,Randolph County,10,3093760.626387413,0.0026350575654218193
18137,Ripley County,10,1739698.0227450375,0.0014991267599907517
18141,St. Joseph County,41,11150035.864977293,0.009330705961921289
18143,Scott County,32,6470227.467881983,0.012960797602524035
18145,Shelby County,1,233513.3339764482,0.0002184339406145689
18147,Spencer County,24,8493321.419192426,0.008167413266824285
18149,Starke County,83,26067772.84199405,0.03223779749163063
18151,Steuben County,71,30193686.543705054,0.036152137584524284
18153,Sullivan County,40,67256459.66810898,0.05718334929518119
18155,Switzerland County,3,5419259.266499616,0.009358748845592445
18157,Tippecanoe County,24,5868787.861256581,0.004502695463641033
18159,Tipton County,2,290728.3961446203,0.00043079448132690956
18161,Union County,1,338814.56351785513,0.0007919797589094781
18163,Vanderburgh County,5,1911254.595205129,0.0031155208952664396
18165,Vermillion County,22,13262980.268348001,0.019702262631246005
18167,Vigo County,66,24760107.354914226,0.023291319865475762
18169,Wabash County,10,3687775.9591470137,0.003382280889609919
18171,Warren County,23,6803281.7362791635,0.007168995582361942
18173,Warrick County,16,13346258.46760846,0.013177352674599421
18175,Washington County,53,60409008.12396747,0.04514953842556098
18177,Wayne County,6,915258.0259177114,0.0008739705293899283
18179,Wells County,7,6215886.368439029,0.006482054496094886
18181,White County,3,770984.3635653906,0.0005851993177710061
18183,Whitley County,21,3225831.7655605897,0.003685271963779385
19001,Adair County,7,5303824.817033052,0.0035909390039862675
19003,Adams County,5,5274481.175097002,0.004786045431670452
19005,Allamakee County,152,142202404.7955993,0.08334068429041352
19007,Appanoose County,62,68695519.72035405,0.051376825350117124
19009,Audubon County,2,9297.23136012446,8.095709834632508e-06
19011,Benton County,64,16062979.201706415,0.008633437774653658
19013,Black Hawk County,69,21528800.43567304,0.01451478999971943
19015,Boone County,29,32617133.08969387,0.02195410361859822
19017,Bremer County,115,39408029.546170175,0.03462761519085887
19019,Buchanan County,44,15312112.296644848,0.010315981901795158
19021,Buena Vista County,42,10568176.762219857,0.007032417581368276
19023,Butler County,95,46995462.000836134,0.03119003919627885
19025,Calhoun County,32,5252487.147205592,0.0035447421576356
19027,Carroll County,46,7897885.650581838,0.005347166485353233
19029,Cass County,8,1603290.9814366288,0.0010957356576019824
19031,Cedar County,18,5828621.607560975,0.003867224810374339
19033,Cerro Gordo County,67,38112956.99290597,0.025586898696956344
19035,Cherokee County,26,6161373.979023446,0.004122411372999721
19037,Chickasaw County,48,13762289.706210166,0.01050838724759737
19039,Clarke County,8,3096361.7005757974,0.002769310587497082
19041,Clay County,99,44247407.013087496,0.02983629379637091
19043,Clayton County,118,79696985.78117704,0.03882159343051443
19045,Clinton County,87,72688498.85027267,0.039518672272872535
19047,Crawford County,11,3401788.5978617435,0.001836881154262708
19049,Dallas County,42,28857044.49618622,0.018833098006103582
19051,Davis County,6,9954872.999970857,0.007613284961001868
19053,Decatur County,22,31175456.75362417,0.022562983501691843
19055,Delaware County,44,14553316.833062623,0.00970623074257187
19057,Des Moines County,52,20364764.975732688,0.018295355327224948
19059,Dickinson County,155,49615687.24442806,0.04742216291092369
19061,Dubuque County,32,24765902.440448277,0.015511390186530903
19063,Emmet County,87,35600472.00193396,0.03414831923457037
19065,Fayette County,30,9144187.65837452,0.0048275643224351475
19067,Floyd County,36,8843330.573583595,0.006810441703838299
19069,Franklin County,54,11863066.510554262,0.007862902959745819
19071,Fremont County,109,77362452.27282885,0.05781570306542108
19073,Greene County,46,19372791.80215735,0.013093685566110153
19075,Grundy County,9,1150752.3030331894,0.0008852674680915095
19077,Guthrie County,38,44129868.410119034,0.028730153057810924
19079,Hamilton County,41,16262891.409831816,0.010873229827960346
19081,Hancock County,127,39084874.41020326,0.026334666159768264
19083,Hardin County,48,12388206.248864595,0.008391491325358729
19085,Harrison County,55,35842371.7634625,0.019723718933036753
19087,Henry County,11,2246659.311190761,0.0019871828197000167
19089,Howard County,36,10483153.15407493,0.00854627394797906
19091,Humboldt County,22,3249231.65311725,0.0028795253047183456
19093,Ida County,1,11925.942768597974,1.0657618787044585e-05
19095,Iowa County,244,40448772.245643035,0.026583077760247317
19097,Jackson County,63,67424637.82663801,0.04007469693370308
19099,Jasper County,87,53787877.86784906,0.028334175512402658
19101,Jefferson County,18,5547610.35158895,0.004902774397846756
19103,Johnson County,97,16171258.732449861,0.010021064170252373
19105,Jones County,23,15959332.91143074,0.010677801285263973
19107,Keokuk County,30,9387814.600519674,0.0062502057453111175
19109,Kossuth County,106,48148527.07706952,0.01908015302269855
19111,Lee County,22,10539200.0362936,0.007551109600382846
19113,Linn County,68,27073634.671184074,0.01442478067960105
19115,Louisa County,183,83170675.26390205,0.07691152748434912
19117,Lucas County,78,43703717.66818695,0.03883700742171728
19119,Lyon County,46,10541866.276770104,0.006924770742524046
19121,Madison County,19,16381454.046385756,0.011251130624761066
19123,Mahaska County,35,21801811.80692655,0.014680451687792086
19125,Marion County,14,82280201.66495132,0.055684738198055715
19127,Marshall County,31,12510188.705558201,0.008426757806082676
19129,Mills County,22,28973242.04073217,0.02538713435070549
19131,Mitchell County,28,7104680.4344969485,0.005840327116860673
19133,Monona County,83,50534570.760653846,0.027916102485627245
19135,Monroe County,7,10696140.82352692,0.009509185940930434
19137,Montgomery County,4,2356508.2068573716,0.002140691692326998
19139,Muscatine County,140,48146063.22580351,0.041390089427879556
19141,O'Brien County,19,8772012.749154791,0.005908665230186951
19143,Osceola County,15,3885909.440281605,0.0037565739858707045
19145,Page County,3,258096.1674546732,0.00018610153806101654
19147,Palo Alto County,147,41735618.6815918,0.028298608943172092
19149,Plymouth County,91,38183387.63807535,0.01706983816872198
19151,Pocahontas County,70,19006841.196566395,0.012682102277011609
19153,Polk County,102,64623175.53997657,0.04215515601840837
19155,Pottawattamie County,46,7938315.638845348,0.003195558988341532
19157,Poweshiek County,19,7274603.065210145,0.004792527621093747
19159,Ringgold County,28,37845111.16228517,0.027116369632510403
19161,Sac County,42,19910989.79973117,0.013292871566780433
19163,Scott County,40,28702062.377869803,0.023668682234137314
19165,Shelby County,6,2605171.260845364,0.001700958965996736
19167,Sioux County,66,12427680.015813105,0.006239786378357298
19169,Story County,54,12552139.168126674,0.008448381020091267
19171,Tama County,139,49059359.45197115,0.026232427145429258
19173,Taylor County,6,1345717.8647836633,0.0009718112744050526
19175,Union County,21,21734818.477391675,0.019708549785566885
19177,Van Buren County,37,34318252.36580366,0.027011904504626344
19179,Wapello County,20,13448414.565754127,0.011908737170689215
19181,Warren County,89,49211685.024506584,0.0331603167579865
19183,Washington County,52,24426495.24339352,0.01652004258838106
19185,Wayne County,63,30975265.38860258,0.02268867825740707
19187,Webster County,34,14577444.324846152,0.007833396573436766
19189,Winnebago County,194,47799959.513942465,0.04594188310897862
19191,Winneshiek County,73,36586820.46010822,0.020468923606307386
19193,Woodbury County,57,43260401.11268033,0.01902739841048979
19195,Worth County,114,37773527.70611492,0.03628497084013757
19197,Wright County,73,23237223.618966218,0.015409664478537179
20001,Allen County,2,699071.6445071562,0.000534137386549034
20003,Anderson County,4,5485495.786205897,0.003628300484448426
20005,Atchison County,1,824277.8122045856,0.0007336123515470444
20007,Barber County,3,896670.1544410386,0.00030471492655273914
20009,Barton County,9,109377901.2688187,0.04689033034552577
20011,Bourbon County,9,13305715.500349035,0.008038543838558948
20013,Brown County,2,573889.0882934452,0.0003873059195417948
20015,Butler County,9,44470207.51397256,0.011869837330742527
20017,Chase County,51,229195086.104003,0.11378455268449307
20019,Chautauqua County,3,24912.840225782238,1.4918421807410447e-05
20021,Cherokee County,35,69811527.69670057,0.04560631687075372
20023,Cheyenne County,7,7208769.9954740275,0.0027262161330918718
20025,Clark County,2,11488893.291260187,0.004539442804047297
20027,Clay County,5,1940974.7906532374,0.0011430840852087473
20029,Cloud County,2,5967482.929807619,0.003209037413718328
20031,Coffey County,1,54920973.35916778,0.03241906777458615
20033,Comanche County,1,642588.6072580564,0.0003141804009144573
20035,Cowley County,6,18482378.948789634,0.006301588793686206
20037,Crawford County,9,7552982.503922898,0.004901119642337085
20041,Dickinson County,7,7963168.39022964,0.003608913581186104
20043,Doniphan County,6,2682391.609260964,0.0026004012202155958
20045,Douglas County,14,43215802.84235918,0.03515471540349494
20047,Edwards County,2,247704.25720600868,0.00015376707011528513
20051,Ellis County,1,30573.980122373185,1.3110854189484902e-05
20053,Ellsworth County,2,2858148.0367205716,0.0015257282310935725
20055,Finney County,4,22041579.128338017,0.006533016924947159
20057,Ford County,8,6165973.535760207,0.0021660792620291744
20059,Franklin County,2,1233480.197030384,0.0008251941601958527
20061,Geary County,8,12538817.341027306,0.01196564946562384
20063,Gove County,2,2376871.4935589507,0.0008562687812503954
20065,Graham County,4,1286760.3756292649,0.0005527859523422647
20069,Gray County,15,5708297.724817332,0.002535365184487124
20071,Greeley County,2,581979.9313439874,0.0002886721984721676
20073,Greenwood County,23,48789867.369794324,0.016343433016580138
20075,Hamilton County,9,122476864.87550966,0.0474008848694624
20077,Harper County,1,360579.6839357119,0.00017342317949181277
20079,Harvey County,6,1152670.4379047235,0.0008230629518101505
20081,Haskell County,1,581893.9114167124,0.00038878899294649666
20083,Hodgeman County,1,1027210.3340519243,0.0004610054607295645
20085,Jackson County,2,599313.6876413473,0.00035165483676073266
20087,Jefferson County,4,2839065.8468046924,0.001969128912079677
20089,Jewell County,2,17117249.611629177,0.00722801646601845
20091,Johnson County,7,2919820.971333184,0.0023490136107796713
20095,Kingman County,6,23265492.34026725,0.010364923779308664
20097,Kiowa County,1,27799.541453445585,1.4848400643748623e-05
20099,Labette County,52,21394512.758591373,0.012647748361463665
20101,Lane County,4,2495704.8129759114,0.0013427646587524298
20103,Leavenworth County,7,2457233.0499481224,0.0020231517214061474
20105,Lincoln County,2,1563117.827523671,0.0008376948813098239
20107,Linn County,28,71625091.65742321,0.045604928554859384
20109,Logan County,13,90662081.50563496,0.03262030103645534
20111,Lyon County,18,30878272.11752885,0.013937256439315367
20113,McPherson County,8,27592174.950301938,0.011829184862284802
20115,Marion County,2,204538.86685298517,8.280404277800125e-05
20117,Marshall County,3,408247.7512283879,0.00017415329354511988
20119,Meade County,7,7748014.02223501,0.003054631437737334
20121,Miami County,15,10629406.42575731,0.006952985456478574
20123,Mitchell County,5,45119084.25221641,0.024223541999352883
20125,Montgomery County,7,9475082.997206941,0.0056154292593780155
20127,Morris County,11,7393328.113249027,0.004061209143803519
20131,Nemaha County,1,2866195.6871579806,0.0015382087338677867
20133,Neosho County,16,26344413.605439357,0.017604245674714452
20135,Ness County,3,3583959.4953333093,0.0012872355078034595
20137,Norton County,1,25382475.37199842,0.01112025543357833
20139,Osage County,4,930319.0229096184,0.0004989936837955301
20141,Osborne County,1,11707322.258762987,0.005054077538840113
20143,Ottawa County,6,9155978.224769887,0.004900829074446628
20147,Phillips County,1,2230131.9336566445,0.0009625544673325882
20149,Pottawatomie County,29,94558562.36647668,0.04237172459275577
20151,Pratt County,3,29833368.364604782,0.01565634496096708
20153,Rawlins County,3,307011.36181744165,0.00011082676968387692
20155,Reno County,5,59541672.523243874,0.01807168380062333
20157,Republic County,4,10712291.624654416,0.0057409305253742346
20159,Rice County,5,4263400.75940459,0.0022612486437006566
20161,Riley County,11,38435043.540895626,0.02385635409087281
20163,Rooks County,3,2847241.037297042,0.0012280972582955898
20169,Saline County,10,16764837.27208333,0.008973838050272192
20171,Scott County,1,647889.7141684585,0.0003485446062990828
20173,Sedgwick County,3,4766048.247535241,0.001823549377739737
20177,Shawnee County,17,10671820.844190324,0.00741441749005899
20179,Sheridan County,9,2214559.2043809225,0.0009540719865412018
20181,Sherman County,3,6627001.728765173,0.0024223783985277483
20183,Smith County,3,2709340.3776743375,0.0011662476435479927
20185,Stafford County,8,86060864.04824778,0.041800956534639916
20191,Sumner County,3,4283800.429340326,0.0013958209352509957
20193,Thomas County,4,2042814.1971041495,0.0007338449858778306
20195,Trego County,4,46548667.74005727,0.019977888413759328
20197,Wabaunsee County,7,8376427.764784586,0.00404430494120089
20199,Wallace County,2,430640.119700015,0.00018197424146207356
20201,Washington County,4,2199087.790046041,0.0009448063902674627
20205,Wilson County,5,4996820.346465528,0.003354843884199022
20207,Woodson County,4,3118818.8829021906,0.002383326792936385
21001,Adair County,64,54361465.35864973,0.050895745209719456
21003,Allen County,33,13494645.116940456,0.014807785747557535
21005,Anderson County,5,9153408.894006124,0.017300136789091522
21007,Ballard County,39,77044420.5939129,0.1085730549292386
21009,Barren County,18,29031605.876871064,0.02241834511848353
21011,Bath County,11,23335652.240249947,0.03172467887351152
21013,Bell County,35,24119716.12168067,0.025788549079619624
21015,Boone County,24,8055873.847876915,0.012126060668325271
21017,Bourbon County,28,54030228.62545147,0.07153769085047584
21019,Boyd County,1,1175954.2592059416,0.0028024036900576262
21021,Boyle County,9,6029800.224780386,0.012733062780762458
21027,Breckinridge County,23,37868377.34919322,0.02496795490290321
21029,Bullitt County,35,56070561.114618994,0.07209963485309566
21031,Butler County,5,1716034.240565982,0.0015355803221469102
21033,Caldwell County,6,8989448.726985795,0.009969418550466014
21035,Calloway County,20,16259332.799254209,0.01528565303791309
21037,Campbell County,11,1204436.3886519785,0.0029172941572391926
21039,Carlisle County,23,27767881.087982606,0.05388103933475015
21043,Carter County,6,27322858.344875317,0.02559815435847379
21045,Casey County,5,2696664.581559475,0.0023358583206113184
21047,Christian County,16,6676109.505223534,0.003560094910309222
21049,Clark County,15,5838174.378638651,0.008834097458214871
21051,Clay County,2,14384799.102985792,0.011788641204636536
21053,Clinton County,16,33637608.19592037,0.06322519626014841
21055,Crittenden County,18,28551337.18834636,0.029689932775325258
21057,Cumberland County,6,13250099.161965558,0.016454698807026973
21059,Daviess County,28,1228826.1446846034,0.0009957639396913913
21061,Edmonson County,71,190687178.20829594,0.23903826745173934
21063,Elliott County,2,13017658.618985645,0.02135848382315854
21065,Estill County,4,2664531.9727762192,0.0040248131068523355
21067,Fayette County,190,15977874.064455224,0.021602929811983095
21069,Fleming County,15,19556208.880495463,0.021492654411858506
21071,Floyd County,5,37057935.366258316,0.03615860405635116
21073,Franklin County,22,7729913.699072918,0.014077461801045917
21075,Fulton County,77,52839135.453589626,0.08844208172062638
21077,Gallatin County,1,1608799.2372177788,0.005936527842369885
21079,Garrard County,49,12718166.788890913,0.020989945234188012
21081,Grant County,3,4477767.815759459,0.006629789632797641
21083,Graves County,24,14350191.696242943,0.00995108528206831
21085,Grayson County,57,18736833.566343542,0.014156393606167657
21087,Green County,79,6832731.98100432,0.009135046768962898
21089,Greenup County,2,3271717.06274999,0.003563967836758928
21093,Hardin County,9,6339103.035977537,0.0038842173711806506
21095,Harlan County,55,67320690.46656668,0.05552186237537466
21097,Harrison County,32,7905509.70829634,0.009850137367031837
21099,Hart County,77,39515500.57928877,0.03651336805478278
21101,Henderson County,40,50867237.47481073,0.0421863115319598
21103,Henry County,10,11799335.292183448,0.015648921053699024
21105,Hickman County,41,31783930.9247932,0.04849769022226938
21107,Hopkins County,16,41886821.93299871,0.029170529855178352
21109,Jackson County,24,61429649.65086161,0.06844808479467016
21111,Jefferson County,114,50198877.17721573,0.048747119184351935
21113,Jessamine County,29,14217650.596794482,0.03146272804711148
21115,Johnson County,6,24554433.001276806,0.035892618259591974
21117,Kenton County,20,3266271.6766053424,0.007675304331269805
21119,Knott County,4,11655608.571997127,0.012753968079722627
21121,Knox County,12,3076770.561054603,0.003063696767634188
21123,Larue County,12,11235934.179479716,0.016455379580451075
21125,Laurel County,12,38744384.74708723,0.03371540642378366
21127,Lawrence County,4,53391202.581647806,0.04907412860552508
21129,Lee County,8,6879226.202306983,0.01257277144343529
21131,Leslie County,51,168835190.14491937,0.1611952470907381
21133,Letcher County,27,44862244.66809448,0.051090596450424255
21135,Lewis County,6,5803478.99871478,0.004525243092591984
21137,Lincoln County,10,7988553.612286044,0.009169041931654694
21139,Livingston County,40,20946227.52787505,0.02363662991448073
21141,Logan County,37,24960602.774078544,0.017301272708024416
21143,Lyon County,9,658083.1303863676,0.0009904832926324121
21145,McCracken County,41,54054643.84105073,0.07789364977603491
21147,McCreary County,18,121971794.32670642,0.10927927257511628
21149,McLean County,9,1677233.9607494788,0.002527295809803617
21151,Madison County,8,8898547.061214298,0.007751145716833076
21155,Marion County,2,2219654.543483557,0.0024707951951546316
21157,Marshall County,69,39854813.14522967,0.04523621978450914
21161,Mason County,4,6734203.791602972,0.010551854594552846
21163,Meade County,4,2729188.113162841,0.0032482414978561073
21165,Menifee County,5,44368829.83517611,0.08318615780957139
21167,Mercer County,7,3888304.887968711,0.0059267124610227016
21169,Metcalfe County,49,1753215.6026580597,0.0023246695331571813
21171,Monroe County,1,73463.33461162193,8.542023036970703e-05
21175,Morgan County,2,20859316.61322842,0.0209851373316732
21177,Muhlenberg County,13,83844142.16499768,0.06752693025166427
21179,Nelson County,20,29010439.83795633,0.026412687363375077
21181,Nicholas County,9,27110525.11661861,0.0531811909945294
21183,Ohio County,14,68864250.49355598,0.04459478309406186
21185,Oldham County,10,4898421.411135676,0.009632520334898241
21187,Owen County,10,29709029.59246049,0.03238064115047337
21189,Owsley County,3,33464.4133729885,6.516051856633247e-05
21191,Pendleton County,2,151817.79209321475,0.0002079288019176047
21193,Perry County,9,1729076.070522355,0.0019485745899475624
21195,Pike County,21,53267919.98397392,0.026081311962249838
21197,Powell County,9,10531212.042411998,0.022574357789998743
21199,Pulaski County,80,89333052.88691367,0.050936234539975686
21201,Robertson County,7,1212968.191828738,0.004678367722624759
21203,Rockcastle County,4,1340107.77511123,0.0016266098792985025
21205,Rowan County,3,1084927.7797942832,0.0014632985632745505
21207,Russell County,72,62411366.85496339,0.08518642195482909
21209,Scott County,17,14360329.918178456,0.019426284395482392
21211,Shelby County,4,1127422.1249327129,0.001128705367755876
21213,Simpson County,5,1556900.9796775389,0.002542118924605037
21215,Spencer County,7,29243055.434759565,0.05891137922076225
21217,Taylor County,42,40815729.20228509,0.05692863659540762
21219,Todd County,23,10450024.527933732,0.010700734134174925
21221,Trigg County,59,7292566.601079163,0.005849766968696172
21225,Union County,25,62764852.28994524,0.06672019347029899
21227,Warren County,9,2028637.7772666195,0.0014304464306972421
21229,Washington County,2,808391.9628774679,0.00103626479853021
21231,Wayne County,88,72851225.09032471,0.05809625327476138
21233,Webster County,8,1841691.0535317769,0.0021184852059422145
21235,Whitley County,16,19562856.06070986,0.016969105526171393
21237,Wolfe County,17,27964350.16949258,0.04847143468933393
21239,Woodford County,31,25458053.153202247,0.05118492130146634
22003,Allen Parish,20,11505148.727010509,0.005798245182387361
22005,Ascension Parish,1,961176.5496363546,0.0012260117916810982
22007,Assumption Parish,4,4019964.599885448,0.004195702225599544
22009,Avoyelles Parish,103,188039557.26766342,0.08387203865676267
22011,Beauregard Parish,8,2619215.456080077,0.000867348130406719
22013,Bienville Parish,14,12180724.825678693,0.00572041319730592
22015,Bossier Parish,17,28059068.61877876,0.01249681276193239
22017,Caddo Parish,8,7601686.796785587,0.003132246302173681
22019,Calcasieu Parish,16,16271716.741304025,0.005741866179634315
22021,Caldwell Parish,47,58366008.20278457,0.04165421891098364
22023,Cameron Parish,26,1025238926.538263,0.2043900523051616
22025,Catahoula Parish,98,203636203.46066242,0.10633009684274887
22027,Claiborne Parish,18,7742148.101122953,0.00389565206793715
22029,Concordia Parish,89,165078536.97372448,0.08528178043348247
22031,De Soto Parish,5,10386653.619233005,0.004482837401652127
22033,East Baton Rouge Parish,8,5272950.335035882,0.00432851704243622
22035,East Carroll Parish,59,63907207.83349359,0.055740928684721726
22037,East Feliciana Parish,14,1519806.316588425,0.0012877820131240517
22039,Evangeline Parish,38,34756171.075364396,0.019743901783922466
22041,Franklin Parish,141,83188223.36506033,0.05057109269319554
22043,Grant Parish,16,135472255.90150747,0.07867812952336742
22045,Iberia Parish,8,303239800.43932354,0.11253891274767064
22047,Iberville Parish,16,72914113.366103,0.04311547262560268
22049,Jackson Parish,2,1382047.2165423005,0.0009193245267883239
22051,Jefferson Parish,25,70224367.26634026,0.042231063808729374
22053,Jefferson Davis Parish,8,4971614.004745405,0.0029140276030601734
22055,Lafayette Parish,3,160702.48559379918,0.0002304286381133203
22057,Lafourche Parish,5,7110903.605600971,0.001869708536074591
22059,LaSalle Parish,16,40282965.80415471,0.02347466186899749
22061,Lincoln Parish,8,1776556.274688017,0.0014521109272627875
22063,Livingston Parish,5,7788883.17988926,0.004349318992589614
22065,Madison Parish,154,425491696.3201499,0.25261993796536497
22067,Morehouse Parish,96,182944374.56625068,0.08762547280609301
22069,Natchitoches Parish,89,286064355.93791205,0.08499083213033888
22071,Orleans Parish,22,112599612.57409577,0.1242676747900838
22073,Ouachita Parish,57,70482819.33464171,0.043079097330735984
22075,Plaquemines Parish,5,208938471.62989026,0.03142348111742238
22077,Pointe Coupee Parish,29,14068067.57701758,0.009200726344245886
22079,Rapides Parish,39,42029617.177395456,0.011918825291331186
22081,Red River Parish,17,13027221.460398082,0.012505577221907037
22083,Richland Parish,143,58927533.45452523,0.04031155204818114
22085,Sabine Parish,3,9494325.31487294,0.003623979967211079
22087,St. Bernard Parish,29,46861991.02416056,0.008395273177598823
22089,St. Charles Parish,4,9185837.482171392,0.008935782519689428
22091,St. Helena Parish,17,6099788.632860187,0.005749769458071804
22093,St. James Parish,1,641286.5952617079,0.0009793143946622922
22095,St. John the Baptist Parish,1,340101.92346406524,0.00032026929126077275
22097,St. Landry Parish,97,69753117.58428344,0.02867857625642065
22099,St. Martin Parish,20,69944324.88059004,0.03306538973244163
22101,St. Mary Parish,20,49259565.23067468,0.01698564291640535
22103,St. Tammany Parish,171,257755143.8965141,0.0908341302892396
22105,Tangipahoa Parish,7,7875682.831332861,0.0036030872549250178
22107,Tensas Parish,145,216650339.8828501,0.13035691618453388
22109,Terrebonne Parish,8,30710319.04590811,0.005694494351087346
22111,Union Parish,74,171014678.00609988,0.07293328772342754
22113,Vermilion Parish,13,162258926.05455858,0.040894158792473344
22115,Vernon Parish,22,29762506.243411846,0.008573813106232895
22117,Washington Parish,19,29677580.990436457,0.016953845711506516
22119,Webster Parish,18,8938927.917791825,0.005612664380602714
22123,West Carroll Parish,24,5544553.393235248,0.005936551728450835
22125,West Feliciana Parish,16,49832425.23046613,0.045165219840025035
22127,Winn Parish,14,45837267.31584255,0.01849807910348846
23001,Androscoggin County,62,22136586.79169747,0.017192969601509928
23003,Aroostook County,580,327192606.8878667,0.018502975141595678
23005,Cumberland County,638,61540250.03674862,0.019516685113322677
23007,Franklin County,66,167124848.4893984,0.03700307949312028
23009,Hancock County,526,438217382.7220958,0.07215423746538717
23011,Kennebec County,133,28990844.39302536,0.011768005752464946
23013,Knox County,416,60552571.32121033,0.02043760859034591
23015,Lincoln County,410,36435133.736342974,0.020107817098427384
23017,Oxford County,409,254333030.40469512,0.04513308080756285
23019,Penobscot County,225,612481251.0423797,0.06648239073930501
23021,Piscataquis County,714,1359433084.5249586,0.11988935142428879
23023,Sagadahoc County,344,45778533.11192101,0.04776692302769269
23025,Somerset County,959,310989664.40783024,0.029333788683946708
23027,Waldo County,168,53031172.934356645,0.02401087472213061
23029,Washington County,843,421559129.43368715,0.049965068079804234
23031,York County,1093,131979949.00843337,0.04013330655648339
24001,Allegany County,34,26991128.770773645,0.024355810012650126
24003,Anne Arundel County,71,46030692.590286806,0.03023564049388706
24005,Baltimore County,32,17000792.240497336,0.009628366980898818
24009,Calvert County,81,15874505.82534007,0.017761897170343675
24011,Caroline County,22,11273710.640523518,0.01335546205863247
24013,Carroll County,16,8830647.869913397,0.00753192549208609
24015,Cecil County,16,1066707.2712679247,0.0009856896310854264
24017,Charles County,52,38002367.22515376,0.02282154715807936
24019,Dorchester County,192,151701691.9942274,0.05958602747342428
24021,Frederick County,48,65756485.88716594,0.03803952634928681
24023,Garrett County,62,47624663.15742922,0.027955292437010313
24025,Harford County,24,1623566.0943855841,0.0011902644830042157
24027,Howard County,20,3751351.150332172,0.005715966957048804
24029,Kent County,8,8711834.765250312,0.008135676067564422
24031,Montgomery County,217,30556582.465341344,0.02327446893652926
24033,Prince George's County,164,63187194.88492029,0.04890772739169659
24035,Queen Anne's County,5,1122828.365835347,0.0008488950405747119
24037,St. Mary's County,14,692959.2327986504,0.0003500850318363879
24039,Somerset County,213,56671420.75368143,0.0358498684937616
24041,Talbot County,14,5497124.682179135,0.004451382844608476
24043,Washington County,93,55868885.43092961,0.04615448177586972
24045,Wicomico County,92,37704334.71684394,0.03637547102004439
24047,Worcester County,279,159167214.63375294,0.08844156858439052
24510,Baltimore city,15,4510498.541029206,0.018919237986852765
25001,Barnstable County,1178,238441864.99385515,0.07051710035128496
25003,Berkshire County,486,440002948.34272206,0.1794976590247149
25005,Bristol County,246,41640747.121039785,0.023262891979541022
25007,Dukes County,214,45148424.26394853,0.03550565118392811
25009,Essex County,739,120264894.21084036,0.056047179491568025
25011,Franklin County,236,151323858.89238197,0.08063990659749913
25013,Hampden County,148,91023496.33419394,0.05541927294456861
25015,Hampshire County,272,129238598.19176213,0.09151839228044702
25017,Middlesex County,640,85023723.6651749,0.03876022421383496
25019,Nantucket County,189,43530868.85027814,0.05535013104241528
25021,Norfolk County,142,23514336.191645995,0.020431947715830484
25023,Plymouth County,488,139323337.78885242,0.04920258272644586
25025,Suffolk County,5,34725.35983904025,0.00011152293068036006
25027,Worcester County,453,221461147.60038912,0.054147155097579155
26001,Alcona County,7,9666405.275037307,0.0020842872905511424
26003,Alger County,67,560577076.0890253,0.04287915598361577
26005,Allegan County,47,210664358.84779072,0.04436722565237298
26007,Alpena County,95,198306406.61071327,0.04517400696527796
26009,Antrim County,38,16094872.815704685,0.010326890957168615
26011,Arenac County,28,22898410.10387028,0.012988748796013147
26013,Baraga County,167,437086013.6021158,0.15787651755519685
26015,Barry County,49,95362223.16049142,0.06380737999179466
26017,Bay County,34,23192684.62610767,0.014197750343248779
26019,Benzie County,94,79366676.85928176,0.03565027323828257
26021,Berrien County,62,10289490.119282538,0.0025120909758408754
26023,Branch County,29,2661993.087726736,0.001977668823148513
26025,Calhoun County,38,13205462.875378022,0.007097929117195304
26027,Cass County,38,23300921.794755727,0.017698941675469
26029,Charlevoix County,134,112958005.2939491,0.03136661713205745
26031,Cheboygan County,77,390975503.11084634,0.1704955427198619
26033,Chippewa County,248,521823878.9053558,0.07466333197260497
26035,Clare County,42,20909688.12617936,0.014031456541254171
26037,Clinton County,31,36381752.29886028,0.024448202678912807
26039,Crawford County,39,107533053.87714286,0.0737034759725561
26041,Delta County,66,185596681.76096922,0.035985565871357636
26043,Dickinson County,99,926772892.1215192,0.4607712900566657
26045,Eaton County,27,10483073.539108247,0.006985337960157957
26047,Emmet County,159,75780652.09550421,0.03317361953590129
26049,Genesee County,30,10073629.744822748,0.005987573717206221
26051,Gladwin County,20,38781403.43080695,0.029021533924851566
26053,Gogebic County,38,249263836.8043628,0.06517286755530328
26055,Grand Traverse County,29,18436365.187848072,0.01183794831420461
26057,Gratiot County,48,78672148.92903064,0.05314005098089933
26059,Hillsdale County,39,21298069.33734555,0.01354712911032655
26061,Houghton County,169,269458145.793774,0.06928890076390613
26063,Huron County,41,55831748.090610884,0.010088582468832931
26065,Ingham County,51,30124561.52835034,0.020743479485073296
26067,Ionia County,50,29172016.932310704,0.019418220620727452
26069,Iosco County,7,2806880.754816106,0.0005733738844830917
26071,Iron County,268,489964876.26682544,0.1561901859462423
26073,Isabella County,41,8738982.807992846,0.005840665070408492
26075,Jackson County,44,53744392.59145252,0.02868144622625326
26077,Kalamazoo County,35,21736363.815501112,0.01446231813089736
26079,Kalkaska County,16,25095963.04451164,0.01698255757452658
26081,Kent County,34,35011721.275046915,0.01550343732501952
26083,Keweenaw County,469,2180203271.2089095,0.14109028671966956
26085,Lake County,44,286488636.1272819,0.19259166215603873
26087,Lapeer County,26,38004465.50881275,0.02213733867017261
26089,Leelanau County,149,250684539.35691258,0.0382237926103242
26091,Lenawee County,47,14313685.63247504,0.0072583736799552365
26093,Livingston County,37,35479017.21177519,0.023400045613775393
26095,Luce County,118,1237403243.3859828,0.2498144029414687
26097,Mackinac County,83,142156820.73421493,0.026129788607165392
26099,Macomb County,8,1559876.4757815995,0.0010549123222425695
26101,Manistee County,56,81208627.26984693,0.02448216447901294
26103,Marquette County,82,214222286.50315666,0.024149302034994477
26105,Mason County,19,68348889.07235976,0.02124237946325665
26107,Mecosta County,42,57310632.284998365,0.03873624320213128
26109,Menominee County,30,31765973.806268737,0.009165410813776743
26111,Midland County,22,22117407.548609436,0.01617133871845954
26113,Missaukee County,137,431167361.7502559,0.29007833633727315
26115,Monroe County,38,44783235.42078917,0.025430233440257192
26117,Montcalm County,68,98235029.81959514,0.05262389255228252
26119,Montmorency County,89,553722454.3880714,0.37998190312391017
26121,Muskegon County,21,105919578.96065636,0.028010272636656928
26123,Newaygo County,41,49219336.64980239,0.022053754229343154
26125,Oakland County,48,13213086.348886479,0.005623228981829725
26127,Oceana County,25,70399472.3498586,0.02081346272899361
26129,Ogemaw County,35,116936655.05990238,0.07852798921328026
26131,Ontonagon County,43,212255353.2788136,0.021909820400614642
26133,Osceola County,44,81256101.72656228,0.054751110811717754
26135,Oscoda County,20,30087636.582117505,0.02032639929182712
26137,Otsego County,16,191960289.5581525,0.14084579785957427
26139,Ottawa County,41,11691949.34392792,0.0027671113236160125
26141,Presque Isle County,92,326196976.5480838,0.04895404213769237
26143,Roscommon County,28,107938628.84457602,0.07185133296958643
26145,Saginaw County,57,114984079.96507092,0.05440866314569447
26147,St. Clair County,33,142482032.33656427,0.06576552902778267
26149,St. Joseph County,20,10906682.935787901,0.008082305294796794
26151,Sanilac County,41,52540024.05537965,0.01275884759078206
26153,Schoolcraft County,111,1624484397.3918886,0.33292945493359094
26155,Shiawassee County,31,10416735.94797017,0.007435047130150032
26157,Tuscola County,67,134392631.91787273,0.056777252328699145
26159,Van Buren County,57,16560108.627826562,0.005866477177391116
26161,Washtenaw County,173,42059700.354469806,0.022479039137043588
26163,Wayne County,53,14947441.293347681,0.008583155576252641
26165,Wexford County,44,226619787.79631305,0.15206005758963356
27001,Aitkin County,68,308192162.9884077,0.059649777364431875
27003,Anoka County,71,97653492.00327042,0.08452318338420799
27005,Becker County,339,338131763.74864763,0.09033904004442074
27007,Beltrami County,168,1466165878.807162,0.18529154015501315
27009,Benton County,60,13093538.268507507,0.012239390811193688
27011,Big Stone County,345,226310961.23945943,0.16547017037039394
27013,Blue Earth County,334,47013655.37210328,0.023710171793665746
27015,Brown County,282,49753998.01838288,0.031071004328793308
27017,Carlton County,56,31718045.633601163,0.013993372993977592
27019,Carver County,181,40459578.74981677,0.04155613176959288
27021,Cass County,104,137411779.5107785,0.021978288578382077
27023,Chippewa County,225,98152404.9826975,0.06446367130757485
27025,Chisago County,108,57853966.145286165,0.0504935916785873
27027,Clay County,340,238978978.01591465,0.0876569996332558
27029,Clearwater County,171,99335783.41767323,0.03723180497479855
27031,Cook County,58,1409598187.0493374,0.16295769690404469
27033,Cottonwood County,318,72979284.95858528,0.0434459392302423
27035,Crow Wing County,98,42885529.820985936,0.014316885118872295
27037,Dakota County,94,42235580.37117324,0.02778634565267014
27039,Dodge County,31,5967136.346553878,0.005239679192028192
27041,Douglas County,504,216624002.70298055,0.11613653483547041
27043,Faribault County,234,37950590.51776299,0.020297430235753703
27045,Fillmore County,163,19456746.05167727,0.008713670161680141
27047,Freeborn County,197,51810682.69652481,0.0276905261687581
27049,Goodhue County,107,31133074.721862346,0.015420113563273686
27051,Grant County,284,131817080.14512001,0.08843812498497548
27053,Hennepin County,220,76396523.77185442,0.048614588170547104
27055,Houston County,166,73582431.99557261,0.04994460945478908
27057,Hubbard County,81,27421236.67458744,0.01059270335236904
27059,Isanti County,39,25736278.163618155,0.021999230778689774
27061,Itasca County,128,49029779.80990901,0.006465801370496825
27063,Jackson County,235,64657909.5129676,0.03470987203436126
27065,Kanabec County,44,47062240.191780835,0.034048422934898
27067,Kandiyohi County,458,180071602.75037313,0.08062135077496918
27069,Kittson County,127,365139467.8492069,0.1277241617514259
27071,Koochiching County,119,330691768.07074547,0.04045699230345822
27073,Lac qui Parle County,408,214783003.880881,0.10658976931850203
27075,Lake County,178,1854488868.3871803,0.23939773899721914
27077,Lake of the Woods County,239,805021124.4175324,0.1746352545335593
27079,Le Sueur County,197,35243937.242474176,0.02871361396697028
27081,Lincoln County,275,83582931.87560168,0.05884327998148587
27083,Lyon County,335,70833970.56770161,0.03789716698834456
27085,McLeod County,199,44500813.62052465,0.03398468527319093
27087,Mahnomen County,149,155320738.75991037,0.102880500536248
27089,Marshall County,228,752358900.2753049,0.16023329054473345
27091,Martin County,227,37546916.567003645,0.019870324554442924
27093,Meeker County,318,83622733.14895782,0.0500872017337972
27095,Mille Lacs County,57,163525114.08449593,0.09263837319840704
27097,Morrison County,246,92576602.73775089,0.030990510844787725
27099,Mower County,102,19400317.611607004,0.01052759973294083
27101,Murray County,213,78929242.5905486,0.042355097302339266
27103,Nicollet County,167,35650480.866443716,0.02948397254171379
27105,Nobles County,88,26381424.47264902,0.014097183717975519
27107,Norman County,122,67705717.76427524,0.029816844047100353
27109,Olmsted County,46,17681335.640831724,0.010426508529066677
27111,Otter Tail County,830,517170400.7741055,0.08977123095597161
27113,Pennington County,36,31869725.795555323,0.019904670653353974
27115,Pine County,186,47316635.93933303,0.012734534005569469
27117,Pipestone County,80,18797130.147501778,0.015575636274734529
27119,Polk County,309,348875756.6973649,0.06742529749284397
27121,Pope County,642,282276320.3291351,0.1520230463674558
27123,Ramsey County,49,5441809.914582739,0.012358407178845787
27125,Red Lake County,37,15062899.184433868,0.01344712914169778
27127,Redwood County,651,86478753.68242525,0.037867590146814414
27129,Renville County,523,82925180.088906,0.032436194022339236
27131,Rice County,114,31682011.70440856,0.0237088049361993
27133,Rock County,39,15020971.340915421,0.012014272933305571
27135,Roseau County,192,608641996.329095,0.14002422903070183
27137,St. Louis County,1140,1901164523.2469306,0.10699498694495728
27139,Scott County,193,49585086.17507843,0.051969358817883754
27141,Sherburne County,40,133407490.1060535,0.11418104846976179
27143,Sibley County,175,28676046.392362192,0.018436192406801822
27145,Stearns County,227,101560091.58471347,0.028212585180422044
27147,Steele County,85,26855786.785295933,0.02398914228045055
27149,Stevens County,280,104348252.98135911,0.07002272490731506
27151,Swift County,360,142087995.93478724,0.07293754790549105
27153,Todd County,79,50803161.66264996,0.020025461568538027
27155,Traverse County,88,45538687.371356204,0.030012060612053137
27157,Wabasha County,142,52996796.85150276,0.03723677160566753
27159,Wadena County,46,24830301.739391264,0.017645901638124482
27161,Waseca County,175,27088606.915077135,0.02415608506493631
27163,Washington County,344,31940909.59758824,0.029133347964360668
27165,Watonwan County,210,21987353.100339603,0.01930583921709833
27167,Wilkin County,130,80371901.08593945,0.04130828980440488
27169,Winona County,162,111717697.81746529,0.06722517611470434
27171,Wright County,159,50568924.24445157,0.02733067717946351
27173,Yellow Medicine County,348,82572312.41388871,0.04177173193534426
28001,Adams County,14,172102361.38802242,0.1362930006020364
28003,Alcorn County,4,10842967.237836681,0.010430759518712206
28005,Amite County,5,583214.6076450081,0.0003077927822989837
28007,Attala County,5,12064222.074903786,0.006323115953897999
28009,Benton County,1,0.04522552137697744,4.272965428280383e-11
28011,Bolivar County,75,101481086.6864466,0.04315427004740628
28013,Calhoun County,7,2619962.6898511564,0.0017204804286881285
28015,Carroll County,18,3966172.0140682086,0.0024131477659408603
28017,Chickasaw County,15,3584828.1907284707,0.002744914031719368
28019,Choctaw County,11,49684380.389230415,0.04569012874295168
28021,Claiborne County,13,22008322.728554793,0.01695411011386444
28027,Coahoma County,33,20383513.64112761,0.01349855038350204
28029,Copiah County,3,32679740.191912822,0.01618767647281769
28033,DeSoto County,6,3171129.345037562,0.002469793979976043
28035,Forrest County,3,2457899.2072316282,0.0020181191328503627
28037,Franklin County,5,10712109.239185333,0.007297525785056578
28039,George County,20,105614206.88730171,0.08431228036417585
28041,Greene County,23,33909840.39955044,0.018217241981313588
28043,Grenada County,26,57895643.088952616,0.049740629046661614
28045,Hancock County,180,99646268.22112088,0.06960208648138826
28047,Harrison County,91,122046287.06501454,0.047855074580694226
28049,Hinds County,5,479870.29779608,0.000211196768464155
28051,Holmes County,19,107881948.66942237,0.0544763189538162
28053,Humphreys County,97,133772488.98644327,0.11977230460472787
28055,Issaquena County,47,142590155.80433944,0.12472032973580104
28057,Itawamba County,1,64038811.68743809,0.04574989819778152
28059,Jackson County,369,447938240.09478384,0.16575559295393308
28061,Jasper County,11,6423320.637239293,0.00366049751032442
28063,Jefferson County,4,23542843.850585464,0.017239816127316242
28067,Jones County,12,6103792.232629527,0.003367942622354245
28069,Kemper County,1,1381302.57159517,0.0006953149067652582
28071,Lafayette County,23,190575994.23199156,0.10833141967984516
28073,Lamar County,3,729927.8756608042,0.0005636590271036718
28075,Lauderdale County,5,26865090.17679114,0.014504117644486253
28077,Lawrence County,2,170691.01736037945,0.0001512624907973866
28079,Leake County,2,633454.519244048,0.00041782567538540963
28081,Lee County,2,397642.0142419073,0.00033878815721199323
28083,Leflore County,93,82537607.685384,0.0525545203936004
28085,Lincoln County,1,107687.52732814074,7.068147346094773e-05
28087,Lowndes County,6,23779050.075992033,0.01777689861719085
28089,Madison County,8,25715203.038683154,0.013380259436572445
28091,Marion County,6,33134306.6017015,0.023318916743079104
28093,Marshall County,3,17929059.67146521,0.009753674864759875
28095,Monroe County,16,57011436.33640258,0.028509725100605694
28097,Montgomery County,1,12387.87489437061,1.1726200244902603e-05
28099,Neshoba County,6,34284376.35637564,0.02315773209629334
28103,Noxubee County,2,49669146.031560965,0.027397016197522637
28105,Oktibbeha County,14,95938580.60317373,0.08018935707088339
28107,Panola County,4,15377851.725617254,0.008420303859389772
28109,Pearl River County,48,94683775.01345026,0.04461816346429238
28111,Perry County,15,44856436.85781296,0.026636616522130695
28113,Pike County,2,289066.6131017967,0.0002717578901903374
28117,Prentiss County,4,5596239.560782364,0.005166725011433373
28119,Quitman County,72,64657573.31336475,0.06142352691628353
28121,Rankin County,2,94568.32957514754,4.529671934772719e-05
28123,Scott County,12,10171533.59053127,0.006433999745753316
28125,Sharkey County,76,341539606.44829845,0.3030638001972365
28129,Smith County,7,3617190.0371818286,0.0021915382651456618
28131,Stone County,21,55985715.01516302,0.04824223231387102
28133,Sunflower County,107,97665572.48989211,0.05334193004701545
28135,Tallahatchie County,49,58231312.990288004,0.03447599954326337
28139,Tippah County,1,5038121.358006718,0.004229177235051134
28141,Tishomingo County,2,65059176.6529245,0.056509361460272585
28143,Tunica County,25,22052626.66917136,0.01788238375744655
28145,Union County,6,7534475.147740807,0.006977742929784646
28147,Walthall County,1,0.18093576533681052,1.7274657049930819e-10
28149,Warren County,30,36137425.09697282,0.022557036860195504
28151,Washington County,54,96723811.7014243,0.04911496801695334
28153,Wayne County,1,10517.18884442802,4.991543830844469e-06
28155,Webster County,2,357043.45334201073,0.0003257224220538556
28157,Wilkinson County,10,26454691.2091178,0.01485128590910116
28159,Winston County,25,133062933.42759345,0.08421090760693781
28161,Yalobusha County,1,151485.5447837616,0.00011815835543270202
28163,Yazoo County,24,209320937.13050064,0.08651555619137007
29001,Adair County,25,43069129.00884997,0.029202763597641655
29003,Andrew County,28,26550580.629046187,0.023492184316975355
29005,Atchison County,26,23040903.797598895,0.016171077349595143
29007,Audrain County,9,8918960.62229991,0.004941905023537845
29009,Barry County,10,60809723.20272124,0.029688776451266254
29011,Barton County,51,49418021.81031214,0.03197535874015958
29013,Bates County,37,35107002.0414964,0.01592107938399254
29015,Benton County,26,55665810.41342194,0.028560578453917886
29017,Bollinger County,49,66258301.02440555,0.041182495407726435
29019,Boone County,57,60085548.20174388,0.03357127848485461
29021,Buchanan County,40,24054689.217561036,0.02237012440651519
29023,Butler County,52,56465761.1262957,0.031186176453914673
29025,Caldwell County,12,12586415.738220256,0.011311062781524675
29027,Callaway County,23,60457185.777885124,0.027546805185217862
29029,Camden County,26,79137612.02043934,0.04311668461630182
29031,Cape Girardeau County,34,33292565.43965399,0.021922672922761528
29033,Carroll County,77,46500190.140902475,0.025597439785182842
29035,Carter County,91,183194010.1641636,0.13895624470541684
29037,Cass County,8,24176427.789604824,0.013289691712010936
29039,Cedar County,18,22859855.7191116,0.01770011636107707
29041,Chariton County,220,139790682.36153114,0.0703917679328027
29043,Christian County,7,13552229.549902096,0.009281184696119524
29045,Clark County,84,45428961.96855272,0.034269954901193236
29047,Clay County,11,12700716.976882027,0.011999754676267935
29049,Clinton County,4,2784431.8032099213,0.002538652825049118
29051,Cole County,43,19106904.676084604,0.018492742684028084
29053,Cooper County,73,51739735.360242784,0.035097508925340484
29055,Crawford County,31,55562305.21204477,0.02884387267943227
29057,Dade County,24,58248525.66428463,0.04442404748972742
29059,Dallas County,16,37940542.14277328,0.026985375900686275
29061,Daviess County,22,7635519.189783413,0.005180766682646821
29063,DeKalb County,3,17747034.1028054,0.01609163706957391
29065,Dent County,37,83311529.20642672,0.04263290956255716
29067,Douglas County,14,9675006.605678095,0.004585758120015949
29069,Dunklin County,57,47243142.846690185,0.03333443678867814
29071,Franklin County,37,72125178.5464259,0.029920755921535078
29073,Gasconade County,15,6669537.560259104,0.004896063321877707
29075,Gentry County,12,10083827.492465243,0.007917956413506549
29077,Greene County,20,26917958.803445287,0.01533174282439909
29079,Grundy County,7,9114344.75857696,0.008033661850398019
29081,Harrison County,22,41962696.90816474,0.022304204538155483
29083,Henry County,40,137841824.73850664,0.07267408085544258
29085,Hickory County,11,34128780.64696014,0.03200484066591214
29087,Holt County,45,88403657.46041256,0.07256856721867122
29089,Howard County,62,50986991.308295235,0.04175513148867857
29091,Howell County,14,34115541.667411365,0.01418940646271182
29093,Iron County,27,89607406.72051075,0.06266951729746156
29095,Jackson County,21,31449499.21329663,0.019701252147534157
29097,Jasper County,7,977402.5241489336,0.000588482160821516
29099,Jefferson County,28,21992208.331791453,0.0127863426055322
29101,Johnson County,26,42070311.40026535,0.019495439610429433
29103,Knox County,40,17062678.49271722,0.012998315946398793
29105,Laclede County,26,18676889.698975287,0.009389643063548374
29107,Lafayette County,45,20168542.436340757,0.012191505964605862
29109,Lawrence County,15,22146515.869136617,0.01394054443011637
29111,Lewis County,41,40224692.71552651,0.030405202210249876
29113,Lincoln County,60,65118587.1020635,0.03925664495775886
29115,Linn County,56,64020519.61844624,0.03978020572076506
29117,Livingston County,57,59117171.82481198,0.04238259612125356
29119,McDonald County,16,21533246.925711855,0.015406467897112431
29121,Macon County,61,56772140.91421434,0.026982559111777785
29123,Madison County,11,28508485.52258512,0.02212058145961275
29125,Maries County,11,10448469.701805633,0.007612694833965235
29127,Marion County,24,10100052.539226014,0.008777029006520835
29129,Mercer County,16,14393734.774820317,0.012211223477781885
29131,Miller County,17,56147170.10227188,0.03613138179565256
29133,Mississippi County,40,36123653.57398234,0.03252787096595936
29135,Moniteau County,40,24527221.414227214,0.022608408364755934
29137,Monroe County,24,17078366.98885457,0.009839357920949603
29139,Montgomery County,19,17893557.819550145,0.01278233633369184
29141,Morgan County,14,9545170.726199985,0.006002188648652604
29143,New Madrid County,89,73562777.48743905,0.04077358497368505
29145,Newton County,23,20167991.75984949,0.012427732229844255
29147,Nodaway County,12,22510120.79676134,0.009900267122788572
29149,Oregon County,13,132531218.68261868,0.06464255742650962
29151,Osage County,25,18559987.21521186,0.011681991989392208
29153,Ozark County,17,119761125.02504872,0.061222400378155094
29155,Pemiscot County,64,52914938.47613666,0.039792951961929085
29157,Perry County,48,11547464.452907886,0.009208731532242751
29159,Pettis County,42,16681977.585991437,0.009385318374114932
29161,Phelps County,10,13664733.864294937,0.007824129596046977
29163,Pike County,35,57409978.46229701,0.03237273309862633
29165,Platte County,36,24937626.254583586,0.022583672400513316
29167,Polk County,13,24937953.79485256,0.014988154929359036
29169,Pulaski County,11,2942647.3836722327,0.002060205202611144
29171,Putnam County,18,25068744.410515416,0.01862756900368553
29173,Ralls County,6,4725638.963375774,0.003771086093154284
29175,Randolph County,15,40578675.17918801,0.03211672544546121
29177,Ray County,33,13102629.930504203,0.008811053252000864
29179,Reynolds County,55,279750798.6615819,0.1326260441844019
29181,Ripley County,30,37382065.864007354,0.02285115357511781
29183,St. Charles County,94,95159091.31591694,0.062018922889349425
29185,St. Clair County,37,126861274.6700882,0.06976796924137232
29186,Ste. Genevieve County,20,32289381.768271223,0.024600679933990927
29187,St. Francois County,19,48281128.64306937,0.04099966497174668
29189,St. Louis County,62,64836778.806248166,0.04783197999227033
29195,Saline County,106,82611518.0149465,0.041590561516310645
29197,Schuyler County,7,6156707.371461843,0.0077138921293481
29199,Scotland County,11,18302771.465763576,0.016086583357994903
29201,Scott County,30,15818479.281779118,0.01434153014007905
29203,Shannon County,362,729465688.013877,0.2805264325559659
29205,Shelby County,31,21296871.124191653,0.016369681070546403
29207,Stoddard County,50,99676434.65566863,0.046426885408890194
29209,Stone County,15,15550194.15997143,0.011758361212502951
29211,Sullivan County,34,50355475.02546611,0.029842266435129692
29213,Taney County,29,171155673.2321139,0.10141622522083973
29215,Texas County,46,115303298.29480343,0.03775264486158272
29217,Vernon County,78,126520817.2904706,0.058375417169070555
29219,Warren County,14,35319405.90232761,0.0311508427421474
29221,Washington County,24,58729238.21965322,0.029738802892279696
29223,Wayne County,45,166427744.6627951,0.08301393912106898
29225,Webster County,8,7074903.194610312,0.004600543124251023
29227,Worth County,7,14048634.314151004,0.02032914034715038
29229,Wright County,9,10464282.572864532,0.005914317854901679
29510,St. Louis city,7,457421.2030512426,0.0026689198912490265
30001,Beaverhead County,492,1840612812.8281755,0.1275206725500081
30003,Big Horn County,12,9267349.504614599,0.000713329709119846
30005,Blaine County,98,904427656.218655,0.0823833198934214
30007,Broadwater County,5,26985637.701421767,0.0084154350992031
30009,Carbon County,19,851097218.4077464,0.1594130798315491
30011,Carter County,5,12912384.62359229,0.0014890943112045856
30013,Cascade County,21,73593411.06113063,0.010479457440709074
30015,Chouteau County,362,346900302.4676881,0.033512433342524746
30017,Custer County,17,62005249.10293575,0.006311392709959737
30019,Daniels County,12,17205309.65701654,0.004656331651188161
30021,Dawson County,1,11446.446108746912,1.8542324507190786e-06
30023,Deer Lodge County,14,236127963.35412052,0.1229705884527061
30027,Fergus County,70,1212172413.9531338,0.10759073675906884
30029,Flathead County,312,5520385088.969553,0.40552281935028345
30031,Gallatin County,157,1221431044.339113,0.17905744466135798
30033,Garfield County,72,732918258.3176484,0.05835755055155307
30035,Glacier County,138,1752983363.3635538,0.2229382457051067
30037,Golden Valley County,13,160158653.53966275,0.05260826605027023
30039,Granite County,73,554414281.0644943,0.1235360135670056
30041,Hill County,21,83480479.3519994,0.011051744451360685
30043,Jefferson County,7,51114943.30227492,0.011893116017866703
30045,Judith Basin County,1,326382649.02926904,0.0673713270630865
30047,Lake County,76,140308951.6463254,0.03275308735643821
30049,Lewis and Clark County,68,2842960614.910515,0.31383893172791827
30051,Liberty County,11,24654186.357835196,0.00657784672947118
30053,Lincoln County,35,477067100.15966845,0.05012240617948369
30055,McCone County,22,51757288.291653655,0.007450996131001762
30057,Madison County,150,1311254996.0435398,0.14049464123341018
30059,Meagher County,1,4861037.247162381,0.0007837365715019974
30061,Mineral County,29,147188921.6360801,0.04645092627397561
30063,Missoula County,134,1285503926.1998243,0.1895898296991398
30065,Musselshell County,27,126206730.0017848,0.026034367862547345
30067,Park County,157,2776328782.1950593,0.3810366911529151
30069,Petroleum County,28,186054617.96291018,0.04289961505250437
30071,Phillips County,344,2296509813.871902,0.17012291685527017
30073,Pondera County,47,196657383.28139904,0.046255022576654384
30077,Powell County,127,1802012122.941243,0.2983133158612872
30079,Prairie County,5,170278062.00218415,0.037731631213363245
30081,Ravalli County,336,1641681840.0769644,0.2640691068983594
30083,Richland County,2,3962982.9690593043,0.0007274227286761152
30085,Roosevelt County,16,47577702.69389974,0.00775263183370764
30087,Rosebud County,4,3068430.5925829276,0.000235756641072547
30089,Sanders County,35,172083354.63120407,0.023815128882495862
30091,Sheridan County,179,435133317.4328659,0.09848284035035479
30093,Silver Bow County,7,51942596.08016283,0.027909821542112963
30095,Stillwater County,9,583877915.7034966,0.12483268592504204
30097,Sweet Grass County,8,392119194.94376254,0.08129732935265431
30099,Teton County,236,1671190010.3729007,0.281530762848781
30101,Toole County,77,194207286.6188733,0.03855230374248702
30103,Treasure County,2,507635.3886780348,0.00019910062534752248
30105,Valley County,208,891562672.6266448,0.06800652614936885
30107,Wheatland County,1,6493427.159972883,0.0017563000271051548
30109,Wibaux County,10,23915321.98849574,0.010372096723896346
30111,Yellowstone County,8,21362907.38400687,0.0031138561191682477
31001,Adams County,9,4586374.871821838,0.00313844948718038
31003,Antelope County,8,10718601.692100411,0.004820073478023899
31005,Arthur County,1,5271981.091675495,0.002834581969964285
31007,Banner County,7,17422467.83040037,0.009014929733280677
31011,Boone County,7,817208.1342195219,0.0004591354510919799
31015,Boyd County,6,2244331.3423039783,0.0015913656187409096
31017,Brown County,29,162551169.64589733,0.0512276893748377
31019,Buffalo County,43,9196727.443745663,0.0036404335600841806
31021,Burt County,87,26709078.724064108,0.020746726166680465
31023,Butler County,12,4948222.674742326,0.003233722417010452
31025,Cass County,26,15993332.434344893,0.010912094384018769
31027,Cedar County,16,11530491.90746492,0.0059689853737733495
31029,Chase County,2,863146.4268334585,0.0003713237504828642
31031,Cherry County,31,484311252.8222032,0.03111584406393092
31035,Clay County,45,15143400.255868532,0.010194433177004658
31037,Colfax County,8,2299694.248717304,0.0021317706921625107
31039,Cuming County,26,7154853.779973706,0.004807285316416518
31041,Custer County,28,17289269.455591705,0.002591437610423676
31043,Dakota County,8,4780810.542238121,0.006902541511484305
31045,Dawes County,21,74776383.38240756,0.020607998944290974
31047,Dawson County,29,9264944.799168268,0.003509024457898528
31049,Deuel County,5,865242.2739123134,0.0007580280801300145
31051,Dixon County,15,12818342.249353396,0.010252771362199577
31053,Dodge County,35,9039273.444937788,0.0064273835267925385
31055,Douglas County,5,2475349.187813108,0.0028163806081190385
31057,Dundy County,4,1197939.3647718662,0.0005022800698815825
31059,Fillmore County,24,7022387.729941938,0.004702934460107913
31061,Franklin County,8,4692894.175087777,0.003145700708594737
31063,Frontier County,1,448742.37074518204,0.00017678203111325903
31065,Furnas County,12,1277840.538496194,0.0006846338808694174
31067,Gage County,23,4825942.391917819,0.0021667367718099834
31069,Garden County,16,199777963.74628282,0.0445641606421143
31071,Garfield County,6,9275449.920679215,0.006267703921492275
31073,Gosper County,4,8381496.045220191,0.006993625044919669
31075,Grant County,12,2707449.6188007486,0.0013344534683972214
31077,Greeley County,7,2376400.559545966,0.0016078563031248654
31079,Hall County,58,34727154.24432623,0.024283922121417664
31081,Hamilton County,21,6994177.25862721,0.004957355739336485
31083,Harlan County,7,1684245.3135113476,0.0011327904062917158
31085,Hayes County,2,1108029.4360682385,0.0005997802088921004
31087,Hitchcock County,1,1767589.555618659,0.0009498848531642456
31089,Holt County,14,23017126.305007167,0.003676103309087071
31093,Howard County,17,7880946.783649238,0.005286466101503055
31095,Jefferson County,26,13144256.929977028,0.008815918208636104
31097,Johnson County,11,10311602.9022967,0.010568039095645167
31099,Kearney County,16,3865491.12509695,0.002890436558542163
31101,Keith County,11,22318600.840586927,0.007764255371084465
31103,Keya Paha County,13,44700221.975805044,0.022300487466070842
31107,Knox County,78,53664057.728993796,0.018179705078925926
31109,Lancaster County,132,48011320.75547615,0.021901774824030384
31111,Lincoln County,44,26681046.774425425,0.004000438862898225
31113,Logan County,2,2266471.0165920495,0.0015321183080860643
31115,Loup County,10,15393860.428859826,0.010407734409765959
31117,McPherson County,1,40153232.10982433,0.01802095450559016
31119,Madison County,7,7076999.486151246,0.004748355839716346
31121,Merrick County,27,13853463.03085513,0.010767059748260269
31123,Morrill County,13,11014814.383002855,0.0029738947441102824
31125,Nance County,24,14514066.992252346,0.012502294841758148
31127,Nemaha County,56,21129441.2952661,0.019917078624003222
31129,Nuckolls County,8,1502212.2964025487,0.0010072742648822802
31131,Otoe County,23,7757355.5169651015,0.004838515656400152
31133,Pawnee County,18,12910415.328075781,0.011513478592578667
31135,Perkins County,8,1780999.3092629039,0.0007775221206411894
31137,Phelps County,8,13683925.847351141,0.009776361952312856
31139,Pierce County,2,1502120.3040305579,0.0010093611062555628
31141,Platte County,25,12858532.023366775,0.007252094682161388
31143,Polk County,10,1980037.0522327058,0.0017349616736679972
31145,Red Willow County,2,202207.93261960873,0.00010873572755940164
31147,Richardson County,40,24224693.132885378,0.016865582645847907
31149,Rock County,21,31398063.7962911,0.011982739038524074
31151,Saline County,6,2107826.872223179,0.0014121531355264958
31153,Sarpy County,34,7023425.742039876,0.010955658381100375
31155,Saunders County,31,7097700.311035807,0.0036066925300212243
31157,Scotts Bluff County,34,56912490.89221026,0.029473397333036364
31159,Seward County,55,16157140.146028653,0.010832535082048417
31161,Sheridan County,5,16263339.036854604,0.002542502983031132
31163,Sherman County,2,670936.598055423,0.0004531666970640295
31165,Sioux County,16,153727161.81063747,0.028710161005012617
31167,Stanton County,18,10800142.382852273,0.00967503044863188
31169,Thayer County,11,6114484.309266806,0.00410594411388476
31171,Thomas County,1,2031356.9535782263,0.0010994610001912987
31173,Thurston County,7,7702176.631921306,0.007508195298349805
31175,Valley County,9,2912795.1827699547,0.0019714620978229223
31177,Washington County,32,35915950.43371774,0.035267800442907005
31179,Wayne County,5,889273.459447335,0.0007744722011883468
31181,Webster County,4,1917916.1257310826,0.0012877493000303113
31183,Wheeler County,5,6531956.119090684,0.004381576580634359
31185,York County,35,12666063.164732939,0.008492795533017015
32001,Churchill County,166,2420612252.3305554,0.18603507043190196
32003,Clark County,173,8916114049.328798,0.4270641180503219
32005,Douglas County,134,80580063.81932078,0.04213412865748281
32007,Elko County,96,2248239810.1314054,0.05046122631310974
32009,Esmeralda County,42,651436056.9671484,0.07008002226826311
32011,Eureka County,2,126121521.62895271,0.011649827458323585
32013,Humboldt County,567,5470589414.366065,0.21870343279305932
32015,Lander County,19,263858967.48794848,0.01845755387053803
32017,Lincoln County,144,8300841604.418596,0.30129936447570965
32019,Lyon County,29,318145465.4714848,0.06062946458858014
32021,Mineral County,8,332339565.3916161,0.033666085201955714
32023,Nye County,291,5971380157.293536,0.12668904038026077
32027,Pershing County,60,1281148298.6134756,0.08152584700789277
32029,Storey County,6,2324899.5423811637,0.003393422517492115
32031,Washoe County,593,4160844475.1060157,0.2456110925521771
32033,White Pine County,26,2753278204.6914344,0.1195010385199139
32510,Carson City,2,5107.814695383601,1.2551902869038824e-05
33001,Belknap County,150,25399042.365035724,0.020864704835231097
33003,Carroll County,382,217929789.40351817,0.08469424109792492
33005,Cheshire County,179,130718778.8623459,0.0692382405275278
33007,Coos County,774,720280687.343381,0.15194299386794913
33009,Grafton County,320,395420357.7502495,0.08725624420703099
33011,Hillsborough County,394,79145757.59115355,0.03423982305539733
33013,Merrimack County,222,49546138.64541954,0.020031786112054282
33015,Rockingham County,738,87856356.27744001,0.04265530525893852
33017,Strafford County,341,70141617.85389324,0.07078594230349167
33019,Sullivan County,67,24800720.661802,0.017342876693370243
34001,Atlantic County,1430,357015007.7247959,0.20517567525400693
34003,Bergen County,39,6527205.148312076,0.010225827931033455
34005,Burlington County,596,168379289.35004842,0.0792644973545062
34007,Camden County,66,26536410.905241318,0.04505222343347123
34009,Cape May County,1373,230145892.6882894,0.14325144534869846
34011,Cumberland County,2357,442168316.5697467,0.25185993070679435
34013,Essex County,75,4099416.4229136915,0.012229562002089215
34015,Gloucester County,190,44398629.85779752,0.050902043343549495
34017,Hudson County,8,2427217.5659832996,0.015031324041520654
34019,Hunterdon County,326,63489412.3050797,0.05604407468703706
34021,Mercer County,159,27708697.52577104,0.04674738205710204
34023,Middlesex County,69,8905427.410803368,0.010649312519436635
34025,Monmouth County,260,62755155.1305889,0.036634296312597694
34027,Morris County,424,167376169.03476945,0.1342067019690428
34029,Ocean County,1395,469473754.34880686,0.19813908969538196
34031,Passaic County,203,111318819.80663827,0.21653996301332049
34033,Salem County,405,118526610.10510206,0.12283760914522204
34035,Somerset County,128,13622490.943883402,0.017247477970812428
34037,Sussex County,448,214089259.77972156,0.1543807727645476
34039,Union County,26,7974466.813648591,0.029209980580662518
34041,Warren County,458,76989218.10847943,0.08196783737617287
35001,Bernalillo County,62,149706246.30836156,0.049514313035736335
35003,Catron County,32,2076567917.0529594,0.11570069517221658
35005,Chaves County,9,102306566.3966772,0.006502099808170639
35006,Cibola County,152,1575061303.6909711,0.13388754910963213
35007,Colfax County,15,181770333.79507318,0.018625133526053623
35011,De Baca County,1,2555442.382053841,0.00042267294685906443
35013,Doña Ana County,184,2486413535.026259,0.25164267701146587
35015,Eddy County,39,453979413.3173718,0.041752213561802726
35017,Grant County,46,1351552632.157553,0.13154085533009985
35019,Guadalupe County,2,6813863.70074323,0.0008680124059365396
35023,Hidalgo County,46,1586233214.312787,0.17764191928650322
35025,Lea County,10,11213310.24936894,0.0009851607184341747
35027,Lincoln County,5,552963364.0099928,0.0441908059639695
35028,Los Alamos County,14,27159595.896195922,0.09602632560188545
35029,Luna County,87,309082093.3892722,0.0402439770790084
35031,McKinley County,14,161691813.05933166,0.011442444913695895
35033,Mora County,3,281989705.79586387,0.05645375699528487
35035,Otero County,8,568942322.1031859,0.033148575599506756
35039,Rio Arriba County,46,942897186.5885942,0.061744063215518244
35041,Roosevelt County,37,218819823.0700296,0.034438537830673695
35043,Sandoval County,50,848777029.2684493,0.08822851895036835
35045,San Juan County,15,352792258.104348,0.02459432156214776
35047,San Miguel County,9,398894604.4176563,0.03248314698816479
35049,Santa Fe County,19,323310451.1151785,0.06530858201374805
35051,Sierra County,8,565282424.3473277,0.05149733519507506
35053,Socorro County,31,2071121800.1821823,0.12028184231457237
35055,Taos County,18,1511967036.7588074,0.2649086609217052
35057,Torrance County,11,130101472.49715975,0.015012206974883547
35059,Union County,1,3199887.855259506,0.00032249345224656065
35061,Valencia County,4,29184224.153708544,0.010552526997559734
36001,Albany County,230,37323331.92106854,0.027021506912069608
36003,Allegany County,51,11442764.350544235,0.004270644221683937
36007,Broome County,3,236689.67374054354,0.00012775356596999852
36009,Cattaraugus County,69,31633945.91589054,0.009236293445794734
36011,Cayuga County,36,8090712.848228199,0.003616939611206121
36013,Chautauqua County,80,15406778.089842726,0.0039652218415858215
36015,Chemung County,40,7147279.935545078,0.0067182283723941855
36017,Chenango County,36,5034750.181776491,0.0021632130055177657
36019,Clinton County,84,222212067.02017468,0.07677454728437068
36021,Columbia County,115,29069141.38363017,0.0173149928610717
36023,Cortland County,15,13314726.694183141,0.010250545520924742
36025,Delaware County,100,175971052.19469023,0.04630243385982249
36027,Dutchess County,128,34800590.24640553,0.016280936698791448
36029,Erie County,47,21849209.92582546,0.006875971684262943
36031,Essex County,397,2482899637.620201,0.5002715364054668
36033,Franklin County,286,1405118869.420067,0.3196008821703206
36035,Fulton County,78,329778684.7906677,0.23894391546162136
36037,Genesee County,18,25206513.091438387,0.019647464810509864
36039,Greene County,81,324906318.66460544,0.19063449884658784
36041,Hamilton County,291,3354764605.4575987,0.7164941304021735
36043,Herkimer County,157,1474507142.7392967,0.3907263713294145
36045,Jefferson County,191,78073614.85081737,0.016236731415657967
36047,Kings County,3,38028584.12752525,0.15160291693834507
36049,Lewis County,166,345610090.14555204,0.10331292412398968
36051,Livingston County,55,10509001.41999864,0.0063381575931224475
36053,Madison County,131,27943986.95088311,0.01631531828832255
36055,Monroe County,60,10979613.69893829,0.003101814096075109
36057,Montgomery County,49,6221168.859689002,0.0058543018001612586
36059,Nassau County,34,15424674.236966686,0.013135752428719073
36061,New York County,1,5751.091597159658,6.558111924753816e-05
36063,Niagara County,19,2639471.8489617966,0.0008942379088734084
36065,Oneida County,143,84580239.05529034,0.02596422620883356
36067,Onondaga County,101,18732918.692226116,0.008977978987152944
36069,Ontario County,33,9559054.230062755,0.0055705392426032285
36071,Orange County,142,35474079.89191166,0.016338267592791056
36073,Orleans County,17,22819461.576207366,0.01077860435105338
36075,Oswego County,104,21011832.81052088,0.00618337046818102
36077,Otsego County,101,21535232.29786668,0.008185806929707006
36079,Putnam County,123,30727284.729325812,0.048193640373845804
36081,Queens County,8,31873083.1424163,0.06780950894938152
36083,Rensselaer County,83,41909495.280216455,0.024318116683158024
36085,Richmond County,42,7911142.042507727,0.029693780918376676
36087,Rockland County,17,4934194.580337529,0.009548317050190137
36089,St. Lawrence County,617,810668190.093562,0.11094556097747271
36091,Saratoga County,160,112232596.897693,0.05135797804334762
36093,Schenectady County,16,2170093.647343055,0.004000492313619815
36095,Schoharie County,16,4920495.20581092,0.0030332598999341814
36097,Schuyler County,10,2149951.004253641,0.002424797355391902
36099,Seneca County,57,35316640.26409514,0.034925773172200456
36101,Steuben County,43,7403704.26232152,0.0020359767259332693
36103,Suffolk County,1204,163644047.18002692,0.026623071783584466
36105,Sullivan County,60,66286973.12250828,0.02568046455025847
36107,Tioga County,7,1143801.139034309,0.0008443551038092678
36109,Tompkins County,66,12056970.396554258,0.009470540306864101
36111,Ulster County,267,769272256.9576153,0.2558820744632937
36113,Warren County,355,819374604.0877016,0.3395760880390336
36115,Washington County,90,107138663.56069167,0.04890173741178705
36117,Wayne County,52,20150729.797196764,0.005625397813533982
36119,Westchester County,199,26040745.981751315,0.02010551764212974
36121,Wyoming County,18,3378898.725728253,0.0021881626432911777
36123,Yates County,18,4652323.583004895,0.004780117066466499
37001,Alamance County,72,7691648.715094936,0.006838987065045385
37003,Alexander County,9,1168384.4217749753,0.0017111559034725732
37005,Alleghany County,52,23966887.097673077,0.039167498929835134
37007,Anson County,25,33418125.718715273,0.024023127630268065
37009,Ashe County,154,60051503.56192006,0.05399917546863995
37011,Avery County,198,91471194.28953528,0.14269020804113358
37013,Beaufort County,24,22966385.229273863,0.009209523179612964
37015,Bertie County,322,193348750.97394222,0.100703545604412
37017,Bladen County,65,143996175.54194084,0.0626248942819054
37019,Brunswick County,583,266712096.78057337,0.09811709250330239
37021,Buncombe County,219,156682895.9120609,0.09166799390460345
37023,Burke County,143,186612573.35075572,0.14011353347933667
37025,Cabarrus County,50,4074873.0581254023,0.004323137368074547
37027,Caldwell County,130,65685828.56781571,0.05343625425176024
37029,Camden County,37,108823312.8902909,0.13542619949102025
37031,Carteret County,389,238439136.10938904,0.069198023212398
37033,Caswell County,16,14098895.814829828,0.01269785699845793
37035,Catawba County,44,5856751.275129483,0.005435520186967564
37037,Chatham County,126,26088540.039183725,0.014212452019746354
37039,Cherokee County,14,664117.8693034047,0.0005494681308576385
37041,Chowan County,13,5686487.260490648,0.009396882134327489
37043,Clay County,27,29097048.250938788,0.05087820925765607
37045,Cleveland County,60,20642391.24386192,0.017023552911959023
37047,Columbus County,48,128438688.69024353,0.05192727305752258
37049,Craven County,89,89918502.75601618,0.04489656779107614
37051,Cumberland County,90,57492057.44196935,0.033710793135868
37053,Currituck County,165,100536447.751551,0.07373732019282352
37055,Dare County,695,650366096.7827256,0.16287356846833792
37057,Davidson County,91,17354548.040763665,0.011803144292090445
37059,Davie County,37,6973415.406736163,0.010099241894608878
37061,Duplin County,22,3146760.1662108,0.00148127880716382
37063,Durham County,253,93206700.41674821,0.12081849282831941
37065,Edgecombe County,21,12082123.831716299,0.009203463863244905
37067,Forsyth County,24,1322345.276100462,0.0012381603916595358
37069,Franklin County,29,12281728.841198891,0.009588091526550335
37071,Gaston County,213,25151622.921915635,0.026701974236242307
37073,Gates County,22,138638169.37887463,0.1548210182993234
37075,Graham County,58,96465922.87408842,0.12347627369994976
37077,Granville County,62,70716852.50315854,0.05078942410341361
37079,Greene County,10,584763.8141754011,0.0008449507770744682
37081,Guilford County,134,4464884.628273021,0.0026212059946422923
37083,Halifax County,147,80860038.27579808,0.04275158624394682
37085,Harnett County,16,9815702.742019128,0.006301563414849074
37087,Haywood County,226,452438971.3920201,0.3150354777037221
37089,Henderson County,143,44327400.090577826,0.04562852416855255
37091,Hertford County,15,36557306.411801666,0.039164620631464635
37093,Hoke County,151,42186860.486948274,0.0415863138995946
37095,Hyde County,745,727574148.6067036,0.19253612120047903
37097,Iredell County,25,9500238.990905387,0.0061401272125561675
37099,Jackson County,75,42973690.36667732,0.033528259650350875
37101,Johnston County,85,18442502.449141286,0.008949539699776955
37103,Jones County,14,46308695.856397,0.037745431944400276
37105,Lee County,29,2858007.978317492,0.004257214982238723
37107,Lenoir County,186,4025744.0436245627,0.0038726567505865347
37109,Lincoln County,64,2969701.8179762596,0.003761067806894453
37111,McDowell County,134,41211973.29794741,0.03572916980095055
37113,Macon County,216,62532589.52048568,0.046462173457676774
37115,Madison County,45,11222979.542364758,0.009597715985104036
37117,Martin County,19,91185530.67094377,0.0770897312397262
37119,Mecklenburg County,244,47548041.455575004,0.033618545325550475
37121,Mitchell County,122,36547102.7007964,0.06359684525744921
37123,Montgomery County,120,16342928.244824694,0.012581524627825094
37125,Moore County,225,68647129.18832694,0.03755930157241135
37127,Nash County,31,6259078.498564373,0.0044519518875603716
37129,New Hanover County,51,31395152.72639784,0.036859980841898475
37131,Northampton County,79,30099881.224638004,0.021109035533642902
37133,Onslow County,106,34653591.87002249,0.014781178066030949
37135,Orange County,227,31053245.90486788,0.029902570506489142
37137,Pamlico County,6,1200132.6413862978,0.0008250560727062732
37139,Pasquotank County,7,16629954.282532979,0.022192161050548817
37141,Pender County,375,243052752.5588073,0.10045665619005327
37143,Perquimans County,4,870233.1355201359,0.0010214850894598225
37145,Person County,10,256329.11271446905,0.0002447382319916869
37147,Pitt County,21,7552086.006700266,0.004447981806384616
37149,Polk County,40,27069356.184456315,0.0438320177107302
37151,Randolph County,120,33511128.019950874,0.016379282811315756
37153,Richmond County,186,160681546.1077199,0.12932900239827405
37155,Robeson County,38,19279758.808678843,0.007841895985994341
37157,Rockingham County,45,9775744.375342604,0.00658990886205189
37159,Rowan County,184,39689462.971815504,0.02924728370756172
37161,Rutherford County,132,82115588.50979358,0.05589253458567997
37163,Sampson County,142,37150448.91778847,0.01513336429492012
37165,Scotland County,127,125971229.13057455,0.15169725808843162
37167,Stanly County,36,6327286.481003109,0.006034969885434723
37169,Stokes County,58,21588618.190195687,0.018274977650168316
37171,Surry County,81,45487519.27596761,0.03272637380303001
37173,Swain County,50,893090135.9209402,0.63827725215965
37175,Transylvania County,126,183062084.11507875,0.1858432755884023
37177,Tyrrell County,707,494290931.81274104,0.3195822013587151
37179,Union County,52,2392630.0085943053,0.0014442401662614049
37181,Vance County,2,447205.33578002383,0.0006426359639277599
37183,Wake County,375,103846926.30311882,0.046785244705195315
37185,Warren County,31,30264387.61940242,0.02630009371325335
37187,Washington County,157,192269674.3343924,0.17595213501990775
37189,Watauga County,103,24493399.71485717,0.030183369003481026
37191,Wayne County,34,3105882.475042749,0.0021501533235265347
37193,Wilkes County,58,51431818.72405566,0.026255854997914503
37195,Wilson County,2,64166.2343631693,6.640092865272786e-05
37197,Yadkin County,26,2342063.324325833,0.0026776406443262267
37199,Yancey County,46,26839916.196084894,0.03308934654374996
38001,Adams County,8,5247478.906982661,0.0020492933581769397
38003,Barnes County,442,836866038.6324385,0.21350262208548004
38005,Benson County,542,1184588102.1061301,0.31775265980529643
38007,Billings County,11,189911698.5505579,0.06358881993421633
38009,Bottineau County,373,942167702.4893359,0.21427452676331873
38011,Bowman County,7,4440080.82458757,0.0014689341936923205
38013,Burke County,274,913549210.3948953,0.3124211736519208
38015,Burleigh County,227,1162892284.7050936,0.2691038865844227
38017,Cass County,67,75377556.4871052,0.016462982874447335
38019,Cavalier County,262,383179737.58142376,0.09798864117326785
38021,Dickey County,289,910886165.3283688,0.3079217438848028
38023,Divide County,323,1138023407.8154757,0.3394057747008922
38025,Dunn County,15,52316607.43923932,0.009701737963625756
38027,Eddy County,211,473937958.69070566,0.28408030298790393
38029,Emmons County,183,477604715.9531211,0.11856418034496491
38031,Foster County,138,252591110.3558407,0.15076801583362473
38033,Golden Valley County,3,812507.561860643,0.00031293264752054064
38035,Grand Forks County,101,95503157.08516239,0.025617290584237916
38037,Grant County,3,3663649.4884486464,0.0008490580736566785
38039,Griggs County,153,453379750.00341463,0.24428669597914338
38041,Hettinger County,28,26184906.631659817,0.008917061907845235
38043,Kidder County,348,1810344989.5267508,0.4878358484140152
38045,LaMoure County,283,696869505.4429106,0.23377317461076086
38047,Logan County,234,1169416748.2971847,0.4465929420380106
38049,McHenry County,536,1192769805.3109496,0.24092409306665416
38051,McIntosh County,311,1071471746.0993582,0.41595972423578115
38053,McKenzie County,39,170280051.95434707,0.022983383824479755
38055,McLean County,433,1141902642.07894,0.18938940843820593
38057,Mercer County,31,31317705.915876005,0.01086811354958322
38059,Morton County,25,41091990.236044765,0.008156477597090072
38061,Mountrail County,343,1073851886.6125104,0.2135636023266231
38063,Nelson County,214,1066200956.4230871,0.408042867842637
38065,Oliver County,21,42339840.057419695,0.02236070225838363
38067,Pembina County,195,132318293.73234938,0.04556416396857505
38069,Pierce County,391,1140660033.2115493,0.4068593912797269
38071,Ramsey County,410,856927863.5799958,0.25431214881066094
38073,Ransom County,212,576573183.9772947,0.2577006993563536
38075,Renville County,231,615242576.427214,0.266027099221304
38077,Richland County,105,109438354.18441747,0.02923490252060551
38079,Rolette County,259,672233340.1607012,0.27626528961920055
38081,Sargent County,276,448307612.1383967,0.19967434829244218
38083,Sheridan County,365,1148707266.4012494,0.4410890812722757
38085,Sioux County,1,1208771.007356609,0.0004136749577799864
38087,Slope County,7,15334637.565586763,0.0048550364229463724
38089,Stark County,14,6818698.959232498,0.001964231778849292
38091,Steele County,166,141967257.60200238,0.07661989299117598
38093,Stutsman County,627,1712305922.971867,0.28768699590901614
38095,Towner County,337,751822412.9317331,0.27867742006158264
38097,Traill County,27,14325877.83542428,0.006413525927600446
38099,Walsh County,226,292890500.37866724,0.08739014196072656
38101,Ward County,449,1186866974.3603797,0.2228873279438636
38103,Wells County,283,495919945.8959266,0.14839763016785334
38105,Williams County,167,408807700.00774014,0.073489606118422
39001,Adams County,136,153442901.60488385,0.10105089452390174
39003,Allen County,4,1533150.4841469463,0.0014549616079494335
39005,Ashland County,22,24528144.124537896,0.022187430503175603
39007,Ashtabula County,60,22613522.913001902,0.006381543945207746
39009,Athens County,24,63288412.398405775,0.04806251019694282
39013,Belmont County,13,79123539.41557424,0.056440415869450936
39015,Brown County,11,9663491.316695167,0.007568578119361914
39017,Butler County,9,2131380.6573301107,0.0017506686331001298
39019,Carroll County,17,13616658.205288598,0.013178805953410588
39021,Champaign County,28,7451241.834598317,0.006693380858910144
39023,Clark County,5,2651690.20732621,0.0025498720962305772
39025,Clermont County,26,5275065.25830667,0.004425389077879836
39027,Clinton County,8,2194216.898438171,0.002054627860815583
39029,Columbiana County,16,21118263.21829516,0.01524855334242129
39031,Coshocton County,18,83567528.79541506,0.05686224240625026
39033,Crawford County,7,917433.510856896,0.0008796278272619508
39035,Cuyahoga County,108,16424519.896148443,0.005091451618468999
39037,Darke County,29,4995229.150088762,0.0032158352606730762
39039,Defiance County,21,3370794.159062214,0.0031422756689490497
39041,Delaware County,16,3130668.436895361,0.0026431588381914646
39043,Erie County,34,25411344.11077669,0.01567855017751263
39045,Fairfield County,13,10789080.162363896,0.008191110091368645
39047,Fayette County,16,2273210.984532782,0.0021564112706412477
39049,Franklin County,205,12752801.151726654,0.009057516972471365
39051,Fulton County,51,15442690.013416793,0.014641931132205119
39053,Gallia County,13,32357483.138583787,0.02651398125575548
39055,Geauga County,97,33687549.73338221,0.03184653397086551
39057,Greene County,58,11307538.657171817,0.010488388211255587
39059,Guernsey County,14,6911191.453778844,0.005051059624317625
39061,Hamilton County,234,23098555.005983077,0.021613025284900726
39063,Hancock County,18,3631425.87407717,0.0026273816560468885
39065,Hardin County,22,13611289.140278295,0.011169030539387568
39067,Harrison County,31,30133536.01330153,0.02832419068030069
39069,Henry County,14,6876131.803977066,0.00632492070193548
39071,Highland County,36,37880986.22893157,0.026221113151566926
39073,Hocking County,36,86594353.626873,0.07891973555528348
39075,Holmes County,7,6371395.151321392,0.005801350505465955
39077,Huron County,9,8190201.250935376,0.0063809841158029125
39079,Jackson County,56,71191324.37927087,0.06520744699659434
39081,Jefferson County,12,29615897.660461232,0.027824757181129985
39083,Knox County,15,9428962.851968978,0.006873636871908594
39085,Lake County,106,26352173.224376533,0.01038944571338204
39087,Lawrence County,9,21195964.543027855,0.017897278674326823
39089,Licking County,22,8963319.2540565,0.005034894064892867
39091,Logan County,37,11825613.28700691,0.009780370058155742
39093,Lorain County,79,8200015.880898243,0.0034310081640177253
39095,Lucas County,108,44663165.33426695,0.028941718189379864
39097,Madison County,28,7594290.508731269,0.006271890779856941
39099,Mahoning County,70,12357931.790634712,0.011222150950063691
39101,Marion County,23,7778749.8584814435,0.007431236258433203
39103,Medina County,61,8409262.230623603,0.007674313864981736
39105,Meigs County,16,12945077.878905462,0.011542875696494597
39107,Mercer County,15,3573725.3085747743,0.0029145568228801416
39109,Miami County,19,3273877.9975349023,0.003085754371096252
39111,Monroe County,9,24096072.595014717,0.020337444422977663
39113,Montgomery County,8,2129855.7293209545,0.0017713526100146368
39115,Morgan County,2,16077328.69559516,0.014717345007003802
39117,Morrow County,4,515314.01269821473,0.0004885880398948275
39119,Muskingum County,63,130436792.46798626,0.07487804337839686
39121,Noble County,2,24749277.02254047,0.02361953284016033
39123,Ottawa County,100,44632379.25546443,0.02945372850360208
39125,Paulding County,22,4809336.145534064,0.004433357894032991
39127,Perry County,14,28223930.057304274,0.02641862659066402
39129,Pickaway County,28,9217965.614105888,0.007026074248569203
39131,Pike County,31,51789297.165514246,0.04503839815971119
39133,Portage County,220,36954364.39365037,0.028306543673599343
39135,Preble County,10,9642404.255489841,0.008727706502101154
39137,Putnam County,15,1879065.302297038,0.0014980646714847256
39139,Richland County,9,7038832.1354952045,0.005434586700201249
39141,Ross County,24,71121803.41174689,0.03962381686203787
39143,Sandusky County,39,20051380.437920745,0.01853408467286592
39145,Scioto County,33,246355712.7591994,0.15432284689555728
39147,Seneca County,22,4133355.166953125,0.002886968389075987
39149,Shelby County,3,1624559.0603579609,0.0015272355609227393
39151,Stark County,42,18425426.13055643,0.012255904227547569
39153,Summit County,142,77535163.41476324,0.07125496084717571
39155,Trumbull County,46,91918496.92455809,0.055798460266132104
39157,Tuscarawas County,11,3853404.8755795453,0.0026030353090580904
39159,Union County,63,4248408.691009257,0.0037545132107493226
39161,Van Wert County,4,314382.1626312933,0.0002957552635601833
39163,Vinton County,13,182782477.8617151,0.17006344155433792
39165,Warren County,35,6357563.59633744,0.006024007807814705
39167,Washington County,15,4967755.831526995,0.0029969746611305894
39169,Wayne County,25,26218003.62684903,0.018182483345995513
39171,Williams County,35,17006696.347998314,0.015519838492036751
39173,Wood County,26,4608181.503716423,0.002867280978440667
39175,Wyandot County,12,37266817.36221477,0.035304061001910664
40001,Adair County,23,53089362.82936502,0.03550627974754109
40003,Alfalfa County,16,94600819.90491123,0.041438164699342486
40005,Atoka County,24,102974813.76898661,0.04016676680065264
40007,Beaver County,3,109154956.11543985,0.023186203670463576
40009,Beckham County,1,47183008.251527056,0.020156351551554902
40011,Blaine County,8,14507167.443886137,0.005966030091861951
40013,Bryan County,12,9754503.299013665,0.003991107561236526
40015,Caddo County,4,15711276.663781391,0.004701911887362799
40017,Canadian County,2,5068645.142972658,0.0021612298720821905
40021,Cherokee County,22,109120457.80004168,0.05429174765095074
40023,Choctaw County,18,80843562.04440619,0.039040568507759735
40027,Cleveland County,3,48450558.07687962,0.03353039111334072
40031,Comanche County,6,239463942.0947571,0.08530369834240965
40033,Cotton County,18,32894002.996541347,0.0197857540297684
40035,Craig County,11,8209079.501615468,0.00415588063645386
40037,Creek County,23,104680647.49520725,0.04168829337521919
40039,Custer County,1,53790.84149693584,2.072663804851526e-05
40041,Delaware County,4,43083185.787318416,0.021003254346105865
40043,Dewey County,6,32347509.61541914,0.01238564765684159
40045,Ellis County,6,117547950.69124937,0.036843546213359786
40047,Garfield County,6,18941455.531917565,0.006898846924254404
40049,Garvin County,1,1067402.1212149493,0.0005064619015442975
40051,Grady County,5,7636183.010093333,0.002668350945445455
40053,Grant County,7,3899290.578643316,0.0015003346824960845
40055,Greer County,3,36555666.04121871,0.021930476200849463
40059,Harper County,2,37508862.965090685,0.013917019866895117
40061,Haskell County,20,3794312.515370402,0.0023422272401748935
40063,Hughes County,2,1014190.3410348425,0.00048065040888946504
40065,Jackson County,1,4355.355139266243,2.0909301048315006e-06
40067,Jefferson County,9,8296802.992794589,0.004137842158274062
40069,Johnston County,12,65258454.36350116,0.03827166270443588
40071,Kay County,22,80112724.13503222,0.03273482336382704
40075,Kiowa County,2,41088328.28578537,0.015392710618051428
40077,Latimer County,10,85756265.69989061,0.04541003779321948
40079,Le Flore County,31,450929190.7286541,0.10823231171733269
40081,Lincoln County,17,18234929.3975569,0.00729002692597268
40085,Love County,9,124104007.22829089,0.09002623784325609
40089,McCurtain County,76,167386208.78498095,0.03397022058159772
40091,McIntosh County,128,58342283.21499614,0.031635088877029136
40093,Major County,2,1550992.4163347362,0.0006251254979893048
40095,Marshall County,2,8880941.072831864,0.008030698583371841
40097,Mayes County,3,15225842.80300878,0.008600419412729567
40101,Muskogee County,8,21921198.22021351,0.010075811265497805
40103,Noble County,3,3890749.762286354,0.002023031995420422
40105,Nowata County,11,62576827.47641762,0.04159685468917507
40107,Okfuskee County,9,12454691.054627387,0.007648190585991995
40109,Oklahoma County,110,24209119.76134025,0.013010365817080644
40111,Okmulgee County,30,73816835.73592673,0.04057361849380432
40113,Osage County,44,382953296.169947,0.06417413081309044
40115,Ottawa County,9,3405565.0403931774,0.0027133280086403355
40117,Pawnee County,4,27037875.53454352,0.01754706323619411
40119,Payne County,2,397086.91253292497,0.0002198858165520108
40121,Pittsburg County,36,70665767.66932127,0.01980151483750623
40123,Pontotoc County,2,9109275.479583636,0.004849406293602823
40125,Pottawatomie County,8,12615530.823458273,0.0061382830644787605
40127,Pushmataha County,15,413613269.28399974,0.1122600260979075
40129,Roger Mills County,2,72843.10850187576,2.4532795563596173e-05
40131,Rogers County,10,30189170.029967032,0.01637936002226069
40133,Seminole County,1,54358.49714774144,3.276671714085028e-05
40135,Sequoyah County,3,9828463.133142393,0.0053137543115986015
40137,Stephens County,2,21290632.77371039,0.009222057008971378
40139,Texas County,2,38147651.45312103,0.007189405383134305
40141,Tillman County,10,33866874.0975933,0.014872664850343026
40143,Tulsa County,6,2135074.081691702,0.0014047993857526574
40145,Wagoner County,2,11552465.013942732,0.007549784449942686
40147,Washington County,5,32647030.639032867,0.029704159477521874
40149,Washita County,1,960911.6376170164,0.00036780340360032356
40151,Woods County,4,27986546.499079093,0.008376563838551744
40153,Woodward County,3,65128493.83051945,0.020173019704584044
41001,Baker County,34,329170166.0568529,0.04115743470463963
41003,Benton County,40,43470506.72023871,0.02474903154453599
41005,Clackamas County,369,806244760.4526342,0.1653164036448846
41007,Clatsop County,90,462604972.8231991,0.16483331591606362
41009,Columbia County,19,42544654.04600244,0.023842040960661295
41011,Coos County,67,500653191.5143199,0.10701280508602323
41013,Crook County,33,548487993.7803332,0.07089709029445572
41015,Curry County,159,1888338803.3004038,0.3665179086979078
41017,Deschutes County,187,688217881.4046239,0.08700273869018021
41019,Douglas County,41,726323055.8223987,0.05463416573952771
41021,Gilliam County,15,104192103.8553125,0.03289796844508956
41023,Grant County,61,1104551173.1724727,0.09417410144357989
41025,Harney County,96,5749957590.441072,0.21706435830602647
41027,Hood River County,33,421667510.84551126,0.30522437732078617
41029,Jackson County,68,751903096.4392201,0.10363407982801941
41031,Jefferson County,40,235214669.87269872,0.05068425693699067
41033,Josephine County,30,301767008.4538172,0.07100879662614071
41035,Klamath County,215,2185144780.0273767,0.13747088762396112
41037,Lake County,98,2719192072.2530203,0.12561291461037583
41039,Lane County,119,1529509889.05706,0.12505084286719215
41041,Lincoln County,154,545418807.7431647,0.1762896548939144
41043,Linn County,84,453009824.32453746,0.07575505245262003
41045,Malheur County,167,5271039028.886115,0.20495483541302503
41047,Marion County,45,288843959.8751453,0.09363368700367086
41049,Morrow County,12,11491464.332980864,0.002166802913476444
41051,Multnomah County,175,127258663.44930999,0.10566439261452483
41053,Polk County,52,23980551.38194222,0.012442462449561358
41055,Sherman County,20,172681221.04909924,0.08021352723327993
41057,Tillamook County,146,571779232.7992182,0.16568881724419673
41059,Umatilla County,42,209389935.3616529,0.02501792497297905
41061,Union County,35,501565883.45516306,0.09498295060228852
41063,Wallowa County,114,2203038622.281539,0.2699131285732181
41065,Wasco County,87,398041241.3274533,0.06417082675264422
41067,Washington County,158,28104056.406057715,0.01493328674466038
41069,Wheeler County,14,308848362.8914464,0.06947099747912464
41071,Yamhill County,27,12064744.183694582,0.006484146668542215
42001,Adams County,224,58442793.26629676,0.043253397341322275
42003,Allegheny County,213,21712220.330741085,0.011263769166408187
42005,Armstrong County,25,4468565.970619517,0.0025984862606296746
42007,Beaver County,20,1709442.0739861866,0.0014864492271120051
42009,Bedford County,34,66851324.67287465,0.025389436737754314
42011,Berks County,262,36218693.891113505,0.016152528576386226
42013,Blair County,34,7757259.218445845,0.005690431100770698
42015,Bradford County,61,5618295.558205558,0.0018683929696017639
42017,Bucks County,675,51601976.94586355,0.03203902363131368
42019,Butler County,49,5641005.953787638,0.002737349473374585
42021,Cambria County,24,14538310.337144747,0.008097255709180694
42023,Cameron County,24,181736492.8613962,0.1761194615501658
42025,Carbon County,50,66051791.53140518,0.06581319670877257
42027,Centre County,74,47476894.75680888,0.01649027963043466
42029,Chester County,1685,228030732.48944533,0.11596838810857042
42031,Clarion County,20,75364627.40643129,0.04771459745500895
42033,Clearfield County,22,84833954.4136195,0.028374292750214938
42035,Clinton County,81,162567345.69556737,0.0698519607639486
42037,Columbia County,26,2224196.5019074315,0.0017510453686783987
42039,Crawford County,245,58616158.28375954,0.021811652783379994
42041,Cumberland County,108,18972380.603220444,0.01330966756829473
42043,Dauphin County,170,51704072.24362906,0.03577010118513999
42045,Delaware County,278,14587388.012142817,0.029549428473658892
42047,Elk County,85,214555769.87943184,0.09958696419289255
42049,Erie County,179,22584135.98743668,0.005596483275084095
42051,Fayette County,137,65712611.07003668,0.031765309172120657
42053,Forest County,16,31709268.60310715,0.02843969042798965
42055,Franklin County,28,4614956.777693609,0.002305411200289841
42057,Fulton County,27,3585357.894289624,0.0031601352948668225
42059,Greene County,9,2840912.368815729,0.0018977941846232645
42061,Huntingdon County,32,21126967.47402501,0.009173535447355819
42063,Indiana County,18,6183304.960130188,0.0028612833962772706
42065,Jefferson County,14,33635372.10634778,0.01977264875419695
42067,Juniata County,46,13768584.950051399,0.013509199754440478
42069,Lackawanna County,137,20383397.914369795,0.016923861359594398
42071,Lancaster County,290,32912701.78365333,0.01291646225285441
42073,Lawrence County,35,3155011.7757303934,0.0033670864957162623
42075,Lebanon County,35,4821983.514420624,0.005135938193424303
42077,Lehigh County,79,11676381.792443553,0.012946682893026178
42079,Luzerne County,308,81361007.55418272,0.03467185154423703
42081,Lycoming County,49,104767457.50295748,0.03251825052959493
42083,McKean County,9,34477300.17432278,0.013518226222102194
42085,Mercer County,34,5926058.657054103,0.003352164407393516
42087,Mifflin County,42,11966516.187071789,0.011141084780557777
42089,Monroe County,466,155949045.49017116,0.09757111069792374
42091,Montgomery County,395,37280859.11752819,0.029544089579703312
42093,Montour County,5,2030048.1140693396,0.005923155047827416
42095,Northampton County,122,16829720.532256212,0.0172293729639158
42097,Northumberland County,8,586566.5861984561,0.0004745610488168337
42099,Perry County,67,49679227.48348771,0.034527303861405734
42101,Philadelphia County,76,3482351.927525259,0.009422256568181527
42103,Pike County,154,98974102.82888441,0.06741858997363402
42105,Potter County,14,108500834.57669885,0.03873671357877942
42107,Schuylkill County,74,9355672.922184737,0.004614774840148175
42109,Snyder County,12,4923203.091054512,0.005733281099751816
42111,Somerset County,69,22789324.539069377,0.008134800628708937
42113,Sullivan County,20,13786549.498950025,0.01176371983843449
42115,Susquehanna County,84,14969219.968310803,0.0069455349640921964
42117,Tioga County,29,73797477.1511736,0.025058177343666426
42119,Union County,50,30411687.27711314,0.03695515646532462
42121,Venango County,101,131210970.28003427,0.07419389678930899
42123,Warren County,76,86776675.04236397,0.037280834503978115
42125,Washington County,45,1758441.846491059,0.0007886837859470325
42127,Wayne County,72,32808411.556742292,0.01687224325218215
42129,Westmoreland County,199,54423939.586310685,0.020284339559057663
42131,Wyoming County,40,5857628.485788446,0.005584470133828634
42133,York County,131,21152207.143792365,0.008967362111324229
44001,Bristol County,157,4466783.924416413,0.03855331111010131
44003,Kent County,184,91450607.00979663,0.1876776535208617
44005,Newport County,400,41864708.57806917,0.05153852154545327
44007,Providence County,434,82554738.94006649,0.07315940874454906
44009,Washington County,1115,188744891.86493728,0.1294903783760983
45001,Abbeville County,10,12739721.776784025,0.009611944894968031
45003,Aiken County,16,16522527.568359323,0.005905912631569201
45005,Allendale County,42,10937306.280870197,0.010239436554075387
45007,Anderson County,6,20215706.21949951,0.010327722702249773
45009,Bamberg County,18,9194398.516230838,0.008974510501841882
45011,Barnwell County,10,2701240.712619098,0.001871568567256452
45013,Beaufort County,54,114007392.87280664,0.047663254152873535
45015,Berkeley County,89,193204482.64927155,0.060440980768430595
45017,Calhoun County,16,18555767.456216246,0.01825402586283977
45019,Charleston County,188,444329236.0783213,0.12552260771588422
45021,Cherokee County,2,6798212.02385918,0.006603651624352989
45023,Chester County,2,5327785.637824951,0.003509381392961132
45025,Chesterfield County,25,360423386.6545416,0.17272995319411336
45027,Clarendon County,114,98860190.79377444,0.05486885099811753
45029,Colleton County,33,138634276.0058483,0.04725050559272792
45031,Darlington County,7,27043640.239548285,0.018439864760965964
45033,Dillon County,8,3568836.30208763,0.0033870877584086943
45035,Dorchester County,8,21284484.4964851,0.014391576694297525
45037,Edgefield County,2,625225.2510920172,0.0004761503330501072
45039,Fairfield County,2,1009228.4058584766,0.0005489159616375459
45041,Florence County,25,13882863.894654643,0.006664628237794161
45043,Georgetown County,147,223427980.22395775,0.08404993737556264
45045,Greenville County,32,166950813.96187282,0.08102317823501998
45047,Greenwood County,1,59294.18223934534,4.9359612806658485e-05
45049,Hampton County,21,79764114.87016489,0.05473040954533781
45051,Horry County,155,133197791.59846811,0.04098740837812993
45053,Jasper County,28,93019489.67986831,0.05119526991181925
45055,Kershaw County,5,10926907.481268767,0.005699215317700667
45057,Lancaster County,6,26343922.621038675,0.018325337208189105
45059,Laurens County,5,3586630.802963308,0.001915537768664847
45061,Lee County,14,22733355.645466197,0.021344122396146692
45063,Lexington County,12,4292578.841945954,0.002187602021523078
45065,McCormick County,6,9981001.615649313,0.009790110136953316
45067,Marion County,26,162062988.06497952,0.126623037394916
45069,Marlboro County,9,3716578.6734901182,0.0029558675457797964
45073,Oconee County,46,64259186.93431763,0.03683514946571175
45075,Orangeburg County,43,35632413.59245516,0.012197838897432513
45077,Pickens County,44,159675350.93363088,0.1202349349244913
45079,Richland County,32,123550082.88382308,0.06179509705975139
45081,Saluda County,4,546587.2696853591,0.0004571607690138727
45083,Spartanburg County,16,29763231.7307017,0.014018074964403153
45085,Sumter County,116,101619703.79927294,0.05752302563458261
45087,Union County,2,1290966.8375908528,0.0009670376482807102
45089,Williamsburg County,28,69492066.19304065,0.028633623893776283
45091,York County,16,25692252.69238226,0.014250656479241751
46003,Aurora County,236,491974007.4894513,0.2664930724642984
46005,Beadle County,349,806107930.2082438,0.24607624329463457
46007,Bennett County,5,79040548.37827204,0.02563543334436659
46009,Bon Homme County,58,27984398.546350744,0.01857717853532434
46011,Brookings County,221,167749414.3968027,0.08046401652607259
46013,Brown County,521,1117322036.3047566,0.24922739542949365
46015,Brule County,149,433748056.75911695,0.19784478821933743
46017,Buffalo County,49,125335903.64291397,0.09921338505883344
46019,Butte County,6,29560449.140664604,0.00503563738535625
46021,Campbell County,102,461596278.05848867,0.23120758809502476
46023,Charles Mix County,221,219953099.8885512,0.07383211162176077
46025,Clark County,384,777688077.3287022,0.3103540579647055
46027,Clay County,35,10621666.21249745,0.00982477504778874
46029,Codington County,226,269136977.5338456,0.1448962623746262
46031,Corson County,12,18638659.087009624,0.0028448296551848535
46033,Custer County,36,539222571.9155514,0.13353853724048048
46035,Davison County,65,39838700.12713035,0.03520285279288021
46037,Day County,641,783676370.7332058,0.2773175396371094
46039,Deuel County,206,299536961.89805466,0.18166734465180553
46041,Dewey County,18,42015270.679390185,0.0066341107657729975
46043,Douglas County,118,118530644.54394452,0.10553018291081509
46045,Edmunds County,175,1681440585.8235548,0.5640060366734967
46047,Fall River County,48,125369953.97708617,0.027673569408951933
46049,Faulk County,162,1421039839.2479758,0.5454526766915236
46051,Grant County,175,288409537.144557,0.16196387065922987
46053,Gregory County,18,33070527.875430413,0.012119923873208125
46055,Haakon County,6,30170037.561414156,0.006376107054441348
46057,Hamlin County,181,176327949.32482576,0.12652706438803232
46059,Hand County,246,868546861.4432969,0.23284519591117492
46061,Hanson County,105,93668306.64947115,0.0830712362958146
46063,Harding County,4,4945503.458374674,0.0007129899108389868
46065,Hughes County,58,76248397.49428812,0.036766245337291115
46067,Hutchinson County,82,44939450.337974764,0.021304992695996953
46069,Hyde County,141,572188391.5838083,0.25503574291860476
46071,Jackson County,1,55559059.69324994,0.011463654663220205
46073,Jerauld County,167,312726260.43481535,0.22671093103580245
46075,Jones County,3,16793842.240655467,0.006678571387683476
46077,Kingsbury County,350,511541364.53557205,0.22865875716472067
46079,Lake County,156,113674636.76070346,0.07630896396277875
46081,Lawrence County,8,20106174.10181143,0.00970002898823682
46083,Lincoln County,42,19889021.676883787,0.013291587129019292
46085,Lyman County,8,24346845.333053134,0.005507339790949717
46087,McCook County,164,141767125.324958,0.09488585862070917
46089,McPherson County,222,1550305542.0446818,0.5198070873713185
46091,Marshall County,309,575703851.8536636,0.25081740117919255
46093,Meade County,10,22376172.24403133,0.002480612989209304
46095,Mellette County,1,642984.1297123943,0.00018938419127296813
46097,Miner County,221,353632803.71126497,0.23873589042370538
46099,Minnehaha County,60,35032017.61647732,0.01661946975076561
46101,Moody County,133,44479268.10022088,0.03297505444655455
46102,Oglala Lakota County,12,8097590.212822677,0.001491398217615648
46103,Pennington County,43,493207647.12728304,0.06838977537676871
46105,Perkins County,22,50892047.03683193,0.006799206755010599
46107,Potter County,131,340806409.4049013,0.14642539359470902
46109,Roberts County,489,557596079.5577037,0.18955210815617723
46111,Sanborn County,188,448177054.5105158,0.30334263452499444
46115,Spink County,326,634791991.9831315,0.16234220322462573
46117,Stanley County,23,32380482.11630876,0.008240471573692178
46119,Sully County,63,108388981.74931183,0.03910437096320812
46123,Tripp County,14,14731298.484276073,0.0035165368369560624
46125,Turner County,42,19021397.818988547,0.011889675205723548
46127,Union County,82,24266897.037842814,0.02005765085573575
46129,Walworth County,129,293692741.20131254,0.15228368986447832
46135,Yankton County,41,22483132.901583884,0.016309259173902857
46137,Ziebach County,2,633334.7721517938,0.0001240903190684139
47001,Anderson County,12,132814588.72029465,0.14872560014971617
47003,Bedford County,4,570660.8620175675,0.0004640648822911142
47005,Benton County,16,54721236.891459025,0.04843307609593611
47007,Bledsoe County,8,50178856.102122225,0.04761560259326324
47009,Blount County,78,440060635.99249053,0.2998718666237576
47011,Bradley County,16,8167084.637545843,0.009513775524454886
47013,Campbell County,41,375081493.79897875,0.29073591131079807
47015,Cannon County,9,5514844.240251217,0.008014031379635005
47017,Carroll County,27,67276291.31534584,0.043285798401518624
47019,Carter County,116,344632625.9653667,0.3827018242095497
47021,Cheatham County,11,88438890.23987463,0.11120357608339759
47023,Chester County,15,29232147.983958412,0.039469348885186675
47025,Claiborne County,27,153512306.7333943,0.13422757342538263
47027,Clay County,3,1050399.7144461481,0.0015637987006619097
47029,Cocke County,18,303053397.39093417,0.2640948333309894
47031,Coffee County,11,22095307.1039317,0.01963172373983128
47033,Crockett County,23,14461241.16372608,0.021011284832601236
47035,Cumberland County,14,210879460.7516719,0.11889416872024304
47037,Davidson County,36,11809479.951558603,0.008680735754786516
47039,Decatur County,11,6438265.342954107,0.007207743993449761
47041,DeKalb County,4,29222239.50147074,0.03429557006017388
47043,Dickson County,27,3435914.266776703,0.002700100830555068
47045,Dyer County,71,129527379.68159233,0.09504350009663823
47047,Fayette County,24,43064859.42582972,0.023568305314041246
47049,Fentress County,6,34392051.91367435,0.026614563936277428
47051,Franklin County,32,99787793.31253462,0.06691830055308204
47053,Gibson County,32,22542940.526229326,0.014418734582050442
47055,Giles County,2,660224.1374281761,0.0004170852883140894
47057,Grainger County,2,1517824.4138042748,0.0019376906200778944
47059,Greene County,42,154706576.62804928,0.09570409264617584
47061,Grundy County,6,1173409.7616133934,0.0012545794632462647
47063,Hamblen County,3,438610.9733995184,0.0009632847049067398
47065,Hamilton County,65,62705951.57727351,0.042056812068633855
47067,Hancock County,6,3455500.703270498,0.005970062319827484
47069,Hardeman County,14,41753630.813211076,0.02404777046722682
47071,Hardin County,19,52471473.01022288,0.03397552115905587
47073,Hawkins County,8,9348698.192683566,0.00722459492599734
47075,Haywood County,23,60928656.60160271,0.04404860928832279
47077,Henderson County,8,79659599.97955945,0.058485674243782725
47079,Henry County,5,25364591.635886244,0.01650370711024851
47081,Hickman County,10,38781132.76435813,0.024441399703107755
47085,Humphreys County,10,41740165.22077593,0.02894897447110324
47087,Jackson County,57,53876759.74551861,0.06510271237958036
47089,Jefferson County,3,1120478.168344667,0.0013763811762730078
47091,Johnson County,44,213769280.71586075,0.27267741152209246
47093,Knox County,24,12088692.75836805,0.00887484066679901
47095,Lake County,44,134177047.40068136,0.267188621602191
47097,Lauderdale County,50,205856909.23994437,0.15805302860471354
47099,Lawrence County,8,57345950.89551646,0.03582828562038052
47101,Lewis County,7,19254743.481008396,0.02631724684095541
47103,Lincoln County,2,2800186.914938204,0.0018943856915695143
47105,Loudon County,3,5062466.292370492,0.007901690845389202
47107,McMinn County,14,17013820.217819594,0.015199896257046023
47109,McNairy County,4,3961430.3109528506,0.002713776087024132
47113,Madison County,32,15676375.545041505,0.010834969237113343
47115,Marion County,39,112540411.89130723,0.08481085461777685
47117,Marshall County,3,896823.9909230964,0.000920532978755907
47119,Maury County,69,59182119.78155305,0.03712012907561446
47121,Meigs County,47,34616993.956382826,0.06169090582509961
47123,Monroe County,251,166633446.12163258,0.09858845721121902
47125,Montgomery County,22,9410365.986155888,0.006681075694454466
47129,Morgan County,55,159982992.45789963,0.11822019509145723
47131,Obion County,40,115430582.92344898,0.08023828435845534
47133,Overton County,2,7736427.087659982,0.006869408985088736
47135,Perry County,3,2494933.4680863316,0.0022780185934484854
47137,Pickett County,3,6632338.461563027,0.014675393176900186
47139,Polk County,37,586438927.9648108,0.5119369171343888
47141,Putnam County,5,490472.4842020232,0.00047041476175678916
47143,Rhea County,28,38622536.49300894,0.04431828776517776
47145,Roane County,35,111326792.82985735,0.10882538367614084
47147,Robertson County,5,1382983.4133136047,0.0011205853534536805
47149,Rutherford County,48,42977240.29495999,0.026589898739115447
47151,Scott County,12,204913712.85993823,0.14837304360897527
47153,Sequatchie County,11,19515590.488538753,0.028322491500953954
47155,Sevier County,2,502487326.6258117,0.3245983777866267
47157,Shelby County,53,112806248.2591747,0.05576094342527077
47159,Smith County,23,17237655.428430095,0.02045500489235427
47161,Stewart County,43,314125269.8727157,0.24600667436059467
47163,Sullivan County,25,160410588.19064906,0.1441330239650024
47165,Sumner County,92,10686476.989385571,0.007582649839356565
47167,Tipton County,27,46079441.43374762,0.03799644659984389
47169,Trousdale County,34,9612427.405614723,0.031818240240902455
47171,Unicoi County,16,241953401.17508954,0.5012202131442788
47173,Union County,32,2227414.483902092,0.0034798830538024686
47175,Van Buren County,5,22191278.87188985,0.031209785801318536
47177,Warren County,2,324015.92931940424,0.0002882334453852203
47179,Washington County,16,72774568.75158864,0.08519205055607247
47181,Wayne County,9,173079392.65623254,0.09083827218251897
47183,Weakley County,9,30749200.266373515,0.020406752682011958
47185,White County,13,73929868.55476671,0.07523094832001714
47187,Williamson County,8,2114407.393420953,0.001397839827608564
47189,Wilson County,85,15816912.517962202,0.010481800102643383
48001,Anderson County,21,86575417.16466023,0.03100827650657023
48003,Andrews County,1,55175.20745910137,1.4191857196704221e-05
48005,Angelina County,8,47902944.21315779,0.021387525150779754
48007,Aransas County,45,230654997.6137637,0.16868206641804717
48011,Armstrong County,1,6775519.110608515,0.0028627323238450617
48015,Austin County,5,5293179.2270216625,0.0031136126107895548
48017,Bailey County,5,30016165.35404852,0.014002542043962608
48019,Bandera County,60,66633384.189819634,0.032253059280209086
48021,Bastrop County,10,11851618.743244976,0.005109535724089527
48025,Bee County,4,3800524.438752678,0.0016668559420882191
48027,Bell County,8,4545294.576028449,0.0016096410388539684
48029,Bexar County,201,95020278.8803208,0.02920811150190882
48031,Blanco County,30,36050794.79838001,0.01951046600973576
48035,Bosque County,2,726289.1013398502,0.00027969455524459995
48037,Bowie County,39,35519632.447908215,0.01485948405456715
48039,Brazoria County,137,516099650.4702455,0.12387200912339778
48041,Brazos County,5,2118428.4030022835,0.001383417125767177
48043,Brewster County,320,3711115460.6186543,0.23139607512612675
48049,Brown County,3,9383434.224731056,0.003785938815740214
48053,Burnet County,17,47985042.937064625,0.018132318181275784
48055,Caldwell County,1,881265.6693539899,0.0006226683405032201
48057,Calhoun County,58,426855448.8415995,0.15959660358457
48059,Callahan County,1,1459237.458358676,0.0006251386193024637
48061,Cameron County,156,529058944.6827479,0.15962546113654133
48069,Castro County,3,2368419.97108093,0.0010168567612465248
48071,Chambers County,23,181055778.65641767,0.08024588957661827
48073,Cherokee County,14,26269174.509089004,0.009548903164389383
48075,Childress County,1,71618.9041422697,3.874401333740776e-05
48079,Cochran County,13,25614759.58900791,0.012758368810300753
48083,Coleman County,1,5595713.287809212,0.0016860160553222655
48085,Collin County,28,7339096.736278555,0.003198728582854701
48087,Collingsworth County,2,12615155.39059779,0.0052981942014288345
48089,Colorado County,2,37467932.235307656,0.014857414512059141
48091,Comal County,34,33166626.05982642,0.02227535449302092
48097,Cooke County,2,6043953.3893612875,0.002597193519223159
48099,Coryell County,1,314935.9491471813,0.00011506017163130319
48101,Cottle County,1,114689597.9598366,0.04911396527734158
48105,Crockett County,2,13309.727234390155,1.8305248158022692e-06
48109,Culberson County,20,307180993.4279883,0.031110096254444327
48113,Dallas County,47,18797091.341629177,0.007986784041656016
48119,Delta County,20,67445504.90055694,0.09369508910241622
48121,Denton County,12,2666765.2659418383,0.001081943718748256
48125,Dickens County,1,669979.6196136625,0.0002857649832656781
48127,Dimmit County,1,36434585.49205374,0.010541279377272644
48129,Donley County,1,2128816.9882946694,0.0008809220474637709
48131,Duval County,2,2923447.5114708277,0.0006286222483070811
48137,Edwards County,4,27867133.322401747,0.005075555219713278
48139,Ellis County,4,2136768.4435735582,0.0008666999706846094
48141,El Paso County,4,2271945.656363951,0.000863999696826522
48145,Falls County,5,302786.3767883236,0.0001510671606126435
48147,Fannin County,7,16065215.627474485,0.006900574807034487
48157,Fort Bend County,11,11795034.320072142,0.0051444078296506955
48161,Freestone County,4,54933124.86939187,0.023778011419587027
48167,Galveston County,539,62963922.25229995,0.027817017062063635
48169,Garza County,2,9791218.692806073,0.004218268196003068
48171,Gillespie County,1,1095704.6072733826,0.0003984768514490253
48175,Goliad County,2,42794584.14092523,0.019227050652204196
48177,Gonzales County,1,412104.61815666046,0.00014872542006108636
48187,Guadalupe County,4,834641.1496063181,0.0004508421720666086
48189,Hale County,3,2262695.105270264,0.000869479407314586
48193,Hamilton County,2,2521043.5364555726,0.0011637836189492344
48199,Hardin County,90,253384034.1248688,0.10900193728752297
48201,Harris County,83,55419051.76410214,0.012038883241682365
48203,Harrison County,6,31451818.98916909,0.013260791355683265
48207,Haskell County,2,3899994.7557586147,0.001654244074291762
48209,Hays County,48,72262338.53376785,0.04110292724524268
48211,Hemphill County,5,45388950.42733418,0.01921245147406367
48213,Henderson County,3,86022.33785741817,3.501945379598055e-05
48215,Hidalgo County,85,112869636.45998843,0.027532439147193055
48217,Hill County,4,43184879.836243816,0.016915512558526444
48221,Hood County,1,2637843.4970761174,0.0023313611921209304
48223,Hopkins County,7,21291940.84029882,0.010369776485773939
48225,Houston County,4,31687706.430100217,0.009894015470094563
48229,Hudspeth County,7,120571021.0181649,0.0101836210047195
48231,Hunt County,22,14065690.062135903,0.006157167550978948
48233,Hutchinson County,1,387466.94928737305,0.0001671617855448796
48239,Jackson County,32,22801361.41004704,0.010274184590834588
48241,Jasper County,19,70676201.47330667,0.028140970619236812
48243,Jeff Davis County,66,447610854.1677958,0.07631405570119135
48245,Jefferson County,28,414458974.8008746,0.14381311555227266
48249,Jim Wells County,3,3207369.844431579,0.001425802671065328
48251,Johnson County,1,588543.3049425373,0.00030948564555162216
48257,Kaufman County,5,5887844.38894451,0.002815194155170155
48259,Kendall County,7,15686206.412678856,0.009134520709492762
48261,Kenedy County,5,372396136.6544954,0.07389409410928083
48263,Kent County,1,4223530.607553792,0.0018060486889516685
48265,Kerr County,30,75502354.37779172,0.026327166708200175
48267,Kimble County,1,18046183.693109103,0.005568899148641789
48273,Kleberg County,3,161259856.6796261,0.05711128615761832
48275,Knox County,3,1728442.3949159875,0.0007800933804790834
48277,Lamar County,41,37073011.65253568,0.015340183509494582
48283,La Salle County,1,25046324.905124586,0.006471835325027278
48287,Lee County,1,888996.970213188,0.0005413031381088602
48289,Leon County,7,11647746.438047135,0.004161706882160968
48291,Liberty County,55,135721058.67685866,0.04454628751403034
48295,Lipscomb County,1,3600497.7210723525,0.001491061220534233
48297,Live Oak County,2,57466675.79998577,0.020565817512997957
48299,Llano County,1,5723540.830835756,0.0022879914405202597
48303,Lubbock County,16,2312629.062650259,0.0009913496927883385
48305,Lynn County,2,6838965.78422094,0.002955352615995948
48307,McCulloch County,4,2104391.889657001,0.0007569265241978864
48309,McLennan County,3,1434554.8624478125,0.0005224128017689092
48311,McMullen County,1,69240821.75006668,0.02311068782547376
48315,Marion County,7,6046127.920931181,0.005553887070078116
48317,Martin County,1,331367.3135104229,0.0001397197657986972
48319,Mason County,6,26087396.71475322,0.010804787279682546
48321,Matagorda County,59,169527480.4005221,0.040591912952917586
48325,Medina County,40,177714808.54592162,0.05141576800885509
48329,Midland County,1,296818.74464982614,0.0001270536549691221
48331,Milam County,1,3731235.4687922327,0.0014111119840714058
48337,Montague County,1,3327056.527786992,0.0013690902561841098
48339,Montgomery County,15,17999587.943284776,0.006453507451249219
48347,Nacogdoches County,6,9532836.593095604,0.003752053719242348
48349,Navarro County,8,28164655.49544897,0.010013273905752754
48351,Newton County,1,8520889.417923471,0.0035009420231623045
48355,Nueces County,19,10688966.524615832,0.0035407723895516303
48359,Oldham County,1,285976553.98746324,0.07354083329201035
48361,Orange County,27,60101728.62666242,0.061149748163943696
48363,Palo Pinto County,1,22088776.224586517,0.008653933408126448
48365,Panola County,5,34874557.41690479,0.016394493276150637
48367,Parker County,5,4171853.907910607,0.001769883917239604
48371,Pecos County,7,17450578.87284184,0.0014140547706197606
48373,Polk County,6,76681865.20350808,0.026681186822333378
48375,Potter County,1,4372111.429388228,0.0018309372271536149
48377,Presidio County,16,348633193.3621411,0.034909287944986864
48381,Randall County,1,31225808.290081345,0.013070044398910846
48385,Real County,22,44334212.88061386,0.024451361132536212
48387,Red River County,16,16279840.19204957,0.005948206681670258
48389,Reeves County,1,1012710.5088252673,0.00014799366037849114
48391,Refugio County,11,38316652.61849608,0.018080421869672455
48395,Robertson County,2,1561209.7920114584,0.0006962930143939225
48397,Rockwall County,1,181735.75473193923,0.00047114300676109124
48401,Rusk County,1,848848.4249496434,0.0003491938082120757
48403,Sabine County,14,156461569.06255844,0.10476450920939512
48405,San Augustine County,3,105338257.8636877,0.0686669862745921
48407,San Jacinto County,9,4709221.690481601,0.002895698973451643
48409,San Patricio County,7,71923771.65635976,0.03923343894660853
48419,Shelby County,2,11032602.794095768,0.005103791750506728
48423,Smith County,17,37223733.36664451,0.015133026480557699
48427,Starr County,39,58403139.476351395,0.018346115077025205
48435,Sutton County,1,151807.81577541656,4.029990308043172e-05
48439,Tarrant County,47,21960738.329757232,0.009381848497772353
48443,Terrell County,13,83865222.80967362,0.013731869213796107
48445,Terry County,3,4230178.064667814,0.0018332083147306593
48447,Throckmorton County,1,1203240.7751721651,0.0005074640421616554
48449,Titus County,3,3166430.78909225,0.0028722766944957578
48451,Tom Green County,9,32695073.406222228,0.008194165473237088
48453,Travis County,387,222283310.24359217,0.08372863003332315
48455,Trinity County,2,122428512.41105121,0.06620686052456311
48457,Tyler County,20,100669788.21983075,0.04154325514012598
48459,Upshur County,3,7192015.494363328,0.004685996504027015
48463,Uvalde County,61,331153839.80725944,0.08203289539674789
48465,Val Verde County,113,587097534.9797151,0.07012149405577342
48467,Van Zandt County,5,2917022.587653615,0.001310196931509413
48469,Victoria County,7,22503846.75374554,0.009775478893262753
48471,Walker County,15,1768520.6285228375,0.0008519410219042097
48473,Waller County,9,18590969.778868783,0.013860824555436689
48479,Webb County,1,420723.620055176,4.8122614313356204e-05
48481,Wharton County,9,26361480.021654755,0.00930053413341429
48485,Wichita County,1,384769.04557452333,0.0002347434898913492
48489,Willacy County,42,200200938.1285862,0.09849801365629345
48491,Williamson County,116,67549280.45422256,0.02304205517293971
48497,Wise County,1,1444360.8804188862,0.0006044847793773287
48499,Wood County,6,29409748.750350624,0.016321490086430836
48501,Yoakum County,16,34659200.516732186,0.016733171597948602
49001,Beaver County,14,93185842.8639243,0.013918702394288676
49003,Box Elder County,53,572313746.7634393,0.03283748762322178
49005,Cache County,30,311443790.31742114,0.10252819881890575
49007,Carbon County,28,455563505.5221004,0.11842149019539015
49009,Daggett County,58,82062769.38050804,0.043996858461449725
49011,Davis County,36,29626712.5027517,0.018008064891580924
49013,Duchesne County,33,1574758409.7792792,0.18705309390717545
49015,Emery County,49,3006006594.0720415,0.25952177278643
49017,Garfield County,95,4125368441.246256,0.3057874518084613
49019,Grand County,131,1894961352.9512181,0.19856471263683215
49021,Iron County,19,117971922.42723246,0.013800429023594235
49023,Juab County,32,658539419.376115,0.07465564955969343
49025,Kane County,54,5617451151.187665,0.5280740414159856
49027,Millard County,37,1335265194.5871828,0.07540629044381882
49029,Morgan County,12,30437547.032429256,0.019236856214870625
49031,Piute County,11,33496009.550161276,0.016882724517412424
49033,Rich County,14,11679579.6544381,0.004151147781507336
49035,Salt Lake County,92,190916129.19686845,0.09149050860818542
49037,San Juan County,152,7202065188.165057,0.35049152022622343
49039,Sanpete County,32,120795180.33777152,0.029108877508946356
49041,Sevier County,11,43662588.49011646,0.008788322798339524
49043,Summit County,45,740669138.6192641,0.15205519388570182
49045,Tooele County,15,764742144.1423662,0.040525388390337605
49047,Uintah County,81,673037500.4117066,0.05768938028526639
49049,Utah County,46,336496527.32382226,0.06058954663678354
49051,Wasatch County,13,152012861.25421596,0.04860679902576433
49053,Washington County,161,1559122162.6525147,0.24766803942209947
49055,Wayne County,46,1673072783.2071917,0.26187325748705415
49057,Weber County,14,70664495.06302409,0.04134339168506664
50001,Addison County,343,198869832.57136378,0.09505751120000192
50003,Bennington County,138,214683599.92639172,0.1224550240653635
50005,Caledonia County,161,24992409.40663875,0.014668579702928298
50007,Chittenden County,275,72387554.9298534,0.04503100072535438
50009,Essex County,415,226342613.01807675,0.12976730108675122
50011,Franklin County,143,71999924.7902607,0.040339860224015846
50013,Grand Isle County,38,5102332.9316295935,0.01018964325368747
50015,Lamoille County,215,127669210.78440943,0.10573993756611408
50017,Orange County,113,12891267.354454761,0.0071964033311898564
50019,Orleans County,274,66579762.68498756,0.035598635983249076
50021,Rutland County,416,130880666.76562575,0.05344521777363404
50023,Washington County,177,81282702.29617657,0.04513210440234504
50025,Windham County,157,37772180.22400929,0.018260305152854754
50027,Windsor County,180,37097638.73798219,0.0146663547376033
51001,Accomack County,2073,272755896.60533017,0.08038815728339384
51003,Albemarle County,50,91899302.67856216,0.048876437411960315
51005,Alleghany County,18,22958931.945735,0.019710969281814247
51009,Amherst County,2,277710.7619619319,0.00022387843451553578
51011,Appomattox County,6,1601275.8805615972,0.0018430011483204804
51013,Arlington County,34,309.4279642345943,4.576892956528154e-06
51015,Augusta County,49,221805934.8188222,0.08821965463991009
51017,Bath County,57,164193372.2586044,0.1185797432623636
51019,Bedford County,11,26595544.27292178,0.013226851530496492
51021,Bland County,11,86384819.19924024,0.09300103843200404
51023,Botetourt County,26,19511571.873965576,0.013798601501493868
51025,Brunswick County,2,123339.13815963597,8.36241899483483e-05
51027,Buchanan County,41,2627308.2289464017,0.0020129677220926097
51029,Buckingham County,9,19152921.292221148,0.012674591184018565
51033,Caroline County,12,16704249.513803447,0.012010626151208716
51035,Carroll County,35,12504229.724122087,0.01010713433048865
51036,Charles City County,12,26017838.059526555,0.04918433534794886
51037,Charlotte County,3,429358.51530090603,0.0003471472680150772
51041,Chesterfield County,13,40968079.262432106,0.03619594035513908
51043,Clarke County,12,1291757.0005298657,0.0027995528955579506
51045,Craig County,16,80446911.70157897,0.09435881855979801
51047,Culpeper County,141,7086106.9602564685,0.007149870881784019
51049,Cumberland County,6,2116116.4853451126,0.0027256471141335614
51051,Dickenson County,4,14334181.82623778,0.01659159823952256
51057,Essex County,12,20077302.755378492,0.027082473682159644
51059,Fairfax County,366,56350047.37225875,0.05352347096466392
51061,Fauquier County,79,51202698.87194089,0.030334041671076534
51063,Floyd County,19,7862554.665062417,0.007951802595036644
51065,Fluvanna County,4,5103707.272680242,0.006765455789458997
51067,Franklin County,7,10032208.754489753,0.0054431868000905876
51069,Frederick County,16,1042692.844840464,0.00096915869418268
51071,Giles County,31,57958961.16755285,0.061892883433890676
51073,Gloucester County,16,9888572.056067808,0.013257728764573833
51075,Goochland County,6,256544.41580896633,0.0003409743201615263
51077,Grayson County,15,54901373.7726556,0.0475743634496656
51079,Greene County,6,67910373.29264536,0.16743965799728802
51081,Greensville County,7,1559166.99738008,0.0020282620491736034
51083,Halifax County,36,21715772.878497247,0.010107703855977715
51085,Hanover County,1,478831.24155282497,0.000391294254554693
51087,Henrico County,25,4302595.124018964,0.0067847229881752335
51089,Henry County,11,18510738.95537153,0.018593396971552482
51091,Highland County,14,71672002.01695551,0.06654417942047994
51093,Isle of Wight County,35,15666811.091345226,0.016671773168552888
51095,James City County,6,6443421.453362271,0.013892965688258364
51097,King and Queen County,51,51442262.004070215,0.06087016329338714
51099,King George County,23,18367353.02470591,0.037767944056988426
51101,King William County,16,11304506.803242557,0.01526573558546131
51103,Lancaster County,4,1076512.0025979416,0.0017960551167230166
51105,Lee County,61,25144836.61435448,0.0222025636542781
51107,Loudoun County,21,6922569.683623065,0.005126881415052393
51113,Madison County,22,165666226.5890207,0.19872219994363385
51115,Mathews County,27,1172766.96992726,0.001797123993631217
51117,Mecklenburg County,1,3620.9177555147935,2.0582748948553983e-06
51119,Middlesex County,20,10436109.375494098,0.019118492360054758
51121,Montgomery County,26,49142093.065607555,0.0487418533248826
51125,Nelson County,24,65537447.57725492,0.05336019229949025
51127,New Kent County,7,18267396.17194492,0.03151807681241284
51131,Northampton County,621,163302036.64326373,0.0792843801740264
51133,Northumberland County,22,8820403.81959658,0.011924421659062438
51137,Orange County,27,2304306.671259328,0.0025921809848610065
51139,Page County,34,159978532.9950538,0.19718309742530649
51141,Patrick County,7,33587124.92865157,0.026699096676375707
51145,Powhatan County,2,6368800.47359317,0.009374630982704042
51147,Prince Edward County,4,1935763.518277652,0.0021122732950796135
51149,Prince George County,8,28170529.200444326,0.038590958408731474
51153,Prince William County,39,61440478.10097528,0.06833191616536051
51155,Pulaski County,2,1922135.3920366643,0.002252709153291724
51157,Rappahannock County,36,126533256.28229257,0.1828400783545634
51159,Richmond County,25,33480349.63491058,0.05974536317988913
51161,Roanoke County,41,62366492.82760556,0.09584850329078705
51163,Rockbridge County,18,155844531.36579454,0.10029411421266307
51165,Rockingham County,27,168246450.58902547,0.07607450704060423
51167,Russell County,61,77269510.46183042,0.06261812497664263
51169,Scott County,17,6668353.0929842405,0.004777127794308113
51171,Shenandoah County,4,4432498.628849289,0.0033436761631331193
51173,Smyth County,31,88083737.60931435,0.07512399728841006
51175,Southampton County,69,9052344.039021688,0.0058027844304547995
51177,Spotsylvania County,149,38457729.13098477,0.0358075632500883
51179,Stafford County,102,24902037.209547218,0.034332237930672374
51181,Surry County,10,11457969.716847876,0.014256654955135657
51183,Sussex County,120,69022287.84130555,0.05407491374075666
51185,Tazewell County,38,83413166.196121,0.0619442986345165
51187,Warren County,28,64278061.99929476,0.11390320144160829
51191,Washington County,21,54367624.4837849,0.037073855489876364
51193,Westmoreland County,19,11493996.098424196,0.01754646174512453
51195,Wise County,7,2632615.9381457125,0.0025068896828061185
51197,Wythe County,11,42251908.37559882,0.03510218700556647
51199,York County,5,16151019.012346316,0.029006281296017226
51510,Alexandria city,23,20602.828977846,0.0005182926554596152
51540,Charlottesville city,3,291166.9557008028,0.010953808474002338
51550,Chesapeake city,125,254745134.7594084,0.28026375116917435
51600,Fairfax city,1,162.25989637603473,9.986406697648554e-06
51630,Fredericksburg city,3,208823.37319813,0.007664693074594945
51650,Hampton city,5,754890.4136296902,0.0021387999054743702
51683,Manassas city,1,447.8577971031911,1.7467474958409073e-05
51685,Manassas Park city,1,1000233.8342321051,0.12726986419657263
51700,Newport News city,2,647285.216550764,0.0020891650383379357
51735,Poquoson city,25,12395142.270200433,0.06099868956127233
51760,Richmond city,75,1674342.7226047106,0.010331990716692744
51800,Suffolk city,17,156801402.47712475,0.14115256435697263
51810,Virginia Beach city,293,104237939.0890426,0.08089765611207284
53001,Adams County,99,57304487.73040763,0.011465107565182587
53003,Asotin County,66,217677800.79883218,0.13123239916998347
53005,Benton County,58,449943369.7325036,0.09872364945246112
53007,Chelan County,300,2928011382.1911006,0.37754149468020387
53009,Clallam County,2177,1357131549.4248993,0.19632372011238852
53011,Clark County,156,47621010.51637895,0.028045464850890788
53013,Columbia County,20,377033000.1952802,0.16666749114454885
53015,Cowlitz County,60,40874092.15993688,0.013529801435822705
53017,Douglas County,42,143266495.27711707,0.029919631584509825
53019,Ferry County,15,31604627.248074517,0.005405583245295954
53021,Franklin County,36,178820181.44968748,0.0545811247945152
53023,Garfield County,13,143597989.40334642,0.07718868863039013
53025,Grant County,370,927203950.3459651,0.1282472391579601
53027,Grays Harbor County,556,226811022.7502099,0.0393830294425609
53029,Island County,47,34128067.987019785,0.025471274622011854
53031,Jefferson County,1063,2474534025.5652843,0.43668558094403037
53033,King County,888,1554143210.6563811,0.26005214911640906
53035,Kitsap County,170,52613598.94585424,0.035901569297612734
53037,Kittitas County,242,1280560343.2269013,0.21192860172221564
53039,Klickitat County,111,207102745.3164124,0.04198782587475875
53041,Lewis County,61,607758883.669902,0.09631517035333123
53043,Lincoln County,12,87230747.47373642,0.014395254552035094
53045,Mason County,137,226269184.79875028,0.0831203063430664
53047,Okanogan County,294,2644812913.3991795,0.19221285094670762
53049,Pacific County,358,155169010.47414947,0.048845693800466175
53051,Pend Oreille County,34,196329314.3112712,0.053176603338438655
53053,Pierce County,200,997786016.2032143,0.2133789730346648
53055,San Juan County,442,1445267123.9249346,0.8988475636808199
53057,Skagit County,466,1377112004.3298137,0.2773584051837789
53059,Skamania County,52,284951960.3545428,0.06523294987809009
53061,Snohomish County,159,1844183019.4628632,0.32428204115991005
53063,Spokane County,98,106364667.86514473,0.02305895748816828
53065,Stevens County,116,280118203.27836,0.04258021209056482
53067,Thurston County,174,52386313.59435028,0.02612933924861878
53069,Wahkiakum County,58,16257261.402248539,0.021893965229531485
53071,Walla Walla County,31,58174141.49722125,0.017291587613436958
53073,Whatcom County,325,2727162219.480131,0.4203656368066863
53075,Whitman County,13,9924877.926326834,0.0017595084399010133
53077,Yakima County,211,1373517319.34022,0.12303176573722738
54001,Barbour County,5,2316478.7947544022,0.002608711955678974
54003,Berkeley County,8,70814604.08385581,0.08502903389946155
54007,Braxton County,79,53926731.32282829,0.040329863488798315
54009,Brooke County,5,3061101.732311493,0.012767983245151816
54011,Cabell County,17,6197145.736112181,0.008307610514530073
54015,Clay County,6,21964435.16506435,0.024665844146620278
54017,Doddridge County,1,10317.05598663082,1.2429753290518905e-05
54019,Fayette County,161,204308200.15297824,0.11804624791189931
54021,Gilmer County,1,10144954.61942246,0.01151788924646947
54023,Grant County,16,12441490.50745022,0.010001728586630303
54025,Greenbrier County,48,387439582.6598329,0.1460111688958616
54027,Hampshire County,12,16426787.74394365,0.009839129782026128
54029,Hancock County,1,5506831.057628266,0.024170104482196125
54031,Hardy County,11,233146239.51688513,0.1540124350958454
54033,Harrison County,3,2361461.100870897,0.002189020551740654
54035,Jackson County,8,11161001.87096187,0.009137022569978188
54037,Jefferson County,14,769239.6658719957,0.0014031505279864722
54039,Kanawha County,4,43804495.795665756,0.018565290689862325
54041,Lewis County,4,85269200.00700751,0.0844935318911132
54043,Lincoln County,2,6066847.837197553,0.005339973808752528
54045,Logan County,5,81625819.3426229,0.06930932276312268
54047,McDowell County,44,502166.975345947,0.0003624759100507341
54049,Marion County,4,8588977.705517948,0.010645354155601996
54051,Marshall County,9,13987125.076586124,0.017300626998592337
54053,Mason County,9,3267471.8641695976,0.0028368201675771343
54055,Mercer County,18,9219453.565718856,0.00846171875138706
54057,Mineral County,1,7797.0483314522735,9.144208566505115e-06
54059,Mingo County,6,69582602.43760842,0.06336609340992685
54061,Monongalia County,4,9295798.719072126,0.009809580950900692
54063,Monroe County,52,83910534.50663994,0.06840210135725747
54065,Morgan County,22,57274857.13522355,0.09630928557242915
54067,Nicholas County,40,54998738.36777045,0.0324494491626397
54069,Ohio County,3,475058.1988404147,0.0016823765217224666
54071,Pendleton County,38,244757695.72113428,0.135360683756334
54073,Pleasants County,8,5617749.001245316,0.016120924562113722
54075,Pocahontas County,62,508108460.6839654,0.2083008292963538
54077,Preston County,38,40533101.12054323,0.024025473403405204
54081,Raleigh County,46,60854703.504125945,0.03855860970087797
54083,Randolph County,51,552493069.2177987,0.2051225062351456
54085,Ritchie County,23,37160865.00823659,0.031624290093609043
54087,Roane County,10,21836355.36456714,0.017429663187447743
54089,Summers County,224,120949547.17330569,0.12699440510512935
54091,Taylor County,4,10744311.58795052,0.02361346261184279
54093,Tucker County,66,453975788.5237066,0.416253259067534
54095,Tyler County,5,2265051.1786529226,0.0033546335035968926
54097,Upshur County,4,1368965.0435667394,0.0014899332740704347
54099,Wayne County,152,147395592.35360518,0.11112747978406376
54101,Webster County,2,90717840.05481334,0.06297111354850525
54103,Wetzel County,4,1515870.1263017121,0.0016197978615300555
54105,Wirt County,4,5995342.400168505,0.009860098357160358
54107,Wood County,20,3266241.136853676,0.003347173783969363
54109,Wyoming County,10,73731261.7045736,0.056729256098207094
55001,Adams County,69,86344377.71536294,0.04849267705864643
55003,Ashland County,53,346144762.9755549,0.058301088871768
55005,Barron County,107,93264205.88349295,0.04047089620309504
55007,Bayfield County,291,859496520.6846604,0.16253816732981705
55009,Brown County,69,15225602.106362237,0.009547377116502121
55011,Buffalo County,129,110950523.80208339,0.06037005551345037
55013,Burnett County,315,717437872.6790882,0.3146973206862076
55015,Calumet County,25,44335402.13516897,0.04310998925911105
55017,Chippewa County,118,162756112.38602632,0.06035018519582878
55019,Clark County,113,535581801.4471154,0.1696843824582191
55021,Columbia County,187,121574630.81719631,0.058971257613242914
55023,Crawford County,250,161461620.14743355,0.10403811995653739
55025,Dane County,321,107745619.89019996,0.03361675755916932
55027,Dodge County,153,216649817.5932967,0.09221569476819538
55029,Door County,117,46310464.38407369,0.007543778394311521
55031,Douglas County,158,1162313854.2532074,0.3032910507687631
55033,Dunn County,122,73412987.56667311,0.03281063268880013
55035,Eau Claire County,168,222578865.34400344,0.13319622272142514
55037,Florence County,145,371663417.357588,0.28853875267830953
55039,Fond du Lac County,166,93737354.94708969,0.0472580645130512
55041,Forest County,66,204688139.47527373,0.07551749688719775
55043,Grant County,155,105137163.10655718,0.03430335130525323
55045,Green County,61,22332509.59562841,0.014750857520710758
55047,Green Lake County,91,85096083.65721111,0.08643431424573002
55049,Iowa County,97,72330801.33396322,0.036360833941456186
55051,Iron County,137,925581763.8529365,0.3887971337871927
55053,Jackson County,142,533677351.92378134,0.2059555155524125
55055,Jefferson County,183,85269634.78459235,0.05649636403732514
55057,Juneau County,107,427167765.825581,0.20484045240658305
55059,Kenosha County,149,13723418.740807308,0.007027143604024341
55061,Kewaunee County,40,12306359.790978493,0.004382162649011929
55063,La Crosse County,98,74998564.36328644,0.060320939803276075
55065,Lafayette County,14,20926461.19801507,0.012732673944758521
55067,Langlade County,197,595781221.4745815,0.2591055848235545
55069,Lincoln County,97,446646867.8103689,0.1901775933181948
55071,Manitowoc County,53,31915813.786288813,0.008247744522559742
55073,Marathon County,77,228319587.04120612,0.05592385435936406
55075,Marinette County,178,1006506447.1746688,0.2507191671508401
55077,Marquette County,117,81733104.68307425,0.06794342504672236
55078,Menominee County,4,37795.86786468221,3.998547444349699e-05
55079,Milwaukee County,22,1183507.7475193983,0.00038415292318176326
55081,Monroe County,63,108642517.76871099,0.046193183706663504
55083,Oconto County,112,203279057.05081683,0.06831753685485815
55085,Oneida County,323,576484046.8049425,0.1799990820535855
55087,Outagamie County,68,49795451.68981442,0.029826082871686428
55089,Ozaukee County,73,18221393.66202992,0.00630295834087592
55091,Pepin County,84,31211576.89120219,0.04845494582863206
55093,Pierce County,62,11901310.440862438,0.007752524596745791
55095,Polk County,230,153372954.99569494,0.06191624528712006
55097,Portage County,128,152831727.06610736,0.07171534662274262
55099,Price County,63,426607173.04271626,0.1288809498011691
55101,Racine County,91,20812961.16688198,0.010144535631806314
55103,Richland County,96,48119569.19043951,0.03152748319389312
55105,Rock County,128,62190515.409660175,0.03306703101132232
55107,Rusk County,72,381275750.9030503,0.15814625319312864
55109,St. Croix County,127,41681971.39139543,0.021890410289885753
55111,Sauk County,161,101135237.84307502,0.04598354242994312
55113,Sawyer County,343,560364745.9708499,0.16023694412109848
55115,Shawano County,63,66306744.52136383,0.028151846194398537
55117,Sheboygan County,64,23733763.015208874,0.00720842988716519
55119,Taylor County,46,122349665.17409454,0.047980161583530856
55121,Trempealeau County,96,50469114.06225805,0.026262670820770814
55123,Vernon County,104,49799613.72197584,0.023552314483829634
55125,Vilas County,237,239361846.3062705,0.09080929316673375
55127,Walworth County,145,44728028.533967435,0.029950919353352413
55129,Washburn County,253,674204711.9039037,0.305058969226098
55131,Washington County,81,35078955.26276404,0.031088398680749276
55133,Waukesha County,113,38600383.21064041,0.02567219115993732
55135,Waupaca County,127,37169517.08287089,0.018755512209959923
55137,Waushara County,133,83908935.43930049,0.05082781300494047
55139,Winnebago County,156,72252342.23398274,0.04821670902842465
55141,Wood County,142,231940938.1357214,0.1106613215931643
56001,Albany County,79,431416757.64190066,0.03865873816891271
56003,Big Horn County,67,797638467.5799352,0.09751186819324284
56005,Campbell County,2,39259615.051958576,0.003153812503568074
56007,Carbon County,196,1044611938.8546783,0.05064391337212998
56009,Converse County,15,15369765.640405871,0.0013913753290585485
56011,Crook County,18,17256144.160449084,0.002325232520813823
56013,Fremont County,279,2912826056.068562,0.1213770594953083
56015,Goshen County,19,36159888.753850035,0.006254649580932168
56017,Hot Springs County,70,158577177.18901953,0.030515828163910484
56019,Johnson County,73,624722720.7659371,0.057779656063507906
56021,Laramie County,49,153530289.86867544,0.022056719606920856
56023,Lincoln County,34,542462028.1805207,0.051151429073623036
56025,Natrona County,148,258265890.90086368,0.01854972082537714
56027,Niobrara County,4,16193661.96937902,0.0023791988915185013
56029,Park County,382,9104454374.474339,0.5046908142396396
56031,Platte County,4,3400310.3523811456,0.0006219636472497781
56033,Sheridan County,249,282376667.45932466,0.04315401328175322
56035,Sublette County,45,2152913322.151813,0.1684162974530225
56037,Sweetwater County,55,1156366665.7483299,0.04255730763969221
56039,Teton County,192,8320012951.965213,0.7617211359059376
56041,Uinta County,13,10669551.04294836,0.00197282571878366
56043,Washakie County,22,264835779.56393692,0.045593980056959284
56045,Weston County,27,18679559.983725112,0.0030050626871795877
60030,Rose Island,1,147465889.90492705,1.0
66010,Guam,13,110822365.27374774,0.074986703109969
69085,Northern Islands Municipality,1,777049383.1291533,0.2506961168224944
72001,Adjuntas Municipio,17,21134304.996318907,0.12161703126615618
72007,Aguas Buenas Municipio,1,6099309.766079583,0.07824855675376989
72009,Aibonito Municipio,8,901453.0051843679,0.01110624119839505
72011,Añasco Municipio,1,20949.463631399445,0.00018004771599484858
72013,Arecibo Municipio,38,44186976.56013252,0.09965819069893038
72017,Barceloneta Municipio,7,1199999.0200485773,0.01498658999185324
72019,Barranquitas Municipio,9,5728698.280853804,0.0645182877322681
72021,Bayamón Municipio,1,40899.64841649776,0.000354380338318751
72023,Cabo Rojo Municipio,247,20287257.252348475,0.04415133909626683
72025,Caguas Municipio,14,3622619.858545461,0.0236797058398602
72029,Canóvanas Municipio,4,3405953.5987020284,0.03983923131688147
72031,Carolina Municipio,11,89608.02819259901,0.0005735031753740272
72033,Cataño Municipio,4,2195802.989060742,0.12111007656795363
72035,Cayey Municipio,7,10350550.08395855,0.07691091611797381
72037,Ceiba Municipio,18,14236818.480321528,0.03460742004771875
72039,Ciales Municipio,18,35611640.13087502,0.20612189170665235
72041,Cidra Municipio,2,63862.419981453124,0.0006763773025657253
72043,Coamo Municipio,3,1267472.8606772327,0.006271813825440414
72045,Comerío Municipio,2,84368.5151195573,0.0011420143414350554
72049,Culebra Municipio,40,6063045.554481898,0.013865556438892129
72051,Dorado Municipio,1,110999.59472859044,0.0007979327981916479
72053,Fajardo Municipio,108,10799558.751403455,0.0395875867045924
72054,Florida Municipio,5,2818513.078392081,0.0714895928656906
72055,Guánica Municipio,27,25330570.58917853,0.12307513087576057
72057,Guayama Municipio,29,10654267.002639366,0.03851091938255639
72059,Guayanilla Municipio,7,9769245.371936072,0.05871249882756577
72061,Guaynabo Municipio,2,579037.7810589987,0.00805192731362975
72063,Gurabo Municipio,2,286833.4151583766,0.00391156097167624
72065,Hatillo Municipio,1,183620.45210294396,0.001206525774852375
72069,Humacao Municipio,15,8187087.678021436,0.04427406137425742
72071,Isabela Municipio,1,9546531.77073508,0.04012956419814293
72073,Jayuya Municipio,9,17747664.878964383,0.15386772223682865
72075,Juana Díaz Municipio,9,6285291.102425074,0.022654127342544877
72079,Lajas Municipio,74,17672551.4497182,0.06747027782323782
72081,Lares Municipio,2,5636442.759936641,0.03530707238591237
72083,Las Marías Municipio,1,24033.22646497,0.00019953189380912223
72085,Las Piedras Municipio,1,4761939.799171116,0.05424799852615783
72087,Loíza Municipio,3,11547842.110172786,0.06796456795077521
72089,Luquillo Municipio,5,8270889.92685185,0.06863206189028256
72091,Manatí Municipio,12,17256980.12334579,0.09426086847232923
72093,Maricao Municipio,9,11857004.182007575,0.12498917511281289
72095,Maunabo Municipio,7,1920920.9174243133,0.01933182622085651
72097,Mayagüez Municipio,26,60175310.01029169,0.08476828754095053
72101,Morovis Municipio,3,1338778.1307024395,0.013279459890375853
72103,Naguabo Municipio,12,18271189.035990935,0.09762796545082475
72107,Orocovis Municipio,11,8870174.665083017,0.05369638987763536
72109,Patillas Municipio,5,14985297.631107867,0.07693826737843956
72111,Peñuelas Municipio,13,5244799.598225311,0.029839265670802674
72113,Ponce Municipio,23,20483832.517360892,0.040850217972465075
72119,Río Grande Municipio,9,41512746.50360649,0.1790230188100535
72121,Sabana Grande Municipio,3,14931755.136084413,0.15872083985088473
72123,Salinas Municipio,26,35795705.82316657,0.12110661635858584
72125,San Germán Municipio,3,17668386.78536428,0.12515290938606324
72127,San Juan Municipio,56,4041768.5748224356,0.02028003535868229
72129,San Lorenzo Municipio,5,4192277.698236182,0.030421945703918627
72133,Santa Isabel Municipio,7,1751958.3633048292,0.008791204494086149
72135,Toa Alta Municipio,1,831781.8216901643,0.011653191450575737
72139,Trujillo Alto Municipio,1,10226.726337123155,0.00018466884940133939
72141,Utuado Municipio,4,6885875.346674426,0.023104820753013795
72143,Vega Alta Municipio,7,5501881.016234979,0.05664808782535978
72145,Vega Baja Municipio,5,10297982.170447227,0.058321470212301274
72147,Vieques Municipio,8,79093860.7935586,0.11567922178997483
72149,Villalba Municipio,6,1641418.7679224517,0.017112157037966237
72151,Yabucoa Municipio,5,1382499.531528883,0.006412404070376768
72153,Yauco Municipio,13,20779725.501724057,0.11740143773148451
78010,St. Croix Island,8,6790540.145001281,0.007881681748162438
78020,St. John Island,51,99980476.30410756,0.42067235109208123
78030,St. Thomas Island,20,2299731.0847584624,0.0028781511297045273
