,geo_id,county_name,distance_to_rivers_km,rivers_count,total_rivers_mile
0,40075,Kiowa County,6.959536319713249,27.0,688.07
1,46079,Lake County,3.5555198844923472,11.0,47.64
2,37033,Caswell County,0.5607898256233985,19.0,178.23
3,48377,Presidio County,10.48350238883699,11.0,726.4
4,39057,Greene County,3.4548577076720948,13.0,276.85
5,48489,Willacy County,12.619788554193972,5.0,442.75
6,72021,Bayamón Municipio,3.226636120379884,2.0,75.55
7,35028,Los Alamos County,7.539524674128912,2.0,54.44
8,40023,Choctaw County,1.2632664740988364,46.0,637.9
9,20041,Dickinson County,2.875433523657891,17.0,463.55
10,48427,Starr County,22.38457758373167,6.0,275.03000000000003
11,13103,Effingham County,3.827089393127871,9.0,525.04
12,40129,Roger Mills County,2.874695964055962,36.0,374.12
13,55103,Richland County,2.893113795219322,11.0,257.89
14,35025,Lea County,21.872294083045343,1.0,2.19
15,01075,Lamar County,0.1983075993388374,19.0,276.51
16,72054,Florida Municipio,6.407447373033101,,
17,47117,Marshall County,0.6488542344970646,14.0,469.21000000000004
18,51011,Appomattox County,0.9049088841599595,15.0,412.44
19,05087,Madison County,0.5212582467801655,7.0,231.12
20,22089,St. Charles Parish,3.418816331436816,24.0,388.96999999999997
21,05111,Poinsett County,3.385853612080288,31.0,673.26
22,12045,Gulf County,1.1896221447533528,44.0,275.18
23,47063,Hamblen County,5.478684936039632,7.0,156.66
24,21007,Ballard County,4.235513108750306,25.0,100.72
25,48009,Archer County,9.771315462193508,15.0,90.56
26,48023,Baylor County,5.95043233872553,11.0,336.35
27,48405,San Augustine County,1.4724113283002673,52.0,309.95
28,32029,Storey County,4.076258316217438,5.0,56.8
29,13249,Schley County,4.865378685240777,4.0,120.27
30,48313,Madison County,3.0443128423333423,16.0,308.14
31,06077,San Joaquin County,2.4005746348162558,17.0,318.23
32,28159,Winston County,2.9492306640837995,18.0,165.43
33,21103,Henry County,0.947959566551366,16.0,529.27
34,21167,Mercer County,0.7691551525095565,7.0,423.81
35,31183,Wheeler County,5.598279818217082,8.0,100.04
36,21135,Lewis County,3.169402205237015,16.0,264.53999999999996
37,27051,Grant County,3.086340216939663,15.0,140.31
38,28053,Humphreys County,2.218681399284854,11.0,414.48
39,01025,Clarke County,1.0848510672537295,28.0,755.4499999999999
40,20017,Chase County,4.423086314302468,26.0,305.03000000000003
41,21221,Trigg County,6.044618888726498,27.0,169.28
42,19099,Jasper County,4.0042048072984056,15.0,391.73
43,28153,Wayne County,1.9007293346712903,11.0,353.5
44,48101,Cottle County,10.95956198398749,10.0,189.36
45,51081,Greensville County,2.14182982325506,12.0,280.39
46,12105,Polk County,2.870819710847551,60.0,565.48
47,48503,Young County,3.8164820595071864,11.0,473.13
48,01123,Tallapoosa County,6.215883176082526,15.0,354.74
49,33015,Rockingham County,1.385574972108134,72.0,324.51
50,08105,Rio Grande County,1.2004123236153366,18.0,391.87
51,19149,Plymouth County,0.41751617228791216,23.0,494.37
52,36123,Yates County,1.8976825500755459,26.0,193.68
53,53033,King County,2.8199526701804682,74.0,667.93
54,41017,Deschutes County,14.814038125654266,34.0,295.49
55,19155,Pottawattamie County,0.39432547542424756,27.0,756.2
56,29043,Christian County,4.796422706978519,14.0,219.44
57,72039,Ciales Municipio,1.4776480862157848,7.0,88.55000000000001
58,28073,Lamar County,6.052748355394549,10.0,247.63
59,18137,Ripley County,1.2548000784542865,15.0,363.5
60,38057,Mercer County,3.8365841291595086,27.0,457.74
61,13147,Hart County,2.5973088162908162,21.0,150.8
62,22049,Jackson Parish,3.1647356403258504,21.0,335.13
63,51133,Northumberland County,0.6777027167950788,6.0,20.79
64,48157,Fort Bend County,5.397104007176457,19.0,727.0
65,55047,Green Lake County,6.092861176905379,18.0,192.35
66,30073,Pondera County,6.746106623890959,40.0,581.47
67,55127,Walworth County,5.334230812154931,14.0,134.1
68,32021,Mineral County,33.81026593544132,16.0,69.97
69,18067,Howard County,0.14124842212279948,14.0,210.57999999999998
70,18125,Pike County,1.2682706041911176,8.0,514.29
71,21047,Christian County,1.9197134004720282,23.0,442.83
72,26045,Eaton County,2.063529958310489,16.0,292.4
73,19179,Wapello County,1.5642964201813718,7.0,251.98000000000002
74,06025,Imperial County,2.909338832819952,58.0,701.06
75,26027,Cass County,4.53673758699897,25.0,177.58
76,44001,Bristol County,5.622902768273215,2.0,5.7299999999999995
77,48035,Bosque County,0.7805995999076121,29.0,547.9
78,44005,Newport County,13.7501877057737,2.0,3.46
79,39045,Fairfield County,1.7372810535190466,14.0,355.31
80,38069,Pierce County,9.431462947740668,16.0,56.8
81,17015,Carroll County,2.435732091710814,22.0,295.66
82,27125,Red Lake County,1.148811589346245,7.0,367.24
83,41031,Jefferson County,6.846402641086031,41.0,670.83
84,47021,Cheatham County,1.255641661697161,26.0,324.68
85,30055,McCone County,19.7767626770154,47.0,655.02
86,19019,Buchanan County,2.792707381261101,15.0,485.88
87,17043,DuPage County,3.456248666944108,7.0,240.55
88,46047,Fall River County,4.155497463414796,44.0,214.72
89,27069,Kittson County,0.14576182296758464,23.0,568.09
90,13219,Oconee County,0.37350389072286266,5.0,213.09
91,48493,Wilson County,6.93411381216487,5.0,390.78
92,31059,Fillmore County,1.8487061227047263,6.0,232.94
93,12079,Madison County,13.451822675006447,6.0,235.07
94,72031,Carolina Municipio,2.45942650510441,2.0,54.449999999999996
95,18153,Sullivan County,1.0619242220428677,16.0,188.26999999999998
96,04012,La Paz County,28.34275675377222,33.0,209.60999999999999
97,13027,Brooks County,0.016659131414392587,7.0,212.95
98,02016,Aleutians West Census Area,429.1770206746904,24.0,100.7
99,02150,Kodiak Island Borough,2.517965419449668,466.0,2124.89
100,20185,Stafford County,3.272661256684375,5.0,145.76
101,13271,Telfair County,3.451608795958031,7.0,451.39
102,26115,Monroe County,2.2313088329038844,22.0,240.78
103,18181,White County,4.006749139477901,31.0,259.39
104,18113,Noble County,1.2328472536115531,22.0,186.0
105,13133,Greene County,2.5518587030191875,13.0,280.28
106,46017,Buffalo County,5.385513066015125,27.0,130.17
107,46095,Mellette County,0.2281063274385579,17.0,525.91
108,48135,Ector County,20.702977603962253,1.0,3.92
109,48293,Limestone County,6.501332228314746,16.0,66.4
110,53027,Grays Harbor County,0.005396696882522192,73.0,973.77
111,54003,Berkeley County,3.2058448341363146,12.0,211.79000000000002
112,72149,Villalba Municipio,0.6752094313714966,8.0,22.240000000000002
113,30067,Park County,1.476046013722611,101.0,1463.09
114,48121,Denton County,4.903702260644184,33.0,363.01
115,45021,Cherokee County,0.9868118349144881,10.0,201.19
116,37199,Yancey County,0.7901890660488221,13.0,183.54
117,48387,Red River County,6.919556032884852,40.0,409.3
118,48321,Matagorda County,0.8642835329312365,36.0,1064.79
119,27149,Stevens County,1.2214604598316279,9.0,165.03
120,13301,Warren County,2.7127541059297466,9.0,457.83
121,48197,Hardeman County,5.358079176777452,18.0,224.45
122,17133,Monroe County,0.6034974535079684,9.0,263.43
123,13165,Jenkins County,0.11704108387693005,6.0,341.89
124,21085,Grayson County,3.2844482266771697,28.0,372.43
125,48363,Palo Pinto County,4.211613572821628,25.0,269.52
126,13149,Heard County,1.851691735990575,10.0,204.43
127,01079,Lawrence County,1.0395669865570532,31.0,287.77
128,72061,Guaynabo Municipio,2.214110859515841,1.0,22.84
129,28093,Marshall County,4.16751997747947,19.0,216.76
130,20025,Clark County,12.858939849820313,19.0,147.97
131,20081,Haskell County,29.51090393094984,,
132,22013,Bienville Parish,3.0745150488043285,22.0,398.74
133,13295,Walker County,0.49681169570470407,21.0,297.11
134,27167,Wilkin County,3.13606745120788,16.0,523.78
135,17157,Randolph County,0.6096780582976397,20.0,335.71999999999997
136,23011,Kennebec County,3.3354293191586333,69.0,410.85
137,51173,Smyth County,0.4449182961615143,12.0,237.96
138,35041,Roosevelt County,24.502385640898744,3.0,6.239999999999999
139,42111,Somerset County,1.5168996614091637,29.0,435.54
140,51191,Washington County,6.525250521671013,26.0,298.98
141,37081,Guilford County,1.0062111155802105,23.0,378.63
142,16001,Ada County,7.153703650720185,11.0,208.76
143,40039,Custer County,3.3113847927017215,23.0,848.12
144,39101,Marion County,1.9559118225552306,11.0,261.62
145,17149,Pike County,2.8471849130950573,22.0,396.83000000000004
146,17203,Woodford County,8.281630388166038,12.0,244.76999999999998
147,13245,Richmond County,1.10384002264135,13.0,365.26
148,18167,Vigo County,3.55712963864109,18.0,443.35999999999996
149,18039,Elkhart County,0.26553731592502056,25.0,214.45000000000002
150,51077,Grayson County,2.3059223541083003,22.0,209.93
151,48303,Lubbock County,1.8683700359974413,5.0,33.1
152,27093,Meeker County,0.9949896332039411,37.0,235.76
153,53037,Kittitas County,3.1278248440285785,61.0,726.53
154,18135,Randolph County,2.7757266188667944,13.0,654.3199999999999
155,49025,Kane County,0.9176946000736553,60.0,513.7
156,27113,Pennington County,0.6294387230944304,4.0,240.32
157,53073,Whatcom County,2.0130284223891426,109.0,774.02
158,41021,Gilliam County,2.090846724461118,22.0,563.27
159,34029,Ocean County,1.4400729569668875,31.0,310.41
160,05009,Boone County,3.9343420485585234,21.0,254.38
161,40031,Comanche County,3.584387690643507,22.0,234.89000000000001
162,48253,Jones County,10.664706597184596,13.0,356.85
163,48185,Grimes County,1.6469849326906691,21.0,574.61
164,26049,Genesee County,0.6865511679456502,32.0,388.28
165,22007,Assumption Parish,5.844891480694062,22.0,184.04999999999998
166,28013,Calhoun County,4.225838959367182,23.0,162.04
167,28041,Greene County,0.06185131155257903,14.0,367.97
168,29059,Dallas County,0.16839486652769142,12.0,273.77
169,51143,Pittsylvania County,4.635874389201946,46.0,631.03
170,02068,Denali Borough,1.5091446329104732,712.0,6663.41
171,20145,Pawnee County,0.1440719403950931,5.0,466.85999999999996
172,20209,Wyandotte County,4.556379715302808,3.0,149.17000000000002
173,12029,Dixie County,8.53887975474414,9.0,194.14
174,26157,Tuscola County,1.4959214499069653,19.0,276.34
175,02240,Southeast Fairbanks Census Area,0.2717470567131293,1276.0,10293.6
176,20065,Graham County,0.4699278001315219,5.0,313.6
177,22097,St. Landry Parish,0.65365749940951,26.0,689.02
178,47055,Giles County,1.1602054768702543,18.0,293.28999999999996
179,39095,Lucas County,0.7166220912651583,14.0,197.59
180,05093,Mississippi County,0.9595332782779017,44.0,369.07
181,72117,Rincón Municipio,11.547249389758328,,
182,28043,Grenada County,1.0783715432470469,13.0,160.79000000000002
183,21213,Simpson County,2.739025833014606,7.0,90.09
184,50013,Grand Isle County,3.046176402640405,10.0,66.69
185,39029,Columbiana County,0.03220384853756871,23.0,389.92
186,51125,Nelson County,0.4330839284435771,12.0,395.98
187,12097,Osceola County,6.661395570162714,75.0,316.53
188,05053,Grant County,3.6767779701696615,42.0,211.61
189,18033,DeKalb County,1.4731674535642085,27.0,147.4
190,22073,Ouachita Parish,0.5964588215522921,20.0,465.77
191,22095,St. John the Baptist Parish,8.352794099920436,31.0,422.52
192,22091,St. Helena Parish,0.19896459096524954,24.0,251.22
193,29197,Schuyler County,1.452820305361565,16.0,158.26
194,01059,Franklin County,4.744068110624874,18.0,226.83999999999997
195,21041,Carroll County,1.771417851037027,13.0,226.31
196,08019,Clear Creek County,2.106875363105483,15.0,174.41
197,48267,Kimble County,0.8504599108348804,21.0,292.82
198,46027,Clay County,4.2280252871086255,10.0,166.54
199,10005,Sussex County,0.608399199494904,55.0,315.78000000000003
200,13159,Jasper County,4.146887867890078,16.0,420.35
201,29175,Randolph County,2.454812202897131,17.0,259.7
202,20015,Butler County,1.663536876505153,35.0,486.43
203,48209,Hays County,3.0819029983892836,8.0,323.91
204,53015,Cowlitz County,3.2770099748599564,30.0,641.14
205,48297,Live Oak County,1.814501789768109,14.0,240.83
206,31091,Hooker County,6.078865149327573,6.0,197.17
207,51147,Prince Edward County,0.9180694045497536,17.0,208.22
208,49007,Carbon County,3.0953228821082757,26.0,580.9
209,42017,Bucks County,4.621040869347472,32.0,311.26
210,46059,Hand County,13.207076106747397,12.0,74.28
211,42081,Lycoming County,1.6200594342551655,28.0,607.67
212,16057,Latah County,7.694727901611708,20.0,194.54
213,13237,Putnam County,5.688841885039097,21.0,202.15
214,51640,Galax city,0.28444865692542254,1.0,21.39
215,35037,Quay County,4.349387640330325,16.0,243.71
216,48269,King County,0.7000558435214905,12.0,409.7
217,05073,Lafayette County,2.071167160786157,24.0,218.44
218,48451,Tom Green County,1.2675652949820533,23.0,172.09
219,21031,Butler County,1.9299934785740962,16.0,580.9200000000001
220,78020,St. John Island,75.27567996303706,,
221,56005,Campbell County,1.5352143281582422,33.0,266.37
222,13211,Morgan County,4.491925764990074,14.0,251.47
223,05037,Cross County,6.565700457076614,14.0,407.34000000000003
224,05107,Phillips County,3.3971109446495493,30.0,657.67
225,22093,St. James Parish,2.136716875013173,15.0,350.83
226,78030,St. Thomas Island,51.842931634718134,,
227,19061,Dubuque County,1.4949903203835897,12.0,316.17
228,51075,Goochland County,3.4100153453941746,12.0,343.46
229,20181,Sherman County,17.828522880203884,2.0,1.04
230,39139,Richland County,1.761330198066992,18.0,222.79
231,17001,Adams County,2.47244733873142,24.0,268.01
232,39021,Champaign County,1.7926574496658803,14.0,215.24
233,33019,Sullivan County,0.2932590071274509,67.0,378.57
234,17075,Iroquois County,4.59745528687678,43.0,433.64
235,19157,Poweshiek County,1.8105660155122094,16.0,271.77
236,39169,Wayne County,2.641583650557243,12.0,195.51999999999998
237,13113,Fayette County,0.07296950232114832,4.0,240.01
238,13141,Hancock County,0.3649883869787848,14.0,364.01
239,48259,Kendall County,1.1914073380543166,9.0,378.07
240,36039,Greene County,1.5004075559318075,27.0,319.46
241,51137,Orange County,4.592268280111324,16.0,274.02
242,40089,McCurtain County,3.852749667018591,103.0,856.01
243,13277,Tift County,3.6764041328428485,5.0,224.9
244,31025,Cass County,3.2521784140312717,28.0,453.9
245,46077,Kingsbury County,6.699523133906704,1.0,4.27
246,56009,Converse County,13.276737340946065,51.0,678.62
247,36043,Herkimer County,0.7037498802055033,92.0,945.25
248,38047,Logan County,11.785303623394283,6.0,79.47
249,26053,Gogebic County,0.7290611793901848,65.0,484.88
250,27005,Becker County,1.8362571585021719,62.0,436.7
251,01095,Marshall County,0.2860596134268045,39.0,576.9300000000001
252,28157,Wilkinson County,0.7455717454833743,38.0,400.51
253,02282,Yakutat City and Borough,11.064169344604265,175.0,973.47
254,20179,Sheridan County,0.65231870299665,6.0,273.29
255,28079,Leake County,4.413172524987066,22.0,190.8
256,72025,Caguas Municipio,0.8073257220224245,2.0,52.83
257,72027,Camuy Municipio,3.8558448123303317,1.0,9.87
258,28025,Clay County,4.034887572875991,29.0,289.54
259,28037,Franklin County,1.287768126598676,19.0,275.84000000000003
260,72143,Vega Alta Municipio,1.6193542760594952,3.0,33.620000000000005
261,19015,Boone County,0.3581147961237074,9.0,279.44
262,48373,Polk County,1.957805498484438,42.0,599.03
263,31051,Dixon County,1.957841238232008,14.0,228.32999999999998
264,24025,Harford County,1.8343215581604149,16.0,154.29
265,45037,Edgefield County,3.0679726926522,22.0,519.8
266,51001,Accomack County,5.056821542381422,16.0,151.47
267,47173,Union County,0.5453201525505286,10.0,160.27
268,54057,Mineral County,0.8655592809108682,16.0,201.17
269,55003,Ashland County,9.471612206045299,37.0,569.86
270,17053,Ford County,0.6800862630592215,14.0,258.86
271,38029,Emmons County,0.25444463158427744,40.0,415.07
272,06089,Shasta County,1.5332853542559763,102.0,1254.48
273,22113,Vermilion Parish,1.9654949343292276,40.0,297.21999999999997
274,05121,Randolph County,6.02383115319235,17.0,329.03000000000003
275,55085,Oneida County,0.8053122199999898,99.0,398.57
276,22035,East Carroll Parish,3.380343741265044,9.0,228.59000000000003
277,22037,East Feliciana Parish,0.6951071499843982,37.0,567.2
278,22087,St. Bernard Parish,13.64297826790478,27.0,532.17
279,48481,Wharton County,1.0894099090286833,23.0,790.63
280,02198,Prince of Wales-Hyder Census Area,2.40800879107196,303.0,1018.67
281,02195,Petersburg Borough,5.889792798623358,95.0,474.15999999999997
282,48153,Floyd County,19.36581026850497,2.0,32.36
283,02275,Wrangell City and Borough,0.076005721093007,127.0,624.89
284,21151,Madison County,2.120209395610228,11.0,418.47
285,51025,Brunswick County,0.976911031476025,12.0,331.17
286,47045,Dyer County,3.385400871904637,21.0,253.59
287,47053,Gibson County,1.05690127016992,19.0,188.81
288,51149,Prince George County,1.0923083593544554,9.0,168.73
289,05075,Lawrence County,0.2266704246106896,32.0,543.32
290,38027,Eddy County,4.766181533254186,3.0,172.09
291,53053,Pierce County,1.9282542772022608,51.0,533.27
292,23023,Sagadahoc County,3.6061416054548494,11.0,188.29
293,30097,Sweet Grass County,0.7364135479772285,40.0,1113.68
294,48181,Grayson County,2.0864567835861165,43.0,362.35
295,42059,Greene County,2.879157681347358,28.0,245.32999999999998
296,02188,Northwest Arctic Borough,0.31355583081429056,1812.0,16583.36
297,20051,Ellis County,4.317617837441887,7.0,379.25000000000006
298,01065,Hale County,0.9444404518485653,22.0,302.85
299,01105,Perry County,3.6250214860192256,17.0,473.39
300,01033,Colbert County,3.070378059608012,34.0,222.27
301,20151,Pratt County,1.5443267082382504,6.0,204.88
302,21017,Bourbon County,0.6674596765954748,10.0,269.29
303,47149,Rutherford County,0.04661627079002511,26.0,316.42
304,13075,Cook County,0.39646152910588983,7.0,190.18
305,20101,Lane County,10.967230396534275,2.0,34.4
306,40059,Harper County,3.780553961431963,20.0,501.34000000000003
307,17147,Piatt County,0.8681780707632998,10.0,181.29999999999998
308,48107,Crosby County,13.54243904144825,4.0,17.220000000000002
309,08009,Baca County,10.497945133600634,12.0,116.92
310,16021,Boundary County,4.17551037371329,33.0,339.57
311,16007,Bear Lake County,0.5909445165082253,41.0,253.02
312,39159,Union County,2.3865263692286303,12.0,272.05
313,39035,Cuyahoga County,12.387950133036814,13.0,212.98
314,48285,Lavaca County,1.4081302705992889,10.0,294.97
315,40105,Nowata County,3.1210444440063543,16.0,162.34
316,13125,Glascock County,1.625614513326379,5.0,313.98
317,41059,Umatilla County,3.477598821126049,59.0,853.17
318,46102,Oglala Lakota County,4.7755925563230415,27.0,621.45
319,02170,Matanuska-Susitna Borough,1.8113646911854295,1415.0,10544.11
320,18035,Delaware County,2.6826763233543587,11.0,563.25
321,12075,Levy County,0.9820452810754596,11.0,252.14
322,72063,Gurabo Municipio,0.15145363156272376,2.0,61.69
323,72065,Hatillo Municipio,3.1904318933163256,3.0,32.71
324,28045,Hancock County,0.19609053487158595,14.0,404.68
325,13315,Wilcox County,3.0684948485543093,9.0,411.19
326,22081,Red River Parish,1.1390695848277919,14.0,410.65999999999997
327,47093,Knox County,0.9489814442378754,29.0,308.99
328,23017,Oxford County,1.5230627760667586,150.0,848.93
329,25021,Norfolk County,0.007884174919731392,30.0,198.05
330,18063,Hendricks County,0.7625865317222404,10.0,218.75
331,17077,Jackson County,1.8317873523799353,24.0,353.46
332,45043,Georgetown County,4.506368218460884,19.0,574.12
333,38041,Hettinger County,3.2170067827912487,8.0,370.58000000000004
334,49019,Grand County,8.52451609160196,55.0,799.16
335,49045,Tooele County,31.801387066836437,9.0,78.34
336,51650,Hampton city,5.8729549065737805,3.0,87.69
337,55011,Buffalo County,0.05665811492986252,39.0,376.46999999999997
338,51069,Frederick County,2.3334636669086697,19.0,164.97
339,54041,Lewis County,1.2091264018623538,12.0,251.76999999999998
340,27119,Polk County,5.610206497565223,24.0,924.59
341,27127,Redwood County,2.5281242404648956,37.0,570.11
342,47047,Fayette County,5.160506720636219,26.0,175.44
343,60040,Swains Island,3532.6115738765325,,
344,41041,Lincoln County,1.57155957897695,17.0,317.11
345,23031,York County,0.5392802590625649,74.0,481.61
346,46029,Codington County,2.0692340799308244,6.0,77.66
347,13231,Pike County,1.5424024096594022,4.0,214.23
348,13259,Stewart County,5.9115536048328385,14.0,164.43
349,34025,Monmouth County,1.1616622949767326,25.0,300.37
350,05021,Clay County,0.14797124798224853,28.0,247.24
351,05045,Faulkner County,0.6255004139979622,44.0,380.95
352,40041,Delaware County,5.9208149259962894,33.0,236.4
353,19107,Keokuk County,3.46547571580019,11.0,465.12
354,17061,Greene County,2.4049721396300385,10.0,337.39
355,27075,Lake County,0.2771479099857803,201.0,937.5699999999999
356,13285,Troup County,4.560446650430464,27.0,177.9
357,06023,Humboldt County,0.996712787593369,45.0,1235.18
358,47043,Dickson County,5.607175454669837,18.0,218.24
359,54081,Raleigh County,1.6965877316801574,20.0,376.3
360,35005,Chaves County,5.120505326165737,33.0,243.85
361,35049,Santa Fe County,10.947641784631067,23.0,211.02
362,06059,Orange County,8.322507361106034,8.0,21.23
363,04023,Santa Cruz County,2.740296159100163,6.0,30.57
364,37053,Currituck County,0.800571349587377,8.0,75.75999999999999
365,17101,Lawrence County,1.627611252565491,14.0,248.37
366,31181,Webster County,3.4849801384577668,21.0,129.22
367,17067,Hancock County,1.8397345352449996,22.0,310.91
368,46067,Hutchinson County,6.553970937423482,15.0,415.04999999999995
369,41013,Crook County,1.314926607539516,62.0,488.04
370,50011,Franklin County,1.5759216651109416,20.0,217.44
371,26103,Marquette County,1.796095397111746,95.0,722.87
372,37057,Davidson County,1.7337021063019487,40.0,382.59000000000003
373,17025,Clay County,0.4014218878969491,15.0,315.93
374,29103,Knox County,0.7931764967811689,14.0,365.94
375,29117,Livingston County,3.2001806190615856,15.0,468.22
376,42117,Tioga County,0.2452917325045271,38.0,429.49
377,31043,Dakota County,0.4634616010763552,19.0,299.83
378,26089,Leelanau County,25.735670418038033,13.0,44.49
379,51181,Surry County,2.0720446806018176,9.0,168.06
380,29135,Moniteau County,4.2403942296801205,9.0,490.53999999999996
381,51193,Westmoreland County,5.094696770428196,9.0,46.88
382,37197,Yadkin County,0.05600440986448954,13.0,334.94
383,06047,Merced County,0.8276480190418964,31.0,438.9
384,40043,Dewey County,1.6252725579430487,21.0,416.15000000000003
385,37023,Burke County,0.2705616964221335,21.0,305.85
386,37191,Wayne County,1.4320058382748178,13.0,407.83
387,42123,Warren County,0.20117434907885953,26.0,438.60999999999996
388,05061,Howard County,2.8093867810506277,36.0,271.5
389,37059,Davie County,1.9512696012897615,6.0,317.79
390,37111,McDowell County,0.5852676196923273,20.0,205.68
391,05099,Nevada County,1.7985292094617806,20.0,257.85
392,08125,Yuma County,0.9033796978438381,16.0,96.2
393,48421,Sherman County,23.837755883324853,1.0,9.47
394,48463,Uvalde County,11.849309525282905,15.0,360.31
395,39011,Auglaize County,0.18979122967615755,9.0,149.31
396,22015,Bossier Parish,3.5780887142721003,30.0,446.59000000000003
397,19063,Emmet County,1.758864537900096,12.0,152.99
398,20169,Saline County,5.36192959302336,9.0,434.58
399,21153,Magoffin County,0.09052753068272337,4.0,105.83
400,48017,Bailey County,21.10116078134324,,
401,29027,Callaway County,0.11806783198331394,16.0,565.88
402,56001,Albany County,1.5311687602978319,96.0,1296.23
403,56029,Park County,3.4963974866153547,220.0,1996.28
404,42093,Montour County,2.2114665958013497,7.0,204.02000000000004
405,36081,Queens County,17.89241774652947,,
406,12121,Suwannee County,13.954973420495913,6.0,304.89
407,26031,Cheboygan County,4.894211176052149,42.0,288.73
408,01111,Randolph County,0.9075275434207154,21.0,353.35
409,37009,Ashe County,3.476517696415712,15.0,226.5
410,08033,Dolores County,6.124607732868535,11.0,291.98
411,39089,Licking County,3.713286262055233,18.0,288.69
412,51683,Manassas city,3.595172422906205,1.0,14.44
413,05139,Union County,4.1055772935052355,41.0,371.59
414,17071,Henderson County,4.545296511118993,21.0,389.90999999999997
415,01101,Montgomery County,3.422191409856787,31.0,378.78999999999996
416,08005,Arapahoe County,8.154247546410708,13.0,259.85
417,21155,Marion County,0.8264947729207994,7.0,309.18
418,28051,Holmes County,0.7026962504810584,32.0,433.95
419,28105,Oktibbeha County,3.0751387325768014,15.0,218.36
420,72037,Ceiba Municipio,9.862086956330016,1.0,13.97
421,72047,Corozal Municipio,0.9604599987674504,8.0,68.68
422,30027,Fergus County,25.973106502652815,42.0,936.76
423,24023,Garrett County,4.056413587424639,41.0,268.33
424,22119,Webster Parish,1.2810786775957361,29.0,264.44
425,26059,Hillsdale County,0.09498126095014081,36.0,337.49
426,21141,Logan County,2.270518382621441,22.0,276.0
427,46033,Custer County,3.5017010124916776,23.0,336.7
428,33013,Merrimack County,0.959306841303192,50.0,451.55
429,42133,York County,1.862750952755434,32.0,288.43
430,37161,Rutherford County,0.6005860045891075,19.0,303.96
431,46005,Beadle County,5.15805942850272,18.0,422.78999999999996
432,01043,Cullman County,1.9954508610947213,23.0,402.53
433,13097,Douglas County,7.003350761888457,6.0,194.82
434,31097,Johnson County,0.7775574811872332,11.0,237.3
435,37187,Washington County,2.29643794423919,6.0,50.77
436,46075,Jones County,5.1692543241122815,16.0,411.29999999999995
437,29177,Ray County,0.26044844685558455,12.0,220.75
438,39073,Hocking County,3.7551750510156867,19.0,290.2
439,01085,Lowndes County,4.37705585129486,26.0,288.59
440,13043,Candler County,3.1361745537306818,5.0,289.9
441,19113,Linn County,1.9657591156432535,14.0,515.66
442,06105,Trinity County,7.569880150122779,62.0,1079.3600000000001
443,13215,Muscogee County,0.26795339904000803,13.0,147.24
444,28135,Tallahatchie County,1.2608577605089741,33.0,333.05
445,20005,Atchison County,1.464946128513912,19.0,305.68
446,72081,Lares Municipio,2.0706555914964277,9.0,71.17
447,17041,Douglas County,1.45913742474981,10.0,233.32
448,51079,Greene County,3.709936349064089,5.0,104.65
449,66010,Guam,5986.088619031523,,
450,55137,Waushara County,4.870932656063763,16.0,237.43
451,05065,Izard County,7.669183065653911,10.0,439.02
452,06053,Monterey County,3.820122189103226,43.0,276.29
453,35017,Grant County,6.258091208182648,20.0,243.52
454,29131,Miller County,2.9002212682077424,11.0,197.16
455,37193,Wilkes County,1.6310823524887232,26.0,477.87
456,02110,Juneau City and Borough,8.698671285235655,120.0,489.17
457,13087,Decatur County,2.93872174975589,16.0,262.65
458,18177,Wayne County,0.938165557594761,13.0,238.29
459,21009,Barren County,1.4034459908132462,20.0,253.55999999999997
460,31093,Howard County,5.343898566320853,12.0,539.31
461,38025,Dunn County,1.0484794252024017,46.0,557.4300000000001
462,06005,Amador County,0.887004071501304,23.0,314.63
463,47049,Fentress County,1.3710611808916553,20.0,267.31
464,20031,Coffey County,1.1467616117800055,12.0,386.71000000000004
465,26023,Branch County,0.8716049113155585,36.0,282.76
466,31139,Pierce County,1.768000612226293,13.0,120.32000000000001
467,13023,Bleckley County,4.545241599123002,6.0,353.59000000000003
468,13033,Burke County,7.1362245928279116,11.0,648.41
469,17181,Union County,0.5988995133790722,21.0,242.06
470,17091,Kankakee County,1.9517303827561447,26.0,327.49
471,38051,McIntosh County,16.77362069119823,2.0,35.02
472,31141,Platte County,2.1972999384765037,17.0,531.19
473,37185,Warren County,0.2025542698695367,17.0,221.8
474,72009,Aibonito Municipio,3.154563944889749,3.0,76.25
475,13197,Marion County,5.563037286080094,7.0,244.72
476,51061,Fauquier County,1.4790575587839596,20.0,338.63
477,51750,Radford city,2.2585458300852745,1.0,61.89
478,32005,Douglas County,0.7048749144164376,19.0,171.99
479,12037,Franklin County,2.729786522269095,17.0,335.18
480,18055,Greene County,1.4480299323669587e-05,17.0,598.6899999999999
481,18139,Rush County,2.1007369816290917,12.0,358.67
482,55131,Washington County,0.01025061816379268,20.0,320.34000000000003
483,29105,Laclede County,8.242543338953041,6.0,428.02
484,42085,Mercer County,1.8415365799457872,23.0,312.82
485,41043,Linn County,2.677313316870669,55.0,756.73
486,55065,Lafayette County,1.7725633262265215,19.0,279.24
487,40147,Washington County,4.97210515350429,13.0,197.91
488,54077,Preston County,1.4426418990009309,26.0,284.66
489,69100,Rota Municipality,5896.390531092169,,
490,55135,Waupaca County,3.06636891510924,29.0,467.62
491,48137,Edwards County,21.922954948830235,13.0,149.72
492,41037,Lake County,13.231266098770591,173.0,886.52
493,29153,Ozark County,0.14677004217978665,28.0,222.54999999999998
494,19059,Dickinson County,2.5413887500914067,14.0,179.19
495,21095,Harlan County,0.6017788160156535,11.0,344.02000000000004
496,20061,Geary County,1.118832926709408,15.0,406.66999999999996
497,42011,Berks County,0.9107267614626401,39.0,515.3
498,47019,Carter County,1.5425991852353997,16.0,131.06
499,27083,Lyon County,1.5592490267288948,17.0,381.92
500,51037,Charlotte County,0.7786939030088856,14.0,296.69
501,47179,Washington County,1.104423622229863,16.0,225.32
502,45071,Newberry County,2.9456820803200454,29.0,487.95
503,51093,Isle of Wight County,0.0342101285354019,19.0,175.39000000000001
504,41069,Wheeler County,5.726529925132327,32.0,507.69
505,29023,Butler County,0.9176990160477649,25.0,288.95
506,22047,Iberville Parish,2.7390235594230474,23.0,665.05
507,28125,Sharkey County,0.8100370469797759,14.0,595.84
508,51111,Lunenburg County,0.48385022378457004,12.0,285.84000000000003
509,38097,Traill County,1.6254940431053264,12.0,624.76
510,13139,Hall County,2.9655668688858556,31.0,376.54
511,13283,Treutlen County,0.3238918185612133,8.0,357.66999999999996
512,13037,Calhoun County,2.1350763359293032,7.0,216.65
513,55125,Vilas County,1.0038522385273692,119.0,305.69
514,27007,Beltrami County,2.7559288617759226,113.0,689.85
515,72043,Coamo Municipio,0.2140216559092025,5.0,63.09
516,13055,Chattooga County,0.9576270010927633,13.0,158.5
517,45033,Dillon County,2.907287785511603,11.0,269.32
518,37103,Jones County,3.817936769678445,10.0,160.43
519,29199,Scotland County,1.979177981473115,25.0,265.31
520,20131,Nemaha County,2.122269510321328,26.0,414.44
521,20137,Norton County,2.608722441715421,9.0,211.67000000000002
522,72007,Aguas Buenas Municipio,0.9595887314443587,1.0,22.84
523,72033,Cataño Municipio,2.205377534721928,1.0,22.84
524,55075,Marinette County,3.9971591633060504,44.0,542.2
525,53011,Clark County,1.5540909909878904,26.0,498.23
526,55099,Price County,0.10951473804572022,75.0,525.03
527,40093,Major County,8.225891319444685,11.0,535.5500000000001
528,47125,Montgomery County,0.08163222296012543,30.0,293.81
529,53051,Pend Oreille County,0.5842008251730291,51.0,337.96
530,38055,McLean County,1.7319426240336429,53.0,329.18
531,41027,Hood River County,1.5815814334045546,31.0,541.34
532,19197,Wright County,2.1830355672929187,12.0,431.87
533,48419,Shelby County,3.2570103133831023,56.0,386.35
534,29055,Crawford County,4.06704759861822,22.0,353.53999999999996
535,51017,Bath County,4.387358339333846,15.0,261.40999999999997
536,56033,Sheridan County,6.460720026318667,57.0,560.55
537,42041,Cumberland County,0.5436780451418538,9.0,215.18
538,42055,Franklin County,1.3333904237687793,24.0,375.07
539,42079,Luzerne County,4.143301775697122,46.0,567.85
540,26039,Crawford County,1.538595584590562,14.0,288.06
541,01113,Russell County,0.5754901972786931,25.0,318.24
542,39019,Carroll County,2.4167945134353968,23.0,213.54
543,05055,Greene County,3.514150013842669,31.0,244.28
544,48191,Hall County,2.523714525149957,12.0,71.83
545,55013,Burnett County,0.7253726354906058,44.0,460.11
546,35057,Torrance County,29.335282388397104,2.0,4.49
547,53049,Pacific County,1.2295275857876908,30.0,350.49
548,37141,Pender County,3.527056751392245,21.0,633.94
549,48221,Hood County,3.912483734048043,20.0,310.05
550,31177,Washington County,0.5207034734141356,15.0,400.70000000000005
551,29045,Clark County,0.9519116038054374,24.0,264.17
552,21015,Boone County,0.8115976003091744,18.0,108.85
553,21229,Washington County,1.2190673168503579,10.0,323.46
554,22009,Avoyelles Parish,0.5396949688545221,50.0,732.66
555,28137,Tate County,1.7136205283143497,23.0,163.93
556,29227,Worth County,2.7261015992005206,10.0,398.12
557,31163,Sherman County,2.139403541360457,14.0,204.64000000000001
558,46021,Campbell County,4.681389957202376,15.0,69.78
559,46063,Harding County,0.37766523262647567,30.0,503.0
560,26057,Gratiot County,2.9118420099793454,17.0,200.94
561,19175,Union County,1.4909882013036784,13.0,211.66
562,17127,Massac County,0.06640408170998285,9.0,62.97
563,27043,Faribault County,3.8139201729533756,23.0,357.9
564,47057,Grainger County,0.3000101708017705,12.0,252.88
565,48161,Freestone County,3.2200611893000897,17.0,370.52
566,42087,Mifflin County,3.079399695493358,12.0,250.53
567,01041,Crenshaw County,1.5246012888418425,10.0,230.43
568,51520,Bristol city,0.08030009468401829,4.0,18.99
569,48399,Runnels County,4.97839778096065,12.0,151.03
570,48443,Terrell County,31.379088900197516,3.0,1037.65
571,20153,Rawlins County,0.23481865083018155,6.0,86.95
572,20193,Thomas County,33.10978177785544,,
573,13161,Jeff Davis County,2.3923067319531626,8.0,423.14
574,19035,Cherokee County,4.221044096760928,7.0,324.64000000000004
575,05145,White County,3.761933820139277,45.0,795.0699999999999
576,28083,Leflore County,4.616292117174617,27.0,452.59
577,29053,Cooper County,4.039353819387779,9.0,480.09
578,26043,Dickinson County,2.229557799386767,39.0,401.48
579,17197,Will County,1.6198902607243155,34.0,541.31
580,48117,Deaf Smith County,26.357877777053066,1.0,17.42
581,46011,Brookings County,6.59205385458703,11.0,198.49
582,19083,Hardin County,1.0375249565010944,10.0,326.8
583,22023,Cameron Parish,10.529033083694856,44.0,345.29
584,39027,Clinton County,0.9950474768636068,18.0,259.8
585,27137,St. Louis County,4.963165920378646,378.0,2442.12
586,39093,Lorain County,0.05202122258375816,14.0,251.26
587,47101,Lewis County,5.482317633218326,8.0,238.9
588,41067,Washington County,0.9984303998199267,23.0,360.71000000000004
589,51810,Virginia Beach city,3.010485451171064,15.0,110.31
590,30057,Madison County,2.2828902157309288,152.0,1245.83
591,51103,Lancaster County,3.1074587578180934,8.0,27.54
592,29013,Bates County,2.5297460137646284,13.0,251.6
593,33001,Belknap County,3.8439124999598606,43.0,246.01
594,51159,Richmond County,1.515373034624016,7.0,53.02
595,02230,Skagway Municipality,0.42016156057896686,13.0,95.42
596,02105,Hoonah-Angoon Census Area,1.896363049529084,250.0,1169.18
597,29159,Pettis County,0.5338523091949006,13.0,232.77
598,30063,Missoula County,2.2574383035142285,74.0,1009.79
599,20019,Chautauqua County,1.0936864514247926,20.0,181.97
600,48459,Upshur County,3.9826590189802604,18.0,406.92
601,51047,Culpeper County,2.033664241381277,13.0,348.35
602,40061,Haskell County,2.921605341887125,25.0,217.57
603,54069,Ohio County,2.6312688574912335,7.0,245.62
604,54065,Morgan County,1.4999725485989668,16.0,261.19
605,51165,Rockingham County,0.1970927028490071,19.0,478.16
606,18183,Whitley County,1.094699585224497,12.0,112.94
607,04001,Apache County,9.51141530439806,88.0,688.83
608,29121,Macon County,0.03756346449676634,20.0,366.2
609,48279,Lamb County,24.623206002219483,2.0,1.56
610,20097,Kiowa County,9.25506488730203,10.0,235.66
611,48015,Austin County,2.203000153227776,8.0,483.71999999999997
612,29061,Daviess County,0.6007213972471426,11.0,333.23
613,13253,Seminole County,2.0877785530167228,12.0,118.77000000000001
614,26101,Manistee County,10.133927136682587,18.0,203.47
615,19119,Lyon County,4.378494747068384,13.0,426.39
616,48233,Hutchinson County,1.9353644372115493,25.0,178.52
617,40139,Texas County,2.5988248200649156,14.0,126.74000000000001
618,40153,Woodward County,0.1371508930473215,23.0,583.1400000000001
619,19003,Adams County,2.097995603459177,11.0,176.91
620,55109,St. Croix County,7.437293790945688,21.0,316.66
621,42121,Venango County,0.7584738424404951,14.0,460.91
622,39153,Summit County,0.20339724655896965,25.0,325.6
623,13127,Glynn County,7.415768306747571,11.0,146.25
624,48479,Webb County,22.119936822502062,12.0,281.05
625,37123,Montgomery County,3.12541101042431,22.0,402.13
626,23003,Aroostook County,0.6161149314437234,360.0,2451.08
627,28065,Jefferson Davis County,4.2576722176606,7.0,153.15
628,18175,Washington County,0.37979314199695724,18.0,433.6
629,46051,Grant County,9.040793106308694,16.0,124.43
630,46091,Marshall County,10.549162437945188,11.0,44.480000000000004
631,53067,Thurston County,0.1708751042562051,26.0,370.75
632,31107,Knox County,1.1281900730059753,64.0,431.95
633,35061,Valencia County,5.3340905271191215,3.0,107.04
634,30079,Prairie County,6.2408545729424665,20.0,670.13
635,49031,Piute County,1.9433714726200242,23.0,186.8
636,21161,Mason County,2.2364668442960105,10.0,199.10999999999999
637,27009,Benton County,1.0449430986449486,17.0,342.33000000000004
638,48129,Donley County,4.231241240650009,14.0,122.79
639,12005,Bay County,0.15822896589140348,19.0,243.10999999999999
640,01077,Lauderdale County,4.2129650925864155,43.0,247.59
641,18045,Fountain County,0.8366971312450575,8.0,302.14
642,17173,Shelby County,0.25653948824935513,27.0,398.98
643,17051,Fayette County,0.6154786262931148,39.0,360.7
644,39127,Perry County,1.4615346634380122,14.0,222.45
645,51590,Danville city,0.8601238968232965,6.0,80.3
646,13011,Banks County,0.9355745785566703,7.0,146.07
647,13305,Wayne County,0.2528691054011786,13.0,289.12
648,40109,Oklahoma County,2.5659450378195294,23.0,510.48
649,40069,Johnston County,0.4789938173003434,26.0,634.62
650,37099,Jackson County,0.4246119496442259,21.0,192.22
651,49043,Summit County,2.903664160376052,63.0,542.2
652,29167,Polk County,4.751752380422685,12.0,246.51
653,32015,Lander County,6.79854763016728,34.0,335.51
654,19191,Winneshiek County,1.6382160365587262,11.0,281.04
655,20125,Montgomery County,6.505134941256121,19.0,268.64
656,45039,Fairfield County,0.6312819230907271,30.0,359.65
657,31033,Cheyenne County,8.839253869592385,4.0,90.8
658,27091,Martin County,2.408482474343954,22.0,223.81
659,47155,Sevier County,1.7329326176178024,17.0,296.74
660,47139,Polk County,2.9570524281746184,17.0,204.76
661,48263,Kent County,2.632027681371612,6.0,334.43
662,30099,Teton County,1.4622626447586364,70.0,751.88
663,31069,Garden County,1.619443336892023,13.0,114.41
664,17117,Macoupin County,0.6370370437801774,18.0,366.34
665,39141,Ross County,0.9420935091435437,25.0,518.46
666,17195,Whiteside County,3.929808006878909,30.0,535.22
667,48141,El Paso County,13.48378112934583,4.0,654.93
668,48301,Loving County,15.443345453381363,3.0,409.65999999999997
669,40077,Latimer County,1.9656355855478747,22.0,191.54
670,39167,Washington County,1.6590423292056695,23.0,665.82
671,29091,Howell County,1.974924663485749,16.0,238.2
672,20047,Edwards County,6.7698748340359405,5.0,442.68
673,21111,Jefferson County,5.11308259991115,19.0,321.11
674,17107,Logan County,1.1349284208464112,8.0,273.04
675,55139,Winnebago County,0.7318707277172402,23.0,201.59
676,47003,Bedford County,3.569794690681988,16.0,402.78000000000003
677,47027,Clay County,2.347333410915033,29.0,139.22
678,17029,Coles County,5.383896289066227,16.0,264.55
679,47097,Lauderdale County,1.9298430271540894,25.0,298.13
680,41001,Baker County,3.619552295630179,87.0,836.55
681,36097,Schuyler County,0.42172522022586906,21.0,173.4
682,26159,Van Buren County,5.252067288346183,21.0,177.82999999999998
683,17131,Mercer County,2.592814100059455,21.0,268.42
684,28099,Neshoba County,1.6107664769798278,23.0,260.77
685,46045,Edmunds County,15.897098119130604,7.0,10.71
686,72119,Río Grande Municipio,1.780938688936078,7.0,37.19
687,01035,Conecuh County,0.6438387941061016,13.0,462.23
688,18029,Dearborn County,1.9996516299863367,22.0,300.33
689,18071,Jackson County,0.08036870087833979,24.0,520.02
690,28081,Lee County,0.47319959054661587,19.0,194.1
691,22125,West Feliciana Parish,0.2516585484838973,20.0,564.97
692,05035,Crittenden County,2.6196732137798397,26.0,481.76
693,12063,Jackson County,0.6770605669855951,20.0,356.32
694,48125,Dickens County,12.136693678956766,5.0,161.37
695,51115,Mathews County,10.953684341822859,2.0,88.33
696,38075,Renville County,5.383127928836341,6.0,102.19
697,48283,La Salle County,3.6863692951968714,7.0,250.06
698,36067,Onondaga County,3.269798911270793,44.0,373.95
699,19087,Henry County,0.9791096355286526,7.0,274.83
700,31083,Harlan County,0.8702978814420115,25.0,272.40000000000003
701,30075,Powder River County,8.930959957016109,27.0,444.79999999999995
702,72075,Juana Díaz Municipio,0.404894025292693,13.0,21.34
703,55091,Pepin County,1.259701967445708,21.0,198.23000000000002
704,01021,Chilton County,3.4956269920429284,36.0,409.09999999999997
705,48351,Newton County,3.771229147170106,34.0,390.28
706,48219,Hockley County,18.641183761945282,2.0,0.71
707,13009,Baldwin County,3.4311031072369347,9.0,213.19
708,37175,Transylvania County,1.6210585579216514,20.0,249.4
709,37171,Surry County,0.2750382080636842,17.0,330.04
710,01031,Coffee County,3.4631485957465515,11.0,282.07
711,39149,Shelby County,3.502991050145007,11.0,259.28
712,16027,Canyon County,4.677567424859221,12.0,231.2
713,55041,Forest County,0.5402245784524596,60.0,487.54
714,55113,Sawyer County,3.1266780623930113,74.0,691.08
715,34017,Hudson County,1.196301984535095,2.0,99.53999999999999
716,39151,Stark County,1.2877727099808849,24.0,321.17
717,48187,Guadalupe County,1.20467356812233,8.0,316.25
718,53029,Island County,16.445049327685975,,
719,54037,Jefferson County,2.0563987173620935,16.0,193.63
720,51153,Prince William County,0.7827414124681384,17.0,184.34
721,42029,Chester County,3.121051458768699,30.0,298.6
722,54055,Mercer County,1.7517922389881413,11.0,157.32
723,47145,Roane County,0.9578570344432962,23.0,221.45
724,02066,Copper River Census Area,5.545265275164381,1421.0,8599.53
725,02063,Chugach Census Area,7.462315827132096,406.0,1725.68
726,28049,Hinds County,2.5564711139306713,29.0,344.68
727,48281,Lampasas County,11.592200936929524,7.0,277.84000000000003
728,51107,Loudoun County,5.523795415935915,27.0,254.21
729,29185,St. Clair County,1.591112091920017,14.0,280.83
730,36025,Delaware County,0.22437670465568602,63.0,662.78
731,30071,Phillips County,9.819497707947558,48.0,913.01
732,29129,Mercer County,3.4568400079240313,10.0,152.2
733,46127,Union County,3.5573503891273175,15.0,243.35999999999999
734,01051,Elmore County,2.112468082730211,38.0,326.34999999999997
735,13187,Lumpkin County,6.239816113078347,8.0,171.26
736,39083,Knox County,2.0895421592354793,21.0,309.89
737,19017,Bremer County,1.2522316281816774,12.0,299.98
738,48175,Goliad County,0.6551387179148186,7.0,286.2
739,37089,Henderson County,1.2204809460064359,16.0,317.33
740,12061,Indian River County,10.116990766655002,6.0,281.94
741,48393,Roberts County,5.426654664345502,13.0,105.62
742,31049,Deuel County,9.792689012807742,8.0,113.0
743,36051,Livingston County,4.0083587134691685,24.0,398.79
744,19141,O'Brien County,3.7992471502027834,8.0,285.6
745,22075,Plaquemines Parish,3.1497055708040196,53.0,548.72
746,28115,Pontotoc County,5.013861579179137,13.0,201.26999999999998
747,27105,Nobles County,2.8887155890224854,20.0,224.66
748,27001,Aitkin County,5.52803815442852,92.0,797.85
749,38071,Ramsey County,1.3942005494900893,12.0,74.42
750,37145,Person County,0.3689915408769621,28.0,269.47
751,20195,Trego County,6.041873362815125,9.0,339.63000000000005
752,28151,Washington County,1.8399723651251105,35.0,623.92
753,48133,Eastland County,7.24062347858657,12.0,192.07999999999998
754,28055,Issaquena County,2.599759722624528,12.0,376.31
755,48123,DeWitt County,2.2161315792104004,7.0,292.57
756,48005,Angelina County,7.032876839214547,63.0,550.24
757,45081,Saluda County,1.456101382716146,21.0,197.74
758,29125,Maries County,2.8918720783112835,9.0,332.63
759,05001,Arkansas County,2.8193572158331426,24.0,624.25
760,29109,Lawrence County,3.4629793797116957,14.0,224.19
761,51540,Charlottesville city,2.264280919874179,1.0,41.68
762,17011,Bureau County,1.4131495235125706,30.0,373.2
763,39145,Scioto County,0.7982854136777985,23.0,425.39
764,37115,Madison County,3.236503701592846,11.0,246.54000000000002
765,16053,Jerome County,13.38604283039422,3.0,168.89
766,39163,Vinton County,1.4336211216833654,12.0,259.56
767,48309,McLennan County,1.899546450048961,20.0,447.69
768,16037,Custer County,1.3572488937918268,109.0,1165.29
769,19089,Howard County,3.1344582354071804,23.0,330.12
770,12099,Palm Beach County,2.8186707182064454,34.0,611.73
771,13181,Lincoln County,4.439265766388016,21.0,110.67999999999999
772,01013,Butler County,4.220836015559323,8.0,280.51
773,27003,Anoka County,3.5340882933538937,23.0,359.98
774,46009,Bon Homme County,12.602130372766991,31.0,114.61
775,47059,Greene County,4.058604519950397,15.0,278.59
776,51183,Sussex County,2.1066542804357473,15.0,397.40000000000003
777,18141,St. Joseph County,7.139259491464098,14.0,156.1
778,38067,Pembina County,4.780150078161468,15.0,559.57
779,19165,Shelby County,0.05481805790643338,10.0,392.48
780,24013,Carroll County,0.357957314415809,23.0,257.67
781,19011,Benton County,1.171214193775747,14.0,430.66999999999996
782,21159,Martin County,4.110650241512706,10.0,162.17999999999998
783,27025,Chisago County,0.03211316927909748,22.0,194.98999999999998
784,21189,Owsley County,1.8226483878584607,5.0,104.68
785,42015,Bradford County,0.23712752476756427,44.0,536.39
786,54029,Hancock County,1.6669543391865578,15.0,225.68
787,29051,Cole County,0.3569142464782833,12.0,549.5
788,26021,Berrien County,13.710939003181291,20.0,189.41
789,42061,Huntingdon County,0.44420713255524275,31.0,514.51
790,31045,Dawes County,1.5794745320995478,30.0,592.86
791,51141,Patrick County,1.3215447383655934,20.0,225.06
792,48325,Medina County,5.214013763240777,11.0,121.77
793,26105,Mason County,5.0535076927484175,11.0,209.59
794,45013,Beaufort County,1.6649465543846942,11.0,140.69
795,46135,Yankton County,1.9266217713154539,20.0,253.23
796,22001,Acadia Parish,2.5264562856514248,19.0,352.21
797,42039,Crawford County,1.1738720841369972,29.0,401.47
798,46123,Tripp County,22.41186504130601,26.0,499.94
799,19077,Guthrie County,0.684155157785722,11.0,387.37
800,19183,Washington County,1.50335062649143,11.0,332.64
801,46111,Sanborn County,0.10341673974865562,5.0,329.33
802,40051,Grady County,0.641741528449337,36.0,826.5600000000001
803,54039,Kanawha County,2.146483356292918,15.0,510.58
804,01009,Blount County,2.274975079723607,17.0,446.91
805,45065,McCormick County,0.37433148484944323,27.0,343.06
806,45087,Union County,5.531593686661129,9.0,339.5
807,27103,Nicollet County,5.829894509995833,23.0,291.06
808,28161,Yalobusha County,7.211585266511476,16.0,90.05
809,72093,Maricao Municipio,0.10835849247248397,6.0,45.269999999999996
810,26079,Kalkaska County,6.445760636478545,15.0,196.02
811,72005,Aguadilla Municipio,3.251400429714251,4.0,40.37
812,22039,Evangeline Parish,1.439136804635022,24.0,367.99
813,47069,Hardeman County,1.0452485814196568,78.0,257.16
814,04003,Cochise County,31.911515875232194,8.0,69.11
815,35023,Hidalgo County,10.50432155105831,11.0,100.86000000000001
816,38023,Divide County,22.47432211331431,3.0,11.39
817,06071,San Bernardino County,33.325805393245275,75.0,392.84000000000003
818,08083,Montezuma County,1.2081296807926991,38.0,541.3
819,28023,Clarke County,1.7035411057103973,20.0,415.14
820,19125,Marion County,2.9232957853520958,20.0,483.15
821,31055,Douglas County,1.606940970682411,11.0,464.65
822,51600,Fairfax city,0.10595325245091314,1.0,21.77
823,40057,Harmon County,8.38281163889715,17.0,204.91
824,29039,Cedar County,1.8830471916557658,13.0,271.35
825,13059,Clarke County,0.12058285350969765,4.0,148.61
826,16085,Valley County,1.9357671840745392,90.0,961.13
827,48275,Knox County,3.3554924828659374,10.0,460.02
828,05103,Ouachita County,3.0648938726529296,43.0,389.25
829,39037,Darke County,2.6979036988465146,18.0,278.7
830,40071,Kay County,2.324863734904556,24.0,427.16
831,46041,Dewey County,9.524166772102632,52.0,468.97999999999996
832,41057,Tillamook County,1.4363213404728579,29.0,433.5
833,13077,Coweta County,3.162986597364616,14.0,319.91
834,13105,Elbert County,1.6695899384001287,22.0,214.0
835,01005,Barbour County,1.546891456763568,34.0,457.11
836,37017,Bladen County,1.2233238051778537,15.0,462.93
837,48111,Dallam County,23.616017965849114,3.0,5.109999999999999
838,17167,Sangamon County,4.9206878964419385,20.0,317.34
839,40035,Craig County,1.6659719182581918,10.0,204.82
840,47035,Cumberland County,4.4806215599482275,17.0,403.63
841,26137,Otsego County,3.10668316088894,18.0,364.15
842,19161,Sac County,3.9609182437487154,10.0,133.26999999999998
843,17113,McLean County,1.246004098672374,14.0,445.59999999999997
844,23001,Androscoggin County,0.4879659287893019,27.0,313.06
845,16055,Kootenai County,0.6784986384718275,64.0,291.71999999999997
846,32003,Clark County,9.600422999542257,56.0,317.03000000000003
847,20147,Phillips County,3.2968313335562396,17.0,256.90000000000003
848,31089,Holt County,0.9420649984475287,39.0,1020.34
849,29101,Johnson County,1.2119204799371592,18.0,189.75
850,55063,La Crosse County,0.42695252967008185,27.0,276.92
851,22021,Caldwell Parish,4.160586219788339,13.0,589.23
852,21061,Edmonson County,0.2287367848525019,14.0,395.36
853,17005,Bond County,0.007026720710871728,12.0,181.01
854,17009,Brown County,8.111043935346633,4.0,258.48
855,27111,Otter Tail County,2.7356105274659632,79.0,470.55
856,39077,Huron County,2.177308317979021,16.0,250.92
857,13005,Bacon County,0.17061830686307575,3.0,129.3
858,10001,Kent County,1.517650958538693,37.0,229.32
859,39173,Wood County,1.4992494715001867,33.0,377.27
860,13157,Jackson County,0.5525450967350777,7.0,209.13
861,20003,Anderson County,2.8607536123727475,11.0,162.73000000000002
862,17095,Knox County,0.18174629977877158,17.0,457.55
863,30107,Wheatland County,3.914285894962669,27.0,548.78
864,47009,Blount County,1.664652642793801,33.0,245.73
865,30031,Gallatin County,0.9965863556164501,113.0,956.35
866,45031,Darlington County,6.896057940169278,9.0,473.9
867,01053,Escambia County,4.962041311789181,31.0,469.33
868,13143,Haralson County,5.09799480143218,7.0,82.87
869,20001,Allen County,0.2791773966982126,12.0,385.03
870,55049,Iowa County,2.7634087660636517,33.0,385.3
871,27097,Morrison County,4.977018384064461,36.0,660.26
872,42003,Allegheny County,0.6890011803385712,20.0,590.28
873,29205,Shelby County,1.6456593209923733,11.0,334.05
874,39097,Madison County,1.0612396555461974,17.0,328.01
875,20201,Washington County,3.450011745127241,18.0,266.71999999999997
876,17019,Champaign County,1.0817727785929399,19.0,487.67
877,16087,Washington County,0.3594819963838765,44.0,560.84
878,17045,Edgar County,2.407777975489339,18.0,202.61
879,08121,Washington County,30.86890710052259,5.0,211.20000000000002
880,39065,Hardin County,0.6727041446692205,12.0,241.55
881,26113,Missaukee County,2.9386430021303727,15.0,341.66
882,38093,Stutsman County,7.276917198821183,25.0,329.93
883,29203,Shannon County,0.029678410337622644,10.0,285.04
884,48423,Smith County,2.425238093261775,31.0,466.81
885,40143,Tulsa County,4.122288010657832,15.0,459.28000000000003
886,40091,McIntosh County,2.4062154602177386,29.0,534.06
887,48395,Robertson County,4.104936506370291,22.0,558.49
888,48171,Gillespie County,1.6830786608202872,14.0,237.98000000000002
889,26125,Oakland County,0.321695813954694,67.0,403.98
890,54093,Tucker County,2.426097252573428,14.0,352.06
891,72113,Ponce Municipio,3.2458780891000365,3.0,9.95
892,55023,Crawford County,5.236780080671642,12.0,264.97
893,01071,Jackson County,0.7975543307043483,47.0,351.2
894,19123,Mahaska County,2.2962534462419937,13.0,549.34
895,20045,Douglas County,1.5657071737287314,12.0,223.9
896,21059,Daviess County,3.290853432593115,16.0,457.83000000000004
897,21197,Powell County,1.3133124050368192,7.0,119.52
898,29097,Jasper County,1.8747541608303218,13.0,234.27
899,41061,Union County,3.623045557614672,34.0,685.93
900,13151,Henry County,2.1679525865316918,10.0,174.02
901,47175,Van Buren County,1.50336790565531,12.0,183.06
902,40125,Pottawatomie County,3.3301798949845796,14.0,504.28999999999996
903,35053,Socorro County,4.100077357999087,29.0,218.23000000000002
904,13003,Atkinson County,0.9530472946677535,9.0,460.16
905,12031,Duval County,6.56614837420773,12.0,110.43
906,48145,Falls County,0.5431911983721439,15.0,263.75
907,05149,Yell County,2.8849872558383276,24.0,391.33
908,20033,Comanche County,2.3178805503593676,18.0,231.72
909,21113,Jessamine County,2.1069168556909825,6.0,290.3
910,21171,Monroe County,2.8897804986437245,21.0,244.98
911,48031,Blanco County,2.1748742734834043,15.0,291.15999999999997
912,55015,Calumet County,0.5556507213048357,8.0,168.6
913,21121,Knox County,1.5611606471058943,11.0,233.6
914,26067,Ionia County,2.732507307255697,23.0,462.53000000000003
915,37129,New Hanover County,2.3945590034206323,3.0,357.0
916,47131,Obion County,1.5650933374393616,59.0,291.24
917,21035,Calloway County,1.2040351657968595,18.0,218.97
918,51003,Albemarle County,6.825283389445032,18.0,423.16
919,47147,Robertson County,0.7617240539033883,18.0,230.63
920,51043,Clarke County,2.4008855132022915,7.0,78.44999999999999
921,53023,Garfield County,4.480104486266236,17.0,298.62
922,21109,Jackson County,1.3977386106116616,11.0,213.04
923,27031,Cook County,8.947301620016086,142.0,508.3
924,45073,Oconee County,3.5011016299625553,66.0,274.05
925,22033,East Baton Rouge Parish,0.0038333897154760486,18.0,525.9
926,28021,Claiborne County,2.9050720427714,21.0,483.51
927,24037,St. Mary's County,3.1756909060124263,11.0,188.6
928,21127,Lawrence County,1.6886339129655823,16.0,325.4
929,21175,Morgan County,0.2989614649232855,15.0,199.88
930,21177,Muhlenberg County,0.3936089904458966,22.0,497.15999999999997
931,17049,Effingham County,1.4704957904521079,15.0,246.48
932,47105,Loudon County,0.4394103353714501,25.0,169.03
933,46025,Clark County,25.37476622988202,1.0,0.76
934,15003,Honolulu County,520.892402558917,52.0,181.12
935,12041,Gilchrist County,6.257765480871694,3.0,210.70999999999998
936,18157,Tippecanoe County,2.2390354207195333,13.0,458.27
937,42109,Snyder County,0.6314257095737476,11.0,320.57
938,48277,Lamar County,4.331903551255872,19.0,302.71
939,12086,Miami-Dade County,0.34964560773729036,26.0,571.36
940,31057,Dundy County,10.473840861545135,11.0,97.66000000000001
941,48289,Leon County,1.0953706501677773,23.0,446.83
942,08097,Pitkin County,4.377203427061874,17.0,273.41
943,38035,Grand Forks County,3.2477813520938925,16.0,654.23
944,18091,LaPorte County,0.2465052544655174,21.0,150.35
945,18057,Hamilton County,0.4172750476719236,18.0,557.4499999999999
946,51595,Emporia city,0.6739351979940644,2.0,128.12
947,40081,Lincoln County,0.6943266120957353,22.0,427.67
948,20071,Greeley County,38.807085020654306,,
949,13145,Harris County,4.447644034185747,28.0,246.22
950,13251,Screven County,5.744384892916319,7.0,608.01
951,72127,San Juan Municipio,8.155629501783093,,
952,48433,Stonewall County,3.6690443718038224,9.0,498.91
953,39069,Henry County,0.44370581752995236,13.0,229.07
954,33009,Grafton County,2.1921986183863704,105.0,735.0600000000001
955,29145,Newton County,1.1422741607062548,13.0,201.51999999999998
956,18129,Posey County,0.3272513590843008,34.0,239.76999999999998
957,48311,McMullen County,4.136036462852976,12.0,280.03000000000003
958,17035,Cumberland County,1.0039687884300008,11.0,214.70999999999998
959,13297,Walton County,1.7943013349163,9.0,253.41
960,27121,Pope County,2.506724844481076,26.0,236.22
961,51157,Rappahannock County,0.5488685272118783,10.0,219.21
962,51009,Amherst County,1.2543720469672879,11.0,416.42
963,06111,Ventura County,5.178892450964823,20.0,215.76
964,17033,Crawford County,3.972208008342888,15.0,275.75
965,08093,Park County,8.89544465780868,39.0,494.13
966,27115,Pine County,2.2805119136309044,59.0,720.67
967,48021,Bastrop County,0.722593079758309,12.0,402.10999999999996
968,53039,Klickitat County,2.4499320205649173,38.0,619.25
969,53055,San Juan County,8.807200786629044,1.0,7.09
970,55009,Brown County,0.9492205127687815,9.0,158.54999999999998
971,20205,Wilson County,3.353704786198514,8.0,196.41
972,22069,Natchitoches Parish,1.09552168975825,66.0,849.26
973,22109,Terrebonne Parish,0.21114676646125663,50.0,348.81
974,13155,Irwin County,5.391707231608637,13.0,344.92
975,02185,North Slope Borough,0.9137380685031922,3587.0,35119.11
976,26011,Arenac County,0.8970222884230903,12.0,102.9
977,19111,Lee County,1.467105086659693,15.0,258.51
978,20141,Osborne County,2.487785090642159,13.0,272.07
979,26047,Emmet County,4.2049437218798325,26.0,74.1
980,19071,Fremont County,0.887749060421994,23.0,321.40999999999997
981,23015,Lincoln County,2.3790121550999412,30.0,196.73
982,21023,Bracken County,3.1290112544693858,14.0,387.27000000000004
983,55037,Florence County,1.7961048579553724,40.0,280.2
984,54087,Roane County,2.348046276503769,13.0,228.08
985,27159,Wadena County,0.7245337088495064,30.0,411.89
986,37007,Anson County,5.937946526496658,19.0,312.87
987,02100,Haines Borough,1.5881778569656768,112.0,605.47
988,38007,Billings County,9.338637836704086,10.0,250.36
989,31003,Antelope County,3.162091131176377,20.0,362.47
990,29073,Gasconade County,2.421081532670268,18.0,695.75
991,12067,Lafayette County,4.744149274645532,5.0,171.95
992,37035,Catawba County,2.333567128726675,24.0,283.71
993,21025,Breathitt County,1.7420230368297533,8.0,395.9
994,48075,Childress County,4.116313492776052,10.0,59.69
995,29181,Ripley County,0.3619844316255465,17.0,215.76
996,17179,Tazewell County,6.3040253049191115,13.0,376.35
997,48243,Jeff Davis County,41.53130218874907,3.0,641.58
998,51678,Lexington city,1.4712475553267736,1.0,51.7
999,05135,Sharp County,2.6388810676543883,12.0,370.85
1000,08069,Larimer County,0.11222935789635699,73.0,719.66
1001,27163,Washington County,6.773882998381853,13.0,350.71
1002,51740,Portsmouth city,2.4763967341598816,2.0,94.78999999999999
1003,42051,Fayette County,6.227489246852594,33.0,437.40000000000003
1004,54023,Grant County,2.3432392193037215,21.0,379.32
1005,51171,Shenandoah County,2.833077022985796,6.0,231.63
1006,48235,Irion County,16.527847831432393,3.0,47.56
1007,54101,Webster County,0.43303431186898506,15.0,330.54
1008,49011,Davis County,15.40175161509178,3.0,66.66
1009,27033,Cottonwood County,3.229787868975071,20.0,472.46000000000004
1010,72053,Fajardo Municipio,4.10874338984987,1.0,13.97
1011,01063,Greene County,0.25378854400300377,14.0,545.69
1012,16033,Clark County,2.749301861348893,37.0,294.54
1013,19109,Kossuth County,2.17439469847237,26.0,396.76
1014,72151,Yabucoa Municipio,1.0850599053020313,2.0,14.69
1015,38013,Burke County,11.02005699212971,12.0,105.57000000000001
1016,37063,Durham County,1.329379118325129,25.0,198.89000000000001
1017,19085,Harrison County,1.9109663286374046,31.0,448.34
1018,31103,Keya Paha County,1.94308687663213,30.0,443.04
1019,19187,Webster County,3.5181278365152417,13.0,543.61
1020,17151,Pope County,0.0720450014457362,10.0,107.82
1021,47159,Smith County,0.18295280054324672,18.0,191.59
1022,51089,Henry County,1.9612128431878542,19.0,220.82
1023,51510,Alexandria city,1.671348445695028,2.0,14.14
1024,19101,Jefferson County,3.439794734101828,9.0,243.27
1025,30049,Lewis and Clark County,2.4149637811568345,127.0,1172.73
1026,49013,Duchesne County,3.0813408217430838,67.0,762.38
1027,40003,Alfalfa County,1.0350958161718797,26.0,331.01
1028,48119,Delta County,5.380753770937182,5.0,30.99
1029,47169,Trousdale County,0.5395093847557773,7.0,51.6
1030,21193,Perry County,2.0100498204261976,9.0,373.18
1031,46039,Deuel County,0.054261696569405986,13.0,72.35
1032,41029,Jackson County,1.7679366392169356,95.0,883.3
1033,72067,Hormigueros Municipio,1.124981139427499,2.0,26.380000000000003
1034,48507,Zavala County,1.1826887997542876,5.0,110.96000000000001
1035,31007,Banner County,10.183396513333733,3.0,56.239999999999995
1036,19121,Madison County,1.8879827893636718,10.0,293.48
1037,12011,Broward County,1.5555840606201303,20.0,559.5
1038,13279,Toombs County,1.7060144436612783,8.0,253.66000000000003
1039,26151,Sanilac County,5.065440607097223,14.0,224.98
1040,48397,Rockwall County,7.676839966479462,3.0,18.86
1041,26163,Wayne County,1.1874104415430111,22.0,205.65
1042,18043,Floyd County,0.9239678993970384,7.0,135.75
1043,20129,Morton County,27.298791314506552,,
1044,21081,Grant County,0.8134142386011415,18.0,236.29
1045,21217,Taylor County,0.15749206511390973,10.0,391.24
1046,13115,Floyd County,2.2328531067024113,14.0,277.61
1047,32001,Churchill County,28.078702620915458,11.0,123.69
1048,24011,Caroline County,0.7781210089551521,15.0,113.31
1049,27041,Douglas County,4.458138299588295,21.0,117.15
1050,30043,Jefferson County,4.936366892589957,64.0,490.08
1051,51059,Fairfax County,2.948961451356053,20.0,202.5
1052,30023,Deer Lodge County,0.12747928733088681,50.0,419.19
1053,47001,Anderson County,0.9227279174976343,23.0,279.26
1054,37075,Graham County,0.6867462522183057,12.0,97.4
1055,54045,Logan County,0.8548488297414135,10.0,209.6
1056,54073,Pleasants County,2.4292348774610906,4.0,292.26
1057,51071,Giles County,0.2961278030077292,16.0,301.53000000000003
1058,54019,Fayette County,3.053798413451084,17.0,407.1
1059,53061,Snohomish County,2.859051597797038,60.0,732.83
1060,35015,Eddy County,3.6631084695570153,28.0,184.85
1061,31117,McPherson County,14.199854131862391,1.0,16.51
1062,31145,Red Willow County,4.459121074602718,10.0,218.92000000000002
1063,30051,Liberty County,22.365386166475265,20.0,205.51
1064,48131,Duval County,15.553345303022624,1.0,1.07
1065,29173,Ralls County,5.257813980200339,15.0,205.93
1066,48251,Johnson County,4.622815974473919,16.0,173.22
1067,13061,Clay County,0.9362700981630466,16.0,163.27
1068,41023,Grant County,1.7910113027180545,92.0,1153.32
1069,41011,Coos County,0.11659692584644116,66.0,681.99
1070,48159,Franklin County,6.192396566196926,9.0,119.3
1071,36113,Warren County,0.12789025682487315,67.0,475.90999999999997
1072,51113,Madison County,2.854531006824567,5.0,127.77999999999999
1073,40005,Atoka County,0.06362966256233514,28.0,455.35
1074,17129,Menard County,2.849743514025999,5.0,145.46
1075,13015,Bartow County,3.0422962411529615,20.0,288.67
1076,12069,Lake County,2.5351679348406173,35.0,283.55
1077,40111,Okmulgee County,3.9436047752399066,27.0,417.69
1078,38083,Sheridan County,15.756513225136256,3.0,65.77
1079,18049,Fulton County,4.931186418796478,10.0,108.85000000000001
1080,20091,Johnson County,1.5563622941483153,12.0,145.51
1081,24009,Calvert County,3.2648884489345917,8.0,212.78999999999996
1082,55129,Washburn County,0.5343438685141575,36.0,303.21
1083,53031,Jefferson County,2.584111827584772,47.0,665.57
1084,72003,Aguada Municipio,2.9898463405115083,1.0,28.11
1085,27169,Winona County,1.7962955303139823,26.0,277.32
1086,28149,Warren County,2.6209729636118637,28.0,556.64
1087,29003,Andrew County,1.2727138950716528,12.0,354.11999999999995
1088,29139,Montgomery County,1.9530443958355412,9.0,464.41999999999996
1089,20021,Cherokee County,2.1150253757731687,24.0,352.57
1090,37083,Halifax County,1.747893759047385,13.0,363.59000000000003
1091,35043,Sandoval County,9.825693669016154,33.0,450.45
1092,21051,Clay County,2.6878501880892016,11.0,207.98
1093,42035,Clinton County,0.17998100189122884,26.0,463.79
1094,13235,Pulaski County,0.101036054827419,8.0,322.41
1095,37015,Bertie County,1.4009882168455539,16.0,281.67
1096,37167,Stanly County,1.4485800024905535,17.0,254.91
1097,47143,Rhea County,3.8898179823255177,24.0,187.56
1098,37079,Greene County,2.251832403962333,8.0,177.92000000000002
1099,21131,Leslie County,0.06932369626004697,7.0,208.19
1100,24039,Somerset County,10.167593412372904,11.0,374.93
1101,17123,Marshall County,5.3238830820838805,20.0,149.7
1102,21143,Lyon County,1.9998401336869676,11.0,99.03
1103,48095,Concho County,13.865369011532923,11.0,304.93
1104,48081,Coke County,0.9268984006251932,10.0,210.65
1105,47133,Overton County,4.759277061660995,16.0,188.09
1106,26063,Huron County,0.8872105149154095,24.0,192.34
1107,26069,Iosco County,20.163795797480145,34.0,189.33
1108,13069,Coffee County,0.9800177472438353,11.0,581.66
1109,13299,Ware County,0.5351954236563085,13.0,435.43
1110,38037,Grant County,3.1592544345741005,18.0,810.84
1111,22051,Jefferson Parish,0.8027924920288124,30.0,406.68
1112,22103,St. Tammany Parish,4.860253213135416,32.0,542.73
1113,45045,Greenville County,3.8481616823417815,28.0,483.65
1114,46085,Lyman County,14.5283977313978,43.0,468.97999999999996
1115,55121,Trempealeau County,2.040706476239967,28.0,369.24
1116,06113,Yolo County,0.009807027239652254,18.0,343.45
1117,48431,Sterling County,26.22499148580388,,
1118,48495,Winkler County,50.201782431836286,,
1119,46071,Jackson County,2.6781572994609886,14.0,495.46000000000004
1120,49041,Sevier County,3.189988611182823,65.0,489.32
1121,51036,Charles City County,3.1760443462092725,8.0,91.23
1122,20197,Wabaunsee County,3.3804903589139976,22.0,367.19
1123,27055,Houston County,5.90575568725824,24.0,247.75
1124,21181,Nicholas County,2.3242615178159283,9.0,349.07
1125,25023,Plymouth County,7.7173793985912305,40.0,193.21
1126,36005,Bronx County,1.75336439319138,2.0,33.25
1127,37055,Dare County,19.61866251466085,5.0,48.870000000000005
1128,39103,Medina County,1.320478981546131,16.0,261.8
1129,42005,Armstrong County,0.23603154418812988,24.0,588.07
1130,34001,Atlantic County,2.0579364902472834,19.0,257.09000000000003
1131,55071,Manitowoc County,5.605962948925431,13.0,253.17
1132,55029,Door County,9.015983346409923,12.0,46.64
1133,37047,Columbus County,1.408133068074511,26.0,450.53000000000003
1134,39053,Gallia County,3.7558438280464577,15.0,353.03
1135,48441,Taylor County,7.229958136154025,9.0,36.58
1136,26085,Lake County,2.7311888642404925,11.0,227.76
1137,26139,Ottawa County,17.631512723581658,22.0,272.18
1138,17031,Cook County,0.16448263960459447,30.0,355.27
1139,17059,Gallatin County,1.8289197586300305,16.0,202.74
1140,45047,Greenwood County,0.9461701408680955,17.0,305.31
1141,20059,Franklin County,4.311397618588443,9.0,230.61999999999998
1142,27027,Clay County,1.370866011386786,11.0,617.22
1143,47075,Haywood County,5.821349356133286,29.0,274.12
1144,49003,Box Elder County,15.201178590604489,44.0,301.26
1145,28139,Tippah County,4.0251251426620005,14.0,158.28
1146,54051,Marshall County,1.4866107337421541,19.0,345.51
1147,54035,Jackson County,3.5031458427063025,18.0,378.74
1148,16039,Elmore County,0.13292418929912106,79.0,871.52
1149,24005,Baltimore County,3.4699246761240174,24.0,254.83
1150,38005,Benson County,14.916539162866236,11.0,218.89000000000001
1151,29163,Pike County,8.158982806787463,26.0,346.07
1152,39087,Lawrence County,2.6784702878703635,15.0,203.60999999999999
1153,29201,Scott County,0.6670037419862939,24.0,270.98
1154,39001,Adams County,2.5900492993931072,15.0,211.36
1155,48143,Erath County,15.071987327794279,12.0,188.67
1156,13137,Habersham County,1.1090943935132052,13.0,170.55
1157,13319,Wilkinson County,2.2434701022664756,9.0,276.64
1158,54061,Monongalia County,5.017209275669213,14.0,184.8
1159,39033,Crawford County,2.583832280950044,13.0,246.31
1160,12027,DeSoto County,0.07664853459576401,18.0,234.1
1161,39059,Guernsey County,2.249385766058896,26.0,253.51999999999998
1162,26015,Barry County,4.458255825168121,34.0,210.92
1163,29209,Stone County,3.422015399556274,22.0,253.09
1164,51760,Richmond city,0.11246861266060579,1.0,33.55
1165,37169,Stokes County,2.638796392801498,18.0,233.87
1166,19039,Clarke County,1.6320263430884472,7.0,188.89
1167,19065,Fayette County,2.750370400240474,14.0,393.52
1168,06041,Marin County,0.9229871558480444,13.0,71.49
1169,48381,Randall County,0.5320859907027199,6.0,62.33
1170,48401,Rusk County,2.380525730156695,40.0,593.1899999999999
1171,19181,Warren County,0.5566423911060316,19.0,417.42
1172,39161,Van Wert County,0.3654779515385589,15.0,237.6
1173,12043,Glades County,1.1542822754865596,31.0,302.14
1174,13199,Meriwether County,3.1598840796571808,19.0,400.89
1175,50023,Washington County,1.3803517581870481,19.0,221.78
1176,46093,Meade County,4.962987801318801,29.0,695.6
1177,29229,Wright County,0.44012538992855293,9.0,231.07
1178,30101,Toole County,25.476288945990685,11.0,148.69
1179,36107,Tioga County,0.7782365950103297,19.0,213.4
1180,48287,Lee County,1.8651401798661202,19.0,251.69
1181,13121,Fulton County,3.119109194288763,16.0,353.41
1182,48073,Cherokee County,4.70447928357978,36.0,553.9399999999999
1183,29007,Audrain County,2.5929384007512613,16.0,283.42
1184,45029,Colleton County,1.8723304271437242,23.0,437.88
1185,55055,Jefferson County,1.8860033195067054,26.0,354.95
1186,22107,Tensas Parish,0.055620353763414,25.0,441.36
1187,47123,Monroe County,0.9281876183741092,32.0,311.13
1188,20075,Hamilton County,1.4312305724545809,6.0,118.92999999999999
1189,19151,Pocahontas County,0.7462179402953855,11.0,434.2
1190,16045,Gem County,5.520030245859415,13.0,198.87
1191,05063,Independence County,1.3381956090182126,19.0,641.05
1192,05085,Lonoke County,2.407762630134602,35.0,433.48
1193,18111,Newton County,2.8332249295080327,24.0,173.51
1194,13119,Franklin County,3.442606476960645,12.0,214.25
1195,12051,Hendry County,16.989234098054247,14.0,202.42
1196,13265,Taliaferro County,5.3182554923582535,8.0,313.21
1197,48245,Jefferson County,1.8832781071125966,28.0,401.18
1198,30059,Meagher County,3.492574716385418,55.0,669.42
1199,29087,Holt County,4.345492275982566,24.0,291.82
1200,48295,Lipscomb County,4.200139693871372,9.0,94.32000000000001
1201,37065,Edgecombe County,3.5311769532846338,15.0,373.65
1202,48241,Jasper County,3.1210771119687384,39.0,483.75
1203,49001,Beaver County,30.777118561741695,22.0,102.24
1204,13213,Murray County,0.45522466239035897,18.0,187.3
1205,18075,Jay County,1.9406067724300962,9.0,154.01999999999998
1206,26117,Montcalm County,1.7762133404466924,24.0,317.51
1207,36083,Rensselaer County,0.16991943324001874,28.0,398.61999999999995
1208,12021,Collier County,15.885180762212004,12.0,167.62
1209,35031,McKinley County,12.70916419559199,19.0,63.79
1210,13017,Ben Hill County,5.301454077226288,7.0,443.64
1211,05077,Lee County,1.4887323255505922,21.0,388.82
1212,12003,Baker County,4.217579274519881,13.0,165.5
1213,13173,Lanier County,0.613721281438172,6.0,173.51
1214,20159,Rice County,3.0917194727714774,10.0,499.96000000000004
1215,01015,Calhoun County,2.762517893740086,16.0,231.82999999999998
1216,28059,Jackson County,0.10609247341479493,25.0,538.8199999999999
1217,21037,Campbell County,2.731917024654129,14.0,259.61
1218,21057,Cumberland County,1.7503404812415622,15.0,172.77
1219,28107,Panola County,1.9386626790467465,36.0,195.02
1220,48195,Hansford County,8.767607068420038,6.0,65.94
1221,48071,Chambers County,0.8273446603483037,23.0,311.65000000000003
1222,13239,Quitman County,4.179177673569737,14.0,94.35
1223,05031,Craighead County,2.5950164226791284,37.0,551.89
1224,29195,Saline County,3.187992941963281,22.0,462.25
1225,17193,White County,1.966937937415285,33.0,275.1
1226,17039,De Witt County,3.100089280093428,11.0,222.49
1227,32033,White Pine County,4.901604664047227,44.0,253.84
1228,27049,Goodhue County,2.8816392511926177,39.0,391.07
1229,37173,Swain County,0.8036096792241356,40.0,303.98
1230,12101,Pasco County,2.7360717550856295,8.0,183.08999999999997
1231,12119,Sumter County,0.5207208415385733,16.0,169.98999999999998
1232,36059,Nassau County,24.006846997934097,,
1233,38091,Steele County,8.87632251789506,6.0,224.66
1234,18163,Vanderburgh County,2.661232494263622,12.0,78.03
1235,29071,Franklin County,2.632629546873289,20.0,663.6899999999999
1236,37011,Avery County,0.045902672183715555,14.0,207.69
1237,54107,Wood County,0.24373016044659676,15.0,381.64
1238,55007,Bayfield County,11.081901470682546,65.0,434.41
1239,47161,Stewart County,1.1418824588623548,36.0,119.06
1240,55097,Portage County,4.552622506627742,31.0,327.49
1241,45063,Lexington County,1.7847323754228832,16.0,317.11
1242,24003,Anne Arundel County,3.4650184229292225,15.0,305.35
1243,55039,Fond du Lac County,0.6957166486807128,27.0,316.55
1244,22071,Orleans Parish,6.532086061188033,16.0,526.75
1245,01073,Jefferson County,2.381205128412586,19.0,664.84
1246,01127,Walker County,0.20713603383715828,16.0,474.77
1247,29063,DeKalb County,3.8662389024127033,6.0,138.72
1248,12039,Gadsden County,2.159964008807809,33.0,346.05
1249,13083,Dade County,0.4185220253992231,7.0,44.08
1250,28033,DeSoto County,0.5048267702076119,21.0,183.81
1251,51187,Warren County,0.3728544117339422,7.0,319.63
1252,17047,Edwards County,4.734730691686425,10.0,287.94
1253,47113,Madison County,0.09057177840759036,15.0,212.61
1254,69110,Saipan Municipality,5769.432074986431,,
1255,17125,Mason County,3.2321611298117463,14.0,392.97
1256,51197,Wythe County,1.577560737865364,7.0,265.51
1257,13303,Washington County,3.956339075483546,9.0,625.02
1258,53077,Yakima County,6.801125787548517,76.0,1219.74
1259,05143,Washington County,3.3753624532306463,35.0,418.08
1260,48213,Henderson County,2.141542999076008,47.0,416.90999999999997
1261,55035,Eau Claire County,5.332360018013509,35.0,345.15999999999997
1262,47153,Sequatchie County,3.1815059795643914,6.0,192.79000000000002
1263,48471,Walker County,1.8703831897854253,37.0,347.83000000000004
1264,04005,Coconino County,26.575529776598668,64.0,665.0899999999999
1265,12087,Monroe County,22.63976201758311,38.0,524.45
1266,39157,Tuscarawas County,4.332831785943054,25.0,384.47
1267,09110,Capitol Planning Region,0.4025145671677547,93.0,547.55
1268,09120,Greater Bridgeport Planning Region,1.623919013295943,18.0,101.84
1269,09130,Lower Connecticut River Valley Planning Region,1.931051268862299,35.0,230.93
1270,09140,Naugatuck Valley Planning Region,2.855638616827022,37.0,299.6
1271,09150,Northeastern Connecticut Planning Region,1.3455714821076243,52.0,277.83
1272,09160,Northwest Hills Planning Region,2.681335491182195,79.0,470.62
1273,09170,South Central Connecticut Planning Region,1.7706417654898705,31.0,195.5
1274,09180,Southeastern Connecticut Planning Region,1.7360121889752214,64.0,345.62
1275,09190,Western Connecticut Planning Region,0.09583874005954776,54.0,269.23
1276,51710,Norfolk city,8.538180977999664,2.0,89.69
1277,48389,Reeves County,16.4912969394522,13.0,448.33
1278,51155,Pulaski County,1.8498152665976588,14.0,382.39
1279,37179,Union County,1.8583007854190354,19.0,288.87
1280,38053,McKenzie County,2.4597484743700164,63.0,531.4
1281,12091,Okaloosa County,3.886345101233244,18.0,335.77
1282,06001,Alameda County,1.4997571230746136,21.0,113.7
1283,17013,Calhoun County,3.6644875675387003,15.0,312.84
1284,18085,Kosciusko County,0.21281307792985324,35.0,171.17000000000002
1285,28103,Noxubee County,0.3605058780333257,21.0,204.04000000000002
1286,05147,Woodruff County,1.8874053741982593,20.0,708.28
1287,34015,Gloucester County,4.7318021742742875,10.0,84.67
1288,33011,Hillsborough County,3.012342285996922,73.0,460.13
1289,30045,Judith Basin County,0.056532518161328336,39.0,573.78
1290,37121,Mitchell County,0.19879802844407768,7.0,114.27
1291,30077,Powell County,0.0800716599084683,79.0,907.23
1292,41053,Polk County,0.4078093894855078,16.0,480.94
1293,41065,Wasco County,3.7542123909241267,37.0,1017.01
1294,46105,Perkins County,2.0960306174668624,41.0,1028.09
1295,19173,Taylor County,3.6212123210201974,15.0,202.78
1296,01129,Washington County,1.647869069269718,22.0,539.22
1297,39039,Defiance County,1.0659085076882566,14.0,272.82
1298,54025,Greenbrier County,6.794335076830716,23.0,456.57
1299,17121,Marion County,0.5055954829078598,18.0,266.73
1300,51051,Dickenson County,1.8203102047228557,16.0,139.31
1301,51007,Amelia County,2.2063225121983203,15.0,189.17
1302,13243,Randolph County,1.646696197478509,10.0,179.04
1303,35029,Luna County,72.09423021943115,,
1304,48355,Nueces County,0.813768436516332,13.0,510.96000000000004
1305,56045,Weston County,9.375246841595951,20.0,184.37
1306,72137,Toa Baja Municipio,3.4249385725086503,2.0,75.55
1307,17187,Warren County,1.2811589453145098,10.0,238.43
1308,01089,Madison County,3.4930658522450733,30.0,332.81
1309,47189,Wilson County,4.733259653193839,28.0,257.44
1310,48063,Camp County,3.0003170079649863,13.0,96.48
1311,40067,Jefferson County,2.946311673773954,21.0,358.14
1312,54085,Ritchie County,2.33216173367163,8.0,162.7
1313,19145,Page County,2.3715934091659854,13.0,380.0
1314,20087,Jefferson County,2.909258628160915,23.0,323.40999999999997
1315,22045,Iberia Parish,0.8776638781873027,25.0,393.68
1316,02158,Kusilvak Census Area,2.313985528657799,548.0,6047.58
1317,37133,Onslow County,2.9900899285171887,14.0,271.93
1318,01049,DeKalb County,1.6865863487181723,19.0,328.39
1319,36101,Steuben County,4.909049302457621,39.0,447.49
1320,42053,Forest County,3.0813187483213245,18.0,480.49999999999994
1321,22105,Tangipahoa Parish,4.110226834946069,33.0,366.71
1322,51179,Stafford County,2.9973842020919323,11.0,169.66
1323,26109,Menominee County,2.2849360587941727,30.0,442.25
1324,18073,Jasper County,0.8019752692763685,22.0,236.02
1325,13025,Brantley County,4.5928639693637585,6.0,251.61999999999998
1326,13171,Lamar County,1.5127596286088854,13.0,198.28
1327,18151,Steuben County,4.259632422156688,27.0,104.8
1328,48361,Orange County,0.3830805112100739,15.0,251.8
1329,39047,Fayette County,0.13290516296930663,9.0,243.69
1330,25015,Hampshire County,1.3461355142311415,42.0,428.92
1331,21003,Allen County,2.775189730559042,21.0,264.7
1332,37001,Alamance County,2.0629767018699128,15.0,237.8
1333,20073,Greenwood County,2.5950679365756844,31.0,354.3
1334,54031,Hardy County,6.716793894800281,11.0,381.11
1335,72001,Adjuntas Municipio,1.6105321068408431,9.0,70.89
1336,55089,Ozaukee County,22.19509876168233,9.0,168.67
1337,47163,Sullivan County,1.5321248024409304,30.0,213.62
1338,45059,Laurens County,0.6578710631008315,23.0,464.11
1339,56011,Crook County,3.6769494128721387,50.0,610.03
1340,55117,Sheboygan County,6.375508877784007,13.0,198.51
1341,25013,Hampden County,1.2652425776161103,59.0,458.17
1342,48055,Caldwell County,1.464299699430638,5.0,103.61
1343,20029,Cloud County,5.54691478498766,21.0,445.84999999999997
1344,06027,Inyo County,20.168558216514658,71.0,497.71999999999997
1345,01037,Coosa County,0.3735074548432589,26.0,226.43
1346,55123,Vernon County,4.259941174065123,25.0,312.38
1347,29093,Iron County,3.739673848899708,18.0,276.15
1348,48223,Hopkins County,1.2441580548792994,16.0,141.59
1349,36001,Albany County,2.18068542680663,28.0,490.72999999999996
1350,48225,Houston County,1.775031321425989,34.0,537.8199999999999
1351,39111,Monroe County,0.2152599410286408,10.0,347.15
1352,20165,Rush County,6.943544296623056,3.0,172.08
1353,18107,Montgomery County,1.0021573723055082,11.0,237.82999999999998
1354,20187,Stanton County,19.37609058571507,1.0,0.18
1355,21129,Lee County,2.3647515078303667,10.0,576.22
1356,27071,Koochiching County,3.4236089957712963,62.0,1066.44
1357,48029,Bexar County,2.8289174175191496,14.0,531.48
1358,08013,Boulder County,0.1831658618706804,20.0,318.84
1359,47089,Jefferson County,1.2236693892708295,8.0,196.75
1360,40097,Mayes County,5.613080386057112,24.0,231.82
1361,37093,Hoke County,0.8394313384614852,17.0,324.45
1362,31131,Otoe County,3.924465788572555,12.0,279.21
1363,42023,Cameron County,1.3846285250963937,17.0,198.34
1364,45035,Dorchester County,0.9441099410289087,10.0,269.83
1365,27161,Waseca County,0.35406961481889293,14.0,180.16
1366,46015,Brule County,9.75794597742271,18.0,111.84
1367,47177,Warren County,0.11582496602124369,16.0,249.66
1368,17023,Clark County,3.7156891804016707,15.0,241.52999999999997
1369,21201,Robertson County,0.3762110973994015,4.0,282.18
1370,47095,Lake County,2.8246827134206414,15.0,71.06
1371,45015,Berkeley County,0.18127025390049048,19.0,349.83000000000004
1372,05051,Garland County,0.0714279659875994,41.0,250.91
1373,20139,Osage County,3.3590790319530224,14.0,292.43
1374,39155,Trumbull County,0.452024498233271,31.0,276.92
1375,48333,Mills County,4.962729731511835,8.0,388.26
1376,48359,Oldham County,12.26827700210255,47.0,48.43
1377,42019,Butler County,2.3421330028281826,21.0,483.71
1378,16049,Idaho County,2.9323436079052407,149.0,2334.32
1379,20115,Marion County,1.2314406746051931,27.0,346.62
1380,51029,Buckingham County,0.9729923641619387,17.0,474.13
1381,36099,Seneca County,2.3985949125668915,19.0,133.44
1382,21125,Laurel County,5.2949583601658805,22.0,340.26
1383,47121,Meigs County,3.641420177974473,19.0,128.53
1384,29213,Taney County,0.7008154581095533,27.0,216.28
1385,13269,Taylor County,2.6929496854145336,5.0,278.46999999999997
1386,51830,Williamsburg city,1.4547520095797815,3.0,16.07
1387,48415,Scurry County,5.6168513632347965,7.0,136.67000000000002
1388,08047,Gilpin County,2.9427322763459265,6.0,52.42
1389,40087,McClain County,3.904141754235723,23.0,278.02
1390,54071,Pendleton County,1.938590862112893,11.0,295.63
1391,51139,Page County,4.579227413549436,3.0,136.0
1392,40079,Le Flore County,2.961598422494186,53.0,596.98
1393,54089,Summers County,0.44215134166112463,15.0,356.49
1394,37119,Mecklenburg County,1.1309436713735608,39.0,334.65
1395,34013,Essex County,1.447436763450833,3.0,108.94
1396,29115,Linn County,1.9181049964281314,11.0,323.25
1397,13209,Montgomery County,2.56824424434872,7.0,448.41
1398,41055,Sherman County,2.0137721811126506,16.0,596.16
1399,54053,Mason County,1.5907130569268033,20.0,292.32
1400,54021,Gilmer County,1.3456323476476593,10.0,280.71
1401,28063,Jefferson County,2.562174116473732,18.0,306.5
1402,38079,Rolette County,4.906731777289335,6.0,148.84
1403,30103,Treasure County,7.136252576175093,12.0,606.1
1404,21049,Clark County,1.3714077314382505,9.0,414.09
1405,72101,Morovis Municipio,1.1912516489682756,7.0,72.78
1406,26005,Allegan County,9.498998271116493,39.0,260.33
1407,47005,Benton County,2.325814577631455,36.0,212.47
1408,27015,Brown County,0.6853471294039036,20.0,513.1899999999999
1409,47137,Pickett County,0.21460075278220217,18.0,89.48
1410,51109,Louisa County,3.8490377049795965,17.0,276.98
1411,18145,Shelby County,0.3124434833581382,9.0,400.06
1412,30091,Sheridan County,0.761317956122302,30.0,286.08
1413,31063,Frontier County,1.549199358024509,19.0,212.81
1414,72089,Luquillo Municipio,4.576068415528825,3.0,9.22
1415,01007,Bibb County,0.12738104987941554,17.0,489.94
1416,28075,Lauderdale County,0.568965593819041,18.0,288.0
1417,27011,Big Stone County,3.1278726649995687,31.0,101.21
1418,27013,Blue Earth County,1.54681888378398,24.0,665.46
1419,51091,Highland County,4.865376904134874,12.0,229.47
1420,51177,Spotsylvania County,1.0796858248048342,14.0,340.27
1421,33017,Strafford County,2.89566415078633,37.0,217.46
1422,13153,Houston County,2.9289341331461882,6.0,365.24
1423,02130,Ketchikan Gateway Borough,1.9533688384694365,286.0,1270.93
1424,26035,Clare County,4.711860642418348,23.0,297.86
1425,20157,Republic County,1.3277849855171915,21.0,299.98
1426,12127,Volusia County,8.517854694210994,29.0,244.13
1427,40017,Canadian County,1.7375141552204152,17.0,603.95
1428,72115,Quebradillas Municipio,3.464517352083273,3.0,16.85
1429,35019,Guadalupe County,5.385890374892752,10.0,213.35999999999999
1430,21163,Meade County,5.507566077369058,16.0,136.49
1431,21179,Nelson County,1.5344975366083922,17.0,500.87
1432,21187,Owen County,1.207610797263568,15.0,463.06
1433,19041,Clay County,5.435002375685664,22.0,256.76
1434,30025,Fallon County,4.354629170655892,16.0,405.95
1435,46107,Potter County,13.986125907695767,11.0,80.5
1436,48109,Culberson County,44.358875841853106,5.0,55.6
1437,23005,Cumberland County,1.7272972493645982,70.0,416.3
1438,48013,Atascosa County,26.626326852582512,2.0,48.269999999999996
1439,20095,Kingman County,5.110757143028584,17.0,290.39
1440,06093,Siskiyou County,4.673610454382113,84.0,1017.24
1441,46037,Day County,22.77430877858602,4.0,48.4
1442,48375,Potter County,3.2963359395838236,24.0,73.29
1443,40133,Seminole County,0.8192373627531325,17.0,561.6
1444,45003,Aiken County,3.673428334921824,22.0,518.27
1445,60020,Manu'a District,3719.4925834851006,,
1446,06045,Mendocino County,0.12460661542606281,56.0,1083.24
1447,51550,Chesapeake city,2.7462352064048705,15.0,96.89999999999999
1448,69120,Tinian Municipality,5802.273058150991,,
1449,72153,Yauco Municipio,0.11547276524189362,4.0,30.83
1450,56037,Sweetwater County,3.0238251343782383,71.0,665.53
1451,48169,Garza County,4.009212558460649,2.0,58.19
1452,42119,Union County,1.8441674605925504,9.0,303.52
1453,51041,Chesterfield County,1.36867527748164,21.0,218.45999999999998
1454,08023,Costilla County,5.434189858012309,30.0,332.7
1455,48099,Coryell County,4.345047517590518,14.0,356.99
1456,19001,Adair County,1.5154502299931356,12.0,297.97
1457,13053,Chattahoochee County,0.21312259009350043,10.0,107.78999999999999
1458,06043,Mariposa County,5.913379093187602,20.0,266.54
1459,29089,Howard County,2.1460355401707747,9.0,389.82
1460,41047,Marion County,2.7258142112555386,31.0,568.41
1461,55079,Milwaukee County,24.324142596395696,11.0,184.99
1462,27139,Scott County,0.8917788255526838,15.0,295.78
1463,39129,Pickaway County,0.4049015001099947,16.0,435.68
1464,51145,Powhatan County,2.219795954889191,10.0,344.21
1465,08014,Broomfield County,3.396123304413434,1.0,8.34
1466,47099,Lawrence County,2.4867940434307787,20.0,360.49
1467,18147,Spencer County,2.5339621404965182,21.0,202.82999999999998
1468,21099,Hart County,2.854386612281984,12.0,420.41
1469,21137,Lincoln County,0.17057806076256252,9.0,245.86
1470,30005,Blaine County,11.723330036452106,34.0,577.93
1471,41003,Benton County,0.4854572024825687,23.0,465.95
1472,27133,Rock County,2.873475796203265,16.0,179.55
1473,42063,Indiana County,2.0033566310284825,25.0,448.36
1474,22061,Lincoln Parish,0.6675877824232583,18.0,296.86
1475,42099,Perry County,3.1629114021348266,10.0,231.31
1476,46137,Ziebach County,19.027966605003858,24.0,501.34
1477,48203,Harrison County,3.5758278704287223,34.0,527.42
1478,26013,Baraga County,1.0181045086062046,60.0,426.11
1479,40131,Rogers County,4.356272548270164,12.0,363.23
1480,29019,Boone County,2.598063848994993,14.0,527.71
1481,72097,Mayagüez Municipio,46.80521339155634,6.0,73.06
1482,40015,Caddo County,4.731692368947,35.0,785.98
1483,08059,Jefferson County,0.19416613494406046,36.0,402.71
1484,54011,Cabell County,0.11909923302395321,11.0,263.82
1485,48383,Reagan County,22.06815931561117,1.0,2.29
1486,05141,Van Buren County,1.0383497837142468,32.0,343.78
1487,08117,Summit County,3.530842370911018,19.0,124.00999999999999
1488,20035,Cowley County,1.5664621626004056,23.0,696.11
1489,05071,Johnson County,2.057412209388663,42.0,301.85
1490,36041,Hamilton County,0.30701744252946445,207.0,1031.06
1491,51045,Craig County,1.5924957348649218,6.0,186.23
1492,48083,Coleman County,5.441560797225105,14.0,292.26000000000005
1493,02290,Yukon-Koyukuk Census Area,0.6453076385499266,5419.0,60415.48
1494,04017,Navajo County,38.37915212000003,52.0,576.1
1495,28085,Lincoln County,0.7750590240392342,21.0,266.12
1496,48357,Ochiltree County,2.751599089987461,2.0,69.01
1497,48103,Crane County,17.737898210902152,2.0,396.95
1498,56003,Big Horn County,0.7433044378910771,80.0,816.98
1499,46003,Aurora County,17.79961383334259,1.0,1.85
1500,02013,Aleutians East Borough,2.1373269159663306,326.0,2103.2599999999998
1501,31061,Franklin County,4.658947183541412,11.0,74.95
1502,24029,Kent County,0.6715056419207791,10.0,174.95
1503,20037,Crawford County,3.4617233489984334,9.0,140.11
1504,27023,Chippewa County,2.2608311543066186,18.0,289.85
1505,46103,Pennington County,7.223662717758003,41.0,889.3199999999999
1506,45049,Hampton County,5.779506032013394,9.0,396.25
1507,16043,Fremont County,4.109892272675941,47.0,420.11
1508,13029,Bryan County,3.6612282816408155,12.0,430.11
1509,51053,Dinwiddie County,1.0668590654862786,18.0,283.51
1510,12111,St. Lucie County,1.0152697621083735,12.0,349.85999999999996
1511,36055,Monroe County,1.8562467329904104,26.0,523.48
1512,46083,Lincoln County,10.88071876280774,6.0,129.24
1513,55017,Chippewa County,1.4441288668313441,53.0,485.14
1514,55073,Marathon County,4.682586857031918,63.0,628.09
1515,32007,Elko County,6.900804400870457,316.0,2007.0
1516,54007,Braxton County,1.269177514038097,21.0,544.31
1517,26165,Wexford County,4.779323612630914,18.0,252.75
1518,48079,Cochran County,29.360373388938857,1.0,0.7
1519,42013,Blair County,3.923736568594927,16.0,178.34
1520,29085,Hickory County,0.11179160521936153,14.0,234.15
1521,29009,Barry County,1.3923958851716498,16.0,188.5
1522,27123,Ramsey County,8.128183012186833,1.0,181.02
1523,05081,Little River County,3.4012183272912084,55.0,378.88
1524,32019,Lyon County,2.296082602724377,26.0,268.4
1525,12071,Lee County,6.968322842937294,11.0,226.95000000000002
1526,41033,Josephine County,1.1802651398747164,48.0,556.37
1527,72091,Manatí Municipio,3.0546397659468116,1.0,16.91
1528,28113,Pike County,3.2461263340990154,11.0,124.3
1529,47031,Coffee County,0.6142678828659334,21.0,410.1
1530,48439,Tarrant County,1.7256351851768865,47.0,356.91
1531,24033,Prince George's County,4.674301997859468,16.0,220.44
1532,51169,Scott County,2.004069592897768,19.0,425.31
1533,48239,Jackson County,4.000423148538808,21.0,409.71999999999997
1534,40085,Love County,3.7275480112966504,25.0,190.6
1535,13289,Twiggs County,0.2847443744249538,10.0,451.17
1536,39099,Mahoning County,5.101126133643155,26.0,216.9
1537,01087,Macon County,5.275953435848254,12.0,341.07
1538,17191,Wayne County,0.7409215498428121,35.0,432.42
1539,48437,Swisher County,0.6651422973860067,2.0,18.84
1540,29151,Osage County,7.953248185953334,12.0,689.04
1541,17089,Kane County,0.31812655621894925,11.0,267.51
1542,06017,El Dorado County,1.3801098869374735,53.0,708.54
1543,45055,Kershaw County,8.053155760376553,20.0,389.47999999999996
1544,37073,Gates County,1.224107774203733,10.0,82.97
1545,08089,Otero County,2.0686783640613475,9.0,363.97
1546,41019,Douglas County,3.066204724320778,152.0,1735.27
1547,50003,Bennington County,0.7399188711646394,47.0,386.74
1548,12019,Clay County,0.537653500451477,17.0,182.65
1549,37183,Wake County,3.5679480644598076,25.0,385.59999999999997
1550,39061,Hamilton County,3.6276493092219226,20.0,363.5
1551,34003,Bergen County,1.66610765012915,17.0,156.02
1552,32017,Lincoln County,14.915677223314706,34.0,148.45
1553,02180,Nome Census Area,0.5365020027674675,1019.0,9453.24
1554,55061,Kewaunee County,15.179978909997066,8.0,107.33
1555,48369,Parmer County,49.08012311911503,,
1556,40151,Woods County,2.5895044866479,22.0,490.34000000000003
1557,21063,Elliott County,0.3532970726042742,15.0,162.44
1558,25003,Berkshire County,2.7264158597302606,82.0,468.31
1559,29041,Chariton County,0.22404357132746133,27.0,869.23
1560,08103,Rio Blanco County,2.440808248249525,71.0,761.7
1561,08087,Morgan County,0.8590343027560594,12.0,261.21000000000004
1562,41045,Malheur County,1.8202902101891327,165.0,1131.6200000000001
1563,34023,Middlesex County,2.594115598715938,16.0,178.72
1564,20191,Sumner County,5.48896190829427,24.0,606.82
1565,26127,Oceana County,3.716198835329383,27.0,185.94
1566,27065,Kanabec County,2.1865202042107557,25.0,285.26
1567,39007,Ashtabula County,2.8590025361614364,37.0,303.06
1568,06003,Alpine County,4.8082282164849905,20.0,203.92
1569,48167,Galveston County,5.459803757515872,12.0,443.08000000000004
1570,01011,Bullock County,0.6689078214282492,17.0,370.58
1571,17105,Livingston County,3.5893723482632165,16.0,356.93
1572,39135,Preble County,0.7536468759595712,16.0,167.99
1573,39079,Jackson County,0.21763946422233216,11.0,213.48999999999998
1574,48201,Harris County,3.815975025547197,61.0,686.41
1575,25017,Middlesex County,1.867755601957138,69.0,479.95
1576,72145,Vega Baja Municipio,2.4454405234167824,4.0,29.42
1577,48115,Dawson County,2.6593266923728383,2.0,0.65
1578,36069,Ontario County,2.5550875957284567,31.0,312.82
1579,01001,Autauga County,3.8597762892245604,26.0,307.86
1580,39049,Franklin County,0.3873850519055498,11.0,405.44
1581,49021,Iron County,21.092128673240193,23.0,146.29
1582,32009,Esmeralda County,19.964254019041164,16.0,41.6
1583,26083,Keweenaw County,30.42201863613486,19.0,80.81
1584,49039,Sanpete County,3.11069307633254,46.0,404.82
1585,20093,Kearny County,9.440512948896442,6.0,95.38
1586,12009,Brevard County,0.9497884952228157,20.0,205.12
1587,18105,Monroe County,2.6318734400325763,16.0,595.0699999999999
1588,19117,Lucas County,2.6029673885431412,9.0,223.85
1589,21239,Woodford County,1.897000246534856,7.0,316.33
1590,17085,Jo Daviess County,2.318482998523205,32.0,235.64000000000001
1591,18059,Hancock County,0.6130331319300749,6.0,216.35
1592,51620,Franklin city,1.1980370239660165,2.0,92.48
1593,48329,Midland County,24.04641796620493,1.0,3.92
1594,20171,Scott County,20.551750270229604,2.0,17.84
1595,30013,Cascade County,2.592117434276058,43.0,905.21
1596,51660,Harrisonburg city,7.377777924062487,,
1597,17199,Williamson County,1.693892983220117,23.0,260.07
1598,30029,Flathead County,5.588962442766227,173.0,1491.69
1599,72111,Peñuelas Municipio,0.36129975973268735,3.0,11.530000000000001
1600,20189,Stevens County,30.91249467066427,,
1601,29155,Pemiscot County,2.7913181236602327,29.0,328.76
1602,31125,Nance County,1.0313276559457643,13.0,239.12
1603,55078,Menominee County,1.3714638892229851,20.0,393.32
1604,48365,Panola County,0.3608471209391295,18.0,430.31
1605,21011,Bath County,0.6682873786140107,10.0,370.45
1606,48001,Anderson County,3.8256850456210802,32.0,572.45
1607,51033,Caroline County,2.2311413396994,32.0,537.51
1608,19167,Sioux County,4.292948647818054,18.0,432.81
1609,06021,Glenn County,10.83425455302392,39.0,431.11
1610,29510,St. Louis city,5.734385444684026,2.0,92.69
1611,13111,Fannin County,1.041140235754098,16.0,190.12
1612,72055,Guánica Municipio,9.911622994829683,,
1613,24019,Dorchester County,0.25551552360261093,22.0,313.53999999999996
1614,42037,Columbia County,2.0225571362323485,16.0,380.02000000000004
1615,39023,Clark County,2.002726443711852,12.0,267.17
1616,48323,Maverick County,14.395525909145029,7.0,200.56
1617,04019,Pima County,55.4785178786431,12.0,64.47999999999999
1618,35006,Cibola County,26.749157059453843,20.0,106.3
1619,34005,Burlington County,5.359551961855807,57.0,278.14
1620,50021,Rutland County,0.02543704323832603,58.0,574.92
1621,13099,Early County,0.4871748096676495,10.0,149.82
1622,31149,Rock County,8.864325778565089,15.0,450.02000000000004
1623,47085,Humphreys County,4.504274060675126,24.0,511.3
1624,26051,Gladwin County,2.375942776036741,32.0,246.68
1625,21173,Montgomery County,2.8879290843715344,6.0,173.38
1626,45057,Lancaster County,6.602178699530653,31.0,322.7
1627,21123,Larue County,1.0526800324818522,14.0,268.25
1628,19193,Woodbury County,0.6320146875496908,33.0,620.83
1629,12123,Taylor County,4.515335619638711,10.0,211.93
1630,17003,Alexander County,0.08497199516601582,23.0,140.23
1631,29099,Jefferson County,7.4864162112833155,19.0,383.12
1632,29113,Lincoln County,1.0527880054110352,22.0,292.85
1633,13051,Chatham County,3.629805974720987,14.0,503.71999999999997
1634,12125,Union County,3.1455063425691123,6.0,151.95
1635,36037,Genesee County,0.21337922309266863,17.0,359.87
1636,18019,Clark County,3.772216404945953,9.0,82.32000000000001
1637,21021,Boyle County,0.6399203250128817,11.0,393.71999999999997
1638,21065,Estill County,0.583649004534885,7.0,323.57
1639,48087,Collingsworth County,1.0747426854513893,18.0,121.31
1640,48089,Colorado County,2.920051475459744,13.0,598.8299999999999
1641,17063,Grundy County,0.5892809647118827,20.0,302.44
1642,27081,Lincoln County,2.6102178175783113,13.0,117.04
1643,13109,Evans County,2.9238548492975034,3.0,166.19
1644,48497,Wise County,0.7607663498117406,22.0,219.85
1645,02050,Bethel Census Area,0.5594062643166655,2601.0,19456.5
1646,49033,Rich County,1.4601511841699477,27.0,158.74
1647,28117,Prentiss County,2.6787291260152735,16.0,144.93
1648,21235,Whitley County,1.179462328679808,22.0,257.96
1649,18149,Starke County,2.8489322704978894,8.0,156.32
1650,48491,Williamson County,0.38831775978536864,16.0,300.98
1651,72109,Patillas Municipio,3.4156605873632193,4.0,10.870000000000001
1652,19131,Mitchell County,5.955914369848519,8.0,205.68
1653,13107,Emanuel County,3.3825162442431225,10.0,665.38
1654,22025,Catahoula Parish,3.312372522538226,52.0,711.19
1655,42025,Carbon County,0.39063321706175463,28.0,191.1
1656,31133,Pawnee County,0.45822553884673334,14.0,175.88
1657,47171,Unicoi County,1.2696424784237834,7.0,141.32
1658,45083,Spartanburg County,2.1007173307623335,23.0,440.93
1659,72051,Dorado Municipio,0.6382376982077064,1.0,52.71
1660,47041,DeKalb County,0.2674368128895449,24.0,203.91
1661,36029,Erie County,1.289914514594032,28.0,532.61
1662,24031,Montgomery County,1.2255476578332343,21.0,204.82
1663,53021,Franklin County,8.936326219876179,9.0,385.21999999999997
1664,19093,Ida County,4.256996666055618,5.0,205.17000000000002
1665,20173,Sedgwick County,0.02181107675489653,28.0,650.8100000000001
1666,48453,Travis County,0.06704513140956221,20.0,600.42
1667,12057,Hillsborough County,0.08018460590376368,41.0,491.68
1668,34021,Mercer County,1.6127376508148576,14.0,264.40999999999997
1669,31023,Butler County,4.819926899798989,15.0,384.99
1670,42129,Westmoreland County,1.326350929988227,29.0,667.89
1671,12015,Charlotte County,0.48889076547715904,17.0,355.36
1672,19029,Cass County,4.706057644016466,8.0,285.36
1673,39107,Mercer County,0.0463654208281317,12.0,155.96
1674,21073,Franklin County,0.6796266258848723,10.0,420.59000000000003
1675,23009,Hancock County,5.004010438739778,156.0,580.36
1676,23013,Knox County,13.52051054513391,26.0,121.42
1677,13217,Newton County,0.9249102881585057,19.0,340.95
1678,46049,Faulk County,18.088589926150394,5.0,6.29
1679,26061,Houghton County,1.4220685149137269,32.0,296.89
1680,30061,Mineral County,1.5873082496693083,18.0,369.14
1681,47051,Franklin County,2.098229995489284,28.0,252.84
1682,22029,Concordia Parish,0.2273939788576703,18.0,428.09999999999997
1683,22063,Livingston Parish,1.7566575038819028,43.0,427.19
1684,25009,Essex County,1.9315662211719686,25.0,187.55
1685,46019,Butte County,10.59283096499311,25.0,330.21
1686,08035,Douglas County,3.687196491864751,21.0,294.38
1687,45079,Richland County,2.1841451749398906,28.0,464.47
1688,18095,Madison County,4.803053504413618,10.0,580.88
1689,40099,Murray County,3.23443513022554,18.0,501.77
1690,54009,Brooke County,2.459275815091194,16.0,236.82
1691,54013,Calhoun County,3.2314975145060796,8.0,218.77
1692,51021,Bland County,1.192733241220175,11.0,286.55
1693,30111,Yellowstone County,1.3778962791636342,36.0,896.61
1694,54043,Lincoln County,0.12211606768664102,9.0,295.94
1695,06033,Lake County,7.464918998003151,28.0,448.42
1696,13131,Grady County,2.7489220561108514,9.0,168.07
1697,08021,Conejos County,0.5114088311206195,24.0,385.34
1698,49037,San Juan County,15.137991023868466,95.0,860.34
1699,18133,Putnam County,0.6580970816496683,18.0,269.1
1700,47015,Cannon County,2.369741429092622,13.0,134.35
1701,23007,Franklin County,1.6633956615679444,92.0,650.04
1702,21165,Menifee County,2.1614381962275795,9.0,151.47
1703,46089,McPherson County,32.185606275553525,6.0,3.8600000000000003
1704,08051,Gunnison County,3.981767181239151,111.0,1027.94
1705,26029,Charlevoix County,21.991681988789384,17.0,122.19
1706,27151,Swift County,1.4734819206383003,22.0,243.96
1707,39147,Seneca County,0.47381274586164474,20.0,374.83
1708,13267,Tattnall County,3.0805061493367543,12.0,381.09000000000003
1709,48429,Stephens County,4.088625073787338,19.0,376.13
1710,37117,Martin County,4.785953869563453,13.0,247.94
1711,30081,Ravalli County,2.876911520479584,65.0,669.4
1712,13317,Wilkes County,0.032701200246698446,20.0,238.23
1713,53043,Lincoln County,0.593804781553183,51.0,460.76
1714,06081,San Mateo County,3.2715902934455428,9.0,58.87
1715,39171,Williams County,2.7484268430883088,19.0,248.03
1716,20207,Woodson County,1.2975989055435535,15.0,393.65
1717,21157,Marshall County,1.7614104106078474,15.0,179.22
1718,13065,Clinch County,1.6030135027366323,6.0,179.78
1719,13185,Lowndes County,3.2718482716343553,8.0,297.97999999999996
1720,15005,Kalawao County,5.164545878987651,1.0,4.64
1721,15007,Kauai County,3.189792278614992,46.0,255.28
1722,26099,Macomb County,1.8698798715753202,24.0,237.39
1723,13287,Turner County,2.187473994026989,5.0,222.32999999999998
1724,17079,Jasper County,0.8625786511289817,16.0,253.57999999999998
1725,48331,Milam County,1.0784720210726586,15.0,484.3
1726,51049,Cumberland County,4.7656616435847,14.0,474.62
1727,45085,Sumter County,0.26247219764010343,35.0,493.03
1728,02164,Lake and Peninsula Borough,2.5437649109858014,1695.0,10652.15
1729,54109,Wyoming County,2.7612854912005944,17.0,306.95
1730,06029,Kern County,1.1854847842845926,24.0,588.39
1731,48097,Cooke County,1.096170027790788,32.0,297.73
1732,45075,Orangeburg County,0.6965693762208186,25.0,524.9
1733,55119,Taylor County,2.1077879956722136,47.0,541.01
1734,27099,Mower County,0.05846167208666752,22.0,257.79
1735,27101,Murray County,0.47292426401511034,26.0,221.45
1736,44007,Providence County,2.8817593917747297,68.0,183.84
1737,29161,Phelps County,5.7298008341002955,16.0,441.55
1738,08095,Phillips County,33.73435379977511,,
1739,05013,Calhoun County,2.270316738711617,26.0,268.87
1740,29141,Morgan County,3.850107594318537,22.0,352.28999999999996
1741,39075,Holmes County,0.29384817982757117,14.0,214.09
1742,19143,Osceola County,1.5356850983857782,6.0,142.91
1743,18079,Jennings County,1.3282648083407493,9.0,311.31
1744,16083,Twin Falls County,5.886271382569922,37.0,354.78000000000003
1745,17165,Saline County,1.45194151786326,12.0,157.98000000000002
1746,26077,Kalamazoo County,3.21928321497231,30.0,241.17
1747,45061,Lee County,2.1390101267010637,7.0,225.43999999999997
1748,56019,Johnson County,2.40637702227614,83.0,1039.1
1749,18027,Daviess County,1.8620207582944563,16.0,676.55
1750,26055,Grand Traverse County,5.153886874727409,25.0,136.85
1751,22003,Allen Parish,1.664895286210292,23.0,489.21
1752,46065,Hughes County,8.826233052243214,31.0,106.56
1753,46069,Hyde County,14.462544162162141,5.0,4.07
1754,45027,Clarendon County,5.019194924677348,11.0,315.76
1755,30095,Stillwater County,2.20827883084976,54.0,1001.85
1756,47007,Bledsoe County,0.8991027030002297,13.0,309.23
1757,21219,Todd County,0.23972619638439704,14.0,260.24
1758,47183,Weakley County,0.5276798816640116,21.0,266.93
1759,29077,Greene County,3.0179746334746342,20.0,287.45
1760,51685,Manassas Park city,1.3059857064706137,,
1761,51013,Arlington County,3.265689139143925,2.0,2.62
1762,51035,Carroll County,0.6194845746027,14.0,274.08
1763,29183,St. Charles County,2.612249210178315,24.0,575.9399999999999
1764,06069,San Benito County,19.757688371598633,17.0,94.38
1765,24035,Queen Anne's County,2.30286264946812,10.0,94.37
1766,20013,Brown County,0.8826090027829326,14.0,226.55
1767,13031,Bulloch County,2.8982416822765336,11.0,483.34000000000003
1768,21071,Floyd County,0.38442938820428385,17.0,271.08
1769,30007,Broadwater County,2.312425622579116,37.0,379.38
1770,13309,Wheeler County,0.11777144449925388,6.0,537.25
1771,37049,Craven County,5.3297222671187185,22.0,425.62
1772,51570,Colonial Heights city,0.8254613359031987,2.0,45.3
1773,39031,Coshocton County,1.3338715541722848,20.0,534.53
1774,31135,Perkins County,23.01189631826936,1.0,35.95
1775,48205,Hartley County,15.872709653167076,4.0,11.62
1776,08049,Grand County,2.8997996328080338,69.0,733.57
1777,48249,Jim Wells County,7.218506719088204,10.0,94.72
1778,19189,Winnebago County,1.4390629195302256,8.0,181.21
1779,06079,San Luis Obispo County,6.75664910103605,42.0,203.22
1780,01067,Henry County,1.826410972563451,11.0,184.47
1781,39175,Wyandot County,2.5222062052775254,18.0,235.4
1782,38085,Sioux County,3.426316823131721,33.0,601.82
1783,48127,Dimmit County,8.151703520241833,5.0,265.57
1784,27045,Fillmore County,0.25692155302606196,23.0,341.87
1785,45023,Chester County,1.8141771010899863,22.0,308.65000000000003
1786,27073,Lac qui Parle County,5.329096716674896,34.0,283.25
1787,49005,Cache County,2.353284218602106,31.0,290.98
1788,55093,Pierce County,2.9728343015869165,32.0,221.98
1789,13049,Charlton County,2.421830207581221,19.0,423.22
1790,13233,Polk County,5.578262196038409,6.0,88.99
1791,49051,Wasatch County,5.13212113270402,40.0,338.83
1792,16029,Caribou County,4.282172249270114,39.0,430.89
1793,37157,Rockingham County,3.6908210103528964,27.0,360.78
1794,05117,Prairie County,3.4668713581337833,34.0,637.77
1795,05011,Bradley County,1.539154330999318,17.0,361.83
1796,48193,Hamilton County,8.008680384561812,11.0,410.88
1797,21067,Fayette County,4.022225472497283,8.0,392.0
1798,21091,Hancock County,3.2780688734263097,20.0,161.98
1799,46013,Brown County,1.1494809775084858,34.0,570.27
1800,54001,Barbour County,3.5616673969807913,11.0,268.37
1801,47181,Wayne County,3.9739404686533826,24.0,408.34
1802,31013,Box Butte County,22.060616658569714,5.0,66.86
1803,42097,Northumberland County,2.2668864941827183,23.0,624.65
1804,48469,Victoria County,2.6558114801730874,22.0,587.12
1805,51530,Buena Vista city,0.2892814926069172,1.0,51.7
1806,26147,St. Clair County,0.8703451845909623,19.0,262.25
1807,31173,Thurston County,0.8876016323878503,14.0,202.86
1808,50015,Lamoille County,0.5099635323997349,20.0,203.36
1809,51067,Franklin County,0.433100338430797,27.0,383.40999999999997
1810,40011,Blaine County,2.8075909274751116,15.0,635.47
1811,19103,Johnson County,0.1477242609821545,14.0,334.22999999999996
1812,20133,Neosho County,0.6762383640028297,15.0,337.62
1813,21089,Greenup County,2.5305484181618945,19.0,240.03
1814,20107,Linn County,2.3822022064769164,11.0,260.94
1815,49017,Garfield County,2.0515779108973917,90.0,936.28
1816,32011,Eureka County,5.296380558417697,38.0,287.24
1817,31085,Hayes County,13.15881236234742,4.0,127.25
1818,26119,Montmorency County,2.525411790927748,27.0,314.95
1819,26135,Oscoda County,2.1453129586669935,18.0,188.0
1820,35007,Colfax County,6.578485477455497,50.0,669.88
1821,17163,St. Clair County,2.5400618199033613,27.0,375.24
1822,17189,Washington County,2.3419363656614656,16.0,425.21999999999997
1823,42009,Bedford County,0.6391972465137281,36.0,399.04
1824,05127,Scott County,1.4667550416125021,26.0,316.57
1825,20099,Labette County,2.6268398986100427,16.0,372.25
1826,48059,Callahan County,9.222049855746295,1.0,2.25
1827,48379,Rains County,2.2435223688091055,16.0,230.54
1828,20067,Grant County,24.11758017062972,,
1829,51105,Lee County,2.970929711289675,14.0,184.36
1830,35051,Sierra County,2.0275509623333607,45.0,247.98
1831,05043,Drew County,1.8237249672236164,31.0,547.28
1832,31123,Morrill County,5.351571980397626,22.0,237.66
1833,30019,Daniels County,3.422477403687075,8.0,247.95999999999998
1834,12073,Leon County,11.790752314115943,14.0,149.23
1835,40119,Payne County,0.4805582830918892,22.0,433.49
1836,01039,Covington County,0.6772350055496423,25.0,414.25
1837,18093,Lawrence County,0.35575779401317825,13.0,346.7
1838,20069,Gray County,7.838286837144919,2.0,399.83000000000004
1839,21045,Casey County,0.49104666282187465,13.0,228.06
1840,21169,Metcalfe County,0.005414124394817859,10.0,203.60999999999999
1841,21207,Russell County,0.8669395114879016,18.0,261.28999999999996
1842,22011,Beauregard Parish,3.437479467862294,38.0,579.06
1843,23025,Somerset County,2.0610461152633843,288.0,1587.76
1844,40025,Cimarron County,18.08336609034426,25.0,130.10999999999999
1845,19097,Jackson County,6.018287116676261,15.0,409.77
1846,38063,Nelson County,19.69179008497972,4.0,148.59
1847,36019,Clinton County,1.3093775056236991,55.0,406.34999999999997
1848,08045,Garfield County,0.6204052631771304,77.0,1103.1
1849,26097,Mackinac County,1.7978034492171426,37.0,284.88
1850,48307,McCulloch County,6.235551340526205,13.0,418.1
1851,28141,Tishomingo County,2.131145157024853,28.0,120.22
1852,48105,Crockett County,25.701068521730722,3.0,397.46
1853,48217,Hill County,4.615421014421122,19.0,364.89000000000004
1854,08075,Logan County,0.23216400297725856,22.0,311.07
1855,20055,Finney County,12.221809904756945,2.0,89.03
1856,48473,Waller County,4.416280799883406,14.0,510.61999999999995
1857,01099,Monroe County,0.5640516137676248,20.0,414.90999999999997
1858,50009,Essex County,2.4015071858312056,43.0,273.43
1859,29015,Benton County,2.5731057112468028,38.0,330.39
1860,05109,Pike County,5.300777441455526,23.0,300.39
1861,08077,Mesa County,3.4728876680145873,49.0,987.9
1862,29065,Dent County,8.821778185700987,19.0,156.44
1863,51185,Tazewell County,0.08212556450300956,24.0,314.18
1864,42103,Pike County,2.492233533747311,72.0,457.81
1865,42115,Susquehanna County,2.279282406965152,51.0,403.79
1866,48343,Morris County,2.5917387625555985,7.0,220.5
1867,42125,Washington County,1.3590691418729919,33.0,411.01
1868,50001,Addison County,2.9711140193061074,48.0,456.0
1869,20103,Leavenworth County,0.42447286383038874,11.0,294.57
1870,26121,Muskegon County,12.890675531402916,13.0,181.55
1871,51680,Lynchburg city,0.3099298974835775,4.0,255.07
1872,05125,Saline County,3.914376070661106,25.0,312.27
1873,42089,Monroe County,3.9790590673813186,55.0,419.07
1874,05101,Newton County,4.7005596790367,19.0,354.15
1875,38019,Cavalier County,19.554010272581912,7.0,127.04
1876,01045,Dale County,4.553477763295544,14.0,353.99
1877,20109,Logan County,2.4433924515634344,1.0,32.87
1878,06039,Madera County,3.6354778579174623,47.0,543.2
1879,29075,Gentry County,0.35423449752511676,9.0,358.12
1880,31009,Blaine County,6.125490485271984,6.0,414.33
1881,49009,Daggett County,2.384882711415451,29.0,150.23000000000002
1882,56031,Platte County,1.4282421669889247,42.0,593.0600000000001
1883,37071,Gaston County,0.41029499793930724,23.0,212.28
1884,47081,Hickman County,1.6069717952324067,10.0,371.89
1885,28143,Tunica County,0.32882959931112193,20.0,259.63
1886,29081,Harrison County,0.7726283035356979,18.0,294.79
1887,72029,Canóvanas Municipio,0.18382599368441163,6.0,77.56
1888,18005,Bartholomew County,0.24706417123402535,14.0,502.71000000000004
1889,13223,Paulding County,0.4733885367805684,6.0,156.95
1890,39015,Brown County,2.434923303341309,21.0,302.06
1891,47141,Putnam County,3.800565950330054,20.0,243.27
1892,38101,Ward County,4.579631050139285,25.0,292.96000000000004
1893,25027,Worcester County,3.817243393760959,162.0,753.32
1894,39091,Logan County,1.1022721797569144,22.0,441.39
1895,06031,Kings County,0.857211124636524,7.0,360.37
1896,06073,San Diego County,7.715706045711313,69.0,226.85
1897,72123,Salinas Municipio,3.011559215389132,3.0,7.75
1898,13079,Crawford County,7.44395458363514,6.0,325.95
1899,72103,Naguabo Municipio,1.697789248887277,3.0,10.53
1900,29037,Cass County,3.4594224089279657,15.0,215.04000000000002
1901,36027,Dutchess County,1.9981605217208955,46.0,435.42
1902,48477,Washington County,0.12060655267534104,16.0,485.40000000000003
1903,08101,Pueblo County,4.241452636693639,34.0,583.57
1904,29067,Douglas County,0.17003199852574036,19.0,295.98
1905,38009,Bottineau County,3.0234160517731983,14.0,251.96
1906,37051,Cumberland County,2.573868894288415,13.0,464.17
1907,56017,Hot Springs County,2.6778152065641487,45.0,582.87
1908,26001,Alcona County,16.34050121453066,36.0,233.65
1909,06061,Placer County,2.731479867943306,50.0,518.1800000000001
1910,05129,Searcy County,0.059812472689279736,11.0,335.47
1911,48305,Lynn County,39.06874009195785,,
1912,36077,Otsego County,1.6749725716602175,40.0,505.26
1913,37153,Richmond County,3.444232206518296,30.0,365.96
1914,49027,Millard County,0.009530251803455975,32.0,235.97
1915,49029,Morgan County,3.3345197230987385,24.0,143.87
1916,48257,Kaufman County,1.8598489715726179,19.0,196.31
1917,04011,Greenlee County,3.094041013742075,39.0,390.84
1918,04013,Maricopa County,2.374487546398965,58.0,327.5
1919,26129,Ogemaw County,4.626897615291271,17.0,158.12
1920,47087,Jackson County,0.739011456349345,27.0,181.05
1921,17159,Richland County,2.2529160261176235,11.0,310.24
1922,72045,Comerío Municipio,0.27612169255469654,1.0,52.71
1923,15009,Maui County,1.4998478622046587,47.0,202.0
1924,22057,Lafourche Parish,5.573255398862151,60.0,336.51
1925,19139,Muscatine County,4.847991491093669,12.0,238.14999999999998
1926,12113,Santa Rosa County,2.765247203049548,20.0,407.05
1927,18101,Martin County,2.2033257723875908,11.0,337.33000000000004
1928,21203,Rockcastle County,1.6338008765296999,15.0,208.36
1929,21223,Trimble County,5.676784871227859,9.0,121.71000000000001
1930,01107,Pickens County,1.6029599750471126,24.0,537.17
1931,40045,Ellis County,6.987349850429599,25.0,282.11
1932,17145,Perry County,0.4208562965809904,12.0,218.20999999999998
1933,19075,Grundy County,1.69165408123588,5.0,148.57
1934,08107,Routt County,0.11854505614907578,79.0,843.37
1935,34035,Somerset County,0.5974075660448275,24.0,294.35
1936,06011,Colusa County,3.9806788312598336,41.0,453.65
1937,17087,Johnson County,2.6041815720716803,20.0,193.05
1938,08053,Hinsdale County,0.33892527309186765,35.0,515.48
1939,16031,Cassia County,4.508918975671135,64.0,444.96999999999997
1940,27059,Isanti County,2.7006210284454344,17.0,206.35
1941,42049,Erie County,4.885823945817339,26.0,306.76
1942,28029,Copiah County,2.4115435313025646,21.0,547.63
1943,48467,Van Zandt County,3.3100780654498467,25.0,355.59000000000003
1944,51161,Roanoke County,1.3129060364138998,10.0,194.22
1945,51015,Augusta County,2.8370769093547445,10.0,300.09
1946,02060,Bristol Bay Borough,3.9352182410919254,45.0,307.62
1947,41009,Columbia County,3.205965035407552,17.0,517.02
1948,45041,Florence County,0.5889730548900234,20.0,568.36
1949,38061,Mountrail County,4.306802285021817,34.0,252.39
1950,49053,Washington County,11.244435172980111,37.0,284.35
1951,30003,Big Horn County,6.721178161087183,87.0,1122.02
1952,42047,Elk County,0.7457787860388435,33.0,478.14
1953,31165,Sioux County,6.983949302187163,33.0,287.67
1954,28031,Covington County,1.3406227251944334,9.0,188.18
1955,72099,Moca Municipio,1.4570160992021424,2.0,38.17
1956,18013,Brown County,0.08295373550201761,11.0,100.89
1957,48199,Hardin County,1.5270387578626476,16.0,478.06
1958,39143,Sandusky County,0.8773882630496839,13.0,246.03
1959,23021,Piscataquis County,1.5575058029282682,356.0,1368.92
1960,17153,Pulaski County,2.065152010355063,15.0,124.29
1961,40107,Okfuskee County,4.908674965275168,16.0,368.28
1962,26145,Saginaw County,0.08273360654934031,43.0,408.24
1963,35039,Rio Arriba County,2.6679891957862356,100.0,947.28
1964,50005,Caledonia County,2.939041468509623,41.0,330.61
1965,51023,Botetourt County,1.7619158422145698,16.0,491.23
1966,17119,Madison County,4.454976928607467,28.0,340.94
1967,48085,Collin County,0.17157085126933774,30.0,303.77
1968,45001,Abbeville County,0.5284615555641035,23.0,330.89
1969,31053,Dodge County,0.7303981048931678,16.0,506.69
1970,12115,Sarasota County,2.17027295762672,25.0,298.49
1971,55077,Marquette County,1.383845136974614,24.0,252.04
1972,04015,Mohave County,13.720994130450867,84.0,712.43
1973,04025,Yavapai County,9.724421045798604,54.0,397.31
1974,45051,Horry County,5.198756083996618,19.0,387.75
1975,42091,Montgomery County,1.7424223250366802,18.0,285.38
1976,16061,Lewis County,3.8272404316885464,13.0,526.84
1977,72013,Arecibo Municipio,1.7411270927352724,5.0,56.93
1978,51720,Norton city,1.1058997640011268,3.0,113.33000000000001
1979,34027,Morris County,2.512765290449735,30.0,311.03000000000003
1980,29211,Sullivan County,0.34715160322561067,9.0,271.7
1981,20135,Ness County,2.709017981605105,4.0,175.84
1982,48039,Brazoria County,4.1440851062106,37.0,996.65
1983,51790,Staunton city,6.177178191422638,,
1984,31029,Chase County,6.333987874861811,5.0,116.28
1985,39113,Montgomery County,3.485224412920958,8.0,373.18
1986,48447,Throckmorton County,13.935276044845816,6.0,466.8
1987,13221,Oglethorpe County,4.130512367721801,11.0,244.95
1988,05029,Conway County,0.8268104087597709,28.0,273.87
1989,29147,Nodaway County,3.1102468735342015,22.0,399.33
1990,38073,Ransom County,1.958670592585472,4.0,298.06
1991,40037,Creek County,5.613379824850463,36.0,577.4
1992,48457,Tyler County,2.0058400822613494,29.0,511.43
1993,06037,Los Angeles County,4.830294676830768,58.0,359.11
1994,04027,Yuma County,10.114117809572962,26.0,173.82
1995,13129,Gordon County,3.428522125605203,11.0,259.74
1996,19025,Calhoun County,3.0492369162451225,15.0,324.93
1997,12055,Highlands County,5.586368430921298,47.0,300.09000000000003
1998,51580,Covington city,0.4029717683926897,3.0,284.76
1999,50017,Orange County,2.716710504918634,19.0,247.6
2000,20113,McPherson County,4.185956742140554,13.0,386.56
2001,04021,Pinal County,10.057367013513545,27.0,282.64
2002,39051,Fulton County,2.8212390407538237,19.0,277.25
2003,08003,Alamosa County,12.460048976226394,5.0,132.02
2004,12017,Citrus County,3.164389770135386,14.0,142.93
2005,72049,Culebra Municipio,24.293900109275874,,
2006,28129,Smith County,6.141861080417942,13.0,247.15
2007,16075,Payette County,0.5519978209279108,9.0,178.19
2008,16079,Shoshone County,0.20146557219375483,59.0,803.33
2009,37095,Hyde County,22.189134813208288,13.0,153.76999999999998
2010,02122,Kenai Peninsula Borough,6.160887453526805,894.0,5305.51
2011,01003,Baldwin County,4.049479472390713,42.0,749.5
2012,19007,Appanoose County,0.9278972080382696,17.0,197.22
2013,78010,St. Croix Island,81.57465525718078,,
2014,51127,New Kent County,0.8781171542650297,20.0,126.25
2015,13263,Talbot County,4.259976664171356,10.0,384.71
2016,36049,Lewis County,0.04046198919181115,47.0,714.18
2017,54015,Clay County,0.006263776928263033,9.0,178.79
2018,18077,Jefferson County,6.090102161105999,13.0,204.10999999999999
2019,48347,Nacogdoches County,2.4769746479052186,69.0,511.33
2020,44009,Washington County,5.448585067038265,30.0,139.69
2021,53047,Okanogan County,0.7449969371658963,128.0,1204.43
2022,53063,Spokane County,1.1264143026158313,43.0,397.8
2023,22059,LaSalle Parish,2.0253285661688634,44.0,394.45
2024,23027,Waldo County,1.3761471172761157,49.0,365.59999999999997
2025,24027,Howard County,0.6609977656948773,9.0,113.69
2026,49035,Salt Lake County,0.8439565814561312,9.0,132.01
2027,38001,Adams County,7.570273394141494,14.0,286.01
2028,37137,Pamlico County,9.278793967332275,6.0,96.03999999999999
2029,21083,Graves County,3.1519142072185926,19.0,175.49
2030,42021,Cambria County,2.350763309260927,22.0,376.22
2031,47107,McMinn County,1.4788262279532103,20.0,282.79
2032,26093,Livingston County,0.617841452300131,44.0,350.17
2033,08001,Adams County,3.470113903719281,16.0,356.84
2034,42069,Lackawanna County,2.1387809358565346,20.0,358.39
2035,40123,Pontotoc County,5.573432379277469,23.0,271.64
2036,28127,Simpson County,1.330188486135757,12.0,348.14
2037,28131,Stone County,0.6840409711879162,13.0,318.83
2038,06013,Contra Costa County,8.990248224691761,14.0,44.989999999999995
2039,47017,Carroll County,3.1357152484142885,23.0,209.48
2040,51087,Henrico County,2.1424249736847516,11.0,146.49
2041,18119,Owen County,0.5142906643009628,18.0,582.8499999999999
2042,36119,Westchester County,0.3767013102833701,58.0,206.65
2043,29017,Bollinger County,0.05462846734626768,20.0,247.29
2044,54047,McDowell County,6.882372764350015,9.0,139.52
2045,54033,Harrison County,1.657947280249319,8.0,206.92
2046,06115,Yuba County,4.544354687417954,24.0,298.16
2047,01117,Shelby County,1.3550229617436669,26.0,450.0
2048,08091,Ouray County,1.2062343319205582,12.0,186.31
2049,35009,Curry County,39.8787475037517,,
2050,40149,Washita County,4.637119644478022,26.0,638.92
2051,37135,Orange County,0.5492304191734686,14.0,249.67
2052,18131,Pulaski County,7.184604038557422,13.0,189.81
2053,26019,Benzie County,4.81182038841383,7.0,75.36
2054,72087,Loíza Municipio,3.3575990664366735,2.0,49.68
2055,16071,Oneida County,11.80882658859425,16.0,109.62
2056,17139,Moultrie County,0.40373203453745954,25.0,171.92000000000002
2057,21107,Hopkins County,1.6408123900042082,23.0,569.63
2058,16035,Clearwater County,8.090282117519953,60.0,783.73
2059,21013,Bell County,0.23985938683331237,18.0,290.61
2060,27035,Crow Wing County,1.0391133051881434,85.0,615.4
2061,60050,Western District,3782.6907833208156,,
2062,72011,Añasco Municipio,1.7174888134016717,2.0,39.08
2063,04009,Graham County,0.6016702181727394,57.0,461.28
2064,30017,Custer County,7.177935157741126,32.0,1138.02
2065,46109,Roberts County,2.2935390511799087,31.0,139.8
2066,17141,Ogle County,1.2702649292513157,14.0,385.79
2067,38077,Richland County,11.205877046971533,12.0,796.87
2068,55005,Barron County,1.504711455451083,57.0,382.26
2069,55051,Iron County,1.194989877128256,61.0,406.71
2070,27157,Wabasha County,0.5671843735852333,32.0,254.77
2071,06015,Del Norte County,1.7422961252293596,37.0,389.65
2072,40127,Pushmataha County,0.9356293279392458,42.0,527.54
2073,53007,Chelan County,0.6154820938084026,78.0,952.61
2074,26141,Presque Isle County,11.96906301554546,24.0,242.49
2075,40027,Cleveland County,0.4466951950486011,30.0,338.46
2076,36105,Sullivan County,1.8761742744489889,78.0,553.09
2077,37149,Polk County,1.0758611710162922,9.0,152.29999999999998
2078,37165,Scotland County,0.8276473072856199,17.0,204.1
2079,37085,Harnett County,1.2759246196370428,11.0,359.08000000000004
2080,37105,Lee County,7.45904482307506,8.0,347.78000000000003
2081,18159,Tipton County,1.029089680855993,8.0,93.62
2082,20027,Clay County,1.0031184379862448,16.0,326.95
2083,20121,Miami County,0.3284559846416734,12.0,262.96
2084,13091,Dodge County,0.798476645220286,7.0,418.54
2085,36023,Cortland County,0.37430173569437064,24.0,274.7
2086,13039,Camden County,4.1545535035040535,8.0,292.31
2087,26161,Washtenaw County,3.349823517897282,21.0,230.92
2088,18087,LaGrange County,1.0050894741867316,29.0,158.92000000000002
2089,48371,Pecos County,45.57251619530709,1.0,396.38
2090,13225,Peach County,0.8203070958524497,4.0,282.95
2091,13311,White County,1.1495329988101517,10.0,116.16
2092,13163,Jefferson County,2.4597967507384193,7.0,467.03999999999996
2093,55083,Oconto County,1.076446215147217,37.0,472.39
2094,31065,Furnas County,6.037866489837018,17.0,351.87
2095,01069,Houston County,0.025419166169264398,12.0,210.28
2096,40103,Noble County,4.722220484695453,8.0,355.43
2097,20063,Gove County,20.554068915686265,2.0,186.52
2098,22077,Pointe Coupee Parish,3.960807338679851,21.0,644.3399999999999
2099,31067,Gage County,0.8251548933632769,22.0,385.92
2100,01115,St. Clair County,1.4911099169503361,37.0,476.44
2101,28123,Scott County,1.5596967688929155,20.0,301.54
2102,13095,Dougherty County,5.163444479656963,15.0,288.61
2103,18061,Harrison County,0.9382200174650813,13.0,201.59
2104,16017,Bonner County,3.1876276609912133,99.0,529.78
2105,13047,Catoosa County,1.399242941845649,8.0,118.02
2106,55105,Rock County,1.7970652988050557,21.0,220.2
2107,45077,Pickens County,1.360133672990298,33.0,276.31
2108,53013,Columbia County,1.4548860496873626,21.0,359.32
2109,18023,Clinton County,1.9932383932217896,10.0,209.54
2110,17027,Clinton County,2.597767067311039,18.0,379.55
2111,16067,Minidoka County,22.92526615698275,3.0,141.66
2112,42113,Sullivan County,1.5358757996025711,17.0,265.82
2113,28121,Rankin County,0.2583571984130994,26.0,361.7
2114,48345,Motley County,3.4321372497404647,18.0,65.14
2115,41039,Lane County,1.8104480230710602,150.0,1516.81
2116,48485,Wichita County,4.430190131675797,19.0,380.14
2117,26155,Shiawassee County,0.5317450274742518,12.0,199.56
2118,20089,Jewell County,11.951697776130013,24.0,323.31
2119,20123,Mitchell County,6.644481890089795,25.0,305.29
2120,12007,Bradford County,10.04787199616229,5.0,115.83
2121,28091,Marion County,1.5158901587648745,8.0,335.65000000000003
2122,28039,George County,4.698986439092425,16.0,613.34
2123,27085,McLeod County,0.3167484816178722,16.0,192.58
2124,55033,Dunn County,0.4222477763131694,47.0,459.75
2125,08027,Custer County,7.362016652799889,17.0,246.8
2126,29123,Madison County,4.122275156004593,13.0,221.98
2127,48353,Nolan County,3.308978161051113,6.0,34.6
2128,42127,Wayne County,1.555886181599426,54.0,387.90999999999997
2129,36091,Saratoga County,0.7095633407623478,52.0,525.68
2130,48041,Brazos County,1.1368375301068752,14.0,581.5
2131,40095,Marshall County,1.7928542094227453,38.0,505.22
2132,24001,Allegany County,0.6605533017794573,35.0,470.59999999999997
2133,54103,Wetzel County,1.224542071724595,11.0,316.99
2134,55053,Jackson County,0.7770472026745409,40.0,409.34000000000003
2135,41007,Clatsop County,1.0038949914780289,18.0,266.14
2136,53041,Lewis County,0.07503490905690818,81.0,931.26
2137,36003,Allegany County,1.1200266436566695,39.0,530.79
2138,19031,Cedar County,2.475323816588058,12.0,359.62
2139,18117,Orange County,0.19317409599485694,16.0,141.97
2140,13089,DeKalb County,3.5096056158283053,7.0,179.92
2141,13227,Pickens County,2.498723321283067,9.0,105.84
2142,30015,Chouteau County,2.189849183069876,38.0,918.19
2143,31017,Brown County,11.429756692804277,19.0,554.47
2144,47013,Campbell County,1.85008917173063,37.0,358.71
2145,37069,Franklin County,0.13845212975503304,13.0,414.39
2146,24510,Baltimore city,3.7795622499705654,4.0,76.53999999999999
2147,20111,Lyon County,1.7499375757022007,27.0,388.04
2148,19027,Carroll County,7.506342167803695,13.0,458.09
2149,37177,Tyrrell County,8.704947547495664,12.0,153.07
2150,27131,Rice County,3.367422948825439,28.0,221.49
2151,29219,Warren County,5.305926715039484,17.0,421.27
2152,21227,Warren County,0.624718570240746,20.0,590.39
2153,22017,Caddo Parish,4.608853916807553,53.0,499.14
2154,46121,Todd County,5.140451693735156,28.0,341.95
2155,19127,Marshall County,0.49232019562844986,13.0,346.43
2156,40141,Tillman County,7.452995927826489,14.0,316.16
2157,37113,Macon County,0.44874925980311114,17.0,155.0
2158,54063,Monroe County,1.4433098608272659,17.0,282.81
2159,18155,Switzerland County,5.430102888634038,13.0,44.31
2160,21105,Hickman County,0.7742814838901699,17.0,93.24
2161,01061,Geneva County,0.0251351253141463,21.0,346.33
2162,17099,LaSalle County,1.9405383585478841,19.0,534.9300000000001
2163,19055,Delaware County,4.67891979896137,7.0,321.90999999999997
2164,20127,Morris County,5.6572816784840985,23.0,187.61
2165,19051,Davis County,2.1972909918109136,18.0,299.85
2166,16015,Boise County,2.0408130251099403,38.0,651.24
2167,55081,Monroe County,3.237519809670068,35.0,487.5
2168,37143,Perquimans County,7.231640140176326,3.0,36.790000000000006
2169,12047,Hamilton County,8.643968211462276,12.0,275.26
2170,31039,Cuming County,1.2347505473814722,17.0,427.75
2171,53069,Wahkiakum County,5.898098735788101,9.0,89.88
2172,35011,De Baca County,15.75420397927977,12.0,177.55
2173,31109,Lancaster County,2.611839841303162,29.0,347.75
2174,31129,Nuckolls County,2.561209194555083,19.0,202.77
2175,72085,Las Piedras Municipio,1.5712315899358882,3.0,36.769999999999996
2176,46099,Minnehaha County,3.949330808829679,17.0,283.43
2177,48327,Menard County,1.2407747840034478,4.0,133.58999999999997
2178,06091,Sierra County,1.59965976663546,37.0,292.65
2179,21053,Clinton County,3.007549690517376,16.0,124.44
2180,39063,Hancock County,1.4027966734277977,16.0,288.65
2181,48189,Hale County,17.56680323277465,2.0,4.7
2182,01027,Clay County,0.8170313867215372,13.0,321.48
2183,48011,Armstrong County,11.158185905831065,6.0,107.75999999999999
2184,39003,Allen County,2.064180454725943,13.0,209.59
2185,13189,McDuffie County,1.9842495892560716,19.0,222.8
2186,55111,Sauk County,4.924264938197135,27.0,305.82
2187,05137,Stone County,4.451280089810759,16.0,431.65
2188,41063,Wallowa County,3.3473491601904684,64.0,943.43
2189,42007,Beaver County,1.1296206036882586,23.0,227.78
2190,28061,Jasper County,0.3191279996036316,9.0,236.63
2191,29083,Henry County,4.178901850608868,23.0,283.33
2192,08109,Saguache County,5.014307647898663,51.0,547.99
2193,37037,Chatham County,3.5920508881902493,28.0,539.82
2194,53057,Skagit County,2.1109273479171415,51.0,619.55
2195,28067,Jones County,0.4788975766788961,16.0,317.46
2196,55021,Columbia County,1.645835208897905,30.0,404.54
2197,37019,Brunswick County,1.5542704382073842,29.0,557.14
2198,27029,Clearwater County,3.041867282830822,39.0,584.86
2199,51131,Northampton County,19.932467768772508,2.0,86.96
2200,20163,Rooks County,6.0862845054513155,12.0,398.46000000000004
2201,18041,Fayette County,2.0386074781243564,6.0,159.53
2202,31079,Hall County,2.333900259072096,7.0,397.44
2203,31081,Hamilton County,15.681821362194343,2.0,177.13
2204,31115,Loup County,6.070795271152959,6.0,321.46999999999997
2205,06101,Sutter County,2.9785548456326443,16.0,392.59
2206,42105,Potter County,3.3788160682342396,37.0,405.62
2207,48465,Val Verde County,5.338952187044187,29.0,1355.0
2208,20077,Harper County,1.935794660948889,9.0,190.09
2209,19133,Monona County,2.346619753387415,24.0,437.34000000000003
2210,49023,Juab County,10.245607809885467,24.0,186.72
2211,40137,Stephens County,3.450510759800159,32.0,213.76999999999998
2212,36017,Chenango County,0.9765186060872131,40.0,602.2
2213,17143,Peoria County,2.6057845793885477,22.0,479.69
2214,19091,Humboldt County,4.516075990797583,7.0,295.71
2215,48391,Refugio County,5.944019196401151,18.0,641.76
2216,39017,Butler County,2.643871556242527,11.0,282.78
2217,13273,Terrell County,1.4608956084619098,7.0,231.86
2218,13063,Clayton County,1.606317370756214,4.0,203.84
2219,56013,Fremont County,4.186681477769896,159.0,1917.57
2220,18115,Ohio County,0.635713153285006,7.0,91.27000000000001
2221,13073,Columbia County,2.534641347280852,14.0,293.97
2222,08115,Sedgwick County,7.790692330609179,13.0,61.400000000000006
2223,30065,Musselshell County,2.4416583520290396,10.0,294.86
2224,42043,Dauphin County,0.08772027262439214,36.0,662.99
2225,46101,Moody County,1.5160146960745147,13.0,246.7
2226,54079,Putnam County,2.0477334407433667,8.0,249.97
2227,34037,Sussex County,0.6163973523295606,41.0,368.89
2228,20039,Decatur County,5.43709077925618,6.0,87.0
2229,18123,Perry County,3.9796515167309354,18.0,141.17000000000002
2230,28145,Union County,0.9776841026511739,14.0,202.37
2231,31015,Boyd County,2.2972466310434214,22.0,538.88
2232,18103,Miami County,1.0905830862650014,12.0,424.05999999999995
2233,20053,Ellsworth County,1.0040475792321042,10.0,303.61999999999995
2234,22123,West Carroll Parish,3.991475448869543,9.0,153.97
2235,12077,Liberty County,0.7357132988703642,18.0,373.09
2236,20083,Hodgeman County,1.0215872837570048,4.0,96.41999999999999
2237,20119,Meade County,0.14308880970252408,14.0,109.83
2238,21149,McLean County,0.22789988104094422,6.0,454.56
2239,28001,Adams County,1.8419936527094563,25.0,352.59000000000003
2240,72083,Las Marías Municipio,2.985711587421896,4.0,49.46
2241,28057,Itawamba County,2.594009852704733,29.0,249.39000000000001
2242,48445,Terry County,61.48161012618788,,
2243,35021,Harding County,13.60770854807778,8.0,232.02
2244,01121,Talladega County,0.7846804783218082,30.0,330.37
2245,55067,Langlade County,1.2591702287709294,36.0,639.61
2246,48155,Foard County,6.422223007410979,10.0,238.71
2247,19021,Buena Vista County,4.031479800757626,12.0,300.90000000000003
2248,19129,Mills County,0.831640724326192,14.0,311.88
2249,48385,Real County,3.8185439427202965,9.0,213.66
2250,39041,Delaware County,3.985611054948083,33.0,589.74
2251,37067,Forsyth County,0.800746234626968,22.0,333.84
2252,32510,Carson City,4.259171455835288,3.0,55.8
2253,19049,Dallas County,0.5726628103155726,13.0,488.79999999999995
2254,48065,Carson County,10.817777626224121,5.0,21.15
2255,13261,Sumter County,3.3142138886213117,16.0,425.14
2256,29223,Wayne County,0.6133925859033311,25.0,373.71
2257,26143,Roscommon County,4.356754449836039,31.0,267.22
2258,37005,Alleghany County,0.9024544869080053,19.0,278.07
2259,06035,Lassen County,4.352820369258169,89.0,525.49
2260,51610,Falls Church city,3.2743375940486756,,
2261,12081,Manatee County,1.4305232734013553,33.0,443.72
2262,39119,Muskingum County,3.798691619154762,26.0,373.5
2263,08015,Chaffee County,2.572537405879929,18.0,314.83
2264,08025,Crowley County,5.891894250128509,6.0,172.47
2265,08043,Fremont County,0.3178166659925026,24.0,495.06
2266,28109,Pearl River County,1.217512695226613,14.0,387.19
2267,28111,Perry County,2.703978100185921,13.0,427.59999999999997
2268,31041,Custer County,2.6555168349562663,22.0,494.36
2269,12013,Calhoun County,2.9035442343536944,18.0,321.07
2270,26017,Bay County,4.277768028104157,14.0,96.71000000000001
2271,47157,Shelby County,1.1334590189705467,62.0,212.87
2272,06007,Butte County,1.9176243145558007,69.0,857.47
2273,01023,Choctaw County,2.765160804398477,22.0,535.14
2274,18083,Knox County,3.634523375866359,17.0,578.48
2275,31047,Dawson County,0.7799774278011599,19.0,173.05
2276,20057,Ford County,2.007156098199411,6.0,410.38
2277,38105,Williams County,8.857609247587337,24.0,187.62
2278,38017,Cass County,1.5345373081771976,14.0,826.62
2279,17069,Hardin County,3.0910438909106626,14.0,51.52
2280,31005,Arthur County,29.01011772245265,,
2281,48163,Frio County,14.742238026778567,5.0,63.17
2282,37077,Granville County,3.706452349378817,30.0,298.37
2283,47091,Johnson County,1.387015443998325,19.0,104.02
2284,39013,Belmont County,0.51043060153543,19.0,388.1
2285,51195,Wise County,0.0015580157476378696,23.0,357.36
2286,29035,Carter County,0.13227235404097745,5.0,196.85
2287,40013,Bryan County,2.432001123974554,45.0,515.97
2288,31035,Clay County,17.358581555590906,5.0,169.75
2289,24017,Charles County,3.3981386600075583,11.0,109.16
2290,19033,Cerro Gordo County,5.025123041866882,10.0,280.02
2291,19073,Greene County,1.9771776641788235,11.0,295.77
2292,21205,Rowan County,0.7062769472814328,11.0,272.14
2293,49055,Wayne County,0.1431257631402749,26.0,526.75
2294,29031,Cape Girardeau County,1.8995439706033683,35.0,309.49
2295,53071,Walla Walla County,6.255195513761132,20.0,762.75
2296,29133,Mississippi County,0.21984001379372906,27.0,196.59
2297,05025,Cleveland County,2.575496961309568,27.0,222.11
2298,48113,Dallas County,1.6841965175401759,35.0,392.47
2299,72079,Lajas Municipio,10.667443214606488,,
2300,25025,Suffolk County,6.881635011942578,3.0,89.81
2301,16051,Jefferson County,7.343750368316765,7.0,195.75
2302,48177,Gonzales County,1.1563433157977596,17.0,402.1
2303,47115,Marion County,2.1986721026339495,14.0,227.14000000000001
2304,26007,Alpena County,19.911400328211997,36.0,259.43
2305,21231,Wayne County,4.338225306781546,17.0,189.57999999999998
2306,47185,White County,1.030697733258768,16.0,208.16
2307,08067,La Plata County,2.1907460080903802,23.0,362.3
2308,48027,Bell County,2.4116352592800445,28.0,409.0
2309,28069,Kemper County,4.3272142689610735,22.0,217.51000000000002
2310,05019,Clark County,2.1986651665254193,49.0,556.26
2311,41035,Klamath County,8.997648050764882,138.0,1051.38
2312,36075,Oswego County,1.399592191357437,46.0,458.34
2313,72105,Naranjito Municipio,2.8416909500525365,3.0,82.83
2314,01019,Cherokee County,0.07150225594855271,33.0,292.24
2315,48019,Bandera County,4.622787799689463,13.0,218.16
2316,30087,Rosebud County,3.735201850448297,21.0,1237.59
2317,35059,Union County,6.651213485559557,24.0,321.12
2318,26153,Schoolcraft County,0.14096213019953518,46.0,437.65999999999997
2319,36111,Ulster County,2.5302784429472283,44.0,608.72
2320,34007,Camden County,1.965560663058381,6.0,58.010000000000005
2321,47165,Sumner County,0.3568423861258667,34.0,212.07
2322,51097,King and Queen County,2.8427822966049474,17.0,161.94
2323,05015,Carroll County,0.6938750862103925,16.0,251.87
2324,51820,Waynesboro city,0.5322202765787762,1.0,45.36
2325,02220,Sitka City and Borough,1.7126036371247058,192.0,748.64
2326,41051,Multnomah County,2.214667122714365,12.0,413.67
2327,47061,Grundy County,0.0325401621159961,8.0,160.9
2328,27057,Hubbard County,8.376993553579782,45.0,344.86
2329,38081,Sargent County,9.745012928986094,12.0,129.24
2330,36089,St. Lawrence County,0.13159342214856268,118.0,1258.32
2331,29179,Reynolds County,0.5069210561556752,27.0,200.26999999999998
2332,06067,Sacramento County,5.333317530335698,28.0,366.75
2333,39125,Paulding County,1.3251265017373481,20.0,301.59
2334,18179,Wells County,4.15151417771054,7.0,185.57
2335,51063,Floyd County,0.17636859528758,9.0,177.08
2336,06083,Santa Barbara County,5.371308430838059,41.0,191.93
2337,54005,Boone County,3.3715289112533915,8.0,245.82
2338,28009,Benton County,7.532888388987655,9.0,83.12
2339,60030,Rose Island,3670.7618447259483,,
2340,21115,Johnson County,2.444943845007442,8.0,120.19
2341,44003,Kent County,1.7526234517579273,20.0,95.69
2342,50025,Windham County,1.574864548587784,58.0,449.92
2343,50019,Orleans County,2.004689652984294,52.0,230.75
2344,20085,Jackson County,5.211064432054794,13.0,291.33
2345,22041,Franklin Parish,3.5283949272962154,26.0,526.9300000000001
2346,49015,Emery County,8.973688386159713,62.0,861.4499999999999
2347,53019,Ferry County,0.446106956949128,60.0,729.4399999999999
2348,30109,Wibaux County,4.126141968183907,8.0,665.49
2349,35027,Lincoln County,23.236802005323284,11.0,121.76
2350,40021,Cherokee County,1.813325633615452,31.0,282.37
2351,27173,Yellow Medicine County,0.31088736274316314,31.0,463.28000000000003
2352,48231,Hunt County,1.1976980090875113,16.0,71.14
2353,48335,Mitchell County,0.4529363151964161,15.0,208.96
2354,48499,Wood County,0.7150946357058519,38.0,454.06
2355,40113,Osage County,0.08295356814505278,56.0,922.34
2356,37039,Cherokee County,0.42879154019454063,22.0,141.89
2357,26107,Mecosta County,6.945684742862238,18.0,271.56
2358,21195,Pike County,4.008098690703194,28.0,351.31
2359,29047,Clay County,0.7763783221024201,12.0,258.74
2360,28027,Coahoma County,2.3364903702626307,12.0,397.52000000000004
2361,18011,Boone County,0.32012431675165337,14.0,303.86
2362,19057,Des Moines County,3.909828328257405,19.0,288.68
2363,19163,Scott County,3.836872695980388,16.0,326.72999999999996
2364,20143,Ottawa County,2.0535690735255305,12.0,336.3
2365,12023,Columbia County,2.7806332639025735,9.0,215.43
2366,12059,Holmes County,3.399631687651808,11.0,207.09
2367,28047,Harrison County,0.24737447721256578,17.0,350.99
2368,72141,Utuado Municipio,0.6543296925597419,11.0,70.64
2369,47011,Bradley County,0.9333581048714559,24.0,213.31
2370,27017,Carlton County,2.9837930656842637,72.0,483.36
2371,48315,Marion County,1.1125181833536684,33.0,266.82
2372,36095,Schoharie County,1.940777315528351,26.0,331.0
2373,40117,Pawnee County,0.8515956381189832,13.0,345.45
2374,36007,Broome County,1.678468815498198,34.0,450.52
2375,48291,Liberty County,0.062395826224759414,19.0,480.79
2376,39009,Athens County,0.498235787043362,21.0,511.93
2377,39081,Jefferson County,1.7655910029256938,19.0,361.17
2378,54083,Randolph County,2.262067938204231,20.0,574.25
2379,54049,Marion County,0.4735404576834457,12.0,232.07999999999998
2380,34011,Cumberland County,7.643772853097811,13.0,190.6
2381,06057,Nevada County,2.59052453857204,58.0,378.98
2382,55031,Douglas County,1.9406277030851287,57.0,499.15
2383,21199,Pulaski County,0.9568396407710541,34.0,351.28
2384,27165,Watonwan County,0.11379192229320124,14.0,231.22
2385,16013,Blaine County,2.1446721525517027,66.0,624.22
2386,22053,Jefferson Davis Parish,0.2929064484687689,31.0,513.78
2387,46119,Sully County,3.9610607003888343,25.0,87.47
2388,08031,Denver County,0.5145444192922682,5.0,269.43
2389,40029,Coal County,3.5619074453667965,25.0,296.8
2390,30011,Carter County,5.255531504827913,17.0,363.40999999999997
2391,48461,Upton County,40.51037972402336,,
2392,18051,Gibson County,1.8883182634981444,22.0,661.47
2393,31105,Kimball County,4.176600147262652,3.0,55.74
2394,17093,Kendall County,1.3266429936014092,11.0,243.13
2395,11001,District of Columbia,2.949312276442429,6.0,14.96
2396,08085,Montrose County,4.736867345105629,39.0,789.19
2397,27171,Wright County,3.552172430457794,23.0,379.72
2398,55059,Kenosha County,13.9631840612972,12.0,102.51
2399,08037,Eagle County,5.731533640896563,25.0,651.83
2400,06075,San Francisco County,20.696717908172342,,
2401,08113,San Miguel County,5.9751233064168545,14.0,331.98
2402,02020,Anchorage Municipality,0.4595468846458013,95.0,563.32
2403,12109,St. Johns County,5.865002413533377,18.0,130.43
2404,28019,Choctaw County,0.9571598663197952,19.0,149.26
2405,29079,Grundy County,2.078103692003887,11.0,312.55
2406,37025,Cabarrus County,0.9863231446623144,12.0,255.35
2407,29225,Webster County,3.343135196538596,13.0,296.07
2408,45053,Jasper County,0.3769179009338536,8.0,323.41
2409,48043,Brewster County,13.415637433411796,23.0,756.39
2410,39005,Ashland County,1.9151756234677177,20.0,264.37
2411,31119,Madison County,1.1009400430743828,12.0,318.18
2412,12085,Martin County,4.625120069012968,10.0,367.78
2413,08079,Mineral County,4.3487239526476875,18.0,353.66
2414,13085,Dawson County,3.0758140842568227,6.0,147.47
2415,13167,Johnson County,4.302288277416756,6.0,358.03
2416,05095,Monroe County,4.331280208536994,26.0,639.5
2417,51117,Mecklenburg County,2.0230896441910327,50.0,369.52
2418,21233,Webster County,5.805834688448831,16.0,507.09999999999997
2419,40047,Garfield County,1.6641309763897556,12.0,285.78
2420,53059,Skamania County,3.039341221553298,50.0,771.18
2421,26091,Lenawee County,1.5462047734042252,25.0,328.28000000000003
2422,05123,St. Francis County,2.7782336200305244,28.0,408.23
2423,13101,Echols County,1.2056395106655922,9.0,258.64
2424,02070,Dillingham Census Area,1.09081157686538,1185.0,8423.0
2425,20105,Lincoln County,0.5776210402180434,12.0,244.4
2426,20183,Smith County,5.368687217480024,9.0,158.08
2427,12065,Jefferson County,1.9475786661960848,15.0,176.32999999999998
2428,72041,Cidra Municipio,2.926623992939141,3.0,87.23
2429,28005,Amite County,2.8769990287186062,30.0,242.46
2430,05097,Montgomery County,0.7006041046850394,29.0,368.98
2431,26025,Calhoun County,1.3014047814023153,18.0,316.24
2432,01029,Cleburne County,0.6938783002309898,14.0,219.66
2433,08123,Weld County,11.735513282590942,41.0,531.03
2434,40009,Beckham County,0.19792420197017124,25.0,417.7
2435,06049,Modoc County,6.849331902923865,114.0,502.69
2436,19153,Polk County,1.2431832157249667,23.0,620.12
2437,36085,Richmond County,6.948811548823203,,
2438,39071,Highland County,0.5606695249632881,24.0,320.38
2439,27077,Lake of the Woods County,9.12303192214802,35.0,499.96
2440,16011,Bingham County,2.701643413176326,15.0,350.22
2441,72023,Cabo Rojo Municipio,11.78686485754404,2.0,26.380000000000003
2442,72069,Humacao Municipio,0.7605988956083026,12.0,15.19
2443,72077,Juncos Municipio,1.030432753582804,2.0,28.33
2444,21139,Livingston County,0.9745090227379577,28.0,207.4
2445,13201,Miller County,0.5847315910929636,6.0,90.55000000000001
2446,47103,Lincoln County,0.33615188935267337,18.0,246.38
2447,21211,Shelby County,1.162500252989919,14.0,294.55
2448,31185,York County,1.2167535888918612,5.0,185.07
2449,42001,Adams County,0.3680677577809074,21.0,267.35
2450,45005,Allendale County,2.021602633996475,12.0,352.90999999999997
2451,47037,Davidson County,0.673569927343018,28.0,304.57
2452,49047,Uintah County,5.38919412728583,62.0,810.14
2453,49049,Utah County,2.041682565510771,46.0,459.75
2454,18021,Clay County,0.6989610154259258,7.0,116.43
2455,36047,Kings County,16.163151991956976,,
2456,45007,Anderson County,2.035347525312166,40.0,403.65
2457,56007,Carbon County,2.26822940799522,163.0,1523.26
2458,30093,Silver Bow County,4.41414255261085,21.0,272.47
2459,17177,Stephenson County,0.747694458445453,15.0,186.63
2460,26087,Lapeer County,1.244615293169483,28.0,255.9
2461,22027,Claiborne Parish,4.218699079374474,22.0,293.49
2462,48449,Titus County,3.125993291172034,23.0,241.32
2463,54027,Hampshire County,3.0191552976195855,12.0,497.08
2464,37125,Moore County,3.7171170317925237,21.0,412.44
2465,20009,Barton County,3.015175505012648,9.0,511.76
2466,38087,Slope County,3.82332409190481,14.0,586.1500000000001
2467,22083,Richland Parish,2.652309744446412,15.0,432.39
2468,31071,Garfield County,7.996047381199769,8.0,316.25
2469,22099,St. Martin Parish,3.51250189406715,34.0,469.68
2470,01119,Sumter County,0.19318771188698985,26.0,490.05
2471,01133,Winston County,4.327416573642695,25.0,392.99
2472,12117,Seminole County,8.552020297119476,14.0,158.95
2473,28035,Forrest County,1.0847229849967193,12.0,436.94
2474,26065,Ingham County,2.1977646540093603,19.0,301.09
2475,20177,Shawnee County,2.7247120722480695,14.0,317.09
2476,46061,Hanson County,3.5619071463784002,8.0,370.39
2477,27061,Itasca County,7.081299753447125,184.0,1121.79
2478,08073,Lincoln County,5.092226644569239,17.0,125.36
2479,36053,Madison County,0.20704852076297867,31.0,484.64
2480,36115,Washington County,4.264925763685658,54.0,480.64
2481,18081,Johnson County,0.2707590524968252,14.0,635.49
2482,17057,Fulton County,3.9356733142255256,15.0,487.39000000000004
2483,36103,Suffolk County,2.8679362612434627,5.0,41.81
2484,18161,Union County,5.536906080466903,8.0,68.41
2485,29119,McDonald County,1.1194979555612377,17.0,153.78
2486,31157,Scotts Bluff County,0.6993765009822868,22.0,160.87
2487,35047,San Miguel County,1.7044492553154422,57.0,871.49
2488,01081,Lee County,0.04453091750355945,22.0,328.26
2489,48367,Parker County,3.206925151224413,22.0,303.6
2490,38021,Dickey County,5.024447239509301,14.0,198.57999999999998
2491,38003,Barnes County,3.511650145219898,10.0,285.29
2492,27143,Sibley County,0.36948845900404503,41.0,423.49
2493,13293,Upson County,5.020157428279272,9.0,356.77
2494,06097,Sonoma County,1.5748870655930065,28.0,382.38
2495,26033,Chippewa County,3.595910024996561,40.0,348.67
2496,16019,Bonneville County,1.9127668522783297,67.0,508.8
2497,13013,Barrow County,3.379344363296164,5.0,159.01
2498,13183,Long County,1.8209541199225756,7.0,151.3
2499,48271,Kinney County,4.523906814255555,11.0,263.11
2500,40115,Ottawa County,0.36677729609640025,20.0,116.94999999999999
2501,42033,Clearfield County,0.8919401541112627,32.0,656.19
2502,26037,Clinton County,1.9312422078010425,22.0,294.37
2503,72133,Santa Isabel Municipio,4.058288548675793,4.0,32.410000000000004
2504,17135,Montgomery County,0.7985460774322204,25.0,339.89
2505,28003,Alcorn County,1.3662138567290676,22.0,153.43
2506,28071,Lafayette County,2.9237866681438383,29.0,173.37
2507,22043,Grant Parish,3.445891572742575,41.0,671.19
2508,29005,Atchison County,4.272427751642488,24.0,229.28
2509,17115,Macon County,2.767842349218507,16.0,142.99
2510,20167,Russell County,0.8063287376265332,19.0,554.25
2511,17155,Putnam County,3.897768817460685,11.0,97.85
2512,46055,Haakon County,8.681002301837479,30.0,309.49
2513,47111,Macon County,2.791844918302554,14.0,102.67
2514,05023,Cleburne County,0.6509839011293261,32.0,420.79
2515,01109,Pike County,2.3228348580183087,15.0,402.96999999999997
2516,16003,Adams County,0.67559956599983,34.0,490.8
2517,25005,Bristol County,3.648807965619592,40.0,215.7
2518,42107,Schuylkill County,3.459297147480965,23.0,405.58
2519,38103,Wells County,7.745284417757461,8.0,239.92000000000002
2520,37045,Cleveland County,0.34678022516529433,22.0,281.04
2521,05059,Hot Spring County,0.5791577470399963,28.0,198.6
2522,24021,Frederick County,0.24410530531564284,20.0,312.14
2523,17169,Schuyler County,6.744509715132059,10.0,353.77000000000004
2524,06051,Mono County,6.979438305551908,76.0,478.19
2525,06109,Tuolumne County,4.228379628184749,76.0,780.86
2526,35013,Doña Ana County,0.7016205472552319,6.0,102.44
2527,13081,Crisp County,1.1542458253983146,8.0,95.24
2528,05027,Columbia County,4.017430456804877,44.0,194.55
2529,38039,Griggs County,9.864202519959958,6.0,115.58
2530,06095,Solano County,5.870691086304151,23.0,132.15
2531,19043,Clayton County,2.326654077680314,14.0,405.53
2532,28163,Yazoo County,7.075239797026596,29.0,386.97
2533,19067,Floyd County,4.510936342845301,7.0,324.01
2534,21145,McCracken County,0.7031811489851931,20.0,226.84
2535,21225,Union County,1.4340953953210507,16.0,280.54
2536,46125,Turner County,5.891044280311929,10.0,191.74
2537,47029,Cocke County,3.0654301101410297,16.0,277.93
2538,47067,Hancock County,1.0304043182380376,13.0,197.32
2539,47071,Hardin County,1.7993953601290786,32.0,270.72
2540,45067,Marion County,2.0608678130582323,11.0,370.25
2541,72057,Guayama Municipio,7.291945247464695,1.0,52.71
2542,22117,Washington Parish,2.5522739907297054,17.0,320.41
2543,29207,Stoddard County,7.363052029151693,40.0,462.42
2544,13093,Dooly County,7.083711666386692,11.0,309.26
2545,27145,Stearns County,3.6611674702410113,55.0,480.36
2546,31155,Saunders County,1.7737406463842313,24.0,354.01
2547,27141,Sherburne County,1.8700582740433096,20.0,446.24
2548,46035,Davison County,5.589724380642481,10.0,380.30999999999995
2549,47025,Claiborne County,1.7410934606767068,27.0,299.58
2550,48337,Montague County,11.258889869728746,21.0,407.43
2551,48049,Brown County,1.741992392566721,10.0,284.04
2552,55101,Racine County,7.05599624929322,23.0,217.7
2553,55115,Shawano County,2.612350411547308,25.0,612.34
2554,19009,Audubon County,1.5043129780061448,6.0,323.40999999999997
2555,48207,Haskell County,9.093302468009812,12.0,440.96
2556,40083,Logan County,1.2799148802318763,21.0,487.55
2557,36065,Oneida County,0.07934960927858191,83.0,898.21
2558,08065,Lake County,0.6847533648029277,15.0,227.16
2559,40121,Pittsburg County,5.510176392030735,47.0,399.28
2560,54017,Doddridge County,1.1104928978800452,7.0,193.60999999999999
2561,54105,Wirt County,0.6192140221323094,12.0,363.61
2562,33003,Carroll County,0.12509987576184417,81.0,356.98
2563,54095,Tyler County,1.124062808935428,7.0,343.65
2564,26081,Kent County,0.37951279297965324,31.0,461.3
2565,37147,Pitt County,2.61963501437798,21.0,398.55
2566,30009,Carbon County,1.5929795300914598,61.0,1038.02
2567,31167,Stanton County,3.2907171215397333,14.0,348.62
2568,13001,Appling County,4.793155643123073,12.0,399.43
2569,25007,Dukes County,21.84717621082506,,
2570,38049,McHenry County,4.674860601091785,19.0,439.1
2571,31179,Wayne County,1.522828285667445,12.0,167.02
2572,38045,LaMoure County,5.069691025070873,6.0,153.98
2573,16023,Butte County,8.000350447182086,30.0,246.84
2574,33007,Coos County,0.75248136223579,74.0,605.47
2575,38043,Kidder County,16.710613484689365,6.0,26.560000000000002
2576,48273,Kleberg County,9.846070725190378,11.0,449.54
2577,18127,Porter County,2.6489566406079215,19.0,196.37
2578,26009,Antrim County,2.179923169717177,30.0,249.63
2579,45069,Marlboro County,2.0546059200119147,15.0,282.06
2580,16009,Benewah County,3.0348869509079583,26.0,302.11
2581,17103,Lee County,3.2271890823942724,18.0,415.97
2582,31127,Nemaha County,2.5611938126582223,9.0,183.32999999999998
2583,37031,Carteret County,12.938269424736129,8.0,258.34999999999997
2584,20149,Pottawatomie County,4.913976879862642,16.0,311.4
2585,26075,Jackson County,1.1909764207836697,45.0,303.15
2586,48091,Comal County,5.379324018872075,7.0,326.5
2587,25019,Nantucket County,39.76231671710647,,
2588,45009,Bamberg County,2.0810183831083275,7.0,253.85999999999999
2589,48007,Aransas County,2.6583384760074824,8.0,445.41
2590,13019,Berrien County,3.1389321910557006,8.0,279.7
2591,18165,Vermillion County,3.0657060062071078,10.0,275.44
2592,51019,Bedford County,2.8324926267990613,26.0,587.98
2593,35033,Mora County,13.06935425531252,28.0,618.76
2594,31011,Boone County,1.8612816647771182,7.0,143.12
2595,29149,Oregon County,11.03847562809005,13.0,196.9
2596,47083,Houston County,3.2854226432512603,12.0,96.29
2597,42131,Wyoming County,1.4454657999717848,17.0,385.52
2598,37107,Lenoir County,0.2051347083528992,11.0,327.71
2599,16059,Lemhi County,2.3400059124841635,88.0,1251.73
2600,21183,Ohio County,2.2164001598060357,18.0,501.04
2601,31153,Sarpy County,6.681720907686665,17.0,445.04
2602,13071,Colquitt County,0.49262585869479103,9.0,284.41
2603,46117,Stanley County,8.90850946679914,48.0,242.48999999999998
2604,32031,Washoe County,9.624408802410283,91.0,384.55
2605,47073,Hawkins County,0.5970405271617567,31.0,201.77
2606,38011,Bowman County,6.707955056686598,33.0,451.74
2607,42057,Fulton County,2.0337081423143535,14.0,230.49
2608,22055,Lafayette Parish,0.9987806055995164,14.0,162.63
2609,48237,Jack County,13.068527446028094,8.0,42.06
2610,17175,Stark County,1.4626334224882225,5.0,219.26000000000002
2611,40055,Greer County,0.5741736559063451,13.0,314.0
2612,48211,Hemphill County,5.644342225646946,15.0,70.14
2613,16069,Nez Perce County,3.753770992655475,19.0,609.55
2614,46129,Walworth County,13.12808306457635,21.0,72.97999999999999
2615,06055,Napa County,2.0331736321503735,28.0,181.68
2616,40033,Cotton County,1.663997105591872,20.0,352.64
2617,29221,Washington County,3.1025038184311793,13.0,289.4
2618,36011,Cayuga County,0.6499179240558323,30.0,326.52
2619,48417,Shackelford County,8.609289867145295,6.0,291.88
2620,48407,San Jacinto County,2.683206501497563,19.0,445.05
2621,13179,Liberty County,2.822802187537796,12.0,228.23000000000002
2622,48349,Navarro County,8.768087631613978,32.0,393.81
2623,48047,Brooks County,17.269316920781883,4.0,24.060000000000002
2624,47187,Williamson County,3.7717279731586135,17.0,295.99
2625,56021,Laramie County,8.291446600491303,32.0,430.07
2626,53003,Asotin County,0.30645939449081305,22.0,288.14
2627,27155,Traverse County,5.385647360366891,25.0,131.0
2628,17017,Cass County,2.8250574771612995,13.0,277.99
2629,13247,Rockdale County,0.6532729239027022,5.0,157.49
2630,42067,Juniata County,0.18931989254607812,8.0,225.89
2631,42083,McKean County,0.9605488025192026,39.0,319.14
2632,40049,Garvin County,3.0364112952034876,16.0,537.19
2633,31021,Burt County,5.357680834911995,28.0,346.19
2634,35045,San Juan County,23.778171668435053,57.0,366.91
2635,36073,Orleans County,2.5944853465367435,8.0,190.53
2636,22031,De Soto Parish,0.0015794076335833595,53.0,381.65999999999997
2637,06019,Fresno County,14.067167988798262,74.0,991.98
2638,19095,Iowa County,0.8650264850365759,12.0,244.76
2639,31019,Buffalo County,9.604612658672538,15.0,477.08
2640,40007,Beaver County,2.786316339979705,26.0,273.33
2641,19023,Butler County,5.6925122487252935,17.0,437.33
2642,30085,Roosevelt County,4.800447667657727,28.0,512.22
2643,72017,Barceloneta Municipio,2.8708826505771605,1.0,16.91
2644,51670,Hopewell city,1.8998270987426598,2.0,24.17
2645,17201,Winnebago County,2.899212890451574,20.0,450.39
2646,04007,Gila County,2.1709531049166806,58.0,764.72
2647,24045,Wicomico County,1.82962183577916,18.0,210.01
2648,21043,Carter County,1.7333887886990942,12.0,233.57
2649,37097,Iredell County,0.09250224459611146,23.0,465.9
2650,51083,Halifax County,1.0494460093880587,42.0,487.39
2651,37091,Hertford County,2.373049097008446,12.0,210.65
2652,36057,Montgomery County,0.6178123219751066,15.0,318.53999999999996
2653,13123,Gilmer County,1.043485018571397,9.0,147.27
2654,27135,Roseau County,4.14032950916968,28.0,276.42
2655,28089,Madison County,2.5760778210129778,22.0,315.22
2656,48227,Howard County,5.356292466871951,8.0,55.25
2657,54099,Wayne County,3.3992916589909994,20.0,290.95
2658,12049,Hardee County,0.10080616430784367,16.0,282.1
2659,39025,Clermont County,0.6506777065185856,19.0,285.75
2660,48501,Yoakum County,66.99249826369027,,
2661,41071,Yamhill County,5.15911184850246,18.0,425.15000000000003
2662,19115,Louisa County,1.376248047080841,13.0,303.21
2663,20049,Elk County,0.411109462240027,18.0,217.43
2664,39121,Noble County,0.7709171192266556,15.0,176.74
2665,39137,Putnam County,2.9707610839130565,15.0,333.91
2666,48425,Somervell County,0.6499737588753429,5.0,117.36
2667,42075,Lebanon County,3.388584104032796,19.0,287.5
2668,30035,Glacier County,3.7008355868757685,98.0,861.15
2669,32027,Pershing County,7.291999526829831,22.0,152.85
2670,27087,Mahnomen County,0.7293238811610849,16.0,240.43
2671,34031,Passaic County,0.06399460297958653,27.0,188.22
2672,30047,Lake County,8.105950940415433,46.0,426.36
2673,48261,Kenedy County,17.89050500231347,2.0,366.62
2674,48033,Borden County,24.89838009014264,2.0,9.75
2675,29157,Perry County,0.7303215087085883,23.0,249.18
2676,48411,San Saba County,1.354096747317934,18.0,480.13
2677,40073,Kingfisher County,2.0297728427682245,16.0,510.04
2678,48051,Burleson County,3.5968669479981368,15.0,448.72999999999996
2679,36035,Fulton County,0.5520582568278531,53.0,293.61
2680,28133,Sunflower County,1.1527971027660238,22.0,377.89
2681,48247,Jim Hogg County,35.65443677667061,,
2682,08017,Cheyenne County,12.615126500849707,1.0,11.92
2683,41005,Clackamas County,0.554800434008482,42.0,839.9
2684,05113,Polk County,0.3846336112599508,43.0,405.75
2685,13193,Macon County,0.3703422638306704,8.0,335.89
2686,18007,Benton County,5.553166755152681,16.0,149.08
2687,47129,Morgan County,0.21030741137768555,25.0,428.45
2688,46043,Douglas County,8.60952467619419,2.0,60.34
2689,24047,Worcester County,5.475444190789018,13.0,132.74
2690,17185,Wabash County,2.119795949161565,12.0,130.32
2691,18069,Huntington County,1.9503318735310107,16.0,408.78
2692,21209,Scott County,2.3388338919775755,11.0,269.52
2693,19053,Decatur County,5.122617268087534,16.0,170.31
2694,18169,Wabash County,3.460612388818403,11.0,434.98
2695,18003,Allen County,1.358202582500173,33.0,293.51
2696,18099,Marshall County,3.5627070174396755,11.0,146.16
2697,31171,Thomas County,6.773139976042252,3.0,368.63
2698,42077,Lehigh County,1.1081492172157816,14.0,222.15
2699,31159,Seward County,4.048547777373281,15.0,359.18
2700,36015,Chemung County,3.339742272379825,17.0,192.46
2701,36121,Wyoming County,0.46263678662829116,21.0,523.11
2702,06099,Stanislaus County,5.549788910370717,14.0,330.25
2703,42095,Northampton County,1.8877391858789976,19.0,303.71999999999997
2704,01103,Morgan County,2.6686578144642024,23.0,232.88
2705,21027,Breckinridge County,0.5072636139628125,35.0,314.95
2706,31113,Logan County,6.027755194781018,2.0,172.0
2707,31121,Merrick County,6.717915595234058,10.0,194.57
2708,31161,Sheridan County,2.5186741808115216,32.0,400.27
2709,21039,Carlisle County,3.8239661913065945,25.0,100.82
2710,56025,Natrona County,6.6926516851134075,75.0,972.61
2711,13321,Worth County,2.9137850414727566,7.0,133.85
2712,18109,Morgan County,0.7551784363613253,15.0,537.67
2713,48139,Ellis County,0.8601230760963343,26.0,290.28
2714,13229,Pierce County,2.2036314593468416,10.0,402.09
2715,60010,Eastern District,3770.2986763232157,,
2716,18053,Grant County,0.7697129966475101,7.0,195.45
2717,12035,Flagler County,2.7554209126160707,11.0,91.54
2718,28077,Lawrence County,0.6939818359994728,8.0,234.05
2719,22127,Winn Parish,0.6854647208181869,39.0,622.07
2720,17073,Henry County,0.8507325920468888,19.0,435.55
2721,55087,Outagamie County,5.4001314852815625,11.0,348.64
2722,29107,Lafayette County,1.1567682805344095,22.0,453.59000000000003
2723,37195,Wilson County,2.8357219187399956,15.0,222.13
2724,39117,Morrow County,0.7751549555124535,11.0,230.79
2725,30039,Granite County,1.5123978276790808,43.0,664.08
2726,38031,Foster County,3.9783209388023795,5.0,138.15
2727,05033,Crawford County,0.9658351339517852,36.0,288.3
2728,48053,Burnet County,1.1701848398600374,37.0,485.9
2729,29186,Ste. Genevieve County,3.1631328528214784,23.0,282.79
2730,48179,Gray County,2.1384789461677003,19.0,73.25
2731,17109,McDonough County,2.231595009630988,10.0,234.03
2732,19137,Montgomery County,0.8472250848211438,9.0,401.13
2733,05067,Jackson County,0.9769064643759486,39.0,840.75
2734,48229,Hudspeth County,44.73317632408901,2.0,649.26
2735,28101,Newton County,4.065490530491663,21.0,196.74
2736,37163,Sampson County,0.46493761818723756,12.0,332.8
2737,47127,Moore County,0.9921237643107996,5.0,163.95
2738,12103,Pinellas County,3.5629874171666454,4.0,167.52
2739,72019,Barranquitas Municipio,4.040934489460444,3.0,77.64
2740,17065,Hamilton County,2.3025301929342086,20.0,177.67000000000002
2741,05105,Perry County,0.30469226477907907,20.0,267.85
2742,20023,Cheyenne County,4.90005704647482,10.0,57.97
2743,08029,Delta County,0.591690704430813,45.0,577.64
2744,19185,Wayne County,7.26047621101133,10.0,71.19
2745,48165,Gaines County,53.237703883148434,,
2746,01093,Marion County,0.27632657754458484,21.0,343.03999999999996
2747,37189,Watauga County,4.170746225537399,19.0,242.55999999999997
2748,51770,Roanoke city,1.3576853432217069,5.0,71.21000000000001
2749,48317,Martin County,27.52156936361995,,
2750,48037,Bowie County,2.2445651570943874,48.0,423.40999999999997
2751,49057,Weber County,3.026259741981693,23.0,123.84
2752,29127,Marion County,1.382719284220644,23.0,302.16
2753,36045,Jefferson County,0.3776933789756162,48.0,682.71
2754,18097,Marion County,2.7062186011115332,18.0,519.5799999999999
2755,05017,Chicot County,0.6294300167764263,37.0,295.19
2756,13021,Bibb County,0.9441662679895777,11.0,346.18
2757,72059,Guayanilla Municipio,1.5562533072471663,2.0,17.86
2758,72131,San Sebastián Municipio,0.2204564952967427,7.0,76.56
2759,05115,Pope County,1.8612166891374904,27.0,298.07
2760,51175,Southampton County,1.7764504055151122,21.0,449.04
2761,48183,Gregg County,0.44942335434384467,9.0,296.8
2762,36087,Rockland County,1.6841984124830434,18.0,104.08
2763,05089,Marion County,3.665606346920047,22.0,556.66
2764,51800,Suffolk city,5.756563536637912,17.0,160.18
2765,08041,El Paso County,20.78983172735453,6.0,94.67999999999999
2766,29187,St. Francois County,4.348577196561604,15.0,296.92
2767,48475,Ward County,14.483336514401387,2.0,397.26
2768,08061,Kiowa County,19.60287864660841,3.0,44.29
2769,48487,Wilbarger County,4.813031001782798,15.0,317.19
2770,41015,Curry County,0.985821847239431,59.0,536.15
2771,08119,Teller County,0.6841772152433823,14.0,282.67
2772,29049,Clinton County,0.6426095019736506,7.0,148.0
2773,53045,Mason County,3.641246085333524,36.0,352.17
2774,37127,Nash County,0.5896135816433146,13.0,394.08
2775,51199,York County,7.06939626038654,9.0,125.67
2776,16047,Gooding County,1.2434292292191171,22.0,290.53000000000003
2777,47167,Tipton County,1.1661471224441329,22.0,121.86
2778,22121,West Baton Rouge Parish,3.94458331990429,16.0,362.96
2779,29171,Putnam County,4.623687896860037,21.0,270.41
2780,56039,Teton County,2.1867453251700617,193.0,1547.87
2781,55043,Grant County,2.4170093979966873,31.0,405.68
2782,38059,Morton County,3.2897463819838757,32.0,742.71
2783,37041,Chowan County,7.004061320877385,2.0,9.26
2784,37021,Buncombe County,3.9244958162858663,17.0,302.69
2785,06063,Plumas County,4.98987458309953,89.0,730.5
2786,51730,Petersburg city,3.6928778733410548,1.0,15.87
2787,13175,Laurens County,0.855836711343647,17.0,391.76
2788,36061,New York County,6.691613541027465,,
2789,05007,Benton County,5.3459136355477,22.0,235.97
2790,72071,Isabela Municipio,2.792260177125786,42.0,29.07
2791,12083,Marion County,1.6010827735889581,17.0,147.91
2792,51135,Nottoway County,2.2720103505002927,14.0,265.6
2793,34041,Warren County,1.6426063774893924,15.0,252.13
2794,36021,Columbia County,2.438049979146302,24.0,300.71999999999997
2795,51690,Martinsville city,2.5584526567644357,1.0,41.25
2796,29165,Platte County,0.10197384161276582,10.0,280.47
2797,29021,Buchanan County,2.9914125957866027,15.0,477.68
2798,01083,Limestone County,2.5546684898287775,35.0,211.55
2799,18065,Henry County,0.9675126829447797,13.0,344.63
2800,31143,Polk County,6.466174256242523,5.0,211.22
2801,39123,Ottawa County,3.558221481952132,14.0,206.72
2802,27107,Norman County,3.7886250263263728,20.0,636.01
2803,27053,Hennepin County,5.422131868343438,28.0,537.58
2804,42027,Centre County,0.965599707592064,38.0,570.52
2805,48025,Bee County,1.9978959750668521,5.0,155.59
2806,47077,Henderson County,2.2934061930538268,29.0,218.18
2807,19171,Tama County,6.986437258662981,14.0,253.95
2808,20175,Seward County,1.0527205425824657,1.0,45.69
2809,19135,Monroe County,0.13582561605751162,10.0,198.91
2810,31147,Richardson County,1.6188248362958106,19.0,223.62
2811,17021,Christian County,0.6489911034116754,11.0,209.5
2812,12089,Nassau County,10.341258129200902,17.0,171.4
2813,12133,Washington County,4.286589727919631,10.0,235.37
2814,13007,Baker County,3.2606247373598336,6.0,228.19
2815,13275,Thomas County,4.586393345903792,11.0,193.7
2816,21005,Anderson County,0.008604871990847123,5.0,343.45
2817,21185,Oldham County,2.8900660084833643,10.0,186.94
2818,13057,Cherokee County,0.3363888081893627,16.0,283.88
2819,38065,Oliver County,1.0863705543994444,29.0,227.71
2820,26133,Osceola County,6.004677520397775,19.0,243.97
2821,47109,McNairy County,1.7452359996498499,19.0,139.72
2822,53001,Adams County,23.774233703515804,11.0,306.57
2823,29057,Dade County,4.710850412477482,21.0,177.67000000000002
2824,22101,St. Mary Parish,1.442140774877063,28.0,465.55
2825,50007,Chittenden County,1.8486282143818966,21.0,230.72
2826,69085,Northern Islands Municipality,5518.487794654718,,
2827,27079,Le Sueur County,3.1436246683261455,27.0,277.53
2828,53017,Douglas County,6.3886381911765255,42.0,450.26
2829,36009,Cattaraugus County,2.555383559224275,45.0,472.55
2830,55027,Dodge County,4.826280851257928,22.0,386.59
2831,19105,Jones County,0.2347993169270511,9.0,494.21
2832,20007,Barber County,7.32893544158487,18.0,298.37
2833,29169,Pulaski County,0.29769002230857255,6.0,490.99
2834,47151,Scott County,2.4279450017984208,23.0,228.17
2835,46031,Corson County,1.0540016913005517,54.0,517.28
2836,46053,Gregory County,3.2615721728029534,35.0,190.65
2837,37181,Vance County,2.995640979025337,15.0,274.05
2838,21033,Caldwell County,3.457494679718322,17.0,238.87
2839,45011,Barnwell County,0.956857797762942,19.0,481.93
2840,47039,Decatur County,0.8397176524781722,22.0,151.64000000000001
2841,18009,Blackford County,2.793199115362334,5.0,127.4
2842,01055,Etowah County,0.8301929413087875,21.0,413.05
2843,16025,Camas County,0.5037315905279236,31.0,303.89
2844,20155,Reno County,5.744749975068283,17.0,632.5
2845,40001,Adair County,4.415461013617946,16.0,211.89000000000001
2846,39085,Lake County,16.881964864428628,8.0,142.86
2847,51775,Salem city,0.7907544296895724,2.0,53.46
2848,51121,Montgomery County,3.4282101657032182,18.0,388.39
2849,47065,Hamilton County,2.6079925537392357,37.0,270.71
2850,35035,Otero County,12.217046563156089,12.0,133.23
2851,35003,Catron County,8.80288506731756,53.0,410.12
2852,01091,Marengo County,8.241372497957766,16.0,469.01
2853,56023,Lincoln County,5.99414583016773,95.0,1112.15
2854,29011,Barton County,4.738163791516467,11.0,187.06
2855,48057,Calhoun County,2.8710056920496108,13.0,725.47
2856,51735,Poquoson city,7.20789341049619,2.0,86.82
2857,54075,Pocahontas County,3.234585920924637,16.0,567.54
2858,48077,Clay County,5.193621480408649,16.0,187.32
2859,51095,James City County,0.7626995811754508,12.0,92.12
2860,31101,Keith County,1.5357557331595488,17.0,196.97
2861,31137,Phelps County,11.424310055067467,10.0,69.56
2862,22019,Calcasieu Parish,2.146487835969627,53.0,701.39
2863,22111,Union Parish,2.845016650657503,42.0,486.51
2864,40135,Sequoyah County,2.9552589930253044,46.0,275.07
2865,42073,Lawrence County,1.1030234322829784,20.0,245.49
2866,39067,Harrison County,1.82214712646012,27.0,237.78
2867,37003,Alexander County,1.9295582171604966,20.0,257.56
2868,34009,Cape May County,6.535498387722939,12.0,218.38000000000002
2869,33005,Cheshire County,0.5205580318536879,57.0,392.97
2870,27089,Marshall County,1.2990367604480095,25.0,681.79
2871,51101,King William County,0.31264692805744687,20.0,171.58
2872,08055,Huerfano County,5.34133685738758,16.0,235.19
2873,48255,Karnes County,4.162497211324935,5.0,395.38
2874,47023,Chester County,1.0313267349264412,17.0,156.81
2875,17171,Scott County,2.89008815292603,4.0,202.56
2876,48003,Andrews County,61.84690657081887,,
2877,39109,Miami County,1.475496581653219,8.0,318.21
2878,31169,Thayer County,0.13072490863119982,11.0,209.11
2879,47033,Crockett County,2.8312099416063057,8.0,121.03000000000002
2880,19079,Hamilton County,1.32321795778874,17.0,685.86
2881,39165,Warren County,4.747446832890701,16.0,434.88
2882,13255,Spalding County,3.6062957429736233,9.0,320.18
2883,34019,Hunterdon County,1.5871259546476248,19.0,293.77
2884,29217,Vernon County,4.508594244329317,14.0,325.61
2885,18121,Parke County,3.3300899872473777,10.0,368.73
2886,19069,Franklin County,6.197737422843244,13.0,312.34
2887,13035,Butts County,4.3148206461012775,14.0,362.75
2888,08039,Elbert County,13.851492076293699,7.0,75.72
2889,40145,Wagoner County,1.0579111734626891,12.0,234.88
2890,30083,Richland County,12.961690561398614,33.0,875.5
2891,05003,Ashley County,3.2155781282921496,47.0,682.32
2892,05041,Desha County,2.4588346914563584,36.0,821.49
2893,72147,Vieques Municipio,4.561665879335674,2.0,0.22000000000000003
2894,47135,Perry County,1.1322827875757988,17.0,459.75
2895,48147,Fannin County,1.4889115218530522,22.0,293.79
2896,20043,Doniphan County,5.241025585457981,13.0,199.04000000000002
2897,48265,Kerr County,1.0182153064605233,12.0,213.46
2898,12053,Hernando County,6.18623995203866,4.0,93.8
2899,12129,Wakulla County,13.281307496394138,6.0,179.36
2900,12131,Walton County,0.13133103988715944,31.0,523.49
2901,28017,Chickasaw County,3.0155106017992774,16.0,216.97
2902,29025,Caldwell County,1.1751317215390835,4.0,125.0
2903,12107,Putnam County,6.697774817343657,21.0,129.44
2904,18025,Crawford County,0.044773075882659503,12.0,217.97
2905,29111,Lewis County,1.292227331146069,20.0,366.76
2906,31075,Grant County,19.742248391393026,2.0,11.7
2907,21055,Crittenden County,0.23037392183721705,17.0,272.09000000000003
2908,19147,Palo Alto County,1.293405578102084,21.0,420.92
2909,19159,Ringgold County,0.13143704018936073,18.0,221.31
2910,37151,Randolph County,5.769770606723781,17.0,411.12
2911,24015,Cecil County,3.5403645858993844,26.0,227.34
2912,18171,Warren County,2.747962114050395,11.0,313.89
2913,31077,Greeley County,9.87632137214744,10.0,348.89
2914,31095,Jefferson County,5.700201466971208,9.0,163.59
2915,31151,Saline County,2.346455494340389,9.0,283.61
2916,21119,Knott County,0.7342662670661623,9.0,201.26
2917,19045,Clinton County,5.045395534772586,20.0,350.40999999999997
2918,27063,Jackson County,8.683112620684703,30.0,208.39
2919,27039,Dodge County,2.1440775686216105,9.0,168.28
2920,27047,Freeborn County,2.1982110863091333,41.0,311.29
2921,06009,Calaveras County,4.463266707039391,32.0,457.21999999999997
2922,25001,Barnstable County,8.05313662510431,14.0,35.84
2923,51119,Middlesex County,3.8656422104871195,7.0,47.6
2924,42065,Jefferson County,0.952525132414932,13.0,380.11
2925,18089,Lake County,3.077545248598544,21.0,209.54
2926,21075,Fulton County,2.35253072073839,26.0,104.77
2927,20079,Harvey County,0.06699303279567165,15.0,305.77
2928,30021,Dawson County,19.155198255477387,16.0,647.35
2929,54091,Taylor County,0.48757969329862944,9.0,116.83
2930,26111,Midland County,0.5141677256194916,18.0,265.25
2931,28119,Quitman County,2.210319666694679,26.0,273.01
2932,21093,Hardin County,1.8833292699849766,21.0,552.04
2933,17081,Jefferson County,3.3540614108069753,18.0,219.4
2934,46057,Hamlin County,7.484243970385326,16.0,253.13
2935,55069,Lincoln County,1.2129335033576358,43.0,359.8
2936,36033,Franklin County,2.2635255997672035,107.0,752.92
2937,51630,Fredericksburg city,2.0803034961914806,1.0,100.45
2938,46007,Bennett County,3.0096306502099637,16.0,281.32
2939,22115,Vernon Parish,2.1224562254753145,54.0,594.17
2940,23019,Penobscot County,0.8493271472302788,266.0,1503.12
2941,24041,Talbot County,17.373648341024563,5.0,204.34
2942,13257,Stephens County,1.3284633823297238,11.0,117.65
2943,06065,Riverside County,13.430505833169235,51.0,412.08
2944,05005,Baxter County,6.898946603086106,22.0,489.76
2945,28007,Attala County,1.793254203450532,31.0,199.63
2946,19169,Story County,0.2753805835472232,12.0,354.68
2947,20011,Bourbon County,3.474922442136889,12.0,171.65
2948,42031,Clarion County,0.6037562360136315,18.0,503.96999999999997
2949,46097,Miner County,23.44018761599142,,
2950,46073,Jerauld County,0.9931951611186494,3.0,40.760000000000005
2951,18031,Decatur County,1.2398190398667874,9.0,323.88
2952,18037,Dubois County,1.306154313906284,25.0,448.56
2953,51057,Essex County,2.368602174714771,13.0,103.82
2954,45089,Williamsburg County,4.760662189711439,11.0,446.4
2955,36031,Essex County,0.468960349337178,131.0,832.37
2956,19195,Worth County,0.10279559198330555,13.0,196.45
2957,40063,Hughes County,8.182556105325329,17.0,593.77
2958,51027,Buchanan County,2.287301627156536,16.0,144.0
2959,51005,Alleghany County,0.48623235859579655,14.0,437.05
2960,28087,Lowndes County,0.01930088790433798,27.0,211.36
2961,18143,Scott County,0.5431883476881584,12.0,124.36
2962,08099,Prowers County,9.048653209001039,14.0,127.89999999999999
2963,48435,Sutton County,25.82096463570344,2.0,33.54
2964,72121,Sabana Grande Municipio,0.1162503152561049,2.0,11.03
2965,40101,Muskogee County,4.113809178312176,33.0,329.01
2966,19005,Allamakee County,2.0958629287651154,22.0,257.40000000000003
2967,48061,Cameron County,1.7841757950444588,17.0,751.09
2968,48339,Montgomery County,0.9870977121436059,34.0,495.5
2969,08071,Las Animas County,3.988443664135241,37.0,416.25
2970,48299,Llano County,5.19005643297454,31.0,269.51
2971,48319,Mason County,2.5950424229016136,11.0,332.33
2972,37043,Clay County,2.4879973705510006,18.0,104.28
2973,36071,Orange County,0.9308004134315668,65.0,501.74
2974,36093,Schenectady County,4.431906478514181,6.0,219.67
2975,54059,Mingo County,2.365283868251286,15.0,351.9
2976,51065,Fluvanna County,1.0649802585086086,6.0,335.99
2977,17097,Lake County,19.75108606647052,19.0,293.25
2978,13195,Madison County,2.200326598359664,12.0,183.1
2979,05039,Dallas County,0.5022703507048205,45.0,388.86
2980,08057,Jackson County,5.207940697449502,81.0,499.49
2981,08063,Kit Carson County,20.425643014835934,2.0,23.51
2982,16073,Owyhee County,6.924634655865541,147.0,1182.94
2983,55141,Wood County,1.7864773406772758,26.0,319.01
2984,36013,Chautauqua County,3.603989926548333,41.0,387.13
2985,13067,Cobb County,1.9943625915468324,4.0,191.65
2986,26041,Delta County,10.756712671898606,21.0,379.25
2987,05131,Sebastian County,1.527615128094998,25.0,209.51
2988,06087,Santa Cruz County,3.056332024131954,14.0,145.76
2989,13191,McIntosh County,4.242171684521008,17.0,145.09
2990,13207,Monroe County,3.2328296222201636,13.0,408.19
2991,29069,Dunklin County,0.04720412166634817,26.0,375.08
2992,48483,Wheeler County,6.471730841105214,27.0,116.47
2993,13117,Forsyth County,2.121359952538037,10.0,297.16
2994,48409,San Patricio County,8.02481030209726,12.0,175.41
2995,28147,Walthall County,1.432787153325364,7.0,141.25
2996,29137,Monroe County,0.7089468019951068,30.0,366.75
2997,26073,Isabella County,1.9024415631875475,15.0,213.16
2998,48341,Moore County,4.311746073201706,8.0,53.74
2999,45017,Calhoun County,2.7651543054768952,17.0,274.85
3000,56035,Sublette County,4.124967543284292,119.0,1424.97
3001,29095,Jackson County,2.337946312995569,21.0,332.46
3002,13281,Towns County,0.8232760584343468,10.0,43.29
3003,26149,St. Joseph County,1.4697851672405398,43.0,294.33
3004,17055,Franklin County,3.9541828275395434,14.0,250.52
3005,30033,Garfield County,17.821223370749994,41.0,409.55
3006,31001,Adams County,6.270432028364985,5.0,124.11
3007,27109,Olmsted County,1.0893818852440627,20.0,294.58
3008,34039,Union County,0.04206022695306397,6.0,125.02
3009,72139,Trujillo Alto Municipio,0.7987150596630574,1.0,42.19
3010,01097,Mobile County,3.334106183335694,30.0,535.16
3011,46087,McCook County,2.5428207404467322,6.0,96.35
3012,01057,Fayette County,4.361358316649018,16.0,382.06
3013,01017,Chambers County,1.7576744433650138,23.0,243.64
3014,37131,Northampton County,2.0103267079497305,16.0,318.76
3015,08081,Moffat County,6.365053838471941,75.0,684.05
3016,21087,Green County,0.7241303854721194,9.0,471.56
3017,18047,Franklin County,1.6058361749682997,20.0,222.29000000000002
3018,37013,Beaufort County,4.461238863562654,19.0,247.63
3019,72073,Jayuya Municipio,0.3903982048527987,7.0,27.12
3020,38015,Burleigh County,9.935951857266824,18.0,206.55
3021,37159,Rowan County,1.4202019213147017,45.0,502.6
3022,26071,Iron County,1.336056078328432,84.0,609.61
3023,27067,Kandiyohi County,1.3580899237821018,38.0,271.73
3024,21237,Wolfe County,1.7108846614319695,6.0,245.49999999999997
3025,48149,Fayette County,0.20420092943800627,14.0,501.51
3026,46081,Lawrence County,2.7434198153795766,24.0,402.71999999999997
3027,23029,Washington County,0.26530305815064403,222.0,961.73
3028,48045,Briscoe County,10.318263951169692,8.0,107.25
3029,26131,Ontonagon County,18.10543304453893,34.0,471.9
3030,28015,Carroll County,1.1737070681659905,18.0,213.57
3031,38033,Golden Valley County,7.5141219530831025,8.0,267.81
3032,56027,Niobrara County,3.315738813547113,55.0,639.17
3033,27117,Pipestone County,0.4063742311446621,13.0,151.03
3034,51099,King George County,4.402480943806381,9.0,141.46
3035,53025,Grant County,1.6483949988859232,67.0,684.89
3036,27129,Renville County,4.667298700054116,31.0,414.93
3037,12001,Alachua County,10.320129102715946,13.0,131.5
3038,13241,Rabun County,0.2522455373716969,24.0,147.4
3039,54097,Upshur County,1.6542965079659666,12.0,298.56
3040,29215,Texas County,2.6514813740810035,20.0,424.0
3041,05119,Pulaski County,0.8143701674814874,45.0,414.35
3042,19047,Crawford County,1.876064390544537,10.0,329.23
3043,16005,Bannock County,0.4590879002476512,30.0,424.79
3044,39055,Geauga County,0.8951568683965834,21.0,227.89
3045,72035,Cayey Municipio,2.777362910334293,3.0,60.370000000000005
3046,06107,Tulare County,0.7818815374296425,61.0,786.44
3047,72015,Arroyo Municipio,3.9323793216083067,,
3048,72125,San Germán Municipio,1.7011704961471195,4.0,36.62
3049,36117,Wayne County,6.432417187322902,26.0,290.83
3050,51163,Rockbridge County,0.1738065627008016,17.0,461.49
3051,38095,Towner County,2.1258403356758317,17.0,60.89
3052,42045,Delaware County,2.90266204643414,5.0,26.03
3053,36063,Niagara County,4.224322744275318,24.0,317.08
3054,20117,Marshall County,4.143633281137623,15.0,274.71
3055,48505,Zapata County,8.32974876072106,17.0,171.85999999999999
3056,13177,Lee County,0.12184514352169633,10.0,205.34
3057,21019,Boyd County,1.0967846364623932,10.0,92.79
3058,27019,Carver County,2.1368896337980514,20.0,314.7
3059,31037,Colfax County,1.1559138138385134,13.0,275.94
3060,45025,Chesterfield County,2.0029153049665287,19.0,392.22999999999996
3061,17083,Jersey County,11.983179684034052,10.0,234.42
3062,51085,Hanover County,4.5902047924004545,12.0,306.84
3063,20199,Wallace County,6.847008112744265,7.0,55.14999999999999
3064,26003,Alger County,44.16919677181491,35.0,357.41
3065,05049,Fulton County,0.8382634520454015,20.0,328.45
3066,48215,Hidalgo County,28.74499965042108,8.0,327.97
3067,37155,Robeson County,1.6372203881760292,28.0,363.02
3068,26123,Newaygo County,0.7148395877442769,29.0,361.62
3069,41049,Morrow County,3.0958634906049634,22.0,509.09999999999997
3070,27153,Todd County,2.380456730748445,33.0,411.37
3071,05083,Logan County,4.084427794048043,26.0,264.92
3072,37109,Lincoln County,2.9929976696597445,16.0,233.96
3073,05091,Miller County,3.2795270505166036,33.0,262.57
3074,12095,Orange County,6.438942023164659,33.0,236.39
3075,08111,San Juan County,0.8192214220299765,6.0,178.75
3076,16041,Franklin County,0.16895753270632297,23.0,198.04
3077,13045,Carroll County,1.4109058388874653,11.0,277.9
3078,20161,Riley County,0.8154492582696529,24.0,313.26
3079,48413,Schleicher County,24.741680136923037,5.0,131.73999999999998
3080,51167,Russell County,2.167268580820333,15.0,284.87
3081,37027,Caldwell County,3.7774300990194294,24.0,261.32
3082,16065,Madison County,2.4784037506848584,12.0,350.35999999999996
3083,18173,Warrick County,1.8397468046216523,15.0,162.19
3084,21001,Adair County,0.11559554932007454,17.0,272.11
3085,21077,Gallatin County,3.703459760278865,16.0,156.72
3086,21097,Harrison County,0.5409326238781949,10.0,321.84000000000003
3087,22079,Rapides Parish,0.7842891906875484,81.0,820.48
3088,31111,Lincoln County,6.611028591695685,27.0,331.2
3089,48067,Cass County,1.1775296687942007,29.0,370.53999999999996
3090,47079,Henry County,0.5284363196564816,40.0,261.34
3091,51840,Winchester city,4.866122727523291,,
3092,37061,Duplin County,3.6301470111481096,13.0,216.44
3093,37087,Haywood County,2.4763075127781957,17.0,176.35999999999999
3094,27037,Dakota County,0.19285395485941825,15.0,482.55
3095,41025,Harney County,7.521403456885598,157.0,1072.09
3096,72095,Maunabo Municipio,5.942651296398471,,
3097,55001,Adams County,1.5047148451659307,36.0,257.81
3098,27095,Mille Lacs County,1.9049579889930843,23.0,237.65
3099,38099,Walsh County,3.434951990944411,21.0,577.48
3100,39115,Morgan County,1.2351783558704794,10.0,250.88
3101,39133,Portage County,0.3159510330891624,30.0,205.17
3102,56041,Uinta County,4.04387786244102,58.0,460.91
3103,32013,Humboldt County,4.022435520365192,148.0,799.29
3104,13307,Webster County,0.7031182352421457,5.0,185.31
3105,13169,Jones County,1.410707354191039,12.0,388.52
3106,13135,Gwinnett County,0.8014375765438139,12.0,411.41
3107,55095,Polk County,0.5660473036071256,42.0,399.75
3108,55045,Green County,2.1367982685646374,20.0,259.90999999999997
3109,72107,Orocovis Municipio,1.4882377896957057,6.0,77.43
3110,36079,Putnam County,1.089080573441202,27.0,151.99
3111,51700,Newport News city,0.9998989654094262,4.0,19.78
3112,08011,Bent County,9.015551488877568,12.0,416.06
3113,40065,Jackson County,0.8277584931663627,21.0,388.38
3114,30089,Sanders County,1.2113218719301144,80.0,766.2
3115,48173,Glasscock County,16.15268539024729,1.0,0.81
3116,05047,Franklin County,2.2063858978845103,22.0,224.21
3117,30037,Golden Valley County,4.97153181758602,7.0,382.28
3118,37101,Johnston County,1.0435814629733713,20.0,507.65999999999997
3119,06085,Santa Clara County,3.4985023936705955,63.0,322.38
3120,45019,Charleston County,6.9353225558958735,17.0,303.64
3121,53005,Benton County,2.5649593175789844,12.0,542.54
3122,29001,Adair County,3.0034910365326795,17.0,298.53999999999996
3123,39043,Erie County,8.32458196408665,9.0,118.65
3124,17183,Vermilion County,0.029271589080366887,20.0,278.69
3125,29189,St. Louis County,5.342616004464785,15.0,560.0899999999999
3126,17007,Boone County,1.3114958722256203,5.0,133.88
3127,06103,Tehama County,3.8203225389950113,74.0,883.47
3128,55025,Dane County,4.03211037509524,39.0,316.06
3129,48151,Fisher County,5.069538678907751,8.0,412.67
3130,22085,Sabine Parish,1.0143110581422665,67.0,495.34000000000003
3131,17137,Morgan County,3.6609612797199174,9.0,312.18
3132,22067,Morehouse Parish,3.749418650218988,24.0,574.29
3133,21029,Bullitt County,1.7631327076989542,11.0,321.98
3134,01047,Dallas County,0.20243996460687344,30.0,711.48
3135,48093,Comanche County,1.9907290020744797,27.0,414.56
3136,30053,Lincoln County,2.2999850874696928,116.0,883.9
3137,72129,San Lorenzo Municipio,0.2045923688170878,5.0,51.239999999999995
3138,72135,Toa Alta Municipio,0.4174121665673107,2.0,69.58
3139,27021,Cass County,2.938504393789799,160.0,947.79
3140,08007,Archuleta County,1.738150595404975,32.0,418.53
3141,16063,Lincoln County,4.223816618697512,8.0,109.44
3142,42071,Lancaster County,1.8630463210860084,58.0,486.65999999999997
3143,55057,Juneau County,1.3816598213940008,43.0,434.23
3144,02090,Fairbanks North Star Borough,3.407906932371716,296.0,3716.98
3145,21101,Henderson County,0.11030081510494522,23.0,543.5799999999999
3146,12093,Okeechobee County,0.564564664698634,38.0,221.98000000000002
3147,13291,Union County,0.2050072038418891,18.0,165.14
3148,19013,Black Hawk County,0.27709206846210627,14.0,378.94
3149,48403,Sabine County,3.252199003828671,53.0,260.74
3150,39131,Pike County,1.7736428357006073,16.0,281.46999999999997
3151,01125,Tuscaloosa County,0.9912143659815034,25.0,446.46
3152,01131,Wilcox County,1.7608917108141748,32.0,403.26
3153,28097,Montgomery County,5.922851620821532,17.0,85.39
3154,31099,Kearney County,17.224854823448542,3.0,16.54
3155,31087,Hitchcock County,1.1970879714799165,13.0,139.98
3156,10003,New Castle County,2.5792400084876164,17.0,96.24
3157,16081,Teton County,0.2230016919666026,18.0,125.39999999999999
3158,17161,Rock Island County,0.6117928035071429,24.0,378.81
3159,51073,Gloucester County,1.5476114037369302,12.0,71.32000000000001
3160,05133,Sevier County,2.072563682711856,44.0,335.4
3161,18017,Cass County,0.11181538288670914,11.0,429.78999999999996
3162,16077,Power County,3.970829810934454,21.0,223.3
3163,18015,Carroll County,2.070543016599642,12.0,451.6
3164,42101,Philadelphia County,4.699333727555742,8.0,146.9
3165,56043,Washakie County,21.918789140854496,40.0,603.79
3166,37029,Camden County,0.40201542808953644,12.0,135.76
3167,36109,Tompkins County,0.02497780070415846,30.0,252.07
3168,05069,Jefferson County,1.3454031805963746,34.0,787.45
3169,05079,Lincoln County,0.40477166967431366,16.0,453.6500000000001
3170,22065,Madison Parish,1.9856487571904524,20.0,520.67
3171,30105,Valley County,10.577913797314132,39.0,842.77
3172,13313,Whitfield County,1.1886782481668061,10.0,153.9
3173,20203,Wichita County,42.41850214150813,,
3174,46023,Charles Mix County,10.267849859723295,45.0,180.93
3175,31027,Cedar County,0.91025490505466,26.0,224.48999999999998
3176,53035,Kitsap County,10.053520588552667,11.0,60.989999999999995
3177,17111,McHenry County,3.2585714954602714,16.0,296.44
3178,30069,Petroleum County,4.448964283811442,30.0,471.11
3179,29033,Carroll County,7.37893561362176,18.0,637.39
3180,53075,Whitman County,2.0962283845090464,31.0,564.46
3181,27147,Steele County,0.3068908866464293,12.0,185.66
3182,21117,Kenton County,3.473503302074275,8.0,228.81
3183,19037,Chickasaw County,2.6137684321781345,9.0,329.09000000000003
3184,17037,DeKalb County,0.7348090883450197,17.0,284.58
3185,19081,Hancock County,1.418308256288125,11.0,314.04
3186,38089,Stark County,2.2554732598146003,13.0,255.44
3187,26095,Luce County,6.324269343632273,33.0,320.77
3188,40019,Carter County,3.5073655373708044,18.0,518.24
3189,37139,Pasquotank County,3.9518435568570585,8.0,84.65
3190,35055,Taos County,3.9545413100611766,29.0,439.17
3191,28011,Bolivar County,0.4866315263370269,25.0,660.67
3192,32023,Nye County,15.278971779081239,98.0,340.97
3193,21069,Fleming County,2.9537110031845595,8.0,421.44
3194,55019,Clark County,0.7128630690697717,37.0,545.6899999999999
3195,45091,York County,0.4047591502618493,30.0,344.64
3196,18001,Adams County,4.228780017471396,8.0,124.92999999999999
3197,22005,Ascension Parish,3.3833986775362463,18.0,461.57
3198,28155,Webster County,3.4033562380141458,16.0,130.02
3199,25011,Franklin County,0.9421301226250309,46.0,348.28999999999996
3200,31031,Cherry County,0.9202591757952838,61.0,1143.08
3201,30001,Beaverhead County,1.5508188584185858,217.0,1618.86
3202,29143,New Madrid County,1.0099016908985026,34.0,482.94
3203,05057,Hempstead County,1.1101690087561968,32.0,353.6
3204,29029,Camden County,2.490221256790145,19.0,247.10999999999999
3205,51031,Campbell County,2.071835712188645,20.0,550.95
3206,39105,Meigs County,2.7938001307815834,17.0,489.27
3207,54067,Nicholas County,0.6077420487991898,24.0,423.55
3208,40053,Grant County,4.41544056892208,16.0,227.12
3209,46115,Spink County,4.131041100398534,16.0,483.56
3210,50027,Windsor County,1.961031956530456,40.0,507.67
3211,48455,Trinity County,5.011331798253096,36.0,412.84999999999997
3212,35001,Bernalillo County,0.8029540040379703,4.0,114.12
3213,13205,Mitchell County,2.55251504703619,4.0,155.10999999999999
3214,15001,Hawaii County,24.397745796738846,36.0,263.33
3215,21147,McCreary County,3.907696980613924,19.0,331.53000000000003
3216,21191,Pendleton County,1.9989358999746951,12.0,445.27000000000004
3217,21215,Spencer County,0.658375603647035,16.0,291.14
3218,30041,Hill County,4.329675875847496,28.0,451.40999999999997
3219,31175,Valley County,0.3519592792985784,23.0,435.14
3220,48069,Castro County,33.23393958702906,,
3221,24043,Washington County,0.4262187455867025,37.0,300.49
3222,21133,Letcher County,0.06415121168116172,9.0,275.90999999999997
3223,34033,Salem County,0.5819820262675195,14.0,184.11
3224,47119,Maury County,0.4737538898310347,10.0,372.32000000000005
3225,56015,Goshen County,1.9090346984519104,26.0,497.76
3226,55107,Rusk County,1.0968769187208547,40.0,488.58
3227,55133,Waukesha County,4.276417393536056,36.0,219.63
3228,21079,Garrard County,0.31945705646086353,11.0,415.05
3229,53009,Clallam County,7.381293031568811,74.0,610.79
3230,53065,Stevens County,0.02716488494513787,81.0,798.02
3231,19177,Van Buren County,1.8191520203207867,11.0,321.90999999999997
3232,31073,Gosper County,11.068131322963605,7.0,97.63
3233,28095,Monroe County,3.045655295968177,33.0,319.31
3234,12033,Escambia County,2.676104570102158,27.0,340.59000000000003
