,geo_id,county_name,distance_to_lines_km,transmission_lines_count,max_voltage,average_voltage
0,40075,Kiowa County,16.455467348134288,10.0,138.0,110.4
1,46079,Lake County,2.1658566042729137,18.0,69.0,69.0
2,37033,Caswell County,10.562934186744593,3.0,230.0,230.0
3,48377,Presidio County,6.887894645664207,4.0,69.0,69.0
4,39057,Greene County,1.588567889582583,44.0,345.0,112.9090909090909
5,48489,Willacy County,13.309840764944674,3.0,138.0,138.0
6,72021,Bayamón Municipio,95.90493118280851,0.0,0.0,0.0
7,35028,Los Alamos County,5.330295914454842,1.0,115.0,115.0
8,40023,Choctaw County,5.702335865597792,16.0,345.0,150.9375
9,20041,Dickinson County,5.4611623168062255,11.0,345.0,156.8181818181818
10,48427,Starr County,11.258913024847871,10.0,345.0,142.0
11,13103,Effingham County,5.3115397152850266,19.0,500.0,226.05263157894737
12,40129,Roger Mills County,20.381004216847217,5.0,230.0,174.8
13,55103,Richland County,4.702686189253915,16.0,161.0,74.75
14,35025,Lea County,3.9406283586566184,106.0,345.0,107.31886792452829
15,01075,Lamar County,8.69452970883154,5.0,161.0,161.0
16,72054,Florida Municipio,52.99165726459999,0.0,0.0,0.0
17,47117,Marshall County,2.9686890162910644,14.0,161.0,161.0
18,51011,Appomattox County,7.86123722357063,4.0,115.0,115.0
19,05087,Madison County,12.236091208498946,4.0,69.0,69.0
20,22089,St. Charles Parish,5.241101977864234,30.0,230.0,230.0
21,05111,Poinsett County,4.977854197572288,11.0,161.0,119.18181818181819
22,12045,Gulf County,13.594456969573569,6.0,230.0,130.33333333333334
23,47063,Hamblen County,3.374092494980824,4.0,500.0,245.75
24,21007,Ballard County,1.7427815880194508,4.0,161.0,92.0
25,48009,Archer County,8.07449617787953,20.0,345.0,133.4
26,48023,Baylor County,2.369973849591017,8.0,138.0,86.25
27,48405,San Augustine County,15.864794245464864,0.0,0.0,0.0
28,32029,Storey County,9.205332734380505,4.0,345.0,176.25
29,13249,Schley County,11.772581629419497,1.0,230.0,230.0
30,48313,Madison County,12.723329988698381,1.0,345.0,345.0
31,06077,San Joaquin County,0.16495184870304977,151.0,230.0,98.47682119205298
32,28159,Winston County,7.933854827356151,5.0,161.0,161.0
33,21103,Henry County,6.165970872264357,8.0,345.0,112.125
34,21167,Mercer County,3.107253010767594,41.0,345.0,100.97560975609755
35,31183,Wheeler County,17.986213117515852,5.0,345.0,124.2
36,21135,Lewis County,6.958018774099611,5.0,765.0,208.2
37,27051,Grant County,3.3032986243498703,4.0,115.0,115.0
38,28053,Humphreys County,2.516792819470734,5.0,115.0,115.0
39,01025,Clarke County,6.036054370380906,15.0,115.0,115.0
40,20017,Chase County,3.7824939098576076,4.0,345.0,172.5
41,21221,Trigg County,9.27860070111891,4.0,161.0,115.0
42,19099,Jasper County,5.047703397726496,9.0,345.0,140.55555555555554
43,28153,Wayne County,2.781472982322044,16.0,230.0,112.125
44,48101,Cottle County,7.62680458770217,8.0,345.0,192.625
45,51081,Greensville County,3.167054287270634,12.0,230.0,134.16666666666666
46,12105,Polk County,3.7294163406172016,128.0,230.0,137.28125
47,48503,Young County,8.425220066088675,15.0,345.0,170.2
48,01123,Tallapoosa County,0.9371183363370174,40.0,230.0,120.75
49,33015,Rockingham County,1.1016904014920874,44.0,345.0,162.04545454545453
50,08105,Rio Grande County,94.24980399084933,0.0,0.0,0.0
51,19149,Plymouth County,2.9809247847924003,39.0,345.0,102.02564102564102
52,36123,Yates County,9.543350613810402,11.0,115.0,115.0
53,53033,King County,6.380619862871166,140.0,500.0,146.07142857142858
54,41017,Deschutes County,24.69132607535021,1.0,69.0,69.0
55,19155,Pottawattamie County,4.568935294855704,47.0,345.0,137.51063829787233
56,29043,Christian County,7.944074751451857,19.0,161.0,117.42105263157895
57,72039,Ciales Municipio,59.83573597994089,0.0,0.0,0.0
58,28073,Lamar County,8.545147136606593,40.0,161.0,104.65
59,18137,Ripley County,6.069987839611048,21.0,345.0,101.85714285714286
60,38057,Mercer County,6.515532995797737,20.0,345.0,189.75
61,13147,Hart County,1.0820259901358684,10.0,230.0,172.5
62,22049,Jackson Parish,4.448473615555444,6.0,115.0,115.0
63,51133,Northumberland County,12.612462666509158,0.0,0.0,0.0
64,48157,Fort Bend County,3.056188341905214,54.0,345.0,176.33333333333334
65,55047,Green Lake County,4.1977306471388856,13.0,138.0,95.53846153846153
66,30073,Pondera County,186.58530320292553,0.0,0.0,0.0
67,55127,Walworth County,3.3322812658964107,31.0,138.0,109.06451612903226
68,32021,Mineral County,8.48100440308866,4.0,120.0,118.75
69,18067,Howard County,3.583015784107827,14.0,230.0,164.28571428571428
70,18125,Pike County,3.8446227470311727,19.0,345.0,127.10526315789474
71,21047,Christian County,2.3718871538347575,30.0,161.0,96.6
72,26045,Eaton County,2.192309261505177,11.0,345.0,169.36363636363637
73,19179,Wapello County,2.534749948991707,12.0,161.0,115.0
74,06025,Imperial County,8.79041703741734,94.0,500.0,108.20212765957447
75,26027,Cass County,0.5095007191121422,25.0,345.0,154.56
76,44001,Bristol County,1.4324732257371127,5.0,115.0,115.0
77,48035,Bosque County,8.467118896178981,11.0,138.0,69.0
78,44005,Newport County,2.6030544317017137,17.0,115.0,115.0
79,39045,Fairfield County,1.2511534351012186,53.0,345.0,91.13207547169812
80,38069,Pierce County,2.1424363469013334,13.0,230.0,135.8923076923077
81,17015,Carroll County,13.39128264905676,2.0,161.0,161.0
82,27125,Red Lake County,5.20028105950663,3.0,115.0,115.0
83,41031,Jefferson County,13.309590576801313,1.0,500.0,500.0
84,47021,Cheatham County,7.008355710782933,8.0,500.0,180.375
85,30055,McCone County,101.30909263119466,0.0,0.0,0.0
86,19019,Buchanan County,13.542909622137513,2.0,345.0,253.0
87,17043,DuPage County,3.601252288143999,98.0,345.0,205.59183673469389
88,46047,Fall River County,16.515322117455614,2.0,69.0,69.0
89,27069,Kittson County,5.4012822956063,9.0,115.0,99.66666666666667
90,13219,Oconee County,5.398462061147487,9.0,230.0,140.55555555555554
91,48493,Wilson County,7.581152609801604,6.0,345.0,172.5
92,31059,Fillmore County,4.916071432136877,4.0,115.0,115.0
93,12079,Madison County,8.014138496685701,18.0,115.0,112.44444444444444
94,72031,Carolina Municipio,117.24585255512106,0.0,0.0,0.0
95,18153,Sullivan County,1.4824952170467687,18.0,345.0,134.16666666666666
96,04012,La Paz County,19.09457396138558,6.0,500.0,250.33333333333334
97,13027,Brooks County,8.479637867385676,5.0,230.0,184.0
98,02016,Aleutians West Census Area,1571.1006276136798,0.0,0.0,0.0
99,02150,Kodiak Island Borough,67.4751097744401,2.0,138.0,138.0
100,20185,Stafford County,6.59964683247801,9.0,115.0,94.55555555555556
101,13271,Telfair County,17.659080493734116,0.0,0.0,0.0
102,26115,Monroe County,8.324288961041887,37.0,345.0,208.05405405405406
103,18181,White County,2.0949885281474425,7.0,345.0,285.85714285714283
104,18113,Noble County,2.353375458891204,24.0,345.0,140.875
105,13133,Greene County,4.3671718049668575,1.0,230.0,230.0
106,46017,Buffalo County,15.834634950851775,6.0,230.0,149.5
107,46095,Mellette County,36.026763021997546,0.0,0.0,0.0
108,48135,Ector County,2.510947262901291,55.0,345.0,155.56363636363636
109,48293,Limestone County,14.125853429910205,9.0,345.0,161.0
110,53027,Grays Harbor County,69.30191786915452,0.0,0.0,0.0
111,54003,Berkeley County,6.710451849088842,13.0,138.0,138.0
112,72149,Villalba Municipio,60.48787269768133,0.0,0.0,0.0
113,30067,Park County,95.20930383059307,0.0,0.0,0.0
114,48121,Denton County,1.3803497803459825,21.0,345.0,177.42857142857142
115,45021,Cherokee County,0.6831700620040544,32.0,230.0,144.53125
116,37199,Yancey County,1.1186879077351797,8.0,115.0,115.0
117,48387,Red River County,4.005341814894789,4.0,345.0,155.25
118,48321,Matagorda County,2.7225087194060107,27.0,345.0,176.33333333333334
119,27149,Stevens County,1.6896019778854796,6.0,115.0,115.0
120,13301,Warren County,6.945497110043571,2.0,500.0,307.5
121,48197,Hardeman County,2.513080676799578,5.0,345.0,165.6
122,17133,Monroe County,11.852109532796465,7.0,345.0,197.14285714285714
123,13165,Jenkins County,2.9189374876078844,4.0,115.0,115.0
124,21085,Grayson County,3.7006416519093634,13.0,138.0,79.61538461538461
125,48363,Palo Pinto County,23.893069682778684,4.0,345.0,224.25
126,13149,Heard County,9.421039047186408,18.0,500.0,217.5
127,01079,Lawrence County,7.230354395459774,17.0,161.0,161.0
128,72061,Guaynabo Municipio,101.89287290080178,0.0,0.0,0.0
129,28093,Marshall County,7.177196198357318,21.0,161.0,161.0
130,20025,Clark County,6.73049484349248,6.0,34.5,34.5
131,20081,Haskell County,5.390589967875006,6.0,138.0,118.83333333333333
132,22013,Bienville Parish,10.653008169060637,2.0,500.0,307.5
133,13295,Walker County,4.4877735640763685,13.0,230.0,175.15384615384616
134,27167,Wilkin County,12.33256692611902,5.0,41.6,41.6
135,17157,Randolph County,13.95800356911011,20.0,138.0,106.95
136,23011,Kennebec County,7.218642966571853,16.0,345.0,143.75
137,51173,Smyth County,6.701902258601141,10.0,765.0,200.7
138,35041,Roosevelt County,5.278719891280377,24.0,345.0,112.95833333333333
139,42111,Somerset County,7.818897109657977,12.0,115.0,115.0
140,51191,Washington County,1.8262588075859922,10.0,500.0,174.2
141,37081,Guilford County,1.7081577085089705,95.0,230.0,116.42105263157895
142,16001,Ada County,56.845130225641725,0.0,0.0,0.0
143,40039,Custer County,1.3585973100156101,31.0,345.0,131.32258064516128
144,39101,Marion County,2.1421358637509593,12.0,138.0,138.0
145,17149,Pike County,11.691442577631427,13.0,138.0,79.61538461538461
146,17203,Woodford County,9.225641613075538,6.0,345.0,207.0
147,13245,Richmond County,2.4233336024150915,69.0,230.0,136.66666666666666
148,18167,Vigo County,2.844848888838208,50.0,345.0,135.24
149,18039,Elkhart County,3.839320618722882,23.0,345.0,183.0
150,51077,Grayson County,22.192070719412033,1.0,69.0,69.0
151,48303,Lubbock County,1.4650679604319463,62.0,230.0,109.06451612903226
152,27093,Meeker County,1.7614228463919746,24.0,115.0,74.75
153,53037,Kittitas County,34.11415429285936,4.0,500.0,500.0
154,18135,Randolph County,3.5864639014145423,7.0,345.0,138.0
155,49025,Kane County,54.12823126081942,0.0,0.0,0.0
156,27113,Pennington County,6.662068413611342,7.0,115.0,115.0
157,53073,Whatcom County,7.991643695254952,18.0,115.0,101.66666666666667
158,41021,Gilliam County,25.759773638008664,3.0,500.0,500.0
159,34029,Ocean County,2.4807244703598155,19.0,230.0,230.0
160,05009,Boone County,4.119698194040502,8.0,161.0,161.0
161,40031,Comanche County,3.1485828770330118,45.0,138.0,113.46666666666667
162,48253,Jones County,14.036392750644502,15.0,345.0,239.2
163,48185,Grimes County,3.6632419817918564,18.0,345.0,218.5
164,26049,Genesee County,4.130312347007148,34.0,345.0,150.1764705882353
165,22007,Assumption Parish,25.352261737510265,0.0,0.0,0.0
166,28013,Calhoun County,2.897071828869483,5.0,161.0,161.0
167,28041,Greene County,3.9634180929175606,15.0,161.0,90.46666666666667
168,29059,Dallas County,7.975109617772604,3.0,345.0,161.0
169,51143,Pittsylvania County,3.464909506990382,29.0,230.0,111.82758620689656
170,02068,Denali Borough,60.65640402032555,3.0,138.0,138.0
171,20145,Pawnee County,2.6608422401165615,6.0,230.0,93.91666666666667
172,20209,Wyandotte County,2.707582399755099,29.0,161.0,156.24137931034483
173,12029,Dixie County,12.024610188718698,7.0,69.0,69.0
174,26157,Tuscola County,3.1364514326089434,21.0,345.0,199.28571428571428
175,02240,Southeast Fairbanks Census Area,142.55747728372324,6.0,138.0,138.0
176,20065,Graham County,2.241016443200867,8.0,115.0,64.6875
177,22097,St. Landry Parish,4.933904831801619,22.0,500.0,171.1818181818182
178,47055,Giles County,2.211527851543143,5.0,161.0,161.0
179,39095,Lucas County,0.7704266751019959,36.0,345.0,166.75
180,05093,Mississippi County,3.426593172073949,29.0,500.0,207.75862068965517
181,72117,Rincón Municipio,11.171940758877163,0.0,0.0,0.0
182,28043,Grenada County,6.984999923404029,7.0,230.0,167.57142857142858
183,21213,Simpson County,0.5205573943991669,14.0,161.0,121.57142857142857
184,50013,Grand Isle County,11.393717703838707,2.0,115.0,115.0
185,39029,Columbiana County,7.302645120088217,14.0,345.0,197.14285714285714
186,51125,Nelson County,10.136268328538513,3.0,138.0,138.0
187,12097,Osceola County,4.579884818763382,39.0,500.0,148.89743589743588
188,05053,Grant County,9.910292226348627,6.0,500.0,243.33333333333334
189,18033,DeKalb County,5.652733152113273,13.0,345.0,143.30769230769232
190,22073,Ouachita Parish,1.9501416399480882,29.0,500.0,154.82758620689654
191,22095,St. John the Baptist Parish,8.272345925054509,9.0,500.0,260.0
192,22091,St. Helena Parish,10.417361334701718,1.0,115.0,115.0
193,29197,Schuyler County,2.3225239208289814,7.0,161.0,82.14285714285714
194,01059,Franklin County,7.424702035011682,12.0,500.0,189.25
195,21041,Carroll County,2.553607978603076,15.0,345.0,147.2
196,08019,Clear Creek County,26.335023775191832,0.0,0.0,0.0
197,48267,Kimble County,4.874444138075729,2.0,345.0,345.0
198,46027,Clay County,1.3236814733560693,27.0,230.0,83.48148148148148
199,10005,Sussex County,5.301334480687105,51.0,230.0,114.54901960784314
200,13159,Jasper County,2.260149614666207,8.0,230.0,129.375
201,29175,Randolph County,2.0957715008337345,20.0,161.0,138.0
202,20015,Butler County,4.755395802009345,48.0,345.0,97.75
203,48209,Hays County,9.975581566417246,33.0,345.0,140.0909090909091
204,53015,Cowlitz County,19.229009081158324,3.0,500.0,228.0
205,48297,Live Oak County,23.47199446006442,1.0,230.0,230.0
206,31091,Hooker County,50.543082800327454,0.0,0.0,0.0
207,51147,Prince Edward County,4.518670007058849,7.0,230.0,147.85714285714286
208,49007,Carbon County,70.99788598898677,0.0,0.0,0.0
209,42017,Bucks County,8.204395321357465,48.0,500.0,158.83333333333334
210,46059,Hand County,1.0924836269793539,25.0,230.0,81.88
211,42081,Lycoming County,13.237900297054413,14.0,230.0,161.0
212,16057,Latah County,34.692845453605386,0.0,0.0,0.0
213,13237,Putnam County,5.388711771010527,6.0,230.0,230.0
214,51640,Galax city,0.12416249156874642,2.0,69.0,69.0
215,35037,Quay County,6.877269023026259,10.0,115.0,88.55
216,48269,King County,24.46114526563678,1.0,69.0,69.0
217,05073,Lafayette County,1.850214272418707,8.0,115.0,86.25
218,48451,Tom Green County,1.0673371448388866,46.0,345.0,124.0
219,21031,Butler County,1.501040989643188,6.0,161.0,99.66666666666667
220,78020,St. John Island,252.30222822554978,0.0,0.0,0.0
221,56005,Campbell County,77.49854750010708,2.0,115.0,115.0
222,13211,Morgan County,4.040785768477998,10.0,230.0,149.5
223,05037,Cross County,3.134833477385625,15.0,161.0,105.8
224,05107,Phillips County,2.550297864989998,14.0,230.0,147.85714285714286
225,22093,St. James Parish,4.3417435496768615,4.0,230.0,230.0
226,78030,St. Thomas Island,227.26550288683532,0.0,0.0,0.0
227,19061,Dubuque County,0.7016004190660393,50.0,345.0,96.6
228,51075,Goochland County,7.761063455260941,2.0,230.0,230.0
229,20181,Sherman County,6.039284664671464,9.0,115.0,115.0
230,39139,Richland County,1.7501181175974294,19.0,138.0,138.0
231,17001,Adams County,4.9345921153791625,15.0,345.0,154.86666666666667
232,39021,Champaign County,8.349639131114921,6.0,138.0,138.0
233,33019,Sullivan County,8.983684974859969,4.0,115.0,115.0
234,17075,Iroquois County,6.218045373516586,5.0,138.0,138.0
235,19157,Poweshiek County,19.344226360506223,1.0,161.0,161.0
236,39169,Wayne County,0.838593514751694,18.0,345.0,149.5
237,13113,Fayette County,3.277653085286879,21.0,500.0,149.76190476190476
238,13141,Hancock County,5.406826389363346,6.0,500.0,198.33333333333334
239,48259,Kendall County,9.107371213094487,12.0,345.0,149.5
240,36039,Greene County,11.108427092026187,20.0,345.0,135.7
241,51137,Orange County,6.216333549497767,13.0,115.0,115.0
242,40089,McCurtain County,1.4672334273654937,28.0,138.0,138.0
243,13277,Tift County,0.16234283867188606,21.0,230.0,131.42857142857142
244,31025,Cass County,4.239323854628216,14.0,345.0,134.71428571428572
245,46077,Kingsbury County,5.228133094182214,14.0,69.0,63.128571428571426
246,56009,Converse County,66.99981219288284,0.0,0.0,0.0
247,36043,Herkimer County,25.542471307681645,26.0,230.0,123.84615384615384
248,38047,Logan County,11.314825731162026,6.0,345.0,153.33333333333334
249,26053,Gogebic County,28.1804608298635,2.0,115.0,92.0
250,27005,Becker County,13.860280177930111,24.0,230.0,95.83333333333333
251,01095,Marshall County,5.607462990943602,16.0,500.0,182.1875
252,28157,Wilkinson County,24.83423605158053,2.0,115.0,115.0
253,02282,Yakutat City and Borough,398.20176391281694,0.0,0.0,0.0
254,20179,Sheridan County,2.1431807528741422,4.0,115.0,54.625
255,28079,Leake County,4.113452730791806,11.0,161.0,152.63636363636363
256,72025,Caguas Municipio,107.5988323044987,0.0,0.0,0.0
257,72027,Camuy Municipio,19.10463969490274,0.0,0.0,0.0
258,28025,Clay County,7.8164711506497975,12.0,500.0,160.5
259,28037,Franklin County,8.781582274472788,7.0,115.0,115.0
260,72143,Vega Alta Municipio,76.85483830946762,0.0,0.0,0.0
261,19015,Boone County,2.1617022532802124,6.0,345.0,191.66666666666666
262,48373,Polk County,8.590511740476517,10.0,138.0,117.3
263,31051,Dixon County,5.2547370103266715,8.0,69.0,69.0
264,24025,Harford County,9.653641523791606,34.0,500.0,166.91176470588235
265,45037,Edgefield County,7.899638417303026,17.0,115.0,115.0
266,51001,Accomack County,4.679925558142238,23.0,138.0,78.0
267,47173,Union County,5.511657057407552,8.0,69.0,69.0
268,54057,Mineral County,6.847342443394671,12.0,138.0,138.0
269,55003,Ashland County,21.805961229746906,4.0,115.0,115.0
270,17053,Ford County,15.829384579850093,6.0,138.0,138.0
271,38029,Emmons County,2.6292782372208405,4.0,230.0,172.5
272,06089,Shasta County,5.669788031991301,80.0,230.0,137.375
273,22113,Vermilion Parish,5.616263318876655,36.0,230.0,84.97222222222223
274,05121,Randolph County,7.282611314067456,7.0,161.0,161.0
275,55085,Oneida County,5.019784487340939,9.0,115.0,115.0
276,22035,East Carroll Parish,19.47370103373805,1.0,115.0,115.0
277,22037,East Feliciana Parish,1.499970765604698,14.0,500.0,172.07142857142858
278,22087,St. Bernard Parish,42.44319094169178,10.0,230.0,184.0
279,48481,Wharton County,7.096690569781109,27.0,345.0,153.33333333333334
280,02198,Prince of Wales-Hyder Census Area,87.3129476870433,0.0,0.0,0.0
281,02195,Petersburg Borough,48.607498687897504,1.0,115.0,115.0
282,48153,Floyd County,11.85656565797609,25.0,345.0,107.64
283,02275,Wrangell City and Borough,6.451265919314656,8.0,115.0,115.0
284,21151,Madison County,0.20188585101593454,54.0,345.0,93.70370370370371
285,51025,Brunswick County,2.131026662842697,11.0,500.0,185.0
286,47045,Dyer County,1.2022008110554199,55.0,161.0,87.4
287,47053,Gibson County,2.603434084326824,27.0,161.0,106.48148148148148
288,51149,Prince George County,7.095846757540392,12.0,500.0,147.08333333333334
289,05075,Lawrence County,8.346423718590035,6.0,161.0,161.0
290,38027,Eddy County,18.70088750661085,5.0,41.6,41.6
291,53053,Pierce County,1.7936870192984629,50.0,500.0,123.62
292,23023,Sagadahoc County,7.444916549999362,5.0,345.0,207.0
293,30097,Sweet Grass County,52.32355640253286,0.0,0.0,0.0
294,48181,Grayson County,4.08422868205848,19.0,230.0,134.3684210526316
295,42059,Greene County,2.0710062887421095,9.0,500.0,339.1111111111111
296,02188,Northwest Arctic Borough,660.5257003861226,0.0,0.0,0.0
297,20051,Ellis County,1.9226716026916637,13.0,345.0,159.23076923076923
298,01065,Hale County,2.0036369380460792,19.0,230.0,127.10526315789474
299,01105,Perry County,1.4301750640391857,8.0,230.0,129.375
300,01033,Colbert County,2.4571895034428883,42.0,161.0,161.0
301,20151,Pratt County,1.3372655197351047,11.0,115.0,115.0
302,21017,Bourbon County,2.8814995269390495,18.0,138.0,80.5
303,47149,Rutherford County,0.3898907836234903,32.0,161.0,161.0
304,13075,Cook County,1.0660124880374235,8.0,230.0,129.375
305,20101,Lane County,3.4963758645888894,2.0,115.0,115.0
306,40059,Harper County,3.470947228063584,13.0,138.0,74.3076923076923
307,17147,Piatt County,1.7612648404632403,21.0,345.0,85.42857142857143
308,48107,Crosby County,4.783019390411491,9.0,115.0,74.11111111111111
309,08009,Baca County,62.80516140955836,0.0,0.0,0.0
310,16021,Boundary County,122.550934722288,0.0,0.0,0.0
311,16007,Bear Lake County,78.24418915300167,0.0,0.0,0.0
312,39159,Union County,9.925075683201774,7.0,765.0,257.14285714285717
313,39035,Cuyahoga County,12.470398407007858,194.0,345.0,145.46907216494844
314,48285,Lavaca County,17.85517106333286,2.0,138.0,103.5
315,40105,Nowata County,5.629599364735153,13.0,345.0,127.38461538461539
316,13125,Glascock County,6.553722204115051,1.0,500.0,500.0
317,41059,Umatilla County,50.31361040836412,4.0,500.0,211.25
318,46102,Oglala Lakota County,32.0164177250609,1.0,115.0,115.0
319,02170,Matanuska-Susitna Borough,42.45386382272949,26.0,230.0,141.53846153846155
320,18035,Delaware County,1.7819935984801634,24.0,345.0,155.25
321,12075,Levy County,6.573728547025572,31.0,230.0,84.58064516129032
322,72063,Gurabo Municipio,116.23579479037491,0.0,0.0,0.0
323,72065,Hatillo Municipio,26.217666257807398,0.0,0.0,0.0
324,28045,Hancock County,5.211967395887042,27.0,230.0,123.51851851851852
325,13315,Wilcox County,4.636591652981233,2.0,115.0,115.0
326,22081,Red River Parish,8.22870572763319,3.0,230.0,230.0
327,47093,Knox County,0.9992369129502322,196.0,500.0,94.05102040816327
328,23017,Oxford County,17.544460602364452,18.0,115.0,115.0
329,25021,Norfolk County,1.4221709257353032,70.0,345.0,161.0
330,18063,Hendricks County,1.4239674979095844,44.0,345.0,89.38636363636364
331,17077,Jackson County,3.6411030923830054,18.0,161.0,106.05555555555556
332,45043,Georgetown County,2.2918196077005306,60.0,230.0,122.66666666666667
333,38041,Hettinger County,34.554055363284185,0.0,0.0,0.0
334,49019,Grand County,16.931217512045833,2.0,69.0,69.0
335,49045,Tooele County,35.373176491346484,12.0,138.0,74.75
336,51650,Hampton city,1.2412565001283191,13.0,230.0,159.23076923076923
337,55011,Buffalo County,3.987343269183568,29.0,345.0,88.03448275862068
338,51069,Frederick County,6.36470548895751,16.0,500.0,183.25
339,54041,Lewis County,4.8277861032109435,2.0,138.0,138.0
340,27119,Polk County,11.843298969339726,21.0,230.0,99.66666666666667
341,27127,Redwood County,4.13588373734535,30.0,115.0,73.6
342,47047,Fayette County,1.5449448453138073,18.0,500.0,198.66666666666666
343,60040,Swains Island,3496.2240183106,0.0,0.0,0.0
344,41041,Lincoln County,24.708682516593065,4.0,230.0,109.25
345,23031,York County,3.157064202521769,23.0,345.0,165.0
346,46029,Codington County,6.531746104315453,20.0,230.0,103.5
347,13231,Pike County,9.96205255095367,5.0,115.0,115.0
348,13259,Stewart County,9.819114290191797,4.0,115.0,115.0
349,34025,Monmouth County,4.620870600359294,16.0,500.0,246.875
350,05021,Clay County,11.623283626840802,9.0,161.0,150.77777777777777
351,05045,Faulkner County,5.3591308718047905,17.0,500.0,170.11764705882354
352,40041,Delaware County,3.569123437555341,23.0,161.0,92.0
353,19107,Keokuk County,25.889900927130203,0.0,0.0,0.0
354,17061,Greene County,1.3151851390209588,9.0,138.0,76.66666666666667
355,27075,Lake County,21.33884428949327,13.0,138.0,118.53846153846153
356,13285,Troup County,1.586184259035281,27.0,500.0,142.03703703703704
357,06023,Humboldt County,8.692847675430531,41.0,115.0,62.68292682926829
358,47043,Dickson County,3.1730319963810008,13.0,500.0,163.6153846153846
359,54081,Raleigh County,2.025078583496434,35.0,345.0,118.28571428571429
360,35005,Chaves County,0.3772520798472196,19.0,230.0,111.36842105263158
361,35049,Santa Fe County,3.911258652982064,28.0,345.0,109.25
362,06059,Orange County,0.33912072233287543,188.0,230.0,89.74468085106383
363,04023,Santa Cruz County,13.84857903309161,3.0,115.0,115.0
364,37053,Currituck County,13.712283591021732,4.0,230.0,230.0
365,17101,Lawrence County,1.5931538757458388,1.0,138.0,138.0
366,31181,Webster County,3.9561929439616397,14.0,115.0,75.57142857142857
367,17067,Hancock County,15.963565018875526,12.0,138.0,80.5
368,46067,Hutchinson County,5.074263436175969,8.0,115.0,74.75
369,41013,Crook County,44.68861875513214,7.0,500.0,335.0
370,50011,Franklin County,8.939646259152953,11.0,115.0,85.72727272727273
371,26103,Marquette County,14.150937594543363,35.0,345.0,114.34285714285714
372,37057,Davidson County,2.9521414530062136,62.0,230.0,104.19354838709677
373,17025,Clay County,4.79848392492996,12.0,345.0,109.25
374,29103,Knox County,3.918174688364094,5.0,161.0,105.8
375,29117,Livingston County,1.2546235532776608,15.0,161.0,99.66666666666667
376,42117,Tioga County,5.027608052446759,6.0,230.0,134.16666666666666
377,31043,Dakota County,4.931118881803393,18.0,230.0,85.61111111111111
378,26089,Leelanau County,47.71650695647729,2.0,138.0,103.5
379,51181,Surry County,8.796175995055535,4.0,500.0,297.5
380,29135,Moniteau County,0.23254667678767335,7.0,161.0,161.0
381,51193,Westmoreland County,7.110166602816434,1.0,230.0,230.0
382,37197,Yadkin County,1.6864905992148955,20.0,230.0,126.0
383,06047,Merced County,7.89698562106933,48.0,500.0,133.8125
384,40043,Dewey County,6.9986354646173465,16.0,345.0,163.875
385,37023,Burke County,2.9235414686585766,33.0,230.0,107.87878787878788
386,37191,Wayne County,1.5585670294110487,46.0,230.0,130.0
387,42123,Warren County,7.512749876300774,10.0,230.0,172.5
388,05061,Howard County,3.7768358101687474,14.0,69.0,69.0
389,37059,Davie County,3.540352350759174,7.0,100.0,100.0
390,37111,McDowell County,2.222350044690868,27.0,100.0,100.0
391,05099,Nevada County,12.113569802368088,5.0,115.0,115.0
392,08125,Yuma County,46.79059748123864,0.0,0.0,0.0
393,48421,Sherman County,10.671250678561172,7.0,115.0,82.14285714285714
394,48463,Uvalde County,12.447686082845744,7.0,138.0,118.28571428571429
395,39011,Auglaize County,7.488050447782351,4.0,345.0,189.75
396,22015,Bossier Parish,7.846813141307774,5.0,345.0,179.4
397,19063,Emmet County,9.098028583369867,8.0,69.0,69.0
398,20169,Saline County,1.9461061391268994,14.0,345.0,139.64285714285714
399,21153,Magoffin County,3.5744826909204055,4.0,69.0,69.0
400,48017,Bailey County,9.864202432613089,13.0,230.0,77.84615384615384
401,29027,Callaway County,2.4887626275444665,27.0,345.0,150.77777777777777
402,56001,Albany County,135.7366617230981,0.0,0.0,0.0
403,56029,Park County,122.7815579707635,0.0,0.0,0.0
404,42093,Montour County,3.4593531558421677,5.0,230.0,133.4
405,36081,Queens County,7.100611619190704,12.0,345.0,149.5
406,12121,Suwannee County,2.6207507907287155,21.0,230.0,112.80952380952381
407,26031,Cheboygan County,10.151254690118945,6.0,138.0,115.0
408,01111,Randolph County,5.417008221418572,14.0,230.0,123.21428571428571
409,37009,Ashe County,26.789381119862526,0.0,0.0,0.0
410,08033,Dolores County,48.75224369635385,0.0,0.0,0.0
411,39089,Licking County,0.7872330332646085,56.0,345.0,136.76785714285714
412,51683,Manassas city,1.0177304836357426,15.0,230.0,138.0
413,05139,Union County,2.012415859148129,28.0,500.0,156.25
414,17071,Henderson County,8.866991065647209,4.0,69.0,69.0
415,01101,Montgomery County,8.314307602573587,89.0,230.0,126.62921348314607
416,08005,Arapahoe County,88.22333514993146,0.0,0.0,0.0
417,21155,Marion County,1.8883447343158055,15.0,161.0,102.73333333333333
418,28051,Holmes County,9.452718468261859,6.0,230.0,134.16666666666666
419,28105,Oktibbeha County,4.318570061588389,16.0,500.0,153.4375
420,72037,Ceiba Municipio,161.92637727125225,0.0,0.0,0.0
421,72047,Corozal Municipio,79.4383168077613,0.0,0.0,0.0
422,30027,Fergus County,121.2765981961359,0.0,0.0,0.0
423,24023,Garrett County,10.215441778338255,15.0,500.0,181.66666666666666
424,22119,Webster Parish,9.19764401501273,15.0,115.0,115.0
425,26059,Hillsdale County,15.097278608729255,3.0,138.0,138.0
426,21141,Logan County,1.6763094168639916,16.0,161.0,109.25
427,46033,Custer County,10.8497923133704,7.0,69.0,69.0
428,33013,Merrimack County,8.748325254162198,15.0,450.0,145.0
429,42133,York County,2.3810314622406135,75.0,500.0,157.92
430,37161,Rutherford County,1.0820936703283761,37.0,230.0,108.37837837837837
431,46005,Beadle County,1.4272066318921717,37.0,230.0,85.16216216216216
432,01043,Cullman County,1.9117499552732522,28.0,500.0,197.32142857142858
433,13097,Douglas County,3.3947669726514986,14.0,230.0,164.28571428571428
434,31097,Johnson County,9.551843308684008,4.0,345.0,138.0
435,37187,Washington County,12.790643854797048,7.0,230.0,197.14285714285714
436,46075,Jones County,4.224550562714919,4.0,69.0,69.0
437,29177,Ray County,7.649102486163054,9.0,161.0,130.33333333333334
438,39073,Hocking County,7.301170644457068,8.0,138.0,94.875
439,01085,Lowndes County,3.658511160074433,15.0,500.0,148.33333333333334
440,13043,Candler County,1.9430587065320843,4.0,230.0,143.75
441,19113,Linn County,3.231476130648321,58.0,345.0,110.24137931034483
442,06105,Trinity County,10.616503561584764,10.0,230.0,99.0
443,13215,Muscogee County,1.065321268779303,19.0,230.0,121.05263157894737
444,28135,Tallahatchie County,17.326124027954567,2.0,230.0,172.5
445,20005,Atchison County,9.545357200924478,8.0,115.0,80.5
446,72081,Lares Municipio,22.60883851455644,0.0,0.0,0.0
447,17041,Douglas County,6.153686092501177,6.0,138.0,103.5
448,51079,Greene County,18.013161500798,0.0,0.0,0.0
449,66010,Guam,6113.203235269475,0.0,0.0,0.0
450,55137,Waushara County,2.4260810997741444,28.0,138.0,71.46428571428571
451,05065,Izard County,9.189099129182354,10.0,161.0,124.2
452,06053,Monterey County,11.52159467598524,68.0,230.0,72.27941176470588
453,35017,Grant County,8.158303374812297,17.0,345.0,120.41176470588235
454,29131,Miller County,12.336259674754245,15.0,161.0,145.66666666666666
455,37193,Wilkes County,3.9395933531042306,31.0,230.0,116.7741935483871
456,02110,Juneau City and Borough,18.497216002865713,7.0,138.0,108.42857142857143
457,13087,Decatur County,4.656968517173293,14.0,230.0,128.14285714285714
458,18177,Wayne County,3.817871705439099,42.0,138.0,75.57142857142857
459,21009,Barren County,1.1083559792090472,37.0,161.0,78.94594594594595
460,31093,Howard County,13.492261642419573,1.0,115.0,115.0
461,38025,Dunn County,1.2147580711633255,22.0,345.0,135.9090909090909
462,06005,Amador County,4.898029633036016,22.0,230.0,93.5909090909091
463,47049,Fentress County,2.7704592432141135,1.0,161.0,161.0
464,20031,Coffey County,4.809301127535185,16.0,345.0,86.25
465,26023,Branch County,3.01387797548368,11.0,138.0,138.0
466,31139,Pierce County,11.328988094957143,16.0,345.0,86.25
467,13023,Bleckley County,1.8624183489052926,5.0,115.0,115.0
468,13033,Burke County,3.4661853036492203,21.0,500.0,182.61904761904762
469,17181,Union County,2.112266132285576,14.0,138.0,83.78571428571429
470,17091,Kankakee County,0.9418567483420717,10.0,345.0,158.7
471,38051,McIntosh County,4.122489894834244,6.0,230.0,104.39999999999999
472,31141,Platte County,10.046485247423664,13.0,345.0,150.3846153846154
473,37185,Warren County,3.562731697330453,15.0,500.0,140.66666666666666
474,72009,Aibonito Municipio,83.36878071309789,0.0,0.0,0.0
475,13197,Marion County,15.316997684227761,1.0,230.0,230.0
476,51061,Fauquier County,13.302055992168272,13.0,500.0,206.53846153846155
477,51750,Radford city,2.249156771683758,0.0,0.0,0.0
478,32005,Douglas County,15.847282050746143,6.0,120.0,120.0
479,12037,Franklin County,7.260284637220147,8.0,69.0,69.0
480,18055,Greene County,5.085624203259577,33.0,345.0,128.24242424242425
481,18139,Rush County,3.381737820021332,22.0,345.0,84.68181818181819
482,55131,Washington County,2.6256305780031246,9.0,345.0,161.0
483,29105,Laclede County,3.0039287981763407,24.0,345.0,111.16666666666667
484,42085,Mercer County,16.622239742149784,14.0,138.0,123.21428571428571
485,41043,Linn County,23.001042981066345,2.0,500.0,500.0
486,55065,Lafayette County,4.35793147178887,22.0,138.0,75.27272727272727
487,40147,Washington County,1.4527782860708995,20.0,138.0,120.75
488,54077,Preston County,3.2979859815529107,20.0,138.0,138.0
489,69100,Rota Municipality,6035.981028621727,0.0,0.0,0.0
490,55135,Waupaca County,1.998036919090182,19.0,138.0,105.3157894736842
491,48137,Edwards County,49.93784736874812,0.0,0.0,0.0
492,41037,Lake County,50.09148628373582,12.0,500.0,328.0833333333333
493,29153,Ozark County,4.929641508631187,8.0,161.0,92.0
494,19059,Dickinson County,2.2373338267006355,39.0,345.0,87.87179487179488
495,21095,Harlan County,2.5595088998214726,30.0,161.0,81.26666666666667
496,20061,Geary County,6.521058923266557,9.0,345.0,140.55555555555554
497,42011,Berks County,0.44747785784076294,23.0,500.0,185.7391304347826
498,47019,Carter County,3.787960182381729,18.0,161.0,140.55555555555554
499,27083,Lyon County,5.469202644927566,39.0,345.0,86.6923076923077
500,51037,Charlotte County,7.093690211271035,12.0,115.0,115.0
501,47179,Washington County,1.0816947332622397,64.0,500.0,93.703125
502,45071,Newberry County,1.3326108226039284,71.0,230.0,102.98591549295774
503,51093,Isle of Wight County,5.725668147879791,9.0,500.0,234.44444444444446
504,41069,Wheeler County,20.603452479513237,3.0,115.0,115.0
505,29023,Butler County,3.2282152737377747,28.0,345.0,115.0
506,22047,Iberville Parish,7.178777065324473,42.0,500.0,190.14285714285714
507,28125,Sharkey County,14.523297096312403,2.0,115.0,115.0
508,51111,Lunenburg County,0.5369192284476088,10.0,500.0,165.0
509,38097,Traill County,11.111399721162561,17.0,69.0,69.0
510,13139,Hall County,1.0856889011575641,54.0,230.0,127.77777777777777
511,13283,Treutlen County,3.2065628453440227,4.0,115.0,115.0
512,13037,Calhoun County,4.319971737303769,1.0,115.0,115.0
513,55125,Vilas County,20.76257509274105,8.0,138.0,120.75
514,27007,Beltrami County,10.831325111815863,36.0,230.0,87.52777777777777
515,72043,Coamo Municipio,72.67060004134592,0.0,0.0,0.0
516,13055,Chattooga County,1.1047479904120352,12.0,230.0,124.58333333333333
517,45033,Dillon County,1.5120898369729419,18.0,230.0,118.83333333333333
518,37103,Jones County,10.338831626224023,8.0,230.0,215.625
519,29199,Scotland County,2.8407129972341387,7.0,69.0,69.0
520,20131,Nemaha County,2.2054307925416725,6.0,161.0,126.5
521,20137,Norton County,3.9676759732333364,2.0,115.0,115.0
522,72007,Aguas Buenas Municipio,99.93502288618825,0.0,0.0,0.0
523,72033,Cataño Municipio,98.40759982688778,0.0,0.0,0.0
524,55075,Marinette County,2.2073089255546208,30.0,345.0,103.5
525,53011,Clark County,24.478501290424497,0.0,0.0,0.0
526,55099,Price County,0.9420540146357569,8.0,115.0,109.25
527,40093,Major County,7.543901214296178,17.0,138.0,97.41176470588235
528,47125,Montgomery County,4.7775114871912665,40.0,500.0,148.775
529,53051,Pend Oreille County,76.47175326555326,0.0,0.0,0.0
530,38055,McLean County,4.391803403573363,35.0,230.0,121.0
531,41027,Hood River County,9.705238965652908,3.0,500.0,243.33333333333334
532,19197,Wright County,20.105635628586608,2.0,161.0,161.0
533,48419,Shelby County,10.151910363052888,3.0,138.0,138.0
534,29055,Crawford County,4.296970544435284,13.0,161.0,122.07692307692308
535,51017,Bath County,10.08811388531835,1.0,500.0,500.0
536,56033,Sheridan County,111.12491316823849,0.0,0.0,0.0
537,42041,Cumberland County,8.991111769706029,10.0,500.0,183.4
538,42055,Franklin County,3.015422376317681,29.0,138.0,103.10344827586206
539,42079,Luzerne County,1.332482101487763,86.0,500.0,119.6046511627907
540,26039,Crawford County,20.966663923259883,0.0,0.0,0.0
541,01113,Russell County,15.985072757769125,23.0,115.0,115.0
542,39019,Carroll County,5.808907612967209,12.0,345.0,172.5
543,05055,Greene County,7.439674739080277,15.0,161.0,141.66666666666666
544,48191,Hall County,9.126536928721237,4.0,115.0,80.5
545,55013,Burnett County,1.5816096343967836,35.0,69.0,69.0
546,35057,Torrance County,17.027249177468068,7.0,230.0,124.85714285714286
547,53049,Pacific County,43.66041987852067,0.0,0.0,0.0
548,37141,Pender County,13.769684331796755,10.0,230.0,230.0
549,48221,Hood County,1.0256228120515989,11.0,345.0,188.1818181818182
550,31177,Washington County,3.672589860328793,7.0,345.0,187.28571428571428
551,29045,Clark County,1.0892341721528194,8.0,161.0,92.0
552,21015,Boone County,2.2098968973812667,48.0,345.0,126.5
553,21229,Washington County,3.8270160785296827,9.0,138.0,76.66666666666667
554,22009,Avoyelles Parish,4.420815591138866,4.0,138.0,138.0
555,28137,Tate County,0.5748009892580221,2.0,115.0,115.0
556,29227,Worth County,7.245617552691497,1.0,69.0,69.0
557,31163,Sherman County,10.910131573694038,4.0,115.0,92.0
558,46021,Campbell County,14.659708502803603,2.0,345.0,345.0
559,46063,Harding County,58.09344578972162,0.0,0.0,0.0
560,26057,Gratiot County,10.088236503830258,12.0,345.0,189.75
561,19175,Union County,10.045885983795488,7.0,69.0,69.0
562,17127,Massac County,6.314255910727518,21.0,345.0,108.42857142857143
563,27043,Faribault County,10.878789299264593,25.0,161.0,76.36
564,47057,Grainger County,3.017123353526882,6.0,161.0,161.0
565,48161,Freestone County,4.742467599085478,17.0,345.0,166.41176470588235
566,42087,Mifflin County,0.7768965409611329,3.0,230.0,230.0
567,01041,Crenshaw County,1.6197491050962898,7.0,115.0,115.0
568,51520,Bristol city,3.3174235325151864,0.0,0.0,0.0
569,48399,Runnels County,8.732685589577864,11.0,345.0,163.0909090909091
570,48443,Terrell County,39.0120309252913,0.0,0.0,0.0
571,20153,Rawlins County,3.098693458416897,10.0,115.0,106.95
572,20193,Thomas County,2.4348297325268353,11.0,115.0,115.0
573,13161,Jeff Davis County,4.099390222649894,11.0,500.0,170.9090909090909
574,19035,Cherokee County,1.4953048949022627,26.0,161.0,79.61538461538461
575,05145,White County,3.3978088891055207,14.0,500.0,168.78571428571428
576,28083,Leflore County,2.9027750773317353,19.0,230.0,121.05263157894737
577,29053,Cooper County,4.9178885288744265,10.0,161.0,142.6
578,26043,Dickinson County,6.639840188598695,25.0,345.0,99.36
579,17197,Will County,5.384000922484173,128.0,345.0,202.6875
580,48117,Deaf Smith County,9.508179683760467,24.0,345.0,106.375
581,46011,Brookings County,1.5493648607085224,49.0,345.0,113.12244897959184
582,19083,Hardin County,6.973760268092087,2.0,161.0,161.0
583,22023,Cameron Parish,6.813647388133881,20.0,69.0,69.0
584,39027,Clinton County,2.3512516122161453,12.0,138.0,80.5
585,27137,St. Louis County,3.61883763677184,154.0,230.0,113.35714285714286
586,39093,Lorain County,1.3053330677477395,56.0,345.0,166.33928571428572
587,47101,Lewis County,4.432745015650574,3.0,161.0,161.0
588,41067,Washington County,3.2294013559100163,17.0,500.0,137.64705882352942
589,51810,Virginia Beach city,0.7291568580799741,34.0,230.0,179.26470588235293
590,30057,Madison County,89.27476218339119,0.0,0.0,0.0
591,51103,Lancaster County,2.9006122663611076,3.0,115.0,115.0
592,29013,Bates County,8.348888592523334,6.0,161.0,161.0
593,33001,Belknap County,2.580281496444763,6.0,115.0,115.0
594,51159,Richmond County,3.947058976211593,3.0,230.0,230.0
595,02230,Skagway Municipality,133.1718376144761,0.0,0.0,0.0
596,02105,Hoonah-Angoon Census Area,67.8248101443098,0.0,0.0,0.0
597,29159,Pettis County,0.29324183870319936,19.0,161.0,161.0
598,30063,Missoula County,30.02962870705494,2.0,500.0,500.0
599,20019,Chautauqua County,3.588237358794538,7.0,69.0,69.0
600,48459,Upshur County,8.89142847130701,16.0,345.0,122.1875
601,51047,Culpeper County,3.2221652090237187,8.0,115.0,115.0
602,40061,Haskell County,2.9661133188498,11.0,161.0,127.54545454545455
603,54069,Ohio County,3.9339147261288825,19.0,138.0,108.94736842105263
604,54065,Morgan County,16.532884902551736,1.0,138.0,138.0
605,51165,Rockingham County,12.122473266593063,14.0,230.0,156.07142857142858
606,18183,Whitley County,6.74780957996348,5.0,345.0,220.8
607,04001,Apache County,47.5474416036092,11.0,500.0,222.63636363636363
608,29121,Macon County,5.002877093532663,25.0,161.0,72.68
609,48279,Lamb County,5.468401047440211,28.0,230.0,107.60714285714286
610,20097,Kiowa County,3.97265948392574,6.0,115.0,101.58333333333333
611,48015,Austin County,6.379857347404026,10.0,345.0,151.8
612,29061,Daviess County,1.2941257987550703,8.0,69.0,69.0
613,13253,Seminole County,2.4282829806565314,3.0,230.0,153.33333333333334
614,26101,Manistee County,8.69253811698775,27.0,345.0,96.25925925925925
615,19119,Lyon County,2.129704325036095,20.0,230.0,101.2
616,48233,Hutchinson County,2.716933491800207,28.0,230.0,107.60714285714286
617,40139,Texas County,1.9407560630289233,36.0,345.0,98.38888888888889
618,40153,Woodward County,3.376124988034994,40.0,345.0,113.85
619,19003,Adams County,3.385473333107248,2.0,345.0,253.0
620,55109,St. Croix County,6.739015894758863,51.0,161.0,83.43137254901961
621,42121,Venango County,3.049930551709624,13.0,345.0,150.3846153846154
622,39153,Summit County,0.462654726979668,46.0,345.0,147.0
623,13127,Glynn County,2.1591811326904145,16.0,230.0,150.9375
624,48479,Webb County,18.88557249000978,19.0,345.0,159.78947368421052
625,37123,Montgomery County,1.9923032690037457,22.0,115.0,115.0
626,23003,Aroostook County,15.833977740660837,52.0,69.0,69.0
627,28065,Jefferson Davis County,5.979246207024481,10.0,161.0,96.6
628,18175,Washington County,1.771918559697832,12.0,230.0,88.16666666666667
629,46051,Grant County,10.250115335609161,14.0,345.0,103.5
630,46091,Marshall County,10.049518198807167,5.0,115.0,85.64
631,53067,Thurston County,5.066748116260884,14.0,500.0,163.42857142857142
632,31107,Knox County,9.820921423371326,17.0,230.0,83.88235294117646
633,35061,Valencia County,7.431110663626363,6.0,115.0,115.0
634,30079,Prairie County,57.13040459233427,0.0,0.0,0.0
635,49031,Piute County,41.2370446383316,0.0,0.0,0.0
636,21161,Mason County,1.0252878730897195,16.0,138.0,112.125
637,27009,Benton County,0.6022987019378362,22.0,230.0,97.22727272727273
638,48129,Donley County,16.39595794940871,3.0,69.0,59.333333333333336
639,12005,Bay County,1.2765846088102875,57.0,230.0,127.10526315789474
640,01077,Lauderdale County,3.681942264725352,45.0,161.0,161.0
641,18045,Fountain County,0.1425730270176376,12.0,345.0,118.83333333333333
642,17173,Shelby County,14.14068946269265,6.0,345.0,207.0
643,17051,Fayette County,1.325656839541456,6.0,345.0,207.0
644,39127,Perry County,1.1749237049157475,22.0,345.0,109.77272727272727
645,51590,Danville city,1.8870505109465874,14.0,138.0,88.71428571428571
646,13011,Banks County,5.722085271355705,6.0,230.0,153.33333333333334
647,13305,Wayne County,5.0263398878544585,7.0,500.0,170.0
648,40109,Oklahoma County,3.6693750937531058,159.0,345.0,128.45283018867926
649,40069,Johnston County,10.104920547203438,9.0,138.0,138.0
650,37099,Jackson County,2.3389569260053036,28.0,161.0,161.0
651,49043,Summit County,36.851333053080346,8.0,115.0,80.5
652,29167,Polk County,3.2960592184253055,10.0,161.0,151.8
653,32015,Lander County,47.89686174242728,4.0,345.0,260.0
654,19191,Winneshiek County,20.520048290996197,2.0,69.0,69.0
655,20125,Montgomery County,2.0540861190518322,32.0,138.0,88.40625
656,45039,Fairfield County,4.123527797597122,37.0,230.0,123.51351351351352
657,31033,Cheyenne County,6.008684683969728,5.0,230.0,184.0
658,27091,Martin County,2.305787910649238,46.0,345.0,99.0
659,47155,Sevier County,1.6827117838172259,26.0,161.0,161.0
660,47139,Polk County,4.450419375240233,12.0,161.0,138.0
661,48263,Kent County,4.326151931991993,7.0,345.0,141.28571428571428
662,30099,Teton County,147.1114183184244,0.0,0.0,0.0
663,31069,Garden County,19.04080640907697,5.0,115.0,115.0
664,17117,Macoupin County,12.126743049480826,4.0,138.0,138.0
665,39141,Ross County,1.3619338877379057,28.0,345.0,98.57142857142857
666,17195,Whiteside County,3.9531989837454335,8.0,345.0,195.5
667,48141,El Paso County,22.452252636511634,5.0,115.0,105.8
668,48301,Loving County,35.30716171940742,0.0,0.0,0.0
669,40077,Latimer County,3.610795104984382,13.0,161.0,122.07692307692308
670,39167,Washington County,5.448663766063885,17.0,345.0,162.35294117647058
671,29091,Howell County,0.9577220020335268,29.0,161.0,75.34482758620689
672,20047,Edwards County,11.100783062316793,3.0,115.0,99.66666666666667
673,21111,Jefferson County,0.7099585971667426,140.0,345.0,103.82857142857142
674,17107,Logan County,1.9126576334606318,17.0,345.0,162.35294117647058
675,55139,Winnebago County,4.223850228465685,26.0,345.0,116.76923076923077
676,47003,Bedford County,1.6646654692903886,10.0,500.0,194.9
677,47027,Clay County,6.140953078333828,4.0,69.0,69.0
678,17029,Coles County,4.913544802170227,21.0,138.0,95.28571428571429
679,47097,Lauderdale County,5.416070229174633,19.0,161.0,127.10526315789474
680,41001,Baker County,40.48088781197115,3.0,115.0,115.0
681,36097,Schuyler County,5.216688205429835,2.0,115.0,115.0
682,26159,Van Buren County,3.7312037515692364,15.0,345.0,207.0
683,17131,Mercer County,20.74903433126131,2.0,345.0,253.0
684,28099,Neshoba County,0.3994327521685643,14.0,161.0,161.0
685,46045,Edmunds County,5.512701986146751,9.0,69.0,62.91111111111112
686,72119,Río Grande Municipio,135.83971582510455,0.0,0.0,0.0
687,01035,Conecuh County,5.385359852929562,12.0,230.0,134.16666666666666
688,18029,Dearborn County,2.5510957221283665,14.0,345.0,187.28571428571428
689,18071,Jackson County,4.147290462265717,19.0,345.0,145.26315789473685
690,28081,Lee County,1.855858502049322,26.0,161.0,146.84615384615384
691,22125,West Feliciana Parish,5.735308180526779,9.0,500.0,170.55555555555554
692,05035,Crittenden County,4.821594713896635,15.0,161.0,148.73333333333332
693,12063,Jackson County,1.4966001671081313,23.0,230.0,125.0
694,48125,Dickens County,11.890047945158003,6.0,230.0,172.5
695,51115,Mathews County,22.697324227553164,0.0,0.0,0.0
696,38075,Renville County,6.039264766521143,12.0,115.0,115.0
697,48283,La Salle County,18.122048806035057,6.0,345.0,172.5
698,36067,Onondaga County,1.8123477597133466,143.0,345.0,123.04195804195804
699,19087,Henry County,9.702293909647784,2.0,161.0,161.0
700,31083,Harlan County,5.327401129182394,12.0,115.0,72.83333333333333
701,30075,Powder River County,113.63178051180564,0.0,0.0,0.0
702,72075,Juana Díaz Municipio,58.93289022030604,0.0,0.0,0.0
703,55091,Pepin County,4.048257795848541,7.0,69.0,69.0
704,01021,Chilton County,4.990254307487249,40.0,115.0,115.0
705,48351,Newton County,1.9841439439632231,15.0,500.0,302.3333333333333
706,48219,Hockley County,0.9269236012889656,50.0,230.0,97.06
707,13009,Baldwin County,1.5795843199893296,18.0,230.0,140.55555555555554
708,37175,Transylvania County,11.977409214911885,8.0,230.0,143.75
709,37171,Surry County,3.206478877598168,20.0,100.0,100.0
710,01031,Coffee County,14.579128730677102,18.0,115.0,115.0
711,39149,Shelby County,4.583271235031516,9.0,138.0,138.0
712,16027,Canyon County,22.41578709281614,0.0,0.0,0.0
713,55041,Forest County,30.054722208643994,0.0,0.0,0.0
714,55113,Sawyer County,15.920941181635616,16.0,161.0,140.875
715,34017,Hudson County,0.3604407848996247,21.0,345.0,268.3333333333333
716,39151,Stark County,2.963575756172316,55.0,345.0,168.1090909090909
717,48187,Guadalupe County,0.2190702945743161,41.0,345.0,176.70731707317074
718,53029,Island County,1.264887275792373,12.0,115.0,115.0
719,54037,Jefferson County,4.689730561955751,5.0,138.0,138.0
720,51153,Prince William County,4.477263796574066,86.0,500.0,156.51162790697674
721,42029,Chester County,2.9073594135021037,27.0,500.0,227.22222222222223
722,54055,Mercer County,7.4278967987366284,9.0,138.0,138.0
723,47145,Roane County,4.2849863993010455,51.0,500.0,165.27450980392157
724,02066,Copper River Census Area,226.55295886192013,0.0,0.0,0.0
725,02063,Chugach Census Area,175.17893526597476,0.0,0.0,0.0
726,28049,Hinds County,2.6894647673092336,52.0,500.0,162.98076923076923
727,48281,Lampasas County,11.932748390351252,2.0,345.0,241.5
728,51107,Loudoun County,8.742603734071144,47.0,500.0,249.91489361702128
729,29185,St. Clair County,8.750429446541208,5.0,161.0,161.0
730,36025,Delaware County,7.681755718215944,17.0,345.0,128.52941176470588
731,30071,Phillips County,251.75088539503037,0.0,0.0,0.0
732,29129,Mercer County,6.088254329481404,7.0,69.0,69.0
733,46127,Union County,4.16659202908739,25.0,69.0,69.0
734,01051,Elmore County,2.948087201843417,65.0,230.0,116.76923076923077
735,13187,Lumpkin County,8.877581470878877,3.0,115.0,115.0
736,39083,Knox County,1.1066863631296786,15.0,345.0,133.4
737,19017,Bremer County,10.122001421631726,8.0,161.0,80.5
738,48175,Goliad County,13.441607724109558,3.0,345.0,253.0
739,37089,Henderson County,1.8018571707920026,16.0,230.0,129.375
740,12061,Indian River County,3.372949022082849,13.0,230.0,173.3846153846154
741,48393,Roberts County,16.685514654746143,3.0,69.0,69.0
742,31049,Deuel County,15.1706780551833,2.0,345.0,287.5
743,36051,Livingston County,9.473124173021594,14.0,230.0,113.35714285714286
744,19141,O'Brien County,1.9563250560446666,27.0,345.0,99.66666666666667
745,22075,Plaquemines Parish,42.55951344898823,10.0,230.0,138.0
746,28115,Pontotoc County,3.94379801430683,9.0,161.0,161.0
747,27105,Nobles County,2.772418983897386,28.0,345.0,95.28571428571429
748,27001,Aitkin County,4.642705303721814,18.0,230.0,100.94444444444444
749,38071,Ramsey County,9.712459186787036,21.0,230.0,85.95238095238095
750,37145,Person County,4.011764584404765,32.0,500.0,209.6875
751,20195,Trego County,13.11309546236359,4.0,115.0,103.5
752,28151,Washington County,13.791871856996224,16.0,230.0,194.0625
753,48133,Eastland County,6.286717290984242,8.0,138.0,94.875
754,28055,Issaquena County,7.2459406784163525,1.0,115.0,115.0
755,48123,DeWitt County,3.3753093023046965,7.0,345.0,138.0
756,48005,Angelina County,13.497361244254156,2.0,138.0,138.0
757,45081,Saluda County,2.078014836174678,21.0,230.0,110.61904761904762
758,29125,Maries County,6.998534484151557,8.0,345.0,195.5
759,05001,Arkansas County,3.5491602167832617,19.0,230.0,110.15789473684211
760,29109,Lawrence County,4.362847230445302,13.0,161.0,97.3076923076923
761,51540,Charlottesville city,2.004475259218412,1.0,230.0,230.0
762,17011,Bureau County,10.043809636058318,5.0,138.0,138.0
763,39145,Scioto County,3.879372780470423,29.0,765.0,135.82758620689654
764,37115,Madison County,5.247026118965337,12.0,115.0,115.0
765,16053,Jerome County,81.60492411519756,0.0,0.0,0.0
766,39163,Vinton County,10.14749504851042,6.0,138.0,138.0
767,48309,McLennan County,3.383291080079885,28.0,345.0,179.89285714285714
768,16037,Custer County,160.65043438476866,0.0,0.0,0.0
769,19089,Howard County,17.0412150279928,0.0,0.0,0.0
770,12099,Palm Beach County,7.968019158509611,98.0,500.0,192.89795918367346
771,13181,Lincoln County,2.437707224342013,5.0,115.0,115.0
772,01013,Butler County,3.3065756584663895,13.0,230.0,123.84615384615384
773,27003,Anoka County,1.0880678365296113,61.0,345.0,99.54098360655738
774,46009,Bon Homme County,1.7544606376377905,12.0,115.0,72.83333333333333
775,47059,Greene County,1.6969815424382846,69.0,161.0,83.33333333333333
776,51183,Sussex County,17.94111221022568,10.0,500.0,203.5
777,18141,St. Joseph County,2.1007970161419363,47.0,345.0,160.0212765957447
778,38067,Pembina County,12.062813156489911,7.0,230.0,89.48571428571428
779,19165,Shelby County,4.774684360163829,41.0,161.0,71.2439024390244
780,24013,Carroll County,8.421426601606504,12.0,138.0,120.75
781,19011,Benton County,4.993380016270879,9.0,161.0,94.55555555555556
782,21159,Martin County,4.16409547442178,6.0,138.0,80.5
783,27025,Chisago County,5.683116679014742,20.0,230.0,90.85
784,21189,Owsley County,3.2735606002110234,6.0,161.0,99.66666666666667
785,42015,Bradford County,4.203135623945964,17.0,345.0,169.11764705882354
786,54029,Hancock County,4.840886444678571,2.0,345.0,345.0
787,29051,Cole County,1.701651190810028,11.0,161.0,102.45454545454545
788,26021,Berrien County,10.876835369491902,31.0,345.0,160.25806451612902
789,42061,Huntingdon County,12.0770640133042,8.0,500.0,273.75
790,31045,Dawes County,8.869141129728279,4.0,115.0,115.0
791,51141,Patrick County,3.8569190547833303,4.0,138.0,138.0
792,48325,Medina County,5.896407367980962,15.0,345.0,133.4
793,26105,Mason County,14.888727488988465,6.0,345.0,172.5
794,45013,Beaufort County,4.130466074492089,73.0,230.0,124.45205479452055
795,46135,Yankton County,8.197022333741092,15.0,230.0,98.13333333333334
796,22001,Acadia Parish,3.4736458265677714,28.0,230.0,116.64285714285714
797,42039,Crawford County,1.9760449748474247,7.0,345.0,147.85714285714286
798,46123,Tripp County,3.3033104345197413,3.0,115.0,115.0
799,19077,Guthrie County,14.187897804691941,3.0,161.0,161.0
800,19183,Washington County,13.876387038010364,2.0,345.0,345.0
801,46111,Sanborn County,6.384602215530234,2.0,115.0,115.0
802,40051,Grady County,1.556407009729544,34.0,345.0,131.91176470588235
803,54039,Kanawha County,2.5254685453111985,51.0,345.0,140.7058823529412
804,01009,Blount County,5.38795519274909,26.0,500.0,140.42307692307693
805,45065,McCormick County,3.7269530944065483,9.0,115.0,115.0
806,45087,Union County,2.3224850116465654,27.0,500.0,121.48148148148148
807,27103,Nicollet County,14.707295176310694,27.0,115.0,74.11111111111111
808,28161,Yalobusha County,11.914378580084144,8.0,230.0,178.25
809,72093,Maricao Municipio,11.571590458662328,0.0,0.0,0.0
810,26079,Kalkaska County,6.816001218594172,11.0,138.0,81.54545454545455
811,72005,Aguadilla Municipio,6.024693845620573,2.0,115.0,115.0
812,22039,Evangeline Parish,3.79242667819527,8.0,230.0,161.0
813,47069,Hardeman County,2.5400783620074106,12.0,161.0,161.0
814,04003,Cochise County,27.167033472370434,11.0,345.0,178.36363636363637
815,35023,Hidalgo County,9.973168198348235,7.0,115.0,88.71428571428571
816,38023,Divide County,1.307251461004595,9.0,115.0,74.11111111111111
817,06071,San Bernardino County,12.298169508275018,285.0,500.0,120.66315789473684
818,08083,Montezuma County,52.949731825934634,0.0,0.0,0.0
819,28023,Clarke County,8.110341065562798,9.0,230.0,153.33333333333334
820,19125,Marion County,3.2459262105332245,18.0,69.0,69.0
821,31055,Douglas County,1.736770336008008,65.0,345.0,124.2
822,51600,Fairfax city,3.218609700358042,0.0,0.0,0.0
823,40057,Harmon County,10.428748493277789,3.0,69.0,69.0
824,29039,Cedar County,0.8905850157962172,6.0,161.0,161.0
825,13059,Clarke County,0.9151899994262278,34.0,230.0,142.05882352941177
826,16085,Valley County,143.80282846985855,0.0,0.0,0.0
827,48275,Knox County,0.7671073731596828,6.0,345.0,172.5
828,05103,Ouachita County,5.26838904120039,10.0,115.0,115.0
829,39037,Darke County,3.873046719917043,12.0,138.0,74.75
830,40071,Kay County,1.3341602742949155,69.0,345.0,91.0
831,46041,Dewey County,50.86022090357738,1.0,115.0,115.0
832,41057,Tillamook County,3.2370760278511774,19.0,230.0,145.26315789473685
833,13077,Coweta County,1.4842901095927368,47.0,500.0,150.10638297872342
834,13105,Elbert County,1.0333390030204272,9.0,230.0,127.77777777777777
835,01005,Barbour County,15.312840621319543,14.0,500.0,142.5
836,37017,Bladen County,5.129463719998993,41.0,230.0,151.46341463414635
837,48111,Dallam County,16.724394683868436,7.0,138.0,98.57142857142857
838,17167,Sangamon County,1.670826767457185,72.0,345.0,105.41666666666667
839,40035,Craig County,4.533137153155791,18.0,345.0,100.94444444444444
840,47035,Cumberland County,0.6561033347620424,20.0,161.0,161.0
841,26137,Otsego County,3.980144522929294,25.0,138.0,115.92
842,19161,Sac County,3.826447575655758,23.0,161.0,73.0
843,17113,McLean County,4.827507525908404,27.0,345.0,184.0
844,23001,Androscoggin County,1.9789217444023428,21.0,345.0,125.95238095238095
845,16055,Kootenai County,48.00437571622494,0.0,0.0,0.0
846,32003,Clark County,3.3269389498042026,176.0,500.0,212.94886363636363
847,20147,Phillips County,3.768043766134689,6.0,115.0,47.916666666666664
848,31089,Holt County,9.947946496540734,30.0,345.0,99.66666666666667
849,29101,Johnson County,4.231603128280188,20.0,161.0,161.0
850,55063,La Crosse County,4.887037622816091,35.0,161.0,84.77142857142857
851,22021,Caldwell Parish,0.6380373538855383,3.0,115.0,115.0
852,21061,Edmonson County,7.204972658073151,1.0,69.0,69.0
853,17005,Bond County,8.722004735524152,3.0,138.0,138.0
854,17009,Brown County,6.480449629254447,3.0,138.0,92.0
855,27111,Otter Tail County,9.806474215670196,29.0,345.0,140.3793103448276
856,39077,Huron County,19.524745255178225,1.0,69.0,69.0
857,13005,Bacon County,2.1180166403629803,3.0,115.0,115.0
858,10001,Kent County,4.059934077162163,48.0,230.0,95.35416666666667
859,39173,Wood County,9.803913410331639,39.0,345.0,164.53846153846155
860,13157,Jackson County,2.821557392185151,29.0,230.0,162.58620689655172
861,20003,Anderson County,15.933691277487934,1.0,345.0,345.0
862,17095,Knox County,9.901882532622583,7.0,161.0,131.42857142857142
863,30107,Wheatland County,21.35162989656487,2.0,500.0,500.0
864,47009,Blount County,8.547348755588418,57.0,161.0,161.0
865,30031,Gallatin County,89.12456396235947,3.0,69.0,69.0
866,45031,Darlington County,0.737183192364829,64.0,230.0,118.953125
867,01053,Escambia County,3.768118017184671,20.0,115.0,115.0
868,13143,Haralson County,3.5204907273082817,15.0,230.0,130.33333333333334
869,20001,Allen County,8.791585977157736,23.0,161.0,88.0
870,55049,Iowa County,3.573456811407143,18.0,138.0,72.83333333333333
871,27097,Morrison County,7.554430157530644,16.0,230.0,66.84375
872,42003,Allegheny County,5.280033289689517,87.0,345.0,149.89655172413794
873,29205,Shelby County,6.297702841407069,8.0,69.0,69.0
874,39097,Madison County,2.537277305646121,9.0,345.0,130.33333333333334
875,20201,Washington County,7.337646896298932,3.0,115.0,115.0
876,17019,Champaign County,0.9768136531425134,49.0,345.0,99.9795918367347
877,16087,Washington County,41.84196354070146,0.0,0.0,0.0
878,17045,Edgar County,13.432499887548868,1.0,138.0,138.0
879,08121,Washington County,110.27352906423789,0.0,0.0,0.0
880,39065,Hardin County,8.417632118319057,3.0,345.0,207.0
881,26113,Missaukee County,20.45990313041004,2.0,69.0,69.0
882,38093,Stutsman County,20.087411701662255,16.0,230.0,127.3875
883,29203,Shannon County,10.772021627971654,5.0,161.0,87.4
884,48423,Smith County,4.035998702444221,28.0,345.0,144.57142857142858
885,40143,Tulsa County,1.044019535547868,190.0,345.0,134.85263157894738
886,40091,McIntosh County,8.959799723501005,9.0,138.0,84.33333333333333
887,48395,Robertson County,12.740322559850556,12.0,345.0,191.66666666666666
888,48171,Gillespie County,9.12961446952395,5.0,345.0,220.8
889,26125,Oakland County,7.370893904704393,76.0,345.0,138.94736842105263
890,54093,Tucker County,3.3322052656073167,3.0,138.0,138.0
891,72113,Ponce Municipio,46.12951361023312,0.0,0.0,0.0
892,55023,Crawford County,7.26442072209496,27.0,161.0,79.22222222222223
893,01071,Jackson County,1.4951553214429623,51.0,500.0,222.1764705882353
894,19123,Mahaska County,4.365165041150463,13.0,345.0,118.53846153846153
895,20045,Douglas County,5.507276378117861,19.0,345.0,127.10526315789474
896,21059,Daviess County,1.3314364781375447,55.0,345.0,95.34545454545454
897,21197,Powell County,0.8995575022876711,13.0,138.0,74.3076923076923
898,29097,Jasper County,4.14613323866327,21.0,345.0,152.23809523809524
899,41061,Union County,31.723772013326354,1.0,115.0,115.0
900,13151,Henry County,1.4394941473414948,21.0,500.0,149.76190476190476
901,47175,Van Buren County,7.922257877228429,2.0,161.0,161.0
902,40125,Pottawatomie County,5.156477883518817,47.0,345.0,120.38297872340425
903,35053,Socorro County,32.68818917035433,3.0,345.0,191.66666666666666
904,13003,Atkinson County,11.324965909574129,3.0,115.0,115.0
905,12031,Duval County,1.481953407288027,105.0,230.0,155.0857142857143
906,48145,Falls County,15.308964917242132,4.0,345.0,207.0
907,05149,Yell County,8.875085202990508,4.0,161.0,149.5
908,20033,Comanche County,10.823052898850266,7.0,115.0,57.5
909,21113,Jessamine County,1.0289585648757442,31.0,345.0,91.25806451612904
910,21171,Monroe County,5.1922150908938525,6.0,161.0,115.0
911,48031,Blanco County,3.655844119393692,5.0,138.0,110.4
912,55015,Calumet County,3.207019761798478,20.0,345.0,138.0
913,21121,Knox County,5.582067894770628,13.0,161.0,90.23076923076923
914,26067,Ionia County,5.169759160807818,20.0,138.0,96.6
915,37129,New Hanover County,1.2271783055708736,45.0,230.0,219.77777777777777
916,47131,Obion County,2.963061318230241,25.0,161.0,116.84
917,21035,Calloway County,1.712280632246998,18.0,500.0,108.27777777777777
918,51003,Albemarle County,4.056739692203745,26.0,500.0,209.42307692307693
919,47147,Robertson County,1.2537907825843801,34.0,161.0,106.88235294117646
920,51043,Clarke County,5.419799568828607,2.0,138.0,138.0
921,53023,Garfield County,22.961812991292568,5.0,500.0,500.0
922,21109,Jackson County,0.9946062202859224,8.0,161.0,92.0
923,27031,Cook County,3.1063420670528257,10.0,69.0,69.0
924,45073,Oconee County,3.133456333314935,37.0,500.0,128.78378378378378
925,22033,East Baton Rouge Parish,2.895050642083509,74.0,230.0,147.01351351351352
926,28021,Claiborne County,8.083088204954404,3.0,500.0,243.33333333333334
927,24037,St. Mary's County,2.6293909443187284,32.0,230.0,89.125
928,21127,Lawrence County,11.22607177647141,11.0,345.0,188.1818181818182
929,21175,Morgan County,2.3845327015639244,12.0,69.0,69.0
930,21177,Muhlenberg County,2.8038800932233094,44.0,161.0,92.0
931,17049,Effingham County,5.492285127189904,6.0,138.0,138.0
932,47105,Loudon County,0.3640413290198681,39.0,161.0,104.38461538461539
933,46025,Clark County,5.422748851506476,11.0,345.0,115.0
934,15003,Honolulu County,538.1853953498037,28.0,138.0,138.0
935,12041,Gilchrist County,5.42099523177058,14.0,230.0,103.5
936,18157,Tippecanoe County,2.8667910788923017,34.0,345.0,167.76470588235293
937,42109,Snyder County,6.9241127579528,6.0,69.0,69.0
938,48277,Lamar County,2.4290361918663534,19.0,345.0,127.10526315789474
939,12086,Miami-Dade County,1.8237390136721014,142.0,500.0,169.66197183098592
940,31057,Dundy County,7.077165660726374,16.0,69.0,69.0
941,48289,Leon County,11.726831585514917,5.0,138.0,96.6
942,08097,Pitkin County,63.54258986874185,0.0,0.0,0.0
943,38035,Grand Forks County,3.670315361935608,48.0,230.0,91.43333333333334
944,18091,LaPorte County,5.039307218755705,27.0,765.0,217.66666666666666
945,18057,Hamilton County,1.662116216317475,83.0,345.0,84.51807228915662
946,51595,Emporia city,0.5417950978914181,2.0,115.0,115.0
947,40081,Lincoln County,2.2455166718147166,38.0,138.0,101.6842105263158
948,20071,Greeley County,6.216928838944631,5.0,115.0,115.0
949,13145,Harris County,4.012232178643525,15.0,230.0,191.66666666666666
950,13251,Screven County,3.7898163999463774,9.0,500.0,157.77777777777777
951,72127,San Juan Municipio,106.1968191200885,0.0,0.0,0.0
952,48433,Stonewall County,20.85474768916712,1.0,69.0,69.0
953,39069,Henry County,18.811340331475257,3.0,138.0,138.0
954,33009,Grafton County,13.188810500357997,23.0,230.0,167.0
955,29145,Newton County,4.293105228609761,23.0,161.0,101.0
956,18129,Posey County,6.595809389930059,49.0,345.0,87.3061224489796
957,48311,McMullen County,39.54197330575718,0.0,0.0,0.0
958,17035,Cumberland County,14.596234069644433,2.0,345.0,241.5
959,13297,Walton County,3.873354777349348,35.0,230.0,141.28571428571428
960,27121,Pope County,8.837990220896772,18.0,69.0,69.0
961,51157,Rappahannock County,12.22454072467592,3.0,500.0,379.3333333333333
962,51009,Amherst County,6.676729115874385,11.0,138.0,129.63636363636363
963,06111,Ventura County,2.507707468000441,70.0,230.0,98.8
964,17033,Crawford County,2.6666950685585147,4.0,138.0,138.0
965,08093,Park County,34.24913647983465,3.0,115.0,88.16666666666667
966,27115,Pine County,0.9366306689986523,17.0,500.0,103.82352941176471
967,48021,Bastrop County,2.653564701535215,28.0,345.0,192.21428571428572
968,53039,Klickitat County,10.388933316442737,3.0,500.0,500.0
969,53055,San Juan County,2.3703720040601732,17.0,115.0,74.41176470588235
970,55009,Brown County,1.5125744322620855,45.0,345.0,127.26666666666667
971,20205,Wilson County,6.863066038604233,13.0,138.0,74.3076923076923
972,22069,Natchitoches Parish,4.388526585053971,5.0,230.0,161.0
973,22109,Terrebonne Parish,28.33113080271503,11.0,230.0,169.36363636363637
974,13155,Irwin County,4.505415100727529,6.0,115.0,115.0
975,02185,North Slope Borough,495.153320776722,0.0,0.0,0.0
976,26011,Arenac County,8.497527361108604,4.0,138.0,138.0
977,19111,Lee County,10.468093374337675,13.0,345.0,146.84615384615384
978,20141,Osborne County,17.179816470969644,2.0,115.0,115.0
979,26047,Emmet County,8.3340265550236,15.0,138.0,101.2
980,19071,Fremont County,2.9844731205688717,4.0,69.0,69.0
981,23015,Lincoln County,13.246310767049177,8.0,345.0,172.5
982,21023,Bracken County,7.961330805846246,1.0,138.0,138.0
983,55037,Florence County,13.522819305188651,9.0,138.0,76.66666666666667
984,54087,Roane County,13.396435704493369,1.0,138.0,138.0
985,27159,Wadena County,20.392992804793767,7.0,115.0,115.0
986,37007,Anson County,4.015414004568858,17.0,230.0,223.23529411764707
987,02100,Haines Borough,95.1427801613658,0.0,0.0,0.0
988,38007,Billings County,26.458246205015197,1.0,345.0,345.0
989,31003,Antelope County,1.5120364615093238,38.0,230.0,88.97368421052632
990,29073,Gasconade County,1.8121124626190106,14.0,345.0,124.85714285714286
991,12067,Lafayette County,15.37113391148158,2.0,230.0,149.5
992,37035,Catawba County,2.819225724736584,60.0,230.0,123.83333333333333
993,21025,Breathitt County,12.449053557212512,3.0,138.0,92.0
994,48075,Childress County,10.791626719460156,11.0,345.0,119.18181818181819
995,29181,Ripley County,3.846012276927861,12.0,161.0,76.66666666666667
996,17179,Tazewell County,2.6949785121813385,39.0,345.0,132.69230769230768
997,48243,Jeff Davis County,31.051870384374848,1.0,69.0,69.0
998,51678,Lexington city,3.2002483786647966,0.0,0.0,0.0
999,05135,Sharp County,4.769137950887854,6.0,161.0,115.0
1000,08069,Larimer County,64.26143730403106,0.0,0.0,0.0
1001,27163,Washington County,4.555705109921649,23.0,345.0,178.0
1002,51740,Portsmouth city,2.228739722425441,5.0,230.0,207.0
1003,42051,Fayette County,2.6320230427644193,27.0,500.0,164.8148148148148
1004,54023,Grant County,11.671326066349135,2.0,500.0,500.0
1005,51171,Shenandoah County,9.146809582540158,6.0,138.0,122.66666666666667
1006,48235,Irion County,4.129416976924552,4.0,138.0,103.5
1007,54101,Webster County,5.680851960002301,2.0,138.0,138.0
1008,49011,Davis County,15.169946205553531,3.0,138.0,122.66666666666667
1009,27033,Cottonwood County,6.779885316406727,20.0,69.0,69.0
1010,72053,Fajardo Municipio,157.13797016552286,0.0,0.0,0.0
1011,01063,Greene County,13.400887605060689,7.0,115.0,115.0
1012,16033,Clark County,98.75689331091444,0.0,0.0,0.0
1013,19109,Kossuth County,3.0263172094169626,4.0,345.0,207.0
1014,72151,Yabucoa Municipio,127.35599377185578,0.0,0.0,0.0
1015,38013,Burke County,4.5101125051399515,28.0,230.0,89.53571428571429
1016,37063,Durham County,2.486551092881813,73.0,230.0,130.27397260273972
1017,19085,Harrison County,3.5697300148946423,18.0,69.0,69.0
1018,31103,Keya Paha County,7.002750303512786,2.0,69.0,69.0
1019,19187,Webster County,8.653335617424718,13.0,345.0,168.07692307692307
1020,17151,Pope County,4.584086932271565,8.0,161.0,80.5
1021,47159,Smith County,2.9091631894210757,6.0,161.0,161.0
1022,51089,Henry County,4.050755616956822,8.0,765.0,216.375
1023,51510,Alexandria city,2.757670464615736,5.0,230.0,230.0
1024,19101,Jefferson County,24.78355635124072,0.0,0.0,0.0
1025,30049,Lewis and Clark County,77.28664973778878,0.0,0.0,0.0
1026,49013,Duchesne County,24.194978922653924,2.0,69.0,69.0
1027,40003,Alfalfa County,4.589243090744114,26.0,138.0,100.84615384615384
1028,48119,Delta County,6.154515082118972,5.0,69.0,69.0
1029,47169,Trousdale County,4.8762001272671744,1.0,161.0,161.0
1030,21193,Perry County,2.2583189561879955,14.0,161.0,83.78571428571429
1031,46039,Deuel County,5.1216322720987195,10.0,345.0,101.2
1032,41029,Jackson County,6.144590657256067,55.0,500.0,111.96363636363637
1033,72067,Hormigueros Municipio,5.861284174715813,0.0,0.0,0.0
1034,48507,Zavala County,19.816621780646518,2.0,138.0,138.0
1035,31007,Banner County,16.214085890246196,2.0,345.0,287.5
1036,19121,Madison County,9.545180768193452,8.0,345.0,230.0
1037,12011,Broward County,8.885558254264971,109.0,500.0,190.27522935779817
1038,13279,Toombs County,5.117089720909924,8.0,230.0,143.75
1039,26151,Sanilac County,21.397840899056426,4.0,345.0,345.0
1040,48397,Rockwall County,5.61809713561303,6.0,138.0,138.0
1041,26163,Wayne County,3.262940376894423,128.0,345.0,145.9375
1042,18043,Floyd County,0.8044381456400199,38.0,345.0,127.10526315789474
1043,20129,Morton County,20.202179910755476,1.0,115.0,115.0
1044,21081,Grant County,2.482497236847538,9.0,69.0,69.0
1045,21217,Taylor County,0.9351844869968358,12.0,161.0,99.66666666666667
1046,13115,Floyd County,1.5353335411420534,62.0,230.0,129.83870967741936
1047,32001,Churchill County,34.216714688119076,4.0,1000.0,395.0
1048,24011,Caroline County,3.063741552083738,7.0,230.0,131.42857142857142
1049,27041,Douglas County,4.750974148942007,15.0,115.0,111.93333333333334
1050,30043,Jefferson County,99.5853034190237,0.0,0.0,0.0
1051,51059,Fairfax County,3.783723317072794,80.0,500.0,223.8125
1052,30023,Deer Lodge County,67.17969315360688,0.0,0.0,0.0
1053,47001,Anderson County,2.9694756734600247,54.0,500.0,150.24074074074073
1054,37075,Graham County,2.319334208072478,7.0,161.0,161.0
1055,54045,Logan County,3.3599433424582545,17.0,138.0,127.17647058823529
1056,54073,Pleasants County,2.4373474708294682,19.0,500.0,157.05263157894737
1057,51071,Giles County,7.127424262045266,7.0,138.0,138.0
1058,54019,Fayette County,3.453209235878414,31.0,138.0,89.03225806451613
1059,53061,Snohomish County,24.059593825839542,75.0,500.0,130.70666666666668
1060,35015,Eddy County,8.64892820868138,64.0,345.0,110.328125
1061,31117,McPherson County,43.33900104989255,0.0,0.0,0.0
1062,31145,Red Willow County,2.645985495691574,28.0,115.0,75.57142857142857
1063,30051,Liberty County,264.12931837863687,0.0,0.0,0.0
1064,48131,Duval County,32.69549188078521,2.0,138.0,138.0
1065,29173,Ralls County,4.983674362309865,16.0,345.0,103.5
1066,48251,Johnson County,3.0192921904125494,27.0,345.0,186.55555555555554
1067,13061,Clay County,7.711432059129825,0.0,0.0,0.0
1068,41023,Grant County,88.97274928739182,0.0,0.0,0.0
1069,41011,Coos County,3.41088054857249,19.0,230.0,121.05263157894737
1070,48159,Franklin County,0.8500305303655256,13.0,138.0,74.3076923076923
1071,36113,Warren County,9.827876580603672,20.0,115.0,115.0
1072,51113,Madison County,20.50696165493466,1.0,115.0,115.0
1073,40005,Atoka County,4.742391331016074,4.0,138.0,138.0
1074,17129,Menard County,4.509619536323627,7.0,138.0,78.85714285714286
1075,13015,Bartow County,2.3998608115763855,49.0,500.0,141.6326530612245
1076,12069,Lake County,4.229497439697031,79.0,230.0,93.45569620253164
1077,40111,Okmulgee County,4.072461293567855,19.0,345.0,140.42105263157896
1078,38083,Sheridan County,10.361725893760934,4.0,345.0,164.55
1079,18049,Fulton County,15.8572509308982,1.0,765.0,765.0
1080,20091,Johnson County,1.9203139250943695,75.0,345.0,155.48
1081,24009,Calvert County,4.353045751627358,17.0,500.0,132.23529411764707
1082,55129,Washburn County,7.308827173949894,16.0,161.0,97.75
1083,53031,Jefferson County,80.34868137094504,0.0,0.0,0.0
1084,72003,Aguada Municipio,3.644767335381988,2.0,230.0,172.5
1085,27169,Winona County,6.8055828922981885,25.0,69.0,69.0
1086,28149,Warren County,2.4220160924506025,25.0,500.0,130.4
1087,29003,Andrew County,1.062942481448918,8.0,161.0,103.5
1088,29139,Montgomery County,4.599192380118242,12.0,345.0,122.66666666666667
1089,20021,Cherokee County,2.446356808596264,22.0,161.0,106.63636363636364
1090,37083,Halifax County,3.187962555991975,12.0,232.0,191.83333333333334
1091,35043,Sandoval County,16.42576926177061,24.0,345.0,151.41666666666666
1092,21051,Clay County,5.360242776841629,14.0,161.0,82.14285714285714
1093,42035,Clinton County,15.24505723342538,9.0,230.0,140.55555555555554
1094,13235,Pulaski County,6.845559206533564,3.0,230.0,153.33333333333334
1095,37015,Bertie County,2.550900564897229,7.0,230.0,230.0
1096,37167,Stanly County,2.9236580861699477,36.0,100.0,100.0
1097,47143,Rhea County,2.2711103027305146,12.0,161.0,161.0
1098,37079,Greene County,8.872507264194402,8.0,115.0,115.0
1099,21131,Leslie County,10.173892796918357,3.0,161.0,122.66666666666667
1100,24039,Somerset County,11.067479978741245,9.0,138.0,99.66666666666667
1101,17123,Marshall County,7.643971647979012,2.0,138.0,138.0
1102,21143,Lyon County,5.282967464619392,8.0,161.0,92.0
1103,48095,Concho County,18.38085093560135,2.0,345.0,207.0
1104,48081,Coke County,5.195029611191693,10.0,138.0,105.8
1105,47133,Overton County,5.7205503263927,6.0,161.0,145.66666666666666
1106,26063,Huron County,8.204169619442585,19.0,345.0,155.52631578947367
1107,26069,Iosco County,34.94398212815571,3.0,138.0,138.0
1108,13069,Coffee County,2.603787390754473,15.0,230.0,161.0
1109,13299,Ware County,12.411923404061552,17.0,230.0,128.52941176470588
1110,38037,Grant County,12.772868172675397,6.0,69.0,69.0
1111,22051,Jefferson Parish,8.680674636618638,46.0,230.0,200.0
1112,22103,St. Tammany Parish,4.131220633832789,15.0,500.0,248.0
1113,45045,Greenville County,2.4989855784506254,136.0,500.0,108.67647058823529
1114,46085,Lyman County,2.22795891565484,14.0,69.0,69.0
1115,55121,Trempealeau County,1.5217561165882731,40.0,161.0,80.5
1116,06113,Yolo County,2.3807548090719375,31.0,500.0,126.29032258064517
1117,48431,Sterling County,11.28062092149622,8.0,138.0,138.0
1118,48495,Winkler County,8.600104105586185,12.0,138.0,120.75
1119,46071,Jackson County,10.161222005384001,8.0,115.0,74.75
1120,49041,Sevier County,67.81358479892624,0.0,0.0,0.0
1121,51036,Charles City County,11.720484301536601,0.0,0.0,0.0
1122,20197,Wabaunsee County,1.4293708752319705,5.0,345.0,184.0
1123,27055,Houston County,3.866036557453318,24.0,161.0,72.83333333333333
1124,21181,Nicholas County,4.731390291395657,7.0,69.0,69.0
1125,25023,Plymouth County,2.5247666471063983,75.0,345.0,161.0
1126,36005,Bronx County,1.1508367883488302,5.0,138.0,138.0
1127,37055,Dare County,18.154020918066262,14.0,230.0,230.0
1128,39103,Medina County,17.01928640363573,4.0,345.0,241.5
1129,42005,Armstrong County,5.198179374941763,12.0,500.0,245.75
1130,34001,Atlantic County,6.635748397464664,10.0,230.0,126.5
1131,55071,Manitowoc County,7.853269272966969,22.0,345.0,131.72727272727272
1132,55029,Door County,14.238217218825728,13.0,138.0,74.3076923076923
1133,37047,Columbus County,6.793039180785099,32.0,230.0,136.5625
1134,39053,Gallia County,6.851715023573555,18.0,765.0,195.83333333333334
1135,48441,Taylor County,2.6469067832213393,62.0,345.0,114.62903225806451
1136,26085,Lake County,10.35084349810278,7.0,138.0,88.71428571428571
1137,26139,Ottawa County,18.54829401322356,52.0,345.0,167.19230769230768
1138,17031,Cook County,6.4571515993004125,245.0,345.0,174.33061224489796
1139,17059,Gallatin County,3.1653799884177185,14.0,69.0,69.0
1140,45047,Greenwood County,3.071910177951579,44.0,230.0,105.9090909090909
1141,20059,Franklin County,2.930315455174017,2.0,161.0,161.0
1142,27027,Clay County,9.521884065204661,22.0,230.0,86.77272727272727
1143,47075,Haywood County,0.9045936419916368,14.0,500.0,185.21428571428572
1144,49003,Box Elder County,65.48305585710825,5.0,115.0,96.6
1145,28139,Tippah County,2.9896895638963628,6.0,500.0,217.5
1146,54051,Marshall County,5.154183733668741,38.0,765.0,134.52631578947367
1147,54035,Jackson County,17.038346666737535,5.0,345.0,179.4
1148,16039,Elmore County,28.13637464031618,1.0,500.0,500.0
1149,24005,Baltimore County,5.316142170649773,132.0,500.0,133.59848484848484
1150,38005,Benson County,10.337968738431348,26.0,115.0,60.607692307692304
1151,29163,Pike County,3.336398973291699,15.0,161.0,136.46666666666667
1152,39087,Lawrence County,6.455823412018013,25.0,765.0,202.2
1153,29201,Scott County,4.692447364685333,12.0,161.0,138.0
1154,39001,Adams County,8.785670792384309,20.0,345.0,127.65
1155,48143,Erath County,1.5860724248203408,9.0,138.0,112.44444444444444
1156,13137,Habersham County,5.6155485353970755,19.0,115.0,115.0
1157,13319,Wilkinson County,4.101538477986286,10.0,115.0,115.0
1158,54061,Monongalia County,2.1495621841878148,20.0,500.0,174.2
1159,39033,Crawford County,4.748180774054734,6.0,345.0,172.5
1160,12027,DeSoto County,0.360508542458467,5.0,230.0,230.0
1161,39059,Guernsey County,2.254884790332347,12.0,138.0,97.75
1162,26015,Barry County,6.711676833422666,5.0,345.0,138.0
1163,29209,Stone County,7.133439928146188,24.0,161.0,88.16666666666667
1164,51760,Richmond city,3.6685590808588637,20.0,230.0,126.5
1165,37169,Stokes County,7.175862481989084,26.0,100.0,100.0
1166,19039,Clarke County,0.9774716730709975,9.0,69.0,69.0
1167,19065,Fayette County,10.79769661873071,2.0,161.0,161.0
1168,06041,Marin County,18.569214249535943,3.0,115.0,115.0
1169,48381,Randall County,3.3478159698411893,35.0,230.0,116.8
1170,48401,Rusk County,5.019199778931641,31.0,345.0,134.29032258064515
1171,19181,Warren County,17.866822961081215,5.0,345.0,161.0
1172,39161,Van Wert County,15.082455227425205,3.0,345.0,207.0
1173,12043,Glades County,24.081493000328795,0.0,0.0,0.0
1174,13199,Meriwether County,11.269906716964877,9.0,230.0,127.77777777777777
1175,50023,Washington County,2.491862998073266,22.0,115.0,56.45454545454545
1176,46093,Meade County,45.8371128991545,8.0,115.0,92.0
1177,29229,Wright County,10.958648818227118,10.0,161.0,96.6
1178,30101,Toole County,245.83613724133164,0.0,0.0,0.0
1179,36107,Tioga County,4.579547737055732,11.0,345.0,156.8181818181818
1180,48287,Lee County,1.1684683460688812,5.0,345.0,207.0
1181,13121,Fulton County,0.6605723889887044,158.0,500.0,164.27215189873417
1182,48073,Cherokee County,2.4818858949135527,12.0,345.0,109.25
1183,29007,Audrain County,7.7886685011279555,21.0,345.0,108.42857142857143
1184,45029,Colleton County,2.565509542316906,34.0,230.0,96.73529411764706
1185,55055,Jefferson County,6.893003497982135,10.0,138.0,138.0
1186,22107,Tensas Parish,27.94979958932486,1.0,115.0,115.0
1187,47123,Monroe County,5.075648430825001,30.0,161.0,99.66666666666667
1188,20075,Hamilton County,5.351921141594856,4.0,115.0,115.0
1189,19151,Pocahontas County,12.510977887066556,8.0,161.0,92.0
1190,16045,Gem County,74.9641588342958,0.0,0.0,0.0
1191,05063,Independence County,2.9252802486277387,10.0,161.0,161.0
1192,05085,Lonoke County,2.028381800854767,16.0,500.0,139.0625
1193,18111,Newton County,20.11276238662557,2.0,138.0,138.0
1194,13119,Franklin County,7.234095515037569,8.0,115.0,115.0
1195,12051,Hendry County,15.772805705060396,12.0,500.0,175.83333333333334
1196,13265,Taliaferro County,6.294183977974905,3.0,115.0,115.0
1197,48245,Jefferson County,5.940392580958924,116.0,230.0,123.52586206896552
1198,30059,Meagher County,80.72156230963515,0.0,0.0,0.0
1199,29087,Holt County,4.575850856559161,4.0,69.0,69.0
1200,48295,Lipscomb County,2.810143891994656,6.0,69.0,69.0
1201,37065,Edgecombe County,2.688409097899287,7.0,230.0,213.57142857142858
1202,48241,Jasper County,8.964889264227459,13.0,138.0,132.69230769230768
1203,49001,Beaver County,22.278309579969047,8.0,138.0,94.875
1204,13213,Murray County,3.5906094284912795,15.0,230.0,145.66666666666666
1205,18075,Jay County,12.375891753631448,3.0,138.0,138.0
1206,26117,Montcalm County,3.8451991730542296,11.0,138.0,125.45454545454545
1207,36083,Rensselaer County,9.266100889253085,46.0,345.0,145.0
1208,12021,Collier County,12.45465683611892,33.0,230.0,154.72727272727272
1209,35031,McKinley County,8.88387554450728,25.0,345.0,127.88
1210,13017,Ben Hill County,3.8952801366910785,11.0,115.0,115.0
1211,05077,Lee County,3.060942102857125,8.0,500.0,171.75
1212,12003,Baker County,10.355427154024575,8.0,230.0,129.375
1213,13173,Lanier County,10.328218227049845,1.0,115.0,115.0
1214,20159,Rice County,3.5854026868085054,4.0,230.0,143.75
1215,01015,Calhoun County,1.0925711459507372,49.0,230.0,126.73469387755102
1216,28059,Jackson County,3.7323328118070553,82.0,500.0,128.109756097561
1217,21037,Campbell County,1.6168835148883058,21.0,345.0,124.85714285714286
1218,21057,Cumberland County,6.180238045222404,5.0,161.0,124.2
1219,28107,Panola County,4.023139962116914,17.0,230.0,159.64705882352942
1220,48195,Hansford County,4.32736411941909,15.0,115.0,102.73333333333333
1221,48071,Chambers County,18.825144255125913,36.0,345.0,160.36111111111111
1222,13239,Quitman County,12.28890129049979,0.0,0.0,0.0
1223,05031,Craighead County,2.057158566694623,33.0,500.0,123.0
1224,29195,Saline County,1.375415888428902,19.0,345.0,170.68421052631578
1225,17193,White County,2.4987792216189266,29.0,138.0,73.75862068965517
1226,17039,De Witt County,5.299281856281199,10.0,345.0,241.5
1227,32033,White Pine County,14.562003359693842,2.0,345.0,287.5
1228,27049,Goodhue County,5.259844316089104,35.0,345.0,97.91428571428571
1229,37173,Swain County,8.300572659962874,14.0,161.0,161.0
1230,12101,Pasco County,4.725273009349033,64.0,500.0,117.421875
1231,12119,Sumter County,1.330059310390541,28.0,500.0,122.78571428571429
1232,36059,Nassau County,3.683093674104544,41.0,500.0,92.97560975609755
1233,38091,Steele County,2.460323000024547,12.0,230.0,93.55
1234,18163,Vanderburgh County,0.892101221187829,101.0,138.0,75.14851485148515
1235,29071,Franklin County,8.31148306491842,16.0,345.0,159.5625
1236,37011,Avery County,0.9457332854400898,6.0,161.0,161.0
1237,54107,Wood County,4.6388009988389936,21.0,138.0,138.0
1238,55007,Bayfield County,16.561214408292788,26.0,161.0,67.23076923076923
1239,47161,Stewart County,4.138113261221205,5.0,161.0,161.0
1240,55097,Portage County,3.886126893112268,22.0,345.0,138.0
1241,45063,Lexington County,2.386370043420746,104.0,230.0,119.64423076923077
1242,24003,Anne Arundel County,2.467301024481011,71.0,500.0,153.94366197183098
1243,55039,Fond du Lac County,1.4552516169362024,55.0,345.0,104.12727272727273
1244,22071,Orleans Parish,3.0979099767641616,54.0,230.0,188.25925925925927
1245,01073,Jefferson County,2.4196716801020615,262.0,500.0,127.50763358778626
1246,01127,Walker County,1.3429160364776365,93.0,230.0,150.61290322580646
1247,29063,DeKalb County,1.617975524613865,13.0,345.0,118.53846153846153
1248,12039,Gadsden County,4.624630632586554,20.0,230.0,103.5
1249,13083,Dade County,5.697017021639145,6.0,500.0,229.0
1250,28033,DeSoto County,2.856581714048429,24.0,230.0,161.95833333333334
1251,51187,Warren County,3.1880685246783647,8.0,500.0,183.25
1252,17047,Edwards County,0.4227193030465531,13.0,138.0,84.92307692307692
1253,47113,Madison County,4.975326653344286,46.0,500.0,190.47826086956522
1254,69110,Saipan Municipality,5933.357209493908,0.0,0.0,0.0
1255,17125,Mason County,1.5295890704453932,7.0,138.0,128.14285714285714
1256,51197,Wythe County,3.099396613160251,11.0,138.0,131.72727272727272
1257,13303,Washington County,0.29164037762347556,25.0,230.0,133.4
1258,53077,Yakima County,57.709777210831774,1.0,500.0,500.0
1259,05143,Washington County,1.4407673417181226,49.0,161.0,91.53061224489795
1260,48213,Henderson County,7.527033767957396,17.0,345.0,186.7058823529412
1261,55035,Eau Claire County,6.2252337822406965,66.0,161.0,78.75757575757575
1262,47153,Sequatchie County,5.18910292805308,1.0,161.0,161.0
1263,48471,Walker County,0.8022770103476606,8.0,345.0,163.875
1264,04005,Coconino County,22.09470257707646,12.0,500.0,282.1666666666667
1265,12087,Monroe County,40.68836790392063,18.0,138.0,138.0
1266,39157,Tuscarawas County,7.699144451099651,19.0,138.0,127.10526315789474
1267,09110,Capitol Planning Region,0.7869803974895926,70.0,345.0,141.28571428571428
1268,09120,Greater Bridgeport Planning Region,1.912092503342152,23.0,345.0,125.0
1269,09130,Lower Connecticut River Valley Planning Region,4.946611413425564,21.0,345.0,191.66666666666666
1270,09140,Naugatuck Valley Planning Region,0.2967770487617677,47.0,345.0,119.8936170212766
1271,09150,Northeastern Connecticut Planning Region,3.9897439169514475,10.0,345.0,161.0
1272,09160,Northwest Hills Planning Region,3.0007156850052943,14.0,115.0,115.0
1273,09170,South Central Connecticut Planning Region,1.849717032020565,46.0,345.0,125.0
1274,09180,Southeastern Connecticut Planning Region,1.6282628181785912,58.0,345.0,146.72413793103448
1275,09190,Western Connecticut Planning Region,0.9861806265424722,68.0,345.0,118.38235294117646
1276,51710,Norfolk city,6.019927559548176,5.0,230.0,230.0
1277,48389,Reeves County,19.818250218990574,6.0,138.0,88.16666666666667
1278,51155,Pulaski County,10.28397161928971,4.0,138.0,138.0
1279,37179,Union County,1.7846070195758856,37.0,230.0,114.05405405405405
1280,38053,McKenzie County,6.881281150268674,66.0,345.0,128.24242424242425
1281,12091,Okaloosa County,5.5380944348658,46.0,230.0,120.0
1282,06001,Alameda County,5.347467351789273,97.0,500.0,124.94845360824742
1283,17013,Calhoun County,18.509275232424866,3.0,138.0,92.0
1284,18085,Kosciusko County,4.62956143099039,10.0,765.0,262.8
1285,28103,Noxubee County,0.9826360709252444,6.0,161.0,161.0
1286,05147,Woodruff County,8.995471183472544,6.0,161.0,99.66666666666667
1287,34015,Gloucester County,7.339227767044407,16.0,500.0,233.5625
1288,33011,Hillsborough County,11.333243517736776,35.0,345.0,164.28571428571428
1289,30045,Judith Basin County,87.90946615307506,0.0,0.0,0.0
1290,37121,Mitchell County,6.233776511824375,1.0,115.0,115.0
1291,30077,Powell County,26.875685084700752,0.0,0.0,0.0
1292,41053,Polk County,40.44217725392245,0.0,0.0,0.0
1293,41065,Wasco County,9.498692170110612,8.0,500.0,500.0
1294,46105,Perkins County,15.245760367888346,4.0,230.0,230.0
1295,19173,Taylor County,11.599197353604643,2.0,161.0,161.0
1296,01129,Washington County,9.99767634701114,25.0,230.0,128.8
1297,39039,Defiance County,7.6637031241657985,14.0,138.0,138.0
1298,54025,Greenbrier County,22.431470779038765,5.0,138.0,110.4
1299,17121,Marion County,9.224523163213497,2.0,345.0,241.5
1300,51051,Dickenson County,1.9134022334046272,10.0,138.0,92.0
1301,51007,Amelia County,18.631063348865784,0.0,0.0,0.0
1302,13243,Randolph County,5.449543212512669,3.0,115.0,115.0
1303,35029,Luna County,4.721288829372934,9.0,345.0,150.77777777777777
1304,48355,Nueces County,4.862724065438702,27.0,345.0,132.88888888888889
1305,56045,Weston County,19.203909689145647,1.0,69.0,69.0
1306,72137,Toa Baja Municipio,92.70158634766562,0.0,0.0,0.0
1307,17187,Warren County,5.6523251192480215,3.0,69.0,69.0
1308,01089,Madison County,4.547723775723267,36.0,500.0,170.41666666666666
1309,47189,Wilson County,0.9665101229658661,32.0,500.0,171.59375
1310,48063,Camp County,4.681230573589584,6.0,345.0,145.66666666666666
1311,40067,Jefferson County,13.40085866722351,8.0,138.0,86.25
1312,54085,Ritchie County,11.052746313358186,2.0,138.0,138.0
1313,19145,Page County,11.224064929573549,9.0,161.0,79.22222222222223
1314,20087,Jefferson County,1.976924065782683,5.0,345.0,124.2
1315,22045,Iberia Parish,10.884521985596228,11.0,138.0,112.9090909090909
1316,02158,Kusilvak Census Area,748.1762974386714,0.0,0.0,0.0
1317,37133,Onslow County,5.416262391823886,25.0,230.0,230.0
1318,01049,DeKalb County,4.633510291860405,10.0,161.0,161.0
1319,36101,Steuben County,5.974801242918922,14.0,230.0,139.64285714285714
1320,42053,Forest County,26.47318777218666,0.0,0.0,0.0
1321,22105,Tangipahoa Parish,14.047469150466178,11.0,230.0,167.27272727272728
1322,51179,Stafford County,4.532678219018344,9.0,500.0,277.22222222222223
1323,26109,Menominee County,9.470299063269369,15.0,138.0,92.0
1324,18073,Jasper County,9.526858727385486,6.0,138.0,126.5
1325,13025,Brantley County,12.322168654123653,1.0,500.0,500.0
1326,13171,Lamar County,2.0821260603732594,23.0,230.0,120.0
1327,18151,Steuben County,1.304811282556807,7.0,69.0,69.0
1328,48361,Orange County,2.4729172139341515,48.0,345.0,152.375
1329,39047,Fayette County,1.9803579844791468,11.0,69.0,69.0
1330,25015,Hampshire County,4.214509894715165,19.0,345.0,115.0
1331,21003,Allen County,1.0373918369205344,6.0,161.0,145.66666666666666
1332,37001,Alamance County,6.673717236667469,27.0,500.0,124.44444444444444
1333,20073,Greenwood County,4.972053121357853,5.0,345.0,216.2
1334,54031,Hardy County,20.760637532360587,1.0,138.0,138.0
1335,72001,Adjuntas Municipio,31.309232762894016,0.0,0.0,0.0
1336,55089,Ozaukee County,24.090824244605397,15.0,345.0,165.6
1337,47163,Sullivan County,2.1793568616284325,37.0,161.0,115.62162162162163
1338,45059,Laurens County,2.804354683470705,18.0,100.0,100.0
1339,56011,Crook County,53.843260029993964,0.0,0.0,0.0
1340,55117,Sheboygan County,5.947628470723558,49.0,345.0,107.0204081632653
1341,25013,Hampden County,1.131214078304287,41.0,345.0,125.09756097560975
1342,48055,Caldwell County,4.048293983255897,15.0,345.0,138.0
1343,20029,Cloud County,7.749338326187581,5.0,230.0,184.0
1344,06027,Inyo County,55.831958942403794,17.0,230.0,121.47058823529412
1345,01037,Coosa County,18.783824266457998,6.0,230.0,134.16666666666666
1346,55123,Vernon County,1.9430017866722589,32.0,161.0,74.75
1347,29093,Iron County,4.589651487076133,12.0,138.0,115.0
1348,48223,Hopkins County,2.4056512497456226,10.0,138.0,94.3
1349,36001,Albany County,5.59624875798569,70.0,115.0,115.0
1350,48225,Houston County,7.188358558049806,4.0,138.0,120.75
1351,39111,Monroe County,3.339193196381352,7.0,345.0,197.14285714285714
1352,20165,Rush County,1.3897018788547189,11.0,345.0,129.63636363636363
1353,18107,Montgomery County,0.8498187552305906,25.0,230.0,112.24
1354,20187,Stanton County,1.7125748684904012,7.0,115.0,115.0
1355,21129,Lee County,1.0608120575241942,11.0,161.0,85.72727272727273
1356,27071,Koochiching County,15.520383080519348,6.0,500.0,217.5
1357,48029,Bexar County,2.7959617664531686,140.0,345.0,153.77142857142857
1358,08013,Boulder County,19.177718341780405,1.0,34.5,34.5
1359,47089,Jefferson County,4.8740232495280535,11.0,161.0,135.9090909090909
1360,40097,Mayes County,1.3288687845739426,75.0,345.0,121.74666666666667
1361,37093,Hoke County,4.984768439230857,12.0,500.0,195.0
1362,31131,Otoe County,2.977983283281152,15.0,345.0,133.4
1363,42023,Cameron County,25.300977608244104,0.0,0.0,0.0
1364,45035,Dorchester County,2.2111803258318625,57.0,230.0,127.10526315789474
1365,27161,Waseca County,8.221355022233363,14.0,115.0,72.28571428571429
1366,46015,Brule County,3.1487703154579525,17.0,230.0,87.94117647058823
1367,47177,Warren County,3.926282478978622,8.0,161.0,161.0
1368,17023,Clark County,2.347332325777921,3.0,345.0,276.0
1369,21201,Robertson County,6.041026557120518,2.0,138.0,103.5
1370,47095,Lake County,3.266821942058843,1.0,161.0,161.0
1371,45015,Berkeley County,6.199474613751151,102.0,230.0,136.42156862745097
1372,05051,Garland County,2.5734500919545193,19.0,115.0,115.0
1373,20139,Osage County,3.3209154931231994,8.0,345.0,143.75
1374,39155,Trumbull County,5.37870368542398,36.0,345.0,161.0
1375,48333,Mills County,28.53365882167958,0.0,0.0,0.0
1376,48359,Oldham County,13.119137295082925,9.0,345.0,164.77777777777777
1377,42019,Butler County,3.151575654620367,39.0,500.0,147.28205128205127
1378,16049,Idaho County,100.12940864239195,0.0,0.0,0.0
1379,20115,Marion County,11.428470479893377,4.0,115.0,94.875
1380,51029,Buckingham County,20.530984386733753,4.0,230.0,201.25
1381,36099,Seneca County,14.88761116700614,5.0,115.0,115.0
1382,21125,Laurel County,1.2085840517852728,34.0,161.0,82.52941176470588
1383,47121,Meigs County,2.5942822461559185,9.0,500.0,198.66666666666666
1384,29213,Taney County,5.400868590761692,29.0,161.0,110.24137931034483
1385,13269,Taylor County,3.952863792547022,9.0,230.0,191.66666666666666
1386,51830,Williamsburg city,2.867857812084678,0.0,0.0,0.0
1387,48415,Scurry County,3.386661744888298,27.0,345.0,173.77777777777777
1388,08047,Gilpin County,6.741061423204463,1.0,34.5,34.5
1389,40087,McClain County,6.167740258037601,17.0,138.0,105.52941176470588
1390,54071,Pendleton County,25.07908664502414,1.0,500.0,500.0
1391,51139,Page County,6.675847925185991,2.0,138.0,126.5
1392,40079,Le Flore County,6.047233703563744,30.0,161.0,90.46666666666667
1393,54089,Summers County,0.5579430485569011,4.0,138.0,138.0
1394,37119,Mecklenburg County,1.1364084680687754,188.0,230.0,111.75531914893617
1395,34013,Essex County,0.982154864175028,33.0,345.0,211.1818181818182
1396,29115,Linn County,14.37000899375727,7.0,69.0,69.0
1397,13209,Montgomery County,4.442543398678101,5.0,115.0,115.0
1398,41055,Sherman County,15.343658018610821,8.0,500.0,500.0
1399,54053,Mason County,5.612374560866513,15.0,765.0,253.8
1400,54021,Gilmer County,6.2155760327632334,2.0,138.0,138.0
1401,28063,Jefferson County,4.1104654870884385,5.0,500.0,192.0
1402,38079,Rolette County,2.5995172544888727,20.0,230.0,108.1
1403,30103,Treasure County,34.31872106526751,0.0,0.0,0.0
1404,21049,Clark County,2.456327523090481,37.0,345.0,98.83783783783784
1405,72101,Morovis Municipio,69.2402085698088,0.0,0.0,0.0
1406,26005,Allegan County,9.42106169560753,21.0,345.0,147.85714285714286
1407,47005,Benton County,4.3284955913876555,9.0,161.0,150.77777777777777
1408,27015,Brown County,6.205590359743708,36.0,345.0,84.33333333333333
1409,47137,Pickett County,10.524048132636214,1.0,161.0,161.0
1410,51109,Louisa County,6.571421455572825,7.0,500.0,307.14285714285717
1411,18145,Shelby County,1.5549884439782562,34.0,765.0,116.52941176470588
1412,30091,Sheridan County,41.88181858869656,0.0,0.0,0.0
1413,31063,Frontier County,1.2572565784939933,15.0,345.0,90.46666666666667
1414,72089,Luquillo Municipio,145.53359559371677,0.0,0.0,0.0
1415,01007,Bibb County,6.985469172858918,7.0,500.0,186.42857142857142
1416,28075,Lauderdale County,0.06293936728621338,44.0,230.0,138.0
1417,27011,Big Stone County,8.456031759716872,15.0,115.0,115.0
1418,27013,Blue Earth County,7.499102064993834,56.0,345.0,81.32142857142857
1419,51091,Highland County,23.86483615314326,0.0,0.0,0.0
1420,51177,Spotsylvania County,6.420109209037974,12.0,500.0,211.25
1421,33017,Strafford County,2.758411878941272,9.0,345.0,166.11111111111111
1422,13153,Houston County,2.431990804820626,62.0,230.0,120.56451612903226
1423,02130,Ketchikan Gateway Borough,33.203335765330124,2.0,115.0,115.0
1424,26035,Clare County,22.258065408040892,0.0,0.0,0.0
1425,20157,Republic County,11.591577123904356,3.0,69.0,69.0
1426,12127,Volusia County,5.1367828756507015,85.0,500.0,150.10588235294117
1427,40017,Canadian County,4.495119849180244,45.0,345.0,154.86666666666667
1428,72115,Quebradillas Municipio,12.06007456314486,0.0,0.0,0.0
1429,35019,Guadalupe County,24.22020222095906,4.0,345.0,166.75
1430,21163,Meade County,6.271644582229268,14.0,345.0,93.64285714285714
1431,21179,Nelson County,0.24462609744365818,31.0,138.0,73.45161290322581
1432,21187,Owen County,4.4629240687267995,16.0,345.0,99.1875
1433,19041,Clay County,6.283927963595909,29.0,161.0,81.6896551724138
1434,30025,Fallon County,35.6642122218243,0.0,0.0,0.0
1435,46107,Potter County,31.364411218674103,0.0,0.0,0.0
1436,48109,Culberson County,39.13001467778523,2.0,138.0,85.5
1437,23005,Cumberland County,2.0165109094717892,21.0,345.0,169.76190476190476
1438,48013,Atascosa County,4.942249203625127,13.0,345.0,201.69230769230768
1439,20095,Kingman County,20.497257397428253,2.0,345.0,230.0
1440,06093,Siskiyou County,61.15640280751873,3.0,500.0,500.0
1441,46037,Day County,5.458591010186616,21.0,115.0,112.80952380952381
1442,48375,Potter County,10.269144511956373,47.0,345.0,132.61702127659575
1443,40133,Seminole County,2.381310547903999,32.0,345.0,116.4375
1444,45003,Aiken County,1.559974148551446,110.0,230.0,121.27272727272727
1445,60020,Manu'a District,3639.4445597358613,0.0,0.0,0.0
1446,06045,Mendocino County,16.10367157616827,8.0,115.0,94.375
1447,51550,Chesapeake city,2.863089465937519,43.0,500.0,181.04651162790697
1448,69120,Tinian Municipality,5961.799688687337,0.0,0.0,0.0
1449,72153,Yauco Municipio,17.828620117553378,0.0,0.0,0.0
1450,56037,Sweetwater County,145.01540114112433,0.0,0.0,0.0
1451,48169,Garza County,7.735732232432381,6.0,69.0,69.0
1452,42119,Union County,10.588793343749085,1.0,230.0,230.0
1453,51041,Chesterfield County,6.3241501228875885,54.0,500.0,196.66666666666666
1454,08023,Costilla County,57.84450410922272,0.0,0.0,0.0
1455,48099,Coryell County,8.133768914826065,8.0,138.0,83.375
1456,19001,Adair County,11.546653285470018,3.0,161.0,161.0
1457,13053,Chattahoochee County,11.078287194600595,1.0,115.0,115.0
1458,06043,Mariposa County,6.2474731242980095,9.0,70.0,67.66666666666667
1459,29089,Howard County,1.9199961320965877,4.0,161.0,92.0
1460,41047,Marion County,15.2560306421471,2.0,500.0,500.0
1461,55079,Milwaukee County,24.362942652219473,69.0,230.0,140.66666666666666
1462,27139,Scott County,3.293198055219675,34.0,345.0,125.1470588235294
1463,39129,Pickaway County,5.782554957947459,34.0,765.0,134.11764705882354
1464,51145,Powhatan County,8.233572244249663,4.0,230.0,230.0
1465,08014,Broomfield County,28.32804285021183,0.0,0.0,0.0
1466,47099,Lawrence County,6.849878726617797,9.0,161.0,161.0
1467,18147,Spencer County,1.3314677862400934,23.0,161.0,88.0
1468,21099,Hart County,1.9071901372936533,9.0,138.0,76.66666666666667
1469,21137,Lincoln County,2.283036106957038,13.0,345.0,111.46153846153847
1470,30005,Blaine County,248.5341072684718,0.0,0.0,0.0
1471,41003,Benton County,46.47107906522535,0.0,0.0,0.0
1472,27133,Rock County,2.8303745278783436,15.0,161.0,81.26666666666667
1473,42063,Indiana County,5.213012004324913,22.0,500.0,153.4090909090909
1474,22061,Lincoln Parish,3.5082704860897755,10.0,115.0,115.0
1475,42099,Perry County,12.117047814053194,1.0,230.0,230.0
1476,46137,Ziebach County,14.858541253521325,1.0,115.0,115.0
1477,48203,Harrison County,2.4302746993609103,35.0,345.0,118.28571428571429
1478,26013,Baraga County,11.014997440517472,5.0,138.0,96.6
1479,40131,Rogers County,3.486845915527644,46.0,345.0,132.5
1480,29019,Boone County,1.6926230986308375,24.0,345.0,118.83333333333333
1481,72097,Mayagüez Municipio,49.61102344656065,8.0,115.0,86.125
1482,40015,Caddo County,1.8693230995921535,52.0,345.0,119.42307692307692
1483,08059,Jefferson County,20.19559552878599,0.0,0.0,0.0
1484,54011,Cabell County,8.753639649282366,12.0,138.0,126.5
1485,48383,Reagan County,22.03509628260528,2.0,69.0,69.0
1486,05141,Van Buren County,3.4398788538261496,7.0,161.0,161.0
1487,08117,Summit County,27.884560953804556,0.0,0.0,0.0
1488,20035,Cowley County,11.266221408206533,35.0,138.0,72.94285714285714
1489,05071,Johnson County,7.823220813249546,12.0,161.0,99.66666666666667
1490,36041,Hamilton County,60.53535077668298,0.0,0.0,0.0
1491,51045,Craig County,19.173775938953632,0.0,0.0,0.0
1492,48083,Coleman County,3.809028619579053,5.0,138.0,87.4
1493,02290,Yukon-Koyukuk Census Area,180.8010770586434,3.0,138.0,138.0
1494,04017,Navajo County,43.88940770478361,20.0,500.0,151.5
1495,28085,Lincoln County,2.571777352398959,17.0,230.0,121.76470588235294
1496,48357,Ochiltree County,2.3397042594589825,12.0,138.0,90.08333333333333
1497,48103,Crane County,8.239288403496856,17.0,138.0,101.47058823529412
1498,56003,Big Horn County,157.91005421363548,0.0,0.0,0.0
1499,46003,Aurora County,2.829447577268965,13.0,69.0,69.0
1500,02013,Aleutians East Borough,660.791776733416,0.0,0.0,0.0
1501,31061,Franklin County,1.5764354943647387,9.0,69.0,69.0
1502,24029,Kent County,3.589684571884907,13.0,230.0,99.07692307692308
1503,20037,Crawford County,2.89260154135241,23.0,161.0,81.0
1504,27023,Chippewa County,5.773371672018345,27.0,230.0,97.96296296296296
1505,46103,Pennington County,8.155671176778606,57.0,230.0,80.29824561403508
1506,45049,Hampton County,3.8145965059578804,18.0,230.0,107.33333333333333
1507,16043,Fremont County,56.516212638187724,0.0,0.0,0.0
1508,13029,Bryan County,11.422250453567464,9.0,115.0,115.0
1509,51053,Dinwiddie County,7.502731674507393,15.0,500.0,171.33333333333334
1510,12111,St. Lucie County,3.108960236030452,48.0,500.0,182.66666666666666
1511,36055,Monroe County,5.168864593470382,78.0,345.0,120.3076923076923
1512,46083,Lincoln County,6.088662333211125,35.0,345.0,87.4
1513,55017,Chippewa County,4.49722668945341,43.0,161.0,93.6046511627907
1514,55073,Marathon County,5.422994427450668,25.0,345.0,122.36
1515,32007,Elko County,16.54210044915807,11.0,345.0,142.0909090909091
1516,54007,Braxton County,4.401320405267497,5.0,138.0,138.0
1517,26165,Wexford County,18.299483606283513,1.0,138.0,138.0
1518,48079,Cochran County,11.716138751192672,17.0,230.0,85.23529411764706
1519,42013,Blair County,5.439145819695581,9.0,230.0,140.55555555555554
1520,29085,Hickory County,9.949881958324108,1.0,161.0,161.0
1521,29009,Barry County,5.328858608713068,14.0,69.0,69.0
1522,27123,Ramsey County,1.9555369433050314,29.0,345.0,137.20689655172413
1523,05081,Little River County,3.0936413983482107,25.0,345.0,96.6
1524,32019,Lyon County,20.6010340422396,3.0,230.0,156.66666666666666
1525,12071,Lee County,1.2182528819781457,71.0,230.0,175.57746478873239
1526,41033,Josephine County,4.301961294092514,22.0,230.0,111.86363636363636
1527,72091,Manatí Municipio,60.13889848787878,0.0,0.0,0.0
1528,28113,Pike County,3.407492438249094,12.0,115.0,115.0
1529,47031,Coffee County,1.1095296425056411,15.0,161.0,161.0
1530,48439,Tarrant County,2.177146664818447,130.0,345.0,167.72307692307692
1531,24033,Prince George's County,4.8972547757816765,95.0,500.0,182.42105263157896
1532,51169,Scott County,2.768283507976265,5.0,500.0,196.6
1533,48239,Jackson County,13.439850375524756,8.0,138.0,103.5
1534,40085,Love County,4.130497424907469,4.0,138.0,138.0
1535,13289,Twiggs County,2.501864591470459,10.0,230.0,138.0
1536,39099,Mahoning County,8.382582457346748,21.0,345.0,147.85714285714286
1537,01087,Macon County,8.250869276709102,21.0,115.0,115.0
1538,17191,Wayne County,3.1829216330541703,21.0,138.0,72.28571428571429
1539,48437,Swisher County,7.829217786058352,27.0,345.0,97.96296296296296
1540,29151,Osage County,1.8339378393355767,21.0,345.0,147.85714285714286
1541,17089,Kane County,11.61840559904071,17.0,345.0,174.52941176470588
1542,06017,El Dorado County,6.554729083043622,17.0,230.0,182.94117647058823
1543,45055,Kershaw County,3.846219319519977,46.0,230.0,99.52173913043478
1544,37073,Gates County,11.227576447881285,2.0,230.0,230.0
1545,08089,Otero County,131.03341331892508,0.0,0.0,0.0
1546,41019,Douglas County,14.149936804332032,27.0,500.0,157.37037037037038
1547,50003,Bennington County,6.045009153979338,19.0,230.0,71.42105263157895
1548,12019,Clay County,2.037352343587851,39.0,500.0,151.4102564102564
1549,37183,Wake County,1.1820347287142288,134.0,500.0,192.53731343283582
1550,39061,Hamilton County,1.0370947590420758,60.0,345.0,142.6
1551,34003,Bergen County,3.587963389622242,17.0,345.0,227.2941176470588
1552,32017,Lincoln County,44.65513527172982,3.0,500.0,500.0
1553,02180,Nome Census Area,858.0395566235472,0.0,0.0,0.0
1554,55061,Kewaunee County,15.043432454859929,12.0,138.0,92.0
1555,48369,Parmer County,3.659572914919881,18.0,138.0,100.94444444444444
1556,40151,Woods County,8.641344209420684,12.0,138.0,109.25
1557,21063,Elliott County,1.690400827473653,6.0,138.0,80.5
1558,25003,Berkshire County,3.18336015746548,23.0,345.0,125.0
1559,29041,Chariton County,10.745178107817432,9.0,161.0,89.44444444444444
1560,08103,Rio Blanco County,12.553314344694959,9.0,230.0,125.22222222222223
1561,08087,Morgan County,81.72609929106854,0.0,0.0,0.0
1562,41045,Malheur County,66.07013417859915,0.0,0.0,0.0
1563,34023,Middlesex County,3.860160297066765,57.0,500.0,218.59649122807016
1564,20191,Sumner County,7.402410333201118,18.0,345.0,122.66666666666667
1565,26127,Oceana County,23.0543876050006,1.0,138.0,138.0
1566,27065,Kanabec County,5.554824196670857,5.0,69.0,69.0
1567,39007,Ashtabula County,0.4311432952086035,22.0,345.0,166.22727272727272
1568,06003,Alpine County,34.55252894615531,0.0,0.0,0.0
1569,48167,Galveston County,4.2030372168689825,52.0,345.0,145.96153846153845
1570,01011,Bullock County,6.439146188125759,7.0,115.0,115.0
1571,17105,Livingston County,3.3081868188322794,3.0,345.0,345.0
1572,39135,Preble County,1.3935981051191004,15.0,138.0,73.6
1573,39079,Jackson County,0.8549820788875502,7.0,138.0,138.0
1574,48201,Harris County,1.2634959876185292,452.0,345.0,142.8849557522124
1575,25017,Middlesex County,10.387994929775486,119.0,345.0,138.7731092436975
1576,72145,Vega Baja Municipio,70.11933353375295,0.0,0.0,0.0
1577,48115,Dawson County,9.127568500382372,6.0,69.0,69.0
1578,36069,Ontario County,13.417216953277924,7.0,115.0,115.0
1579,01001,Autauga County,2.824140761533945,27.0,500.0,189.07407407407408
1580,39049,Franklin County,3.8402888744333734,86.0,345.0,150.8372093023256
1581,49021,Iron County,8.600555243047605,9.0,115.0,80.5
1582,32009,Esmeralda County,16.62304304819165,6.0,120.0,109.16666666666667
1583,26083,Keweenaw County,46.54399497317332,1.0,69.0,69.0
1584,49039,Sanpete County,1.8261772760311723,8.0,69.0,69.0
1585,20093,Kearny County,8.138612539602775,4.0,115.0,115.0
1586,12009,Brevard County,5.368109053575994,89.0,230.0,151.43820224719101
1587,18105,Monroe County,1.9124805454258382,30.0,230.0,95.06666666666666
1588,19117,Lucas County,2.882646939937715,2.0,69.0,69.0
1589,21239,Woodford County,1.9929177381588061,15.0,138.0,92.0
1590,17085,Jo Daviess County,5.151593093904533,21.0,161.0,77.76190476190476
1591,18059,Hancock County,0.857520827057651,28.0,345.0,119.92857142857143
1592,51620,Franklin city,4.545201717082521,0.0,0.0,0.0
1593,48329,Midland County,5.897151169886945,30.0,345.0,131.1
1594,20171,Scott County,1.6115218745592854,10.0,115.0,115.0
1595,30013,Cascade County,155.21907054553185,0.0,0.0,0.0
1596,51660,Harrisonburg city,3.841467134088188,1.0,230.0,230.0
1597,17199,Williamson County,2.0901561172755057,61.0,161.0,82.57377049180327
1598,30029,Flathead County,112.39081590115107,0.0,0.0,0.0
1599,72111,Peñuelas Municipio,32.6371664522857,0.0,0.0,0.0
1600,20189,Stevens County,3.9858353312246426,12.0,345.0,99.66666666666667
1601,29155,Pemiscot County,2.768264424822178,6.0,500.0,186.83333333333334
1602,31125,Nance County,19.304098371684717,0.0,0.0,0.0
1603,55078,Menominee County,8.41280535207284,2.0,69.0,69.0
1604,48365,Panola County,2.3040899318267103,11.0,345.0,123.36363636363636
1605,21011,Bath County,1.2734069191796775,11.0,138.0,75.27272727272727
1606,48001,Anderson County,19.354318998155488,2.0,138.0,138.0
1607,51033,Caroline County,7.265881013123876,16.0,230.0,122.1875
1608,19167,Sioux County,1.5606742599718468,57.0,230.0,71.82456140350877
1609,06021,Glenn County,3.603667146549519,15.0,230.0,94.0
1610,29510,St. Louis city,0.8736526151807412,29.0,345.0,145.13793103448276
1611,13111,Fannin County,5.479675132400958,5.0,161.0,161.0
1612,72055,Guánica Municipio,17.524721102697153,0.0,0.0,0.0
1613,24019,Dorchester County,5.242958171381012,14.0,138.0,73.92857142857143
1614,42037,Columbia County,3.175698779916256,15.0,500.0,140.66666666666666
1615,39023,Clark County,4.054210053467855,10.0,345.0,151.8
1616,48323,Maverick County,7.8023162635655865,5.0,138.0,138.0
1617,04019,Pima County,22.828835359898452,77.0,345.0,135.6103896103896
1618,35006,Cibola County,30.222817413956424,5.0,345.0,207.0
1619,34005,Burlington County,13.753995270612773,28.0,500.0,213.35714285714286
1620,50021,Rutland County,4.065483743121428,27.0,345.0,74.96296296296296
1621,13099,Early County,4.676206120052867,10.0,500.0,153.5
1622,31149,Rock County,7.927316148926426,7.0,69.0,69.0
1623,47085,Humphreys County,2.9869995405012086,19.0,500.0,149.78947368421052
1624,26051,Gladwin County,9.611350551795073,3.0,138.0,138.0
1625,21173,Montgomery County,2.1791481496657616,19.0,138.0,72.63157894736842
1626,45057,Lancaster County,7.58609368423077,29.0,500.0,101.17241379310344
1627,21123,Larue County,3.8777005773103648,13.0,161.0,88.46153846153847
1628,19193,Woodbury County,7.912464505061547,56.0,345.0,105.14285714285714
1629,12123,Taylor County,12.978714265443397,13.0,230.0,118.53846153846153
1630,17003,Alexander County,8.224877944487474,4.0,69.0,69.0
1631,29099,Jefferson County,8.117342372350963,38.0,345.0,192.47368421052633
1632,29113,Lincoln County,5.715797118812812,14.0,161.0,161.0
1633,13051,Chatham County,1.9606175202529743,48.0,230.0,126.97916666666667
1634,12125,Union County,8.961112435368854,3.0,115.0,115.0
1635,36037,Genesee County,0.7065821148610095,28.0,345.0,123.21428571428571
1636,18019,Clark County,1.2441991396447099,30.0,345.0,127.26666666666667
1637,21021,Boyle County,3.0588734084387363,19.0,138.0,72.63157894736842
1638,21065,Estill County,0.9852779375872551,7.0,161.0,108.42857142857143
1639,48087,Collingsworth County,15.380168101272913,1.0,138.0,138.0
1640,48089,Colorado County,9.01671523503814,8.0,138.0,129.375
1641,17063,Grundy County,1.5741486854144249,25.0,765.0,212.76
1642,27081,Lincoln County,1.3631245140509252,16.0,345.0,97.75
1643,13109,Evans County,2.1043024657610685,5.0,115.0,115.0
1644,48497,Wise County,2.3192142420347013,28.0,345.0,152.78571428571428
1645,02050,Bethel Census Area,536.3203114320644,0.0,0.0,0.0
1646,49033,Rich County,53.86464010362853,0.0,0.0,0.0
1647,28117,Prentiss County,4.162019333782848,5.0,161.0,161.0
1648,21235,Whitley County,0.4057535443275851,22.0,345.0,98.27272727272727
1649,18149,Starke County,4.75946239723817,4.0,345.0,293.25
1650,48491,Williamson County,4.056789848908792,45.0,345.0,157.93333333333334
1651,72109,Patillas Municipio,113.83491589879488,0.0,0.0,0.0
1652,19131,Mitchell County,17.328315608701,3.0,345.0,191.66666666666666
1653,13107,Emanuel County,1.019141460786385,8.0,230.0,143.75
1654,22025,Catahoula Parish,0.9833818349946604,5.0,115.0,115.0
1655,42025,Carbon County,5.714914516507775,22.0,500.0,109.5
1656,31133,Pawnee County,6.320144174385065,1.0,115.0,115.0
1657,47171,Unicoi County,8.322286532444103,0.0,0.0,0.0
1658,45083,Spartanburg County,1.250709030000823,122.0,230.0,107.58196721311475
1659,72051,Dorado Municipio,84.87500721631798,0.0,0.0,0.0
1660,47041,DeKalb County,6.5556898214097,2.0,161.0,161.0
1661,36029,Erie County,2.6525674857689685,201.0,230.0,127.58706467661692
1662,24031,Montgomery County,3.343852639632739,39.0,500.0,238.97435897435898
1663,53021,Franklin County,18.033528177891313,2.0,500.0,500.0
1664,19093,Ida County,2.0995395505583336,26.0,345.0,79.61538461538461
1665,20173,Sedgwick County,2.3076671692178037,124.0,345.0,105.7258064516129
1666,48453,Travis County,2.6494058424920994,138.0,345.0,138.0
1667,12057,Hillsborough County,1.0629512756139015,232.0,230.0,101.91379310344827
1668,34021,Mercer County,2.314576979351242,18.0,230.0,209.55555555555554
1669,31023,Butler County,7.98907264526674,5.0,345.0,161.0
1670,42129,Westmoreland County,1.2712092623626696,49.0,500.0,154.18367346938774
1671,12015,Charlotte County,6.13622562252174,9.0,230.0,230.0
1672,19029,Cass County,8.844432527982912,11.0,161.0,102.45454545454545
1673,39107,Mercer County,13.120544338725972,4.0,69.0,69.0
1674,21073,Franklin County,5.305037017070337,5.0,138.0,82.8
1675,23009,Hancock County,6.190940899753616,10.0,115.0,115.0
1676,23013,Knox County,12.829068439646317,6.0,115.0,115.0
1677,13217,Newton County,1.6503270186395511,26.0,230.0,128.26923076923077
1678,46049,Faulk County,6.433545391557025,5.0,69.0,69.0
1679,26061,Houghton County,6.286694317422726,11.0,138.0,81.54545454545455
1680,30061,Mineral County,29.72212450093844,3.0,69.0,69.0
1681,47051,Franklin County,7.640269843590039,17.0,161.0,161.0
1682,22029,Concordia Parish,13.010148680809126,12.0,115.0,115.0
1683,22063,Livingston Parish,8.99458524046592,8.0,500.0,297.5
1684,25009,Essex County,9.342647969028896,69.0,345.0,131.66666666666666
1685,46019,Butte County,23.25607117729296,6.0,115.0,92.0
1686,08035,Douglas County,38.05639293992941,0.0,0.0,0.0
1687,45079,Richland County,3.8351320376927207,171.0,230.0,124.28070175438596
1688,18095,Madison County,3.350190312294468,30.0,345.0,119.6
1689,40099,Murray County,3.4752013123120684,13.0,138.0,122.07692307692308
1690,54009,Brooke County,0.6905373036306235,7.0,345.0,147.85714285714286
1691,54013,Calhoun County,6.458461944499504,1.0,138.0,138.0
1692,51021,Bland County,4.067338776805014,4.0,138.0,120.75
1693,30111,Yellowstone County,54.07313291003204,0.0,0.0,0.0
1694,54043,Lincoln County,10.492654977713574,4.0,138.0,138.0
1695,06033,Lake County,4.396015362756679,12.0,230.0,143.75
1696,13131,Grady County,4.700884113571956,11.0,230.0,125.45454545454545
1697,08021,Conejos County,60.006988957531114,0.0,0.0,0.0
1698,49037,San Juan County,42.44234745584833,7.0,138.0,85.42857142857143
1699,18133,Putnam County,2.4143754665972508,28.0,138.0,88.71428571428571
1700,47015,Cannon County,14.045779714359679,0.0,0.0,0.0
1701,23007,Franklin County,37.9802993066067,5.0,115.0,115.0
1702,21165,Menifee County,3.592314253997157,2.0,69.0,69.0
1703,46089,McPherson County,30.466354900880656,0.0,0.0,0.0
1704,08051,Gunnison County,76.85059320090531,0.0,0.0,0.0
1705,26029,Charlevoix County,29.119897436086205,13.0,138.0,84.92307692307692
1706,27151,Swift County,5.542839829620182,11.0,230.0,117.0909090909091
1707,39147,Seneca County,0.27426122192481217,14.0,345.0,152.78571428571428
1708,13267,Tattnall County,8.109707783712928,8.0,115.0,115.0
1709,48429,Stephens County,4.142332251154654,14.0,345.0,152.78571428571428
1710,37117,Martin County,10.009936971451998,3.0,230.0,230.0
1711,30081,Ravalli County,96.33236783570078,0.0,0.0,0.0
1712,13317,Wilkes County,7.0678792878002845,2.0,115.0,115.0
1713,53043,Lincoln County,38.01573296597943,1.0,500.0,500.0
1714,06081,San Mateo County,4.783255566015968,40.0,230.0,134.125
1715,39171,Williams County,3.1000979261361166,3.0,69.0,69.0
1716,20207,Woodson County,1.7484570299265534,10.0,69.0,69.0
1717,21157,Marshall County,3.8826304358603037,20.0,161.0,142.6
1718,13065,Clinch County,14.897074509624197,4.0,115.0,115.0
1719,13185,Lowndes County,1.6103763367022645,37.0,230.0,108.78378378378379
1720,15005,Kalawao County,61.74358379452078,0.0,0.0,0.0
1721,15007,Kauai County,10.605472903626005,17.0,57.1,57.1
1722,26099,Macomb County,1.3990650517801657,54.0,345.0,157.5
1723,13287,Turner County,6.875037622641557,4.0,230.0,143.75
1724,17079,Jasper County,12.277745473073823,2.0,345.0,241.5
1725,48331,Milam County,16.567307772116777,8.0,345.0,172.5
1726,51049,Cumberland County,15.328124407332009,5.0,230.0,161.0
1727,45085,Sumter County,1.0804996107880795,51.0,230.0,110.03921568627452
1728,02164,Lake and Peninsula Borough,254.92472271597845,0.0,0.0,0.0
1729,54109,Wyoming County,3.1586146100228523,19.0,138.0,123.47368421052632
1730,06029,Kern County,7.308068362974492,272.0,500.0,112.43014705882354
1731,48097,Cooke County,2.459687765796925,17.0,138.0,121.76470588235294
1732,45075,Orangeburg County,0.9374265173255624,67.0,230.0,122.55223880597015
1733,55119,Taylor County,7.626966567812129,27.0,69.0,69.0
1734,27099,Mower County,5.894714502208849,33.0,345.0,102.45454545454545
1735,27101,Murray County,15.40993112459223,16.0,115.0,80.5
1736,44007,Providence County,4.38223681011497,81.0,345.0,134.87654320987653
1737,29161,Phelps County,6.119274614027079,8.0,345.0,112.125
1738,08095,Phillips County,35.05262732972216,0.0,0.0,0.0
1739,05013,Calhoun County,24.260790550748556,3.0,115.0,115.0
1740,29141,Morgan County,13.44151693598604,3.0,161.0,161.0
1741,39075,Holmes County,1.5927401477726821,9.0,138.0,138.0
1742,19143,Osceola County,3.2801778925885707,9.0,69.0,69.0
1743,18079,Jennings County,3.793341074080317,8.0,161.0,112.125
1744,16083,Twin Falls County,35.98945253032782,1.0,345.0,345.0
1745,17165,Saline County,1.657070175561861,39.0,138.0,76.07692307692308
1746,26077,Kalamazoo County,0.48955903235687054,29.0,345.0,140.3793103448276
1747,45061,Lee County,5.427840473974854,12.0,230.0,136.08333333333334
1748,56019,Johnson County,111.17179278034023,0.0,0.0,0.0
1749,18027,Daviess County,3.3114758072565618,19.0,345.0,117.42105263157895
1750,26055,Grand Traverse County,1.9413841045746831,26.0,138.0,95.53846153846153
1751,22003,Allen Parish,18.468446340724295,5.0,138.0,124.2
1752,46065,Hughes County,26.693237069096742,6.0,115.0,115.0
1753,46069,Hyde County,5.44241061244754,11.0,230.0,127.54545454545455
1754,45027,Clarendon County,4.804455191680614,29.0,230.0,119.75862068965517
1755,30095,Stillwater County,80.15104260141604,0.0,0.0,0.0
1756,47007,Bledsoe County,4.51144954840904,4.0,161.0,161.0
1757,21219,Todd County,4.258980537154026,5.0,500.0,192.0
1758,47183,Weakley County,3.5502918964084236,31.0,500.0,115.54838709677419
1759,29077,Greene County,1.136358793193777,64.0,345.0,132.25
1760,51685,Manassas Park city,0.5656770616572834,1.0,230.0,230.0
1761,51013,Arlington County,2.4276225992299576,8.0,230.0,230.0
1762,51035,Carroll County,4.08306169129578,6.0,138.0,138.0
1763,29183,St. Charles County,3.377251529053243,60.0,345.0,159.85
1764,06069,San Benito County,18.743259821381578,8.0,230.0,116.25
1765,24035,Queen Anne's County,5.820094017731018,13.0,138.0,84.92307692307692
1766,20013,Brown County,22.439824723320957,0.0,0.0,0.0
1767,13031,Bulloch County,5.506142823783038,8.0,115.0,115.0
1768,21071,Floyd County,1.1686985406588584,27.0,765.0,98.18518518518519
1769,30007,Broadwater County,120.33368128233823,0.0,0.0,0.0
1770,13309,Wheeler County,3.256911043832244,7.0,230.0,131.42857142857142
1771,37049,Craven County,1.6436486942888937,26.0,230.0,150.3846153846154
1772,51570,Colonial Heights city,2.916127766114818,1.0,115.0,115.0
1773,39031,Coshocton County,5.9083601135983725,7.0,138.0,128.14285714285714
1774,31135,Perkins County,9.232019711754734,5.0,115.0,115.0
1775,48205,Hartley County,18.4628393387451,3.0,115.0,84.33333333333333
1776,08049,Grand County,52.379721153707955,0.0,0.0,0.0
1777,48249,Jim Wells County,9.154843996392714,2.0,69.0,69.0
1778,19189,Winnebago County,7.780042426139075,18.0,69.0,69.0
1779,06079,San Luis Obispo County,10.282168236061581,36.0,500.0,150.27777777777777
1780,01067,Henry County,6.175348133831273,8.0,115.0,115.0
1781,39175,Wyandot County,18.50647576401873,0.0,0.0,0.0
1782,38085,Sioux County,27.747584537563185,0.0,0.0,0.0
1783,48127,Dimmit County,15.10158157532149,1.0,138.0,138.0
1784,27045,Fillmore County,1.0296467050829343,36.0,161.0,71.55555555555556
1785,45023,Chester County,0.5360914223636478,43.0,230.0,96.53488372093024
1786,27073,Lac qui Parle County,2.8523502186012895,25.0,230.0,86.48
1787,49005,Cache County,28.753895294257305,0.0,0.0,0.0
1788,55093,Pierce County,1.5142205746570736,33.0,161.0,71.78787878787878
1789,13049,Charlton County,10.62345743824305,3.0,115.0,115.0
1790,13233,Polk County,5.561416081615706,16.0,230.0,143.75
1791,49051,Wasatch County,15.354418297339079,3.0,69.0,69.0
1792,16029,Caribou County,81.73398279398059,0.0,0.0,0.0
1793,37157,Rockingham County,2.968647504990709,70.0,230.0,107.97142857142858
1794,05117,Prairie County,6.058611762063113,4.0,115.0,115.0
1795,05011,Bradley County,6.627408916142721,7.0,115.0,115.0
1796,48193,Hamilton County,11.303951566311312,3.0,138.0,107.33333333333333
1797,21067,Fayette County,0.41321483994012415,114.0,345.0,82.92105263157895
1798,21091,Hancock County,6.127302642131584,23.0,345.0,156.0
1799,46013,Brown County,4.153837829063082,65.0,345.0,82.44615384615385
1800,54001,Barbour County,4.0294460834539585,4.0,138.0,138.0
1801,47181,Wayne County,11.248652229349718,3.0,161.0,161.0
1802,31013,Box Butte County,16.2389307987645,7.0,115.0,115.0
1803,42097,Northumberland County,4.147781459949302,15.0,230.0,122.66666666666667
1804,48469,Victoria County,0.30134503633195037,29.0,138.0,107.06896551724138
1805,51530,Buena Vista city,0.3224065349332102,1.0,115.0,115.0
1806,26147,St. Clair County,4.287473416867387,47.0,345.0,176.14893617021278
1807,31173,Thurston County,4.944599953872611,5.0,345.0,151.8
1808,50015,Lamoille County,4.143265642488672,15.0,34.5,34.5
1809,51067,Franklin County,2.21674539145476,9.0,138.0,138.0
1810,40011,Blaine County,5.028117418024004,11.0,345.0,138.0
1811,19103,Johnson County,0.7320076803824757,22.0,345.0,179.8181818181818
1812,20133,Neosho County,5.187200631349676,19.0,345.0,95.63157894736842
1813,21089,Greenup County,2.911040894820385,17.0,138.0,89.29411764705883
1814,20107,Linn County,17.254992861841494,2.0,161.0,161.0
1815,49017,Garfield County,105.12660957763407,0.0,0.0,0.0
1816,32011,Eureka County,8.939005722221356,9.0,345.0,157.22222222222223
1817,31085,Hayes County,11.335881275009568,4.0,115.0,80.5
1818,26119,Montmorency County,1.1926239541201487,7.0,138.0,118.28571428571429
1819,26135,Oscoda County,2.2067842160752944,8.0,345.0,155.25
1820,35007,Colfax County,5.7943901405567795,25.0,115.0,80.96
1821,17163,St. Clair County,1.345307552823189,40.0,345.0,176.525
1822,17189,Washington County,4.407557568466262,11.0,345.0,194.45454545454547
1823,42009,Bedford County,19.672919990929124,4.0,115.0,115.0
1824,05127,Scott County,4.008222582514645,3.0,69.0,69.0
1825,20099,Labette County,1.0433649748887264,18.0,345.0,126.5
1826,48059,Callahan County,11.254607980708261,11.0,345.0,144.27272727272728
1827,48379,Rains County,14.074900680564467,2.0,345.0,345.0
1828,20067,Grant County,3.3928296170643537,21.0,115.0,86.52380952380952
1829,51105,Lee County,11.476994134929335,6.0,161.0,99.66666666666667
1830,35051,Sierra County,2.517859734314248,7.0,345.0,147.85714285714286
1831,05043,Drew County,5.474530001708518,4.0,115.0,115.0
1832,31123,Morrill County,7.830248526439763,7.0,115.0,115.0
1833,30019,Daniels County,93.36972116169126,0.0,0.0,0.0
1834,12073,Leon County,2.733710606924699,59.0,230.0,116.16949152542372
1835,40119,Payne County,1.8047384950029726,45.0,138.0,95.06666666666666
1836,01039,Covington County,6.040918843471094,25.0,230.0,133.4
1837,18093,Lawrence County,1.2438920716402388,26.0,345.0,108.8076923076923
1838,20069,Gray County,7.369655691224398,7.0,345.0,213.57142857142858
1839,21045,Casey County,1.4813201662954043,17.0,161.0,79.82352941176471
1840,21169,Metcalfe County,1.155777840531827,14.0,161.0,101.85714285714286
1841,21207,Russell County,2.8490396616878058,13.0,161.0,104.38461538461539
1842,22011,Beauregard Parish,1.1038792827652573,20.0,230.0,101.2
1843,23025,Somerset County,24.33092072719138,23.0,115.0,115.0
1844,40025,Cimarron County,2.7282689534261944,15.0,69.0,69.0
1845,19097,Jackson County,9.576952224025343,5.0,345.0,216.2
1846,38063,Nelson County,1.9367342052735952,21.0,230.0,70.17142857142856
1847,36019,Clinton County,7.90726501718127,37.0,230.0,153.54054054054055
1848,08045,Garfield County,20.124580418527977,0.0,0.0,0.0
1849,26097,Mackinac County,4.307444925866844,29.0,138.0,95.17241379310344
1850,48307,McCulloch County,5.908265970552996,1.0,69.0,69.0
1851,28141,Tishomingo County,10.150335465623805,8.0,161.0,161.0
1852,48105,Crockett County,44.2079456635707,4.0,345.0,241.5
1853,48217,Hill County,10.58448963453588,8.0,345.0,215.625
1854,08075,Logan County,50.13504297295658,0.0,0.0,0.0
1855,20055,Finney County,8.116632495105092,38.0,345.0,109.85526315789474
1856,48473,Waller County,7.517926682105659,4.0,138.0,138.0
1857,01099,Monroe County,8.676144001520155,6.0,230.0,153.33333333333334
1858,50009,Essex County,23.89042680371053,1.0,450.0,450.0
1859,29015,Benton County,1.7872193937809184,9.0,161.0,161.0
1860,05109,Pike County,3.0224653355924924,8.0,115.0,80.5
1861,08077,Mesa County,44.947164421089035,0.0,0.0,0.0
1862,29065,Dent County,6.201448087870146,8.0,345.0,149.5
1863,51185,Tazewell County,4.6656487024695386,19.0,138.0,99.84210526315789
1864,42103,Pike County,10.986916136061062,14.0,500.0,122.78571428571429
1865,42115,Susquehanna County,1.1616928985211394,8.0,115.0,97.75
1866,48343,Morris County,11.426684690410742,13.0,345.0,132.69230769230768
1867,42125,Washington County,3.228335154643578,34.0,345.0,144.08823529411765
1868,50001,Addison County,1.9059291215005418,16.0,345.0,86.25
1869,20103,Leavenworth County,1.9816559723618699,13.0,345.0,150.3846153846154
1870,26121,Muskegon County,18.751146646470914,18.0,345.0,161.0
1871,51680,Lynchburg city,2.8738109888743866,9.0,138.0,138.0
1872,05125,Saline County,4.240349673250473,25.0,500.0,145.8
1873,42089,Monroe County,2.375410925860342,43.0,230.0,103.23255813953489
1874,05101,Newton County,17.1445491382381,2.0,161.0,161.0
1875,38019,Cavalier County,3.2266997243408806,11.0,115.0,78.25454545454545
1876,01045,Dale County,1.6348598117744313,26.0,230.0,128.26923076923077
1877,20109,Logan County,18.41795359982928,2.0,345.0,189.75
1878,06039,Madera County,6.6462594173853295,43.0,230.0,110.0
1879,29075,Gentry County,1.9460369135876519,7.0,161.0,82.14285714285714
1880,31009,Blaine County,31.772813304169865,0.0,0.0,0.0
1881,49009,Daggett County,49.257871171345094,0.0,0.0,0.0
1882,56031,Platte County,65.28986959606966,0.0,0.0,0.0
1883,37071,Gaston County,0.29765499732157463,118.0,500.0,115.50847457627118
1884,47081,Hickman County,4.040008991726153,11.0,161.0,161.0
1885,28143,Tunica County,2.657328040906869,7.0,230.0,147.85714285714286
1886,29081,Harrison County,5.982769094750547,4.0,69.0,69.0
1887,72029,Canóvanas Municipio,126.72805408079071,0.0,0.0,0.0
1888,18005,Bartholomew County,1.2333793337471295,40.0,345.0,91.425
1889,13223,Paulding County,0.7519978151856136,20.0,500.0,238.0
1890,39015,Brown County,9.38896788852644,12.0,345.0,201.25
1891,47141,Putnam County,3.166639868175511,20.0,161.0,161.0
1892,38101,Ward County,8.260525357057746,55.0,230.0,113.58545454545454
1893,25027,Worcester County,5.782427363927967,141.0,345.0,115.65248226950355
1894,39091,Logan County,4.651041964984243,4.0,138.0,138.0
1895,06031,Kings County,10.216678739420328,37.0,230.0,83.16216216216216
1896,06073,San Diego County,16.522699131485215,109.0,500.0,132.45871559633028
1897,72123,Salinas Municipio,84.20746541991548,0.0,0.0,0.0
1898,13079,Crawford County,11.090107225116538,3.0,230.0,153.33333333333334
1899,72103,Naguabo Municipio,141.95982505836307,0.0,0.0,0.0
1900,29037,Cass County,3.243468731738886,22.0,345.0,161.0
1901,36027,Dutchess County,4.894049575935354,42.0,345.0,163.1904761904762
1902,48477,Washington County,8.532749327267181,9.0,138.0,138.0
1903,08101,Pueblo County,89.11948601857212,0.0,0.0,0.0
1904,29067,Douglas County,6.334411558217703,9.0,161.0,79.22222222222223
1905,38009,Bottineau County,5.78067935582472,15.0,115.0,115.0
1906,37051,Cumberland County,0.8981359287777128,172.0,230.0,102.48255813953489
1907,56017,Hot Springs County,62.167435669676586,0.0,0.0,0.0
1908,26001,Alcona County,24.13076819229597,8.0,138.0,138.0
1909,06061,Placer County,6.454301682411459,53.0,230.0,108.86792452830188
1910,05129,Searcy County,3.4836899340653287,4.0,161.0,161.0
1911,48305,Lynn County,2.158822037809326,17.0,230.0,92.0
1912,36077,Otsego County,5.457106722083404,12.0,345.0,153.33333333333334
1913,37153,Richmond County,5.519892854488917,28.0,500.0,231.42857142857142
1914,49027,Millard County,26.498242106305632,1.0,230.0,230.0
1915,49029,Morgan County,4.111953876845831,14.0,115.0,75.57142857142857
1916,48257,Kaufman County,11.924009800631556,16.0,345.0,189.75
1917,04011,Greenlee County,15.487154875702878,5.0,345.0,299.0
1918,04013,Maricopa County,5.684359156622994,146.0,500.0,234.1917808219178
1919,26129,Ogemaw County,7.431641712506485,8.0,138.0,138.0
1920,47087,Jackson County,13.505529362694292,1.0,161.0,161.0
1921,17159,Richland County,0.19309136703735974,8.0,69.0,69.0
1922,72045,Comerío Municipio,89.22142088983503,0.0,0.0,0.0
1923,15009,Maui County,10.14862029626067,14.0,69.0,69.0
1924,22057,Lafourche Parish,18.57957531031821,9.0,230.0,217.22222222222223
1925,19139,Muscatine County,6.940514668147419,19.0,345.0,151.31578947368422
1926,12113,Santa Rosa County,3.9187714212422002,38.0,230.0,133.1578947368421
1927,18101,Martin County,11.237906009047204,11.0,138.0,87.81818181818181
1928,21203,Rockcastle County,3.7345773761197734,13.0,69.0,69.0
1929,21223,Trimble County,4.717049332547834,7.0,345.0,167.57142857142858
1930,01107,Pickens County,22.903029647473065,1.0,115.0,115.0
1931,40045,Ellis County,12.407460859983454,5.0,345.0,179.4
1932,17145,Perry County,3.541334293532423,6.0,230.0,230.0
1933,19075,Grundy County,10.515728303139637,3.0,161.0,161.0
1934,08107,Routt County,14.483242671763472,2.0,115.0,115.0
1935,34035,Somerset County,2.1824760042282367,15.0,500.0,248.0
1936,06011,Colusa County,6.605665742468862,26.0,500.0,102.5
1937,17087,Johnson County,0.6633989509579252,17.0,345.0,105.52941176470588
1938,08053,Hinsdale County,85.47698115920451,0.0,0.0,0.0
1939,16031,Cassia County,94.67541581293027,0.0,0.0,0.0
1940,27059,Isanti County,3.819234351636558,15.0,230.0,79.73333333333333
1941,42049,Erie County,1.384404510017553,23.0,345.0,145.0
1942,28029,Copiah County,6.015983482856083,9.0,500.0,157.77777777777777
1943,48467,Van Zandt County,2.7194647486216628,19.0,345.0,159.78947368421052
1944,51161,Roanoke County,5.099308080411454,16.0,345.0,150.9375
1945,51015,Augusta County,0.9337308733214742,25.0,500.0,188.8
1946,02060,Bristol Bay Borough,290.0501823881839,0.0,0.0,0.0
1947,41009,Columbia County,12.835283552599089,1.0,500.0,500.0
1948,45041,Florence County,5.356497938245915,76.0,230.0,111.67105263157895
1949,38061,Mountrail County,3.1108406000344346,36.0,230.0,121.38888888888889
1950,49053,Washington County,16.835905819292567,6.0,115.0,115.0
1951,30003,Big Horn County,52.26431628251241,6.0,500.0,212.66666666666666
1952,42047,Elk County,2.8203342146636303,13.0,345.0,171.6153846153846
1953,31165,Sioux County,23.54056526038369,1.0,115.0,115.0
1954,28031,Covington County,1.7290223117766879,22.0,161.0,87.81818181818181
1955,72099,Moca Municipio,2.2101771145886926,2.0,115.0,76.5
1956,18013,Brown County,5.7390404750128265,5.0,230.0,101.2
1957,48199,Hardin County,5.397210325997906,21.0,138.0,111.71428571428571
1958,39143,Sandusky County,1.5201554361573526,6.0,138.0,138.0
1959,23021,Piscataquis County,64.51676994411382,0.0,0.0,0.0
1960,17153,Pulaski County,2.576812363758705,9.0,345.0,120.11111111111111
1961,40107,Okfuskee County,13.09936361959545,11.0,138.0,131.72727272727272
1962,26145,Saginaw County,7.786575038917299,37.0,345.0,165.97297297297297
1963,35039,Rio Arriba County,12.24020286299533,10.0,115.0,78.2
1964,50005,Caledonia County,9.50190431274077,15.0,230.0,82.8
1965,51023,Botetourt County,12.10745165415368,11.0,500.0,258.1818181818182
1966,17119,Madison County,7.223757077309504,39.0,345.0,159.23076923076923
1967,48085,Collin County,8.460833518749391,49.0,345.0,165.22448979591837
1968,45001,Abbeville County,6.750633722505582,11.0,230.0,136.8181818181818
1969,31053,Dodge County,11.595536146986237,20.0,115.0,75.9
1970,12115,Sarasota County,2.3140231210886593,20.0,230.0,230.0
1971,55077,Marquette County,6.617126857293864,19.0,138.0,72.63157894736842
1972,04015,Mohave County,17.891210398808784,43.0,500.0,187.30232558139534
1973,04025,Yavapai County,15.76580194667396,11.0,500.0,335.0
1974,45051,Horry County,3.2009044143865917,145.0,230.0,121.34482758620689
1975,42091,Montgomery County,1.1943867210468142,37.0,500.0,250.32432432432432
1976,16061,Lewis County,32.23243424373899,0.0,0.0,0.0
1977,72013,Arecibo Municipio,39.69654850752971,0.0,0.0,0.0
1978,51720,Norton city,2.9516686125685565,1.0,138.0,138.0
1979,34027,Morris County,4.329272035100383,26.0,500.0,241.92307692307693
1980,29211,Sullivan County,0.31349376736962503,12.0,69.0,69.0
1981,20135,Ness County,2.0912303694639114,7.0,115.0,115.0
1982,48039,Brazoria County,3.5667367938682313,72.0,345.0,151.41666666666666
1983,51790,Staunton city,5.656280606604493,0.0,0.0,0.0
1984,31029,Chase County,3.485469500390235,15.0,115.0,81.26666666666667
1985,39113,Montgomery County,1.6177998443758654,78.0,138.0,85.8076923076923
1986,48447,Throckmorton County,5.212605320548933,2.0,138.0,103.5
1987,13221,Oglethorpe County,8.679360034028955,3.0,230.0,191.66666666666666
1988,05029,Conway County,1.7496904609780557,7.0,161.0,161.0
1989,29147,Nodaway County,3.3568021004807345,16.0,345.0,115.0
1990,38073,Ransom County,2.983365021065431,13.0,115.0,69.83076923076922
1991,40037,Creek County,3.4988541542377325,42.0,345.0,105.14285714285714
1992,48457,Tyler County,6.276374443446828,4.0,138.0,120.75
1993,06037,Los Angeles County,0.8942385851557014,339.0,500.0,138.76401179941004
1994,04027,Yuma County,11.740493618839503,28.0,500.0,110.67857142857143
1995,13129,Gordon County,0.5177699774928614,25.0,500.0,144.2
1996,19025,Calhoun County,8.023443430185482,11.0,69.0,69.0
1997,12055,Highlands County,0.9040999864803403,28.0,230.0,74.75
1998,51580,Covington city,1.1257559150140286,2.0,138.0,138.0
1999,50017,Orange County,9.645847553698891,12.0,115.0,55.583333333333336
2000,20113,McPherson County,4.0082871279121255,12.0,345.0,153.33333333333334
2001,04021,Pinal County,13.538051221104853,59.0,500.0,207.45762711864407
2002,39051,Fulton County,6.379986628966073,4.0,345.0,345.0
2003,08003,Alamosa County,103.31587375735434,0.0,0.0,0.0
2004,12017,Citrus County,1.7167050267411943,52.0,500.0,143.96153846153845
2005,72049,Culebra Municipio,190.82059399204778,0.0,0.0,0.0
2006,28129,Smith County,9.906450746435024,10.0,115.0,115.0
2007,16075,Payette County,56.834688102472114,0.0,0.0,0.0
2008,16079,Shoshone County,33.38377050082102,2.0,500.0,500.0
2009,37095,Hyde County,52.72062359041203,0.0,0.0,0.0
2010,02122,Kenai Peninsula Borough,7.507723719283825,19.0,115.0,112.57894736842105
2011,01003,Baldwin County,3.079373212424854,99.0,500.0,127.02020202020202
2012,19007,Appanoose County,14.036887310991602,2.0,69.0,69.0
2013,78010,St. Croix Island,253.0993226990521,0.0,0.0,0.0
2014,51127,New Kent County,10.552774146625199,9.0,230.0,217.22222222222223
2015,13263,Talbot County,12.46953200795055,5.0,230.0,138.0
2016,36049,Lewis County,2.158216921493326,30.0,765.0,148.16666666666666
2017,54015,Clay County,11.305620880260353,2.0,138.0,138.0
2018,18077,Jefferson County,2.2102090080202186,9.0,345.0,207.0
2019,48347,Nacogdoches County,21.627735072790504,3.0,345.0,207.0
2020,44009,Washington County,5.570095240756429,18.0,115.0,115.0
2021,53047,Okanogan County,64.43501529082943,0.0,0.0,0.0
2022,53063,Spokane County,24.42689040736608,1.0,115.0,115.0
2023,22059,LaSalle Parish,20.303265549931165,1.0,115.0,115.0
2024,23027,Waldo County,5.514811370710853,5.0,345.0,161.0
2025,24027,Howard County,7.992098458946666,25.0,230.0,179.4
2026,49035,Salt Lake County,14.97313360640721,20.0,69.0,69.0
2027,38001,Adams County,9.84339527533941,14.0,230.0,87.07142857142857
2028,37137,Pamlico County,14.359273908633815,3.0,230.0,230.0
2029,21083,Graves County,1.5935745348061887,12.0,161.0,76.66666666666667
2030,42021,Cambria County,3.5036046157794165,21.0,230.0,125.95238095238095
2031,47107,McMinn County,5.068432198634144,31.0,500.0,154.1290322580645
2032,26093,Livingston County,2.787095847023256,14.0,345.0,182.35714285714286
2033,08001,Adams County,76.06100286590859,0.0,0.0,0.0
2034,42069,Lackawanna County,6.379875790577186,36.0,230.0,100.30555555555556
2035,40123,Pontotoc County,4.013604489448861,33.0,138.0,112.9090909090909
2036,28127,Simpson County,3.359188859975591,9.0,161.0,104.77777777777777
2037,28131,Stone County,5.937849974768411,12.0,230.0,105.41666666666667
2038,06013,Contra Costa County,1.0010244171849751,130.0,230.0,131.7076923076923
2039,47017,Carroll County,5.15435760926131,24.0,500.0,127.91666666666667
2040,51087,Henrico County,2.522624616295619,34.0,230.0,186.02941176470588
2041,18119,Owen County,5.48470905130629,9.0,345.0,130.33333333333334
2042,36119,Westchester County,4.4869920290391425,26.0,345.0,283.96153846153845
2043,29017,Bollinger County,7.409320740386725,10.0,161.0,96.6
2044,54047,McDowell County,2.1545202772243353,12.0,765.0,178.41666666666666
2045,54033,Harrison County,0.777494690280502,22.0,500.0,154.45454545454547
2046,06115,Yuba County,6.308720842684152,38.0,230.0,77.63157894736842
2047,01117,Shelby County,2.762918795953998,63.0,230.0,129.6031746031746
2048,08091,Ouray County,33.27538659533159,0.0,0.0,0.0
2049,35009,Curry County,4.905221033080263,18.0,230.0,117.55555555555556
2050,40149,Washita County,0.7790216430220922,12.0,138.0,115.0
2051,37135,Orange County,1.144534412525921,22.0,230.0,111.81818181818181
2052,18131,Pulaski County,22.610014306430863,1.0,138.0,138.0
2053,26019,Benzie County,26.10626453610463,0.0,0.0,0.0
2054,72087,Loíza Municipio,124.28181293366212,0.0,0.0,0.0
2055,16071,Oneida County,56.605740717102755,0.0,0.0,0.0
2056,17139,Moultrie County,9.443175949022292,1.0,345.0,345.0
2057,21107,Hopkins County,1.125876121761122,63.0,345.0,77.76190476190476
2058,16035,Clearwater County,54.2373201738331,1.0,500.0,500.0
2059,21013,Bell County,2.8182168186124437,18.0,500.0,103.16666666666667
2060,27035,Crow Wing County,1.7331169404291429,40.0,230.0,98.9
2061,60050,Western District,3725.1636661795233,0.0,0.0,0.0
2062,72011,Añasco Municipio,2.566673449689554,1.0,115.0,115.0
2063,04009,Graham County,12.906207646899762,10.0,345.0,161.0
2064,30017,Custer County,24.673844152549457,2.0,69.0,69.0
2065,46109,Roberts County,7.41383002287945,18.0,230.0,92.0
2066,17141,Ogle County,8.449962359361406,10.0,345.0,241.5
2067,38077,Richland County,4.846601139559196,49.0,230.0,55.46122448979592
2068,55005,Barron County,2.4354036201396814,33.0,161.0,74.57575757575758
2069,55051,Iron County,7.653488270070179,3.0,115.0,115.0
2070,27157,Wabasha County,7.4673458711513305,21.0,161.0,73.38095238095238
2071,06015,Del Norte County,17.586054641135142,2.0,115.0,115.0
2072,40127,Pushmataha County,11.953705385956681,8.0,345.0,163.875
2073,53007,Chelan County,51.89675194618778,1.0,500.0,500.0
2074,26141,Presque Isle County,20.699158713977784,4.0,138.0,103.5
2075,40027,Cleveland County,6.6862845847933166,64.0,138.0,120.75
2076,36105,Sullivan County,1.0449895422972522,14.0,345.0,151.14285714285714
2077,37149,Polk County,8.972090536362288,5.0,100.0,100.0
2078,37165,Scotland County,6.424322745822909,17.0,230.0,162.35294117647058
2079,37085,Harnett County,10.955437908382299,20.0,500.0,226.25
2080,37105,Lee County,2.835803475941531,12.0,230.0,210.83333333333334
2081,18159,Tipton County,6.134212033331403,1.0,230.0,230.0
2082,20027,Clay County,4.164670218737934,3.0,115.0,115.0
2083,20121,Miami County,4.495971046436215,8.0,345.0,207.0
2084,13091,Dodge County,6.571935748146746,9.0,500.0,170.55555555555554
2085,36023,Cortland County,6.244265202315504,16.0,345.0,129.375
2086,13039,Camden County,12.388051497171409,13.0,230.0,194.6153846153846
2087,26161,Washtenaw County,0.619719780690223,42.0,345.0,158.78571428571428
2088,18087,LaGrange County,6.499822440455377,2.0,138.0,138.0
2089,48371,Pecos County,7.446771991268931,41.0,345.0,139.1219512195122
2090,13225,Peach County,2.748165371860567,12.0,230.0,134.16666666666666
2091,13311,White County,19.447855097229265,0.0,0.0,0.0
2092,13163,Jefferson County,4.647045846575766,8.0,115.0,115.0
2093,55083,Oconto County,14.349847838466358,15.0,138.0,115.0
2094,31065,Furnas County,0.6071833796593915,17.0,69.0,69.0
2095,01069,Houston County,3.6890106302645793,46.0,230.0,125.0
2096,40103,Noble County,8.392295339374126,20.0,138.0,134.55
2097,20063,Gove County,9.763176957081152,7.0,115.0,69.0
2098,22077,Pointe Coupee Parish,20.678009907145352,4.0,500.0,274.5
2099,31067,Gage County,9.185042700911243,8.0,115.0,115.0
2100,01115,St. Clair County,9.93481488157843,28.0,230.0,119.10714285714286
2101,28123,Scott County,5.023077858764671,12.0,161.0,126.5
2102,13095,Dougherty County,4.3547490630522105,37.0,230.0,118.10810810810811
2103,18061,Harrison County,2.151346185888213,29.0,345.0,99.93103448275862
2104,16017,Bonner County,76.78212536922872,0.0,0.0,0.0
2105,13047,Catoosa County,0.9762005503372819,17.0,230.0,175.88235294117646
2106,55105,Rock County,0.8926679064340723,97.0,345.0,98.87628865979381
2107,45077,Pickens County,3.567396604836271,38.0,500.0,151.57894736842104
2108,53013,Columbia County,31.74122125568093,0.0,0.0,0.0
2109,18023,Clinton County,8.281055140397358,2.0,230.0,230.0
2110,17027,Clinton County,17.379945734132072,2.0,138.0,138.0
2111,16067,Minidoka County,126.34245233256296,0.0,0.0,0.0
2112,42113,Sullivan County,29.088403632680475,0.0,0.0,0.0
2113,28121,Rankin County,6.790687805812146,17.0,230.0,142.05882352941177
2114,48345,Motley County,14.579830295979317,2.0,69.0,69.0
2115,41039,Lane County,16.25560975657252,11.0,500.0,170.9090909090909
2116,48485,Wichita County,4.229508730032801,57.0,345.0,141.6315789473684
2117,26155,Shiawassee County,3.6900361936272192,11.0,345.0,156.8181818181818
2118,20089,Jewell County,9.424686356057611,3.0,115.0,115.0
2119,20123,Mitchell County,19.55649885226764,1.0,115.0,115.0
2120,12007,Bradford County,2.602942752032485,17.0,230.0,129.88235294117646
2121,28091,Marion County,4.721772021772353,14.0,230.0,90.35714285714286
2122,28039,George County,5.308844135924411,18.0,230.0,95.83333333333333
2123,27085,McLeod County,5.211889898818853,21.0,115.0,82.14285714285714
2124,55033,Dunn County,3.690492905336127,35.0,161.0,76.88571428571429
2125,08027,Custer County,94.3048623561861,0.0,0.0,0.0
2126,29123,Madison County,9.056590916866599,4.0,161.0,92.0
2127,48353,Nolan County,6.75535885420629,34.0,345.0,154.23529411764707
2128,42127,Wayne County,5.3674960487983014,15.0,230.0,79.73333333333333
2129,36091,Saratoga County,2.7866091205025865,57.0,230.0,117.01754385964912
2130,48041,Brazos County,3.2834495672525805,30.0,345.0,108.1
2131,40095,Marshall County,3.397378150424236,11.0,138.0,138.0
2132,24001,Allegany County,1.081223891646847,9.0,138.0,138.0
2133,54103,Wetzel County,6.762384196518596,7.0,138.0,138.0
2134,55053,Jackson County,1.51490053040402,33.0,69.0,69.0
2135,41007,Clatsop County,11.827188102898432,12.0,230.0,124.58333333333333
2136,53041,Lewis County,39.11489753768675,3.0,500.0,500.0
2137,36003,Allegany County,11.980813441186665,9.0,115.0,115.0
2138,19031,Cedar County,9.683858889796806,1.0,115.0,115.0
2139,18117,Orange County,2.3113477298766045,22.0,345.0,92.0
2140,13089,DeKalb County,2.2341536958333723,72.0,500.0,163.47222222222223
2141,13227,Pickens County,6.8141283520002345,3.0,230.0,191.66666666666666
2142,30015,Chouteau County,180.5744552261479,0.0,0.0,0.0
2143,31017,Brown County,7.845590982667726,8.0,115.0,86.25
2144,47013,Campbell County,2.9490024977228484,25.0,161.0,109.48
2145,37069,Franklin County,2.8064721227393816,19.0,230.0,121.05263157894737
2146,24510,Baltimore city,3.9743733665471037,14.0,115.0,115.0
2147,20111,Lyon County,4.95365373274093,8.0,115.0,115.0
2148,19027,Carroll County,3.8178479961116087,15.0,161.0,81.26666666666667
2149,37177,Tyrrell County,15.177698166388813,1.0,115.0,115.0
2150,27131,Rice County,1.948789746195187,30.0,115.0,75.13333333333334
2151,29219,Warren County,4.228228574368147,6.0,345.0,222.33333333333334
2152,21227,Warren County,0.7072060716896742,69.0,161.0,90.33333333333333
2153,22017,Caddo Parish,3.5612488901390713,60.0,345.0,115.0
2154,46121,Todd County,8.17310199306389,4.0,115.0,115.0
2155,19127,Marshall County,3.341786813405214,13.0,161.0,153.92307692307693
2156,40141,Tillman County,4.1272902189586524,11.0,345.0,94.0909090909091
2157,37113,Macon County,2.7749695890618433,17.0,161.0,161.0
2158,54063,Monroe County,18.673035155383218,0.0,0.0,0.0
2159,18155,Switzerland County,2.508220713811043,10.0,345.0,131.1
2160,21105,Hickman County,3.6120406876304965,7.0,161.0,108.42857142857143
2161,01061,Geneva County,8.155192300488181,17.0,230.0,142.05882352941177
2162,17099,LaSalle County,7.235609023188043,19.0,345.0,170.68421052631578
2163,19055,Delaware County,15.239521716233314,3.0,161.0,161.0
2164,20127,Morris County,19.37878419675672,3.0,345.0,268.3333333333333
2165,19051,Davis County,0.5756731689835295,15.0,161.0,75.13333333333334
2166,16015,Boise County,100.69808232654768,0.0,0.0,0.0
2167,55081,Monroe County,3.189872711639916,52.0,138.0,70.32692307692308
2168,37143,Perquimans County,6.153877119733972,3.0,230.0,230.0
2169,12047,Hamilton County,4.253623289013929,22.0,230.0,111.86363636363636
2170,31039,Cuming County,21.248423161694582,1.0,115.0,115.0
2171,53069,Wahkiakum County,14.85580829803201,0.0,0.0,0.0
2172,35011,De Baca County,21.649936947071133,2.0,69.0,69.0
2173,31109,Lancaster County,1.9645707929164145,66.0,345.0,129.63636363636363
2174,31129,Nuckolls County,11.013774941526869,5.0,115.0,78.2
2175,72085,Las Piedras Municipio,127.14566879273953,0.0,0.0,0.0
2176,46099,Minnehaha County,4.064357079107768,57.0,230.0,104.10526315789474
2177,48327,Menard County,11.365969978285976,1.0,69.0,69.0
2178,06091,Sierra County,13.992966710022543,5.0,60.0,60.0
2179,21053,Clinton County,2.548671832354711,9.0,161.0,99.66666666666667
2180,39063,Hancock County,8.444186207043053,15.0,345.0,151.8
2181,48189,Hale County,2.7627872348138913,42.0,230.0,92.54761904761905
2182,01027,Clay County,5.912843594794174,14.0,115.0,115.0
2183,48011,Armstrong County,14.288265889326244,2.0,345.0,345.0
2184,39003,Allen County,2.6276323453281245,30.0,345.0,151.8
2185,13189,McDuffie County,1.7181391201276717,9.0,230.0,127.77777777777777
2186,55111,Sauk County,8.029803710676054,48.0,138.0,93.4375
2187,05137,Stone County,13.029237982729576,1.0,161.0,161.0
2188,41063,Wallowa County,76.37919750811166,0.0,0.0,0.0
2189,42007,Beaver County,1.492961342746711,26.0,500.0,199.69230769230768
2190,28061,Jasper County,1.691262415974809,16.0,230.0,102.0625
2191,29083,Henry County,1.8496688316816285,15.0,161.0,161.0
2192,08109,Saguache County,135.72479755138195,0.0,0.0,0.0
2193,37037,Chatham County,7.98147137665086,18.0,230.0,191.66666666666666
2194,53057,Skagit County,30.25231094886213,21.0,500.0,147.28571428571428
2195,28067,Jones County,1.77555834647036,35.0,230.0,97.25714285714285
2196,55021,Columbia County,2.867169098287646,64.0,345.0,92.71875
2197,37019,Brunswick County,6.378076298181246,24.0,230.0,191.66666666666666
2198,27029,Clearwater County,2.8150451049430885,11.0,115.0,110.81818181818181
2199,51131,Northampton County,1.3658218002480895,7.0,69.0,69.0
2200,20163,Rooks County,18.792714350850748,2.0,115.0,115.0
2201,18041,Fayette County,1.0935106472848894,18.0,138.0,84.33333333333333
2202,31079,Hall County,10.179212964281893,20.0,230.0,115.0
2203,31081,Hamilton County,6.42262701125693,4.0,345.0,172.5
2204,31115,Loup County,18.770299749097745,2.0,69.0,69.0
2205,06101,Sutter County,0.5856897638774737,24.0,230.0,104.58333333333333
2206,42105,Potter County,14.443333544185586,5.0,115.0,115.0
2207,48465,Val Verde County,34.81295360134521,8.0,138.0,113.85
2208,20077,Harper County,10.198792938517188,6.0,345.0,207.0
2209,19133,Monona County,4.040834280621398,23.0,69.0,69.0
2210,49023,Juab County,55.08626567446374,12.0,69.0,69.0
2211,40137,Stephens County,6.995078488550575,43.0,345.0,109.11627906976744
2212,36017,Chenango County,2.3151018545418065,4.0,115.0,115.0
2213,17143,Peoria County,5.054773562431806,38.0,345.0,145.26315789473685
2214,19091,Humboldt County,11.46906010352557,2.0,345.0,207.0
2215,48391,Refugio County,8.959147212589825,2.0,345.0,345.0
2216,39017,Butler County,1.5431639046776209,86.0,345.0,123.55813953488372
2217,13273,Terrell County,1.6246202678599273,4.0,115.0,115.0
2218,13063,Clayton County,0.8824435034764366,54.0,500.0,145.55555555555554
2219,56013,Fremont County,23.208584030645476,2.0,115.0,92.0
2220,18115,Ohio County,9.097216393713447,0.0,0.0,0.0
2221,13073,Columbia County,7.0333139500277015,15.0,230.0,161.0
2222,08115,Sedgwick County,30.826960465491354,0.0,0.0,0.0
2223,30065,Musselshell County,84.28323935092385,0.0,0.0,0.0
2224,42043,Dauphin County,10.167721459075398,86.0,230.0,99.48837209302326
2225,46101,Moody County,3.796765055205926,11.0,345.0,106.63636363636364
2226,54079,Putnam County,1.7768909841823681,18.0,765.0,146.0
2227,34037,Sussex County,10.37205398125744,4.0,115.0,115.0
2228,20039,Decatur County,8.508359225703538,7.0,345.0,113.35714285714286
2229,18123,Perry County,4.397773792922569,19.0,161.0,82.3157894736842
2230,28145,Union County,1.2079176793254274,13.0,500.0,187.07692307692307
2231,31015,Boyd County,12.526275210627494,2.0,115.0,115.0
2232,18103,Miami County,10.969637349079193,2.0,345.0,287.5
2233,20053,Ellsworth County,10.732371956361494,4.0,230.0,143.75
2234,22123,West Carroll Parish,2.8036072321880843,2.0,115.0,115.0
2235,12077,Liberty County,14.543257483523442,6.0,115.0,84.33333333333333
2236,20083,Hodgeman County,13.965207978935936,5.0,115.0,96.6
2237,20119,Meade County,11.7729625252382,6.0,115.0,61.333333333333336
2238,21149,McLean County,0.5238956058677723,12.0,69.0,69.0
2239,28001,Adams County,3.2153018584194366,14.0,115.0,115.0
2240,72083,Las Marías Municipio,9.834848451124975,0.0,0.0,0.0
2241,28057,Itawamba County,3.3198133688635076,9.0,161.0,161.0
2242,48445,Terry County,0.9401496643433463,14.0,115.0,75.57142857142857
2243,35021,Harding County,30.093909213531308,2.0,115.0,92.0
2244,01121,Talladega County,1.9015970629581238,53.0,230.0,123.67924528301887
2245,55067,Langlade County,5.638150680355137,9.0,115.0,99.66666666666667
2246,48155,Foard County,5.120072174181447,4.0,138.0,86.25
2247,19021,Buena Vista County,7.600054532018332,36.0,161.0,71.55555555555556
2248,19129,Mills County,4.198659474673128,7.0,161.0,82.14285714285714
2249,48385,Real County,47.02719843133588,0.0,0.0,0.0
2250,39041,Delaware County,1.2603245022993412,43.0,765.0,200.72093023255815
2251,37067,Forsyth County,1.8165661617915438,100.0,230.0,105.2
2252,32510,Carson City,4.454512707875656,3.0,120.0,120.0
2253,19049,Dallas County,11.08929333571439,11.0,345.0,194.45454545454547
2254,48065,Carson County,4.729359890940166,21.0,345.0,137.71428571428572
2255,13261,Sumter County,1.1560310483109866,20.0,500.0,140.0
2256,29223,Wayne County,13.227016849379622,4.0,161.0,92.0
2257,26143,Roscommon County,3.4795072188132514,4.0,138.0,138.0
2258,37005,Alleghany County,9.167206871559733,1.0,500.0,500.0
2259,06035,Lassen County,22.472919443063656,67.0,345.0,69.31343283582089
2260,51610,Falls Church city,0.8225851612605124,2.0,230.0,230.0
2261,12081,Manatee County,6.141035121046919,12.0,230.0,230.0
2262,39119,Muskingum County,1.7942558612474666,37.0,765.0,160.54054054054055
2263,08015,Chaffee County,60.849562843361284,0.0,0.0,0.0
2264,08025,Crowley County,119.46103058286646,0.0,0.0,0.0
2265,08043,Fremont County,62.280759323008894,0.0,0.0,0.0
2266,28109,Pearl River County,1.1757085646786634,25.0,230.0,138.0
2267,28111,Perry County,7.247322315037031,9.0,161.0,89.44444444444444
2268,31041,Custer County,6.515123198662371,36.0,115.0,76.66666666666667
2269,12013,Calhoun County,6.693027585313911,6.0,230.0,134.16666666666666
2270,26017,Bay County,6.54243543182518,23.0,345.0,192.0
2271,47157,Shelby County,0.5984492208692367,101.0,500.0,181.82178217821783
2272,06007,Butte County,3.2701357915893112,48.0,230.0,128.75
2273,01023,Choctaw County,13.105258488806065,8.0,115.0,115.0
2274,18083,Knox County,4.5673874243289845,28.0,765.0,162.03571428571428
2275,31047,Dawson County,7.381649499403755,39.0,230.0,95.53846153846153
2276,20057,Ford County,3.7003784309850145,33.0,345.0,130.6818181818182
2277,38105,Williams County,9.095277063569798,51.0,230.0,111.84313725490196
2278,38017,Cass County,3.545853399950235,80.0,345.0,84.545
2279,17069,Hardin County,2.2662732559359267,11.0,161.0,77.36363636363636
2280,31005,Arthur County,19.59870368921616,1.0,115.0,115.0
2281,48163,Frio County,6.498577938020196,15.0,345.0,142.6
2282,37077,Granville County,3.8654152309353447,8.0,500.0,249.375
2283,47091,Johnson County,0.36415263420960087,8.0,161.0,161.0
2284,39013,Belmont County,0.35239400298535667,36.0,345.0,155.25
2285,51195,Wise County,3.306993139173884,17.0,161.0,119.05882352941177
2286,29035,Carter County,9.166630308628369,3.0,69.0,69.0
2287,40013,Bryan County,8.748014229081647,32.0,345.0,157.40625
2288,31035,Clay County,7.262748744976242,20.0,69.0,69.0
2289,24017,Charles County,2.5362465730681714,54.0,500.0,120.74074074074075
2290,19033,Cerro Gordo County,2.442169512058869,26.0,161.0,129.15384615384616
2291,19073,Greene County,7.480368794341393,4.0,161.0,161.0
2292,21205,Rowan County,0.6180851739470486,17.0,138.0,101.47058823529412
2293,49055,Wayne County,116.21040261064752,0.0,0.0,0.0
2294,29031,Cape Girardeau County,7.590019875683196,17.0,345.0,166.41176470588235
2295,53071,Walla Walla County,20.564766726884923,6.0,500.0,500.0
2296,29133,Mississippi County,3.9471459236603903,5.0,161.0,87.4
2297,05025,Cleveland County,8.004642080111742,4.0,115.0,115.0
2298,48113,Dallas County,1.671314973581088,130.0,345.0,145.43076923076924
2299,72079,Lajas Municipio,10.596290610748003,0.0,0.0,0.0
2300,25025,Suffolk County,5.1999361048527355,14.0,345.0,147.85714285714286
2301,16051,Jefferson County,51.349567577573744,0.0,0.0,0.0
2302,48177,Gonzales County,7.457831263256478,5.0,138.0,96.6
2303,47115,Marion County,8.841030676438834,10.0,500.0,194.9
2304,26007,Alpena County,23.180757321481853,6.0,138.0,138.0
2305,21231,Wayne County,5.403408149331414,15.0,161.0,75.13333333333334
2306,47185,White County,9.005355654930781,4.0,500.0,245.75
2307,08067,La Plata County,46.33106679036909,0.0,0.0,0.0
2308,48027,Bell County,3.8462696726051284,30.0,345.0,156.4
2309,28069,Kemper County,3.579920278274526,17.0,230.0,173.1764705882353
2310,05019,Clark County,7.656344516278164,16.0,500.0,139.0625
2311,41035,Klamath County,23.61342443670755,35.0,500.0,145.5142857142857
2312,36075,Oswego County,3.455051496253294,84.0,345.0,153.33333333333334
2313,72105,Naranjito Municipio,87.37819466980649,0.0,0.0,0.0
2314,01019,Cherokee County,10.398512596681703,5.0,230.0,161.0
2315,48019,Bandera County,35.61713572890329,1.0,138.0,138.0
2316,30087,Rosebud County,53.33398298481671,0.0,0.0,0.0
2317,35059,Union County,30.148673294923302,4.0,115.0,92.0
2318,26153,Schoolcraft County,10.821453118650375,9.0,138.0,84.33333333333333
2319,36111,Ulster County,11.277729103095544,34.0,345.0,104.17647058823529
2320,34007,Camden County,2.9929676462699057,11.0,230.0,215.36363636363637
2321,47165,Sumner County,1.0591393107018943,41.0,500.0,162.53658536585365
2322,51097,King and Queen County,12.934720274050626,2.0,230.0,230.0
2323,05015,Carroll County,2.787404705220465,19.0,161.0,122.26315789473684
2324,51820,Waynesboro city,1.9801994159991687,1.0,115.0,115.0
2325,02220,Sitka City and Borough,124.70478747705215,0.0,0.0,0.0
2326,41051,Multnomah County,8.55447001425836,6.0,500.0,179.16666666666666
2327,47061,Grundy County,5.349516901054444,4.0,161.0,161.0
2328,27057,Hubbard County,13.238599373080342,13.0,230.0,113.23076923076923
2329,38081,Sargent County,1.3134860870238882,14.0,230.0,99.27142857142857
2330,36089,St. Lawrence County,7.991131508496551,121.0,230.0,120.70247933884298
2331,29179,Reynolds County,6.1186079545876675,17.0,345.0,124.47058823529412
2332,06067,Sacramento County,1.5026254055588424,352.0,500.0,87.68181818181819
2333,39125,Paulding County,11.19893932537904,2.0,138.0,138.0
2334,18179,Wells County,11.803998389638835,2.0,345.0,345.0
2335,51063,Floyd County,2.373074035835481,1.0,138.0,138.0
2336,06083,Santa Barbara County,6.468322045870311,45.0,115.0,89.55555555555556
2337,54005,Boone County,12.173207013106687,15.0,765.0,179.8
2338,28009,Benton County,1.942900903119454,1.0,500.0,500.0
2339,60030,Rose Island,3587.266079479481,0.0,0.0,0.0
2340,21115,Johnson County,1.4643414171872882,13.0,138.0,74.3076923076923
2341,44003,Kent County,8.04394679853479,18.0,115.0,115.0
2342,50025,Windham County,4.076495755716301,25.0,345.0,123.28
2343,50019,Orleans County,3.6195284044859326,19.0,115.0,59.921052631578945
2344,20085,Jackson County,6.286133242823022,2.0,161.0,138.0
2345,22041,Franklin Parish,4.30772703055174,5.0,115.0,115.0
2346,49015,Emery County,75.73773971197055,0.0,0.0,0.0
2347,53019,Ferry County,67.09640884857576,0.0,0.0,0.0
2348,30109,Wibaux County,19.155387526603672,0.0,0.0,0.0
2349,35027,Lincoln County,30.16284368690972,4.0,115.0,80.5
2350,40021,Cherokee County,0.4724186505419505,36.0,345.0,94.55555555555556
2351,27173,Yellow Medicine County,9.626783089759378,15.0,345.0,142.6
2352,48231,Hunt County,1.9452412138517237,31.0,345.0,113.51612903225806
2353,48335,Mitchell County,3.150884230886687,25.0,345.0,193.2
2354,48499,Wood County,4.061674143657447,11.0,138.0,119.18181818181819
2355,40113,Osage County,4.707521519628234,59.0,345.0,120.45762711864407
2356,37039,Cherokee County,2.992315391266479,23.0,161.0,161.0
2357,26107,Mecosta County,5.2346862148723,8.0,138.0,77.625
2358,21195,Pike County,6.390527335729686,55.0,138.0,74.01818181818182
2359,29047,Clay County,3.983277022763249,34.0,345.0,136.64705882352942
2360,28027,Coahoma County,3.552504160737115,14.0,230.0,131.42857142857142
2361,18011,Boone County,1.1708576599684823,27.0,345.0,102.22222222222223
2362,19057,Des Moines County,9.871452356286419,4.0,161.0,92.0
2363,19163,Scott County,4.588766617252601,24.0,345.0,176.33333333333334
2364,20143,Ottawa County,32.25645390278644,0.0,0.0,0.0
2365,12023,Columbia County,5.070717985323083,14.0,230.0,113.35714285714286
2366,12059,Holmes County,8.473229860469914,6.0,115.0,115.0
2367,28047,Harrison County,1.674969067619558,56.0,230.0,121.16071428571429
2368,72141,Utuado Municipio,39.938687554562286,0.0,0.0,0.0
2369,47011,Bradley County,3.2336829688429045,27.0,500.0,197.59259259259258
2370,27017,Carlton County,1.9895707864576229,19.0,230.0,99.26315789473684
2371,48315,Marion County,7.087873300168524,10.0,345.0,156.4
2372,36095,Schoharie County,16.351854364225705,1.0,345.0,345.0
2373,40117,Pawnee County,1.6417912666386798,7.0,345.0,118.28571428571429
2374,36007,Broome County,7.389175501664915,20.0,345.0,138.0
2375,48291,Liberty County,11.193864097371362,34.0,230.0,124.47058823529412
2376,39009,Athens County,6.44845960015905,12.0,345.0,172.5
2377,39081,Jefferson County,3.125151747750159,12.0,765.0,224.75
2378,54083,Randolph County,3.8695977402410104,11.0,138.0,138.0
2379,54049,Marion County,4.523965780335911,29.0,500.0,162.9655172413793
2380,34011,Cumberland County,14.523103561609322,4.0,138.0,138.0
2381,06057,Nevada County,4.782467086485755,15.0,115.0,85.33333333333333
2382,55031,Douglas County,8.230512401921498,18.0,345.0,122.66666666666667
2383,21199,Pulaski County,0.6453357307273343,55.0,161.0,84.05454545454545
2384,27165,Watonwan County,2.092972064681353,31.0,345.0,77.90322580645162
2385,16013,Blaine County,128.13042453978784,0.0,0.0,0.0
2386,22053,Jefferson Davis Parish,1.156292455035733,27.0,138.0,81.77777777777777
2387,46119,Sully County,19.365038477679246,2.0,230.0,230.0
2388,08031,Denver County,46.72940463869633,0.0,0.0,0.0
2389,40029,Coal County,6.900816620407818,18.0,345.0,145.66666666666666
2390,30011,Carter County,82.69297798961756,0.0,0.0,0.0
2391,48461,Upton County,23.408830911783983,13.0,345.0,132.69230769230768
2392,18051,Gibson County,1.4917961442723902,43.0,345.0,88.25581395348837
2393,31105,Kimball County,36.57526080017889,0.0,0.0,0.0
2394,17093,Kendall County,10.42463671218805,19.0,765.0,269.05263157894734
2395,11001,District of Columbia,1.2825261968886024,30.0,230.0,137.23333333333332
2396,08085,Montrose County,26.877040726813537,13.0,69.0,37.15384615384615
2397,27171,Wright County,5.025602855135611,55.0,345.0,97.01818181818182
2398,55059,Kenosha County,16.20417402862824,20.0,345.0,162.15
2399,08037,Eagle County,48.78764851260756,1.0,115.0,115.0
2400,06075,San Francisco County,22.543861809177947,25.0,230.0,141.4
2401,08113,San Miguel County,27.905070966385818,0.0,0.0,0.0
2402,02020,Anchorage Municipality,20.378883836488914,55.0,230.0,128.38181818181818
2403,12109,St. Johns County,6.561250907020256,24.0,230.0,147.58333333333334
2404,28019,Choctaw County,3.781254003609053,11.0,500.0,284.27272727272725
2405,29079,Grundy County,4.119576851760493,11.0,161.0,77.36363636363636
2406,37025,Cabarrus County,8.059462451670347,29.0,230.0,117.93103448275862
2407,29225,Webster County,1.8046651850771331,14.0,161.0,101.85714285714286
2408,45053,Jasper County,3.7038523036699305,28.0,230.0,169.21428571428572
2409,48043,Brewster County,30.632326550203796,6.0,138.0,80.5
2410,39005,Ashland County,2.438068754857424,6.0,138.0,138.0
2411,31119,Madison County,7.13067359745386,18.0,345.0,113.72222222222223
2412,12085,Martin County,1.781499395610209,30.0,500.0,208.33333333333334
2413,08079,Mineral County,107.23915814772668,0.0,0.0,0.0
2414,13085,Dawson County,2.7068518059217332,12.0,230.0,134.16666666666666
2415,13167,Johnson County,14.298781064167159,1.0,230.0,230.0
2416,05095,Monroe County,5.569938149634321,8.0,230.0,117.875
2417,51117,Mecklenburg County,1.126910520240296,34.0,115.0,115.0
2418,21233,Webster County,4.891886496391994,31.0,161.0,77.90322580645162
2419,40047,Garfield County,2.377064213762782,41.0,345.0,126.21951219512195
2420,53059,Skamania County,47.14048449848629,0.0,0.0,0.0
2421,26091,Lenawee County,1.958950472089816,14.0,345.0,152.78571428571428
2422,05123,St. Francis County,4.933710706179073,13.0,161.0,125.61538461538461
2423,13101,Echols County,12.141436273296112,1.0,69.0,69.0
2424,02070,Dillingham Census Area,409.36300452091655,0.0,0.0,0.0
2425,20105,Lincoln County,3.6420505782084556,3.0,34.5,34.5
2426,20183,Smith County,1.6795022290903372,3.0,345.0,191.66666666666666
2427,12065,Jefferson County,3.1681958122302047,14.0,115.0,108.42857142857143
2428,72041,Cidra Municipio,95.09476517997633,0.0,0.0,0.0
2429,28005,Amite County,4.623337596434215,5.0,500.0,192.0
2430,05097,Montgomery County,12.771196300256117,1.0,115.0,115.0
2431,26025,Calhoun County,10.249553440661868,21.0,345.0,147.85714285714286
2432,01029,Cleburne County,12.08191747691301,4.0,115.0,115.0
2433,08123,Weld County,29.747974584740124,1.0,34.5,34.5
2434,40009,Beckham County,4.806339156544109,19.0,230.0,152.52631578947367
2435,06049,Modoc County,9.205463715825049,14.0,230.0,118.28571428571429
2436,19153,Polk County,0.8040734356510089,64.0,345.0,145.1875
2437,36085,Richmond County,6.3373452108947586,2.0,138.0,138.0
2438,39071,Highland County,4.604617006201621,11.0,345.0,188.1818181818182
2439,27077,Lake of the Woods County,0.874318487944941,11.0,230.0,127.54545454545455
2440,16011,Bingham County,46.42777235379012,0.0,0.0,0.0
2441,72023,Cabo Rojo Municipio,15.935426761804575,0.0,0.0,0.0
2442,72069,Humacao Municipio,135.73192410499385,0.0,0.0,0.0
2443,72077,Juncos Municipio,123.2212289050485,0.0,0.0,0.0
2444,21139,Livingston County,4.649366291750918,21.0,161.0,104.04761904761905
2445,13201,Miller County,1.7437356553279215,5.0,115.0,115.0
2446,47103,Lincoln County,1.968444981898003,5.0,500.0,228.8
2447,21211,Shelby County,1.6942592248947312,25.0,161.0,75.44
2448,31185,York County,3.244706129238195,3.0,115.0,115.0
2449,42001,Adams County,2.003639910902644,20.0,500.0,180.8
2450,45005,Allendale County,6.606277778109285,10.0,115.0,101.2
2451,47037,Davidson County,3.5466383676582107,73.0,500.0,161.86301369863014
2452,49047,Uintah County,6.139402411647105,6.0,69.0,69.0
2453,49049,Utah County,5.73110011195572,17.0,115.0,82.52941176470588
2454,18021,Clay County,4.849837714483326,17.0,230.0,94.70588235294117
2455,36047,Kings County,6.607490586206683,1.0,345.0,345.0
2456,45007,Anderson County,4.788312558309347,108.0,230.0,112.03703703703704
2457,56007,Carbon County,136.63855079823372,0.0,0.0,0.0
2458,30093,Silver Bow County,92.69437227472194,0.0,0.0,0.0
2459,17177,Stephenson County,3.899152588653188,16.0,138.0,138.0
2460,26087,Lapeer County,6.719646538791784,9.0,345.0,155.0
2461,22027,Claiborne Parish,22.152021652459077,3.0,115.0,115.0
2462,48449,Titus County,5.4991313500584615,19.0,345.0,99.26315789473684
2463,54027,Hampshire County,6.084156737986826,6.0,500.0,319.0
2464,37125,Moore County,4.4497369237031394,15.0,230.0,191.66666666666666
2465,20009,Barton County,8.142971649430422,36.0,230.0,94.55555555555556
2466,38087,Slope County,10.727160411832003,2.0,230.0,149.5
2467,22083,Richland Parish,13.290950892327459,8.0,500.0,163.125
2468,31071,Garfield County,26.394040242895638,0.0,0.0,0.0
2469,22099,St. Martin Parish,18.967369198083396,15.0,138.0,92.0
2470,01119,Sumter County,4.896512736525923,12.0,230.0,134.16666666666666
2471,01133,Winston County,12.746898646081757,12.0,161.0,161.0
2472,12117,Seminole County,4.992427044733581,43.0,500.0,146.95348837209303
2473,28035,Forrest County,4.242636104883446,41.0,230.0,107.14634146341463
2474,26065,Ingham County,8.806121635263143,29.0,138.0,138.0
2475,20177,Shawnee County,1.5883069116179325,49.0,230.0,124.38775510204081
2476,46061,Hanson County,4.1192261662592555,9.0,230.0,92.0
2477,27061,Itasca County,13.283189876249791,56.0,230.0,121.57142857142857
2478,08073,Lincoln County,118.70006626166811,0.0,0.0,0.0
2479,36053,Madison County,8.938191130915579,16.0,345.0,143.75
2480,36115,Washington County,10.730635811802381,18.0,115.0,115.0
2481,18081,Johnson County,4.008748628206712,40.0,345.0,94.875
2482,17057,Fulton County,4.562531701356503,7.0,345.0,197.14285714285714
2483,36103,Suffolk County,3.693341387680456,123.0,138.0,91.4390243902439
2484,18161,Union County,2.418247318860894,11.0,345.0,125.45454545454545
2485,29119,McDonald County,3.3054777547288037,12.0,345.0,107.33333333333333
2486,31157,Scotts Bluff County,7.702213739123421,6.0,230.0,153.33333333333334
2487,35047,San Miguel County,40.985256296529606,6.0,115.0,115.0
2488,01081,Lee County,1.0931724092115598,96.0,230.0,125.78125
2489,48367,Parker County,8.05766909534735,18.0,345.0,214.66666666666666
2490,38021,Dickey County,9.994836840823865,21.0,230.0,101.95238095238095
2491,38003,Barnes County,2.5487103535816527,22.0,345.0,93.73636363636363
2492,27143,Sibley County,3.3307588224959623,23.0,69.0,69.0
2493,13293,Upson County,0.8601695788647815,10.0,230.0,149.5
2494,06097,Sonoma County,4.485476453854215,76.0,230.0,133.35526315789474
2495,26033,Chippewa County,6.2836124100586845,30.0,69.0,69.0
2496,16019,Bonneville County,26.12927718894271,1.0,69.0,69.0
2497,13013,Barrow County,3.2161738535833453,14.0,230.0,180.71428571428572
2498,13183,Long County,2.7063502493121256,7.0,115.0,115.0
2499,48271,Kinney County,3.7531956017766133,6.0,138.0,138.0
2500,40115,Ottawa County,2.335400385045524,31.0,161.0,80.12903225806451
2501,42033,Clearfield County,8.713676146398832,11.0,345.0,167.27272727272728
2502,26037,Clinton County,5.927990261322585,7.0,138.0,118.28571428571429
2503,72133,Santa Isabel Municipio,70.98194445215957,0.0,0.0,0.0
2504,17135,Montgomery County,17.55673367561586,7.0,345.0,226.71428571428572
2505,28003,Alcorn County,2.314056990846243,16.0,161.0,161.0
2506,28071,Lafayette County,0.16736812629802494,11.0,161.0,161.0
2507,22043,Grant Parish,20.64825850791318,1.0,230.0,230.0
2508,29005,Atchison County,4.586022896186169,7.0,345.0,108.42857142857143
2509,17115,Macon County,0.9929572241271839,44.0,345.0,145.8409090909091
2510,20167,Russell County,7.2337009536900325,7.0,230.0,124.85714285714286
2511,17155,Putnam County,6.996710932040249,11.0,138.0,138.0
2512,46055,Haakon County,16.655769929648184,8.0,230.0,94.875
2513,47111,Macon County,7.383510735809148,2.0,161.0,161.0
2514,05023,Cleburne County,3.2804378885748555,6.0,161.0,161.0
2515,01109,Pike County,4.127506036045907,10.0,115.0,115.0
2516,16003,Adams County,87.20189704051347,0.0,0.0,0.0
2517,25005,Bristol County,2.8763570507235476,88.0,345.0,128.0681818181818
2518,42107,Schuylkill County,7.161818936405888,34.0,230.0,78.47058823529412
2519,38103,Wells County,14.321963349877052,10.0,115.0,48.940000000000005
2520,37045,Cleveland County,2.1861719359123066,40.0,500.0,142.75
2521,05059,Hot Spring County,1.3019284064234078,26.0,500.0,189.03846153846155
2522,24021,Frederick County,1.1975207696457064,30.0,500.0,247.8
2523,17169,Schuyler County,4.908115046135533,10.0,138.0,75.9
2524,06051,Mono County,19.749985555555913,13.0,230.0,105.38461538461539
2525,06109,Tuolumne County,18.224248865033996,21.0,230.0,134.71428571428572
2526,35013,Doña Ana County,4.62631961006452,15.0,345.0,186.2
2527,13081,Crisp County,5.32543006384186,8.0,115.0,115.0
2528,05027,Columbia County,2.4373137089136256,17.0,345.0,128.52941176470588
2529,38039,Griggs County,5.61895291632091,5.0,69.0,63.52
2530,06095,Solano County,5.211434076686164,43.0,230.0,111.97674418604652
2531,19043,Clayton County,4.622088460305854,23.0,161.0,73.0
2532,28163,Yazoo County,0.7048430075968882,17.0,230.0,121.76470588235294
2533,19067,Floyd County,6.167624711320811,7.0,161.0,95.28571428571429
2534,21145,McCracken County,0.5007989421679991,71.0,500.0,119.12676056338029
2535,21225,Union County,1.2134209891641496,26.0,161.0,72.53846153846153
2536,46125,Turner County,2.1742102619759716,28.0,230.0,74.75
2537,47029,Cocke County,15.171579933071968,1.0,161.0,161.0
2538,47067,Hancock County,1.5372462279401546,4.0,69.0,69.0
2539,47071,Hardin County,6.4521430188044695,13.0,161.0,161.0
2540,45067,Marion County,3.049921710990641,28.0,230.0,106.78571428571429
2541,72057,Guayama Municipio,97.93391029269627,0.0,0.0,0.0
2542,22117,Washington Parish,7.814764482003101,5.0,230.0,161.0
2543,29207,Stoddard County,1.3380133088771902,26.0,345.0,125.61538461538461
2544,13093,Dooly County,12.55522561842808,2.0,115.0,115.0
2545,27145,Stearns County,6.116537588616588,67.0,345.0,92.34328358208955
2546,31155,Saunders County,14.022845409843766,7.0,161.0,88.71428571428571
2547,27141,Sherburne County,7.442654539700084,46.0,345.0,91.5
2548,46035,Davison County,3.943644477342432,9.0,115.0,79.22222222222223
2549,47025,Claiborne County,5.041395103690722,10.0,161.0,87.4
2550,48337,Montague County,8.94068950484645,15.0,138.0,108.86666666666666
2551,48049,Brown County,7.340199861007749,4.0,345.0,224.25
2552,55101,Racine County,12.408387010039917,16.0,345.0,189.75
2553,55115,Shawano County,8.200801862426912,34.0,345.0,117.70588235294117
2554,19009,Audubon County,0.8679972812315507,3.0,69.0,69.0
2555,48207,Haskell County,7.4701333233172775,7.0,345.0,207.0
2556,40083,Logan County,5.5536299705057575,20.0,345.0,127.65
2557,36065,Oneida County,0.464477682500474,55.0,345.0,131.72727272727272
2558,08065,Lake County,24.529681602297,0.0,0.0,0.0
2559,40121,Pittsburg County,3.480603604331045,22.0,345.0,153.6818181818182
2560,54017,Doddridge County,6.049772339229086,3.0,138.0,138.0
2561,54105,Wirt County,8.295010438613673,2.0,765.0,451.5
2562,33003,Carroll County,2.893956848766123,7.0,115.0,115.0
2563,54095,Tyler County,2.463010424402951,5.0,765.0,263.4
2564,26081,Kent County,5.449217755669039,56.0,345.0,151.55357142857142
2565,37147,Pitt County,3.647170166255486,12.0,230.0,210.83333333333334
2566,30009,Carbon County,137.0077840107683,0.0,0.0,0.0
2567,31167,Stanton County,6.503690331530642,4.0,115.0,115.0
2568,13001,Appling County,6.275110513242024,11.0,500.0,226.8181818181818
2569,25007,Dukes County,24.775707580001683,0.0,0.0,0.0
2570,38049,McHenry County,8.68879184168448,17.0,230.0,91.54117647058824
2571,31179,Wayne County,7.830280025616448,11.0,230.0,87.81818181818181
2572,38045,LaMoure County,5.187526946837361,9.0,115.0,76.17777777777778
2573,16023,Butte County,104.67275969537714,0.0,0.0,0.0
2574,33007,Coos County,3.2802766432203785,12.0,115.0,115.0
2575,38043,Kidder County,12.909526155846212,14.0,345.0,129.15714285714287
2576,48273,Kleberg County,15.21067383152739,4.0,345.0,189.75
2577,18127,Porter County,1.375873989870396,45.0,345.0,174.8
2578,26009,Antrim County,4.145508972371648,14.0,345.0,118.28571428571429
2579,45069,Marlboro County,1.076045536024291,28.0,230.0,103.5
2580,16009,Benewah County,40.34837808004908,0.0,0.0,0.0
2581,17103,Lee County,4.132811184657232,22.0,345.0,185.04545454545453
2582,31127,Nemaha County,0.7367075635151478,10.0,345.0,124.2
2583,37031,Carteret County,13.515023413432532,17.0,230.0,121.76470588235294
2584,20149,Pottawatomie County,15.411455191799055,3.0,345.0,230.0
2585,26075,Jackson County,2.695866217101466,22.0,138.0,137.1818181818182
2586,48091,Comal County,4.065590683752709,29.0,138.0,135.6206896551724
2587,25019,Nantucket County,43.28949376999574,0.0,0.0,0.0
2588,45009,Bamberg County,1.8442104031451008,15.0,230.0,96.6
2589,48007,Aransas County,21.178564091918226,2.0,138.0,138.0
2590,13019,Berrien County,4.813699321916595,11.0,115.0,115.0
2591,18165,Vermillion County,6.4834042380139225,11.0,345.0,234.1818181818182
2592,51019,Bedford County,2.3176955417654486,25.0,138.0,130.64
2593,35033,Mora County,22.60190007628196,3.0,115.0,115.0
2594,31011,Boone County,7.971279793324188,7.0,115.0,115.0
2595,29149,Oregon County,3.870429577100969,6.0,161.0,99.66666666666667
2596,47083,Houston County,5.954469756852995,2.0,161.0,161.0
2597,42131,Wyoming County,4.289747328047309,5.0,230.0,138.0
2598,37107,Lenoir County,3.470667068824558,18.0,230.0,134.16666666666666
2599,16059,Lemhi County,200.58011893322623,0.0,0.0,0.0
2600,21183,Ohio County,7.46003859300867,39.0,161.0,92.58974358974359
2601,31153,Sarpy County,2.4219759538945653,40.0,345.0,131.1
2602,13071,Colquitt County,2.1085935845551655,19.0,230.0,121.05263157894737
2603,46117,Stanley County,10.787632988235224,7.0,230.0,131.42857142857142
2604,32031,Washoe County,59.70198913397277,20.0,345.0,142.5
2605,47073,Hawkins County,2.309568360503766,35.0,500.0,141.6
2606,38011,Bowman County,11.208788007149627,29.0,115.0,89.62068965517241
2607,42057,Fulton County,9.628249450159835,1.0,138.0,138.0
2608,22055,Lafayette Parish,0.3475272602440177,42.0,230.0,128.14285714285714
2609,48237,Jack County,1.8655101411409025,13.0,345.0,212.30769230769232
2610,17175,Stark County,10.803489109454466,1.0,138.0,138.0
2611,40055,Greer County,7.761348872748602,6.0,69.0,69.0
2612,48211,Hemphill County,8.008621792120755,7.0,69.0,64.85714285714286
2613,16069,Nez Perce County,19.68033267816992,1.0,500.0,500.0
2614,46129,Walworth County,14.34459189250288,3.0,230.0,153.33333333333334
2615,06055,Napa County,8.790896398606533,18.0,230.0,131.38888888888889
2616,40033,Cotton County,4.897606608137063,10.0,69.0,69.0
2617,29221,Washington County,9.492337793183076,15.0,161.0,134.93333333333334
2618,36011,Cayuga County,1.2901175642276619,8.0,115.0,115.0
2619,48417,Shackelford County,3.580308170344056,7.0,345.0,167.57142857142858
2620,48407,San Jacinto County,5.913097856128699,6.0,138.0,111.16666666666667
2621,13179,Liberty County,5.783340468500486,7.0,500.0,186.42857142857142
2622,48349,Navarro County,2.561361636708657,23.0,345.0,144.0
2623,48047,Brooks County,23.1539748521984,1.0,345.0,345.0
2624,47187,Williamson County,3.739002526902199,30.0,500.0,183.6
2625,56021,Laramie County,83.72609728837155,0.0,0.0,0.0
2626,53003,Asotin County,39.12792017089136,0.0,0.0,0.0
2627,27155,Traverse County,2.3532900824778302,8.0,115.0,115.0
2628,17017,Cass County,2.2204751268258316,10.0,138.0,75.9
2629,13247,Rockdale County,2.6159580561068068,16.0,230.0,186.875
2630,42067,Juniata County,3.590585324692804,10.0,500.0,146.6
2631,42083,McKean County,7.260419366267326,4.0,230.0,143.75
2632,40049,Garvin County,7.082549922031078,44.0,138.0,95.6590909090909
2633,31021,Burt County,8.574100146777221,6.0,345.0,161.0
2634,35045,San Juan County,6.060648690278795,65.0,500.0,153.33846153846153
2635,36073,Orleans County,21.495876811046678,11.0,115.0,115.0
2636,22031,De Soto Parish,16.540509956239575,3.0,345.0,268.3333333333333
2637,06019,Fresno County,3.1778731468759585,146.0,500.0,122.34931506849315
2638,19095,Iowa County,12.87709913082226,7.0,345.0,121.57142857142857
2639,31019,Buffalo County,1.1814157029349168,60.0,345.0,79.73333333333333
2640,40007,Beaver County,13.663980240969648,17.0,345.0,147.47058823529412
2641,19023,Butler County,19.50011722196992,2.0,161.0,161.0
2642,30085,Roosevelt County,39.61310726705361,1.0,69.0,69.0
2643,72017,Barceloneta Municipio,52.27953488823736,0.0,0.0,0.0
2644,51670,Hopewell city,1.2183833604995105,2.0,230.0,230.0
2645,17201,Winnebago County,2.1464255165804893,45.0,345.0,176.33333333333334
2646,04007,Gila County,6.3621608703729535,15.0,500.0,222.66666666666666
2647,24045,Wicomico County,0.13926743028343053,21.0,230.0,83.23809523809524
2648,21043,Carter County,4.729614908288036,13.0,69.0,69.0
2649,37097,Iredell County,4.189236298386096,49.0,500.0,118.77551020408163
2650,51083,Halifax County,1.6776546066175098,21.0,230.0,125.95238095238095
2651,37091,Hertford County,5.203775161045025,5.0,230.0,230.0
2652,36057,Montgomery County,9.410204817232582,21.0,345.0,125.95238095238095
2653,13123,Gilmer County,6.511323832053864,1.0,230.0,230.0
2654,27135,Roseau County,4.029142173324123,19.0,230.0,85.94736842105263
2655,28089,Madison County,4.937755023841864,14.0,500.0,216.42857142857142
2656,48227,Howard County,2.616024423348997,27.0,345.0,158.44444444444446
2657,54099,Wayne County,8.733912424957376,18.0,765.0,157.5
2658,12049,Hardee County,11.891109791597305,12.0,230.0,176.33333333333334
2659,39025,Clermont County,8.630343854995258,24.0,345.0,166.75
2660,48501,Yoakum County,0.6222651236031201,41.0,230.0,114.55121951219513
2661,41071,Yamhill County,21.56503676885702,1.0,115.0,115.0
2662,19115,Louisa County,9.221722209365174,3.0,161.0,161.0
2663,20049,Elk County,18.769913446439237,1.0,345.0,345.0
2664,39121,Noble County,0.5363981715384962,9.0,138.0,138.0
2665,39137,Putnam County,8.514166725800859,5.0,345.0,179.4
2666,48425,Somervell County,4.811309666706965,2.0,345.0,195.5
2667,42075,Lebanon County,1.957697876364528,12.0,500.0,185.41666666666666
2668,30035,Glacier County,200.4899476110034,0.0,0.0,0.0
2669,32027,Pershing County,11.482675286393574,7.0,345.0,184.28571428571428
2670,27087,Mahnomen County,3.702246667610923,4.0,115.0,80.5
2671,34031,Passaic County,12.21409560488573,9.0,500.0,260.0
2672,30047,Lake County,72.03028869173127,0.0,0.0,0.0
2673,48261,Kenedy County,9.307220791510318,2.0,138.0,138.0
2674,48033,Borden County,16.494435430155196,10.0,345.0,174.8
2675,29157,Perry County,8.688400501439183,3.0,345.0,207.0
2676,48411,San Saba County,44.84247023953452,0.0,0.0,0.0
2677,40073,Kingfisher County,0.9065801811092317,25.0,345.0,99.36
2678,48051,Burleson County,16.362439702001904,2.0,138.0,138.0
2679,36035,Fulton County,10.674450790950319,22.0,115.0,108.72727272727273
2680,28133,Sunflower County,7.619019046078167,7.0,115.0,115.0
2681,48247,Jim Hogg County,39.824214959285534,0.0,0.0,0.0
2682,08017,Cheyenne County,67.44761561419193,0.0,0.0,0.0
2683,41005,Clackamas County,25.85462368508006,2.0,500.0,500.0
2684,05113,Polk County,7.449346674240497,12.0,138.0,74.75
2685,13193,Macon County,0.5057503029219952,11.0,115.0,115.0
2686,18007,Benton County,4.208809382819512,6.0,345.0,345.0
2687,47129,Morgan County,4.618790857082394,12.0,69.0,69.0
2688,46043,Douglas County,0.16427115455196173,10.0,345.0,101.2
2689,24047,Worcester County,8.401265307549865,17.0,138.0,85.23529411764706
2690,17185,Wabash County,7.986174342090167,3.0,345.0,207.0
2691,18069,Huntington County,4.695810464444087,9.0,138.0,138.0
2692,21209,Scott County,0.3378377887077279,20.0,138.0,82.8
2693,19053,Decatur County,33.388251821959265,0.0,0.0,0.0
2694,18169,Wabash County,7.148216957677179,2.0,138.0,138.0
2695,18003,Allen County,0.43697092560285217,66.0,345.0,147.4090909090909
2696,18099,Marshall County,3.7750080319586954,4.0,345.0,189.75
2697,31171,Thomas County,23.829980919334346,0.0,0.0,0.0
2698,42077,Lehigh County,1.5363877871922578,131.0,500.0,103.58015267175573
2699,31159,Seward County,5.342887451058802,3.0,115.0,115.0
2700,36015,Chemung County,3.400642979799445,16.0,230.0,129.375
2701,36121,Wyoming County,0.8838950806129596,16.0,230.0,150.9375
2702,06099,Stanislaus County,1.4928693745148185,115.0,500.0,93.20869565217392
2703,42095,Northampton County,0.8750205230037658,100.0,500.0,101.14
2704,01103,Morgan County,5.348395645084978,43.0,500.0,176.7674418604651
2705,21027,Breckinridge County,2.3312609667824225,26.0,345.0,106.15384615384616
2706,31113,Logan County,15.500873779460346,6.0,115.0,76.66666666666667
2707,31121,Merrick County,10.935152014505322,6.0,345.0,230.0
2708,31161,Sheridan County,28.713725262855426,3.0,115.0,115.0
2709,21039,Carlisle County,5.687670683689056,2.0,161.0,115.0
2710,56025,Natrona County,36.41498115785576,1.0,115.0,115.0
2711,13321,Worth County,2.6390883828854808,10.0,500.0,165.0
2712,18109,Morgan County,2.1823041742039355,18.0,138.0,99.66666666666667
2713,48139,Ellis County,0.9914399379757781,16.0,345.0,218.5
2714,13229,Pierce County,2.679388002965348,18.0,230.0,134.16666666666666
2715,60010,Eastern District,3710.194176213852,0.0,0.0,0.0
2716,18053,Grant County,4.991741092078767,16.0,138.0,138.0
2717,12035,Flagler County,5.47161731031255,14.0,230.0,180.71428571428572
2718,28077,Lawrence County,3.585498705619968,10.0,115.0,110.4
2719,22127,Winn Parish,0.23066352312053068,9.0,230.0,140.55555555555554
2720,17073,Henry County,16.656837933377158,10.0,345.0,154.1
2721,55087,Outagamie County,8.002181170039012,19.0,345.0,170.68421052631578
2722,29107,Lafayette County,4.299671819851909,20.0,161.0,156.4
2723,37195,Wilson County,0.6090788669312185,49.0,230.0,124.38775510204081
2724,39117,Morrow County,8.886747715575016,4.0,138.0,138.0
2725,30039,Granite County,36.43104522076069,1.0,69.0,69.0
2726,38031,Foster County,13.02083459071244,3.0,115.0,66.06666666666666
2727,05033,Crawford County,10.299719082377404,36.0,161.0,140.55555555555554
2728,48053,Burnet County,9.24988790392874,24.0,138.0,135.125
2729,29186,Ste. Genevieve County,4.498249839595201,4.0,345.0,241.5
2730,48179,Gray County,1.8371625529359532,16.0,345.0,159.5625
2731,17109,McDonough County,0.7701588961731395,1.0,138.0,138.0
2732,19137,Montgomery County,8.201181012664431,4.0,69.0,69.0
2733,05067,Jackson County,5.0388733079848524,10.0,161.0,161.0
2734,48229,Hudspeth County,43.62393060151471,5.0,115.0,115.0
2735,28101,Newton County,4.610113329192532,10.0,161.0,156.4
2736,37163,Sampson County,1.5766518278920214,21.0,230.0,136.9047619047619
2737,47127,Moore County,4.868960277280149,2.0,161.0,161.0
2738,12103,Pinellas County,2.2240164980365384,55.0,230.0,164.34545454545454
2739,72019,Barranquitas Municipio,79.26852096927695,0.0,0.0,0.0
2740,17065,Hamilton County,2.6850628436432507,18.0,345.0,95.83333333333333
2741,05105,Perry County,5.194964795044707,3.0,500.0,258.6666666666667
2742,20023,Cheyenne County,6.674163543619137,8.0,115.0,84.8125
2743,08029,Delta County,10.22518418100664,1.0,34.5,34.5
2744,19185,Wayne County,26.721548391957114,0.0,0.0,0.0
2745,48165,Gaines County,4.371595157093211,34.0,230.0,92.67647058823529
2746,01093,Marion County,4.5312643677030735,13.0,500.0,187.07692307692307
2747,37189,Watauga County,21.36852359575535,0.0,0.0,0.0
2748,51770,Roanoke city,3.1148458945953474,4.0,138.0,138.0
2749,48317,Martin County,3.8020485778349458,11.0,345.0,125.45454545454545
2750,48037,Bowie County,3.6728322338218384,33.0,345.0,97.57575757575758
2751,49057,Weber County,5.354479932490204,14.0,138.0,73.92857142857143
2752,29127,Marion County,5.893369113420938,27.0,345.0,116.70370370370371
2753,36045,Jefferson County,7.257357657304323,31.0,115.0,115.0
2754,18097,Marion County,1.0515859731212638,121.0,345.0,148.45454545454547
2755,05017,Chicot County,1.3523102995444383,8.0,115.0,115.0
2756,13021,Bibb County,1.7714969572765271,39.0,500.0,127.82051282051282
2757,72059,Guayanilla Municipio,25.629374130404965,0.0,0.0,0.0
2758,72131,San Sebastián Municipio,11.783086263967537,0.0,0.0,0.0
2759,05115,Pope County,15.554693131740134,11.0,500.0,191.8181818181818
2760,51175,Southampton County,9.310568649331401,10.0,500.0,234.0
2761,48183,Gregg County,3.800481628516151,20.0,138.0,94.3
2762,36087,Rockland County,4.397141417852943,7.0,345.0,345.0
2763,05089,Marion County,4.018290838252844,6.0,161.0,161.0
2764,51800,Suffolk city,3.491655990978278,11.0,500.0,254.54545454545453
2765,08041,El Paso County,35.65901043069809,8.0,34.5,34.5
2766,29187,St. Francois County,1.4989909696849635,15.0,138.0,138.0
2767,48475,Ward County,8.657407533328376,12.0,138.0,115.0
2768,08061,Kiowa County,87.09186223056413,0.0,0.0,0.0
2769,48487,Wilbarger County,3.1508941777782624,18.0,345.0,145.66666666666666
2770,41015,Curry County,15.358984966829507,17.0,230.0,121.76470588235294
2771,08119,Teller County,14.889304899743824,0.0,0.0,0.0
2772,29049,Clinton County,6.6354070386462585,20.0,161.0,87.4
2773,53045,Mason County,47.90085100903559,0.0,0.0,0.0
2774,37127,Nash County,4.346981082968655,15.0,230.0,161.0
2775,51199,York County,0.9710338509674353,22.0,230.0,172.5
2776,16047,Gooding County,57.99833058288445,0.0,0.0,0.0
2777,47167,Tipton County,5.028204589178067,24.0,500.0,166.25
2778,22121,West Baton Rouge Parish,4.2310499368704075,23.0,230.0,184.0
2779,29171,Putnam County,1.7217159472482593,8.0,69.0,69.0
2780,56039,Teton County,92.351377648508,0.0,0.0,0.0
2781,55043,Grant County,3.1996088661753657,54.0,161.0,78.79629629629629
2782,38059,Morton County,6.6676042716142225,24.0,230.0,128.41666666666666
2783,37041,Chowan County,5.12814337131511,2.0,230.0,230.0
2784,37021,Buncombe County,4.343110975533009,60.0,230.0,116.91666666666667
2785,06063,Plumas County,9.414614718836976,35.0,230.0,80.27142857142857
2786,51730,Petersburg city,4.05667217134055,1.0,230.0,230.0
2787,13175,Laurens County,5.549791308732035,23.0,230.0,135.0
2788,36061,New York County,1.868715290134898,9.0,345.0,322.0
2789,05007,Benton County,0.21268015350597774,70.0,345.0,130.77142857142857
2790,72071,Isabela Municipio,3.5355571794129665,1.0,230.0,230.0
2791,12083,Marion County,2.3074728441193573,70.0,230.0,96.6
2792,51135,Nottoway County,3.502358674774287,6.0,115.0,115.0
2793,34041,Warren County,6.090790430076711,10.0,230.0,230.0
2794,36021,Columbia County,2.7089623911545235,21.0,115.0,115.0
2795,51690,Martinsville city,4.862385840194726,0.0,0.0,0.0
2796,29165,Platte County,3.2664530439549715,24.0,345.0,138.0
2797,29021,Buchanan County,8.558089034787468,13.0,345.0,161.0
2798,01083,Limestone County,6.850182579529655,18.0,500.0,236.33333333333334
2799,18065,Henry County,1.5231671637400328,15.0,138.0,92.0
2800,31143,Polk County,19.484317096858415,1.0,115.0,115.0
2801,39123,Ottawa County,12.222042557424,7.0,345.0,226.71428571428572
2802,27107,Norman County,5.0544372340268895,11.0,230.0,83.63636363636364
2803,27053,Hennepin County,2.066999185321724,80.0,345.0,115.0
2804,42027,Centre County,4.147587518716083,8.0,230.0,215.625
2805,48025,Bee County,17.72202326418266,1.0,345.0,345.0
2806,47077,Henderson County,1.1635659249443304,12.0,161.0,161.0
2807,19171,Tama County,5.05749556855805,3.0,161.0,130.33333333333334
2808,20175,Seward County,5.814545338877268,15.0,138.0,111.93333333333334
2809,19135,Monroe County,15.460324245889694,4.0,161.0,138.0
2810,31147,Richardson County,4.540489897496345,9.0,345.0,125.22222222222223
2811,17021,Christian County,2.9166972312764794,12.0,345.0,224.25
2812,12089,Nassau County,3.0828312523804646,14.0,500.0,167.14285714285714
2813,12133,Washington County,8.933467219080317,16.0,230.0,129.375
2814,13007,Baker County,17.792856449598148,0.0,0.0,0.0
2815,13275,Thomas County,4.087459219505801,8.0,230.0,120.75
2816,21005,Anderson County,4.00185935578818,13.0,69.0,69.0
2817,21185,Oldham County,2.202188609143075,14.0,345.0,133.07142857142858
2818,13057,Cherokee County,0.512863107859872,31.0,500.0,145.96774193548387
2819,38065,Oliver County,5.599467598854129,18.0,345.0,198.05555555555554
2820,26133,Osceola County,8.289288372893989,9.0,69.0,69.0
2821,47109,McNairy County,6.241597618339721,9.0,161.0,161.0
2822,53001,Adams County,42.176561630608695,0.0,0.0,0.0
2823,29057,Dade County,8.842793246828215,6.0,345.0,191.66666666666666
2824,22101,St. Mary Parish,7.796825109630978,15.0,230.0,162.53333333333333
2825,50007,Chittenden County,2.7533077613423163,22.0,115.0,96.70454545454545
2826,69085,Northern Islands Municipality,5833.816331115603,0.0,0.0,0.0
2827,27079,Le Sueur County,8.682509046301371,26.0,345.0,90.23076923076923
2828,53017,Douglas County,19.53809418876819,3.0,500.0,500.0
2829,36009,Cattaraugus County,9.935690570936552,36.0,345.0,121.38888888888889
2830,55027,Dodge County,0.5396646751472177,38.0,345.0,94.42105263157895
2831,19105,Jones County,13.202334552041751,1.0,161.0,161.0
2832,20007,Barber County,10.313911780737582,10.0,345.0,163.3
2833,29169,Pulaski County,2.9780300285699837,20.0,161.0,96.6
2834,47151,Scott County,3.9780677750995617,7.0,161.0,134.71428571428572
2835,46031,Corson County,24.859263336753767,3.0,115.0,115.0
2836,46053,Gregory County,9.936442806111945,6.0,115.0,115.0
2837,37181,Vance County,1.4179603440863315,11.0,230.0,146.36363636363637
2838,21033,Caldwell County,2.05675301551648,18.0,161.0,115.0
2839,45011,Barnwell County,4.210019055761137,26.0,230.0,109.6923076923077
2840,47039,Decatur County,6.6691459887228275,2.0,161.0,161.0
2841,18009,Blackford County,4.16192490537653,1.0,345.0,345.0
2842,01055,Etowah County,2.4568785117859666,26.0,230.0,128.26923076923077
2843,16025,Camas County,69.32340966613683,0.0,0.0,0.0
2844,20155,Reno County,12.166842102080002,36.0,115.0,93.27777777777777
2845,40001,Adair County,5.308936287239147,13.0,161.0,83.15384615384616
2846,39085,Lake County,18.24689279067563,51.0,345.0,150.1764705882353
2847,51775,Salem city,5.527447140585576,0.0,0.0,0.0
2848,51121,Montgomery County,1.411155950286515,18.0,765.0,172.83333333333334
2849,47065,Hamilton County,4.599851025413592,36.0,500.0,179.83333333333334
2850,35035,Otero County,36.43183598345004,11.0,345.0,131.72727272727272
2851,35003,Catron County,54.877592410209296,1.0,345.0,345.0
2852,01091,Marengo County,1.552270370322286,21.0,230.0,120.47619047619048
2853,56023,Lincoln County,124.84409362962539,0.0,0.0,0.0
2854,29011,Barton County,24.81893331968784,1.0,161.0,161.0
2855,48057,Calhoun County,5.339306975598969,23.0,138.0,126.0
2856,51735,Poquoson city,12.057934313797883,0.0,0.0,0.0
2857,54075,Pocahontas County,20.52350231072762,0.0,0.0,0.0
2858,48077,Clay County,3.8589265803796935,11.0,345.0,108.72727272727273
2859,51095,James City County,2.684027193121956,15.0,500.0,194.33333333333334
2860,31101,Keith County,1.7599618798124832,13.0,345.0,141.53846153846155
2861,31137,Phelps County,6.279029006403112,26.0,115.0,72.53846153846153
2862,22019,Calcasieu Parish,1.23006665433198,143.0,500.0,109.08391608391608
2863,22111,Union Parish,15.567517135669352,7.0,500.0,225.0
2864,40135,Sequoyah County,0.8517312688803678,30.0,345.0,93.53333333333333
2865,42073,Lawrence County,2.1800368331760014,22.0,345.0,112.9090909090909
2866,39067,Harrison County,4.264571684026031,3.0,138.0,138.0
2867,37003,Alexander County,2.8334367568217487,9.0,100.0,100.0
2868,34009,Cape May County,1.8471846828740242,13.0,230.0,107.92307692307692
2869,33005,Cheshire County,3.303474037539804,20.0,345.0,117.3
2870,27089,Marshall County,8.131436308959254,8.0,115.0,103.5
2871,51101,King William County,13.603343048920557,5.0,230.0,184.0
2872,08055,Huerfano County,81.8514757417455,0.0,0.0,0.0
2873,48255,Karnes County,4.663349765742547,6.0,345.0,149.5
2874,47023,Chester County,5.9812564574885965,3.0,161.0,161.0
2875,17171,Scott County,4.113959360061037,12.0,345.0,115.0
2876,48003,Andrews County,0.8752447110888555,11.0,230.0,133.8181818181818
2877,39109,Miami County,5.698783677944776,16.0,345.0,133.6875
2878,31169,Thayer County,0.17937816332539872,6.0,115.0,99.66666666666667
2879,47033,Crockett County,9.316262604830095,1.0,500.0,500.0
2880,19079,Hamilton County,21.987004986413197,0.0,0.0,0.0
2881,39165,Warren County,5.803061241404259,53.0,345.0,131.49056603773585
2882,13255,Spalding County,0.8251619121717096,26.0,500.0,134.23076923076923
2883,34019,Hunterdon County,11.988458207813958,4.0,500.0,297.5
2884,29217,Vernon County,6.818134043784796,3.0,161.0,161.0
2885,18121,Parke County,3.479441983490423,10.0,345.0,156.4
2886,19069,Franklin County,6.493430916276616,8.0,161.0,161.0
2887,13035,Butts County,0.5396816773993063,5.0,500.0,192.0
2888,08039,Elbert County,73.63352234430083,0.0,0.0,0.0
2889,40145,Wagoner County,5.203466871058868,39.0,345.0,123.84615384615384
2890,30083,Richland County,48.440841639199405,0.0,0.0,0.0
2891,05003,Ashley County,6.668959806053792,11.0,115.0,115.0
2892,05041,Desha County,8.630712400215904,9.0,115.0,115.0
2893,72147,Vieques Municipio,174.78929651455718,0.0,0.0,0.0
2894,47135,Perry County,20.785292221201836,1.0,161.0,161.0
2895,48147,Fannin County,6.556458763688243,23.0,345.0,148.0
2896,20043,Doniphan County,14.613596393138806,2.0,115.0,92.0
2897,48265,Kerr County,15.412288841061681,2.0,138.0,138.0
2898,12053,Hernando County,1.165479917495781,42.0,230.0,108.42857142857143
2899,12129,Wakulla County,11.628757829706965,10.0,230.0,147.2
2900,12131,Walton County,2.3844921224010482,32.0,230.0,122.1875
2901,28017,Chickasaw County,9.451621067807421,9.0,161.0,109.88888888888889
2902,29025,Caldwell County,12.038412403666507,3.0,69.0,69.0
2903,12107,Putnam County,4.847095630852389,46.0,500.0,159.2391304347826
2904,18025,Crawford County,8.564350091403327,10.0,765.0,166.2
2905,29111,Lewis County,6.0757247252113755,14.0,161.0,82.14285714285714
2906,31075,Grant County,14.672297348452902,1.0,115.0,115.0
2907,21055,Crittenden County,3.458992784379611,14.0,161.0,82.14285714285714
2908,19147,Palo Alto County,15.685827372475895,4.0,69.0,69.0
2909,19159,Ringgold County,26.32498651001018,0.0,0.0,0.0
2910,37151,Randolph County,3.106565198307229,22.0,500.0,141.36363636363637
2911,24015,Cecil County,10.462224584021408,8.0,500.0,243.625
2912,18171,Warren County,16.52582108383467,3.0,69.0,69.0
2913,31077,Greeley County,5.123363767187898,1.0,115.0,115.0
2914,31095,Jefferson County,6.292690592071855,4.0,115.0,115.0
2915,31151,Saline County,9.408244027092936,3.0,345.0,268.3333333333333
2916,21119,Knott County,7.442631215681411,10.0,138.0,128.8
2917,19045,Clinton County,3.5917093105618525,16.0,161.0,106.375
2918,27063,Jackson County,0.15910773656755933,33.0,345.0,127.54545454545455
2919,27039,Dodge County,0.6261858838093253,11.0,161.0,85.72727272727273
2920,27047,Freeborn County,0.6615594531603247,55.0,161.0,79.03636363636363
2921,06009,Calaveras County,11.902830614932588,16.0,230.0,123.125
2922,25001,Barnstable County,7.80245359644652,34.0,345.0,121.76470588235294
2923,51119,Middlesex County,6.924753781401935,1.0,115.0,115.0
2924,42065,Jefferson County,18.33128037251554,9.0,138.0,122.66666666666667
2925,18089,Lake County,2.189884701858014,131.0,345.0,152.22137404580153
2926,21075,Fulton County,1.2053104895579028,14.0,69.0,69.0
2927,20079,Harvey County,1.752135559546949,14.0,345.0,101.85714285714286
2928,30021,Dawson County,22.540103805936518,1.0,69.0,69.0
2929,54091,Taylor County,2.2960230306739517,9.0,138.0,138.0
2930,26111,Midland County,2.9605090946134083,19.0,345.0,192.47368421052633
2931,28119,Quitman County,14.75066153202882,1.0,115.0,115.0
2932,21093,Hardin County,4.053203330853855,58.0,138.0,77.32758620689656
2933,17081,Jefferson County,1.7255821935579123,10.0,138.0,138.0
2934,46057,Hamlin County,4.051493134197883,11.0,230.0,102.45454545454545
2935,55069,Lincoln County,4.880760366839675,9.0,115.0,115.0
2936,36033,Franklin County,14.812163303020709,5.0,115.0,115.0
2937,51630,Fredericksburg city,2.700904164524874,2.0,115.0,115.0
2938,46007,Bennett County,4.397440401488665,2.0,115.0,115.0
2939,22115,Vernon Parish,6.574390253313326,11.0,230.0,110.81818181818181
2940,23019,Penobscot County,9.375883177724189,23.0,345.0,151.0
2941,24041,Talbot County,2.0392799803797614,16.0,138.0,73.3125
2942,13257,Stephens County,2.359614632371613,11.0,500.0,150.0
2943,06065,Riverside County,15.596996795571847,232.0,500.0,121.5646551724138
2944,05005,Baxter County,1.6748905192069736,22.0,161.0,102.45454545454545
2945,28007,Attala County,5.90670997554348,7.0,500.0,241.42857142857142
2946,19169,Story County,5.747318253954295,9.0,161.0,161.0
2947,20011,Bourbon County,2.416686131361839,12.0,345.0,92.0
2948,42031,Clarion County,1.5982534284532461,11.0,345.0,144.27272727272728
2949,46097,Miner County,4.418352467836531,5.0,69.0,69.0
2950,46073,Jerauld County,9.680864033684912,1.0,230.0,230.0
2951,18031,Decatur County,1.186125554162501,18.0,345.0,112.44444444444444
2952,18037,Dubois County,4.472169042256524,38.0,161.0,76.86842105263158
2953,51057,Essex County,17.654922970931008,0.0,0.0,0.0
2954,45089,Williamsburg County,5.391062576659424,34.0,230.0,135.97058823529412
2955,36031,Essex County,22.925705834805115,16.0,115.0,115.0
2956,19195,Worth County,8.615288531286014,7.0,161.0,108.42857142857143
2957,40063,Hughes County,4.551976830047235,16.0,345.0,138.0
2958,51027,Buchanan County,2.697917533293814,37.0,138.0,89.51351351351352
2959,51005,Alleghany County,0.49186639405602983,8.0,138.0,138.0
2960,28087,Lowndes County,3.3547718163192655,36.0,500.0,208.08333333333334
2961,18143,Scott County,2.7418005229487545,10.0,138.0,75.9
2962,08099,Prowers County,53.629976026711745,0.0,0.0,0.0
2963,48435,Sutton County,14.592928683423102,1.0,138.0,138.0
2964,72121,Sabana Grande Municipio,8.504542616525416,0.0,0.0,0.0
2965,40101,Muskogee County,4.305508346860871,62.0,345.0,119.45161290322581
2966,19005,Allamakee County,12.297939679919669,8.0,161.0,103.5
2967,48061,Cameron County,4.564451665814616,43.0,345.0,138.93023255813952
2968,48339,Montgomery County,0.7913581486892931,52.0,345.0,141.09615384615384
2969,08071,Las Animas County,60.47539274622428,0.0,0.0,0.0
2970,48299,Llano County,6.878649125407547,14.0,138.0,123.21428571428571
2971,48319,Mason County,5.198532503893101,4.0,138.0,103.5
2972,37043,Clay County,6.572676284206531,3.0,161.0,99.66666666666667
2973,36071,Orange County,4.335617021077253,43.0,345.0,133.72093023255815
2974,36093,Schenectady County,4.123507206128817,14.0,115.0,115.0
2975,54059,Mingo County,2.8127885463558266,12.0,138.0,122.66666666666667
2976,51065,Fluvanna County,4.961192404731072,9.0,500.0,238.88888888888889
2977,17097,Lake County,16.512505442480272,83.0,345.0,182.89156626506025
2978,13195,Madison County,4.311782882521969,9.0,230.0,140.55555555555554
2979,05039,Dallas County,17.861155846980854,5.0,500.0,192.0
2980,08057,Jackson County,72.14938000806667,0.0,0.0,0.0
2981,08063,Kit Carson County,59.033481157228216,0.0,0.0,0.0
2982,16073,Owyhee County,79.40617635375858,1.0,500.0,500.0
2983,55141,Wood County,6.836336902416843,29.0,138.0,95.17241379310344
2984,36013,Chautauqua County,5.6598492645607354,52.0,230.0,117.21153846153847
2985,13067,Cobb County,2.297781491155288,121.0,500.0,149.54545454545453
2986,26041,Delta County,12.96546484141334,31.0,138.0,80.12903225806451
2987,05131,Sebastian County,2.7570810356474333,57.0,500.0,126.59649122807018
2988,06087,Santa Cruz County,1.9138850957831013,22.0,115.0,70.0
2989,13191,McIntosh County,6.3387378171797435,4.0,115.0,115.0
2990,13207,Monroe County,3.177460243587918,9.0,115.0,115.0
2991,29069,Dunklin County,4.733962789730179,13.0,345.0,161.0
2992,48483,Wheeler County,0.8759304044014843,7.0,230.0,98.57142857142857
2993,13117,Forsyth County,1.109598274383621,21.0,230.0,142.38095238095238
2994,48409,San Patricio County,3.4207737580280515,13.0,138.0,132.69230769230768
2995,28147,Walthall County,2.4033284501516774,6.0,500.0,179.16666666666666
2996,29137,Monroe County,15.030583822794636,5.0,69.0,69.0
2997,26073,Isabella County,21.318524277458533,1.0,138.0,138.0
2998,48341,Moore County,6.612256678464243,17.0,345.0,136.64705882352942
2999,45017,Calhoun County,3.6461642944210593,18.0,230.0,127.77777777777777
3000,56035,Sublette County,105.22493231075488,0.0,0.0,0.0
3001,29095,Jackson County,2.015658146915969,80.0,345.0,163.3
3002,13281,Towns County,4.500501531407832,5.0,69.0,69.0
3003,26149,St. Joseph County,11.166013195414823,10.0,138.0,124.2
3004,17055,Franklin County,1.4823100323679381,21.0,345.0,112.80952380952381
3005,30033,Garfield County,132.71568714245413,0.0,0.0,0.0
3006,31001,Adams County,4.462415542498176,30.0,345.0,98.13333333333334
3007,27109,Olmsted County,2.204293943032934,65.0,345.0,107.21538461538462
3008,34039,Union County,2.1295905889543842,19.0,345.0,237.26315789473685
3009,72139,Trujillo Alto Municipio,114.51050318406143,0.0,0.0,0.0
3010,01097,Mobile County,0.3539403635226653,174.0,230.0,131.52298850574712
3011,46087,McCook County,4.077209921582712,18.0,230.0,80.5
3012,01057,Fayette County,8.01299410250788,19.0,500.0,178.8421052631579
3013,01017,Chambers County,0.9584966228710713,22.0,115.0,115.0
3014,37131,Northampton County,0.8141081980055819,12.0,230.0,201.25
3015,08081,Moffat County,67.55983825025326,0.0,0.0,0.0
3016,21087,Green County,2.6910015023762135,8.0,69.0,69.0
3017,18047,Franklin County,2.1537535445690135,22.0,138.0,81.54545454545455
3018,37013,Beaufort County,17.33156408148254,9.0,230.0,230.0
3019,72073,Jayuya Municipio,49.60643744362272,0.0,0.0,0.0
3020,38015,Burleigh County,6.089690780839405,70.0,230.0,131.42857142857142
3021,37159,Rowan County,2.4095785802996588,80.0,500.0,118.0
3022,26071,Iron County,21.874584385461336,6.0,138.0,92.0
3023,27067,Kandiyohi County,3.1651208213636735,30.0,115.0,72.06666666666666
3024,21237,Wolfe County,4.19663946965253,3.0,69.0,69.0
3025,48149,Fayette County,7.565364969747497,21.0,345.0,197.14285714285714
3026,46081,Lawrence County,2.02467815504402,28.0,69.0,69.0
3027,23029,Washington County,32.5965368841347,5.0,115.0,115.0
3028,48045,Briscoe County,13.606542414647835,13.0,345.0,153.92307692307693
3029,26131,Ontonagon County,22.58778396627869,10.0,69.0,69.0
3030,28015,Carroll County,5.382440392471361,6.0,115.0,115.0
3031,38033,Golden Valley County,7.178866348243079,2.0,69.0,69.0
3032,56027,Niobrara County,69.49012782953771,0.0,0.0,0.0
3033,27117,Pipestone County,1.2556421489433847,17.0,115.0,77.11764705882354
3034,51099,King George County,5.388469585803604,5.0,230.0,230.0
3035,53025,Grant County,11.540134474187978,5.0,500.0,423.0
3036,27129,Renville County,9.57941747225761,27.0,230.0,87.74074074074075
3037,12001,Alachua County,3.9314332007094976,48.0,230.0,122.66666666666667
3038,13241,Rabun County,2.915237505352933,5.0,115.0,115.0
3039,54097,Upshur County,7.189913446557088,7.0,138.0,138.0
3040,29215,Texas County,3.97464206484954,9.0,69.0,69.0
3041,05119,Pulaski County,0.43878682904650307,68.0,500.0,133.33823529411765
3042,19047,Crawford County,2.0144819704031565,32.0,161.0,74.75
3043,16005,Bannock County,91.02806532919504,0.0,0.0,0.0
3044,39055,Geauga County,10.38937660181321,22.0,345.0,166.22727272727272
3045,72035,Cayey Municipio,95.85636897739884,0.0,0.0,0.0
3046,06107,Tulare County,9.70711093170998,90.0,230.0,75.06666666666666
3047,72015,Arroyo Municipio,108.45956120048609,0.0,0.0,0.0
3048,72125,San Germán Municipio,1.5162935084305558,3.0,115.0,63.666666666666664
3049,36117,Wayne County,15.521877390623517,20.0,345.0,138.0
3050,51163,Rockbridge County,2.7899752663439044,15.0,230.0,130.33333333333334
3051,38095,Towner County,11.688829211785741,16.0,115.0,67.9
3052,42045,Delaware County,0.6039291892693429,41.0,230.0,176.14634146341464
3053,36063,Niagara County,18.730607170676414,138.0,345.0,122.5
3054,20117,Marshall County,8.303770251331565,4.0,115.0,115.0
3055,48505,Zapata County,12.93800106677426,1.0,345.0,345.0
3056,13177,Lee County,5.308158606686672,6.0,230.0,134.16666666666666
3057,21019,Boyd County,1.7934388847021057,29.0,765.0,128.68965517241378
3058,27019,Carver County,1.6420629916986704,24.0,115.0,99.66666666666667
3059,31037,Colfax County,9.81543810059474,3.0,115.0,115.0
3060,45025,Chesterfield County,4.3351658070694326,36.0,230.0,99.02777777777777
3061,17083,Jersey County,19.735392332734612,0.0,0.0,0.0
3062,51085,Hanover County,3.2848630098206737,19.0,500.0,197.89473684210526
3063,20199,Wallace County,6.714280127351361,4.0,115.0,103.5
3064,26003,Alger County,61.62209760537057,10.0,138.0,75.9
3065,05049,Fulton County,3.7240039674800434,8.0,161.0,103.5
3066,48215,Hidalgo County,4.10603367526538,41.0,345.0,145.70731707317074
3067,37155,Robeson County,1.0073869361547376,49.0,230.0,136.12244897959184
3068,26123,Newaygo County,8.41461930688295,12.0,345.0,149.5
3069,41049,Morrow County,45.964262632693725,2.0,500.0,500.0
3070,27153,Todd County,1.4270649223813878,10.0,115.0,105.8
3071,05083,Logan County,5.442967923551982,13.0,161.0,139.76923076923077
3072,37109,Lincoln County,3.019030137943879,22.0,230.0,135.45454545454547
3073,05091,Miller County,2.759816991271455,16.0,138.0,77.625
3074,12095,Orange County,1.4845682235347992,135.0,230.0,125.73333333333333
3075,08111,San Juan County,77.80438739946224,0.0,0.0,0.0
3076,16041,Franklin County,43.732531048410635,0.0,0.0,0.0
3077,13045,Carroll County,2.0630813604750124,32.0,500.0,134.21875
3078,20161,Riley County,14.883031018748275,8.0,230.0,143.75
3079,48413,Schleicher County,4.054650218590635,10.0,345.0,138.0
3080,51167,Russell County,6.450528148313438,10.0,138.0,138.0
3081,37027,Caldwell County,7.564845113503039,12.0,230.0,143.33333333333334
3082,16065,Madison County,42.6453560531152,0.0,0.0,0.0
3083,18173,Warrick County,6.255854696903475,56.0,138.0,99.80357142857143
3084,21001,Adair County,0.5452466230907349,7.0,69.0,69.0
3085,21077,Gallatin County,1.6900711302489326,8.0,345.0,129.375
3086,21097,Harrison County,5.539493879986417,9.0,138.0,76.66666666666667
3087,22079,Rapides Parish,4.629043172037528,24.0,230.0,184.0
3088,31111,Lincoln County,0.7545387845743772,56.0,345.0,107.19642857142857
3089,48067,Cass County,1.620133424946047,18.0,345.0,140.55555555555554
3090,47079,Henry County,1.67621425206714,27.0,161.0,89.44444444444444
3091,51840,Winchester city,3.2135219683858485,0.0,0.0,0.0
3092,37061,Duplin County,5.077196445095111,29.0,230.0,118.96551724137932
3093,37087,Haywood County,1.351988129913105,27.0,115.0,115.0
3094,27037,Dakota County,3.0917609300285434,119.0,345.0,104.17647058823529
3095,41025,Harney County,61.16188421204196,1.0,500.0,500.0
3096,72095,Maunabo Municipio,124.1254766345538,0.0,0.0,0.0
3097,55001,Adams County,2.2564532358102145,24.0,138.0,77.625
3098,27095,Mille Lacs County,2.7806565583995733,19.0,69.0,69.0
3099,38099,Walsh County,3.8778397209537654,28.0,230.0,71.57142857142857
3100,39115,Morgan County,13.679816263250853,6.0,138.0,138.0
3101,39133,Portage County,3.727705282881748,10.0,345.0,200.1
3102,56041,Uinta County,73.27671482142637,0.0,0.0,0.0
3103,32013,Humboldt County,21.92221289836697,9.0,120.0,120.0
3104,13307,Webster County,16.453364058738334,0.0,0.0,0.0
3105,13169,Jones County,8.068654335943705,12.0,230.0,124.58333333333333
3106,13135,Gwinnett County,1.146851478964699,112.0,500.0,151.65178571428572
3107,55095,Polk County,2.8892383343928323,43.0,161.0,77.55813953488372
3108,55045,Green County,2.8916621610588664,27.0,138.0,79.22222222222223
3109,72107,Orocovis Municipio,66.15223212473875,0.0,0.0,0.0
3110,36079,Putnam County,5.768284047097492,8.0,345.0,172.5
3111,51700,Newport News city,4.967049115142684,14.0,230.0,156.07142857142858
3112,08011,Bent County,112.4834080958494,0.0,0.0,0.0
3113,40065,Jackson County,6.320739705160226,15.0,138.0,96.6
3114,30089,Sanders County,16.167740791047837,2.0,500.0,284.5
3115,48173,Glasscock County,7.59443347656792,9.0,345.0,184.0
3116,05047,Franklin County,2.2437916780318123,24.0,161.0,134.16666666666666
3117,30037,Golden Valley County,59.66396561228759,0.0,0.0,0.0
3118,37101,Johnston County,2.9403337924156436,29.0,230.0,182.41379310344828
3119,06085,Santa Clara County,4.494541741758138,121.0,500.0,125.9504132231405
3120,45019,Charleston County,3.076277095482837,116.0,230.0,121.9396551724138
3121,53005,Benton County,18.076368594086343,5.0,500.0,500.0
3122,29001,Adair County,1.7124267654728436,11.0,161.0,77.36363636363636
3123,39043,Erie County,9.815266436194827,15.0,138.0,128.8
3124,17183,Vermilion County,4.745662475637081,10.0,345.0,200.1
3125,29189,St. Louis County,2.1249588411877007,75.0,345.0,151.8
3126,17007,Boone County,4.1324303947403935,7.0,345.0,167.57142857142858
3127,06103,Tehama County,0.30793237135378604,30.0,500.0,117.66666666666667
3128,55025,Dane County,0.7501702368265675,128.0,345.0,92.71875
3129,48151,Fisher County,13.442807588392636,1.0,138.0,138.0
3130,22085,Sabine Parish,10.777290633290104,5.0,230.0,174.8
3131,17137,Morgan County,1.4663069739454988,25.0,138.0,93.84
3132,22067,Morehouse Parish,0.7468179115382193,12.0,115.0,115.0
3133,21029,Bullitt County,1.127138983880633,32.0,345.0,87.6875
3134,01047,Dallas County,8.403593892620808,29.0,115.0,115.0
3135,48093,Comanche County,7.659305552193923,4.0,138.0,74.75
3136,30053,Lincoln County,105.63203080284758,0.0,0.0,0.0
3137,72129,San Lorenzo Municipio,115.08526169830508,0.0,0.0,0.0
3138,72135,Toa Alta Municipio,87.22975208318832,0.0,0.0,0.0
3139,27021,Cass County,22.244633141537875,24.0,250.0,115.83333333333333
3140,08007,Archuleta County,65.07722992923779,0.0,0.0,0.0
3141,16063,Lincoln County,111.21450584170289,0.0,0.0,0.0
3142,42071,Lancaster County,1.2356990332751525,183.0,500.0,106.16939890710383
3143,55057,Juneau County,6.529462826470719,34.0,69.0,69.0
3144,02090,Fairbanks North Star Borough,28.62610185201396,11.0,138.0,138.0
3145,21101,Henderson County,0.9494215016990484,58.0,345.0,89.22413793103448
3146,12093,Okeechobee County,32.636698634483984,0.0,0.0,0.0
3147,13291,Union County,5.84094878113876,7.0,161.0,95.28571428571429
3148,19013,Black Hawk County,5.036797884366431,20.0,345.0,161.0
3149,48403,Sabine County,6.49767885488759,3.0,138.0,76.66666666666667
3150,39131,Pike County,1.0970441739998713,16.0,345.0,202.6875
3151,01125,Tuscaloosa County,1.6832256268407653,105.0,230.0,121.79047619047618
3152,01131,Wilcox County,7.020426879237373,14.0,115.0,115.0
3153,28097,Montgomery County,11.949747205206428,3.0,115.0,115.0
3154,31099,Kearney County,1.481998686989401,26.0,115.0,76.07692307692308
3155,31087,Hitchcock County,1.754522661657647,12.0,69.0,69.0
3156,10003,New Castle County,2.8248817173492538,74.0,500.0,150.97297297297297
3157,16081,Teton County,67.00230127825624,0.0,0.0,0.0
3158,17161,Rock Island County,0.25306726899269205,43.0,345.0,139.6046511627907
3159,51073,Gloucester County,16.126498995554655,4.0,230.0,230.0
3160,05133,Sevier County,1.976581126108349,10.0,138.0,96.6
3161,18017,Cass County,7.3420037017720166,4.0,345.0,258.75
3162,16077,Power County,112.71932349693348,0.0,0.0,0.0
3163,18015,Carroll County,17.77749298162259,3.0,69.0,69.0
3164,42101,Philadelphia County,0.3913779191607504,53.0,230.0,165.77358490566039
3165,56043,Washakie County,116.70954778466327,0.0,0.0,0.0
3166,37029,Camden County,1.4382816013200328,1.0,230.0,230.0
3167,36109,Tompkins County,1.0719705639214598,8.0,115.0,115.0
3168,05069,Jefferson County,3.125732074188701,34.0,230.0,121.76470588235294
3169,05079,Lincoln County,15.936973434631929,1.0,115.0,115.0
3170,22065,Madison Parish,8.78422554341682,3.0,115.0,115.0
3171,30105,Valley County,163.11799531287895,0.0,0.0,0.0
3172,13313,Whitfield County,1.4055682720297944,43.0,500.0,161.93023255813952
3173,20203,Wichita County,1.7955500626966165,4.0,115.0,115.0
3174,46023,Charles Mix County,16.095448320222825,16.0,230.0,107.8125
3175,31027,Cedar County,1.862701077938627,22.0,115.0,75.27272727272727
3176,53035,Kitsap County,24.075258266019365,0.0,0.0,0.0
3177,17111,McHenry County,4.83969255270253,34.0,345.0,162.35294117647058
3178,30069,Petroleum County,134.84527119661308,0.0,0.0,0.0
3179,29033,Carroll County,13.056779319276844,3.0,161.0,99.66666666666667
3180,53075,Whitman County,27.968603233580133,2.0,500.0,500.0
3181,27147,Steele County,3.3085013374086323,26.0,161.0,79.61538461538461
3182,21117,Kenton County,1.981113399411616,47.0,345.0,86.61702127659575
3183,19037,Chickasaw County,9.076582905609735,3.0,345.0,191.66666666666666
3184,17037,DeKalb County,1.4256551927046015,12.0,138.0,138.0
3185,19081,Hancock County,4.11266152766735,11.0,69.0,69.0
3186,38089,Stark County,8.606490040824838,10.0,230.0,161.0
3187,26095,Luce County,42.117097690506014,4.0,69.0,69.0
3188,40019,Carter County,8.682081015018166,42.0,345.0,147.85714285714286
3189,37139,Pasquotank County,3.4066089165082887,6.0,230.0,230.0
3190,35055,Taos County,31.035053032026422,3.0,345.0,191.66666666666666
3191,28011,Bolivar County,3.566321696465041,11.0,115.0,115.0
3192,32023,Nye County,44.713376289787234,16.0,230.0,153.0
3193,21069,Fleming County,2.7920613855097574,14.0,345.0,118.28571428571429
3194,55019,Clark County,2.1515493574919824,38.0,345.0,77.47368421052632
3195,45091,York County,3.9528257304400802,117.0,230.0,115.55555555555556
3196,18001,Adams County,9.288425030891261,3.0,765.0,324.0
3197,22005,Ascension Parish,4.1366670110719035,26.0,230.0,208.76923076923077
3198,28155,Webster County,8.230592524339176,1.0,161.0,161.0
3199,25011,Franklin County,0.7069220159445786,34.0,345.0,117.02941176470588
3200,31031,Cherry County,43.224788126854016,4.0,115.0,115.0
3201,30001,Beaverhead County,147.26568171532534,0.0,0.0,0.0
3202,29143,New Madrid County,5.86493046395218,26.0,500.0,159.8846153846154
3203,05057,Hempstead County,2.8883570373421725,19.0,138.0,113.78947368421052
3204,29029,Camden County,1.5309752920059583,12.0,161.0,122.66666666666667
3205,51031,Campbell County,8.563322492444051,16.0,765.0,167.125
3206,39105,Meigs County,5.571877308899417,11.0,765.0,195.0
3207,54067,Nicholas County,6.696405732430897,15.0,138.0,133.4
3208,40053,Grant County,0.8165835572784383,22.0,345.0,119.18181818181819
3209,46115,Spink County,3.1766448560213694,26.0,115.0,76.07692307692308
3210,50027,Windsor County,9.905944115879967,46.0,115.0,55.0
3211,48455,Trinity County,11.485631634746586,3.0,138.0,138.0
3212,35001,Bernalillo County,2.989423163977628,109.0,345.0,117.11009174311927
3213,13205,Mitchell County,3.316806227381811,7.0,230.0,213.57142857142858
3214,15001,Hawaii County,42.12918885596415,38.0,69.0,69.0
3215,21147,McCreary County,1.8590494815421608,11.0,161.0,85.72727272727273
3216,21191,Pendleton County,7.733723004410722,12.0,138.0,103.5
3217,21215,Spencer County,3.7550704682965073,7.0,161.0,121.57142857142857
3218,30041,Hill County,259.20589595822145,0.0,0.0,0.0
3219,31175,Valley County,10.895417543640779,1.0,115.0,115.0
3220,48069,Castro County,0.9072759006513401,22.0,345.0,117.0909090909091
3221,24043,Washington County,1.5854219207453788,16.0,138.0,138.0
3222,21133,Letcher County,3.669251900929028,7.0,138.0,59.142857142857146
3223,34033,Salem County,3.3170134775469595,15.0,500.0,236.06666666666666
3224,47119,Maury County,1.4401234611614195,27.0,161.0,161.0
3225,56015,Goshen County,14.7412224376102,1.0,34.5,34.5
3226,55107,Rusk County,1.4793970098537852,28.0,345.0,87.07142857142857
3227,55133,Waukesha County,4.100634789962043,20.0,345.0,173.65
3228,21079,Garrard County,2.328877397392057,15.0,345.0,92.0
3229,53009,Clallam County,82.41292221418823,0.0,0.0,0.0
3230,53065,Stevens County,71.4661424432125,0.0,0.0,0.0
3231,19177,Van Buren County,6.011056509756944,8.0,69.0,69.0
3232,31073,Gosper County,2.795925832895207,19.0,115.0,93.21052631578948
3233,28095,Monroe County,7.967100485723432,17.0,161.0,139.35294117647058
3234,12033,Escambia County,3.4363912816789015,47.0,230.0,137.0212765957447
